IMU,nth_pos,acc.x,acc.y,acc.z,gyr.x,gyr.y,gyr.z,mag.x,mag.y,mag.z,mag.norm,nsecs,secs
1.0,0,-0.05746171623468399,0.08858681470155716,10.855476379394531,-0.015979209914803505,0.03089314140379429,-0.0015979211311787367,15.882987022399902,14.185044288635254,9.614835739135742,23.365141226083555,553923290,1720697910
1.0,0,-0.05746171623468399,0.1412600576877594,10.77167797088623,-0.01145176775753498,0.030360499396920204,-0.002663201652467251,15.882987022399902,14.185044288635254,9.614835739135742,23.365141226083555,565923290,1720697910
1.0,0,-0.19632753729820251,0.13407734036445618,10.812379837036133,-0.014114969410002232,0.03089314140379429,0.0031958422623574734,16.23206329345703,13.484548568725586,11.30164909362793,23.93825810497947,578923290,1720697910
1.0,0,0.5458863377571106,-5.715046405792236,9.021490097045898,0.035686902701854706,0.22237734496593475,-0.2700486481189728,16.406600952148438,15.761160850524902,9.783516883850098,24.765054992382648,591923290,1720697910
1.0,0,-33.710872650146484,13.558570861816406,11.884998321533203,-0.17870083451271057,0.2319648712873459,-0.31319254636764526,16.755678176879883,14.36016845703125,10.795604705810547,24.566486729803323,603923290,1720697910
1.0,0,-35.180938720703125,-7.278484344482422,6.569789886474609,-0.024235136806964874,0.5949592590332031,-0.3635270595550537,16.23206329345703,16.987028121948242,9.614835739135742,25.38669079398135,616923290,1720697910
1.0,0,3.3327796459198,-1.4868218898773193,14.628795623779297,-0.23729127645492554,0.2769729793071747,-0.2916206121444702,16.93021583557129,15.235788345336914,9.277472496032715,24.593351757285472,628923290,1720697910
1.0,0,-39.22719955444336,-7.510725498199463,2.015948534011841,-0.04261122643947601,1.0463719367980957,-0.7100095748901367,16.581140518188477,15.586036682128906,10.964285850524902,25.260133106391187,641923290,1720697910
1.0,0,16.177867889404297,-10.968005180358887,17.573707580566406,-0.3765767216682434,0.7187981605529785,-0.7451638579368591,15.010294914245605,15.761160850524902,11.132966995239258,24.447210452029758,653923290,1720697910
1.0,0,-25.630319595336914,-3.1915197372436523,7.261724948883057,-0.2721792161464691,0.8349137306213379,-0.7630072832107544,17.279293060302734,16.28653335571289,9.952198028564453,25.74628872304389,666923290,1720697910
1.0,0,-2.734220027923584,-11.480372428894043,10.089320182800293,-0.2894900441169739,0.8434359431266785,-0.8740627765655518,16.93021583557129,14.885540008544922,10.626923561096191,24.92274089979675,678923290,1720697910
1.0,0,24.576854705810547,4.134849548339844,10.345503807067871,-0.3491457402706146,0.8311852216720581,-0.9041569828987122,15.359371185302734,16.111408233642578,10.120879173278809,24.452401798578038,691923290,1720697910
1.0,0,8.688690185546875,0.39265507459640503,9.229788780212402,-0.4564727544784546,0.7515555024147034,-1.0413118600845337,17.977445602416992,14.885540008544922,9.614835739135742,25.243076635474043,703923290,1720697910
1.0,0,-12.758895874023438,-6.70865535736084,10.515494346618652,-0.6325104236602783,0.8980316519737244,-0.9893794655799866,17.62837028503418,15.586036682128906,9.277472496032715,25.29338795570074,716923290,1720697910
1.0,0,-7.003147125244141,-2.3367764949798584,10.982370376586914,-0.5845727920532227,0.7462291121482849,-0.8013573884963989,17.62837028503418,14.885540008544922,10.289560317993164,25.26289357516053,728923290,1720697910
1.0,0,9.301615715026855,-4.070204734802246,13.50110912322998,-0.5371677875518799,0.5712567567825317,-0.827989399433136,17.45383071899414,16.811904907226562,8.771429061889648,25.77235575504681,741923290,1720697910
1.0,0,26.743642807006836,3.7038865089416504,14.813151359558105,-0.6359725594520569,0.48337113857269287,-0.7883077263832092,16.581140518188477,18.388019561767578,9.614835739135742,26.561222686059104,753923290,1720697910
1.0,0,-9.35189437866211,-5.475622653961182,9.280067443847656,-0.6397010684013367,0.6769858598709106,-0.8935042023658752,17.279293060302734,16.28653335571289,9.614835739135742,25.617771247732243,766923290,1720697910
1.0,0,-1.7932844161987305,-4.8387556076049805,10.484369277954102,-0.6996230483055115,0.5715230703353882,-0.8913735747337341,19.722829818725586,16.28653335571289,10.964285850524902,27.829063028014083,778923290,1720697910
1.0,0,0.3950493037700653,-4.582571983337402,9.821165084838867,-0.6439622044563293,0.4602012634277344,-0.8000257611274719,17.45383071899414,18.56314468383789,10.120879173278809,27.416395506348227,791923290,1720697910
1.0,0,0.7015117406845093,-2.916182041168213,10.867447853088379,-0.7550176978111267,0.3890937566757202,-0.7781875133514404,19.548290252685547,17.862648010253906,10.120879173278809,28.348580934176887,803923290,1720697910
1.0,0,0.7015117406845093,-2.916182041168213,10.867447853088379,-0.7550176978111267,0.3890937566757202,-0.7781875133514404,16.755678176879883,19.263641357421875,11.132966995239258,27.85289183606668,816923290,1720697910
1.0,0,3.225038766860962,-0.9768491983413696,12.926492691040039,-0.8050858974456787,0.3483467996120453,-0.7968299984931946,16.406600952148438,18.913393020629883,11.470330238342285,27.540179123100824,828923290,1720697910
1.0,0,-2.197910785675049,-2.760556697845459,9.124442100524902,-0.8149397373199463,0.40560561418533325,-0.8620784282684326,18.675600051879883,19.438764572143555,10.289560317993164,28.853399399838814,841923290,1720697910
1.0,0,2.9257590770721436,-2.015948534011841,10.292829513549805,-0.8492950201034546,0.3110619783401489,-0.8687363862991333,16.23206329345703,19.789012908935547,11.63901138305664,28.116747618594417,853923290,1720697910
1.0,0,-3.1029326915740967,-1.0343109369277954,10.922514915466309,-0.8468981385231018,0.2314322292804718,-0.8341147899627686,16.23206329345703,19.789012908935547,11.63901138305664,28.116747618594417,866923290,1720697910
1.0,0,-0.560251772403717,-6.938502311706543,9.811588287353516,-0.8990969061851501,0.18988628685474396,-0.7731274366378784,16.23206329345703,19.789012908935547,11.63901138305664,28.116747618594417,878923290,1720697910
1.0,0,-4.843544006347656,-6.090941905975342,8.011120796203613,-0.9574210047721863,0.20666444301605225,-0.8434359431266785,16.23206329345703,19.789012908935547,11.63901138305664,28.116747618594417,891923290,1720697910
1.0,0,8.274487495422363,0.7302426099777222,12.560173988342285,-0.8735301494598389,0.05592723563313484,-0.8759270310401917,15.882987022399902,21.190004348754883,12.65109920501709,29.348524190309103,903923290,1720697910
1.0,0,-3.615299701690674,-2.4852192401885986,10.240157127380371,-0.9227993488311768,0.07137380540370941,-0.8476970791816711,16.581140518188477,21.540252685546875,12.65109920501709,29.982778686044178,916923290,1720697910
1.0,0,3.2346158027648926,-4.07499361038208,9.505125999450684,-0.9425070881843567,0.038616426289081573,-0.9022927284240723,16.93021583557129,22.24074935913086,12.313736915588379,30.54359600834572,928923290,1720697910
1.0,0,1.731034278869629,-0.871502697467804,11.928094863891602,-0.9563557505607605,-0.0631178766489029,-0.8857808709144592,16.23206329345703,22.94124412536621,11.976373672485352,30.54855294650542,941923290,1720697910
1.0,0,1.649630069732666,-3.770925283432007,10.991947174072266,-0.9339848160743713,-0.11904511600732803,-0.8913735747337341,15.184833526611328,23.291492462158203,13.325824737548828,30.83261901430918,953923290,1720697910
1.0,0,-2.013554334640503,-7.115676403045654,8.516304969787598,-1.001630187034607,-0.12330623716115952,-0.9044232964515686,13.963065147399902,22.41587257385254,13.831868171691895,29.812063140225494,966923290,1720697910
1.0,0,2.9018168449401855,-1.8962366580963135,10.431695938110352,-0.9576873183250427,-0.1725754737854004,-0.9275931715965271,15.70844841003418,21.715375900268555,12.145055770874023,29.42473927868028,978923290,1720697910
1.0,0,1.4437257051467896,-3.3136258125305176,10.704639434814453,-0.9318543076515198,-0.2551347315311432,-0.9297237396240234,14.486680030822754,23.991989135742188,15.350000381469727,31.954685927358614,991923290,1720697910
1.0,0,2.422969102859497,-7.01511812210083,8.966422080993652,-0.9475671648979187,-0.2950827479362488,-0.9576873183250427,12.9158353805542,23.466615676879883,13.831868171691895,30.14666535494471,3923290,1720697911
1.0,0,-0.9983972907066345,-5.236199378967285,9.737366676330566,-0.9888468384742737,-0.337693989276886,-0.9363817572593689,12.741296768188477,24.69248390197754,13.663187026977539,30.963560588514966,16923290,1720697911
1.0,0,5.375064849853516,0.7613677382469177,11.552199363708496,-0.8993632197380066,-0.4327702522277832,-0.9377133250236511,12.56675910949707,24.51736068725586,14.506593704223633,31.136243679746396,29923290,1720697911
1.0,0,0.7134829759597778,-4.400609970092773,10.470004081726074,-0.9425070881843567,-0.4428904354572296,-0.9552904367446899,13.090373992919922,24.69248390197754,16.362089157104492,32.385098642878496,41923290,1720697911
1.0,0,3.2178561687469482,-0.878685474395752,10.307195663452148,-0.8863134980201721,-0.49189335107803345,-0.9720686078071594,11.51952838897705,25.217857360839844,14.843955993652344,31.44809841178954,54923290,1720697911
1.0,0,0.9385414123535156,-6.205865383148193,9.076557159423828,-0.9105486869812012,-0.5281128883361816,-0.9715359807014465,11.868605613708496,24.86760902404785,15.85604476928711,31.79112979295162,66923290,1720697911
1.0,0,2.05904483795166,-2.8539319038391113,10.003128051757812,-0.8658068180084229,-0.6109384894371033,-1.01627779006958,10.64683723449707,26.093477249145508,16.699451446533203,32.75814977474563,79923290,1720697911
1.0,0,2.6169025897979736,-1.4054179191589355,10.216214179992676,-0.8362453579902649,-0.6559465527534485,-1.0002985000610352,9.425068855285645,24.86760902404785,17.205495834350586,31.674263817895387,91923290,1720697911
1.0,0,2.8802685737609863,-2.530709743499756,9.335135459899902,-0.8237283229827881,-0.6908345222473145,-1.0109513998031616,8.901453971862793,25.743228912353516,17.374176025390625,32.30807500004116,104923290,1720697911
1.0,0,2.47324800491333,-4.975227355957031,9.742155075073242,-0.8285220861434937,-0.7329131364822388,-1.0200062990188599,8.377839088439941,25.217857360839844,16.868131637573242,31.474789635610843,116923290,1720697911
1.0,0,3.5434725284576416,-4.043868541717529,10.778861045837402,-0.7864434719085693,-0.802156388759613,-1.0429097414016724,6.806994438171387,25.743228912353516,17.711538314819336,31.9804252253225,129923290,1720697911
1.0,0,4.491590976715088,0.5291266441345215,11.30080509185791,-0.6990904211997986,-0.845832884311676,-1.0045596361160278,8.203300476074219,26.093477249145508,18.38626480102539,32.95782800771099,141923290,1720697911
1.0,0,1.0630418062210083,-5.217044830322266,7.814793586730957,-0.7417016625404358,-0.860214114189148,-1.0687428712844849,4.712534427642822,25.743228912353516,17.711538314819336,31.60095576154092,154923290,1720697911
1.0,0,2.166785478591919,-6.165163516998291,9.507519721984863,-0.7001556754112244,-0.8982979655265808,-1.0809935331344604,4.537996292114258,25.217857360839844,19.904396057128906,32.44562717251673,166923290,1720697911
1.0,0,5.303237438201904,2.832383871078491,12.064565658569336,-0.5891002416610718,-0.9715359807014465,-1.0730040073394775,4.537996292114258,25.217857360839844,19.904396057128906,32.44562717251673,179923290,1720697911
1.0,0,3.581780433654785,-3.9361279010772705,9.256125450134277,-0.5952255725860596,-0.9907110333442688,-1.0791293382644653,4.537996292114258,25.217857360839844,19.904396057128906,32.44562717251673,191923290,1720697911
1.0,0,3.89542555809021,-2.5666234493255615,10.486763954162598,-0.5661966800689697,-1.0495678186416626,-1.0993696451187134,4.537996292114258,25.217857360839844,19.904396057128906,32.44562717251673,204923290,1720697911
1.0,0,3.5003764629364014,-2.3104398250579834,8.7892484664917,-0.5142642855644226,-1.059954285621643,-1.104163408279419,0.17453831434249878,26.093477249145508,21.422527313232422,33.76128989036167,216923290,1720697911
1.0,0,3.790079116821289,-3.7230403423309326,9.885809898376465,-0.45380955934524536,-1.1033644676208496,-1.1121530532836914,1.3963065147399902,24.86760902404785,21.928571701049805,33.184482929587645,229923290,1720697911
1.0,0,3.794867515563965,-2.8275954723358154,8.485180854797363,-0.42744386196136475,-1.1190773248672485,-1.1275995969772339,0.5236149430274963,25.04273223876953,22.434616088867188,33.62624881913127,241923290,1720697911
1.0,0,3.452491521835327,-6.6464056968688965,8.7677001953125,-0.39948025345802307,-1.1297301054000854,-1.1406493186950684,-1.5708448886871338,23.641740798950195,22.7719783782959,32.862782306594745,254923290,1720697911
1.0,0,3.715857744216919,-2.789287567138672,9.38301944732666,-0.336362361907959,-1.1896522045135498,-1.170743465423584,-1.2217681407928467,23.641740798950195,22.434616088867188,32.61497546295966,266923290,1720697911
1.0,0,3.7541656494140625,-1.2545808553695679,10.477187156677246,-0.2820330560207367,-1.2032345533370972,-1.168346643447876,-2.4435362815856934,23.116369247436523,23.615385055541992,33.136442296432044,279923290,1720697911
1.0,0,3.306443214416504,-1.881871223449707,7.568187236785889,-0.20480021834373474,-1.237323522567749,-1.1880542039871216,-2.618074655532837,23.641740798950195,23.784067153930664,33.63730181345366,291923290,1720697911
1.0,0,4.738197326660156,-4.774110794067383,9.426115989685059,-0.19840852916240692,-1.2626240253448486,-1.1696782112121582,-3.8398427963256836,21.890501022338867,24.627473831176758,33.17304470522429,304923290,1720697911
1.0,0,5.176342964172363,0.055067479610443115,10.055800437927246,-0.09720686078071594,-1.262890338897705,-1.2109578847885132,-5.4106879234313965,21.540252685546875,25.808242797851562,34.0488388329886,316923290,1720697911
1.0,0,5.06381368637085,-2.140449047088623,9.895386695861816,-0.07164012640714645,-1.293516993522644,-1.1805973052978516,-5.236149311065674,23.466615676879883,24.96483612060547,34.660385939323376,329923290,1720697911
1.0,0,5.537873268127441,-2.6480274200439453,8.595314979553223,0.03195841982960701,-1.2897886037826538,-1.260493278503418,-6.806994438171387,20.4895076751709,24.796154022216797,32.878630633675755,341923290,1720697911
1.0,0,4.620879650115967,-4.082176208496094,8.885018348693848,-0.018109772354364395,-1.3363945484161377,-1.2264044284820557,-7.679685592651367,20.66463279724121,23.952747344970703,32.55362844321344,354923290,1720697911
1.0,0,3.821204423904419,0.6201077103614807,8.83952808380127,0.11744718998670578,-1.3033708333969116,-1.279135823249817,-8.203300476074219,19.438764572143555,25.47088050842285,33.074543997859415,366923290,1720697911
1.0,0,5.62406587600708,-2.779710531234741,8.542641639709473,0.17364074289798737,-1.3305355310440063,-1.247443675994873,-8.203300476074219,19.088516235351562,25.47088050842285,32.86991549490803,379923290,1720697911
1.0,0,7.68311071395874,-1.2833117246627808,9.624837875366211,0.24528087675571442,-1.3254754543304443,-1.279135823249817,-9.425068855285645,16.111408233642578,28.338462829589844,33.93343297902537,391923290,1720697911
1.0,0,3.2417984008789062,-2.267343759536743,8.564190864562988,0.26765176653862,-1.329736590385437,-1.2772715091705322,-10.297760963439941,17.337276458740234,26.820329666137695,33.55525471915303,404923290,1720697911
1.0,0,7.003147125244141,0.8834738731384277,9.198662757873535,0.38057151436805725,-1.3063005208969116,-1.3086973428726196,-13.43945026397705,15.586036682128906,27.83241844177246,34.61483611361603,416923290,1720697911
1.0,0,5.387036323547363,-3.8834545612335205,8.664748191833496,0.3909580111503601,-1.327872395515442,-1.304702639579773,-12.217681884765625,16.811904907226562,27.66373634338379,34.600494298827755,429923290,1720697911
1.0,0,4.496379375457764,-0.6871464252471924,7.8842267990112305,0.461532860994339,-1.288723349571228,-1.3545043468475342,-13.090373992919922,15.235788345336914,28.507143020629883,34.8732611176108,441923290,1720697911
1.0,0,8.035063743591309,-3.7852907180786133,9.100500106811523,0.48310476541519165,-1.3457157611846924,-1.3475799560546875,-14.661218643188477,13.30942440032959,28.675825119018555,34.848171490452714,454923290,1720697911
1.0,0,8.035063743591309,-3.7852907180786133,9.100500106811523,0.48310476541519165,-1.3457157611846924,-1.3475799560546875,-14.486680030822754,14.185044288635254,29.181869506835938,35.53393994056926,466923290,1720697911
1.0,0,7.199474334716797,-3.5171360969543457,9.007123947143555,0.6295808553695679,-1.299376130104065,-1.3547706604003906,-15.359371185302734,12.959176063537598,28.675825119018555,35.01647431867191,479923290,1720697911
1.0,0,4.259349822998047,3.0119516849517822,9.210634231567383,0.7148033380508423,-1.2250727415084839,-1.388593316078186,-16.581140518188477,11.733307838439941,29.181869506835938,35.55539680033833,491923290,1720697911
1.0,0,8.449267387390137,-1.2306383848190308,9.174720764160156,0.7632735967636108,-1.2389214038848877,-1.3830006122589111,-17.45383071899414,11.20793628692627,29.350549697875977,35.94035072375602,504923290,1720697911
1.0,0,4.465254306793213,-0.18435634672641754,7.328763008117676,0.8205324411392212,-1.1728739738464355,-1.414692759513855,-17.45383071899414,11.20793628692627,29.350549697875977,35.94035072375602,516923290,1720697911
1.0,0,9.239365577697754,-0.806858241558075,9.739761352539062,0.8631436824798584,-1.2170830965042114,-1.4402594566345215,-17.45383071899414,11.20793628692627,29.350549697875977,35.94035072375602,529923290,1720697911
1.0,0,5.973624229431152,0.8355891108512878,6.0717878341674805,0.9049559235572815,-1.1363881826400757,-1.4719516038894653,-17.45383071899414,11.20793628692627,29.350549697875977,35.94035072375602,542923290,1720697911
1.0,0,7.063002586364746,1.575408697128296,10.283252716064453,0.9893794655799866,-1.1078919172286987,-1.458369255065918,-17.45383071899414,11.20793628692627,29.350549697875977,35.94035072375602,554923290,1720697911
1.0,0,5.353517055511475,2.5115559101104736,7.58973503112793,1.0418444871902466,-1.0538289546966553,-1.4671578407287598,-19.548290252685547,5.954216003417969,31.374725341796875,37.442779414618656,567923290,1720697911
1.0,0,7.529879570007324,-1.9010250568389893,8.858681678771973,1.0695418119430542,-1.0639491081237793,-1.4844685792922974,-18.85013771057129,5.603968143463135,31.374725341796875,37.02844232388992,579923290,1720697911
1.0,0,5.861095428466797,0.2849143445491791,6.481202602386475,1.1486389636993408,-0.9840530753135681,-1.5105680227279663,-20.77005958557129,5.078596115112305,31.880769729614258,38.38712013477052,592923290,1720697911
1.0,0,7.869860649108887,1.1492342948913574,9.385414123535156,1.1845921277999878,-0.9787266254425049,-1.5004478693008423,-20.07190704345703,2.6268601417541504,32.21813201904297,38.04983413054515,604923290,1720697911
1.0,0,5.46604585647583,-0.7398195862770081,4.898611545562744,1.209093689918518,-0.9030917286872864,-1.563565731048584,-20.07190704345703,0.17512400448322296,34.2423095703125,39.691912091599235,617923290,1720697911
1.0,0,6.866674900054932,0.9696664214134216,7.561004161834717,1.2298665046691895,-0.9068201780319214,-1.5542445182800293,-19.722829818725586,-0.17512400448322296,34.2423095703125,39.51653387108328,629923290,1720697911
1.0,0,5.746171951293945,1.9920061826705933,8.13083267211914,1.3398568630218506,-0.7957646250724792,-1.5854040384292603,-20.944597244262695,-1.0507440567016602,33.736263275146484,39.722986752849636,642923290,1720697911
1.0,0,7.477205753326416,1.611322283744812,8.25533390045166,1.3771415948867798,-0.7619420289993286,-1.5683594942092896,-19.548290252685547,-0.3502480089664459,34.41099166870117,39.57745157402694,654923290,1720697911
1.0,0,4.247378826141357,1.187542200088501,5.681527137756348,1.3984471559524536,-0.7113412022590637,-1.6099053621292114,-19.722829818725586,-1.5761160850524902,35.254398345947266,40.4270548111868,667923290,1720697911
1.0,0,5.0446600914001465,4.12766695022583,8.583344459533691,1.4589018821716309,-0.6524844765663147,-1.59658944606781,-20.420982360839844,-4.0278520584106445,35.591758728027344,41.23121878067983,679923290,1720697911
1.0,0,6.732597827911377,1.9680639505386353,6.593731880187988,1.4682230949401855,-0.6021499037742615,-1.6546472311019897,-20.944597244262695,-5.603968143463135,36.43516540527344,42.398135463566796,692923290,1720697911
1.0,0,6.7709059715271,4.663976192474365,7.984784126281738,1.5049751996994019,-0.5528806447982788,-1.6389343738555908,-21.468212127685547,-7.180084228515625,34.91703414916992,41.61294288153846,704923290,1720697911
1.0,0,6.351913928985596,2.990403413772583,8.439689636230469,1.5292104482650757,-0.5102694630622864,-1.6961930990219116,-21.29367446899414,-7.705456256866455,36.77252960205078,43.18580278114182,717923290,1720697911
1.0,0,8.04703426361084,1.2450039386749268,7.283272743225098,1.561168909072876,-0.44448837637901306,-1.671159029006958,-19.548290252685547,-8.756199836730957,35.42307662963867,41.395664571223655,729923290,1720697911
1.0,0,13.793206214904785,-5.1452178955078125,8.94487476348877,1.6176286935806274,-0.3038713037967682,-1.5726206302642822,-22.166366577148438,-9.281572341918945,36.60384750366211,43.787407372921145,742923290,1720697911
1.0,0,-14.513871192932129,4.34075403213501,34.139442443847656,0.802156388759613,-0.10013638436794281,-1.0253326892852783,-22.340904235839844,-10.15719223022461,36.43516540527344,43.929555360671884,754923290,1720697911
1.0,0,-2.856326103210449,1.8675057888031006,22.13473129272461,0.7821823358535767,-0.242617666721344,-0.7776548862457275,-21.817289352416992,-11.733307838439941,37.27857208251953,44.75887134446409,767923290,1720697911
1.0,0,-9.03106689453125,4.975227355957031,24.289548873901367,0.7821823358535767,-0.242617666721344,-0.7776548862457275,-21.119136810302734,-13.134300231933594,37.615936279296875,45.094195240218866,779923290,1720697911
1.0,0,-8.559401512145996,5.516324996948242,21.964740753173828,0.26924970746040344,0.11371871083974838,-0.08309189230203629,-21.29367446899414,-14.36016845703125,37.4472541809082,45.40849982321983,792923290,1720697911
1.0,0,8.911355018615723,-2.444517135620117,17.612016677856445,-0.2221110314130783,-0.028229938820004463,-0.06924324482679367,-22.68998146057129,-12.608928680419922,37.10988998413086,45.287573083388786,804923290,1720697911
1.0,0,-4.774110794067383,6.368673324584961,23.13552474975586,-0.3771093785762787,0.14594346284866333,0.48124057054519653,-21.119136810302734,-11.733307838439941,37.95329666137695,44.99045654258653,817923290,1720697911
1.0,0,6.335154056549072,2.9856150150299072,4.175551414489746,-0.5843064785003662,0.044741787016391754,0.3302370011806488,-22.51544189453125,-12.784051895141602,37.95329666137695,45.94376817404264,829923290,1720697911
1.0,0,22.196983337402344,2.971249580383301,-3.0502593517303467,-0.24661247432231903,-0.04048066586256027,0.3097303509712219,-22.68998146057129,-12.608928680419922,38.45934295654297,46.399799587907445,842923290,1720697911
1.0,0,13.249714851379395,1.4820334911346436,-3.304048538208008,-0.15100352466106415,0.20666444301605225,0.24474823474884033,-22.68998146057129,-12.608928680419922,38.45934295654297,46.399799587907445,854923290,1720697911
1.0,0,2.549863576889038,5.626460075378418,9.715819358825684,-0.007723285350948572,0.11664823442697525,0.2988112270832062,-22.68998146057129,-12.608928680419922,38.45934295654297,46.399799587907445,867923290,1720697911
1.0,0,8.31040096282959,1.743005394935608,7.034272193908691,-0.10173431038856506,0.040746983140707016,-0.013049688190221786,-22.68998146057129,-12.608928680419922,38.45934295654297,46.399799587907445,879560272,1720697911
1.0,0,7.0055413246154785,1.6592071056365967,6.438106536865234,-0.011718087829649448,-0.004527443088591099,0.08788565546274185,-22.68998146057129,-12.608928680419922,38.45934295654297,46.399799587907445,892560272,1720697911
1.0,0,8.691084861755371,1.120503544807434,5.937710762023926,-0.04447546973824501,0.016245530918240547,-0.0098538463935256,-21.9918270111084,-10.507440567016602,39.13406753540039,46.10338387169842,904560272,1720697911
1.0,0,9.600895881652832,-0.3471645414829254,5.035082817077637,-0.023169854655861855,0.024501455947756767,0.01864241249859333,-20.420982360839844,-11.383060455322266,37.615936279296875,44.2893807597191,917560272,1720697911
1.0,0,6.248961925506592,2.1476316452026367,6.806819438934326,0.019175052642822266,0.057258836925029755,-0.007723285350948572,-22.68998146057129,-11.908432006835938,38.79670333862305,46.495485818384864,929560272,1720697911
1.0,0,16.94402313232422,0.871502697467804,20.19540023803711,0.028496257960796356,0.18269562721252441,0.20719709992408752,-20.944597244262695,-11.908432006835938,38.121978759765625,45.09736323939386,942560272,1720697911
1.0,0,-27.497825622558594,3.972041130065918,33.62467956542969,-0.8828513622283936,0.34248775243759155,0.40427401661872864,-22.340904235839844,-12.25868034362793,36.77252960205078,44.73935827854393,954560272,1720697911
1.0,0,-3.6990981101989746,11.030255317687988,27.84259796142578,-1.24025297164917,0.36991873383522034,0.5499511361122131,-21.29367446899414,-11.908432006835938,37.78461456298828,44.976754250685026,967560272,1720697911
1.0,0,-3.6990981101989746,11.030255317687988,27.84259796142578,-1.24025297164917,0.36991873383522034,0.5499511361122131,-20.595521926879883,-10.857687950134277,36.09780502319336,42.95481857202478,979560272,1720697911
1.0,0,-0.3854723572731018,6.0502400398254395,6.703866958618164,-1.6362712383270264,0.7134717702865601,0.7017536759376526,-20.944597244262695,-10.507440567016602,36.77252960205078,43.603914896800994,992560272,1720697911
1.0,0,12.129210472106934,-1.122897744178772,2.6671812534332275,-1.5662288665771484,0.6530171036720276,0.48257213830947876,-21.29367446899414,-10.857687950134277,36.09780502319336,43.293896654222145,4560272,1720697912
1.0,0,9.315980911254883,3.9528872966766357,3.837963819503784,-1.4940561056137085,0.8948357701301575,0.7148033380508423,-21.817289352416992,-8.581076622009277,35.92912292480469,42.9014086578239,17560272,1720697912
1.0,0,-4.474831581115723,5.935316562652588,8.073371887207031,-1.4098989963531494,0.899629533290863,0.6567455530166626,-20.77005958557129,-9.281572341918945,36.94121170043945,43.38428381595277,29560272,1720697912
1.0,0,7.125253200531006,2.8515377044677734,9.258519172668457,-1.4549071788787842,0.8335821032524109,0.5978887677192688,-21.9918270111084,-6.304464340209961,35.42307662963867,42.168484485605475,42560272,1720697912
1.0,0,7.252147197723389,0.6272904276847839,4.929736614227295,-1.3896585702896118,0.8383758664131165,0.5499511361122131,-19.897367477416992,-7.705456256866455,34.41099166870117,40.489450925905075,55560272,1720697912
1.0,0,10.728581428527832,1.3742928504943848,6.50514554977417,-1.2903212308883667,0.8921725153923035,0.5310423970222473,-21.9918270111084,-6.654712200164795,35.085716247558594,41.93963679334546,67560272,1720697912
1.0,0,5.075784683227539,2.5953543186187744,9.03346061706543,-1.2588953971862793,0.88311767578125,0.5350372195243835,-20.420982360839844,-6.829836368560791,34.2423095703125,40.44995612002766,80560272,1720697912
1.0,0,5.98798942565918,0.11013495922088623,6.416558742523193,-1.2535691261291504,0.9824550747871399,0.4207858741283417,-21.817289352416992,-6.129340171813965,34.2423095703125,41.06213207248273,92560272,1720697912
1.0,0,8.413352966308594,1.5442836284637451,9.378231048583984,-1.2394540309906006,0.8980316519737244,0.4748488664627075,-20.944597244262695,-5.253720283508301,33.398902893066406,39.771402351466094,105560272,1720697912
1.0,0,7.798034191131592,0.6416558623313904,6.222624778747559,-1.2173494100570679,1.0045596361160278,0.4141278564929962,-21.817289352416992,-4.3780999183654785,32.55549621582031,39.43376988623546,117560272,1720697912
1.0,0,4.328782558441162,0.04309628903865814,5.552238464355469,-1.137187123298645,1.0429097414016724,0.4103993773460388,-21.817289352416992,-4.0278520584106445,31.206045150756836,38.28883598181858,130560272,1720697912
1.0,0,5.832364082336426,4.199493885040283,11.17630386352539,-1.0793956518173218,1.029061198234558,0.4247806966304779,-20.944597244262695,-2.8019840717315674,32.38681411743164,38.67082876199686,142560272,1720697912
1.0,0,5.341545104980469,2.683941125869751,8.791643142700195,-1.0535625219345093,1.059954285621643,0.36805447936058044,-19.722829818725586,-4.0278520584106445,31.880769729614258,37.70407254946795,155560272,1720697912
1.0,0,5.853912353515625,-1.120503544807434,7.041454792022705,-1.055426836013794,1.0780640840530396,0.3329002261161804,-19.897367477416992,-3.8527281284332275,32.724178314208984,38.491825013931695,167560272,1720697912
1.0,0,10.625629425048828,-0.3184336721897125,9.742155075073242,-0.9976353645324707,1.0431760549545288,0.35553741455078125,-20.07190704345703,-2.6268601417541504,30.19395637512207,36.351847933059624,180560272,1720697912
1.0,0,3.9265506267547607,-0.560251772403717,5.559421062469482,-0.9520946145057678,1.1539652347564697,0.28416362404823303,-20.07190704345703,-2.6268601417541504,30.19395637512207,36.351847933059624,192560272,1720697912
1.0,0,7.6208600997924805,-1.4940046072006226,8.76530647277832,-0.9153424501419067,1.118811011314392,0.2857615351676941,-20.07190704345703,-2.6268601417541504,30.19395637512207,36.351847933059624,205560272,1720697912
1.0,0,10.93209171295166,-2.217064619064331,9.524279594421387,-0.9249299764633179,1.1084245443344116,0.2908216118812561,-20.07190704345703,-2.6268601417541504,30.19395637512207,36.351847933059624,217560272,1720697912
1.0,0,5.102121353149414,0.826012134552002,7.393407821655273,-0.8532898426055908,1.1944459676742554,0.24687878787517548,-18.85013771057129,-0.7004960179328918,29.013187408447266,34.60611838933001,230560272,1720697912
1.0,0,6.593731880187988,-0.2346353530883789,8.896988868713379,-0.7896392941474915,1.167814016342163,0.2796361744403839,-20.420982360839844,-0.5253720283508301,29.181869506835938,35.621258319491,242560272,1720697912
1.0,0,10.18030071258545,-1.6711782217025757,9.813982009887695,-0.7049494981765747,1.2567648887634277,0.22717110812664032,-18.85013771057129,-0.3502480089664459,28.675825119018555,34.31841068044705,255560272,1720697912
1.0,0,5.480411052703857,-2.882662773132324,6.196288585662842,-0.721461296081543,1.2184147834777832,0.18562515079975128,-18.326522827148438,0.8756200075149536,27.49505615234375,33.05459517453041,267560272,1720697912
1.0,0,6.179528713226318,-0.6009538173675537,9.078951835632324,-0.7009547352790833,1.1792657375335693,0.2239752560853958,-17.104755401611328,0.7004960179328918,26.989011764526367,31.960445992598952,280560272,1720697912
1.0,0,2.7150661945343018,1.9632753133773804,8.319977760314941,-0.5912307500839233,1.2879244089126587,0.2045339047908783,-18.326522827148438,2.2766120433807373,27.83241844177246,33.40191487995823,292560272,1720697912
1.0,0,5.102121353149414,-1.276128888130188,6.411769866943359,-0.5643324255943298,1.2338613271713257,0.1832282841205597,-17.62837028503418,1.2258679866790771,27.49505615234375,32.6839456621684,305560272,1720697912
1.0,0,7.680716037750244,-1.264157772064209,11.542622566223145,-0.5784474611282349,1.191250205039978,0.2151867002248764,-16.057525634765625,2.4517359733581543,27.326374053955078,31.789713080348537,317560272,1720697912
1.0,0,-0.7565792798995972,5.1236701011657715,8.20266056060791,-0.49935030937194824,1.2956476211547852,0.14407920837402344,-17.977445602416992,3.3273561000823975,27.15769386291504,32.738359533679,330560272,1720697912
1.0,0,3.3423564434051514,1.4030234813690186,9.157960891723633,-0.4391619563102722,1.289255976676941,0.13023056089878082,-18.15198516845703,3.8527281284332275,24.96483612060547,31.105966021266596,342560272,1720697912
1.0,0,7.89619779586792,-3.4117894172668457,9.89059829711914,-0.43063971400260925,1.2229422330856323,0.14035072922706604,-16.406600952148438,3.8527281284332275,25.30219841003418,30.401008424317027,355560272,1720697912
1.0,0,3.7230403423309326,0.04549052566289902,7.730995178222656,-0.4082688093185425,1.250373125076294,0.09480997920036316,-15.359371185302734,5.253720283508301,24.96483612060547,29.778430155969303,367560272,1720697912
1.0,0,6.6655592918396,-1.3838696479797363,10.510705947875977,-0.34435197710990906,1.2327960729599,0.0932120606303215,-15.184833526611328,4.3780999183654785,24.121429443359375,28.837307199477827,380560272,1720697912
1.0,0,6.110096454620361,-1.9896119832992554,10.446061134338379,-0.3097303509712219,1.234926700592041,0.09933742135763168,-16.057525634765625,4.202976226806641,24.96483612060547,29.979195806474603,392560272,1720697912
1.0,0,5.695892810821533,-3.7206461429595947,6.677530288696289,-0.27564138174057007,1.2410519123077393,0.05166611075401306,-15.184833526611328,3.6776041984558105,23.784067153930664,28.45673544618361,405560272,1720697912
1.0,0,8.276881217956543,-2.9592783451080322,9.799616813659668,-0.22663846611976624,1.2088273763656616,0.04926923289895058,-14.486680030822754,4.0278520584106445,23.784067153930664,28.13839620345419,417560272,1720697912
1.0,0,3.256164073944092,1.8986308574676514,10.321561813354492,-0.1656511425971985,1.242916226387024,0.057258836925029755,-13.78852653503418,5.428843975067139,21.422527313232422,26.04842581422443,430560272,1720697912
1.0,0,4.493985176086426,-0.6320788860321045,8.173929214477539,-0.10652806609869003,1.259960651397705,0.005326403304934502,-13.264911651611328,5.954216003417969,21.253847122192383,25.751438539117345,442560272,1720697912
1.0,0,5.937710762023926,-5.9999613761901855,9.80919361114502,-0.131295844912529,1.1976417303085327,0.042877547442913055,-13.963065147399902,4.202976226806641,21.253847122192383,25.775147234635945,455560272,1720697912
1.0,0,4.508350372314453,-1.3240137100219727,10.565773010253906,-0.07483596354722977,1.1867226362228394,0.02583305537700653,-14.137603759765625,5.078596115112305,21.759891510009766,26.441574406528215,467560272,1720697912
1.0,0,1.441331386566162,2.9808266162872314,9.825953483581543,0.028496257960796356,1.2362582683563232,-0.005326403304934502,-12.56675910949707,5.603968143463135,21.928571701049805,25.888031024339405,480560272,1720697912
1.0,0,5.6839213371276855,-4.051051139831543,10.503522872924805,0.02583305537700653,1.1643517017364502,-0.000266320159425959,-13.090373992919922,4.3780999183654785,20.073078155517578,24.360913710434243,492560272,1720697912
1.0,0,5.480411052703857,-4.374273300170898,9.124442100524902,0.042877547442913055,1.1723413467407227,-0.030360499396920204,-11.51952838897705,4.553224086761475,20.916484832763672,24.30906665522035,505560272,1720697912
1.0,0,0.9002335667610168,2.142843246459961,9.143595695495605,0.12676839530467987,1.191782832145691,-0.044741787016391754,-11.170452117919922,4.553224086761475,20.916484832763672,24.145603903448745,517560272,1720697912
1.0,0,4.328782558441162,-0.9648780226707458,11.590506553649902,0.15340042114257812,1.1209415197372437,-0.011984407901763916,-11.170452117919922,4.553224086761475,20.916484832763672,24.145603903448745,530560272,1720697912
1.0,0,4.3455424308776855,-5.559421062469482,9.196269035339355,0.1701785922050476,1.1323933601379395,-0.06098731979727745,-11.170452117919922,4.553224086761475,20.916484832763672,24.145603903448745,543560272,1720697912
1.0,0,4.38385009765625,-4.616091251373291,8.868258476257324,0.19254949688911438,1.0993696451187134,-0.08149396628141403,-11.170452117919922,4.553224086761475,20.916484832763672,24.145603903448745,555560272,1720697912
1.0,0,2.758162498474121,-1.3096483945846558,11.094900131225586,0.23595966398715973,1.077797770500183,-0.04980187490582466,-10.64683723449707,5.078596115112305,18.7236270904541,22.1296518956059,568560272,1720697912
1.0,0,0.7278484106063843,5.291266441345215,11.624027252197266,0.34994468092918396,1.1217405796051025,-0.1294316053390503,-11.170452117919922,4.903471946716309,19.229671478271484,22.772863298523163,580560272,1720697912
1.0,0,3.6703672409057617,-3.533895492553711,8.590526580810547,0.2988112270832062,1.0365180969238281,-0.10839231312274933,-10.123222351074219,5.954216003417969,17.205495834350586,20.83174034713621,593560272,1720697912
1.0,0,4.434129238128662,-5.06381368637085,10.216214179992676,0.3339654803276062,1.0010974407196045,-0.09427734464406967,-9.075992584228516,4.202976226806641,16.868131637573242,19.610520530943898,605560272,1720697912
1.0,0,1.3096483945846558,2.6240851879119873,9.371048927307129,0.4402272403240204,1.0202726125717163,-0.1275673657655716,-8.028762817382812,4.202976226806641,17.542858123779297,19.745326350606106,618560272,1720697912
1.0,0,2.7198545932769775,-2.2553725242614746,10.869841575622559,0.4391619563102722,0.9563557505607605,-0.1470087319612503,-8.203300476074219,5.078596115112305,16.02472496032715,18.705028394935017,630560272,1720697912
1.0,0,4.783688068389893,-4.874669075012207,10.599291801452637,0.422916442155838,0.92812579870224,-0.1113218292593956,-7.505147457122803,3.3273561000823975,15.687362670898438,17.705702034604844,643560272,1720697912
1.0,0,1.096561074256897,-1.1635997295379639,8.638411521911621,0.48443639278411865,0.9425070881843567,-0.16751539707183838,-9.250530242919922,3.6776041984558105,17.711538314819336,20.31737364653683,655560272,1720697912
1.0,0,4.209070682525635,-2.2601609230041504,10.412542343139648,0.5358362197875977,0.8807207942008972,-0.1526014655828476,-8.377839088439941,2.8019840717315674,15.518681526184082,17.856897234434562,668560272,1720697912
1.0,0,1.2809175252914429,-0.15562549233436584,10.520282745361328,0.5552775859832764,0.854621410369873,-0.14487817883491516,-7.330609321594238,3.1522321701049805,14.843955993652344,16.852816685099747,680560272,1720697912
1.0,0,2.7701337337493896,1.2473981380462646,10.702245712280273,0.5757842063903809,0.8317179083824158,-0.18669043481349945,-7.330609321594238,2.4517359733581543,15.181319236755371,17.03588260341041,693560272,1720697912
1.0,0,1.6687840223312378,-2.7940759658813477,10.345503807067871,0.5896328687667847,0.7693989276885986,-0.1720428317785263,-7.505147457122803,2.6268601417541504,15.687362670898438,17.58752342218174,705560272,1720697912
1.0,0,1.2210614681243896,-0.6799636483192444,10.486763954162598,0.6210586428642273,0.7464954257011414,-0.15659627318382263,-6.806994438171387,1.7512400150299072,14.675274848937988,16.27162274523995,718560272,1720697912
1.0,0,2.554651975631714,0.2992797791957855,10.37183952331543,0.6705942153930664,0.7289183139801025,-0.21971413493156433,-8.203300476074219,3.3273561000823975,15.350000381469727,17.71970510557768,730560272,1720697912
1.0,0,2.4660654067993164,-1.0654360055923462,10.74055290222168,0.6548812985420227,0.6708605289459229,-0.19281581044197083,-6.1088409423828125,1.9263640642166138,14.337912559509277,15.703647752397261,743560272,1720697912
1.0,0,2.03749680519104,0.22745263576507568,10.833927154541016,0.7062811255455017,0.6586098074913025,-0.1952126920223236,-3.8398427963256836,0.7004960179328918,14.506593704223633,15.022528025304357,755560272,1720697912
1.0,0,1.4724565744400024,-0.21069295704364777,9.813982009887695,0.7006884217262268,0.6250534057617188,-0.21252350509166718,-5.236149311065674,1.4009920358657837,14.000550270080566,15.01317575189826,768560272,1720697912
1.0,0,1.4892162084579468,-2.3870553970336914,10.958428382873535,0.7132053971290588,0.5611366033554077,-0.1888210028409958,-5.934302806854248,1.4009920358657837,13.494505882263184,14.808119985144408,780560272,1720697912
1.0,0,0.8499546051025391,-0.7853101491928101,10.77167797088623,0.7656704783439636,0.5491521954536438,-0.25753161311149597,-6.632455825805664,0.0,13.157143592834473,14.734310224904617,793560272,1720697912
1.0,0,0.7422138452529907,0.5267323851585388,10.819561958312988,0.7789865136146545,0.5233191251754761,-0.23915551602840424,-5.4106879234313965,-0.5253720283508301,13.325824737548828,14.391982646904774,805560272,1720697912
1.0,0,1.716668725013733,-3.2896833419799805,10.5059175491333,0.7715295553207397,0.45008108019828796,-0.2277037501335144,-5.4106879234313965,0.8756200075149536,13.325824737548828,14.409020061690356,818560272,1720697912
1.0,0,1.5179469585418701,-0.2944912910461426,10.271282196044922,0.8066837787628174,0.4439557194709778,-0.26552119851112366,-4.363457679748535,-0.8756200075149536,12.9884614944458,13.729770766958136,830560272,1720697912
1.0,0,1.2857059240341187,-1.7525824308395386,10.319167137145996,0.8037542700767517,0.37870728969573975,-0.24235135316848755,-4.712534427642822,-1.2258679866790771,14.000550270080566,14.823162311650524,843560272,1720697912
1.0,0,1.675966739654541,-5.150006294250488,9.921723365783691,0.8082817196846008,0.3371613621711731,-0.262591689825058,-4.887072563171387,-0.3502480089664459,13.494505882263184,14.35645641904447,855560272,1720697912
1.0,0,0.6512327790260315,-0.13407734036445618,9.837924003601074,0.8636763095855713,0.32437798380851746,-0.2601948082447052,-4.887072563171387,-0.3502480089664459,13.494505882263184,14.35645641904447,868560272,1720697912
1.0,0,-0.050279002636671066,-2.042285203933716,9.591318130493164,0.8386421799659729,0.27111393213272095,-0.2620590329170227,-4.887072563171387,-0.3502480089664459,13.494505882263184,14.35645641904447,880560272,1720697912
1.0,0,-0.6871464252471924,12.569750785827637,13.175493240356445,0.7757906913757324,0.23063325881958008,-0.36539125442504883,-4.887072563171387,-0.3502480089664459,13.494505882263184,14.35645641904447,893560272,1720697912
1.0,0,1.441331386566162,-39.22719955444336,1.300071358680725,0.0988047793507576,0.05353035405278206,-0.2138551026582718,-4.887072563171387,-0.3502480089664459,13.494505882263184,14.35645641904447,905560272,1720697912
1.0,0,-4.417369842529297,-7.618465900421143,12.840300559997559,0.2703149616718292,0.11398503184318542,0.047138672322034836,-3.4907662868499756,-3.8527281284332275,12.819780349731445,13.833861771623623,918560272,1720697912
1.0,0,6.205865383148193,-1.5849857330322266,15.241720199584961,0.10679438710212708,-0.0098538463935256,0.3169209957122803,-4.712534427642822,-2.9771080017089844,13.325824737548828,14.444679218363653,930560272,1720697912
1.0,0,-2.2314300537109375,-3.201096534729004,9.251337051391602,0.032491061836481094,0.10599542409181595,0.019974011927843094,-5.4106879234313965,-3.6776041984558105,12.65109920501709,14.242563938436444,943560272,1720697912
1.0,0,-0.15801972150802612,2.5977485179901123,9.035855293273926,-0.06684636324644089,0.06338419765233994,0.06711268424987793,-3.8398427963256836,-2.4517359733581543,13.494505882263184,14.242790842738243,955560272,1720697912
1.0,0,-2.114112377166748,0.7996755838394165,7.8531012535095215,-0.15712890028953552,-0.06711268424987793,-0.021305613219738007,-4.014381408691406,-2.9771080017089844,12.65109920501709,13.60252701682562,968560272,1720697912
1.0,0,2.4876136779785156,-0.514761209487915,12.952828407287598,-0.09720686078071594,-0.07030852884054184,-0.05912308022379875,-4.363457679748535,-4.728348255157471,12.313736915588379,13.893349379157323,980560272,1720697912
1.0,0,1.3910523653030396,0.9002335667610168,13.106060028076172,-0.04420914873480797,0.033556342124938965,0.009054886177182198,-3.316227912902832,-2.2766120433807373,13.325824737548828,13.919695934259856,993560272,1720697912
1.0,0,0.9265702366828918,0.7565792798995972,11.329535484313965,-0.03009418025612831,0.06418316066265106,-0.011718087829649448,-5.236149311065674,-3.8527281284332275,11.807692527770996,13.478960511470206,5560272,1720697913
1.0,0,-1.235426902770996,0.5841941237449646,9.624837875366211,-0.03329002112150192,0.06498212367296219,-0.012517048045992851,-5.236149311065674,-2.8019840717315674,12.819780349731445,14.1285223063621,18560272,1720697913
1.0,0,-1.0055800676345825,-0.13886581361293793,9.272884368896484,-0.02290353551506996,0.021305613219738007,-0.009054886177182198,-4.363457679748535,-2.9771080017089844,10.964285850524902,12.170394372772671,30560272,1720697913
1.0,0,0.05746171623468399,-0.30646249651908875,11.485160827636719,-0.023169854655861855,0.0037284824065864086,0.004793763160705566,-4.537996292114258,-3.5024800300598145,13.157143592834473,14.35169691119053,43560272,1720697913
1.0,0,1.264157772064209,0.08619257807731628,11.195457458496094,-0.022370893508195877,0.01384864840656519,0.005326403304934502,-4.712534427642822,-3.3273561000823975,10.964285850524902,12.389303594653533,55560272,1720697913
1.0,0,0.7422138452529907,-0.3399818241596222,11.832324981689453,-0.013049688190221786,0.046872351318597794,-0.009587526321411133,-5.4106879234313965,-2.9771080017089844,11.63901138305664,13.175936468939431,68560272,1720697913
1.0,0,-0.1508370041847229,-0.49321308732032776,10.56098461151123,-0.017843451350927353,0.04953555390238762,0.010386486537754536,-4.537996292114258,-4.553224086761475,12.819780349731445,14.341270102291084,81560272,1720697913
1.0,0,-3.42854905128479,11.315170288085938,10.49634075164795,-0.06791163980960846,0.05033451318740845,-0.09241309762001038,-4.014381408691406,-4.728348255157471,11.63901138305664,13.188598154899555,93560272,1720697913
1.0,0,-0.04788476601243019,-39.22719955444336,3.203490734100342,-0.7321141362190247,-0.12730103731155396,-0.05992203950881958,-3.316227912902832,-3.3273561000823975,11.976373672485352,12.864765545087547,106560272,1720697913
1.0,0,2.9497015476226807,-3.8762714862823486,16.118011474609375,-0.4759141504764557,-0.15419937670230865,0.25113990902900696,-3.1416897773742676,-3.1522321701049805,13.831868171691895,14.530222277397067,118560272,1720697913
1.0,0,6.8475213050842285,-6.007143974304199,13.345483779907227,-0.5755178928375244,-0.18855468928813934,0.575251579284668,-5.061611175537109,-2.6268601417541504,12.65109920501709,13.876981407778956,131560272,1720697913
1.0,0,0.4908188283443451,-17.42765998840332,6.02869176864624,-0.9385122656822205,-0.09454365819692612,0.12863264977931976,-3.1416897773742676,-3.5024800300598145,12.819780349731445,13.655927256454842,143560272,1720697913
1.0,0,-2.444517135620117,-4.659187316894531,7.685504913330078,-0.9204025268554688,-0.18961995840072632,0.26791810989379883,-4.887072563171387,-3.5024800300598145,13.157143592834473,14.465865757746252,156560272,1720697913
1.0,0,-2.6169025897979736,1.4533026218414307,6.754146099090576,-0.8607468008995056,-0.32064947485923767,0.23223118484020233,-3.4907662868499756,-2.4517359733581543,14.843955993652344,15.44472363281241,168560272,1720697913
1.0,0,1.7070918083190918,3.770925283432007,11.846691131591797,-0.7390384674072266,-0.3978823125362396,0.15526466071605682,-4.188919544219971,0.3502480089664459,12.819780349731445,13.491348666130214,181560272,1720697913
1.0,0,2.0781986713409424,-3.2705295085906982,11.377419471740723,-0.7973626255989075,-0.40187713503837585,0.24101975560188293,-5.585226058959961,-0.3502480089664459,13.157143592834473,14.297826804096335,193560272,1720697913
1.0,0,0.37110692262649536,-5.626460075378418,11.564170837402344,-0.8442348837852478,-0.3797725737094879,0.23489437997341156,-5.585226058959961,-0.3502480089664459,13.157143592834473,14.297826804096335,206560272,1720697913
1.0,0,-0.6679925322532654,0.4716649353504181,10.606474876403809,-0.7587461471557617,-0.39442017674446106,0.2319648712873459,-5.585226058959961,-0.3502480089664459,13.157143592834473,14.297826804096335,218560272,1720697913
1.0,0,0.3950493037700653,1.27373468875885,9.725396156311035,-0.6876387000083923,-0.4410262107849121,0.19494636356830597,-5.585226058959961,-0.3502480089664459,13.157143592834473,14.297826804096335,231560272,1720697913
1.0,0,0.7015117406845093,4.522716045379639,10.979975700378418,-0.645560085773468,-0.4934912621974945,0.1882883608341217,-6.1088409423828125,1.5761160850524902,14.337912559509277,15.66454008699354,243560272,1720697913
1.0,0,2.0566506385803223,4.697495460510254,11.5282564163208,-0.668996274471283,-0.5241180658340454,0.19414740800857544,-5.934302806854248,0.7004960179328918,13.494505882263184,14.75833098561669,256560272,1720697913
1.0,0,2.1859395503997803,-2.5642292499542236,10.58253288269043,-0.6743227243423462,-0.5337056517601013,0.1707112193107605,-6.4579176902771,1.2258679866790771,12.313736915588379,13.958351265156015,268560272,1720697913
1.0,0,1.6185050010681152,-2.1739683151245117,10.807591438293457,-0.662071943283081,-0.5600712895393372,0.21465405821800232,-6.632455825805664,1.4009920358657837,16.19340705871582,17.555018687973256,281560272,1720697913
1.0,0,1.5011874437332153,-3.684732437133789,10.060588836669922,-0.6394347548484802,-0.591763436794281,0.21225717663764954,-7.505147457122803,2.9771080017089844,15.350000381469727,17.343959239980855,293560272,1720697913
1.0,0,1.2473981380462646,2.710277795791626,11.391785621643066,-0.5539459586143494,-0.6370378732681274,0.17736923694610596,-6.632455825805664,3.1522321701049805,14.843955993652344,16.561070843305863,306560272,1720697913
1.0,0,2.506767511367798,0.8882623910903931,10.805196762084961,-0.5619356036186218,-0.6538160443305969,0.15419937670230865,-6.806994438171387,3.3273561000823975,14.337912559509277,16.21672619433977,318560272,1720697913
1.0,0,2.3583245277404785,-1.8244094848632812,10.661542892456055,-0.5470216274261475,-0.6825785636901855,0.14647608995437622,-6.806994438171387,2.6268601417541504,14.337912559509277,16.087613373330637,331560272,1720697913
1.0,0,1.4461199045181274,-0.8020698428153992,9.72060775756836,-0.5179927349090576,-0.6847091913223267,0.13901913166046143,-7.505147457122803,4.0278520584106445,15.687362670898438,17.85060722008911,343560272,1720697913
1.0,0,2.2003049850463867,-2.988009214401245,9.122047424316406,-0.5459563136100769,-0.735576331615448,0.13529065251350403,-7.505147457122803,4.0278520584106445,15.350000381469727,17.554866626343834,356560272,1720697913
1.0,0,0.32322216033935547,-0.5650402307510376,10.221002578735352,-0.5065409541130066,-0.7606104016304016,0.14807401597499847,-7.156070709228516,2.6268601417541504,16.699451446533203,18.35705370736096,368560272,1720697913
1.0,0,2.729431390762329,-4.1659746170043945,10.690274238586426,-0.5006818771362305,-0.7933678030967712,0.14967192709445953,-8.377839088439941,4.202976226806641,15.85604476928711,18.419211510825622,381560272,1720697913
1.0,0,3.687126636505127,-2.559440851211548,11.341506004333496,-0.4303734004497528,-0.8178691864013672,0.15340042114257812,-7.85422420501709,3.3273561000823975,15.687362670898438,17.85646896919236,393560272,1720697913
1.0,0,3.1364521980285645,-1.908207893371582,10.4005708694458,-0.3965507447719574,-0.8263914585113525,0.11584927141666412,-7.679685592651367,3.8527281284332275,15.518681526184082,17.738392293122978,406560272,1720697913
1.0,0,2.3655073642730713,-0.14365428686141968,9.746943473815918,-0.36805447936058044,-0.819200873374939,0.09747318178415298,-7.85422420501709,5.428843975067139,16.02472496032715,18.653498192629474,418560272,1720697913
1.0,0,2.813230037689209,-1.9058135747909546,8.703056335449219,-0.3552711009979248,-0.8338484764099121,0.06897692382335663,-10.472298622131348,4.903471946716309,16.868131637573242,20.45108653607009,431560272,1720697913
1.0,0,1.7861016988754272,0.4429340660572052,9.682299613952637,-0.34728148579597473,-0.8711333274841309,0.08735301345586777,-9.425068855285645,4.202976226806641,16.19340705871582,19.20217082153069,443560272,1720697913
1.0,0,3.612905502319336,-3.1292693614959717,10.288041114807129,-0.3233126699924469,-0.9196035861968994,0.10386486351490021,-8.72691535949707,4.903471946716309,17.880220413208008,20.491592686976777,456560272,1720697913
1.0,0,3.1364521980285645,-2.094958543777466,11.257708549499512,-0.29987651109695435,-0.9568883776664734,0.09134781360626221,-9.774145126342773,6.304464340209961,17.542858123779297,21.04832664890106,468560272,1720697913
1.0,0,3.818809986114502,-0.4692707061767578,12.054988861083984,-0.24155238270759583,-0.9667422771453857,0.09534262120723724,-8.901453971862793,4.728348255157471,17.711538314819336,20.37870823954639,481560272,1720697913
1.0,0,2.882662773132324,-1.6448416709899902,9.960031509399414,-0.16751539707183838,-0.9329195618629456,0.04154594615101814,-11.170452117919922,3.8527281284332275,17.542858123779297,21.151226576759363,493560272,1720697913
1.0,0,2.3583245277404785,4.132455348968506,10.5490140914917,-0.09773950278759003,-0.9174729585647583,0.04873659089207649,-11.694067001342773,5.428843975067139,19.735713958740234,23.573755648999395,506560272,1720697913
1.0,0,3.5267128944396973,-1.6352647542953491,9.476394653320312,-0.14301392436027527,-0.9590189456939697,0.047937631607055664,-10.9959135055542,5.428843975067139,19.060989379882812,22.665034234857387,518560272,1720697913
1.0,0,4.793264865875244,-5.363093852996826,7.927322864532471,-0.13901913166046143,-0.9867162108421326,0.0031958422623574734,-11.51952838897705,5.603968143463135,19.904396057128906,23.670424070059383,531560272,1720697913
1.0,0,6.09333610534668,-4.38385009765625,9.394990921020508,-0.1094575896859169,-1.0248000621795654,0.06231892108917236,-11.51952838897705,5.603968143463135,19.904396057128906,23.670424070059383,543560272,1720697913
1.0,0,6.383039474487305,-8.102102279663086,8.9999418258667,-0.14674241840839386,-1.0551605224609375,0.027430977672338486,-11.51952838897705,5.603968143463135,19.904396057128906,23.670424070059383,556560272,1720697913
1.0,0,1.881871223449707,-1.0390993356704712,9.287249565124512,-0.03009418025612831,-1.018674612045288,0.01384864840656519,-11.51952838897705,5.603968143463135,19.904396057128906,23.670424070059383,569560272,1720697913
1.0,0,1.3718984127044678,-1.1085323095321655,9.03106689453125,0.011984407901763916,-1.0378496646881104,0.003994802478700876,-12.741296768188477,4.3780999183654785,20.747802734375,24.73822387591277,581560272,1720697913
1.0,0,4.1659746170043945,0.6943290829658508,11.801199913024902,0.09427734464406967,-1.0639491081237793,0.03808378428220749,-12.741296768188477,4.728348255157471,22.434616088867188,26.22994318735668,594560272,1720697913
1.0,0,2.7485857009887695,3.8259928226470947,11.030255317687988,0.15233513712882996,-1.0021628141403198,-0.02370249480009079,-14.486680030822754,5.428843975067139,22.434616088867188,27.2515732440518,606560272,1720697913
1.0,0,5.715046405792236,-1.1947249174118042,9.895386695861816,0.10785967111587524,-1.0644817352294922,-0.04660603031516075,-13.264911651611328,4.202976226806641,22.94066047668457,26.830892519531908,619560272,1720697913
1.0,0,6.385433673858643,-2.3343822956085205,9.272884368896484,0.14274761080741882,-1.057291030883789,-0.052997712045907974,-13.78852653503418,3.3273561000823975,22.434616088867188,26.542546254625904,631560272,1720697913
1.0,0,5.138035297393799,-3.565020799636841,7.211445331573486,0.12596943974494934,-1.0831241607666016,-0.05885675922036171,-15.010294914245605,4.903471946716309,23.952747344970703,28.689494521808193,644560272,1720697913
1.0,0,5.688709735870361,-5.193102836608887,7.522696495056152,0.16991227865219116,-1.085787296295166,-0.09614157676696777,-14.486680030822754,5.428843975067139,22.7719783782959,27.529969932468823,656560272,1720697913
1.0,0,6.260932922363281,-3.6799440383911133,9.96481990814209,0.18961995840072632,-1.1198762655258179,-0.0806950107216835,-14.486680030822754,3.6776041984558105,22.434616088867188,26.957386186550004,669560272,1720697913
1.0,0,4.307234764099121,-1.7980729341506958,9.885809898376465,0.236492320895195,-1.1057612895965576,-0.057258836925029755,-15.359371185302734,3.1522321701049805,23.615385055541992,28.346662275895355,681560272,1720697913
1.0,0,4.098936080932617,1.0103685855865479,10.647177696228027,0.37258192896842957,-1.0413118600845337,-0.09667421877384186,-16.755678176879883,4.903471946716309,23.952747344970703,29.64002182305883,694560272,1720697913
1.0,0,-0.07182714343070984,5.964047431945801,10.884206771850586,0.42504701018333435,-1.019473671913147,-0.10732702910900116,-16.23206329345703,4.0278520584106445,24.796154022216797,29.90907429628567,706560272,1720697913
1.0,0,3.682338237762451,1.9058135747909546,9.136412620544434,0.44129252433776855,-1.0082881450653076,-0.12463784217834473,-16.23206329345703,3.6776041984558105,25.808242797851562,30.70944557813039,719560272,1720697913
1.0,0,3.9624643325805664,-1.2162730693817139,7.029483795166016,0.436498761177063,-1.0205389261245728,-0.14407920837402344,-17.279293060302734,4.0278520584106445,25.47088050842285,31.041316253384363,731560272,1720697913
1.0,0,7.556215763092041,-5.020717620849609,6.955262184143066,0.4372977018356323,-1.0559594631195068,-0.148872971534729,-18.15198516845703,3.5024800300598145,25.63956069946289,31.60931832194889,744560272,1720697913
1.0,0,10.479580879211426,-7.529879570007324,8.408564567565918,0.39734968543052673,-1.1395840644836426,-0.15047089755535126,-17.279293060302734,2.9771080017089844,25.808242797851562,31.201002179906386,756560272,1720697913
1.0,0,11.784440994262695,-6.23938512802124,9.598501205444336,0.4596686363220215,-1.1489052772521973,-0.13608960807323456,-17.279293060302734,3.6776041984558105,26.482967376708984,31.834671387971927,769560272,1720697913
1.0,0,7.879438400268555,-2.810835838317871,9.909751892089844,0.5347709059715271,-1.0961737632751465,-0.1869567483663559,-16.057525634765625,2.8019840717315674,26.989011764526367,31.529383125509057,781560272,1720697913
1.0,0,3.2346158027648926,1.9680639505386353,9.682299613952637,0.590431809425354,-1.040246605873108,-0.19547900557518005,-17.62837028503418,1.2258679866790771,27.49505615234375,32.6839456621684,794560272,1720697913
1.0,0,0.06943290680646896,4.977621555328369,8.964028358459473,0.6924324631690979,-0.9755308032035828,-0.22317631542682648,-17.977445602416992,1.5761160850524902,26.145605087280273,31.768936993255526,806560272,1720697913
1.0,0,1.4509084224700928,2.320016860961914,7.862678050994873,0.682844877243042,-0.976862370967865,-0.2527378499507904,-18.85013771057129,1.4009920358657837,27.326374053955078,33.22681431206926,819560272,1720697913
1.0,0,1.4509084224700928,2.320016860961914,7.862678050994873,0.682844877243042,-0.976862370967865,-0.2527378499507904,-17.279293060302734,2.2766120433807373,27.15769386291504,32.26913799610559,831560272,1720697913
1.0,0,8.94726848602295,-2.0758044719696045,9.758914947509766,0.7172002196311951,-1.035186529159546,-0.23782391846179962,-17.279293060302734,2.2766120433807373,27.15769386291504,32.26913799610559,844560272,1720697913
1.0,0,6.991175174713135,-1.649630069732666,7.187503337860107,0.7172002196311951,-1.0202726125717163,-0.24368295073509216,-17.279293060302734,2.2766120433807373,27.15769386291504,32.26913799610559,856560272,1720697913
1.0,0,10.733369827270508,-4.467648506164551,8.250544548034668,0.7472943663597107,-1.0210715532302856,-0.2721792161464691,-17.279293060302734,2.2766120433807373,27.15769386291504,32.26913799610559,869560272,1720697913
1.0,0,7.082156658172607,-2.6121137142181396,8.111679077148438,0.777921199798584,-1.0002985000610352,-0.2807014584541321,-17.279293060302734,2.2766120433807373,27.15769386291504,32.26913799610559,881560272,1720697913
1.0,0,6.002355575561523,0.2633661925792694,7.934505462646484,0.8383758664131165,-0.9449039697647095,-0.3052029311656952,-19.37375259399414,-2.2766120433807373,30.19395637512207,35.94718700471757,894560272,1720697913
1.0,0,4.216253280639648,4.659187316894531,11.018284797668457,0.9132118225097656,-0.8951020836830139,-0.2838973104953766,-19.37375259399414,-2.2766120433807373,29.85659408569336,35.66428833395138,906560272,1720697913
1.0,0,3.169971466064453,4.817207336425781,9.564981460571289,0.924397349357605,-0.8948357701301575,-0.3307696580886841,-18.15198516845703,-0.7004960179328918,32.38681411743164,37.1334214543192,919560272,1720697913
1.0,0,5.10690975189209,1.2689461708068848,7.69508171081543,0.9568883776664734,-0.8591488599777222,-0.34861311316490173,-21.468212127685547,-2.6268601417541504,31.206045150756836,37.96843136231356,931560272,1720697913
1.0,0,7.146801471710205,-1.8890539407730103,6.0239033699035645,0.9656769037246704,-0.8532898426055908,-0.35607007145881653,-18.326522827148438,-2.2766120433807373,31.543407440185547,36.551757198082996,944560272,1720697913
1.0,0,7.879438400268555,-2.861114501953125,5.4516801834106445,0.9624811410903931,-0.8769923448562622,-0.3933548927307129,-20.07190704345703,-2.9771080017089844,32.89285659790039,38.64821651234451,956560272,1720697913
1.0,0,10.513099670410156,-2.4612767696380615,7.987178325653076,1.0109513998031616,-0.8820524215698242,-0.3821694254875183,-20.944597244262695,-3.5024800300598145,32.38681411743164,38.72788722306464,969560272,1720697913
1.0,0,12.60566520690918,1.4652738571166992,10.639994621276855,1.0508993864059448,-0.8924389481544495,-0.38057151436805725,-19.722829818725586,-4.728348255157471,32.21813201904297,38.070399578635154,981560272,1720697913
1.0,0,9.34950065612793,3.1101152896881104,10.316773414611816,1.0881842374801636,-0.8325168490409851,-0.38936007022857666,-20.246444702148438,-5.253720283508301,33.736263275146484,39.694528082148786,994560272,1720697913
1.0,0,4.18273401260376,3.0550482273101807,8.880229949951172,1.1275995969772339,-0.7462291121482849,-0.4253133237361908,-20.246444702148438,-6.304464340209961,34.74835205078125,40.70764994370428,6560272,1720697914
1.0,0,4.577783584594727,2.2386128902435303,7.0534257888793945,1.1260017156600952,-0.714004397392273,-0.4503473937511444,-20.944597244262695,-5.954216003417969,34.41099166870117,40.721556816545665,19560272,1720697914
1.0,0,4.577783584594727,2.2386128902435303,7.0534257888793945,1.1260017156600952,-0.714004397392273,-0.4503473937511444,-20.595521926879883,-5.603968143463135,35.42307662963867,41.356672258570235,31560272,1720697914
1.0,0,7.575369834899902,0.7661562561988831,5.418160915374756,1.1672813892364502,-0.6769858598709106,-0.48949646949768066,-20.944597244262695,-8.055704116821289,34.74835205078125,41.36445929523534,44560272,1720697914
1.0,0,7.970418930053711,2.6767585277557373,7.996756076812744,1.20376718044281,-0.6708605289459229,-0.4610002040863037,-21.642751693725586,-7.355208396911621,34.07362747192383,41.03071874259216,56560272,1720697914
1.0,0,11.181092262268066,2.5211329460144043,9.723001480102539,1.2434488534927368,-0.6881713271141052,-0.481506884098053,-20.944597244262695,-8.405952453613281,36.09780502319336,42.57214720764349,69560272,1720697914
1.0,0,10.537042617797852,0.2992797791957855,7.448474884033203,1.2341276407241821,-0.6663330793380737,-0.4942902624607086,-21.468212127685547,-8.581076622009277,35.591758728027344,42.4416340084381,82560272,1720697914
1.0,0,7.862678050994873,2.063833475112915,8.329554557800293,1.2799347639083862,-0.5957582592964172,-0.5278465747833252,-20.595521926879883,-9.10644817352295,36.09780502319336,42.545909900601885,94560272,1720697914
1.0,0,7.592129230499268,2.1548144817352295,7.328763008117676,1.2953813076019287,-0.565131425857544,-0.5342382788658142,-19.722829818725586,-10.332316398620605,36.94121170043945,43.13235328748363,107560272,1720697914
1.0,0,4.187522888183594,3.615299701690674,6.153192520141602,1.322013258934021,-0.5014808773994446,-0.5941603183746338,-20.246444702148438,-10.15719223022461,36.09780502319336,42.61617773300855,119560272,1720697914
1.0,0,3.308837413787842,6.366279125213623,8.240967750549316,1.3537054061889648,-0.4370313882827759,-0.5912307500839233,-21.468212127685547,-10.507440567016602,36.266483306884766,43.43441320746997,132560272,1720697914
1.0,0,-7.000752925872803,12.648760795593262,21.964740753173828,1.3965829610824585,-0.19494636356830597,-0.2383565604686737,-20.944597244262695,-11.20793628692627,35.760440826416016,42.93137684300116,144560272,1720697914
1.0,0,-0.787704348564148,-3.1556060314178467,30.349363327026367,0.7337120771408081,-0.17497234046459198,-0.36432600021362305,-20.944597244262695,-11.20793628692627,35.760440826416016,42.93137684300116,157560272,1720697914
1.0,0,-25.66144371032715,3.1843366622924805,24.27278709411621,0.0881519764661789,-0.1651185005903244,-0.08309189230203629,-20.944597244262695,-11.20793628692627,35.760440826416016,42.93137684300116,169560272,1720697914
1.0,0,24.358980178833008,2.011160135269165,12.90733814239502,-0.0007989605655893683,-0.07616756856441498,-0.18029874563217163,-20.944597244262695,-11.20793628692627,35.760440826416016,42.93137684300116,182560272,1720697914
1.0,0,5.054236888885498,0.12450038641691208,1.9297560453414917,-0.010652806609869003,0.029561540111899376,-0.03275737911462784,-21.29367446899414,-12.608928680419922,37.10988998413086,44.6043673813866,194560272,1720697914
1.0,0,12.576932907104492,2.523527145385742,7.575369834899902,-0.0287625789642334,0.13422536849975586,0.056193556636571884,-21.642751693725586,-12.25868034362793,37.78461456298828,45.23672227645475,207560272,1720697914
1.0,0,5.93292236328125,2.9832208156585693,8.542641639709473,-0.07430332899093628,0.1006690263748169,0.08282557129859924,-20.944597244262695,-12.25868034362793,38.121978759765625,45.1911126445416,219560272,1720697914
1.0,0,5.367882251739502,0.7709447145462036,7.570581436157227,-0.0969405472278595,0.08122765272855759,0.06844428181648254,-20.944597244262695,-10.857687950134277,37.4472541809082,44.25903734873155,232560272,1720697914
1.0,0,5.46604585647583,1.8746886253356934,7.510725498199463,-0.051133476197719574,0.01384864840656519,0.06471580266952515,-21.468212127685547,-12.784051895141602,38.2906608581543,45.72188561040728,244560272,1720697914
1.0,0,10.946456909179688,1.4580910205841064,5.047054290771484,-0.09374470263719559,0.027430977672338486,-0.022370893508195877,-20.77005958557129,-12.083556175231934,37.95329666137695,44.920601426234875,257560272,1720697914
1.0,0,9.481184005737305,0.514761209487915,3.512347459793091,-0.006658004131168127,0.055128276348114014,0.044741787016391754,-21.119136810302734,-12.083556175231934,38.2906608581543,45.36744403651653,269560272,1720697914
1.0,0,4.8387556076049805,2.7198545932769775,9.545827865600586,0.02263721451163292,0.0737706869840622,0.02982785925269127,-20.77005958557129,-9.982068061828613,37.615936279296875,44.113441490630535,282560272,1720697914
1.0,0,5.391824722290039,2.868297576904297,9.416539192199707,-0.03914906829595566,0.017044490203261375,-0.0018642412032932043,-21.817289352416992,-10.682564735412598,37.95329666137695,45.06178016323651,294560272,1720697914
1.0,0,8.406169891357422,2.044679641723633,7.060608386993408,-0.05166611075401306,-0.01145176775753498,0.006658004131168127,-20.944597244262695,-11.558184623718262,38.45934295654297,45.292260334071706,307560272,1720697914
1.0,0,9.62723159790039,0.2825201153755188,3.639242172241211,-0.04261122643947601,0.05273139104247093,0.008522245101630688,-21.642751693725586,-12.25868034362793,38.121978759765625,45.51888848822578,319560272,1720697914
1.0,0,6.823578834533691,1.6903321743011475,7.685504913330078,0.02689833752810955,0.046872351318597794,0.022370893508195877,-21.642751693725586,-11.558184623718262,37.78461456298828,45.051941471437225,332560272,1720697914
1.0,0,6.107701301574707,2.573806047439575,8.959239959716797,-0.01651185005903244,0.043676506727933884,-0.009321206249296665,-21.9918270111084,-10.507440567016602,38.121978759765625,45.24745326663065,344560272,1720697914
1.0,0,28.240039825439453,9.766098022460938,39.22600173950195,-0.47325095534324646,0.2921532392501831,-0.12490416318178177,-22.864519119262695,-12.433804512023926,37.95329666137695,46.019978885966935,357560272,1720697914
1.0,0,-39.08833312988281,-3.512347459793091,20.181034088134766,-1.507105827331543,0.7137380838394165,-0.21971413493156433,-21.9918270111084,-10.507440567016602,37.4472541809082,44.68046114629358,369560272,1720697914
1.0,0,39.22600173950195,17.181053161621094,38.00135040283203,-1.571821689605713,0.7156022787094116,-1.0128155946731567,-20.595521926879883,-10.857687950134277,39.13406753540039,45.5361411730107,382278482,1720697914
1.0,0,-38.90876388549805,-14.889766693115234,-2.5857772827148438,-2.38596248626709,1.3662225008010864,-0.657011866569519,-21.468212127685547,-10.682564735412598,36.94121170043945,44.04150818469175,394278482,1720697914
1.0,0,13.826725006103516,39.22600173950195,39.22600173950195,-2.286891222000122,1.5047088861465454,-1.3997787237167358,-21.119136810302734,-13.834795951843262,36.266483306884766,44.18910872703786,407278482,1720697914
1.0,0,-18.05974006652832,-16.23772430419922,-20.068504333496094,-2.654679536819458,1.5286777019500732,-1.1249364614486694,-21.29367446899414,-12.25868034362793,35.760440826416016,43.38784327733224,419278482,1720697914
1.0,0,29.248014450073242,14.880189895629883,9.797223091125488,-2.157992362976074,1.543325424194336,-1.1939133405685425,-19.37375259399414,-10.682564735412598,35.92912292480469,42.19432844643106,432278482,1720697914
1.0,0,-12.840300559997559,-4.836360931396484,-1.0893784761428833,-2.245877981185913,1.6727570295333862,-0.9675412178039551,-19.37375259399414,-11.032812118530273,33.230220794677734,40.01640672123268,444278482,1720697914
1.0,0,16.381378173828125,9.579346656799316,13.630398750305176,-2.0980701446533203,1.3465147018432617,-1.2775378227233887,-20.420982360839844,-12.433804512023926,33.56758499145508,41.2116340052602,457278482,1720697914
1.0,0,-0.8116468191146851,-5.207468032836914,-1.9704581499099731,-2.1468069553375244,1.5385315418243408,-1.1843258142471313,-20.420982360839844,-12.433804512023926,33.56758499145508,41.2116340052602,469278482,1720697914
1.0,0,2.6911237239837646,6.332759857177734,9.337529182434082,-1.863974928855896,1.5262808799743652,-1.257563829421997,-20.420982360839844,-12.433804512023926,33.56758499145508,41.2116340052602,482278482,1720697914
1.0,0,-4.146820545196533,4.517927646636963,8.183506965637207,-1.9806231260299683,1.5414612293243408,-1.296446681022644,-20.420982360839844,-12.433804512023926,33.56758499145508,41.2116340052602,494278482,1720697914
1.0,0,9.050220489501953,8.7461519241333,10.805196762084961,-1.9028576612472534,1.4985836744308472,-1.360363483428955,-20.420982360839844,-12.433804512023926,33.56758499145508,41.2116340052602,507278482,1720697914
1.0,0,12.603269577026367,0.30646249651908875,7.587340831756592,-1.8778234720230103,1.5169596672058105,-1.376608967781067,-19.37375259399414,-13.834795951843262,29.181869506835938,37.66066086138737,519278482,1720697914
1.0,0,9.174720764160156,1.5466779470443726,10.22818660736084,-1.8778234720230103,1.4871318340301514,-1.432269811630249,-19.199214935302734,-14.009920120239258,30.02527618408203,38.2936669155337,532278482,1720697914
1.0,0,6.126855850219727,0.24900077283382416,5.8395466804504395,-1.9097819328308105,1.5095027685165405,-1.519889235496521,-19.024675369262695,-12.433804512023926,27.15769386291504,35.41296518933243,544278482,1720697914
1.0,0,5.329574108123779,1.9896119832992554,7.261724948883057,-1.809911847114563,1.5342705249786377,-1.5324063301086426,-18.15198516845703,-13.30942440032959,27.66373634338379,35.6639545185363,557278482,1720697914
1.0,0,0.26097196340560913,6.818790435791016,10.944063186645508,-1.725754737854004,1.6591746807098389,-1.5348031520843506,-17.45383071899414,-12.608928680419922,26.314287185668945,34.0009264480408,569278482,1720697914
1.0,0,0.5937711000442505,4.683129787445068,10.204242706298828,-1.7159008979797363,1.7127050161361694,-1.5957905054092407,-17.802907943725586,-13.659672737121582,25.63956069946289,34.072235961255494,582278482,1720697914
1.0,0,11.489949226379395,-0.7254542112350464,8.145198822021484,-1.730015754699707,1.6184276342391968,-1.6786160469055176,-16.93021583557129,-12.083556175231934,25.47088050842285,32.884803358897706,595278482,1720697914
1.0,0,8.09970760345459,-0.3112509846687317,7.359888076782227,-1.7332117557525635,1.637869119644165,-1.6716917753219604,-17.977445602416992,-13.834795951843262,25.47088050842285,34.10800321466145,607278482,1720697914
1.0,0,3.7996559143066406,2.1572086811065674,9.48597240447998,-1.6434617042541504,1.6101717948913574,-1.7542510032653809,-15.010294914245605,-12.959176063537598,23.952747344970703,31.096355140601194,620278482,1720697914
1.0,0,9.624837875366211,0.2537892460823059,8.719816207885742,-1.6434617042541504,1.6101717948913574,-1.7542510032653809,-15.533909797668457,-12.433804512023926,24.796154022216797,31.79231200367197,632278482,1720697914
1.0,0,1.5323125123977661,3.950493097305298,10.381417274475098,-1.533205270767212,1.825624704360962,-1.7507888078689575,-14.486680030822754,-14.185044288635254,21.422527313232422,29.495831167678112,645278482,1720697914
1.0,0,1.996794581413269,1.170782446861267,9.035855293273926,-1.5047088861465454,1.8032538890838623,-1.8389408588409424,-13.264911651611328,-13.659672737121582,21.928571701049805,29.04146685789819,657278482,1720697914
1.0,0,7.616071701049805,-0.059855956584215164,8.7461519241333,-1.5089701414108276,1.7720943689346313,-1.8762255907058716,-12.043143272399902,-12.433804512023926,21.422527313232422,27.541994681013332,670278482,1720697914
1.0,0,9.545827865600586,-1.2210614681243896,8.511516571044922,-1.478609561920166,1.7398695945739746,-1.9055207967758179,-13.090373992919922,-13.484548568725586,19.735713958740234,27.252327365530594,682278482,1720697914
1.0,0,-3.4381263256073,4.963255882263184,11.81317138671875,-1.4173558950424194,1.7888725996017456,-1.9191031455993652,-11.344990730285645,-13.834795951843262,18.7236270904541,25.89757913631683,695278482,1720697914
1.0,0,-3.694309711456299,2.530709743499756,10.568167686462402,-1.3624939918518066,1.930821180343628,-1.9188368320465088,-9.250530242919922,-13.484548568725586,18.7236270904541,24.85919490449926,707278482,1720697914
1.0,0,-2.138054609298706,5.480411052703857,11.363054275512695,-1.2738094329833984,1.9294896125793457,-1.9750303030014038,-11.344990730285645,-15.235788345336914,18.7236270904541,26.672312846780986,720278482,1720697914
1.0,0,8.063794136047363,-1.4700623750686646,9.066980361938477,-1.2929843664169312,1.8575831651687622,-2.0386810302734375,-9.599607467651367,-13.834795951843262,17.036813735961914,23.95427028393867,732278482,1720697914
1.0,0,9.56258773803711,-2.2098820209503174,9.232182502746582,-1.2623577117919922,1.8911396265029907,-2.071171998977661,-7.156070709228516,-14.535292625427246,16.699451446533203,23.267053064739375,745278482,1720697914
1.0,0,5.4516801834106445,0.9433298707008362,11.24813175201416,-1.2224096059799194,1.8730298280715942,-2.0535948276519775,-8.72691535949707,-15.761160850524902,16.868131637573242,24.6800953804973,757278482,1720697914
1.0,0,-1.6208992004394531,2.937730312347412,11.418122291564941,-1.1750046014785767,1.9710355997085571,-2.074101448059082,-6.981532573699951,-13.30942440032959,14.843955993652344,21.124052747690474,770278482,1720697914
1.0,0,-6.174740314483643,1.2210614681243896,8.896988868713379,-1.0772651433944702,2.0429420471191406,-2.122305393218994,-6.806994438171387,-14.185044288635254,15.012638092041016,21.74695282641779,782278482,1720697914
1.0,0,-1.8866597414016724,1.2881001234054565,10.000733375549316,-1.037583351135254,2.049600124359131,-2.1420130729675293,-6.806994438171387,-14.185044288635254,15.012638092041016,21.74695282641779,795278482,1720697914
1.0,0,7.115676403045654,-0.3758954107761383,11.245737075805664,-1.008554458618164,2.021636486053467,-2.1784989833831787,-6.806994438171387,-14.185044288635254,15.012638092041016,21.74695282641779,807278482,1720697914
1.0,0,6.995964527130127,0.10055800527334213,11.298409461975098,-0.9672749042510986,1.9771610498428345,-2.1824936866760254,-6.806994438171387,-14.185044288635254,15.012638092041016,21.74695282641779,820278482,1720697914
1.0,0,-0.03112509660422802,1.6208992004394531,11.722190856933594,-0.9334521889686584,2.050931692123413,-2.1902170181274414,-6.806994438171387,-14.185044288635254,15.012638092041016,21.74695282641779,832278482,1720697914
1.0,0,1.7334284782409668,-0.19393329322338104,11.279255867004395,-0.8767260313034058,2.0381484031677246,-2.2051310539245605,-0.17453831434249878,-14.885540008544922,12.65109920501709,19.536122339511216,845278482,1720697914
1.0,0,-4.429340839385986,-1.2881001234054565,7.704658508300781,-0.8413054347038269,2.155595541000366,-2.2557318210601807,0.5236149430274963,-15.936284065246582,11.63901138305664,19.74097030015789,857278482,1720697914
1.0,0,-4.429340839385986,-1.2881001234054565,7.704658508300781,-0.8413054347038269,2.155595541000366,-2.2557318210601807,1.0472298860549927,-14.36016845703125,11.470330238342285,18.408682851447885,870278482,1720697914
1.0,0,4.731014728546143,2.018342971801758,12.679885864257812,-0.7004221081733704,2.1196422576904297,-2.2551991939544678,1.9199213981628418,-14.885540008544922,11.63901138305664,18.992945677172806,882278482,1720697914
1.0,0,4.731014728546143,2.018342971801758,12.679885864257812,-0.7004221081733704,2.1196422576904297,-2.2551991939544678,5.236149311065674,-13.659672737121582,9.44615364074707,17.41360782542306,895278482,1720697914
1.0,0,2.7150661945343018,-0.560251772403717,10.951245307922363,-0.6508864760398865,2.1356215476989746,-2.3065989017486572,5.585226058959961,-13.659672737121582,12.145055770874023,19.112398831454634,907278482,1720697914
1.0,0,-2.2577667236328125,-1.8268038034439087,9.162749290466309,-0.6016172766685486,2.2147185802459717,-2.323110818862915,6.981532573699951,-15.41091251373291,9.10879135131836,19.21478861360216,920278482,1720697914
1.0,0,-3.821204423904419,0.878685474395752,10.395782470703125,-0.5552775859832764,2.28928804397583,-2.326572895050049,9.075992584228516,-13.659672737121582,10.458242416381836,19.450838930854417,932278482,1720697914
1.0,0,-3.9337332248687744,-1.4940046072006226,8.87065315246582,-0.47884365916252136,2.2751731872558594,-2.338024854660034,9.599607467651367,-13.484548568725586,8.602747917175293,18.65456473257339,945278482,1720697914
1.0,0,-0.6512327790260315,-0.4525110125541687,11.190669059753418,-0.4322376251220703,2.258927583694458,-2.3382911682128906,10.472298622131348,-14.710416793823242,9.10879135131836,20.224625597546748,957278482,1720697914
1.0,0,1.3359850645065308,0.39265507459640503,10.805196762084961,-0.402942419052124,2.287423849105835,-2.359330415725708,12.56675910949707,-15.060664176940918,10.458242416381836,22.228852296205652,970278482,1720697914
1.0,0,-3.5219244956970215,-1.640053153038025,9.864261627197266,-0.3446182906627655,2.3223118782043457,-2.3553357124328613,14.137603759765625,-14.885540008544922,7.5906596183776855,21.887650738628857,982278482,1720697914
1.0,0,-3.153211832046509,-2.142843246459961,9.948060035705566,-0.3065345287322998,2.366521120071411,-2.3619935512542725,16.057525634765625,-13.659672737121582,8.434065818786621,22.706040056162205,995278482,1720697914
1.0,0,-3.229827404022217,-0.21069295704364777,10.623235702514648,-0.2721792161464691,2.314056158065796,-2.3350954055786133,17.45383071899414,-14.36016845703125,9.10879135131836,24.368437060334234,7278482,1720697915
1.0,0,-2.1021411418914795,-1.7070918083190918,10.501129150390625,-0.26791810989379883,2.3113925457000732,-2.3494765758514404,17.977445602416992,-14.885540008544922,8.940110206604004,24.993867692697716,20278482,1720697915
1.0,0,-0.8403776288032532,-4.209070682525635,9.344712257385254,-0.2008054107427597,2.4030070304870605,-2.3899571895599365,19.37375259399414,-14.185044288635254,8.940110206604004,25.62193087083921,32278482,1720697915
1.0,0,-2.4349403381347656,-2.061439037322998,8.786853790283203,-0.10919126868247986,2.410463809967041,-2.3779728412628174,21.9918270111084,-13.30942440032959,8.09670352935791,26.950655672857433,45278482,1720697915
1.0,0,-5.616883277893066,-0.18675057590007782,10.431695938110352,-0.035686902701854706,2.4557383060455322,-2.3334975242614746,23.0390567779541,-14.36016845703125,7.759340763092041,28.23508357363034,57278482,1720697915
1.0,0,-3.514741897583008,-0.4716649353504181,11.288832664489746,-0.019441373646259308,2.433100938796997,-2.3422858715057373,25.13351821899414,-15.060664176940918,9.783516883850098,30.890687045316454,70278482,1720697915
1.0,0,0.19153906404972076,2.348747730255127,12.991137504577637,0.03302370011806488,2.4195189476013184,-2.3532049655914307,25.482593536376953,-12.959176063537598,8.771429061889648,29.903859038153062,83278482,1720697915
1.0,0,0.07422138750553131,-1.2330327033996582,10.575349807739258,0.04527442902326584,2.4956862926483154,-2.3721137046813965,28.27520751953125,-12.959176063537598,9.10879135131836,32.40983931463059,95278482,1720697915
1.0,0,-2.2793147563934326,-3.998378038406372,7.9057745933532715,0.11771351844072342,2.4975504875183105,-2.374244213104248,30.71874237060547,-11.558184623718262,9.783516883850098,34.24835714664528,108278482,1720697915
1.0,0,-6.33754825592041,-2.2314300537109375,8.801219940185547,0.17736923694610596,2.543091297149658,-2.353471279144287,32.98773956298828,-12.433804512023926,10.289560317993164,36.724181511047846,120278482,1720697915
1.0,0,-4.17076301574707,-2.3295936584472656,9.421327590942383,0.1901526004076004,2.4962189197540283,-2.3350954055786133,32.98773956298828,-12.433804512023926,10.289560317993164,36.724181511047846,133278482,1720697915
1.0,0,-7.865072250366211,-0.5291266441345215,9.584136009216309,0.2588632106781006,2.578511953353882,-2.310060977935791,32.98773956298828,-12.433804512023926,10.289560317993164,36.724181511047846,145278482,1720697915
1.0,0,-6.481202602386475,-0.3758954107761383,8.949663162231445,0.29241955280303955,2.651749849319458,-2.315920352935791,32.98773956298828,-12.433804512023926,10.289560317993164,36.724181511047846,158278482,1720697915
1.0,0,-5.928133964538574,-4.106118679046631,8.279275894165039,0.31612205505371094,2.624318838119507,-2.334296464920044,37.351200103759766,-11.20793628692627,11.132966995239258,40.5545674261234,170278482,1720697915
1.0,0,-4.379061698913574,-4.474831581115723,8.262516021728516,0.3621954321861267,2.604877471923828,-2.315387725830078,40.66742706298828,-9.281572341918945,10.964285850524902,43.13006808797972,183278482,1720697915
1.0,0,0.16520243883132935,-1.0462820529937744,10.31437873840332,0.38882744312286377,2.5622663497924805,-2.281564950942993,41.016502380371094,-10.332316398620605,11.30164909362793,43.78170282110659,195278482,1720697915
1.0,0,-0.3399818241596222,-3.663184404373169,9.907357215881348,0.46179917454719543,2.5843708515167236,-2.23868727684021,42.76188659667969,-9.982068061828613,12.313736915588379,45.605358730357516,208278482,1720697915
1.0,0,-9.682299613952637,-5.0446600914001465,6.512328147888184,0.5105357766151428,2.7393693923950195,-2.265319347381592,44.856346130371094,-9.631820678710938,13.663187026977539,47.87009961853713,220278482,1720697915
1.0,0,-11.89936351776123,-1.3599272966384888,7.3120036125183105,0.5470216274261475,2.746826171875,-2.2663846015930176,44.1581916809082,-8.230828285217285,15.012638092041016,47.36107821060627,233278482,1720697915
1.0,0,-7.108493804931641,0.11013495922088623,9.730184555053711,0.5832412242889404,2.705812931060791,-2.2330946922302246,47.64896011352539,-7.530332088470459,15.012638092041016,50.52235746425123,245278482,1720697915
1.0,0,-2.035102367401123,-3.509953260421753,9.040643692016602,0.5864369869232178,2.7138023376464844,-2.2205774784088135,48.696189880371094,-7.880580425262451,14.675274848937988,51.46635938742955,258278482,1720697915
1.0,0,-0.4070205092430115,-4.154003143310547,9.150778770446777,0.6295808553695679,2.680778980255127,-2.182760000228882,49.56888198852539,-7.355208396911621,15.85604476928711,52.56032065998069,270278482,1720697915
1.0,0,-8.135621070861816,-2.5690176486968994,7.881832599639893,0.714004397392273,2.7992911338806152,-2.181162118911743,51.8378791809082,-7.880580425262451,16.699451446533203,55.02854663198534,283278482,1720697915
1.0,0,-11.061380386352539,-3.2609524726867676,6.351913928985596,0.7254561185836792,2.7918343544006348,-2.1824936866760254,52.536033630371094,-5.779092311859131,18.04890251159668,55.84975934982704,295278482,1720697915
1.0,0,-7.972813129425049,-1.9608811140060425,7.501148700714111,0.7819160223007202,2.7995574474334717,-2.1380183696746826,54.455955505371094,-4.553224086761475,18.89230728149414,57.819566013639516,308278482,1720697915
1.0,0,-0.598559558391571,-4.836360931396484,9.162749290466309,0.7859108448028564,2.7857091426849365,-2.094874382019043,54.805030822753906,-5.253720283508301,19.567033767700195,58.4299733935133,320278482,1720697915
1.0,0,-5.511536598205566,-4.024714469909668,7.616071701049805,0.8184019327163696,2.8405709266662598,-2.112717866897583,56.20133590698242,-3.8527281284332275,19.229671478271484,59.52490182203865,333278482,1720697915
1.0,0,-10.910543441772461,-2.2553725242614746,5.9209513664245605,0.8745954036712646,2.89410138130188,-2.113250494003296,56.5504150390625,-4.903471946716309,21.253847122192383,60.61121592342448,345278482,1720697915
1.0,0,-7.127647399902344,-2.832383871078491,7.05821418762207,0.8911072611808777,2.860811233520508,-2.089548110961914,60.04117965698242,-2.1014881134033203,22.94066047668457,64.30889059841829,358278482,1720697915
1.0,0,-5.087756156921387,-4.096541881561279,7.211445331573486,0.919337272644043,2.8517563343048096,-2.022968053817749,59.5175666809082,-0.8756200075149536,24.121429443359375,64.22577996727544,370278482,1720697915
1.0,0,-5.281689643859863,-4.300051689147949,6.184317111968994,0.9467682242393494,2.902623414993286,-1.984085202217102,60.390254974365234,-2.1014881134033203,24.290111541748047,65.12609820087629,383278482,1720697915
1.0,0,-4.453282833099365,-5.037477493286133,6.344731330871582,0.971802294254303,2.903688669204712,-2.0131142139434814,60.564796447753906,-1.5761160850524902,27.49505615234375,66.5323742511265,395278482,1720697915
1.0,0,-9.818770408630371,-1.4700623750686646,6.265721797943115,1.0535625219345093,2.9510936737060547,-1.9790252447128296,62.484718322753906,-0.3502480089664459,26.989011764526367,68.06518532676911,408278482,1720697915
1.0,0,-9.653568267822266,-1.0726187229156494,7.168349266052246,1.0647480487823486,2.963078260421753,-1.966508150100708,62.310176849365234,-0.17512400448322296,28.507143020629883,68.5218652009325,420278482,1720697915
1.0,0,-7.443686485290527,-7.8842267990112305,4.539475917816162,1.0330559015274048,2.946566343307495,-1.9310874938964844,63.706485748291016,1.5761160850524902,28.844507217407227,69.95002548195265,433278482,1720697915
1.0,0,-13.977561950683594,-11.159544944763184,0.720665693283081,1.0684765577316284,2.948963165283203,-1.8653064966201782,64.0555648803711,0.8756200075149536,31.543407440185547,71.40636285008881,445278482,1720697915
1.0,0,29.516170501708984,19.39093589782715,39.22600173950195,1.1595580577850342,2.0019285678863525,-1.388593316078186,64.0555648803711,0.8756200075149536,31.543407440185547,71.40636285008881,458278482,1720697915
1.0,0,-39.22719955444336,-16.922475814819336,17.69581413269043,0.32544323801994324,1.568093180656433,-0.7616757154464722,64.0555648803711,0.8756200075149536,31.543407440185547,71.40636285008881,470278482,1720697915
1.0,0,-4.0917534828186035,4.015137672424316,19.8338680267334,0.0015979211311787367,0.9885805249214172,-0.2932184934616089,64.0555648803711,0.8756200075149536,31.543407440185547,71.40636285008881,483278482,1720697915
1.0,0,23.492265701293945,1.8028613328933716,29.911218643188477,0.05060083419084549,-0.42984074354171753,-0.03169209882616997,65.27732849121094,2.8019840717315674,32.724178314208984,73.07429490612853,495278482,1720697915
1.0,0,-32.2695426940918,-9.952848434448242,2.6887295246124268,-0.31239354610443115,-0.1387528032064438,0.356336385011673,65.80094146728516,3.3273561000823975,32.21813201904297,73.34059740276408,508278482,1720697915
1.0,0,0.3304048776626587,-2.403815269470215,4.898611545562744,-0.3544721305370331,-0.33875924348831177,0.3432866930961609,65.10279083251953,3.6776041984558105,31.880769729614258,72.58292929729399,520278482,1720697915
1.0,0,-2.068621873855591,-4.4772257804870605,-3.2394042015075684,-0.06684636324644089,-0.4127962589263916,0.1219746395945549,64.0555648803711,4.0278520584106445,33.230220794677734,72.27438383280003,533278482,1720697915
1.0,0,-12.687068939208984,-8.889806747436523,0.6823578476905823,0.04847027361392975,-0.14248129725456238,0.08415716886520386,64.57917785644531,3.1522321701049805,32.724178314208984,72.46570655564456,546278482,1720697915
1.0,0,-1.8627172708511353,-5.027900218963623,8.705450057983398,-0.004793763160705566,-0.11718087643384933,0.136355921626091,64.75371551513672,4.0278520584106445,33.230220794677734,72.89386009317063,558278482,1720697915
1.0,0,-9.84031867980957,-5.813210487365723,6.495568752288818,-0.01384864840656519,-0.04660603031516075,0.052997712045907974,63.88102340698242,3.8527281284332275,32.724178314208984,71.87837304708003,571278482,1720697915
1.0,0,-7.671139240264893,-5.391824722290039,7.292849540710449,-0.01384864840656519,-0.04660603031516075,0.052997712045907974,64.4046401977539,2.6268601417541504,32.89285659790039,72.36572454122542,583278482,1720697915
1.0,0,-5.897008895874023,-4.980015754699707,5.810816287994385,-0.0394153855741024,0.030360499396920204,0.0031958422623574734,65.27732849121094,2.1014881134033203,33.06153869628906,73.20253553126732,596278482,1720697915
1.0,0,-7.2856669425964355,-6.131644248962402,4.6807355880737305,-0.015979209914803505,0.014913929626345634,0.0007989605655893683,66.3245620727539,3.8527281284332275,32.724178314208984,74.05850993987357,608278482,1720697915
1.0,0,-5.580969333648682,-6.4620490074157715,5.681527137756348,-0.000532640318851918,0.02902889810502529,-0.020240332931280136,65.27732849121094,3.1522321701049805,32.0494499206543,72.78896497972912,621278482,1720697915
1.0,0,-4.403004169464111,-5.0446600914001465,6.995964527130127,-0.01145176775753498,0.025300417095422745,0.016245530918240547,64.57917785644531,3.1522321701049805,32.724178314208984,72.46570655564456,633278482,1720697915
1.0,0,-7.331157207489014,-5.346334457397461,5.923345565795898,-0.03115946054458618,0.011185446754097939,0.046872351318597794,65.97547912597656,2.4517359733581543,32.724178314208984,73.68613642691122,646278482,1720697915
1.0,0,1.5442836284637451,-8.233785629272461,12.325538635253906,0.0015979211311787367,-0.2620590329170227,0.09587526321411133,64.92825317382812,3.5024800300598145,32.724178314208984,72.79297543654769,658278482,1720697915
1.0,0,12.359057426452637,-15.272845268249512,-0.15323124825954437,-0.15473201870918274,-0.9070864915847778,0.430107057094574,65.10279083251953,5.078596115112305,30.868682861328125,72.22908759133314,671278482,1720697915
1.0,0,4.479619979858398,-9.186692237854004,0.23942382633686066,-0.07590124756097794,-0.6916335225105286,0.8373106122016907,65.10279083251953,1.2258679866790771,31.543407440185547,72.35235089090821,683278482,1720697915
1.0,0,14.094880104064941,-3.89542555809021,7.53466796875,0.09987006336450577,-1.3300029039382935,1.0157451629638672,65.80094146728516,2.2766120433807373,31.543407440185547,73.0063929619503,696278482,1720697915
1.0,0,-24.287151336669922,-10.379022598266602,1.300071358680725,0.04847027361392975,-0.9955047965049744,1.0879179239273071,63.706485748291016,1.5761160850524902,31.880769729614258,71.25576430621916,708278482,1720697915
1.0,0,-6.945684909820557,-1.0271282196044922,13.175493240356445,0.015712888911366463,-1.1643517017364502,0.9406428933143616,63.53194808959961,1.7512400150299072,31.037363052368164,70.7297191772619,721278482,1720697915
1.0,0,-6.945684909820557,-1.0271282196044922,13.175493240356445,0.015712888911366463,-1.1643517017364502,0.9406428933143616,61.61202621459961,-0.17512400448322296,28.507143020629883,67.88762513068271,733278482,1720697915
1.0,0,-5.178737163543701,-6.392616271972656,5.691104412078857,-0.11691455543041229,-1.1073592901229858,0.8391748070716858,64.4046401977539,1.9263640642166138,28.844507217407227,70.59514256749611,746278482,1720697915
1.0,0,3.792473316192627,-3.972041130065918,6.138826847076416,-0.09827214479446411,-1.1568949222564697,0.8434359431266785,62.65925598144531,0.5253720283508301,27.15769386291504,68.2934748850011,758278482,1720697915
1.0,0,-2.8706917762756348,-6.660770893096924,3.42854905128479,-0.03329002112150192,-1.1614222526550293,0.9235983490943909,62.65925598144531,0.5253720283508301,27.15769386291504,68.2934748850011,771278482,1720697915
1.0,0,-9.854684829711914,-5.93292236328125,4.412580966949463,0.03089314140379429,-1.0647480487823486,0.9302563667297363,62.65925598144531,0.5253720283508301,27.15769386291504,68.2934748850011,783278482,1720697915
1.0,0,-6.720626354217529,-4.498773574829102,9.845107078552246,0.027430977672338486,-1.1033644676208496,0.854621410369873,62.65925598144531,0.5253720283508301,27.15769386291504,68.2934748850011,796278482,1720697915
1.0,0,-7.115676403045654,-4.405398368835449,7.769303321838379,-0.02982785925269127,-1.049834132194519,0.8181356191635132,62.484718322753906,-1.7512400150299072,27.326374053955078,68.2212399799418,808278482,1720697915
1.0,0,-3.995983600616455,-4.951284408569336,7.082156658172607,-0.0431438684463501,-1.0871189832687378,0.8317179083824158,61.786563873291016,-2.8019840717315674,27.66373634338379,67.75479981877861,821278482,1720697915
1.0,0,-5.5570268630981445,-4.38385009765625,5.8395466804504395,-0.009587526321411133,-1.0804609060287476,0.8655405044555664,61.786563873291016,-2.8019840717315674,26.651649475097656,67.34791021071094,833278482,1720697915
1.0,0,-3.8259928226470947,-4.28808069229126,6.040663242340088,0.002396881580352783,-1.096440076828003,0.8644752502441406,62.13563919067383,-3.1522321701049805,26.314287185668945,67.55157981407768,846278482,1720697915
1.0,0,-6.660770893096924,-4.659187316894531,7.151589870452881,0.0375511460006237,-1.0698081254959106,0.862877368927002,61.786563873291016,-4.202976226806641,24.96483612060547,66.77190671951836,858278482,1720697915
1.0,0,-8.7892484664917,-2.659998655319214,7.381436824798584,0.028496257960796356,-1.032523274421692,0.8692690134048462,62.83379364013672,-4.903471946716309,24.627473831176758,67.66566431838835,871278482,1720697915
1.0,0,-7.321580410003662,-3.995983600616455,8.059005737304688,0.017310811206698418,-1.0506330728530884,0.8572846055030823,60.564796447753906,-5.428843975067139,25.133516311645508,65.79711663782264,883278482,1720697915
1.0,0,-2.4947962760925293,-3.509953260421753,7.929717063903809,0.010120166465640068,-1.0996359586715698,0.8607468008995056,60.04117965698242,-4.202976226806641,22.94066047668457,64.41181698160408,896278482,1720697915
1.0,0,-5.331968307495117,-5.475622653961182,6.270510196685791,0.0143812894821167,-1.0341212749481201,0.8586162328720093,60.21571731567383,-6.479588031768799,21.08516502380371,64.12879117045337,908278482,1720697915
1.0,0,-8.647988319396973,-5.178737163543701,5.777297019958496,0.0287625789642334,-1.0106850862503052,0.8490287065505981,60.04117965698242,-6.304464340209961,21.253847122192383,64.00324634510771,921278482,1720697915
1.0,0,-4.271320819854736,-2.887451410293579,7.922534465789795,0.051932431757450104,-1.0660796165466309,0.8463655114173889,60.390254974365234,-7.004960060119629,21.591209411621094,64.5153678216996,933278482,1720697915
1.0,0,-3.921762228012085,-2.45169997215271,8.707844734191895,0.06791163980960846,-1.0567584037780762,0.8711333274841309,59.866641998291016,-7.180084228515625,23.10934066772461,64.57251783674748,946278482,1720697915
1.0,0,-3.4716453552246094,-2.1069295406341553,9.737366676330566,0.05486195534467697,-1.0679439306259155,0.8647415637969971,58.29579544067383,-8.055704116821289,20.241758346557617,62.23361564170199,958278482,1720697915
1.0,0,-4.85072660446167,-5.142823696136475,7.637619972229004,0.052198752760887146,-1.0647480487823486,0.8663395643234253,58.81941223144531,-8.581076622009277,18.7236270904541,62.32120299438931,971278482,1720697915
1.0,0,-7.201868534088135,-3.4405205249786377,7.036666393280029,0.04554075002670288,-1.0255990028381348,0.8471644520759583,57.77218246459961,-7.530332088470459,21.422527313232422,62.07459741771852,983278482,1720697915
1.0,0,-6.205865383148193,-4.613697052001953,7.249752998352051,0.04980187490582466,-1.0405129194259644,0.8484960198402405,57.5976448059082,-10.15719223022461,20.579120635986328,62.00126972360951,996278482,1720697915
1.0,0,-5.128458499908447,-3.0311055183410645,7.149195671081543,0.05912308022379875,-1.0221368074417114,0.8378432393074036,57.946720123291016,-9.806943893432617,19.229671478271484,61.836710672044994,8278482,1720697916
1.0,0,-0.6632039546966553,-2.834778070449829,11.020678520202637,0.07084116339683533,-1.0969727039337158,0.8612794280052185,56.20133590698242,-9.456696510314941,17.205495834350586,59.53191038026186,21278482,1720697916
1.0,0,-7.01511812210083,-3.663184404373169,8.145198822021484,0.06658004224300385,-1.0248000621795654,0.8522245287895203,56.5504150390625,-10.507440567016602,17.542858123779297,60.13408034975393,33278482,1720697916
1.0,0,-5.2002854347229,-2.966461181640625,8.583344459533691,0.08149396628141403,-1.0250663757324219,0.848229706287384,56.724952697753906,-12.083556175231934,17.711538314819336,60.6418269668693,46278482,1720697916
1.0,0,-6.222624778747559,-1.6903321743011475,8.420536041259766,0.09188045561313629,-1.018674612045288,0.8423706889152527,53.93233871459961,-11.383060455322266,17.036813735961914,57.69336397567472,59278482,1720697916
1.0,0,-4.90339994430542,-2.501979112625122,7.817187786102295,0.08974990248680115,-1.0077555179595947,0.8445013165473938,54.6304931640625,-11.383060455322266,16.362089157104492,58.1530980280779,71278482,1720697916
1.0,0,-3.9337332248687744,-3.4381263256073,9.56258773803711,0.11611559242010117,-1.042110800743103,0.8543550968170166,54.805030822753906,-12.25868034362793,16.19340705871582,58.447353057427016,84278482,1720697916
1.0,0,-2.55704665184021,-3.3639047145843506,8.861075401306152,0.08921726047992706,-1.042643427848816,0.8391748070716858,54.28141403198242,-13.134300231933594,17.036813735961914,58.38865278603309,96278482,1720697916
1.0,0,-7.754937171936035,-3.507559061050415,8.221814155578613,0.10200062394142151,-0.9861835837364197,0.8223966360092163,54.28141403198242,-13.134300231933594,17.036813735961914,58.38865278603309,109278482,1720697916
1.0,0,-3.5554440021514893,-3.6440305709838867,8.171534538269043,0.10386486351490021,-0.9965700507164001,0.8258588314056396,54.28141403198242,-13.134300231933594,17.036813735961914,58.38865278603309,121278482,1720697916
1.0,0,-3.5554440021514893,-3.6440305709838867,8.171534538269043,0.10386486351490021,-0.9965700507164001,0.8258588314056396,54.28141403198242,-13.134300231933594,17.036813735961914,58.38865278603309,134278482,1720697916
1.0,0,-2.394238233566284,-1.4820334911346436,10.328743934631348,0.11611559242010117,-1.035186529159546,0.8335821032524109,54.28141403198242,-13.134300231933594,17.036813735961914,58.38865278603309,146278482,1720697916
1.0,0,-4.046262741088867,-2.9592783451080322,8.877835273742676,0.10519646853208542,-1.0146799087524414,0.8082817196846008,50.7906494140625,-15.235788345336914,12.9884614944458,54.594133809401285,159278482,1720697916
1.0,0,-6.967233180999756,-3.8738772869110107,7.886620998382568,0.12996424734592438,-0.9872488379478455,0.8402401804924011,49.7434196472168,-15.235788345336914,14.675274848937988,54.05460883768275,171278482,1720697916
1.0,0,-3.1795482635498047,-3.4477031230926514,8.813190460205078,0.13742120563983917,-1.0165441036224365,0.8373106122016907,48.8707275390625,-15.761160850524902,13.494505882263184,53.092974022556284,184278482,1720697916
1.0,0,-5.185919761657715,-2.4588825702667236,8.748546600341797,0.14168232679367065,-1.008554458618164,0.8210650682449341,49.21980285644531,-15.41091251373291,13.831868171691895,53.39855611205545,196278482,1720697916
1.0,0,-0.6536269783973694,-1.0989553928375244,10.139598846435547,0.14834032952785492,-1.0248000621795654,0.8194671869277954,48.34711456298828,-17.337276458740234,12.9884614944458,52.978531251500385,209278482,1720697916
1.0,0,-4.766928195953369,-3.0574424266815186,8.896988868713379,0.12437152117490768,-1.0125492811203003,0.8077490925788879,45.554500579833984,-19.088516235351562,13.663187026977539,51.24711362486225,221278482,1720697916
1.0,0,-6.871463298797607,-3.38545298576355,7.300032615661621,0.1350243240594864,-0.9648779630661011,0.804553210735321,47.125343322753906,-16.111408233642578,12.145055770874023,51.26283096197626,234278482,1720697916
1.0,0,-3.4884049892425537,-2.8706917762756348,9.572164535522461,0.1576615422964096,-1.0122829675674438,0.8152060508728027,45.72903823852539,-18.56314468383789,11.470330238342285,50.66856771757266,246278482,1720697916
1.0,0,-6.490779399871826,-3.248981475830078,8.042245864868164,0.17896714806556702,-0.9755308032035828,0.821597695350647,45.37996292114258,-18.56314468383789,12.819780349731445,50.67818212498091,259278482,1720697916
1.0,0,-0.83319491147995,-2.5714118480682373,9.897780418395996,0.18961995840072632,-1.0224031209945679,0.8088143467903137,45.0308837890625,-18.913393020629883,13.157143592834473,50.582678437379414,271278482,1720697916
1.0,0,-8.612074851989746,-1.5394952297210693,8.810796737670898,0.19334843754768372,-0.9438386559486389,0.8013573884963989,44.50727081298828,-18.388019561767578,11.976373672485352,49.62307875341499,284278482,1720697916
1.0,0,-2.375084400177002,-1.2545808553695679,9.476394653320312,0.16724906861782074,-0.9994996190071106,0.7949656844139099,44.1581916809082,-19.438764572143555,11.63901138305664,49.63142196828513,296278482,1720697916
1.0,0,-3.6488189697265625,-2.705489158630371,8.726998329162598,0.1808314025402069,-0.9829877018928528,0.792036235332489,42.76188659667969,-21.190004348754883,11.30164909362793,49.04408732806684,309278482,1720697916
1.0,0,-2.0039772987365723,-2.861114501953125,9.502731323242188,0.18775571882724762,-0.9720686078071594,0.7883077263832092,43.46004104614258,-19.789012908935547,10.964285850524902,48.99587496774026,321278482,1720697916
1.0,0,-1.2952828407287598,-2.889845609664917,10.206637382507324,0.19920749962329865,-1.0237348079681396,0.7960309386253357,41.36558151245117,-22.94124412536621,10.289560317993164,48.40751044435679,334278482,1720697916
1.0,0,-3.1125094890594482,-2.6145079135894775,9.167537689208984,0.20719709992408752,-0.976862370967865,0.8034879565238953,40.31835174560547,-22.24074935913086,8.940110206604004,46.90571383151814,346278482,1720697916
1.0,0,-2.9832208156585693,-0.8762912154197693,9.75412654876709,0.21678462624549866,-0.9859172701835632,0.7747253775596619,40.492889404296875,-23.116369247436523,9.44615364074707,47.57384195224353,359278482,1720697916
1.0,0,-3.1101152896881104,-1.27373468875885,10.249733924865723,0.22317631542682648,-0.9632800817489624,0.7845792174339294,39.62019729614258,-24.69248390197754,8.940110206604004,47.53319225068845,371278482,1720697916
1.0,0,-1.4389371871948242,-2.0829873085021973,10.438878059387207,0.19414740800857544,-0.9893794655799866,0.7496913075447083,38.04935073852539,-23.116369247436523,8.09670352935791,45.251256632821466,384278482,1720697916
1.0,0,-4.455677509307861,-1.2881001234054565,10.47479248046875,0.23782391846179962,-0.9720686078071594,0.7725948095321655,38.39842987060547,-24.51736068725586,8.771429061889648,46.39480961685874,396278482,1720697916
1.0,0,-1.0510705709457397,-0.9864261746406555,10.206637382507324,0.22504054009914398,-0.9848520159721375,0.7646052241325378,38.04935073852539,-25.568103790283203,8.434065818786621,46.61131288957265,409278482,1720697916
1.0,0,-4.929736614227295,-2.501979112625122,9.64877986907959,0.2133224606513977,-0.9787266254425049,0.762740969657898,37.52573776245117,-25.392980575561523,8.940110206604004,46.183438889209235,421278482,1720697916
1.0,0,-2.5929598808288574,1.1061381101608276,9.823558807373047,0.25034093856811523,-0.9371806979179382,0.7696652412414551,35.954891204833984,-24.51736068725586,8.434065818786621,44.3281924158438,434278482,1720697916
1.0,0,-4.714254856109619,-0.2801258862018585,9.80679988861084,0.2551347315311432,-0.9475671648979187,0.7592788338661194,34.55858612060547,-25.918352127075195,9.10879135131836,44.14778512587263,446278482,1720697916
1.0,0,-1.7980729341506958,-0.023942383006215096,9.881021499633789,0.25353679060935974,-0.9686064720153809,0.7496913075447083,34.55858612060547,-25.918352127075195,9.10879135131836,44.14778512587263,459278482,1720697916
1.0,0,-2.5905656814575195,-0.9888203740119934,10.893783569335938,0.2631243169307709,-0.9683401584625244,0.745696485042572,34.55858612060547,-25.918352127075195,9.10879135131836,44.14778512587263,471278482,1720697916
1.0,0,-5.236199378967285,-0.4501167833805084,10.544225692749023,0.2639232873916626,-0.9108150005340576,0.7486260533332825,34.55858612060547,-25.918352127075195,9.10879135131836,44.14778512587263,484278482,1720697916
1.0,0,-5.236199378967285,-0.4501167833805084,10.544225692749023,0.2519388794898987,-0.9651442766189575,0.7353100180625916,31.591434478759766,-26.79397201538086,7.5906596183776855,42.11358192114337,496278482,1720697916
1.0,0,-4.1396379470825195,-1.3838696479797363,8.952056884765625,0.2764403223991394,-0.9443712830543518,0.735576331615448,29.671512603759766,-27.319345474243164,8.09670352935791,41.1375972241749,509278482,1720697916
1.0,0,2.7007007598876953,-0.6871464252471924,10.884206771850586,0.25353679060935974,-0.9744654893875122,0.7313151955604553,30.369667053222656,-27.319345474243164,7.759340763092041,41.57969075332848,521278482,1720697916
1.0,0,-4.532293319702148,-1.2976771593093872,10.062982559204102,0.2751087248325348,-0.9590189456939697,0.7275867462158203,29.147897720336914,-27.844717025756836,7.253296852111816,40.957765112180496,534278482,1720697916
1.0,0,-3.9026083946228027,0.39983779191970825,10.853082656860352,0.2777719497680664,-0.9233320355415344,0.7297172546386719,29.49697494506836,-28.194965362548828,6.915934085845947,41.38668562454699,546278482,1720697916
1.0,0,-3.9026083946228027,0.39983779191970825,10.853082656860352,0.2777719497680664,-0.9233320355415344,0.7297172546386719,29.49697494506836,-28.194965362548828,8.602747917175293,41.7017370673187,559278482,1720697916
1.0,0,-2.530709743499756,-1.704697608947754,9.469212532043457,0.2894900441169739,-0.9326532483100891,0.7230592966079712,27.7515926361084,-28.545211791992188,6.578571796417236,40.35167427716986,572278482,1720697916
1.0,0,3.35432767868042,-3.0598366260528564,10.168330192565918,0.2671191394329071,-1.0072228908538818,0.69562828540802,26.8789005279541,-29.771080017089844,7.421977996826172,40.790663838199414,584278482,1720697916
1.0,0,-4.376667499542236,-1.6711782217025757,8.9999418258667,0.3078661262989044,-0.9262615442276001,0.7012210488319397,26.006208419799805,-29.595956802368164,8.265384674072266,40.256181130754285,597278482,1720697916
1.0,0,-1.1444458961486816,-0.002394238254055381,10.733369827270508,0.2964143455028534,-0.94596928358078,0.6921661496162415,24.086286544799805,-28.370088577270508,8.771429061889648,38.23544289253285,609278482,1720697916
1.0,0,-3.9121851921081543,-0.9313586354255676,10.620841026306152,0.32491061091423035,-0.9401101469993591,0.6977588534355164,24.609901428222656,-29.946205139160156,8.265384674072266,39.6325501873635,622278482,1720697916
1.0,0,-0.2849143445491791,0.2920970618724823,10.623235702514648,0.32251372933387756,-0.9214677810668945,0.6895028948783875,23.21359634399414,-30.646699905395508,8.265384674072266,39.32439260972324,634278482,1720697916
1.0,0,0.15562549233436584,-2.5474693775177,9.636809349060059,0.30360499024391174,-0.9467682242393494,0.6871060132980347,21.642751693725586,-28.7203369140625,7.421977996826172,36.71991572319978,647278482,1720697916
1.0,0,0.24900077283382416,-1.8698999881744385,9.251337051391602,0.3214484453201294,-0.9422407746315002,0.6642025113105774,22.340904235839844,-30.82182502746582,8.771429061889648,39.06454745528799,659278482,1720697916
1.0,0,-0.8475603461265564,0.28730857372283936,10.52985954284668,0.3464825451374054,-0.9283921122550964,0.6594087481498718,20.77005958557129,-30.29645347595215,5.903846263885498,37.2038421284188,672278482,1720697916
1.0,0,0.6679925322532654,-0.19153906404972076,10.429301261901855,0.33742767572402954,-0.921734094619751,0.662071943283081,20.07190704345703,-31.697444915771484,7.5906596183776855,38.27829123656929,684278482,1720697916
1.0,0,-0.5865883827209473,-1.2665519714355469,11.03983211517334,0.341422438621521,-0.9457029700279236,0.6538160443305969,19.37375259399414,-30.29645347595215,8.265384674072266,36.898969722801425,697278482,1720697916
1.0,0,0.34477031230926514,0.12689462304115295,11.616844177246094,0.3659239113330841,-0.9345174431800842,0.6655341386795044,18.15198516845703,-31.172073364257812,7.084615707397461,36.7611820145117,709278482,1720697916
1.0,0,-0.416597455739975,-1.652024269104004,9.143595695495605,0.3321012556552887,-0.938245952129364,0.6463590264320374,18.501060485839844,-33.2735595703125,7.759340763092041,38.853910673928574,722278482,1720697916
1.0,0,-1.4461199045181274,0.514761209487915,10.407753944396973,0.3566026985645294,-0.9105486869812012,0.6551476120948792,16.406600952148438,-32.222816467285156,8.09670352935791,37.05459571942053,734278482,1720697916
1.0,0,2.066227674484253,0.7110887169837952,10.680696487426758,0.33929190039634705,-0.9251962900161743,0.636771559715271,16.581140518188477,-33.79893112182617,9.277472496032715,38.77336020744791,747278482,1720697916
1.0,0,8.023092269897461,5.640825271606445,19.41248321533203,0.4647286832332611,-0.6205259561538696,0.5374341011047363,16.581140518188477,-32.39794158935547,8.265384674072266,37.321273074770495,759278482,1720697916
1.0,0,-5.296054840087891,1.3647156953811646,36.19130325317383,0.23409543931484222,-0.6511527895927429,0.3065345287322998,16.581140518188477,-32.39794158935547,8.265384674072266,37.321273074770495,772278482,1720697916
1.0,0,-32.96626663208008,12.763684272766113,32.714874267578125,0.061519961804151535,0.24794407188892365,0.1288989633321762,16.581140518188477,-32.39794158935547,8.265384674072266,37.321273074770495,784278482,1720697916
1.0,0,18.150720596313477,-3.4668569564819336,22.230501174926758,-0.37497881054878235,-0.11904511600732803,-0.19334843754768372,16.581140518188477,-32.39794158935547,8.265384674072266,37.321273074770495,797278482,1720697916
1.0,0,-9.464424133300781,1.4149948358535767,4.75495719909668,-0.2945501208305359,0.15686258673667908,-0.15686258673667908,16.581140518188477,-32.39794158935547,8.265384674072266,37.321273074770495,809278482,1720697916
1.0,0,7.074974060058594,-5.032688617706299,-0.32322216033935547,-0.11718087643384933,0.14967192709445953,-0.06711268424987793,14.486680030822754,-33.44868469238281,8.602747917175293,37.452445550222045,822278482,1720697916
1.0,0,6.18671178817749,-2.243401288986206,4.015137672424316,0.0375511460006237,0.07430332899093628,-0.0031958422623574734,13.78852653503418,-34.1491813659668,8.265384674072266,37.74396158040945,834278482,1720697916
1.0,0,-1.4197832345962524,0.009576953016221523,7.419744491577148,0.10785967111587524,0.06897692382335663,0.06258523464202881,14.486680030822754,-33.44868469238281,9.277472496032715,37.61316128538688,847278482,1720697916
1.0,0,-0.308856725692749,0.16280819475650787,14.070938110351562,0.1262357532978058,0.01384864840656519,0.056459877640008926,16.057525634765625,-34.32430648803711,8.771429061889648,38.896530863094,859278482,1720697916
1.0,0,-2.679152727127075,0.4237801730632782,16.08928108215332,0.03648586571216583,0.019974011927843094,0.005326403304934502,14.137603759765625,-34.84967803955078,8.940110206604004,38.65614401404662,872278482,1720697916
1.0,0,-2.322411060333252,0.3112509846687317,13.57772445678711,-0.04847027361392975,0.06125364080071449,-0.021305613219738007,14.312141418457031,-33.2735595703125,8.771429061889648,37.26801747140315,885224143,1720697916
1.0,0,0.6799636483192444,0.02633661963045597,9.387807846069336,-0.08176029473543167,0.04554075002670288,-0.039681706577539444,13.78852653503418,-33.44868469238281,9.277472496032715,37.34982553603737,898224143,1720697916
1.0,0,1.7597651481628418,-1.4341487884521484,7.80042839050293,-0.02689833752810955,0.02902889810502529,-0.011185446754097939,16.057525634765625,-33.974056243896484,9.10879135131836,38.66588557186359,910224143,1720697916
1.0,0,1.393446683883667,-1.5514663457870483,9.397384643554688,0.009054886177182198,0.03009418025612831,0.01651185005903244,14.835756301879883,-34.499427795410156,8.265384674072266,38.45291623622162,923224143,1720697916
1.0,0,-0.18435634672641754,0.07422138750553131,10.98955249786377,0.03408898040652275,0.03621954470872879,0.0287625789642334,13.963065147399902,-31.522321701049805,9.783516883850098,35.83770579085092,935224143,1720697916
1.0,0,-1.5873799324035645,0.10295224189758301,12.902549743652344,0.010386486537754536,0.027430977672338486,0.024235136806964874,14.312141418457031,-31.872568130493164,9.10879135131836,36.106343917609465,948224143,1720697916
1.0,0,-1.4365429878234863,-0.06703867018222809,12.27047061920166,-0.0287625789642334,0.03195841982960701,-0.006391684524714947,14.486680030822754,-34.1491813659668,9.614835739135742,38.320693529367325,960224143,1720697916
1.0,0,-0.4070205092430115,-0.4812418818473816,10.5490140914917,-0.0431438684463501,0.04021434485912323,-0.023169854655861855,14.835756301879883,-32.74818801879883,9.614835739135742,37.21543429618859,973224143,1720697916
1.0,0,0.9576953053474426,-0.9960030913352966,8.935297012329102,-0.03701850399374962,0.03914906829595566,-0.021305613219738007,15.010294914245605,-33.623809814453125,9.783516883850098,38.09969478181842,985224143,1720697916
1.0,0,1.4054179191589355,-0.7302426099777222,10.26170539855957,-0.006125363986939192,0.0287625789642334,0.001065280637703836,15.184833526611328,-33.79893112182617,8.602747917175293,38.038851007033756,998224143,1720697916
1.0,0,-0.09576953202486038,-0.9505125284194946,10.704639434814453,0.011185446754097939,0.0375511460006237,0.015446570701897144,16.057525634765625,-35.02479934692383,9.783516883850098,39.75296091387421,10224143,1720697917
1.0,0,-0.6129249930381775,0.033519335091114044,11.38699722290039,0.004527443088591099,0.03089314140379429,0.014913929626345634,14.486680030822754,-34.499427795410156,7.5906596183776855,38.17973978392502,23224143,1720697917
1.0,0,-0.8619257807731628,-0.32561638951301575,11.5713529586792,-0.015446570701897144,0.03515426442027092,0.002396881580352783,13.963065147399902,-33.974056243896484,8.771429061889648,37.76429072234428,36224143,1720697917
1.0,0,-0.37350115180015564,-0.33279910683631897,11.240948677062988,-0.02077297307550907,0.0287625789642334,-0.009587526321411133,15.359371185302734,-34.32430648803711,8.771429061889648,38.613550301421085,48224143,1720697917
1.0,0,0.28730857372283936,-0.6632039546966553,10.481975555419922,-0.02157193422317505,0.03435530140995979,-0.00825592502951622,14.486680030822754,-33.44868469238281,8.602747917175293,37.452445550222045,61224143,1720697917
1.0,0,0.5458863377571106,-0.4405398368835449,10.23058032989502,-0.01757713221013546,0.03488794341683388,-0.0031958422623574734,14.486680030822754,-32.39794158935547,9.952198028564453,36.858333700026236,73224143,1720697917
1.0,0,0.26097196340560913,-0.4237801730632782,10.783649444580078,-0.00878856610506773,0.02769729681313038,0.006391684524714947,14.486680030822754,-32.39794158935547,9.952198028564453,36.858333700026236,86224143,1720697917
1.0,0,-0.30406826734542847,-0.48603036999702454,11.228978157043457,-0.007989604957401752,0.03089314140379429,0.009587526321411133,14.486680030822754,-32.39794158935547,9.952198028564453,36.858333700026236,98224143,1720697917
1.0,0,-0.44532832503318787,-0.2801258862018585,11.130813598632812,-0.0143812894821167,0.02769729681313038,0.005592723377048969,14.486680030822754,-32.39794158935547,9.952198028564453,36.858333700026236,111224143,1720697917
1.0,0,-0.32561638951301575,-0.28730857372283936,10.802803039550781,-0.017044490203261375,0.032491061836481094,-0.006125363986939192,13.43945026397705,-33.09843826293945,8.940110206604004,36.82459788442709,123224143,1720697917
1.0,0,0.11731767654418945,-0.3663184642791748,10.865053176879883,-0.01651185005903244,0.03009418025612831,-0.0037284824065864086,14.137603759765625,-33.79893112182617,9.277472496032715,37.79300306883184,136224143,1720697917
1.0,0,0.11731767654418945,-0.3663184642791748,10.865053176879883,-0.01651185005903244,0.03009418025612831,-0.0037284824065864086,14.486680030822754,-33.79893112182617,9.952198028564453,38.095641337207475,148224143,1720697917
1.0,0,0.10055800527334213,-0.39983779191970825,10.888995170593262,-0.016245530918240547,0.0287625789642334,0.005326403304934502,15.359371185302734,-33.2735595703125,9.10879135131836,37.762549299125645,161224143,1720697917
1.0,0,-0.09576953202486038,-0.3471645414829254,10.939274787902832,-0.018908733502030373,0.026365695521235466,0.005060083232820034,15.533909797668457,-32.39794158935547,8.940110206604004,37.025052914690264,173224143,1720697917
1.0,0,-0.18675057590007782,-0.4046262502670288,10.91293716430664,-0.018109772354364395,0.030626820400357246,0.0037284824065864086,14.486680030822754,-33.44868469238281,9.614835739135742,37.6977913445396,186224143,1720697917
1.0,0,-0.07661562412977219,-0.38068386912345886,10.934486389160156,-0.017310811206698418,0.029295219108462334,-0.000266320159425959,13.963065147399902,-32.57306671142578,10.120879173278809,36.856533457958804,198224143,1720697917
1.0,0,0.07661562412977219,-0.435751348733902,10.917725563049316,-0.020240332931280136,0.03435530140995979,-0.0013316008262336254,14.661218643188477,-33.2735595703125,8.771429061889648,37.403463293795056,211224143,1720697917
1.0,0,0.033519335091114044,-0.39026084542274475,10.479580879211426,-0.019974011927843094,0.03195841982960701,0.002396881580352783,14.486680030822754,-35.19992446899414,9.277472496032715,39.178694169828766,223224143,1720697917
1.0,0,-0.04070204868912697,-0.46687644720077515,10.493946075439453,-0.0098538463935256,0.02769729681313038,0.0037284824065864086,15.010294914245605,-34.32430648803711,8.771429061889648,38.47603068255737,236224143,1720697917
1.0,0,-0.033519335091114044,-0.46448221802711487,10.927303314208984,-0.012517048045992851,0.030626820400357246,0.002929521957412362,14.661218643188477,-33.623809814453125,8.434065818786621,37.63834992102492,248224143,1720697917
1.0,0,0.15323124825954437,-0.48603036999702454,11.011101722717285,-0.014114969410002232,0.029295219108462334,0.0007989605655893683,14.486680030822754,-33.09843826293945,9.277472496032715,37.30203760755834,261224143,1720697917
1.0,0,0.08379834145307541,-0.3208279311656952,10.975187301635742,-0.015979209914803505,0.02689833752810955,0.0007989605655893683,15.184833526611328,-33.44868469238281,9.277472496032715,37.887533210754,273224143,1720697917
1.0,0,0.06703867018222809,-0.35434725880622864,10.896178245544434,-0.015712888911366463,0.02689833752810955,0.0013316008262336254,13.264911651611328,-33.623809814453125,7.084615707397461,36.83354785090721,286224143,1720697917
1.0,0,-0.004788476508110762,-0.46687644720077515,10.70703411102295,-0.014647609554231167,0.03115946054458618,0.002663201652467251,13.78852653503418,-34.499427795410156,10.964285850524902,38.73692742629546,298224143,1720697917
1.0,0,-0.03591357171535492,-0.3854723572731018,10.865053176879883,-0.010919126681983471,0.026365695521235466,-0.0013316008262336254,13.264911651611328,-32.57306671142578,9.44615364074707,36.41692428963005,311224143,1720697917
1.0,0,-0.011971191503107548,-0.4405398368835449,11.008708000183105,-0.014913929626345634,0.027164656668901443,0.002396881580352783,16.581140518188477,-32.74818801879883,8.940110206604004,37.779671913672516,323224143,1720697917
1.0,0,-0.09816376864910126,-0.4429340660572052,10.908148765563965,-0.014913929626345634,0.03195841982960701,0.000532640318851918,14.486680030822754,-33.79893112182617,9.277472496032715,37.92496722751428,336224143,1720697917
1.0,0,-0.016759667545557022,-0.4237801730632782,10.76928424835205,-0.01757713221013546,0.03222474083304405,0.0034621621016412973,15.359371185302734,-33.2735595703125,8.434065818786621,37.60549847991205,348224143,1720697917
1.0,0,-0.059855956584215164,-0.435751348733902,10.71900463104248,-0.014114969410002232,0.02769729681313038,-0.0007989605655893683,14.486680030822754,-33.44868469238281,8.602747917175293,37.452445550222045,361224143,1720697917
1.0,0,0.009576953016221523,-0.45729950070381165,10.807591438293457,-0.013049688190221786,0.02476777695119381,0.002130561275407672,13.963065147399902,-33.974056243896484,8.434065818786621,37.68736064265579,373224143,1720697917
1.0,0,0.019153906032443047,-0.3854723572731018,10.910543441772461,-0.014913929626345634,0.026632016524672508,0.002929521957412362,13.963065147399902,-33.974056243896484,8.434065818786621,37.68736064265579,386224143,1720697917
1.0,0,-0.023942383006215096,-0.4261744022369385,10.872236251831055,-0.017310811206698418,0.0287625789642334,0.002929521957412362,13.963065147399902,-33.974056243896484,8.434065818786621,37.68736064265579,398224143,1720697917
1.0,0,-0.033519335091114044,-0.38307812809944153,10.848294258117676,-0.018908733502030373,0.0287625789642334,0.002130561275407672,13.963065147399902,-33.974056243896484,8.434065818786621,37.68736064265579,411224143,1720697917
1.0,0,-0.11013495922088623,-0.4788476526737213,10.757311820983887,-0.01864241249859333,0.0287625789642334,-0.0007989605655893683,13.963065147399902,-33.974056243896484,8.434065818786621,37.68736064265579,423224143,1720697917
1.0,0,-0.04070204868912697,-0.4692707061767578,10.872236251831055,-0.0143812894821167,0.029561540111899376,0.001065280637703836,14.486680030822754,-33.09843826293945,9.952198028564453,37.475548820008164,436224143,1720697917
1.0,0,-0.014365429058670998,-0.3663184642791748,10.857871055603027,-0.017310811206698418,0.02796361781656742,0.0034621621016412973,14.486680030822754,-35.19992446899414,8.602747917175293,39.024426359202195,448224143,1720697917
1.0,0,-0.14604853093624115,-0.47405916452407837,10.812379837036133,-0.01651185005903244,0.030626820400357246,0.0018642412032932043,14.486680030822754,-32.74818801879883,9.277472496032715,36.99161003179885,461224143,1720697917
1.0,0,-0.10295224189758301,-0.4716649353504181,10.824350357055664,-0.014114969410002232,0.030360499396920204,0.004261122550815344,15.010294914245605,-33.2735595703125,8.771429061889648,37.54166602162888,474224143,1720697917
1.0,0,-0.06225019320845604,-0.44532832503318787,10.814773559570312,-0.012783369049429893,0.029561540111899376,0.0037284824065864086,14.312141418457031,-32.222816467285156,8.771429061889648,36.3329775941089,486224143,1720697917
1.0,0,-0.05746171623468399,-0.44772255420684814,10.764494895935059,-0.012517048045992851,0.029561540111899376,0.004261122550815344,16.406600952148438,-32.92331314086914,8.771429061889648,37.816121836625804,499224143,1720697917
1.0,0,-0.06703867018222809,-0.38307812809944153,10.819561958312988,-0.013049688190221786,0.03169209882616997,0.005859043914824724,14.312141418457031,-33.974056243896484,10.120879173278809,38.22964929064173,511224143,1720697917
1.0,0,-0.13407734036445618,-0.4788476526737213,10.869841575622559,-0.013049688190221786,0.03169209882616997,0.0037284824065864086,15.533909797668457,-33.44868469238281,8.602747917175293,37.86983143584096,524224143,1720697917
1.0,0,-0.04309628903865814,-0.4405398368835449,10.750129699707031,-0.013316008262336254,0.031425777822732925,0.0034621621016412973,14.661218643188477,-34.32430648803711,9.10879135131836,38.41977912312792,536224143,1720697917
1.0,0,-0.09337528795003891,-0.4309628903865814,10.76928424835205,-0.011984407901763916,0.027164656668901443,0.0007989605655893683,15.359371185302734,-33.623809814453125,9.10879135131836,38.07152412930528,549224143,1720697917
1.0,0,-0.07182714343070984,-0.4525110125541687,10.841111183166504,-0.01757713221013546,0.027164656668901443,0.0,13.43945026397705,-32.39794158935547,9.614835739135742,36.368812311041495,561224143,1720697917
1.0,0,-0.11013495922088623,-0.4333571195602417,10.867447853088379,-0.016778171062469482,0.025300417095422745,0.0007989605655893683,14.661218643188477,-32.92331314086914,9.44615364074707,37.257558949556845,574224143,1720697917
1.0,0,-0.023942383006215096,-0.4237801730632782,10.867447853088379,-0.015446570701897144,0.029561540111899376,0.000532640318851918,13.78852653503418,-33.44868469238281,8.602747917175293,37.1879717567959,586224143,1720697917
1.0,0,-0.1125291958451271,-0.42856863141059875,10.745341300964355,-0.015180249698460102,0.02982785925269127,0.004793763160705566,15.359371185302734,-33.623809814453125,9.44615364074707,38.1536458054931,599224143,1720697917
1.0,0,-0.050279002636671066,-0.5003957748413086,10.867447853088379,-0.015180249698460102,0.02769729681313038,0.000532640318851918,14.137603759765625,-33.79893112182617,9.277472496032715,37.79300306883184,611224143,1720697917
1.0,0,-0.09098105132579803,-0.38068386912345886,10.819561958312988,-0.014647609554231167,0.03115946054458618,0.000532640318851918,14.486680030822754,-32.74818801879883,9.614835739135742,37.07765881390841,624224143,1720697917
1.0,0,-0.02633661963045597,-0.4070205092430115,10.893783569335938,-0.015180249698460102,0.028229938820004463,0.002396881580352783,14.486680030822754,-34.1491813659668,9.277472496032715,38.23744215027695,636224143,1720697917
1.0,0,-0.12689462304115295,-0.4525110125541687,10.881813049316406,-0.012250727973878384,0.030360499396920204,0.001065280637703836,14.661218643188477,-33.2735595703125,9.10879135131836,37.484012304772875,649224143,1720697917
1.0,0,-0.04309628903865814,-0.3471645414829254,10.788437843322754,-0.018109772354364395,0.025300417095422745,0.003994802478700876,14.486680030822754,-32.74818801879883,9.952198028564453,37.16657049594165,661224143,1720697917
1.0,0,-0.016759667545557022,-0.4908188283443451,10.809985160827637,-0.013582328334450722,0.03009418025612831,-0.0007989605655893683,14.661218643188477,-33.974056243896484,8.771429061889648,38.02796073357841,674224143,1720697917
1.0,0,-0.05267323926091194,-0.42856863141059875,10.848294258117676,-0.013049688190221786,0.028496257960796356,0.002663201652467251,14.312141418457031,-33.2735595703125,9.44615364074707,37.432565729130125,686224143,1720697917
1.0,0,-0.09337528795003891,-0.4908188283443451,10.778861045837402,-0.012250727973878384,0.02902889810502529,0.0015979211311787367,14.312141418457031,-33.2735595703125,9.44615364074707,37.432565729130125,699224143,1720697917
1.0,0,-0.14844277501106262,-0.47405916452407837,10.766889572143555,-0.016778171062469482,0.02796361781656742,0.0015979211311787367,14.312141418457031,-33.2735595703125,9.44615364074707,37.432565729130125,711224143,1720697917
1.0,0,-0.10534647852182388,-0.4405398368835449,10.752523422241211,-0.014913929626345634,0.031425777822732925,0.0007989605655893683,14.312141418457031,-33.2735595703125,9.44615364074707,37.432565729130125,724224143,1720697917
1.0,0,-0.009576953016221523,-0.3782896399497986,10.874629974365234,-0.015446570701897144,0.029561540111899376,0.0007989605655893683,14.312141418457031,-33.2735595703125,9.44615364074707,37.432565729130125,736224143,1720697917
1.0,0,-0.023942383006215096,-0.4501167833805084,10.786043167114258,-0.014647609554231167,0.029295219108462334,0.0018642412032932043,15.010294914245605,-33.2735595703125,10.120879173278809,37.879690008391975,749224143,1720697917
1.0,0,-0.059855956584215164,-0.41180896759033203,10.898571968078613,-0.015446570701897144,0.027164656668901443,-0.0007989605655893683,14.486680030822754,-33.09843826293945,9.614835739135742,37.38737193293499,761224143,1720697917
1.0,0,-0.14365428686141968,-0.39983779191970825,10.91293716430664,-0.0143812894821167,0.03329002112150192,0.003994802478700876,15.533909797668457,-33.44868469238281,9.277472496032715,38.02878327224246,774224143,1720697917
1.0,0,-0.12450038641691208,-0.4142032265663147,10.678301811218262,-0.015180249698460102,0.02583305537700653,0.0007989605655893683,14.661218643188477,-33.623809814453125,8.771429061889648,37.715379970638686,786224143,1720697917
1.0,0,-0.07182714343070984,-0.4070205092430115,10.807591438293457,-0.014913929626345634,0.02689833752810955,0.006924324203282595,15.010294914245605,-33.974056243896484,9.783516883850098,38.40914804695164,799224143,1720697917
1.0,0,-0.06464443355798721,-0.35434725880622864,10.821956634521484,-0.015446570701897144,0.0287625789642334,0.004527443088591099,13.78852653503418,-33.79893112182617,9.952198028564453,37.835663792050134,811224143,1720697917
1.0,0,-0.04788476601243019,-0.4501167833805084,10.881813049316406,-0.013316008262336254,0.026099376380443573,-0.0007989605655893683,15.533909797668457,-33.79893112182617,8.602747917175293,38.17954125322243,824224143,1720697917
1.0,0,0.05267323926091194,-0.41899168491363525,10.850687980651855,-0.014647609554231167,0.029295219108462334,0.004793763160705566,14.835756301879883,-33.44868469238281,8.602747917175293,37.588847341008965,836224143,1720697917
1.0,0,-0.059855956584215164,-0.40941473841667175,10.76928424835205,-0.02077297307550907,0.028229938820004463,0.0007989605655893683,14.835756301879883,-33.44868469238281,9.952198028564453,37.92044855086731,849224143,1720697917
1.0,0,-0.050279002636671066,-0.3974435329437256,10.910543441772461,-0.016778171062469482,0.027430977672338486,0.0015979211311787367,14.661218643188477,-32.222816467285156,9.10879135131836,36.55449785005359,861224143,1720697917
1.0,0,-0.009576953016221523,-0.5003957748413086,10.82913875579834,-0.019441373646259308,0.02796361781656742,0.0015979211311787367,14.312141418457031,-33.974056243896484,7.759340763092041,37.67334944922122,874224143,1720697917
1.0,0,0.03830781206488609,-0.4812418818473816,10.891389846801758,-0.015446570701897144,0.03009418025612831,0.0031958422623574734,14.486680030822754,-33.09843826293945,9.277472496032715,37.30203760755834,887224143,1720697917
1.0,0,-0.002394238254055381,-0.4525110125541687,10.888995170593262,-0.013316008262336254,0.035420581698417664,0.0031958422623574734,15.882987022399902,-33.79893112182617,9.614835739135742,38.562703328763604,899224143,1720697917
1.0,0,-0.10055800527334213,-0.37350115180015564,10.754918098449707,-0.013316008262336254,0.031425777822732925,0.002929521957412362,14.486680030822754,-33.79893112182617,9.277472496032715,37.92496722751428,912224143,1720697917
1.0,0,-0.08858681470155716,-0.416597455739975,10.802803039550781,-0.010120166465640068,0.031425777822732925,0.004793763160705566,16.057525634765625,-33.974056243896484,8.434065818786621,38.512518658356036,924224143,1720697917
1.0,0,-0.03830781206488609,-0.42138591408729553,10.82674503326416,-0.010386486537754536,0.02796361781656742,0.002929521957412362,14.661218643188477,-33.2735595703125,8.434065818786621,37.32578954045228,937224143,1720697917
1.0,0,-0.004788476508110762,-0.46448221802711487,10.838715553283691,-0.008522245101630688,0.03009418025612831,0.0037284824065864086,15.184833526611328,-33.44868469238281,9.277472496032715,37.887533210754,949224143,1720697917
1.0,0,-0.03830781206488609,-0.4405398368835449,10.764494895935059,-0.012783369049429893,0.028229938820004463,0.002130561275407672,13.264911651611328,-32.57306671142578,8.771429061889648,36.24776577804224,962224143,1720697917
1.0,0,-0.03591357171535492,-0.3280106484889984,10.800408363342285,-0.013582328334450722,0.028496257960796356,0.002396881580352783,14.661218643188477,-32.57306671142578,8.771429061889648,36.78170706857057,974224143,1720697917
1.0,0,-0.08379834145307541,-0.47405916452407837,10.754918098449707,-0.018109772354364395,0.02796361781656742,0.002396881580352783,15.359371185302734,-33.2735595703125,8.434065818786621,37.60549847991205,987224143,1720697917
1.0,0,-0.014365429058670998,-0.4237801730632782,10.874629974365234,-0.01864241249859333,0.029561540111899376,0.002130561275407672,15.359371185302734,-33.623809814453125,9.10879135131836,38.07152412930528,999224143,1720697917
1.0,0,-0.03830781206488609,-0.38307812809944153,10.865053176879883,-0.015712888911366463,0.026365695521235466,0.005592723377048969,14.486680030822754,-34.84967803955078,9.614835739135742,38.946232475893595,12224143,1720697918
1.0,0,-0.04070204868912697,-0.3974435329437256,10.809985160827637,-0.013582328334450722,0.028229938820004463,0.002396881580352783,14.486680030822754,-34.84967803955078,9.614835739135742,38.946232475893595,24224143,1720697918
1.0,0,-0.03591357171535492,-0.4405398368835449,10.79322624206543,-0.0143812894821167,0.032491061836481094,0.002929521957412362,14.486680030822754,-34.84967803955078,9.614835739135742,38.946232475893595,37224143,1720697918
1.0,0,-0.07422138750553131,-0.4405398368835449,10.869841575622559,-0.014114969410002232,0.030360499396920204,0.0013316008262336254,14.486680030822754,-34.84967803955078,9.614835739135742,38.946232475893595,49224143,1720697918
1.0,0,0.023942383006215096,-0.4716649353504181,10.812379837036133,-0.015180249698460102,0.02902889810502529,0.001065280637703836,14.486680030822754,-34.84967803955078,9.614835739135742,38.946232475893595,62224143,1720697918
1.0,0,-0.03830781206488609,-0.4261744022369385,10.905755043029785,-0.014647609554231167,0.031425777822732925,0.002663201652467251,16.23206329345703,-33.44868469238281,8.940110206604004,38.23898477888063,74224143,1720697918
1.0,0,-0.02633661963045597,-0.4333571195602417,10.867447853088379,-0.013582328334450722,0.03435530140995979,0.0034621621016412973,15.882987022399902,-34.1491813659668,8.940110206604004,38.7086739016676,87224143,1720697918
1.0,0,-0.009576953016221523,-0.43814560770988464,10.781254768371582,-0.010652806609869003,0.02902889810502529,0.002130561275407672,13.613988876342773,-33.623809814453125,8.09670352935791,37.16796856980505,99224143,1720697918
1.0,0,-0.03112509660422802,-0.3950493037700653,10.862659454345703,-0.015180249698460102,0.02902889810502529,0.0037284824065864086,14.661218643188477,-33.2735595703125,9.10879135131836,37.484012304772875,112224143,1720697918
1.0,0,-0.011971191503107548,-0.4046262502670288,10.807591438293457,-0.015180249698460102,0.03435530140995979,0.004793763160705566,14.312141418457031,-32.57306671142578,9.10879135131836,36.72617795048594,124224143,1720697918
1.0,0,-0.07182714343070984,-0.3974435329437256,10.850687980651855,-0.01384864840656519,0.02902889810502529,0.004261122550815344,14.661218643188477,-34.67455291748047,8.434065818786621,38.579909517340184,137224143,1720697918
1.0,0,-0.03830781206488609,-0.42856863141059875,10.754918098449707,-0.016245530918240547,0.03009418025612831,0.004527443088591099,15.533909797668457,-34.1491813659668,7.928022384643555,38.34478426721427,149224143,1720697918
1.0,0,-0.011971191503107548,-0.35195302963256836,10.869841575622559,-0.014114969410002232,0.029295219108462334,0.000266320159425959,13.613988876342773,-34.67455291748047,9.783516883850098,38.51470518865383,162224143,1720697918
1.0,0,-0.050279002636671066,-0.4692707061767578,10.788437843322754,-0.011718087829649448,0.0287625789642334,0.0013316008262336254,13.78852653503418,-34.1491813659668,8.940110206604004,37.89743556600183,174224143,1720697918
1.0,0,-0.02154814451932907,-0.48603036999702454,10.860264778137207,-0.015979209914803505,0.030360499396920204,0.0037284824065864086,14.835756301879883,-33.09843826293945,8.602747917175293,37.27752073597233,187224143,1720697918
1.0,0,-0.02154814451932907,-0.4620879888534546,10.798014640808105,-0.01384864840656519,0.028229938820004463,0.002130561275407672,15.70844841003418,-32.92331314086914,9.10879135131836,37.59880289988345,199224143,1720697918
1.0,0,-0.13886581361293793,-0.37110692262649536,10.843505859375,-0.01384864840656519,0.029561540111899376,0.002929521957412362,14.661218643188477,-32.57306671142578,8.771429061889648,36.78170706857057,212224143,1720697918
1.0,0,-0.04788476601243019,-0.45729950070381165,10.841111183166504,-0.01651185005903244,0.030626820400357246,0.0018642412032932043,13.963065147399902,-33.974056243896484,8.09670352935791,37.6132994300725,224224143,1720697918
1.0,0,-0.06943290680646896,-0.45490527153015137,10.778861045837402,-0.015712888911366463,0.02370249480009079,0.0007989605655893683,14.137603759765625,-32.74818801879883,10.289560317993164,37.123991031681356,237224143,1720697918
1.0,0,-0.04070204868912697,-0.41899168491363525,10.790831565856934,-0.015180249698460102,0.02796361781656742,0.0037284824065864086,14.486680030822754,-34.499427795410156,8.940110206604004,38.47076795480411,249224143,1720697918
1.0,0,-0.009576953016221523,-0.41899168491363525,10.817168235778809,-0.019175052642822266,0.02982785925269127,-0.0007989605655893683,13.613988876342773,-33.2735595703125,9.783516883850098,37.25839049423497,262224143,1720697918
1.0,0,-0.009576953016221523,-0.41899168491363525,10.817168235778809,-0.019175052642822266,0.02982785925269127,-0.0007989605655893683,13.963065147399902,-33.623809814453125,9.783516883850098,37.69940287810442,274224143,1720697918
1.0,0,-0.05267323926091194,-0.3663184642791748,10.896178245544434,-0.018908733502030373,0.028496257960796356,0.002130561275407672,13.43945026397705,-33.44868469238281,9.952198028564453,37.39625083679003,287224143,1720697918
1.0,0,-0.007182714529335499,-0.39026084542274475,10.862659454345703,-0.015446570701897144,0.03115946054458618,0.005060083232820034,14.312141418457031,-33.2735595703125,9.10879135131836,37.34885859491425,299224143,1720697918
1.0,0,-0.07182714343070984,-0.4309628903865814,10.87941837310791,-0.01757713221013546,0.030360499396920204,0.002396881580352783,15.533909797668457,-34.1491813659668,8.602747917175293,38.489949510154695,312224143,1720697918
1.0,0,-0.014365429058670998,-0.4812418818473816,10.747735023498535,-0.014114969410002232,0.030626820400357246,0.0018642412032932043,15.533909797668457,-34.1491813659668,8.602747917175293,38.489949510154695,324224143,1720697918
1.0,0,-0.02154814451932907,-0.40223202109336853,10.824350357055664,-0.013316008262336254,0.034621622413396835,0.0013316008262336254,15.533909797668457,-34.1491813659668,8.602747917175293,38.489949510154695,337224143,1720697918
1.0,0,-0.11492343246936798,-0.3782896399497986,10.831533432006836,-0.013049688190221786,0.032491061836481094,0.006125363986939192,15.533909797668457,-34.1491813659668,8.602747917175293,38.489949510154695,349224143,1720697918
1.0,0,29.03013801574707,0.25139501690864563,7.680716037750244,0.0969405472278595,-0.34941205382347107,-0.13582327961921692,15.533909797668457,-34.1491813659668,8.602747917175293,38.489949510154695,362224143,1720697918
1.0,0,7.5729756355285645,-0.40223202109336853,24.011816024780273,0.11531662940979004,-0.16538482904434204,0.5709904432296753,15.184833526611328,-33.44868469238281,10.289560317993164,38.147984591836085,374224143,1720697918
1.0,0,39.22600173950195,-6.339942932128906,27.215307235717773,0.01384864840656519,-0.5494185090065002,0.8306525945663452,13.963065147399902,-33.623809814453125,8.771429061889648,37.44950924293682,387224143,1720697918
1.0,0,18.789981842041016,-3.3950297832489014,14.961594581604004,-0.07456964999437332,-0.6663330793380737,1.0514320135116577,13.613988876342773,-32.57306671142578,8.434065818786621,36.297091265662104,400224143,1720697918
1.0,0,39.22600173950195,-4.675947189331055,17.882564544677734,0.022370893508195877,-0.6447611451148987,1.6125686168670654,13.43945026397705,-33.79893112182617,9.277472496032715,37.53742218494107,412224143,1720697918
1.0,0,26.597593307495117,-5.035082817077637,9.691876411437988,-0.011984407901763916,-1.1331923007965088,1.7582457065582275,12.217681884765625,-33.2735595703125,8.434065818786621,36.435353481914916,425224143,1720697918
1.0,0,28.71170425415039,2.219458818435669,15.39016342163086,0.26179271936416626,-0.8849819302558899,2.3526723384857178,9.425068855285645,-32.57306671142578,8.771429061889648,35.02534176423739,437224143,1720697918
1.0,0,39.22600173950195,1.0343109369277954,18.526615142822266,0.20107172429561615,-1.6376028060913086,2.4647932052612305,10.123222351074219,-32.57306671142578,9.783516883850098,35.48522943948458,450224143,1720697918
1.0,0,-3.253769874572754,13.371821403503418,20.137937545776367,0.40880143642425537,-0.9022927284240723,2.9289891719818115,8.901453971862793,-32.39794158935547,9.277472496032715,34.8559033444139,462224143,1720697918
1.0,0,-39.22719955444336,16.04139518737793,-3.220250368118286,0.08548877388238907,-0.8229293823242188,2.6562774181365967,6.981532573699951,-32.222816467285156,8.771429061889648,34.117292769939105,475224143,1720697918
1.0,0,-12.56735610961914,7.776485919952393,2.9329419136047363,0.2732445001602173,-1.178999423980713,1.7654364109039307,5.759764194488525,-30.9969482421875,10.626923561096191,33.27036501570646,487224143,1720697918
1.0,0,-6.632040023803711,1.0414936542510986,5.652796745300293,0.491627037525177,-1.0029617547988892,1.7140365839004517,5.236149311065674,-30.471576690673828,9.44615364074707,32.32899726604568,500224143,1720697918
1.0,0,-1.7501882314682007,3.787684917449951,8.786853790283203,0.5179927349090576,-1.011750340461731,1.7113734483718872,4.014381408691406,-30.646699905395508,10.626923561096191,32.68435371181749,512224143,1720697918
1.0,0,4.347936630249023,4.616091251373291,18.203393936157227,0.4428904354572296,-1.0868526697158813,1.7105745077133179,5.236149311065674,-30.471576690673828,9.10879135131836,32.23203880466208,525224143,1720697918
1.0,0,12.260893821716309,3.3974239826202393,19.35023307800293,0.43303659558296204,-0.9646116495132446,1.7071123123168945,1.3963065147399902,-31.172073364257812,10.458242416381836,32.90930968813513,537224143,1720697918
1.0,0,9.713424682617188,4.647216320037842,11.846691131591797,0.33503079414367676,-0.9278594851493835,1.8490610122680664,1.2217681407928467,-31.347196578979492,10.626923561096191,33.12206145644352,550224143,1720697918
1.0,0,5.3774590492248535,3.565020799636841,7.987178325653076,0.3422214090824127,-0.9387785792350769,1.9872812032699585,0.34907662868499756,-31.172073364257812,11.470330238342285,33.21729200425578,562224143,1720697918
1.0,0,1.4868218898773193,2.111717939376831,5.774902820587158,0.45061373710632324,-0.9041569828987122,1.9518605470657349,0.0,-31.522321701049805,11.807692527770996,33.66122945251487,575224143,1720697918
1.0,0,-3.4165778160095215,5.9185566902160645,10.232975006103516,0.570191502571106,-0.9595515727996826,1.9289569854736328,-1.0472298860549927,-29.771080017089844,12.145055770874023,32.170114632929945,587224143,1720697918
1.0,0,-3.124480962753296,4.098936080932617,11.65275764465332,0.5867033004760742,-0.9132118225097656,1.8791550397872925,-2.0944597721099854,-29.771080017089844,10.458242416381836,31.62402253921473,600224143,1720697918
1.0,0,3.4668569564819336,2.7246429920196533,9.991155624389648,0.5704578161239624,-0.9891131520271301,1.8695675134658813,-4.188919544219971,-28.370088577270508,12.482418060302734,31.27650449558413,612224143,1720697918
1.0,0,4.410186767578125,2.145237445831299,8.475603103637695,0.49881768226623535,-0.9302563667297363,1.827488899230957,-4.014381408691406,-28.194965362548828,11.63901138305664,30.765856332380828,625224143,1720697918
1.0,0,2.554651975631714,3.533895492553711,12.337509155273438,0.5843064785003662,-0.9289247393608093,1.8775571584701538,-5.585226058959961,-29.070585250854492,13.494505882263184,32.53298888764019,637224143,1720697918
1.0,0,3.1388463973999023,5.6839213371276855,11.140390396118164,0.6263850927352905,-0.9126791954040527,1.8575831651687622,-5.585226058959961,-29.070585250854492,13.494505882263184,32.53298888764019,650224143,1720697918
1.0,0,4.498773574829102,3.6320595741271973,8.731786727905273,0.6474242806434631,-0.9491651058197021,1.8621106147766113,-5.585226058959961,-29.070585250854492,13.494505882263184,32.53298888764019,662224143,1720697918
1.0,0,-1.4772449731826782,4.120483875274658,9.028672218322754,0.7124064564704895,-0.8719322681427002,1.8261573314666748,-5.585226058959961,-29.070585250854492,13.494505882263184,32.53298888764019,675224143,1720697918
1.0,0,1.223455786705017,2.6216909885406494,9.411750793457031,0.7158685922622681,-0.9121465682983398,1.8005906343460083,-6.806994438171387,-26.61884880065918,15.687362670898438,31.638451800332277,687224143,1720697918
1.0,0,8.13083267211914,2.7390084266662598,11.269679069519043,0.6953619122505188,-0.9454366564750671,1.789138913154602,-9.774145126342773,-27.669591903686523,15.181319236755371,33.039562388682505,700224143,1720697918
1.0,0,-3.998378038406372,6.0765767097473145,9.258519172668457,0.7654041647911072,-0.8860471844673157,1.7798177003860474,-10.821375846862793,-28.019840240478516,15.518681526184082,33.80892040027501,712224143,1720697918
1.0,0,3.325597047805786,2.602536916732788,9.481184005737305,0.7496913075447083,-0.8700679540634155,1.7965959310531616,-10.821375846862793,-26.969097137451172,14.843955993652344,32.630927127034404,725224143,1720697918
1.0,0,4.59693717956543,2.3128342628479004,9.423721313476562,0.800824761390686,-0.878057599067688,1.7822145223617554,-10.64683723449707,-27.494468688964844,17.036813735961914,34.052224213114215,737224143,1720697918
1.0,0,3.641636371612549,3.1125094890594482,11.130813598632812,0.8197335004806519,-0.9235983490943909,1.7523866891860962,-10.472298622131348,-25.568103790283203,18.21758270263672,33.09497377834279,750224143,1720697918
1.0,0,-3.3639047145843506,5.638431072235107,10.470004081726074,0.8799218535423279,-0.845832884311676,1.74839186668396,-11.170452117919922,-24.86760902404785,18.21758270263672,32.788066405615574,762224143,1720697918
1.0,0,4.74298620223999,4.149214744567871,9.608078002929688,0.870334267616272,-0.83810955286026,1.7345433235168457,-12.741296768188477,-25.392980575561523,18.7236270904541,34.02525998825404,775224143,1720697918
1.0,0,10.491552352905273,0.8834738731384277,8.913748741149902,0.843169629573822,-0.9395775198936462,1.7060469388961792,-12.741296768188477,-25.04273223876953,19.735713958740234,34.33624159367142,787224143,1720697918
1.0,0,-4.17076301574707,4.417369842529297,8.41814136505127,0.9275931715965271,-0.8370442986488342,1.6884697675704956,-14.835756301879883,-23.991989135742188,19.735713958740234,34.42693151007731,800224143,1720697918
1.0,0,-1.1085323095321655,4.486802577972412,10.570561408996582,0.989645779132843,-0.7973626255989075,1.6879371404647827,-14.486680030822754,-24.69248390197754,20.073078155517578,34.964426581918595,812224143,1720697918
1.0,0,6.215442180633545,-0.787704348564148,8.355891227722168,0.9752644896507263,-0.8455665707588196,1.6474566459655762,-15.010294914245605,-24.51736068725586,20.916484832763672,35.55150160317928,825224143,1720697918
1.0,0,9.567376136779785,3.3184142112731934,11.03983211517334,0.9675412178039551,-0.9140108227729797,1.6634358167648315,-15.184833526611328,-24.34223747253418,21.422527313232422,35.80570304974245,837224143,1720697918
1.0,0,-4.565812110900879,6.323183059692383,8.724604606628418,1.0255990028381348,-0.7670021057128906,1.6392006874084473,-15.882987022399902,-24.69248390197754,21.759891510009766,36.54423232919989,850224143,1720697918
1.0,0,0.40941473841667175,6.699078559875488,11.449246406555176,1.0410455465316772,-0.7582135200500488,1.669294834136963,-15.359371185302734,-23.116369247436523,21.928571701049805,35.37144423457741,862224143,1720697918
1.0,0,6.428529739379883,2.8228068351745605,8.250544548034668,1.0248000621795654,-0.8354463577270508,1.5997852087020874,-16.755678176879883,-22.065624237060547,22.60329818725586,35.75686805468743,875224143,1720697918
1.0,0,4.3718791007995605,3.766136884689331,10.381417274475098,1.0695418119430542,-0.8492950201034546,1.599518895149231,-17.279293060302734,-22.24074935913086,22.7719783782959,36.21861261811504,887224143,1720697918
1.0,0,-5.935316562652588,3.91697359085083,7.505937099456787,1.1100224256515503,-0.7206623554229736,1.6024484634399414,-17.279293060302734,-22.59099578857422,23.784067153930664,37.07571860080244,900224143,1720697918
1.0,0,1.5897741317749023,4.335965156555176,9.75412654876709,1.1350566148757935,-0.7334457635879517,1.5750174522399902,-17.279293060302734,-21.890501022338867,24.796154022216797,37.31778742056318,913224143,1720697918
1.0,0,6.969627380371094,1.7070918083190918,9.052614212036133,1.1145498752593994,-0.8136081099510193,1.5632994174957275,-17.977445602416992,-22.59099578857422,25.133516311645508,38.27839185878883,925224143,1720697918
1.0,0,0.8906566500663757,4.216253280639648,8.506728172302246,1.1571612358093262,-0.7685999870300293,1.530542016029358,-17.977445602416992,-22.59099578857422,25.133516311645508,38.27839185878883,938224143,1720697918
1.0,0,4.400609970092773,3.040682554244995,8.949663162231445,1.1766024827957153,-0.7528871297836304,1.5281450748443604,-17.977445602416992,-22.59099578857422,25.133516311645508,38.27839185878883,950224143,1720697918
1.0,0,0.7781273722648621,6.031085968017578,8.691084861755371,1.2053650617599487,-0.6964272856712341,1.4903277158737183,-18.15198516845703,-21.715375900268555,25.63956069946289,38.18951674094987,963224143,1720697918
1.0,0,7.654379844665527,3.1795482635498047,10.671119689941406,1.2128220796585083,-0.7928351759910583,1.50657320022583,-17.802907943725586,-20.31438446044922,26.651649475097656,37.946385427378736,975224143,1720697918
1.0,0,4.405398368835449,3.7326173782348633,9.081345558166504,1.2623577117919922,-0.7169339060783386,1.4336014986038208,-18.15198516845703,-21.365129470825195,26.314287185668945,38.45003293822865,988224143,1720697918
1.0,0,4.304840564727783,3.0119516849517822,8.873046875,1.262890338897705,-0.7371742129325867,1.4834033250808716,-18.326522827148438,-19.438764572143555,25.47088050842285,36.91195959170376,224143,1720697919
1.0,0,1.3240137100219727,4.58496618270874,7.486782550811768,1.2607595920562744,-0.6796491146087646,1.4266771078109741,-19.024675369262695,-19.438764572143555,28.169780731201172,39.15789048762723,13224143,1720697919
1.0,0,6.481202602386475,1.9608811140060425,9.22021198272705,1.2863264083862305,-0.7286520004272461,1.4639619588851929,-19.199214935302734,-19.263641357421875,28.675825119018555,39.52215427751708,25224143,1720697919
1.0,0,5.140429496765137,2.1284778118133545,8.748546600341797,1.2924517393112183,-0.6852418184280396,1.3845986127853394,-19.722829818725586,-19.789012908935547,27.83241844177246,39.43651308478406,38224143,1720697919
1.0,0,2.2793147563934326,4.156397342681885,9.962425231933594,1.3350629806518555,-0.7156022787094116,1.4186875820159912,-19.548290252685547,-17.162153244018555,28.338462829589844,38.46743598575895,50224143,1720697919
1.0,0,2.1308720111846924,5.293660640716553,10.292829513549805,1.3776742219924927,-0.6381031274795532,1.3736793994903564,-18.85013771057129,-19.964136123657227,29.350549697875977,40.19140692285983,63224143,1720697919
1.0,0,6.670347690582275,3.047865152359009,9.739761352539062,1.371016263961792,-0.7057484984397888,1.379005789756775,-18.501060485839844,-18.56314468383789,31.037363052368164,40.62262282150565,75224143,1720697919
1.0,0,7.994361877441406,5.150006294250488,11.068562507629395,1.381136417388916,-0.7145370244979858,1.3228123188018799,-20.944597244262695,-18.56314468383789,29.350549697875977,40.5551631958862,88224143,1720697919
1.0,0,-0.22745263576507568,5.116487503051758,8.037457466125488,1.4101653099060059,-0.6173301339149475,1.3433189392089844,-20.595521926879883,-18.56314468383789,30.700000762939453,41.36732902712202,100224143,1720697919
1.0,0,5.427738189697266,4.041474342346191,9.576952934265137,1.4072357416152954,-0.6447611451148987,1.3052352666854858,-20.246444702148438,-17.512399673461914,30.02527618408203,40.22586077799488,113224143,1720697919
1.0,0,3.8595120906829834,4.482014179229736,8.195477485656738,1.440525770187378,-0.6663330793380737,1.278603196144104,-20.595521926879883,-17.162153244018555,30.700000762939453,40.75788358411474,125224143,1720697919
1.0,0,4.412580966949463,3.890637159347534,10.489157676696777,1.4426562786102295,-0.6295808553695679,1.265287160873413,-21.468212127685547,-16.63677978515625,30.868682861328125,41.11620307339117,138224143,1720697919
1.0,0,3.220250368118286,3.1915197372436523,8.159564018249512,1.4900614023208618,-0.6066773533821106,1.2381224632263184,-21.9918270111084,-16.46165657043457,32.38681411743164,42.46801527039518,150224143,1720697919
1.0,0,8.171534538269043,3.744588851928711,9.620049476623535,1.491925597190857,-0.6314451694488525,1.2072292566299438,-19.897367477416992,-16.811904907226562,33.398902893066406,42.35601602607922,163224143,1720697919
1.0,0,1.4437257051467896,2.6959123611450195,6.052634239196777,1.4855338335037231,-0.585371732711792,1.2109578847885132,-21.468212127685547,-14.535292625427246,32.21813201904297,41.354164173183165,175224143,1720697919
1.0,0,5.425343990325928,5.6360368728637695,10.000733375549316,1.519889235496521,-0.5933613181114197,1.196043848991394,-22.340904235839844,-14.36016845703125,31.037363052368164,40.84909234528707,188224143,1720697919
1.0,0,3.6703672409057617,2.1763625144958496,6.818790435791016,1.552912950515747,-0.5715230703353882,1.1792657375335693,-20.246444702148438,-15.060664176940918,35.085716247558594,43.217468842262655,200224143,1720697919
1.0,0,5.262535572052002,5.738989353179932,9.373442649841309,1.5667616128921509,-0.5789800882339478,1.119343638420105,-21.817289352416992,-15.936284065246582,34.57966995239258,43.88294473382253,213224143,1720697919
1.0,0,0.016759667545557022,6.289663791656494,10.007916450500488,1.5931273698806763,-0.5920297503471375,1.1331923007965088,-20.77005958557129,-14.885540008544922,36.266483306884766,44.36476629018488,225224143,1720697919
1.0,0,2.4852192401885986,4.683129787445068,8.355891227722168,1.5734195709228516,-0.5012145638465881,1.1065603494644165,-20.77005958557129,-14.885540008544922,36.266483306884766,44.36476629018488,238224143,1720697919
1.0,0,4.932130813598633,3.0598366260528564,8.212237358093262,1.6003178358078003,-0.5488858819007874,1.0969727039337158,-20.77005958557129,-14.885540008544922,36.266483306884766,44.36476629018488,250224143,1720697919
1.0,0,3.229827404022217,4.723832130432129,7.8267645835876465,1.61443293094635,-0.5139979720115662,1.0301264524459839,-20.77005958557129,-14.885540008544922,36.266483306884766,44.36476629018488,263224143,1720697919
1.0,0,3.94809889793396,4.6017255783081055,9.555404663085938,1.630678415298462,-0.5243843793869019,1.072737693786621,-21.642751693725586,-12.959176063537598,36.09780502319336,44.03862478114537,275224143,1720697919
1.0,0,5.489987850189209,2.3271994590759277,6.754146099090576,1.6059106588363647,-0.4689898192882538,1.0122829675674438,-21.29367446899414,-13.659672737121582,36.09780502319336,44.080140189990765,288224143,1720697919
1.0,0,7.656774044036865,6.725415229797363,10.63520622253418,1.6629031896591187,-0.5392983555793762,0.9928416013717651,-21.29367446899414,-12.25868034362793,35.760440826416016,43.38784327733224,300224143,1720697919
1.0,0,4.628062725067139,2.0781986713409424,6.950473308563232,1.6312110424041748,-0.4407598674297333,0.9757971167564392,-20.595521926879883,-14.009920120239258,36.43516540527344,44.13586595191839,313224143,1720697919
1.0,0,19.388540267944336,-1.920179009437561,32.96626663208008,1.478609561920166,-0.3645923137664795,0.9795255661010742,-20.944597244262695,-11.558184623718262,36.09780502319336,43.3049571413345,325224143,1720697919
1.0,0,-39.22719955444336,-6.995964527130127,30.991018295288086,0.5669956207275391,-0.04447546973824501,0.824260950088501,-21.817289352416992,-11.383060455322266,36.266483306884766,43.8272288818853,338224143,1720697919
1.0,0,16.35504150390625,-4.970438480377197,28.682973861694336,0.5579407811164856,-0.3608638048171997,-0.11371871083974838,-21.119136810302734,-11.383060455322266,38.2906608581543,45.185912781485285,350224143,1720697919
1.0,0,-1.8268038034439087,-16.211387634277344,12.790020942687988,-0.05885675922036171,0.011718087829649448,0.029295219108462334,-22.68998146057129,-10.507440567016602,39.80879211425781,47.010440282416525,363224143,1720697919
1.0,0,2.6935181617736816,-0.43814560770988464,10.26409912109375,-0.044741787016391754,-0.0287625789642334,-0.17710290849208832,-22.166366577148438,-12.083556175231934,38.96538543701172,46.42910078094766,375224143,1720697919
1.0,0,10.359869003295898,-0.26815468072891235,8.183506965637207,-0.0663137212395668,-0.0031958422623574734,-0.17923347651958466,-20.77005958557129,-13.134300231933594,38.628021240234375,45.78241193631841,386853496,1720697919
1.0,0,9.610472679138184,6.478808403015137,3.38545298576355,-0.09054885804653168,0.1664501130580902,-0.10200062394142151,-21.119136810302734,-12.433804512023926,38.628021240234375,45.74649122273214,399853496,1720697919
1.0,0,7.254541397094727,8.810796737670898,10.319167137145996,-0.051932431757450104,0.08042868971824646,0.010919126681983471,-21.9918270111084,-10.507440567016602,39.47142791748047,46.39008929071768,411853496,1720697919
1.0,0,9.600895881652832,2.683941125869751,4.86030387878418,-0.15526466071605682,0.07084116339683533,0.0018642412032932043,-21.817289352416992,-10.682564735412598,38.628021240234375,45.63151683813904,424853496,1720697919
1.0,0,8.267304420471191,0.9912146329879761,4.697495460510254,-0.1006690263748169,0.06365051865577698,0.06578107923269272,-21.119136810302734,-13.134300231933594,37.95329666137695,45.37599045377789,436853496,1720697919
1.0,0,5.880249500274658,-0.16759668290615082,5.308026313781738,-0.018376091495156288,0.06871060281991959,0.019974011927843094,-21.9918270111084,-11.558184623718262,38.121978759765625,45.50293783529252,449853496,1720697919
1.0,0,23.552122116088867,7.968024730682373,38.353302001953125,-0.23942182958126068,0.3347644507884979,-0.08602141588926315,-21.642751693725586,-11.558184623718262,38.121978759765625,45.33525777176347,461853496,1720697919
1.0,0,-25.000635147094727,-12.284835815429688,18.4954891204834,-1.2668850421905518,0.4127962589263916,-0.3321012556552887,-21.642751693725586,-11.558184623718262,37.78461456298828,45.051941471437225,474853496,1720697919
1.0,0,27.42121124267578,23.94477653503418,39.22600173950195,-1.4160243272781372,0.7859108448028564,-0.7853781580924988,-20.420982360839844,-9.281572341918945,36.94121170043945,43.21825109391507,486853496,1720697919
1.0,0,0.8571372628211975,-22.795543670654297,2.705489158630371,-2.081292152404785,0.8684700727462769,-0.891906201839447,-22.864519119262695,-13.484548568725586,36.266483306884766,44.94304279981497,499853496,1720697919
1.0,0,4.036685943603516,24.177019119262695,31.44113540649414,-2.3590641021728516,1.527878761291504,-1.075134515762329,-20.07190704345703,-10.682564735412598,37.27857208251953,43.66566818679253,511853496,1720697919
1.0,0,-16.62558937072754,0.9122047424316406,12.280047416687012,-2.670658588409424,1.5981873273849487,-0.8935042023658752,-21.642751693725586,-11.908432006835938,35.760440826416016,43.46295643231484,524853496,1720697919
1.0,0,24.390104293823242,8.707844734191895,5.401401519775391,-2.318317174911499,1.4900614023208618,-1.122006893157959,-21.642751693725586,-11.908432006835938,35.760440826416016,43.46295643231484,536853496,1720697919
1.0,0,8.875441551208496,7.12046480178833,9.521885871887207,-2.0796942710876465,1.4397268295288086,-1.178466796875,-21.642751693725586,-11.908432006835938,35.760440826416016,43.46295643231484,549853496,1720697919
1.0,0,9.043037414550781,9.687088012695312,10.628024101257324,-2.164384126663208,1.4921919107437134,-1.1563622951507568,-21.642751693725586,-11.908432006835938,35.760440826416016,43.46295643231484,561853496,1720697919
1.0,0,7.6208600997924805,-4.5801777839660645,0.4908188283443451,-2.078895330429077,1.4514448642730713,-1.255699634552002,-21.642751693725586,-11.908432006835938,35.760440826416016,43.46295643231484,574853496,1720697919
1.0,0,14.583304405212402,5.540267467498779,9.663145065307617,-1.9625133275985718,1.4189538955688477,-1.2128220796585083,-21.642751693725586,-12.25868034362793,32.38681411743164,40.83613195835988,586853496,1720697919
1.0,0,9.0621919631958,0.6416558623313904,7.381436824798584,-2.006456136703491,1.3875280618667603,-1.316686987876892,-18.675600051879883,-11.733307838439941,30.53131866455078,37.66443905762728,599853496,1720697919
1.0,0,5.875460624694824,7.89619779586792,10.613658905029297,-1.9199020862579346,1.46342933177948,-1.3553032875061035,-20.420982360839844,-11.383060455322266,31.543407440185547,39.26292320814647,611853496,1720697919
1.0,0,-1.0893784761428833,2.7198545932769775,6.636828422546387,-1.915907382965088,1.5515813827514648,-1.3470473289489746,-19.548290252685547,-12.25868034362793,30.362638473510742,38.13529481521816,624853496,1720697919
1.0,0,-1.675966739654541,4.592148780822754,9.450058937072754,-1.8293533325195312,1.6003178358078003,-1.4266771078109741,-18.501060485839844,-13.30942440032959,28.338462829589844,36.36617236543926,636853496,1720697919
1.0,0,2.145237445831299,2.3008627891540527,7.4412922859191895,-1.8831499814987183,1.6466577053070068,-1.4953876733779907,-18.501060485839844,-12.25868034362793,28.675825119018555,36.26110077099825,649853496,1720697919
1.0,0,16.443628311157227,0.8475603461265564,8.992758750915527,-1.7989927530288696,1.48127281665802,-1.5174922943115234,-17.802907943725586,-10.857687950134277,29.350549697875977,36.00399542332415,661853496,1720697919
1.0,0,11.801199913024902,1.534706711769104,10.850687980651855,-1.7952643632888794,1.5169596672058105,-1.5268135070800781,-18.675600051879883,-13.834795951843262,26.482967376708984,35.23531151278142,674853496,1720697919
1.0,0,4.493985176086426,3.91697359085083,10.958428382873535,-1.7731596231460571,1.4557061195373535,-1.5979210138320923,-17.279293060302734,-11.733307838439941,26.820329666137695,33.99374302567648,686853496,1720697919
1.0,0,-1.4341487884521484,4.199493885040283,9.263307571411133,-1.7278852462768555,1.6653000116348267,-1.63307523727417,-16.755678176879883,-15.060664176940918,26.314287185668945,34.64127692085875,699853496,1720697919
1.0,0,0.5530690550804138,2.422969102859497,7.505937099456787,-1.6599736213684082,1.7912694215774536,-1.6668978929519653,-15.70844841003418,-14.36016845703125,24.627473831176758,32.54968904414167,711853496,1720697919
1.0,0,2.396632432937622,-0.4788476526737213,7.1324357986450195,-1.658109426498413,1.7396032810211182,-1.709775447845459,-16.23206329345703,-12.433804512023926,24.121429443359375,31.62155486052174,724853496,1720697919
1.0,0,9.270490646362305,0.4908188283443451,9.706241607666016,-1.599518895149231,1.6908668279647827,-1.7651700973510742,-14.312141418457031,-15.060664176940918,24.290111541748047,31.96358109072052,736853496,1720697919
1.0,0,10.4005708694458,0.4429340660572052,11.056591987609863,-1.6107044219970703,1.634939432144165,-1.7593110799789429,-14.486680030822754,-13.834795951843262,23.10934066772461,30.582790968803483,749853496,1720697919
1.0,0,3.452491521835327,4.896217346191406,11.257708549499512,-1.507372260093689,1.7121723890304565,-1.807515025138855,-12.741296768188477,-12.433804512023926,20.41044044494629,27.08368913451371,761853496,1720697919
1.0,0,-2.7773163318634033,1.7621593475341797,8.437294960021973,-1.4700872898101807,1.884215235710144,-1.858115792274475,-12.9158353805542,-14.36016845703125,21.253847122192383,28.71862216725267,774853496,1720697919
1.0,0,-2.2529780864715576,1.6592071056365967,7.647197246551514,-1.4519774913787842,1.8900742530822754,-1.8863457441329956,-11.868605613708496,-13.659672737121582,21.253847122192383,27.913732749178152,786853496,1720697919
1.0,0,7.84352445602417,-1.1109265089035034,9.356682777404785,-1.4394605159759521,1.7758228778839111,-1.9015259742736816,-12.741296768188477,-12.083556175231934,18.7236270904541,25.669577024123765,799853496,1720697919
1.0,0,12.560173988342285,3.5219244956970215,13.22098445892334,-1.4048389196395874,1.7803503274917603,-1.9515942335128784,-11.344990730285645,-13.484548568725586,19.060989379882812,25.95887480058779,811853496,1720697919
1.0,0,3.921762228012085,0.9193874597549438,10.10368537902832,-1.3467810153961182,1.8349459171295166,-1.9862158298492432,-11.51952838897705,-14.710416793823242,18.21758270263672,26.09552099652072,824853496,1720697919
1.0,0,-4.12766695022583,0.05746171623468399,7.644803047180176,-1.2868590354919434,1.9515942335128784,-2.0173752307891846,-9.425068855285645,-15.761160850524902,18.55494499206543,26.106169729425424,836853496,1720697919
1.0,0,-4.889034271240234,1.8459577560424805,9.098105430603027,-1.2258716821670532,1.9771610498428345,-2.024832248687744,-9.425068855285645,-15.761160850524902,18.55494499206543,26.106169729425424,849853496,1720697919
1.0,0,3.6272706985473633,2.1284778118133545,11.116448402404785,-1.2024356126785278,1.9529258012771606,-2.062649726867676,-9.425068855285645,-15.761160850524902,18.55494499206543,26.106169729425424,861853496,1720697919
1.0,0,10.723793029785156,0.8427718281745911,12.438067436218262,-1.186456322669983,1.8882099390029907,-2.067443609237671,-9.425068855285645,-15.761160850524902,18.55494499206543,26.106169729425424,874853496,1720697919
1.0,0,9.50991439819336,-0.23702958226203918,10.975187301635742,-1.1441113948822021,1.8887425661087036,-2.1060597896575928,-9.425068855285645,-15.761160850524902,18.55494499206543,26.106169729425424,886853496,1720697919
1.0,0,-5.030294418334961,-0.6703867316246033,7.821976184844971,-1.0788630247116089,2.0517306327819824,-2.1428122520446777,-5.4106879234313965,-15.235788345336914,14.337912559509277,21.609732225846862,899853496,1720697919
1.0,0,-3.8499350547790527,-2.135660409927368,7.697475910186768,-1.0594216585159302,2.04667067527771,-2.169177770614624,-3.665304660797119,-14.885540008544922,14.000550270080566,20.761241953879004,911853496,1720697919
1.0,0,-3.8499350547790527,-2.135660409927368,7.697475910186768,-1.0594216585159302,2.04667067527771,-2.169177770614624,-2.618074655532837,-13.834795951843262,14.000550270080566,19.856266058756745,924853496,1720697919
1.0,0,3.8762714862823486,3.766136884689331,13.000714302062988,-0.894569456577301,2.097271203994751,-2.177433729171753,-1.3963065147399902,-14.36016845703125,14.169231414794922,20.222048088248428,937853496,1720697919
1.0,0,6.6416168212890625,1.187542200088501,11.959219932556152,-0.9022927284240723,2.0290935039520264,-2.2240397930145264,-0.6981532573699951,-14.009920120239258,14.843955993652344,20.423229648803062,949853496,1720697919
1.0,0,1.2569750547409058,-0.03112509660422802,10.256916999816895,-0.8599478006362915,2.0791616439819336,-2.250671863555908,1.5708448886871338,-14.885540008544922,11.976373672485352,19.169777811787654,962853496,1720697919
1.0,0,0.3184336721897125,-0.6512327790260315,9.579346656799316,-0.8213313817977905,2.08768367767334,-2.2591938972473145,1.2217681407928467,-14.885540008544922,11.30164909362793,18.72963670153132,974853496,1720697919
1.0,0,-3.6536076068878174,-0.9600895047187805,9.414144515991211,-0.7475606799125671,2.164384126663208,-2.2645204067230225,2.967151403427124,-14.885540008544922,10.626923561096191,18.52875584517839,987853496,1720697919
1.0,0,-0.5291266441345215,1.6208992004394531,11.058985710144043,-0.6772521734237671,2.2032666206359863,-2.2655856609344482,3.1416897773742676,-14.710416793823242,11.470330238342285,18.916528557901003,999853496,1720697919
1.0,0,-1.7453995943069458,0.3399818241596222,11.015890121459961,-0.6508864760398865,2.19181489944458,-2.2775700092315674,6.283379554748535,-15.41091251373291,10.795604705810547,19.837393077193394,12853496,1720697920
1.0,0,0.3782896399497986,0.5674344897270203,11.133207321166992,-0.5877686142921448,2.204332113265991,-2.3292360305786133,5.759764194488525,-14.535292625427246,11.30164909362793,19.291886572298022,24853496,1720697920
1.0,0,1.9177848100662231,-0.10055800527334213,10.565773010253906,-0.5672619342803955,2.207261562347412,-2.343883752822876,7.85422420501709,-14.885540008544922,9.614835739135742,19.383322870427296,37853496,1720697920
1.0,0,-1.8172268867492676,-1.0414936542510986,10.6328125,-0.5361025333404541,2.2322957515716553,-2.3252413272857666,8.552377700805664,-14.185044288635254,10.289560317993164,19.499581978734856,49853496,1720697920
1.0,0,-2.190727949142456,-2.889845609664917,10.70703411102295,-0.471653014421463,2.271444797515869,-2.3103272914886475,12.043143272399902,-13.834795951843262,8.940110206604004,20.405010399774728,62853496,1720697920
1.0,0,-3.660790205001831,-1.534706711769104,9.442874908447266,-0.4423578083515167,2.3132572174072266,-2.350541830062866,11.694067001342773,-13.484548568725586,9.614835739135742,20.27385803010308,74853496,1720697920
1.0,0,-1.1372631788253784,-2.501979112625122,9.366259574890137,-0.3526079058647156,2.2842280864715576,-2.3548030853271484,12.9158353805542,-15.060664176940918,8.771429061889648,21.692864652136873,87853496,1720697920
1.0,0,-3.047865152359009,-0.5171554684638977,9.938483238220215,-0.297745943069458,2.3470795154571533,-2.367053747177124,15.010294914245605,-14.710416793823242,9.783516883850098,23.182375164706578,99853496,1720697920
1.0,0,-0.05746171623468399,1.1037437915802002,11.736556053161621,-0.26978233456611633,2.320713996887207,-2.3473458290100098,16.93021583557129,-14.185044288635254,8.940110206604004,23.827993205803075,112853496,1720697920
1.0,0,-1.0821956396102905,0.21069295704364777,12.122028350830078,-0.217583566904068,2.372912645339966,-2.3542702198028564,17.279293060302734,-13.834795951843262,7.253296852111816,23.293472538842725,124853496,1720697920
1.0,0,-0.1795678734779358,-0.2082987278699875,11.513891220092773,-0.1970769315958023,2.3388237953186035,-2.345747947692871,19.37375259399414,-14.535292625427246,6.915934085845947,25.188234665411947,137853496,1720697920
1.0,0,-1.300071358680725,-2.109323740005493,9.366259574890137,-0.12117567658424377,2.379570722579956,-2.3691842555999756,20.420982360839844,-13.484548568725586,8.940110206604004,26.05331343975803,149853496,1720697920
1.0,0,-0.7709447145462036,-4.290474891662598,8.39659309387207,-0.08495613932609558,2.4402918815612793,-2.373711585998535,23.21359634399414,-13.484548568725586,9.952198028564453,28.6312827327729,162853496,1720697920
1.0,0,-1.5514663457870483,-1.9560925960540771,9.818770408630371,-0.04261122643947601,2.4189863204956055,-2.3731789588928223,24.43536376953125,-13.30942440032959,9.44615364074707,29.384649036903745,174853496,1720697920
1.0,0,-5.085361957550049,1.652024269104004,10.517888069152832,0.05672619491815567,2.4797070026397705,-2.328437089920044,25.657133102416992,-11.733307838439941,7.253296852111816,29.130212959942348,187853496,1720697920
1.0,0,-5.185919761657715,-0.6272904276847839,10.680696487426758,0.055128276348114014,2.4637279510498047,-2.3524060249328613,27.402515411376953,-13.134300231933594,8.602747917175293,31.581877163648556,199853496,1720697920
1.0,0,-7.388619422912598,-1.9560925960540771,7.874650001525879,0.07590124756097794,2.5409607887268066,-2.3763749599456787,27.402515411376953,-13.134300231933594,8.602747917175293,31.581877163648556,212853496,1720697920
1.0,0,-5.700681209564209,-3.4477031230926514,7.383831024169922,0.131295844912529,2.5936923027038574,-2.370515823364258,27.402515411376953,-13.134300231933594,8.602747917175293,31.581877163648556,224853496,1720697920
1.0,0,-0.5937711000442505,-2.576200246810913,9.91454029083252,0.1669827401638031,2.487696886062622,-2.3364269733428955,32.11505126953125,-11.558184623718262,10.795604705810547,35.79822943672909,237853496,1720697920
1.0,0,-0.5937711000442505,-2.576200246810913,9.91454029083252,0.1669827401638031,2.487696886062622,-2.3364269733428955,33.511356353759766,-11.20793628692627,9.783516883850098,36.665324805557816,249853496,1720697920
1.0,0,-3.3423564434051514,-2.044679641723633,9.713424682617188,0.2916206121444702,2.5452218055725098,-2.327904462814331,37.70027542114258,-10.507440567016602,11.132966995239258,40.689802508939266,262853496,1720697920
1.0,0,-7.2066569328308105,-3.6512134075164795,8.458844184875488,0.3033386766910553,2.6014153957366943,-2.317784547805786,37.874813079833984,-11.032812118530273,10.289560317993164,40.768854050767374,274853496,1720697920
1.0,0,-9.502731323242188,-0.8643199801445007,8.379834175109863,0.3613964915275574,2.686105251312256,-2.3143224716186523,39.271121978759766,-9.982068061828613,10.626923561096191,41.8902638883427,287853496,1720697920
1.0,0,-9.991155624389648,-1.2210614681243896,7.944082260131836,0.3872295022010803,2.6602721214294434,-2.289820671081543,40.31835174560547,-11.733307838439941,11.976373672485352,43.66547293522611,299853496,1720697920
1.0,0,1.61371648311615,-2.2553725242614746,11.415727615356445,0.43250393867492676,2.575049877166748,-2.260525703430176,43.1109619140625,-8.931324005126953,12.9884614944458,45.90232801975305,312853496,1720697920
1.0,0,0.8164352178573608,-1.9704581499099731,10.462821960449219,0.48869749903678894,2.623253583908081,-2.255465507507324,45.20542526245117,-9.982068061828613,13.325824737548828,48.174160718022954,324853496,1720697920
1.0,0,-5.449285984039307,-4.218647480010986,7.857889652252197,0.5054756999015808,2.689301013946533,-2.2866249084472656,45.20542526245117,-8.230828285217285,14.000550270080566,48.0342837490562,337853496,1720697920
1.0,0,-8.806008338928223,-3.8307812213897705,7.369464874267578,0.6005520224571228,2.743896722793579,-2.2421493530273438,45.9035758972168,-8.230828285217285,14.000550270080566,48.691890723993545,349853496,1720697920
1.0,0,-6.7948479652404785,-2.839566469192505,8.518699645996094,0.6186617612838745,2.7095413208007812,-2.181162118911743,48.8707275390625,-7.355208396911621,14.506593704223633,51.50619731312633,362853496,1720697920
1.0,0,-4.357513904571533,-1.716668725013733,9.770886421203613,0.631711483001709,2.7079434394836426,-2.1867549419403076,50.7906494140625,-6.829836368560791,16.362089157104492,53.796418972907105,374853496,1720697920
1.0,0,-6.411769866943359,-3.2896833419799805,7.501148700714111,0.662071943283081,2.8030200004577637,-2.2171154022216797,50.26703643798828,-6.304464340209961,16.19340705871582,53.185972352155865,387853496,1720697920
1.0,0,-6.416558742523193,-1.9321502447128296,7.2186279296875,0.7113412022590637,2.8016884326934814,-2.2040657997131348,52.186954498291016,-5.428843975067139,17.374176025390625,55.27035877641448,399853496,1720697920
1.0,0,-7.350311279296875,-5.822787284851074,6.272904396057129,0.7520881295204163,2.7817139625549316,-2.1409478187561035,53.93233871459961,-5.779092311859131,19.060989379882812,57.492750702286756,412853496,1720697920
1.0,0,-3.478828191757202,-5.633642673492432,7.635225772857666,0.7872424125671387,2.76094126701355,-2.1033966541290283,54.28141403198242,-5.428843975067139,21.08516502380371,58.48528396355921,425853496,1720697920
1.0,0,-4.915370941162109,-2.8994224071502686,7.745360374450684,0.7989605069160461,2.784111261367798,-2.096738576889038,55.328643798828125,-4.728348255157471,21.08516502380371,59.39865559017887,437853496,1720697920
1.0,0,-6.883435249328613,-2.3559303283691406,7.477205753326416,0.8551540970802307,2.870398759841919,-2.0815584659576416,56.724952697753906,-4.728348255157471,21.759891510009766,60.93907132794086,450853496,1720697920
1.0,0,-8.837133407592773,-2.789287567138672,5.947287559509277,0.8977653384208679,2.8909056186676025,-2.109255790710449,57.5976448059082,-3.5024800300598145,21.928571701049805,61.730205818518165,462853496,1720697920
1.0,0,-11.9927396774292,-2.4684596061706543,6.263327598571777,0.9265278577804565,2.919667959213257,-2.0685088634490967,58.29579544067383,-1.4009920358657837,24.290111541748047,63.16939182433221,475853496,1720697920
1.0,0,-1.187542200088501,-4.249773025512695,8.46842098236084,0.9294573664665222,2.808612585067749,-1.9966022968292236,60.564796447753906,-1.2258679866790771,24.458791732788086,65.32862936038481,487853496,1720697920
1.0,0,-5.837152481079102,-5.700681209564209,6.835549831390381,0.9457029700279236,2.878122091293335,-2.0000643730163574,58.81941223144531,-2.2766120433807373,25.133516311645508,64.00468623340416,500853496,1720697920
1.0,0,-10.443666458129883,-1.6065338850021362,5.142823696136475,1.0383822917938232,2.991041660308838,-1.9982002973556519,58.81941223144531,-2.2766120433807373,25.133516311645508,64.00468623340416,512853496,1720697920
1.0,0,-12.840300559997559,-2.480430841445923,4.968044281005859,1.0703407526016235,3.003026247024536,-1.9689050912857056,58.81941223144531,-2.2766120433807373,25.133516311645508,64.00468623340416,525853496,1720697920
1.0,0,-6.782876968383789,-6.035874843597412,4.826784133911133,1.057291030883789,2.9580180644989014,-1.9420067071914673,58.81941223144531,-2.2766120433807373,25.133516311645508,64.00468623340416,537853496,1720697920
1.0,0,-4.221041679382324,-5.257747173309326,7.754937171936035,1.109223484992981,2.8344454765319824,-1.8956669569015503,63.35740661621094,0.17512400448322296,29.181869506835938,69.75509407536367,550853496,1720697920
1.0,0,9.093317031860352,14.8370943069458,33.48102569580078,1.0399802923202515,2.461597442626953,-1.4610323905944824,63.53194808959961,2.4517359733581543,32.38681411743164,71.35282171028491,562853496,1720697920
1.0,0,31.85773468017578,-2.1859395503997803,39.22600173950195,0.5275802612304688,1.0018965005874634,-0.8924389481544495,64.4046401977539,3.3273561000823975,31.880769729614258,71.94033956113623,575853496,1720697920
1.0,0,-31.728445053100586,-6.124461650848389,9.564981460571289,-0.0007989605655893683,1.3244102001190186,-0.4354335069656372,63.706485748291016,2.9771080017089844,33.230220794677734,71.91402556187548,587853496,1720697920
1.0,0,39.22600173950195,16.98951530456543,39.22600173950195,0.1600584238767624,-0.11425135284662247,-0.13209480047225952,65.62640380859375,3.8527281284332275,33.398902893066406,73.73706737686757,600853496,1720697920
1.0,0,-33.447505950927734,-9.495549201965332,5.068602085113525,-0.2407534420490265,-0.39069169759750366,0.17364074289798737,65.27732849121094,4.553224086761475,32.38681411743164,73.01210305977217,612853496,1720697920
1.0,0,-9.43808650970459,-9.471606254577637,0.3280106484889984,-0.3547384738922119,-0.23729127645492554,0.27990248799324036,64.57917785644531,3.5024800300598145,33.06153869628906,72.6347225501797,625853496,1720697920
1.0,0,-1.6616014242172241,-4.675947189331055,-1.132474660873413,-0.11212079226970673,-0.39255592226982117,0.13901913166046143,64.4046401977539,3.3273561000823975,31.880769729614258,71.94033956113623,637853496,1720697920
1.0,0,-9.124442100524902,-8.530671119689941,0.8858681321144104,0.0287625789642334,-0.1632542759180069,0.09933742135763168,64.92825317382812,1.7512400150299072,32.38681411743164,72.57858245014181,650853496,1720697920
1.0,0,-11.89696979522705,-7.290455341339111,4.391032695770264,-0.020240332931280136,-0.055128276348114014,0.14541080594062805,64.4046401977539,4.0278520584106445,32.89285659790039,72.43011311862367,662853496,1720697920
1.0,0,-3.229827404022217,-4.771716594696045,7.249752998352051,0.006924324203282595,-0.08495613932609558,0.060454681515693665,65.80094146728516,2.2766120433807373,33.230220794677734,73.75089446535674,675853496,1720697920
1.0,0,-7.642408847808838,-5.351122856140137,5.245776176452637,-0.019974011927843094,-0.020240332931280136,0.019175052642822266,65.45186614990234,2.6268601417541504,32.55549621582031,73.14853047442142,687853496,1720697920
1.0,0,-6.4931745529174805,-5.367882251739502,6.13403844833374,-0.035686902701854706,0.03329002112150192,0.000532640318851918,64.57917785644531,3.1522321701049805,32.0494499206543,72.16352278322594,700853496,1720697920
1.0,0,-7.28087854385376,-6.634434223175049,3.9552814960479736,-0.025034096091985703,0.017310811206698418,-0.0013316008262336254,64.75371551513672,2.2766120433807373,32.89285659790039,72.66475521586351,712853496,1720697920
1.0,0,-5.470834255218506,-6.074182510375977,5.928133964538574,0.004261122550815344,0.03329002112150192,-0.02370249480009079,64.2301025390625,3.1522321701049805,32.38681411743164,72.00241918512042,725853496,1720697920
1.0,0,-4.745380401611328,-5.10690975189209,7.2856669425964355,-0.009321206249296665,0.032491061836481094,0.011984407901763916,65.80094146728516,3.3273561000823975,34.2423095703125,74.25207715146396,737853496,1720697920
1.0,0,-6.706261157989502,-5.552238464355469,5.822787284851074,-0.037817467004060745,0.0197076927870512,0.03515426442027092,64.92825317382812,3.1522321701049805,32.0494499206543,72.47607790212916,750853496,1720697920
1.0,0,-13.704619407653809,5.916162490844727,17.837074279785156,0.020240332931280136,-0.21864885091781616,0.22690477967262268,65.27732849121094,3.1522321701049805,32.724178314208984,73.08856291475328,762853496,1720697920
1.0,0,27.909635543823242,-0.05746171623468399,39.22600173950195,-0.36432600021362305,-1.6413311958312988,0.7169339060783386,63.008331298828125,2.9771080017089844,32.89285659790039,71.13967247806784,775853496,1720697920
1.0,0,-39.22719955444336,-11.5282564163208,6.600914478302002,-0.9976353645324707,-1.4847348928451538,1.3188174962997437,64.57917785644531,2.8019840717315674,31.374725341796875,71.8518943217632,787853496,1720697920
1.0,0,39.22600173950195,11.525862693786621,37.084354400634766,-0.8889767527580261,-2.9164721965789795,1.6578431129455566,64.92825317382812,2.4517359733581543,31.037363052368164,72.0069925405324,800853496,1720697920
1.0,0,-32.01096725463867,-10.56098461151123,8.626440048217773,-1.3039034605026245,-3.2285995483398438,2.178765296936035,63.35740661621094,1.5761160850524902,29.85659408569336,70.05755723291607,812853496,1720697920
1.0,0,1.637658953666687,-0.1795678734779358,13.321541786193848,-1.4618314504623413,-3.2267351150512695,2.360395669937134,62.484718322753906,1.4009920358657837,29.013187408447266,68.90622501745499,825853496,1720697920
1.0,0,4.762139797210693,-0.002394238254055381,1.2857059240341187,-1.2578301429748535,-3.491990089416504,2.2272355556488037,62.484718322753906,1.4009920358657837,29.013187408447266,68.90622501745499,837853496,1720697920
1.0,0,-25.97748565673828,-14.049389839172363,-11.171515464782715,-1.0588890314102173,-3.0834550857543945,2.103929281234741,62.484718322753906,1.4009920358657837,29.013187408447266,68.90622501745499,850853496,1720697920
1.0,0,-8.01351547241211,-1.9034193754196167,6.464443206787109,-0.9528935551643372,-2.8706650733947754,2.162519693374634,62.484718322753906,1.4009920358657837,29.013187408447266,68.90622501745499,862853496,1720697920
1.0,0,-1.7525824308395386,-2.935336112976074,6.864280700683594,-0.9062875509262085,-3.061084032058716,2.1819610595703125,62.484718322753906,1.4009920358657837,29.013187408447266,68.90622501745499,875853496,1720697920
1.0,0,-21.789960861206055,-7.742966175079346,2.05904483795166,-0.8740627765655518,-2.7452282905578613,2.1398825645446777,58.81941223144531,-2.9771080017089844,23.784067153930664,63.51588996219152,887853496,1720697920
1.0,0,-2.55704665184021,-3.3136258125305176,8.092525482177734,-0.8282557129859924,-2.828852891921997,2.132958173751831,57.5976448059082,-4.202976226806641,21.253847122192383,61.537628438575624,900853496,1720697920
1.0,0,-3.6033284664154053,-2.6192967891693115,9.531462669372559,-0.8359790444374084,-2.830717086791992,2.143078565597534,55.5031852722168,-4.903471946716309,20.579120635986328,59.39821393480393,913853496,1720697920
1.0,0,-6.277692794799805,-3.251375675201416,8.29124641418457,-0.8168039321899414,-2.724721670150757,2.1492037773132324,54.28141403198242,-3.3273561000823975,19.735713958740234,57.853622301369064,925853496,1720697920
1.0,0,-5.533084392547607,-1.0893784761428833,8.353497505187988,-0.7462291121482849,-2.696225166320801,2.1553292274475098,53.23418426513672,-5.428843975067139,20.073078155517578,57.15137083148286,938853496,1720697920
1.0,0,-10.695062637329102,-4.948890209197998,5.26492977142334,-0.7377068400382996,-2.6735880374908447,2.1681125164031982,53.05964660644531,-5.603968143463135,17.205495834350586,56.060321474815574,950853496,1720697920
1.0,0,-10.3383207321167,-4.3192057609558105,6.253750324249268,-0.685508131980896,-2.655744791030884,2.206728935241699,48.696189880371094,-5.078596115112305,17.036813735961914,51.839792337927534,963853496,1720697920
1.0,0,-2.118900775909424,-3.4979822635650635,10.735764503479004,-0.6692625880241394,-2.719928026199341,2.2373557090759277,50.09249496459961,-6.129340171813965,15.687362670898438,52.84808615539968,975853496,1720697920
1.0,0,-0.3016740083694458,-4.000771999359131,9.794828414916992,-0.6338419914245605,-2.677849292755127,2.269047737121582,49.9179573059082,-7.004960060119629,16.868131637573242,53.15454629644434,988853496,1720697920
1.0,0,-3.615299701690674,-3.4668569564819336,7.0797624588012695,-0.5361025333404541,-2.6133999824523926,2.2573297023773193,47.474422454833984,-7.004960060119629,15.518681526184082,50.43530240987005,853496,1720697921
1.0,0,-6.392616271972656,1.0821956396102905,10.046223640441895,-0.48683327436447144,-2.629645347595215,2.2551991939544678,45.9035758972168,-7.880580425262451,13.325824737548828,48.44398242224147,13853496,1720697921
1.0,0,-8.226602554321289,-3.045470952987671,8.559401512145996,-0.4878985583782196,-2.5878329277038574,2.2378883361816406,43.634578704833984,-10.507440567016602,13.494505882263184,46.86666677953718,25853496,1720697921
1.0,0,-6.586549282073975,-5.296054840087891,7.810005187988281,-0.4660603106021881,-2.5670599937438965,2.288755416870117,44.1581916809082,-9.631820678710938,12.9884614944458,47.02571630615928,38853496,1720697921
1.0,0,-3.5458667278289795,-3.1053268909454346,9.32795238494873,-0.41812267899513245,-2.5617337226867676,2.3244423866271973,41.36558151245117,-9.281572341918945,12.65109920501709,44.24148765691205,50853496,1720697921
1.0,0,-3.792473316192627,-1.8004671335220337,10.130022048950195,-0.3608638048171997,-2.528710126876831,2.346280574798584,40.14381408691406,-12.25868034362793,11.807692527770996,43.60301200653859,63853496,1720697921
1.0,0,-3.40700101852417,-2.193122148513794,8.035063743591309,-0.3233126699924469,-2.5486841201782227,2.334296464920044,37.52573776245117,-10.682564735412598,11.976373672485352,40.813376609704015,75853496,1720697921
1.0,0,-2.528315544128418,-1.7717362642288208,9.342317581176758,-0.2458135187625885,-2.493555784225464,2.3116588592529297,35.431278228759766,-11.032812118530273,10.626923561096191,38.600905747662914,88853496,1720697921
1.0,0,-2.3631131649017334,-1.5969569683074951,10.249733924865723,-0.1970769315958023,-2.478908061981201,2.330301523208618,34.733123779296875,-9.982068061828613,9.952198028564453,37.48436761983186,100853496,1720697921
1.0,0,-5.897008895874023,-2.549863576889038,9.763703346252441,-0.21412141621112823,-2.4980831146240234,2.370515823364258,31.591434478759766,-12.433804512023926,9.277472496032715,35.195024122504044,113853496,1720697921
1.0,0,-5.159583568572998,-3.3208084106445312,9.72060775756836,-0.17843452095985413,-2.4541404247283936,2.3838319778442383,30.195127487182617,-12.784051895141602,9.277472496032715,34.07710672488978,125853496,1720697921
1.0,0,-5.159583568572998,-3.3208084106445312,9.72060775756836,-0.17843452095985413,-2.4541404247283936,2.3838319778442383,30.195127487182617,-11.383060455322266,7.5906596183776855,33.15023231802158,138853496,1720697921
1.0,0,-6.14600944519043,-4.69031286239624,7.769303321838379,-0.04980187490582466,-2.3358943462371826,2.3441500663757324,28.7988224029541,-13.134300231933594,8.265384674072266,32.71388998865544,150853496,1720697921
1.0,0,-1.8842655420303345,-1.264157772064209,9.430904388427734,0.025566738098859787,-2.371314764022827,2.3595967292785645,25.8316707611084,-14.009920120239258,8.09670352935791,30.481300564905432,163853496,1720697921
1.0,0,-0.24900077283382416,2.5929598808288574,12.88578987121582,0.06604740023612976,-2.424046277999878,2.388359308242798,25.8316707611084,-14.009920120239258,8.09670352935791,30.481300564905432,175853496,1720697921
1.0,0,-0.06225019320845604,1.5538605451583862,13.496320724487305,0.09454365819692612,-2.381434917449951,2.384364604949951,25.8316707611084,-14.009920120239258,8.09670352935791,30.481300564905432,188853496,1720697921
1.0,0,-1.9153906106948853,0.12689462304115295,11.013496398925781,0.13422536849975586,-2.350541830062866,2.369983196258545,25.8316707611084,-14.009920120239258,8.09670352935791,30.481300564905432,200853496,1720697921
1.0,0,-6.519510746002197,-5.05184268951416,6.945684909820557,0.1494056135416031,-2.2365567684173584,2.3350954055786133,25.8316707611084,-14.009920120239258,8.09670352935791,30.481300564905432,213853496,1720697921
1.0,0,-1.8842655420303345,-4.048656940460205,8.52348804473877,0.2402207851409912,-2.266650915145874,2.3542702198028564,17.977445602416992,-15.586036682128906,6.915934085845947,24.777877918100568,225853496,1720697921
1.0,0,-1.8842655420303345,-4.048656940460205,8.52348804473877,0.2402207851409912,-2.266650915145874,2.3542702198028564,16.93021583557129,-13.484548568725586,7.928022384643555,23.050353517305485,238853496,1720697921
1.0,0,0.9289644360542297,1.6975148916244507,11.669516563415527,0.3475477993488312,-2.2722437381744385,2.365189552307129,17.104755401611328,-14.710416793823242,9.10879135131836,24.329798591003602,250853496,1720697921
1.0,0,-2.092564105987549,-0.023942383006215096,10.21381950378418,0.43889564275741577,-2.200070858001709,2.348145008087158,14.137603759765625,-14.885540008544922,8.940110206604004,22.39144282801704,263853496,1720697921
1.0,0,-3.967252731323242,0.826012134552002,10.604080200195312,0.42131850123405457,-2.1824936866760254,2.336160659790039,11.694067001342773,-14.185044288635254,7.253296852111816,19.763021017225398,275853496,1720697921
1.0,0,-0.8858681321144104,-0.3663184642791748,10.316773414611816,0.4327702522277832,-2.1878201961517334,2.3350954055786133,10.9959135055542,-13.834795951843262,8.602747917175293,19.654998462916037,288853496,1720697921
1.0,0,-3.0837788581848145,-3.5410783290863037,8.06618881225586,0.430107057094574,-2.161987066268921,2.319382429122925,10.64683723449707,-14.185044288635254,9.952198028564453,20.33757286817134,300853496,1720697921
1.0,0,2.9281532764434814,-0.3950493037700653,11.130813598632812,0.5747189521789551,-2.1824936866760254,2.312457799911499,9.250530242919922,-13.484548568725586,8.265384674072266,18.322716602291376,313853496,1720697921
1.0,0,-2.094958543777466,0.22266416251659393,9.330347061157227,0.6327767372131348,-2.1012661457061768,2.2794344425201416,7.85422420501709,-13.834795951843262,11.63901138305664,19.711849301035585,325853496,1720697921
1.0,0,-6.758934497833252,1.5083701610565186,10.235368728637695,0.6788501143455505,-2.0709056854248047,2.2948808670043945,4.887072563171387,-14.009920120239258,12.819780349731445,19.60887830113053,338853496,1720697921
1.0,0,-5.758142948150635,2.5714118480682373,10.350292205810547,0.7150696516036987,-2.016309976577759,2.2842280864715576,5.4106879234313965,-14.885540008544922,11.976373672485352,19.856695885613956,350853496,1720697921
1.0,0,7.592129230499268,2.269737958908081,13.544205665588379,0.7608767151832581,-2.14121413230896,2.282630205154419,3.4907662868499756,-14.710416793823242,10.795604705810547,18.577591137753142,363853496,1720697921
1.0,0,5.959259033203125,-0.9792433977127075,10.841111183166504,0.7744590044021606,-2.0738351345062256,2.244013786315918,1.7453831434249878,-15.41091251373291,11.807692527770996,19.492670151974067,376853496,1720697921
1.0,0,0.27054890990257263,-3.174759864807129,7.592129230499268,0.8213313817977905,-2.0237669944763184,2.2003371715545654,0.17453831434249878,-14.185044288635254,12.9884614944458,19.233982351203778,388853496,1720697921
1.0,0,-0.878685474395752,-0.6727809309959412,8.695873260498047,0.8948357701301575,-2.0290935039520264,2.175569534301758,0.0,-14.710416793823242,12.145055770874023,19.07613016116312,401853496,1720697921
1.0,0,-3.327991247177124,1.7861016988754272,10.898571968078613,0.9504966735839844,-1.956387996673584,2.2016687393188477,-1.2217681407928467,-14.36016845703125,12.9884614944458,19.401218711639558,413853496,1720697921
1.0,0,1.3048597574234009,2.1500258445739746,12.038229942321777,1.0114840269088745,-1.961448073387146,2.1843578815460205,-2.0944597721099854,-14.009920120239258,13.831868171691895,19.798616129202948,426853496,1720697921
1.0,0,0.9553011059761047,0.9002335667610168,10.831533432006836,1.0399802923202515,-1.8756929636001587,2.175036907196045,-4.537996292114258,-14.009920120239258,15.518681526184082,21.39394186291658,438853496,1720697921
1.0,0,5.98798942565918,-1.7861016988754272,10.216214179992676,1.040246605873108,-1.897264838218689,2.1065924167633057,-4.537996292114258,-14.009920120239258,14.843955993652344,20.90967005153871,451853496,1720697921
1.0,0,6.9744157791137695,-0.9002335667610168,9.749338150024414,1.1001685857772827,-1.9550563097000122,2.0772972106933594,-4.712534427642822,-12.784051895141602,14.675274848937988,20.02507566730434,463853496,1720697921
1.0,0,7.369464874267578,-0.8738968968391418,11.537834167480469,1.147307276725769,-1.9649101495742798,2.0756993293762207,-5.061611175537109,-13.834795951843262,15.687362670898438,21.520103026931785,476853496,1720697921
1.0,0,-1.704697608947754,3.3136258125305176,10.783649444580078,1.2141536474227905,-1.8930038213729858,2.056258201599121,-6.806994438171387,-14.535292625427246,16.362089157104492,22.92003199328335,488853496,1720697921
1.0,0,-4.889034271240234,4.628062725067139,10.87941837310791,1.291120171546936,-1.7515877485275269,2.0237669944763184,-8.028762817382812,-14.36016845703125,16.868131637573242,23.562880457079167,501853496,1720697921
1.0,0,-2.3080456256866455,2.346353530883789,9.481184005737305,1.296979308128357,-1.7326791286468506,1.9928737878799438,-8.552377700805664,-14.885540008544922,17.711538314819336,24.666192555004166,513853496,1720697921
1.0,0,6.320788860321045,-0.4692707061767578,9.718213081359863,1.350775957107544,-1.8064497709274292,1.9348161220550537,-8.552377700805664,-14.885540008544922,17.711538314819336,24.666192555004166,526853496,1720697921
1.0,0,10.221002578735352,-0.7853101491928101,8.719816207885742,1.3465147018432617,-1.7880736589431763,1.915907382965088,-8.552377700805664,-14.885540008544922,17.711538314819336,24.666192555004166,538853496,1720697921
1.0,0,8.90656566619873,1.8028613328933716,12.066961288452148,1.3979145288467407,-1.8117761611938477,1.912711501121521,-8.552377700805664,-14.885540008544922,17.711538314819336,24.666192555004166,551853496,1720697921
1.0,0,5.319997310638428,1.5825914144515991,10.776466369628906,1.4461185932159424,-1.8133740425109863,1.878888726234436,-12.56675910949707,-13.30942440032959,18.89230728149414,26.305579005272108,563853496,1720697921
1.0,0,-5.485199451446533,2.5115559101104736,7.6998701095581055,1.5137637853622437,-1.6160308122634888,1.8133740425109863,-12.9158353805542,-12.959176063537598,21.253847122192383,28.044341056920324,576853496,1720697921
1.0,0,-2.0015830993652344,-0.2944912910461426,6.411769866943359,1.543325424194336,-1.6077748537063599,1.7691649198532104,-13.963065147399902,-13.659672737121582,21.928571701049805,29.366921943640584,588853496,1720697921
1.0,0,7.398196220397949,2.731825828552246,10.379022598266602,1.5872682332992554,-1.6519839763641357,1.7542510032653809,-15.010294914245605,-13.659672737121582,22.265933990478516,30.12751946586769,601853496,1720697921
1.0,0,8.8945951461792,2.683941125869751,11.001524925231934,1.5896650552749634,-1.640798568725586,1.72309148311615,-12.9158353805542,-14.710416793823242,24.290111541748047,31.19654924083967,613853496,1720697921
1.0,0,6.907377243041992,2.068621873855591,10.108473777770996,1.6202919483184814,-1.6834098100662231,1.6826108694076538,-15.010294914245605,-14.009920120239258,24.627473831176758,32.06398731432834,626853496,1720697921
1.0,0,2.0997469425201416,0.8355891108512878,8.726998329162598,1.6621041297912598,-1.59658944606781,1.640265941619873,-16.057525634765625,-14.009920120239258,24.290111541748047,32.31302384484005,638853496,1720697921
1.0,0,1.743005394935608,2.7653450965881348,8.700661659240723,1.7241568565368652,-1.5617015361785889,1.6059106588363647,-15.882987022399902,-13.134300231933594,25.133516311645508,32.50342691969641,651853496,1720697921
1.0,0,-0.9289644360542297,3.9840123653411865,9.150778770446777,1.7784861326217651,-1.4746147394180298,1.5598372220993042,-16.755678176879883,-15.060664176940918,26.989011764526367,35.156551489637074,663853496,1720697921
1.0,0,9.931300163269043,4.1396379470825195,10.206637382507324,1.7888725996017456,-1.5260145664215088,1.5318737030029297,-18.675600051879883,-12.784051895141602,27.15769386291504,35.3518083852476,676853496,1720697921
1.0,0,10.946456909179688,2.8180184364318848,9.095710754394531,1.8056507110595703,-1.5683594942092896,1.4674241542816162,-18.501060485839844,-11.908432006835938,28.001100540161133,35.61125697616347,688853496,1720697921
1.0,0,7.168349266052246,1.2402154207229614,6.943290710449219,1.794731616973877,-1.5031110048294067,1.425345540046692,-18.326522827148438,-12.083556175231934,28.844507217407227,36.24747391735093,701853496,1720697921
1.0,0,4.716649055480957,2.5426809787750244,8.250544548034668,1.838141918182373,-1.4597008228302002,1.391789197921753,-19.199214935302734,-12.25868034362793,28.001100540161133,36.0963534080579,713853496,1720697921
1.0,0,-2.5091617107391357,7.142012596130371,9.050220489501953,1.9276254177093506,-1.3433189392089844,1.3718152046203613,-18.675600051879883,-11.733307838439941,30.19395637512207,37.39149036494997,726853496,1720697921
1.0,0,0.9600895047187805,7.678321838378906,11.073352813720703,1.9736987352371216,-1.3310682773590088,1.3174859285354614,-19.024675369262695,-10.682564735412598,31.880769729614258,38.63209728690381,738853496,1720697921
1.0,0,8.521093368530273,2.0063717365264893,6.981598377227783,1.9342834949493408,-1.386729121208191,1.250373125076294,-19.897367477416992,-12.608928680419922,31.037363052368164,38.96419151276972,751853496,1720697921
1.0,0,14.887372970581055,-0.5410978198051453,7.453263759613037,1.9571869373321533,-1.3904575109481812,1.180863618850708,-19.199214935302734,-11.558184623718262,31.71208953857422,38.83114869316201,763853496,1720697921
1.0,0,13.158733367919922,1.1755709648132324,7.060608386993408,1.9228315353393555,-1.4011105298995972,1.165683388710022,-20.77005958557129,-14.185044288635254,32.55549621582031,41.139654720439935,776853496,1720697921
1.0,0,11.011101722717285,4.254561424255371,8.633623123168945,1.9920748472213745,-1.4008442163467407,1.1094897985458374,-21.9918270111084,-11.558184623718262,33.398902893066406,41.62593904698072,788853496,1720697921
1.0,0,-0.18435634672641754,5.334362506866455,8.348709106445312,2.0155110359191895,-1.2298665046691895,1.0980380773544312,-21.642751693725586,-11.908432006835938,33.736263275146484,41.81333415918532,801853496,1720697921
1.0,0,0.5674344897270203,5.621671676635742,8.133227348327637,2.0706393718719482,-1.2317308187484741,1.024533748626709,-20.420982360839844,-12.433804512023926,35.254398345947266,42.596814645694906,814853496,1720697921
1.0,0,4.1611857414245605,2.4588825702667236,5.734200954437256,2.0826237201690674,-1.1627538204193115,0.9638127088546753,-20.944597244262695,-11.20793628692627,34.74835205078125,42.092065282915364,826853496,1720697921
1.0,0,6.993570327758789,4.829178333282471,7.702264308929443,2.1135168075561523,-1.1619548797607422,0.9188046455383301,-21.9918270111084,-12.25868034362793,36.43516540527344,44.288113271660166,839853496,1720697921
1.0,0,13.52265739440918,3.608116865158081,9.129230499267578,2.093809127807617,-1.2610260248184204,0.8905746340751648,-21.9918270111084,-12.25868034362793,36.43516540527344,44.288113271660166,851853496,1720697921
1.0,0,-14.461198806762695,14.858642578125,32.92556381225586,1.8373429775238037,-0.631711483001709,0.9097496867179871,-21.9918270111084,-12.25868034362793,36.43516540527344,44.288113271660166,864853496,1720697921
1.0,0,8.382227897644043,2.032708168029785,34.53927993774414,1.144644021987915,-0.779252827167511,0.32064947485923767,-21.9918270111084,-12.25868034362793,36.43516540527344,44.288113271660166,876853496,1720697921
1.0,0,-26.03734016418457,-8.04464054107666,12.878607749938965,0.3004091680049896,-0.37870728969573975,0.3784409463405609,-21.468212127685547,-11.032812118530273,37.95329666137695,44.978437085658946,889706890,1720697921
1.0,0,38.59511947631836,5.954470157623291,30.926376342773438,0.3795062303543091,-0.2857615351676941,-0.14993825554847717,-21.817289352416992,-9.982068061828613,36.266483306884766,43.48440650309738,901706890,1720697921
1.0,0,-21.706165313720703,-13.465195655822754,4.364696502685547,-0.3534068763256073,0.05459563434123993,-0.05432931333780289,-21.817289352416992,-10.332316398620605,38.2906608581543,45.265059215718274,914706890,1720697921
1.0,0,25.460329055786133,5.5833635330200195,11.700642585754395,-0.3209157884120941,0.16804802417755127,-0.15286777913570404,-20.77005958557129,-11.032812118530273,37.95329666137695,44.64942380252468,926706890,1720697921
1.0,0,14.288813591003418,1.367110013961792,0.38307812809944153,-0.16405321657657623,0.15553098917007446,-0.131295844912529,-21.119136810302734,-9.982068061828613,36.94121170043945,43.707124640039495,939706890,1720697921
1.0,0,9.624837875366211,4.230618953704834,7.929717063903809,-0.11904511600732803,0.18003243207931519,0.038882747292518616,-21.29367446899414,-11.558184623718262,39.13406753540039,46.02702951584785,951706890,1720697921
1.0,0,5.329574108123779,3.9600701332092285,8.20266056060791,-0.17284178733825684,0.11345238983631134,-0.010120166465640068,-21.817289352416992,-12.083556175231934,36.60384750366211,44.2927544480858,964706890,1720697921
1.0,0,10.762100219726562,-0.6919348239898682,2.011160135269165,-0.09028254449367523,0.08149396628141403,-0.001065280637703836,-20.77005958557129,-12.433804512023926,37.95329666137695,45.01608154091041,976706890,1720697921
1.0,0,4.158791542053223,0.8762912154197693,6.179528713226318,0.013316008262336254,0.07989604771137238,0.018908733502030373,-22.864519119262695,-11.383060455322266,37.95329666137695,45.74727344171604,989706890,1720697921
1.0,0,5.703075408935547,2.367901563644409,8.482786178588867,-0.023169854655861855,0.04154594615101814,-0.010120166465640068,-22.340904235839844,-10.507440567016602,38.121978759765625,45.41814146246381,1706890,1720697922
1.0,0,8.997547149658203,1.8651115894317627,6.632040023803711,-0.04660603031516075,0.02263721451163292,-0.011718087829649448,-22.51544189453125,-11.383060455322266,38.628021240234375,46.13722156753192,14706890,1720697922
1.0,0,7.735783576965332,2.0829873085021973,6.5147223472595215,0.015446570701897144,0.0375511460006237,0.014913929626345634,-21.642751693725586,-12.608928680419922,37.4472541809082,45.052087954208346,26706890,1720697922
1.0,0,5.8156046867370605,2.05904483795166,8.796431541442871,-0.015979209914803505,0.03914906829595566,0.016778171062469482,-22.68998146057129,-10.857687950134277,37.4472541809082,45.11121248639973,39706890,1720697922
1.0,0,6.972021579742432,1.3982350826263428,7.142012596130371,-0.047937631607055664,0.017044490203261375,-0.01145176775753498,-22.51544189453125,-10.332316398620605,37.615936279296875,45.04065439173081,51706890,1720697922
1.0,0,7.795639991760254,1.0774072408676147,21.809114456176758,-0.026365695521235466,0.17843452095985413,0.052198752760887146,-20.77005958557129,-11.733307838439941,36.94121170043945,43.974072018821076,64706890,1720697922
1.0,0,-0.7063003182411194,-7.38622522354126,35.14262771606445,-0.7283856868743896,0.3771093785762787,-0.16724906861782074,-21.468212127685547,-11.032812118530273,37.615936279296875,44.694135380049765,76706890,1720697922
1.0,0,-26.123531341552734,-15.478750228881836,17.552160263061523,-1.175270915031433,0.22024677693843842,-0.5483531951904297,-22.340904235839844,-10.15719223022461,37.4472541809082,44.77255187909495,89706890,1720697922
1.0,0,12.409337043762207,-0.3495587706565857,26.29831314086914,-1.3462483882904053,0.4221174418926239,-0.9891131520271301,-22.166366577148438,-12.083556175231934,36.266483306884766,44.18843681916187,101706890,1720697922
1.0,0,-4.869880676269531,-6.883435249328613,1.7789191007614136,-1.5401294231414795,0.3835010528564453,-0.954757809638977,-20.07190704345703,-12.784051895141602,36.60384750366211,43.65953604071171,114706890,1720697922
1.0,0,14.042206764221191,9.373442649841309,12.064565658569336,-1.4178885221481323,0.4370313882827759,-1.1260017156600952,-21.9918270111084,-12.25868034362793,36.09780502319336,44.0109898382921,126706890,1720697922
1.0,0,6.4093756675720215,8.267304420471191,7.838736057281494,-1.4879308938980103,0.5837738513946533,-0.968073844909668,-20.07190704345703,-13.834795951843262,36.266483306884766,43.69829336300069,139706890,1720697922
1.0,0,-0.5387036204338074,9.670328140258789,8.243362426757812,-1.5124322175979614,0.6293145418167114,-0.8935042023658752,-20.07190704345703,-13.834795951843262,36.266483306884766,43.69829336300069,151706890,1720697922
1.0,0,4.268926620483398,6.205865383148193,8.054217338562012,-1.5017794370651245,0.5901654958724976,-0.9278594851493835,-20.07190704345703,-13.834795951843262,36.266483306884766,43.69829336300069,164706890,1720697922
1.0,0,6.80203104019165,3.792473316192627,8.379834175109863,-1.4320034980773926,0.5305097699165344,-0.891906201839447,-20.07190704345703,-13.834795951843262,36.266483306884766,43.69829336300069,176706890,1720697922
1.0,0,11.183486938476562,2.090169906616211,8.382227897644043,-1.4013768434524536,0.5092041492462158,-0.992042601108551,-20.07190704345703,-13.834795951843262,36.266483306884766,43.69829336300069,189706890,1720697922
1.0,0,6.29445219039917,2.3152284622192383,6.804425239562988,-1.39125657081604,0.565131425857544,-0.9848520159721375,-20.420982360839844,-13.834795951843262,33.56758499145508,41.65574224244997,201706890,1720697922
1.0,0,4.881851673126221,4.505956172943115,9.088528633117676,-1.3806037902832031,0.5036114454269409,-1.0128155946731567,-19.897367477416992,-13.659672737121582,34.41099166870117,42.03103900024428,214706890,1720697922
1.0,0,5.6049113273620605,4.300051689147949,11.33671760559082,-1.3803374767303467,0.506807267665863,-0.9627474546432495,-20.595521926879883,-14.36016845703125,34.41099166870117,42.59702230412739,226706890,1720697922
1.0,0,3.1292693614959717,2.47324800491333,7.522696495056152,-1.3276060819625854,0.5952255725860596,-1.0359854698181152,-21.817289352416992,-14.535292625427246,34.2423095703125,43.125452010419586,239706890,1720697922
1.0,0,0.6057422757148743,1.7214573621749878,5.916162490844727,-1.3390578031539917,0.6428968906402588,-1.0429097414016724,-21.468212127685547,-15.586036682128906,32.89285659790039,42.25811977106899,251706890,1720697922
1.0,0,2.913787841796875,-0.5243381857872009,4.2928690910339355,-1.3534390926361084,0.5885675549507141,-1.0722050666809082,-21.817289352416992,-15.936284065246582,31.543407440185547,41.532467028011624,264706890,1720697922
1.0,0,8.8945951461792,1.833986520767212,8.741363525390625,-1.3137574195861816,0.5334393382072449,-1.0743355751037598,-19.024675369262695,-15.586036682128906,31.543407440185547,39.99811702193056,276706890,1720697922
1.0,0,1.5083701610565186,0.8906566500663757,7.776485919952393,-1.3233449459075928,0.5920297503471375,-1.0405129194259644,-20.246444702148438,-17.162153244018555,31.71208953857422,41.35353249664265,289706890,1720697922
1.0,0,2.964066982269287,3.8810603618621826,8.987970352172852,-1.255167007446289,0.6484896540641785,-1.1411819458007812,-20.246444702148438,-16.111408233642578,32.0494499206543,41.190572204871934,302706890,1720697922
1.0,0,4.879457473754883,3.682338237762451,7.802822589874268,-1.2802010774612427,0.6335756778717041,-1.1073592901229858,-21.119136810302734,-15.586036682128906,30.19395637512207,40.007717763598144,314706890,1720697922
1.0,0,3.689521312713623,0.09337528795003891,5.226621627807617,-1.2961803674697876,0.6205259561538696,-1.116946816444397,-20.246444702148438,-17.512399673461914,30.700000762939453,40.73196180206284,327706890,1720697922
1.0,0,4.2138590812683105,4.970438480377197,10.74294662475586,-1.2309318780899048,0.5731210112571716,-1.1406493186950684,-19.897367477416992,-16.46165657043457,30.700000762939453,40.11709631090947,339706890,1720697922
1.0,0,5.207468032836914,2.683941125869751,9.837924003601074,-1.2333287000656128,0.5989540219306946,-1.1212078332901,-19.548290252685547,-17.512399673461914,31.71208953857422,41.164018475227344,352706890,1720697922
1.0,0,7.070185661315918,5.715046405792236,12.066961288452148,-1.2104252576828003,0.6298471689224243,-1.130262851715088,-21.119136810302734,-18.73826789855957,30.19395637512207,41.33782317724588,364706890,1720697922
1.0,0,7.331157207489014,5.528295993804932,9.107682228088379,-1.2264044284820557,0.6269177198410034,-1.1675477027893066,-19.37375259399414,-17.337276458740234,29.85659408569336,39.589640753332716,377706890,1720697922
1.0,0,1.8746886253356934,4.479619979858398,8.966422080993652,-1.2202790975570679,0.5653977394104004,-1.1755372285842896,-19.897367477416992,-18.2128963470459,29.350549697875977,39.86313577037181,389706890,1720697922
1.0,0,6.090941905975342,5.391824722290039,11.741344451904297,-1.1728739738464355,0.6205259561538696,-1.1635527610778809,-19.024675369262695,-16.987028121948242,29.51923179626465,39.01131173343563,402706890,1720697922
1.0,0,5.351122856140137,4.328782558441162,11.966402053833008,-1.1342575550079346,0.6594087481498718,-1.1987069845199585,-20.944597244262695,-18.2128963470459,30.02527618408203,40.888909951269405,414706890,1720697922
1.0,0,6.615280628204346,4.994380950927734,10.489157676696777,-1.1491715908050537,0.6812469959259033,-1.219746470451355,-19.722829818725586,-20.83975601196289,26.820329666137695,39.27614454216275,427706890,1720697922
1.0,0,3.1364521980285645,1.7453995943069458,7.632831573486328,-1.1699445247650146,0.675387978553772,-1.2205454111099243,-19.024675369262695,-20.13926124572754,27.83241844177246,39.27049315640701,439706890,1720697922
1.0,0,3.454885721206665,3.531501293182373,8.710238456726074,-1.124670147895813,0.6604740023612976,-1.267683982849121,-19.37375259399414,-19.088516235351562,28.169780731201172,39.15674000838844,452706890,1720697922
1.0,0,1.1827536821365356,5.0183234214782715,9.066980361938477,-1.1172131299972534,0.6383694410324097,-1.247976303100586,-19.199214935302734,-19.964136123657227,28.001100540161133,39.38576159928965,464706890,1720697922
1.0,0,5.7892680168151855,0.9313586354255676,9.833135604858398,-1.1395840644836426,0.6921661496162415,-1.2519710063934326,-18.501060485839844,-19.964136123657227,26.989011764526367,38.33096302325787,477706890,1720697922
1.0,0,4.932130813598633,3.993589162826538,9.347105979919434,-1.0724713802337646,0.7254561185836792,-1.3025718927383423,-18.85013771057129,-21.365129470825195,26.651649475097656,39.01418804430124,489706890,1720697922
1.0,0,1.5227354764938354,1.5203412771224976,7.010329723358154,-1.0956411361694336,0.7243908643722534,-1.311893105506897,-18.85013771057129,-21.365129470825195,26.651649475097656,39.01418804430124,502706890,1720697922
1.0,0,0.6967233419418335,2.367901563644409,6.632040023803711,-1.05276358127594,0.6911008358001709,-1.314556360244751,-18.85013771057129,-21.365129470825195,26.651649475097656,39.01418804430124,514706890,1720697922
1.0,0,4.024714469909668,7.055819988250732,12.409337043762207,-1.018674612045288,0.724124550819397,-1.3174859285354614,-18.85013771057129,-21.365129470825195,26.651649475097656,39.01418804430124,527706890,1720697922
1.0,0,4.005560398101807,0.2944912910461426,9.392596244812012,-1.0455729961395264,0.7041504979133606,-1.307099461555481,-18.15198516845703,-20.66463279724121,25.63956069946289,37.601977169587016,539706890,1720697922
1.0,0,8.114073753356934,3.4764339923858643,11.047015190124512,-0.9928416013717651,0.6977588534355164,-1.3505096435546875,-17.104755401611328,-21.014881134033203,25.30219841003418,37.07288943159452,552706890,1720697922
1.0,0,2.1763625144958496,3.9385221004486084,8.545036315917969,-1.0138808488845825,0.7475606799125671,-1.350775957107544,-17.802907943725586,-22.065624237060547,23.952747344970703,37.115622177136174,564706890,1720697922
1.0,0,-0.09816376864910126,4.7860822677612305,9.043037414550781,-0.9582200050354004,0.7688663005828857,-1.3718152046203613,-17.977445602416992,-22.59099578857422,24.796154022216797,38.05773108582195,577706890,1720697922
1.0,0,7.221022129058838,3.6751556396484375,11.535440444946289,-0.9928416013717651,0.675387978553772,-1.3643581867218018,-18.675600051879883,-21.190004348754883,23.446704864501953,36.70888571723591,589706890,1720697922
1.0,0,7.709446907043457,0.5554632544517517,9.981578826904297,-0.9648779630661011,0.6916335225105286,-1.365689754486084,-15.882987022399902,-22.24074935913086,23.784067153930664,36.229850388762124,602706890,1720697922
1.0,0,5.6623735427856445,5.401401519775391,11.54501724243164,-0.9124128818511963,0.7520881295204163,-1.4186875820159912,-16.057525634765625,-22.065624237060547,22.60329818725586,35.43508136613084,614706890,1720697922
1.0,0,-1.2857059240341187,0.13407734036445618,6.512328147888184,-0.9499640464782715,0.8269241452217102,-1.3896585702896118,-17.104755401611328,-23.116369247436523,22.60329818725586,36.57660828281902,627706890,1720697922
1.0,0,2.6743643283843994,4.7070722579956055,9.974396705627441,-0.8751280903816223,0.7536861300468445,-1.4549071788787842,-15.359371185302734,-23.816864013671875,20.916484832763672,35.22289926188472,639706890,1720697922
1.0,0,5.736595153808594,3.7565598487854004,10.647177696228027,-0.8817861080169678,0.7544850707054138,-1.4320034980773926,-16.057525634765625,-25.217857360839844,20.241758346557617,36.10419976046075,652706890,1720697922
1.0,0,0.826012134552002,-0.8403776288032532,7.900986194610596,-0.8974990248680115,0.7651378512382507,-1.4365310668945312,-14.486680030822754,-24.69248390197754,22.097253799438477,36.164503107904814,664706890,1720697922
1.0,0,6.691895961761475,4.482014179229736,11.276862144470215,-0.804553210735321,0.7880414128303528,-1.4626303911209106,-12.9158353805542,-25.918352127075195,20.916484832763672,35.72224962568667,677706890,1720697922
1.0,0,-0.4142032265663147,-0.11971191316843033,6.775694370269775,-0.8642089366912842,0.8453002572059631,-1.4730168581008911,-15.010294914245605,-25.217857360839844,20.241758346557617,35.65077929365257,689706890,1720697922
1.0,0,1.8196210861206055,1.6161108016967773,7.53466796875,-0.8184019327163696,0.7872424125671387,-1.4892624616622925,-13.43945026397705,-25.04273223876953,19.060989379882812,34.22102537213964,702706890,1720697922
1.0,0,3.1101152896881104,5.339150905609131,11.853874206542969,-0.8090806603431702,0.7566155791282654,-1.4778106212615967,-15.010294914245605,-24.86760902404785,20.241758346557617,35.403894036475265,714706890,1720697922
1.0,0,5.023111820220947,1.7837074995040894,10.656754493713379,-0.7883077263832092,0.7712632417678833,-1.4730168581008911,-12.9158353805542,-24.86760902404785,18.21758270263672,33.42300258321939,727706890,1720697922
1.0,0,2.3631131649017334,3.7541656494140625,10.096503257751465,-0.7555503249168396,0.8306525945663452,-1.489528775215149,-14.486680030822754,-26.093477249145508,19.735713958740234,35.78032781750787,739706890,1720697922
1.0,0,2.3631131649017334,3.7541656494140625,10.096503257751465,-0.7555503249168396,0.8306525945663452,-1.489528775215149,-12.043143272399902,-25.743228912353516,18.04890251159668,33.667699900446216,752706890,1720697922
1.0,0,0.5841941237449646,5.899403095245361,10.874629974365234,-0.7257224321365356,0.7907045483589172,-1.4953876733779907,-13.43945026397705,-26.79397201538086,17.036813735961914,34.47881642447702,764706890,1720697922
1.0,0,0.3495587706565857,3.6296653747558594,11.360660552978516,-0.7006884217262268,0.8460991978645325,-1.5217534303665161,-10.64683723449707,-26.093477249145508,17.374176025390625,33.10719998143615,777706890,1720697922
1.0,0,3.3591160774230957,2.865903377532959,10.888995170593262,-0.6647351384162903,0.8048195242881775,-1.522818684577942,-13.090373992919922,-28.194965362548828,16.02472496032715,34.97292914704135,789706890,1720697922
1.0,0,9.057402610778809,2.5402867794036865,11.128418922424316,-0.6953619122505188,0.8050858974456787,-1.5582393407821655,-11.51952838897705,-27.669591903686523,16.19340705871582,34.06658601313419,802706890,1720697922
1.0,0,2.9784324169158936,-1.4916104078292847,8.360679626464844,-0.6825785636901855,0.800824761390686,-1.5622341632843018,-10.821375846862793,-26.268600463867188,14.843955993652344,32.054400245377174,815706890,1720697922
1.0,0,-3.5961458683013916,3.8834545612335205,9.361471176147461,-0.6109384894371033,0.9009611010551453,-1.586469292640686,-10.64683723449707,-28.194965362548828,16.02472496032715,34.13360550758348,827706890,1720697922
1.0,0,1.328802227973938,1.6711782217025757,9.519491195678711,-0.6279829740524292,0.8309189081192017,-1.5625004768371582,-10.64683723449707,-28.194965362548828,16.02472496032715,34.13360550758348,840706890,1720697922
1.0,0,3.2657408714294434,1.237821102142334,8.537853240966797,-0.5981550812721252,0.8178691864013672,-1.579278588294983,-10.64683723449707,-28.194965362548828,16.02472496032715,34.13360550758348,852706890,1720697922
1.0,0,6.586549282073975,1.2809175252914429,10.15396499633789,-0.5986877083778381,0.8269241452217102,-1.6003178358078003,-10.64683723449707,-28.194965362548828,16.02472496032715,34.13360550758348,865706890,1720697922
1.0,0,-1.187542200088501,-0.35434725880622864,9.186692237854004,-0.5680609345436096,0.8748617768287659,-1.6077748537063599,-8.377839088439941,-29.420833587646484,15.518681526184082,34.30164883930373,877706890,1720697922
1.0,0,-0.08140409737825394,4.3982157707214355,9.505125999450684,-0.5313087701797485,0.8847156167030334,-1.620025634765625,-5.759764194488525,-30.29645347595215,14.675274848937988,34.1527988412153,890706890,1720697922
1.0,0,-1.0654360055923462,3.2417984008789062,9.533856391906738,-0.5480868816375732,0.8711333274841309,-1.5827407836914062,-6.283379554748535,-29.070585250854492,13.494505882263184,32.660089933474865,902706890,1720697922
1.0,0,-1.0654360055923462,3.2417984008789062,9.533856391906738,-0.5480868816375732,0.8711333274841309,-1.5827407836914062,-5.585226058959961,-28.7203369140625,13.494505882263184,32.22040023949706,915706890,1720697922
1.0,0,3.2657408714294434,0.8810796737670898,9.670328140258789,-0.491627037525177,0.8823187351226807,-1.6139001846313477,-5.759764194488525,-30.29645347595215,11.63901138305664,32.96235068637501,927706890,1720697922
1.0,0,0.22745263576507568,3.4692511558532715,9.634414672851562,-0.480175256729126,0.86527419090271,-1.628281593322754,-3.316227912902832,-30.29645347595215,11.63901138305664,32.62420951940094,940706890,1720697922
1.0,0,-3.0502593517303467,5.262535572052002,10.738158226013184,-0.45940232276916504,0.9257289171218872,-1.6128349304199219,-1.5708448886871338,-29.595956802368164,12.9884614944458,32.35874448591382,952706890,1720697922
1.0,0,-0.019153906032443047,0.12450038641691208,8.626440048217773,-0.45514118671417236,0.872997522354126,-1.6280152797698975,-2.0944597721099854,-29.771080017089844,12.819780349731445,32.48154453434002,965706890,1720697922
1.0,0,7.860283851623535,3.5003764629364014,11.825141906738281,-0.4194542467594147,0.8349137306213379,-1.627482533454895,-1.2217681407928467,-30.9969482421875,11.63901138305664,33.13261389769345,977706890,1720697922
1.0,0,0.18435634672641754,2.4325461387634277,10.76928424835205,-0.40800249576568604,0.8815197348594666,-1.6573104858398438,1.0472298860549927,-30.471576690673828,11.132966995239258,32.4585370983806,990706890,1720697922
1.0,0,-0.6584155559539795,1.7525824308395386,9.476394653320312,-0.37311455607414246,0.9220004081726074,-1.646125078201294,1.3963065147399902,-30.82182502746582,11.470330238342285,32.91660744492745,2706890,1720697923
1.0,0,-3.507559061050415,4.34075403213501,10.000733375549316,-0.3739134967327118,0.9164077043533325,-1.6573104858398438,2.7926130294799805,-31.522321701049805,11.470330238342285,33.66042080446301,15706890,1720697923
1.0,0,2.4852192401885986,2.197910785675049,10.070165634155273,-0.34115612506866455,0.8935042023658752,-1.6642347574234009,2.618074655532837,-30.646699905395508,10.289560317993164,32.433772237143984,27706890,1720697923
1.0,0,0.37110692262649536,3.4405205249786377,10.151569366455078,-0.29801228642463684,0.8892430663108826,-1.6706264019012451,3.665304660797119,-33.44868469238281,8.940110206604004,34.81629699455602,40706890,1720697923
1.0,0,4.280898094177246,3.4141836166381836,10.977581977844238,-0.3171873092651367,0.8935042023658752,-1.6818119287490845,6.1088409423828125,-30.646699905395508,10.626923561096191,33.00711524995911,52706890,1720697923
1.0,0,-2.0710160732269287,3.9816181659698486,10.730976104736328,-0.27058130502700806,0.933185875415802,-1.669294834136963,6.632455825805664,-32.222816467285156,9.783516883850098,34.32224605095341,65706890,1720697923
1.0,0,0.10534647852182388,4.218647480010986,10.379022598266602,-0.242617666721344,0.9108150005340576,-1.6876708269119263,6.981532573699951,-32.57306671142578,10.120879173278809,34.81635631861462,77706890,1720697923
1.0,0,-0.31364521384239197,2.779710531234741,9.517096519470215,-0.23382911086082458,0.926794171333313,-1.6834098100662231,8.72691535949707,-31.872568130493164,8.434065818786621,34.1050306723272,90706890,1720697923
1.0,0,6.395010471343994,4.06541633605957,12.548202514648438,-0.22903534770011902,0.8221303224563599,-1.6919320821762085,8.901453971862793,-33.09843826293945,7.928022384643555,35.179483185376895,102706890,1720697923
1.0,0,1.1181093454360962,1.5418894290924072,10.304800987243652,-0.211458221077919,0.940909206867218,-1.6690285205841064,10.123222351074219,-32.57306671142578,8.434065818786621,35.13712811246685,115706890,1720697923
1.0,0,-0.36392420530319214,3.945704698562622,9.495549201965332,-0.18056508898735046,0.8967000246047974,-1.718031406402588,10.64683723449707,-32.74818801879883,8.940110206604004,35.57702253026098,127706890,1720697923
1.0,0,-3.404606819152832,1.9704581499099731,9.557799339294434,-0.1664501130580902,0.9723349809646606,-1.7185640335083008,10.9959135055542,-31.697444915771484,8.602747917175293,34.635897559273104,140706890,1720697923
1.0,0,1.316831111907959,3.766136884689331,11.592901229858398,-0.10679438710212708,0.8804544806480408,-1.7497235536575317,12.741296768188477,-32.74818801879883,8.602747917175293,36.17722672588535,152706890,1720697923
1.0,0,-7.036666393280029,5.0446600914001465,7.891409397125244,0.024235136806964874,0.9028253555297852,-1.7217599153518677,12.741296768188477,-32.74818801879883,8.602747917175293,36.17722672588535,165706890,1720697923
1.0,0,39.22600173950195,-6.268115997314453,32.877681732177734,0.1901526004076004,0.342754065990448,-1.3134911060333252,12.741296768188477,-32.74818801879883,8.602747917175293,36.17722672588535,177706890,1720697923
1.0,0,2.190727949142456,-4.283292293548584,23.865766525268555,-0.060454681515693665,0.35873326659202576,-0.6072099804878235,12.741296768188477,-32.74818801879883,8.602747917175293,36.17722672588535,190706890,1720697923
1.0,0,27.33501625061035,7.728600978851318,32.3078498840332,-0.03329002112150192,0.3797725737094879,-0.25300416350364685,12.741296768188477,-32.74818801879883,8.602747917175293,36.17722672588535,202706890,1720697923
1.0,0,39.22600173950195,-12.581721305847168,13.072541236877441,-0.4002791941165924,-0.09188045561313629,0.16937962174415588,15.010294914245605,-32.57306671142578,8.771429061889648,36.92223715035946,215706890,1720697923
1.0,0,2.6959123611450195,-1.6687840223312378,3.5482609272003174,-0.2133224606513977,0.05885675922036171,0.5432931184768677,14.835756301879883,-33.44868469238281,8.602747917175293,37.588847341008965,227706890,1720697923
1.0,0,-0.8882623910903931,-4.249773025512695,2.3583245277404785,-0.06871060281991959,-0.07936341315507889,0.6279829740524292,15.70844841003418,-33.2735595703125,8.434065818786621,37.74941832883607,240706890,1720697923
1.0,0,-3.2585582733154297,-6.888223648071289,2.032708168029785,-0.05699251592159271,-0.055128276348114014,0.6255860328674316,15.359371185302734,-34.32430648803711,8.771429061889648,38.613550301421085,252706890,1720697923
1.0,0,-19.077289581298828,4.711860656738281,9.921723365783691,0.14834032952785492,0.06844428181648254,0.10839231312274933,15.010294914245605,-33.623809814453125,8.771429061889648,37.85244387934423,265706890,1720697923
1.0,0,-7.793245315551758,6.263327598571777,32.08039855957031,0.12250728160142899,0.3589996099472046,-0.1725754737854004,14.312141418457031,-33.974056243896484,8.771429061889648,37.89474709551599,278706890,1720697923
1.0,0,-37.658973693847656,5.597728729248047,26.927997589111328,-0.3251769244670868,0.38563162088394165,-0.595491886138916,14.835756301879883,-33.09843826293945,8.940110206604004,37.356817998868806,290706890,1720697923
1.0,0,-5.142823696136475,7.7788801193237305,23.157072067260742,-0.27537503838539124,1.1283985376358032,-0.7552840113639832,17.104755401611328,-34.67455291748047,10.458242416381836,40.05336579884284,303706890,1720697923
1.0,0,-2.0542564392089844,3.945704698562622,23.695775985717773,-0.6671320199966431,0.6783174276351929,-0.940909206867218,15.882987022399902,-33.44868469238281,7.253296852111816,37.731871138720685,315706890,1720697923
1.0,0,-12.80199146270752,2.530709743499756,6.39979887008667,-0.575251579284668,1.3976482152938843,-0.6871060132980347,16.755678176879883,-33.623809814453125,8.434065818786621,38.5025558092097,328706890,1720697923
1.0,0,17.145139694213867,-4.826784133911133,4.096541881561279,-0.604546844959259,0.886846125125885,-0.6958945989608765,17.45383071899414,-33.2735595703125,8.09670352935791,38.435954278367475,340706890,1720697923
1.0,0,-11.12363052368164,0.9289644360542297,0.83319491147995,-0.3752451241016388,1.168346643447876,-0.5829748511314392,18.85013771057129,-31.522321701049805,7.421977996826172,37.47092492209592,353706890,1720697923
1.0,0,5.861095428466797,-1.6304762363433838,7.283272743225098,-0.268983393907547,1.0138808488845825,-0.6186617612838745,19.199214935302734,-31.872568130493164,8.771429061889648,38.228371939603214,365706890,1720697923
1.0,0,-6.797242164611816,0.0,10.893783569335938,-0.24368295073509216,0.9936406016349792,-0.6490222811698914,20.07190704345703,-31.347196578979492,7.253296852111816,37.922796586581256,378706890,1720697923
1.0,0,-6.981598377227783,-0.28730857372283936,12.440461158752441,-0.2940174639225006,1.0538289546966553,-0.6490222811698914,22.68998146057129,-31.872568130493164,9.44615364074707,40.24830029353534,390706890,1720697923
1.0,0,2.944913148880005,-0.20111601054668427,14.188255310058594,-0.34621623158454895,0.949697732925415,-0.716401219367981,22.340904235839844,-31.172073364257812,8.434065818786621,39.267640954573054,403706890,1720697923
1.0,0,-2.0494680404663086,-0.9145990014076233,11.44206428527832,-0.3584669530391693,1.0298601388931274,-0.7124064564704895,23.0390567779541,-31.172073364257812,8.771429061889648,39.74209686003277,415706890,1720697923
1.0,0,3.5674149990081787,-1.908207893371582,9.866656303405762,-0.381370484828949,1.001363754272461,-0.7206623554229736,23.0390567779541,-30.82182502746582,8.09670352935791,39.323525316072924,428706890,1720697923
1.0,0,0.9888203740119934,-0.25139501690864563,9.584136009216309,-0.3683207929134369,0.9734002351760864,-0.7148033380508423,23.388134002685547,-28.370088577270508,8.771429061889648,37.79953314258673,440706890,1720697923
1.0,0,-1.8698999881744385,-0.12928886711597443,8.719816207885742,-0.3315685987472534,1.0354528427124023,-0.6751216650009155,24.9589786529541,-29.595956802368164,7.5906596183776855,39.45236859668036,453706890,1720697923
1.0,0,0.8810796737670898,-1.7813133001327515,11.12363052368164,-0.3094640374183655,0.9635463953018188,-0.6884376406669617,27.402515411376953,-29.245708465576172,6.915934085845947,40.66988392906957,465706890,1720697923
1.0,0,-2.3870553970336914,-0.7924928665161133,11.715007781982422,-0.3022734224796295,1.0184082984924316,-0.6948292851448059,26.704362869262695,-30.646699905395508,7.253296852111816,41.291082894124735,478706890,1720697923
1.0,0,1.2306383848190308,0.15323124825954437,12.658337593078613,-0.30733346939086914,0.9734002351760864,-0.724124550819397,27.926130294799805,-30.121328353881836,7.084615707397461,41.68159011801258,490706890,1720697923
1.0,0,-5.164371967315674,1.7262457609176636,9.639203071594238,-0.29934385418891907,1.0703407526016235,-0.7265214323997498,27.926130294799805,-30.121328353881836,7.084615707397461,41.68159011801258,503706890,1720697923
1.0,0,1.5658318996429443,-1.170782446861267,9.787646293640137,-0.3384929299354553,1.006157636642456,-0.7409027218818665,27.926130294799805,-30.121328353881836,7.084615707397461,41.68159011801258,515706890,1720697923
1.0,0,-2.549863576889038,-1.1372631788253784,10.055800437927246,-0.3185189366340637,1.0037606954574585,-0.7267877459526062,27.926130294799805,-30.121328353881836,7.084615707397461,41.68159011801258,528706890,1720697923
1.0,0,-2.549863576889038,-1.1372631788253784,10.055800437927246,-0.3185189366340637,1.0037606954574585,-0.7267877459526062,30.893281936645508,-27.14422035217285,7.928022384643555,41.88146494901763,540706890,1720697923
1.0,0,-5.873066425323486,-0.6536269783973694,9.938483238220215,-0.2708476185798645,1.018674612045288,-0.7409027218818665,31.067819595336914,-26.969097137451172,8.09670352935791,41.92968188360119,553706890,1720697923
1.0,0,-5.480411052703857,-0.23224110901355743,10.199454307556152,-0.27670666575431824,1.0679439306259155,-0.7337120771408081,32.289588928222656,-26.4437255859375,7.928022384643555,42.48225176411173,565706890,1720697923
1.0,0,-1.8459577560424805,-1.7334284782409668,9.675116539001465,-0.2820330560207367,1.0096197128295898,-0.7600777745246887,32.11505126953125,-26.61884880065918,8.771429061889648,42.62484718218633,578706890,1720697923
1.0,0,-2.652815818786621,-0.5410978198051453,9.885809898376465,-0.2783045768737793,1.0357191562652588,-0.7414353489875793,34.55858612060547,-25.568103790283203,9.44615364074707,44.014243429719414,590706890,1720697923
1.0,0,4.199493885040283,-1.9872177839279175,11.743738174438477,-0.2894900441169739,0.9829877018928528,-0.7675347328186035,34.209510803222656,-25.568103790283203,9.44615364074707,43.740694775358804,603706890,1720697923
1.0,0,-3.4165778160095215,-1.8124382495880127,9.208239555358887,-0.2828320264816284,1.0178756713867188,-0.7598114609718323,35.25674057006836,-26.61884880065918,8.434065818786621,44.974818880492265,615706890,1720697923
1.0,0,-2.403815269470215,-0.5315209031105042,10.448454856872559,-0.25167256593704224,1.037583351135254,-0.775524377822876,36.653045654296875,-25.568103790283203,8.09670352935791,45.41729070749357,628706890,1720697923
1.0,0,-4.486802577972412,-2.1787569522857666,9.610472679138184,-0.2596621513366699,1.0069565773010254,-0.7534197568893433,36.129432678222656,-24.34223747253418,8.265384674072266,44.34182015467857,640706890,1720697923
1.0,0,-1.537100911140442,-1.7501882314682007,9.639203071594238,-0.24474823474884033,1.0381159782409668,-0.7568818926811218,37.00212097167969,-23.816864013671875,8.434065818786621,44.80550673839301,653706890,1720697923
1.0,0,0.8355891108512878,-2.042285203933716,10.453243255615234,-0.23542703688144684,1.0224031209945679,-0.7672684192657471,38.22389221191406,-22.59099578857422,9.952198028564453,45.50236556649736,665706890,1720697923
1.0,0,0.8355891108512878,-2.042285203933716,10.453243255615234,-0.23542703688144684,1.0224031209945679,-0.7672684192657471,38.39842987060547,-23.816864013671875,10.120879173278809,46.30458533680712,678706890,1720697923
1.0,0,0.5363093614578247,-3.5674149990081787,10.553802490234375,-0.25300416350364685,1.0018965005874634,-0.7928351759910583,40.84196472167969,-22.76612091064453,9.783516883850098,47.77111623420154,690706890,1720697923
1.0,0,-5.384642124176025,-2.4612767696380615,8.480391502380371,-0.23809023201465607,1.080727219581604,-0.7931014895439148,40.14381408691406,-23.466615676879883,9.783516883850098,47.51762897480981,703706890,1720697923
1.0,0,-1.1683882474899292,-2.0997469425201416,10.412542343139648,-0.21119190752506256,1.032523274421692,-0.7765896320343018,41.36558151245117,-21.190004348754883,9.952198028564453,47.53076754864427,715706890,1720697923
1.0,0,-3.38545298576355,-2.0518622398376465,9.725396156311035,-0.2026696503162384,1.040246605873108,-0.7784538269042969,42.58734893798828,-20.31438446044922,11.470330238342285,48.558469717954885,728706890,1720697923
1.0,0,-3.1843366622924805,-1.0845898389816284,9.926511764526367,-0.20000644028186798,1.065546989440918,-0.7797854542732239,43.80911636352539,-21.190004348754883,10.964285850524902,49.88457201445332,740706890,1720697923
1.0,0,-3.682338237762451,-1.1157150268554688,9.708635330200195,-0.2101266235113144,1.0237348079681396,-0.7917698621749878,42.23827362060547,-19.263641357421875,11.470330238342285,47.81974605299718,753706890,1720697923
1.0,0,-5.0662078857421875,-2.885057210922241,9.0621919631958,-0.21465405821800232,1.0932443141937256,-0.8271904587745667,45.20542526245117,-20.13926124572754,11.976373672485352,50.91712720711688,765706890,1720697923
1.0,0,-1.537100911140442,-3.2154619693756104,9.088528633117676,-0.18482619524002075,1.060486912727356,-0.8207987546920776,46.252655029296875,-19.088516235351562,12.313736915588379,51.529677528126896,778706890,1720697923
1.0,0,-3.3232028484344482,-2.889845609664917,9.416539192199707,-0.1901526004076004,1.07060706615448,-0.8042868971824646,46.0781135559082,-18.56314468383789,12.819780349731445,51.30428498322173,791706890,1720697923
1.0,0,-3.715857744216919,-2.710277795791626,8.7677001953125,-0.18163035809993744,1.019473671913147,-0.7936341166496277,45.37996292114258,-18.56314468383789,11.807692527770996,50.43166642207804,803706890,1720697923
1.0,0,-4.4484944343566895,-1.7837074995040894,9.356682777404785,-0.18029874563217163,1.0490350723266602,-0.7962972521781921,45.20542526245117,-19.088516235351562,13.663187026977539,50.93706513886038,816706890,1720697923
1.0,0,-4.27850341796875,-1.4197832345962524,9.983973503112793,-0.1720428317785263,1.0903147459030151,-0.8146734237670898,45.20542526245117,-19.088516235351562,13.663187026977539,50.93706513886038,828706890,1720697923
1.0,0,-4.058233737945557,-2.712671995162964,8.738969802856445,-0.186424121260643,1.0389150381088257,-0.8253262042999268,45.20542526245117,-19.088516235351562,13.663187026977539,50.93706513886038,841706890,1720697923
1.0,0,-3.3950297832489014,-2.4349403381347656,10.091714859008789,-0.17044490575790405,1.0738029479980469,-0.8229293823242188,45.20542526245117,-19.088516235351562,13.663187026977539,50.93706513886038,853706890,1720697923
1.0,0,-3.8547234535217285,-1.8914482593536377,9.035855293273926,-0.161390021443367,1.0644817352294922,-0.8205324411392212,50.26703643798828,-17.512399673461914,13.831868171691895,54.99799697898255,866706890,1720697923
1.0,0,-3.6176939010620117,-3.2082793712615967,8.619257926940918,-0.16352058947086334,1.0540952682495117,-0.8160049915313721,49.394344329833984,-16.28653335571289,15.012638092041016,54.13346213760535,878706890,1720697923
1.0,0,-5.188313961029053,-2.604931116104126,8.691084861755371,-0.14834032952785492,1.0679439306259155,-0.8162713050842285,50.26703643798828,-16.811904907226562,13.831868171691895,54.778971111063534,891706890,1720697923
1.0,0,-6.995964527130127,-2.171574115753174,7.781274318695068,-0.1557973027229309,1.1078919172286987,-0.8370442986488342,50.09249496459961,-14.885540008544922,17.374176025390625,55.06994957039353,903706890,1720697923
1.0,0,-1.946515679359436,-3.3591160774230957,9.622443199157715,-0.14913929998874664,1.0642154216766357,-0.816537618637085,53.5832633972168,-14.535292625427246,15.350000381469727,57.60263327065381,916706890,1720697923
1.0,0,-3.746983051300049,-2.7509799003601074,9.050220489501953,-0.1419486552476883,1.073270320892334,-0.8271904587745667,52.36149597167969,-13.659672737121582,15.85604476928711,56.38906875807693,928706890,1720697923
1.0,0,-4.920159339904785,-2.815624237060547,9.08613395690918,-0.12117567658424377,1.0895158052444458,-0.8285220861434937,52.01241683959961,-14.009920120239258,16.53076934814453,56.345680424619104,941706890,1720697923
1.0,0,-5.801239013671875,-2.245795488357544,8.04703426361084,-0.12676839530467987,1.09590744972229,-0.840772807598114,54.805030822753906,-13.30942440032959,18.21758270263672,59.26729706067675,953706890,1720697923
1.0,0,-2.8706917762756348,-3.1029326915740967,8.887412071228027,-0.11664823442697525,1.078330397605896,-0.833049476146698,53.23418426513672,-14.535292625427246,17.374176025390625,57.85339314718358,966706890,1720697923
1.0,0,-4.314417362213135,-3.351933479309082,7.544244766235352,-0.09933742135763168,1.1030981540679932,-0.8327831625938416,54.805030822753906,-11.558184623718262,16.868131637573242,58.495443414179384,978706890,1720697923
1.0,0,-3.790079116821289,-3.921762228012085,8.913748741149902,-0.11158815771341324,1.0772651433944702,-0.8359790444374084,54.106876373291016,-11.20793628692627,15.518681526184082,57.39339145753214,991706890,1720697923
1.0,0,-3.8595120906829834,-4.6328511238098145,8.140409469604492,-0.10706070810556412,1.0644817352294922,-0.8383758664131165,55.6777229309082,-10.332316398620605,18.38626480102539,59.538393715867166,3706890,1720697924
1.0,0,-6.208259582519531,-4.024714469909668,8.073371887207031,-0.11478398740291595,1.101766586303711,-0.8519582152366638,55.85226058959961,-11.908432006835938,18.55494499206543,60.046413294122324,16706890,1720697924
1.0,0,-5.494776248931885,-4.659187316894531,7.735783576965332,-0.11771351844072342,1.1001685857772827,-0.8524908423423767,56.5504150390625,-9.456696510314941,19.229671478271484,60.47444762162509,28706890,1720697924
1.0,0,-2.710277795791626,-3.0311055183410645,8.695873260498047,-0.10599542409181595,1.0793956518173218,-0.8383758664131165,56.20133590698242,-11.558184623718262,19.229671478271484,60.51414755813451,41706890,1720697924
1.0,0,-4.1659746170043945,-2.6480274200439453,9.059797286987305,-0.07962973415851593,1.0738029479980469,-0.8410391211509705,56.89949035644531,-9.806943893432617,20.579120635986328,61.29623444798732,53706890,1720697924
1.0,0,-4.8866400718688965,-4.1611857414245605,7.434109687805176,-0.08335821330547333,1.1145498752593994,-0.8500940203666687,57.946720123291016,-8.756199836730957,19.904396057128906,61.89247442966581,66706890,1720697924
1.0,0,-4.640033721923828,-4.300051689147949,7.740571975708008,-0.07084116339683533,1.0847220420837402,-0.8543550968170166,56.724952697753906,-8.931324005126953,19.735713958740234,60.720566635269385,78706890,1720697924
1.0,0,-5.408584117889404,-3.0885672569274902,7.644803047180176,-0.06551475822925568,1.0900484323501587,-0.8269241452217102,57.946720123291016,-8.756199836730957,20.579120635986328,62.11274921284893,91706890,1720697924
1.0,0,-3.0047690868377686,-3.945704698562622,8.403776168823242,-0.07936341315507889,1.1057612895965576,-0.8437022566795349,59.168487548828125,-8.931324005126953,22.097253799438477,63.78845579552137,103706890,1720697924
1.0,0,-6.215442180633545,-4.8387556076049805,6.809213638305664,-0.0825592502951622,1.1007012128829956,-0.8375769257545471,59.69210433959961,-7.004960060119629,21.253847122192383,63.74906119643679,116706890,1720697924
1.0,0,-7.654379844665527,-4.156397342681885,6.366279125213623,-0.07962973415851593,1.1409156322479248,-0.8559530377388,60.91387176513672,-7.180084228515625,22.434616088867188,65.309764828875,128706890,1720697924
1.0,0,-7.134829998016357,-4.75495719909668,7.194685935974121,-0.048203952610492706,1.1225395202636719,-0.850892961025238,60.564796447753906,-6.829836368560791,22.434616088867188,64.94654134466313,141706890,1720697924
1.0,0,-5.2194390296936035,-2.8994224071502686,7.647197246551514,-0.043942827731370926,1.1286648511886597,-0.8503603339195251,60.564796447753906,-6.829836368560791,22.434616088867188,64.94654134466313,153706890,1720697924
1.0,0,-1.0247340202331543,-4.082176208496094,8.786853790283203,-0.0375511460006237,1.0817925930023193,-0.8399738669395447,60.564796447753906,-6.829836368560791,22.434616088867188,64.94654134466313,166706890,1720697924
1.0,0,-6.169951915740967,-3.9385221004486084,6.4835968017578125,-0.03435530140995979,1.1366544961929321,-0.8578172922134399,60.564796447753906,-6.829836368560791,22.434616088867188,64.94654134466313,178706890,1720697924
1.0,0,-5.841940879821777,-5.887432098388672,6.861886501312256,-0.03169209882616997,1.118811011314392,-0.8532898426055908,61.61202621459961,-5.779092311859131,24.796154022216797,66.66550034696354,191706890,1720697924
1.0,0,-8.9999418258667,-3.845146656036377,5.46604585647583,-0.030626820400357246,1.1385186910629272,-0.8487623929977417,63.18286895751953,-3.5024800300598145,24.627473831176758,67.90327505628392,203706890,1720697924
1.0,0,-4.0869646072387695,-3.3471450805664062,8.46842098236084,-0.041812267154455185,1.1001685857772827,-0.8559530377388,62.484718322753906,-3.1522321701049805,25.30219841003418,67.48687158187789,216706890,1720697924
1.0,0,-5.700681209564209,-4.48919677734375,6.7996368408203125,-0.02476777695119381,1.1355892419815063,-0.848229706287384,62.484718322753906,-2.8019840717315674,26.989011764526367,68.12193402009281,228706890,1720697924
1.0,0,-4.920159339904785,-3.325597047805786,7.697475910186768,-0.0007989605655893683,1.1337249279022217,-0.8604804873466492,63.18286895751953,-3.1522321701049805,29.350549697875977,69.73855651592466,241706890,1720697924
1.0,0,-5.523507595062256,-2.762950897216797,7.048637390136719,-0.002929521957412362,1.1001685857772827,-0.8658068180084229,62.13563919067383,-1.7512400150299072,27.326374053955078,67.90165843453687,253706890,1720697924
1.0,0,-6.222624778747559,-4.620879650115967,6.339942932128906,-0.010386486537754536,1.1592917442321777,-0.8580836057662964,62.65925598144531,-1.9263640642166138,27.49505615234375,68.45342468771545,266706890,1720697924
1.0,0,-4.6017255783081055,-5.27450704574585,7.098916053771973,-0.001065280637703836,1.1028318405151367,-0.8426370024681091,63.18286895751953,-2.4517359733581543,29.013187408447266,69.56903752808304,278706890,1720697924
1.0,0,-7.745360374450684,-5.686315536499023,5.602517127990723,-0.025034096091985703,1.1465083360671997,-0.8474307656288147,64.4046401977539,0.17512400448322296,28.507143020629883,70.43185039893338,291706890,1720697924
1.0,0,-4.704678058624268,-5.288872241973877,6.8762526512146,0.005060083232820034,1.1443777084350586,-0.8437022566795349,64.2301025390625,0.7004960179328918,28.338462829589844,70.20730191649348,303706890,1720697924
1.0,0,-8.217025756835938,-3.380664348602295,5.990383625030518,0.0037284824065864086,1.1342575550079346,-0.8434359431266785,64.75371551513672,0.5253720283508301,28.844507217407227,70.88952874295673,316706890,1720697924
1.0,0,-4.283292293548584,-4.549052715301514,6.691895961761475,0.002396881580352783,1.1563622951507568,-0.8791228532791138,64.4046401977539,0.17512400448322296,29.181869506835938,70.70763647112726,329706890,1720697924
1.0,0,-3.4357316493988037,-5.6623735427856445,5.901797294616699,0.01145176775753498,1.1310617923736572,-0.8634099960327148,65.10279083251953,0.17512400448322296,30.19395637512207,71.76405119683886,341706890,1720697924
1.0,0,-5.525901794433594,-7.371859073638916,5.849123954772949,-0.0031958422623574734,1.167814016342163,-0.8551540970802307,64.92825317382812,2.8019840717315674,31.037363052368164,72.01976867629796,354706890,1720697924
1.0,0,-1.9441214799880981,-9.981578826904297,7.098916053771973,0.011984407901763916,0.9417081475257874,-0.7635399103164673,65.27732849121094,2.1014881134033203,30.700000762939453,72.16672303828626,366706890,1720697924
1.0,0,2.6623928546905518,-10.460427284240723,4.503561973571777,-0.10706070810556412,0.799493134021759,-0.6833775639533997,63.88102340698242,3.1522321701049805,33.06153869628906,71.99852123581358,379706890,1720697924
1.0,0,26.84659194946289,-6.76132869720459,8.410959243774414,0.02982785925269127,0.15739521384239197,-0.24634616076946259,65.62640380859375,3.5024800300598145,31.374725341796875,72.82489707155628,392502347,1720697924
1.0,0,-17.559343338012695,-15.062152862548828,-7.000752925872803,-0.00878856610506773,0.36539125442504883,0.05486195534467697,65.62640380859375,4.903471946716309,32.38681411743164,73.34694705751502,405502347,1720697924
1.0,0,-2.5618350505828857,-5.013535022735596,8.240967750549316,0.09560894221067429,-0.000532640318851918,0.16245530545711517,66.1500244140625,3.3273561000823975,33.56758499145508,74.25415672375776,417502347,1720697924
1.0,0,-13.407733917236328,-4.048656940460205,6.172346115112305,0.0394153855741024,-0.026099376380443573,0.11025655269622803,65.27732849121094,2.8019840717315674,34.07362747192383,73.6884849809191,430502347,1720697924
1.0,0,-10.999131202697754,-4.455677509307861,9.215423583984375,-0.03515426442027092,-0.07590124756097794,0.006658004131168127,65.45186614990234,3.6776041984558105,32.55549621582031,73.193796793195,442502347,1720697924
1.0,0,-5.777297019958496,-6.2034711837768555,6.873857498168945,-0.06231892108917236,-0.03382266312837601,-0.03169209882616997,65.97547912597656,3.8527281284332275,32.38681411743164,73.59696385456984,455502347,1720697924
1.0,0,-4.010348796844482,-5.923345565795898,5.195497035980225,-0.08548877388238907,-0.03488794341683388,-0.014647609554231167,65.97547912597656,3.8527281284332275,32.38681411743164,73.59696385456984,467502347,1720697924
1.0,0,-5.243381977081299,-4.347936630249023,4.3455424308776855,-0.029561540111899376,0.011984407901763916,0.034621622413396835,65.97547912597656,3.8527281284332275,32.38681411743164,73.59696385456984,480502347,1720697924
1.0,0,-6.320788860321045,-6.385433673858643,4.237801551818848,0.01864241249859333,-0.014114969410002232,0.07084116339683533,65.97547912597656,3.8527281284332275,32.38681411743164,73.59696385456984,492502347,1720697924
1.0,0,-6.890617847442627,-7.450869083404541,5.700681209564209,0.029561540111899376,0.025566738098859787,0.017310811206698418,64.75371551513672,2.6268601417541504,32.21813201904297,72.3736975566129,505502347,1720697924
1.0,0,-5.181131362915039,-7.879438400268555,6.624857425689697,-0.031425777822732925,0.03195841982960701,-0.04048066586256027,65.10279083251953,0.8756200075149536,32.55549621582031,72.79423341473307,517502347,1720697924
1.0,0,-5.05184268951416,-6.7469635009765625,6.296846389770508,-0.07297173142433167,0.0287625789642334,-0.03914906829595566,63.18286895751953,2.1014881134033203,33.398902893066406,71.49809715268191,530502347,1720697924
1.0,0,-6.502751350402832,-5.2194390296936035,4.606513977050781,-0.05592723563313484,0.03302370011806488,-0.01384864840656519,64.57917785644531,3.1522321701049805,33.398902893066406,72.77288983357141,542502347,1720697924
1.0,0,-8.439689636230469,-3.2154619693756104,5.288872241973877,-0.003994802478700876,0.02157193422317505,0.013049688190221786,64.75371551513672,4.3780999183654785,32.89285659790039,72.76091977896162,555502347,1720697924
1.0,0,-7.685504913330078,-3.01434588432312,7.410167217254639,0.03728482499718666,0.037817467004060745,0.023968815803527832,65.97547912597656,3.1522321701049805,33.736263275146484,74.16762011367501,567502347,1720697924
1.0,0,-6.406981468200684,-6.019114971160889,7.127647399902344,-0.006125363986939192,0.014114969410002232,0.017044490203261375,63.53194808959961,3.8527281284332275,32.38681411743164,71.41468806042822,580502347,1720697924
1.0,0,-4.814813137054443,-8.025486946105957,5.104515552520752,-0.038882747292518616,0.024235136806964874,0.005060083232820034,64.4046401977539,2.9771080017089844,34.2423095703125,73.00244253287073,592502347,1720697924
1.0,0,-5.923345565795898,-7.922534465789795,4.048656940460205,-0.052198752760887146,0.02902889810502529,-0.028496257960796356,64.92825317382812,2.8019840717315674,32.0494499206543,72.46168929275309,605502347,1720697924
1.0,0,-6.215442180633545,-6.265721797943115,4.960861682891846,-0.014913929626345634,0.017843451350927353,0.0018642412032932043,64.2301025390625,3.1522321701049805,33.06153869628906,72.30842261312957,617502347,1720697924
1.0,0,-6.311212062835693,-4.944101810455322,6.167557716369629,0.01145176775753498,0.03382266312837601,0.01384864840656519,65.27732849121094,3.1522321701049805,33.06153869628906,73.24023159145473,630502347,1720697924
1.0,0,-6.117279052734375,-5.808422088623047,6.70865535736084,-0.02050665207207203,0.026632016524672508,-0.009587526321411133,64.75371551513672,3.6776041984558105,32.55549621582031,72.57016452726319,642502347,1720697924
1.0,0,-6.59133768081665,-5.590546131134033,5.7892680168151855,-0.023968815803527832,0.03302370011806488,0.009321206249296665,66.3245620727539,3.5024800300598145,33.736263275146484,74.49396190479837,655502347,1720697924
1.0,0,-6.545847415924072,-5.724623203277588,5.061419486999512,-0.023169854655861855,0.023436175659298897,-0.000266320159425959,65.45186614990234,2.9771080017089844,34.2423095703125,73.927976566843,667502347,1720697924
1.0,0,-6.727809429168701,-5.966441631317139,5.501959800720215,-0.004793763160705566,0.024235136806964874,0.0034621621016412973,64.92825317382812,2.8019840717315674,32.38681411743164,72.611534232655,680502347,1720697924
1.0,0,-6.277692794799805,-5.973624229431152,6.090941905975342,-0.014114969410002232,0.025566738098859787,-0.0007989605655893683,64.75371551513672,3.3273561000823975,33.904945373535156,73.16871115725912,692502347,1720697924
1.0,0,-6.011932373046875,-4.980015754699707,5.93292236328125,-0.015180249698460102,0.03089314140379429,0.010120166465640068,65.27732849121094,2.1014881134033203,31.374725341796875,72.45632655271329,705502347,1720697924
1.0,0,-6.91934871673584,-6.09333610534668,6.083759307861328,-0.019441373646259308,0.025300417095422745,0.004527443088591099,64.92825317382812,2.8019840717315674,32.0494499206543,72.46168929275309,717502347,1720697924
1.0,0,-6.4093756675720215,-5.576180934906006,5.616883277893066,-0.02583305537700653,0.025300417095422745,0.0,64.92825317382812,2.4517359733581543,32.38681411743164,72.59886223739908,730502347,1720697924
1.0,0,-6.421347141265869,-5.858701229095459,5.595334529876709,-0.018376091495156288,0.03222474083304405,-0.005592723377048969,64.4046401977539,4.728348255157471,32.55549621582031,72.31995084402699,742502347,1720697924
1.0,0,-6.002355575561523,-5.856306552886963,5.671950340270996,-0.012250727973878384,0.02796361781656742,0.004527443088591099,64.2301025390625,3.5024800300598145,33.06153869628906,72.32453787965513,755502347,1720697924
1.0,0,-6.339942932128906,-5.6360368728637695,6.047845840454102,-0.0143812894821167,0.03515426442027092,0.004527443088591099,64.75371551513672,1.5761160850524902,33.230220794677734,72.79955624172342,767502347,1720697924
1.0,0,-6.70865535736084,-5.705469608306885,5.844335556030273,-0.01651185005903244,0.03115946054458618,0.00719064474105835,64.57917785644531,2.4517359733581543,32.0494499206543,72.13631860660746,780502347,1720697924
1.0,0,-6.670347690582275,-5.794056415557861,5.645613670349121,-0.01651185005903244,0.0287625789642334,-0.002663201652467251,64.57917785644531,2.4517359733581543,32.0494499206543,72.13631860660746,792502347,1720697924
1.0,0,-6.0765767097473145,-5.755748748779297,5.7677202224731445,-0.00825592502951622,0.034621622413396835,-0.004261122550815344,64.57917785644531,2.4517359733581543,32.0494499206543,72.13631860660746,805502347,1720697924
1.0,0,-6.064605236053467,-5.681527137756348,5.863489627838135,-0.009587526321411133,0.029561540111899376,0.001065280637703836,64.57917785644531,2.4517359733581543,32.0494499206543,72.13631860660746,818502347,1720697924
1.0,0,-6.553030014038086,-5.796450614929199,5.928133964538574,-0.012250727973878384,0.02769729681313038,0.009054886177182198,64.57917785644531,2.4517359733581543,32.0494499206543,72.13631860660746,830502347,1720697924
1.0,0,-6.675136089324951,-5.674344539642334,5.703075408935547,-0.014647609554231167,0.027164656668901443,0.000532640318851918,65.27732849121094,2.8019840717315674,33.06153869628906,73.2259931353199,843502347,1720697924
1.0,0,-6.4931745529174805,-5.777297019958496,5.736595153808594,-0.020240332931280136,0.0287625789642334,0.002929521957412362,64.57917785644531,2.4517359733581543,33.736263275146484,72.90141755595327,855502347,1720697924
1.0,0,-6.19868278503418,-5.738989353179932,5.846729755401611,-0.0143812894821167,0.03009418025612831,0.0015979211311787367,65.62640380859375,2.8019840717315674,33.06153869628906,73.53734651558393,868502347,1720697924
1.0,0,-6.143615245819092,-5.817998886108398,5.774902820587158,-0.0197076927870512,0.028496257960796356,0.003994802478700876,65.45186614990234,3.3273561000823975,32.55549621582031,73.17703475120987,880502347,1720697924
1.0,0,-6.502751350402832,-5.6360368728637695,5.822787284851074,-0.01651185005903244,0.03302370011806488,0.006391684524714947,65.97547912597656,3.5024800300598145,33.398902893066406,74.0305202380992,893502347,1720697924
1.0,0,-6.584155082702637,-5.717440605163574,5.724623203277588,-0.013582328334450722,0.0287625789642334,0.0031958422623574734,64.2301025390625,3.5024800300598145,33.398902893066406,72.47937743248026,905502347,1720697924
1.0,0,-6.349519729614258,-5.717440605163574,5.913768291473389,-0.016245530918240547,0.02583305537700653,-0.0015979211311787367,64.92825317382812,3.8527281284332275,32.38681411743164,72.65966764934596,918502347,1720697924
1.0,0,-6.138826847076416,-5.7677202224731445,5.813210487365723,-0.015712888911366463,0.030626820400357246,0.0031958422623574734,64.75371551513672,2.9771080017089844,33.230220794677734,72.84335535333425,930502347,1720697924
1.0,0,-6.23938512802124,-5.731806755065918,5.724623203277588,-0.017843451350927353,0.02769729681313038,0.0037284824065864086,65.10279083251953,4.0278520584106445,33.56758499145508,73.35788797767962,943502347,1720697924
1.0,0,-6.593731880187988,-5.753354549407959,5.777297019958496,-0.011185446754097939,0.0287625789642334,0.0031958422623574734,65.10279083251953,2.9771080017089844,32.89285659790039,73.00120931468648,955502347,1720697924
1.0,0,-6.4548659324646,-5.595334529876709,5.796450614929199,-0.014913929626345634,0.030360499396920204,-0.0015979211311787367,65.10279083251953,3.3273561000823975,32.89285659790039,73.01633165237476,968502347,1720697924
1.0,0,-6.327971458435059,-5.786873817443848,5.887432098388672,-0.0143812894821167,0.031425777822732925,0.0015979211311787367,63.53194808959961,3.5024800300598145,31.71208953857422,71.09312496523904,980502347,1720697924
1.0,0,-6.181922912597656,-5.72941255569458,5.803633689880371,-0.015712888911366463,0.03169209882616997,0.004527443088591099,63.88102340698242,3.8527281284332275,33.06153869628906,72.03258989180713,993502347,1720697924
1.0,0,-6.406981468200684,-5.801239013671875,5.731806755065918,-0.015180249698460102,0.02982785925269127,0.002663201652467251,65.27732849121094,2.1014881134033203,33.06153869628906,73.20253553126732,5502347,1720697925
1.0,0,-6.490779399871826,-5.655190944671631,5.8156046867370605,-0.015979209914803505,0.028229938820004463,0.0018642412032932043,63.18286895751953,3.1522321701049805,33.06153869628906,71.3798069367209,18502347,1720697925
1.0,0,-6.296846389770508,-5.691104412078857,5.8946146965026855,-0.015979209914803505,0.029295219108462334,-0.001065280637703836,64.57917785644531,2.4517359733581543,33.398902893066406,72.74591353717358,30502347,1720697925
1.0,0,-6.1771345138549805,-5.753354549407959,5.834758281707764,-0.015979209914803505,0.03302370011806488,0.0031958422623574734,65.27732849121094,2.8019840717315674,33.06153869628906,73.2259931353199,43502347,1720697925
1.0,0,-6.268115997314453,-5.7102580070495605,5.712652206420898,-0.011185446754097939,0.02982785925269127,0.0018642412032932043,64.92825317382812,2.8019840717315674,32.38681411743164,72.611534232655,55502347,1720697925
1.0,0,-6.4835968017578125,-5.719834804534912,5.755748748779297,-0.013316008262336254,0.029561540111899376,0.0034621621016412973,65.27732849121094,3.1522321701049805,31.374725341796875,72.49441063197145,68502347,1720697925
1.0,0,-6.502751350402832,-5.715046405792236,5.885037899017334,-0.011718087829649448,0.03222474083304405,0.004261122550815344,63.18286895751953,2.1014881134033203,33.398902893066406,71.49809715268191,80502347,1720697925
1.0,0,-6.373461723327637,-5.707863807678223,5.863489627838135,-0.011718087829649448,0.029561540111899376,0.001065280637703836,63.88102340698242,3.1522321701049805,33.736263275146484,72.31083721647592,93502347,1720697925
1.0,0,-6.23938512802124,-5.743777751922607,5.834758281707764,-0.01384864840656519,0.026099376380443573,0.0013316008262336254,64.92825317382812,5.603968143463135,31.71208953857422,72.47578314209665,105502347,1720697925
1.0,0,-6.3088178634643555,-5.6839213371276855,5.743777751922607,-0.01651185005903244,0.026632016524672508,0.003994802478700876,64.92825317382812,5.603968143463135,31.71208953857422,72.47578314209665,118502347,1720697925
1.0,0,-6.447683334350586,-5.715046405792236,5.738989353179932,-0.016778171062469482,0.028496257960796356,0.002130561275407672,64.92825317382812,5.603968143463135,31.71208953857422,72.47578314209665,130502347,1720697925
1.0,0,-6.438106536865234,-5.695892810821533,5.801239013671875,-0.014647609554231167,0.025566738098859787,0.0031958422623574734,64.92825317382812,5.603968143463135,31.71208953857422,72.47578314209665,143502347,1720697925
1.0,0,-6.354308128356934,-5.760537147521973,5.770114421844482,-0.020240332931280136,0.030626820400357246,0.004527443088591099,64.92825317382812,3.5024800300598145,32.0494499206543,72.49215589829163,155502347,1720697925
1.0,0,-6.368673324584961,-5.743777751922607,5.7413835525512695,-0.016245530918240547,0.02982785925269127,0.0037284824065864086,64.75371551513672,2.2766120433807373,31.880769729614258,72.21225736648879,168502347,1720697925
1.0,0,-6.380645275115967,-5.705469608306885,5.758142948150635,-0.015979209914803505,0.028229938820004463,0.006658004131168127,64.4046401977539,3.3273561000823975,32.55549621582031,72.24188059205812,180502347,1720697925
1.0,0,-6.428529739379883,-5.803633689880371,5.935316562652588,-0.012250727973878384,0.03195841982960701,0.0037284824065864086,64.75371551513672,1.9263640642166138,31.880769729614258,72.20206389069395,193502347,1720697925
1.0,0,-6.33754825592041,-5.688709735870361,5.810816287994385,-0.01384864840656519,0.029295219108462334,0.0034621621016412973,64.92825317382812,3.8527281284332275,33.398902893066406,73.11640232326002,205502347,1720697925
1.0,0,-6.320788860321045,-5.727018356323242,5.779691219329834,-0.010652806609869003,0.030360499396920204,0.0013316008262336254,65.62640380859375,3.8527281284332275,32.38681411743164,73.2842010228487,218502347,1720697925
1.0,0,-6.318394660949707,-5.7413835525512695,5.734200954437256,-0.011185446754097939,0.032491061836481094,0.002929521957412362,64.0555648803711,2.9771080017089844,31.543407440185547,71.46303322092355,230502347,1720697925
1.0,0,-6.363884925842285,-5.738989353179932,5.7892680168151855,-0.012517048045992851,0.03089314140379429,0.000266320159425959,65.27732849121094,3.5024800300598145,33.06153869628906,73.25614187408893,243502347,1720697925
1.0,0,-6.4093756675720215,-5.676738739013672,5.853912353515625,-0.012250727973878384,0.02982785925269127,0.0013316008262336254,64.4046401977539,3.6776041984558105,32.89285659790039,72.41148021420828,255502347,1720697925
1.0,0,-10.802803039550781,-7.055819988250732,3.89542555809021,-0.016245530918240547,0.01651185005903244,0.005859043914824724,64.4046401977539,2.9771080017089844,32.55549621582031,72.22659610499632,268502347,1720697925
1.0,0,20.84184455871582,1.999189019203186,30.47386360168457,0.03595322370529175,-0.9470345377922058,0.3310359716415405,64.4046401977539,2.9771080017089844,32.21813201904297,72.07516133767902,280502347,1720697925
1.0,0,-33.84495162963867,-12.028653144836426,19.687820434570312,-0.6546149849891663,-1.1491715908050537,1.0224031209945679,64.57917785644531,1.7512400150299072,31.374725341796875,71.818594002374,293502347,1720697925
1.0,0,33.30863952636719,16.118011474609375,36.418758392333984,-0.889509379863739,-2.290353298187256,1.3840659856796265,63.53194808959961,1.0507440567016602,31.71208953857422,71.01456973068852,306502347,1720697925
1.0,0,-15.852251052856445,-7.376648426055908,14.643160820007324,-1.0362517833709717,-2.9705350399017334,1.801655888557434,63.706485748291016,1.9263640642166138,31.880769729614258,71.26437176779011,318502347,1720697925
1.0,0,10.434089660644531,2.068621873855591,22.754838943481445,-1.372880458831787,-3.140713691711426,2.339622735977173,63.18286895751953,1.4009920358657837,29.687911987304688,69.8241349860748,331502347,1720697925
1.0,0,30.323026657104492,6.421347141265869,28.74761962890625,-1.367820382118225,-4.543954849243164,2.7220585346221924,63.706485748291016,1.5761160850524902,28.169780731201172,69.67450763912666,343502347,1720697925
1.0,0,-20.710161209106445,-8.375045776367188,4.312023162841797,-1.6650336980819702,-3.862441301345825,3.0536270141601562,61.96110153198242,-0.5253720283508301,26.820329666137695,67.51876925881508,356502347,1720697925
1.0,0,-7.3622822761535645,5.786873817443848,0.9313586354255676,-1.3398568630218506,-3.804650068283081,2.8078136444091797,60.564796447753906,-2.2766120433807373,23.784067153930664,65.10729130855171,368502347,1720697925
1.0,0,-14.102063179016113,-7.766909122467041,-5.755748748779297,-1.1022992134094238,-3.7865402698516846,2.601149082183838,56.89949035644531,-1.4009920358657837,23.615385055541992,61.6214345242732,381502347,1720697925
1.0,0,-22.01741600036621,-5.341545104980469,2.013554334640503,-1.0639491081237793,-3.3377907276153564,2.6229872703552246,58.4703369140625,-2.2766120433807373,23.10934066772461,62.91267668234278,393502347,1720697925
1.0,0,8.138015747070312,0.10055800527334213,10.151569366455078,-0.9198698997497559,-3.4656245708465576,2.5492167472839355,57.5976448059082,-3.8527281284332275,21.928571701049805,61.75106847713056,406502347,1720697925
1.0,0,-3.2872891426086426,-1.158811330795288,8.79882526397705,-0.8737964630126953,-3.269346237182617,2.4362969398498535,53.7578010559082,-5.253720283508301,19.229671478271484,57.33483248729519,418502347,1720697925
1.0,0,-9.186692237854004,-3.0646250247955322,7.668745040893555,-0.8184019327163696,-3.0312561988830566,2.5300416946411133,52.885108947753906,-5.078596115112305,19.735713958740234,56.67561461843575,431502347,1720697925
1.0,0,1.6185050010681152,0.15323124825954437,12.945646286010742,-0.8061511516571045,-3.196108341217041,2.5300416946411133,52.885108947753906,-5.078596115112305,19.735713958740234,56.67561461843575,443502347,1720697925
1.0,0,-14.319938659667969,-7.862678050994873,4.3311767578125,-0.7837802767753601,-2.9961020946502686,2.5129971504211426,52.885108947753906,-5.078596115112305,19.735713958740234,56.67561461843575,456502347,1720697925
1.0,0,-8.243362426757812,-0.8403776288032532,8.482786178588867,-0.7542187571525574,-3.0794599056243896,2.576914072036743,52.885108947753906,-5.078596115112305,19.735713958740234,56.67561461843575,468502347,1720697925
1.0,0,3.7014923095703125,-0.19632753729820251,10.419724464416504,-0.6476906538009644,-3.108755350112915,2.5763814449310303,52.885108947753906,-5.078596115112305,19.735713958740234,56.67561461843575,481502347,1720697925
1.0,0,-10.594503402709961,-5.075784683227539,5.267324447631836,-0.6330430507659912,-3.0235328674316406,2.633906602859497,45.37996292114258,-8.055704116821289,13.831868171691895,48.12022423743586,493502347,1720697925
1.0,0,-7.517908096313477,-4.826784133911133,8.60728645324707,-0.5800453424453735,-2.987579584121704,2.6610710620880127,44.856346130371094,-8.581076622009277,14.000550270080566,47.76758390399817,506502347,1720697925
1.0,0,-6.411769866943359,-3.3950297832489014,8.741363525390625,-0.5177264213562012,-2.934581995010376,2.621922016143799,42.0637321472168,-9.281572341918945,13.663187026977539,45.19057232460374,518502347,1720697925
1.0,0,-4.70228385925293,-2.1572086811065674,9.181903839111328,-0.4633970856666565,-3.033919334411621,2.6818442344665527,39.794734954833984,-9.10644817352295,13.494505882263184,42.99593024309372,531502347,1720697925
1.0,0,-1.0031858682632446,1.4940046072006226,12.835512161254883,-0.3419550955295563,-2.919667959213257,2.7244553565979004,39.794734954833984,-9.806943893432617,11.807692527770996,42.65229983816582,543502347,1720697925
1.0,0,-3.6751556396484375,0.12928886711597443,9.095710754394531,-0.3640596866607666,-2.946566343307495,2.7542831897735596,37.52573776245117,-10.332316398620605,9.952198028564453,40.17441975159343,556502347,1720697925
1.0,0,-2.111717939376831,-3.9050025939941406,8.8514986038208,-0.26285800337791443,-2.8980960845947266,2.7167322635650635,34.03497314453125,-11.733307838439941,9.614835739135742,37.26251435519511,568502347,1720697925
1.0,0,-8.049428939819336,-1.7501882314682007,9.179509162902832,-0.22903534770011902,-2.8179335594177246,2.7055466175079346,33.68589401245117,-12.083556175231934,9.277472496032715,36.97057317885027,581502347,1720697925
1.0,0,-6.131644248962402,-2.813230037689209,9.361471176147461,-0.18242931365966797,-2.81154203414917,2.7018182277679443,31.591434478759766,-12.433804512023926,8.602747917175293,35.02321371312835,593502347,1720697925
1.0,0,-3.6272706985473633,-1.2833117246627808,8.7461519241333,-0.1262357532978058,-2.797959566116333,2.7383041381835938,30.369667053222656,-11.20793628692627,8.434065818786621,33.45247343577185,606502347,1720697925
1.0,0,-2.3319880962371826,-0.217875674366951,10.984764099121094,-0.0375511460006237,-2.8533542156219482,2.7721266746520996,26.8789005279541,-12.608928680419922,9.10879135131836,31.055280645027498,618502347,1720697925
1.0,0,-2.3319880962371826,-0.217875674366951,10.984764099121094,-0.0375511460006237,-2.8533542156219482,2.7721266746520996,25.657133102416992,-12.433804512023926,7.5906596183776855,29.504340140400327,631502347,1720697925
1.0,0,-4.0606279373168945,-1.5490721464157104,9.208239555358887,0.08948357403278351,-2.70288348197937,2.732445001602173,24.086286544799805,-11.558184623718262,7.084615707397461,27.63933087170643,643502347,1720697925
1.0,0,-1.8052555322647095,-0.26097196340560913,9.462029457092285,0.1850925236940384,-2.71113920211792,2.7327113151550293,23.0390567779541,-14.36016845703125,7.421977996826172,28.144241555200594,656502347,1720697925
1.0,0,-5.387036323547363,-2.2577667236328125,8.36307430267334,0.20000644028186798,-2.6173946857452393,2.734309196472168,20.07190704345703,-15.235788345336914,7.5906596183776855,26.317842090626538,668502347,1720697925
1.0,0,-5.011140823364258,-3.0382883548736572,7.750148773193359,0.29108792543411255,-2.6538805961608887,2.7441630363464355,18.326522827148438,-14.185044288635254,8.602747917175293,24.720117154475627,681502347,1720697925
1.0,0,3.1412405967712402,1.4796391725540161,12.136393547058105,0.3446182906627655,-2.6781156063079834,2.7375049591064453,17.802907943725586,-15.060664176940918,8.434065818786621,24.79718941612101,693502347,1720697925
1.0,0,-3.3591160774230957,2.061439037322998,11.221794128417969,0.3992139399051666,-2.6331076622009277,2.7407009601593018,16.406600952148438,-14.009920120239258,8.434065818786621,23.16436666119209,706502347,1720697925
1.0,0,2.480430841445923,0.43814560770988464,11.609662055969238,0.4684571921825409,-2.577979326248169,2.724189043045044,12.217681884765625,-14.009920120239258,7.759340763092041,20.143410373881498,718502347,1720697925
1.0,0,-3.3998184204101562,0.08140409737825394,10.405359268188477,0.5254496932029724,-2.484234571456909,2.694094657897949,12.217681884765625,-15.41091251373291,8.09670352935791,21.267923809943852,731502347,1720697925
1.0,0,-4.055839538574219,1.4173890352249146,9.157960891723633,0.5976224541664124,-2.512730836868286,2.6634681224823,10.472298622131348,-14.710416793823242,9.10879135131836,20.224625597546748,743502347,1720697925
1.0,0,1.0750129222869873,-0.9145990014076233,10.398177146911621,0.65062016248703,-2.5028767585754395,2.6882357597351074,10.472298622131348,-14.710416793823242,9.783516883850098,20.537346549534362,756502347,1720697925
1.0,0,1.1635997295379639,0.5027900338172913,9.974396705627441,0.7693989276885986,-2.4738481044769287,2.6679954528808594,7.505147457122803,-15.936284065246582,9.952198028564453,20.232118864843375,768502347,1720697925
1.0,0,4.539475917816162,0.7350311875343323,11.91851806640625,0.775524377822876,-2.484767198562622,2.664799690246582,7.505147457122803,-15.936284065246582,9.952198028564453,20.232118864843375,781502347,1720697925
1.0,0,-2.755768299102783,0.2561835050582886,10.022281646728516,0.8484960198402405,-2.3809022903442383,2.628580093383789,7.505147457122803,-15.936284065246582,9.952198028564453,20.232118864843375,793502347,1720697925
1.0,0,-3.2585582733154297,1.235426902770996,10.479580879211426,0.906021237373352,-2.3454816341400146,2.600083827972412,7.505147457122803,-15.936284065246582,9.952198028564453,20.232118864843375,806502347,1720697925
1.0,0,-0.23224110901355743,1.302465558052063,10.034252166748047,0.9544914960861206,-2.304202079772949,2.5705223083496094,0.5236149430274963,-13.484548568725586,11.63901138305664,17.820600682519178,819502347,1720697925
1.0,0,1.225849986076355,-0.07182714343070984,9.423721313476562,1.0248000621795654,-2.3758420944213867,2.5510809421539307,1.5708448886871338,-13.484548568725586,12.9884614944458,18.78831380830475,831502347,1720697925
1.0,0,5.841940879821777,1.2881001234054565,10.544225692749023,1.1054949760437012,-2.3316330909729004,2.526845932006836,-1.5708448886871338,-14.185044288635254,12.9884614944458,19.29723211052713,844502347,1720697925
1.0,0,2.9042110443115234,4.209070682525635,12.823539733886719,1.2053650617599487,-2.2663846015930176,2.5023441314697266,-3.316227912902832,-14.885540008544922,12.313736915588379,19.60114246013817,856502347,1720697925
1.0,0,6.517116546630859,2.039891004562378,11.683881759643555,1.2133547067642212,-2.3172519207000732,2.482370138168335,-4.014381408691406,-15.235788345336914,14.675274848937988,21.531562797210594,869502347,1720697925
1.0,0,-1.8914482593536377,1.7477937936782837,10.225790977478027,1.3142900466918945,-2.1457417011260986,2.421116828918457,-4.887072563171387,-15.761160850524902,15.518681526184082,22.65230994633767,881502347,1720697925
1.0,0,-2.729431390762329,0.617713451385498,8.62883472442627,1.3068331480026245,-2.1193759441375732,2.400876522064209,-5.759764194488525,-14.535292625427246,16.02472496032715,22.38842168034727,894502347,1720697925
1.0,0,-0.7541850805282593,0.5746171474456787,7.462840557098389,1.3957840204238892,-2.128697156906128,2.366521120071411,-7.156070709228516,-14.535292625427246,16.699451446533203,23.267053064739375,906502347,1720697925
1.0,0,-1.0534647703170776,3.9097909927368164,10.630417823791504,1.4839359521865845,-2.1265666484832764,2.3401553630828857,-9.599607467651367,-14.535292625427246,16.362089157104492,23.898643409717298,919502347,1720697925
1.0,0,10.544225692749023,0.4692707061767578,11.360660552978516,1.4897950887680054,-2.1683788299560547,2.3073978424072266,-9.425068855285645,-15.761160850524902,17.542858123779297,25.396810536641084,931502347,1720697925
1.0,0,6.6440110206604,1.3790812492370605,12.263288497924805,1.5760828256607056,-2.092477560043335,2.2621235847473145,-9.599607467651367,-14.535292625427246,20.41044044494629,26.8330630826316,944502347,1720697925
1.0,0,6.086153507232666,4.173157215118408,10.024675369262695,1.6080411672592163,-2.0706393718719482,2.2011361122131348,-9.250530242919922,-13.484548568725586,19.060989379882812,25.1142723569189,956502347,1720697925
1.0,0,2.475642204284668,4.848332405090332,10.2952241897583,1.689268946647644,-1.9550563097000122,2.148404836654663,-11.344990730285645,-14.885540008544922,20.747802734375,27.942072835077884,969502347,1720697925
1.0,0,-1.0534647703170776,0.37110692262649536,6.622463226318359,1.7113734483718872,-1.9111135005950928,2.1052608489990234,-12.9158353805542,-14.009920120239258,21.253847122192383,28.545099103814405,981502347,1720697925
1.0,0,7.381436824798584,-0.3112509846687317,7.134829998016357,1.7934000492095947,-2.0085866451263428,2.0397462844848633,-12.217681884765625,-12.608928680419922,20.916484832763672,27.30853659324276,994502347,1720697925
1.0,0,4.659187316894531,4.551446914672852,11.217005729675293,1.8253583908081055,-1.9958033561706543,2.0589213371276855,-13.963065147399902,-12.959176063537598,22.265933990478516,29.30322932757832,6502347,1720697926
1.0,0,6.014326572418213,1.2043018341064453,10.838715553283691,1.8485283851623535,-1.943604588508606,2.0112497806549072,-13.78852653503418,-12.433804512023926,22.434616088867188,29.121039777202782,19502347,1720697926
1.0,0,6.670347690582275,4.968044281005859,11.597689628601074,1.9545236825942993,-1.843468189239502,1.9228315353393555,-15.70844841003418,-13.30942440032959,24.290111541748047,31.841885120535117,31502347,1720697926
1.0,0,4.1923112869262695,2.3631131649017334,8.281669616699219,1.9175052642822266,-1.8424029350280762,1.879421353340149,-16.93021583557129,-13.484548568725586,24.121429443359375,32.40846520173877,44502347,1720697926
1.0,0,1.6328704357147217,2.8706917762756348,5.578575134277344,2.038414716720581,-1.7433319091796875,1.7728933095932007,-17.62837028503418,-13.484548568725586,25.133516311645508,33.53037624597055,56502347,1720697926
1.0,0,4.264138221740723,4.853120803833008,7.041454792022705,2.0559918880462646,-1.6948615312576294,1.7270863056182861,-18.15198516845703,-12.608928680419922,27.66373634338379,35.408501189686824,69502347,1720697926
1.0,0,10.690274238586426,3.4644627571105957,11.25052547454834,2.125767707824707,-1.8173688650131226,1.7089765071868896,-19.37375259399414,-12.784051895141602,26.482967376708984,35.215363600377614,81502347,1720697926
1.0,0,3.6320595741271973,3.5027706623077393,9.447664260864258,2.1337573528289795,-1.7190966606140137,1.679414987564087,-19.37375259399414,-12.784051895141602,26.482967376708984,35.215363600377614,94502347,1720697926
1.0,0,1.6807552576065063,4.558629512786865,9.150778770446777,2.1963424682617188,-1.6618378162384033,1.6024484634399414,-19.37375259399414,-12.784051895141602,26.482967376708984,35.215363600377614,106502347,1720697926
1.0,0,7.328763008117676,7.345522880554199,10.596898078918457,2.2259039878845215,-1.5822080373764038,1.516693353652954,-19.37375259399414,-12.784051895141602,26.482967376708984,35.215363600377614,119502347,1720697926
1.0,0,-3.0334997177124023,2.3319880962371826,4.1133012771606445,2.1984729766845703,-1.5491844415664673,1.4682230949401855,-18.675600051879883,-11.733307838439941,32.21813201904297,39.0442899913144,131502347,1720697926
1.0,0,4.630456924438477,3.6967039108276367,5.080573558807373,2.298609495162964,-1.6051117181777954,1.3561022281646729,-21.642751693725586,-11.558184623718262,31.037363052368164,39.56410289538646,144502347,1720697926
1.0,0,9.550616264343262,2.219458818435669,6.893012046813965,2.2514708042144775,-1.550516128540039,1.360363483428955,-19.024675369262695,-12.784051895141602,32.89285659790039,40.09127424931195,156502347,1720697926
1.0,0,11.81317138671875,1.7549766302108765,7.201868534088135,2.3526723384857178,-1.6309447288513184,1.2961803674697876,-19.37375259399414,-12.433804512023926,34.91703414916992,41.82273374602406,169502347,1720697926
1.0,0,11.166727066040039,7.326368808746338,10.93209171295166,2.3739778995513916,-1.4948550462722778,1.2447805404663086,-19.722829818725586,-11.383060455322266,34.57966995239258,41.40431928439755,181502347,1720697926
1.0,0,-0.6464443206787109,5.908979892730713,5.590546131134033,2.422182083129883,-1.3798047304153442,1.116946816444397,-21.119136810302734,-11.383060455322266,35.254398345947266,42.643459142951045,194502347,1720697926
1.0,0,1.8866597414016724,5.308026313781738,5.6049113273620605,2.4176547527313232,-1.332932472229004,1.0487687587738037,-21.119136810302734,-11.032812118530273,34.2423095703125,41.716623156293316,206502347,1720697926
1.0,0,4.228224754333496,3.0047690868377686,6.8786468505859375,2.3918213844299316,-1.3696846961975098,0.999765932559967,-21.29367446899414,-12.608928680419922,36.77252960205078,44.32408586979668,219502347,1720697926
1.0,0,-7.091733455657959,18.689424514770508,39.22600173950195,2.079960584640503,-0.6207923293113708,0.8998958468437195,-20.944597244262695,-11.908432006835938,36.77252960205078,43.96255042555552,231502347,1720697926
1.0,0,-0.2849143445491791,-0.5698286890983582,28.184972763061523,1.2519710063934326,-1.0037606954574585,0.3398245573043823,-20.77005958557129,-10.682564735412598,37.615936279296875,44.27720888541401,244502347,1720697926
1.0,0,-5.061419486999512,6.119673252105713,25.86495590209961,0.6988241076469421,-0.3784409463405609,0.34941205382347107,-21.29367446899414,-11.558184623718262,38.121978759765625,45.16965207689198,256502347,1720697926
1.0,0,29.312658309936523,5.224227428436279,27.95751953125,0.6199933290481567,-0.3747124969959259,-0.09534262120723724,-20.595521926879883,-10.507440567016602,37.78461456298828,44.29739189143716,269502347,1720697926
1.0,0,-16.168291091918945,-1.1181093454360962,18.509857177734375,-0.21225717663764954,0.14807401597499847,0.143812894821167,-21.29367446899414,-11.20793628692627,38.121978759765625,45.08130069955073,281502347,1720697926
1.0,0,23.24805450439453,12.732558250427246,32.42756271362305,-0.3904253840446472,0.2519388794898987,-0.31292617321014404,-21.468212127685547,-12.083556175231934,36.94121170043945,44.40213490020469,294502347,1720697926
1.0,0,-3.6990981101989746,-8.458844184875488,-4.6543989181518555,-0.8325168490409851,0.23089958727359772,-0.14967192709445953,-20.246444702148438,-12.25868034362793,39.13406753540039,45.73476805133796,307502347,1720697926
1.0,0,26.480276107788086,8.82276725769043,8.41574764251709,-0.29188692569732666,0.16724906861782074,-0.10493014752864838,-21.29367446899414,-11.20793628692627,37.78461456298828,44.79637826740994,319502347,1720697926
1.0,0,-11.746132850646973,-1.2497923374176025,17.602439880371094,-0.6945629715919495,0.6362388730049133,0.24315032362937927,-21.9918270111084,-10.857687950134277,38.121978759765625,45.330068469714774,332502347,1720697926
1.0,0,-28.59199333190918,15.064547538757324,35.1953010559082,-1.2642219066619873,0.6330430507659912,0.5797790288925171,-20.944597244262695,-10.857687950134277,36.77252960205078,43.6896380699196,344502347,1720697926
1.0,0,4.055839538574219,-3.4213664531707764,12.69185733795166,-1.5758165121078491,0.3789736032485962,0.2865605056285858,-21.468212127685547,-9.982068061828613,36.60384750366211,43.59320436514887,357502347,1720697926
1.0,0,-4.95846700668335,-2.2314300537109375,0.007182714529335499,-1.676751732826233,0.789372980594635,0.6815133094787598,-20.944597244262695,-9.806943893432617,37.10988998413086,43.72637918794109,369502347,1720697926
1.0,0,10.244945526123047,8.698267936706543,11.904151916503906,-1.471152663230896,0.6737899780273438,0.5392983555793762,-21.119136810302734,-9.631820678710938,35.254398345947266,42.209744277048834,382502347,1720697926
1.0,0,5.11409330368042,-0.12928886711597443,0.33279910683631897,-1.72309148311615,0.8812534213066101,0.7116075158119202,-19.199214935302734,-10.507440567016602,35.42307662963867,41.63905041317094,394502347,1720697926
1.0,0,13.831514358520508,2.3846611976623535,7.0318779945373535,-1.496719479560852,0.8277230858802795,0.6652677655220032,-21.468212127685547,-7.880580425262451,35.591758728027344,42.30556664497528,407502347,1720697926
1.0,0,3.6464247703552246,2.679152727127075,9.780463218688965,-1.4783432483673096,0.9518283009529114,0.6546149849891663,-21.468212127685547,-7.880580425262451,35.591758728027344,42.30556664497528,419502347,1720697926
1.0,0,6.519510746002197,2.341564893722534,8.71263313293457,-1.4826043844223022,0.8333157896995544,0.5528806447982788,-21.468212127685547,-7.880580425262451,35.591758728027344,42.30556664497528,432502347,1720697926
1.0,0,14.063755989074707,-0.02633661963045597,4.956072807312012,-1.5004478693008423,0.8735301494598389,0.5334393382072449,-21.468212127685547,-7.880580425262451,35.591758728027344,42.30556664497528,444502347,1720697926
1.0,0,9.0621919631958,-0.7039060592651367,2.9233648777008057,-1.3438515663146973,0.9528935551643372,0.5536796450614929,-21.468212127685547,-7.880580425262451,35.591758728027344,42.30556664497528,457502347,1720697926
1.0,0,2.815624237060547,5.585757732391357,11.9496431350708,-1.2490415573120117,1.0359854698181152,0.5310423970222473,-20.595521926879883,-7.004960060119629,34.41099166870117,40.710702972411106,469502347,1720697926
1.0,0,5.439709186553955,3.514741897583008,9.912145614624023,-1.3148226737976074,1.0200062990188599,0.4471515715122223,-21.817289352416992,-4.3780999183654785,33.56758499145508,40.27337378145565,482502347,1720697926
1.0,0,4.711860656738281,2.3271994590759277,7.309609413146973,-1.2461121082305908,1.0338549613952637,0.4586033225059509,-21.119136810302734,-4.3780999183654785,32.21813201904297,38.77104240672357,494502347,1720697926
1.0,0,9.734972953796387,-2.087775707244873,6.258538722991943,-1.2035008668899536,1.083923101425171,0.41679105162620544,-21.119136810302734,-4.0278520584106445,32.89285659790039,39.2960754654554,507502347,1720697926
1.0,0,11.00631332397461,-0.9050220251083374,7.728600978851318,-1.1539652347564697,1.0564920902252197,0.44608625769615173,-19.024675369262695,-4.728348255157471,32.55549621582031,38.002051049728514,519502347,1720697926
1.0,0,7.616071701049805,0.11731767654418945,8.940085411071777,-1.1305291652679443,1.1166805028915405,0.38110417127609253,-20.595521926879883,-3.1522321701049805,31.71208953857422,37.94428433898027,532502347,1720697926
1.0,0,3.821204423904419,2.221853017807007,8.477997779846191,-1.075667142868042,1.1366544961929321,0.3763103783130646,-20.944597244262695,-3.5024800300598145,31.71208953857422,38.16543125641177,544502347,1720697926
1.0,0,4.630456924438477,3.581780433654785,9.56258773803711,-1.0173430442810059,1.1787331104278564,0.3222474157810211,-20.944597244262695,-1.0507440567016602,30.700000762939453,37.17889540642047,557502347,1720697926
1.0,0,5.877854824066162,0.15562549233436584,7.714235305786133,-0.9776613712310791,1.2258716821670532,0.3289054334163666,-20.07190704345703,-2.6268601417541504,29.51923179626465,35.79339174215149,569502347,1720697926
1.0,0,9.61526107788086,-2.2505838871002197,8.65995979309082,-0.9576873183250427,1.1763361692428589,0.3302370011806488,-17.977445602416992,-1.2258679866790771,29.51923179626465,34.5843367516312,582502347,1720697926
1.0,0,9.62723159790039,-2.729431390762329,7.453263759613037,-0.9480997920036316,1.1816625595092773,0.29561537504196167,-18.326522827148438,-1.5761160850524902,30.19395637512207,35.35563013765034,594502347,1720697926
1.0,0,7.824370384216309,1.3910523653030396,9.931300163269043,-0.8836503624916077,1.214419960975647,0.2921532392501831,-19.199214935302734,1.0507440567016602,29.350549697875977,35.088013405893086,607502347,1720697926
1.0,0,2.837172269821167,1.276128888130188,7.017512321472168,-0.8154723644256592,1.2594280242919922,0.2684507369995117,-17.104755401611328,0.3502480089664459,28.001100540161133,32.81397510934859,619502347,1720697926
1.0,0,3.169971466064453,2.8467493057250977,10.120445251464844,-0.74809330701828,1.2796684503555298,0.25620001554489136,-18.326522827148438,1.5761160850524902,27.49505615234375,33.080563684255594,632502347,1720697926
1.0,0,4.12766695022583,2.3104398250579834,9.306404113769531,-0.6756542921066284,1.3177522420883179,0.21172453463077545,-18.15198516845703,0.7004960179328918,26.651649475097656,32.25361499073394,644502347,1720697926
1.0,0,12.260893821716309,-5.978412628173828,8.94487476348877,-0.6412989497184753,1.3276060819625854,0.21811622381210327,-17.977445602416992,2.6268601417541504,27.15769386291504,32.674596868882894,657502347,1720697926
1.0,0,7.462840557098389,-4.355119228363037,5.645613670349121,-0.6618056297302246,1.2900549173355103,0.1645858734846115,-18.326522827148438,1.9263640642166138,27.49505615234375,33.099100142789894,669502347,1720697926
1.0,0,9.323163032531738,-2.3391706943511963,10.091714859008789,-0.6245207786560059,1.2655534744262695,0.19867484271526337,-16.755678176879883,1.4009920358657837,25.9769229888916,30.943756362512502,682502347,1720697926
1.0,0,9.323163032531738,-2.3391706943511963,10.091714859008789,-0.6245207786560059,1.2655534744262695,0.19867484271526337,-18.15198516845703,3.5024800300598145,24.627473831176758,30.794064350490466,694502347,1720697926
1.0,0,4.017531871795654,3.0047690868377686,11.07095718383789,-0.453010618686676,1.329736590385437,0.16804802417755127,-16.93021583557129,2.6268601417541504,25.47088050842285,30.696878608707443,707502347,1720697926
1.0,0,3.5722033977508545,2.8802685737609863,9.241759300231934,-0.40240976214408875,1.365157127380371,0.1262357532978058,-16.057525634765625,2.8019840717315674,25.30219841003418,30.098114370008776,719502347,1720697926
1.0,0,8.360679626464844,-2.418180465698242,10.122838973999023,-0.38057151436805725,1.2913864850997925,0.12144199758768082,-16.755678176879883,5.253720283508301,23.615385055541992,29.428570119970683,732502347,1720697926
1.0,0,8.20505428314209,-5.985595226287842,7.52509069442749,-0.377908319234848,1.3153553009033203,0.08362453430891037,-16.057525634765625,3.5024800300598145,23.952747344970703,29.049020658950347,744502347,1720697926
1.0,0,7.517908096313477,-5.2769012451171875,9.052614212036133,-0.35793429613113403,1.2602269649505615,0.09773950278759003,-16.057525634765625,3.5024800300598145,23.952747344970703,29.049020658950347,757502347,1720697926
1.0,0,7.517908096313477,-5.2769012451171875,9.052614212036133,-0.35793429613113403,1.2602269649505615,0.09773950278759003,-16.057525634765625,3.5024800300598145,23.952747344970703,29.049020658950347,769502347,1720697926
1.0,0,0.560251772403717,2.2098820209503174,9.43808650970459,-0.18109771609306335,1.3212143182754517,0.07084116339683533,-16.057525634765625,3.5024800300598145,23.952747344970703,29.049020658950347,782502347,1720697926
1.0,0,4.051051139831543,2.6983065605163574,10.809985160827637,-0.0881519764661789,1.33026921749115,0.043676506727933884,-14.661218643188477,4.903471946716309,21.928571701049805,26.83016261754098,794502347,1720697926
1.0,0,6.727809429168701,-5.389430522918701,9.57455825805664,-0.11105551570653915,1.2857937812805176,0.057258836925029755,-14.661218643188477,5.253720283508301,21.928571701049805,26.896378302083836,807502347,1720697926
1.0,0,7.115676403045654,-5.6623735427856445,8.056611061096191,-0.131295844912529,1.260493278503418,0.017044490203261375,-14.835756301879883,4.3780999183654785,23.784067153930664,28.37162798160592,820502347,1720697926
1.0,0,4.640033721923828,-5.056631088256836,9.378231048583984,-0.08895093947649002,1.2282686233520508,0.02077297307550907,-13.43945026397705,5.428843975067139,21.422527313232422,25.865340647084558,832502347,1720697926
1.0,0,1.7477937936782837,2.784498929977417,10.55859088897705,0.0644494816660881,1.2668850421905518,-0.02902889810502529,-13.264911651611328,3.8527281284332275,21.591209411621094,25.631654628859796,845502347,1720697926
1.0,0,2.703094959259033,1.8507461547851562,10.587321281433105,0.08122765272855759,1.2466447353363037,-0.008522245101630688,-14.137603759765625,4.3780999183654785,20.41044044494629,25.211617919523338,857502347,1720697926
1.0,0,3.4907991886138916,-0.8284064531326294,10.443666458129883,0.13555696606636047,1.2298665046691895,-0.02902889810502529,-11.868605613708496,5.253720283508301,20.241758346557617,24.04566815440017,870502347,1720697926
1.0,0,7.340734481811523,-6.8211846351623535,9.421327590942383,0.13289377093315125,1.1888532638549805,-0.05166611075401306,-10.9959135055542,4.3780999183654785,20.747802734375,23.886171543831793,882502347,1720697926
1.0,0,6.354308128356934,-6.916954517364502,9.323163032531738,0.13981808722019196,1.1632864475250244,-0.05912308022379875,-10.123222351074219,5.253720283508301,19.904396057128906,22.940492365807756,894146482,1720697926
1.0,0,4.070204734802246,-2.6240851879119873,10.003128051757812,0.2058655023574829,1.1616885662078857,-0.0681779608130455,-10.9959135055542,4.728348255157471,20.41044044494629,23.661222922756533,906146482,1720697926
1.0,0,0.8355891108512878,1.702303409576416,10.872236251831055,0.2857615351676941,1.1566286087036133,-0.05246507376432419,-10.123222351074219,3.8527281284332275,19.229671478271484,22.070419342712025,919146482,1720697926
1.0,0,1.094166874885559,4.953678607940674,11.873027801513672,0.36006486415863037,1.1494379043579102,-0.08974990248680115,-9.774145126342773,4.553224086761475,17.205495834350586,20.305044925853537,931146482,1720697926
1.0,0,3.864300489425659,-4.728620529174805,9.881021499633789,0.36006486415863037,1.083923101425171,-0.08708669990301132,-9.599607467651367,4.728348255157471,17.711538314819336,20.693195263959407,944146482,1720697926
1.0,0,3.8499350547790527,-4.611302852630615,9.201057434082031,0.367788165807724,1.0607532262802124,-0.12863264977931976,-9.425068855285645,4.903471946716309,17.880220413208008,20.7985153817288,956146482,1720697926
1.0,0,3.1819424629211426,-4.3311767578125,9.600895881652832,0.36752182245254517,1.0005648136138916,-0.1257031112909317,-9.075992584228516,4.553224086761475,16.53076934814453,19.400304796955915,969146482,1720697926
1.0,0,1.7837074995040894,0.2633661925792694,10.343109130859375,0.4772457480430603,1.0130819082260132,-0.15233513712882996,-6.981532573699951,3.5024800300598145,15.518681526184082,17.37350395716789,981146482,1720697926
1.0,0,1.0845898389816284,1.5275241136550903,11.322352409362793,0.49136069416999817,0.9648779630661011,-0.12490416318178177,-8.552377700805664,3.6776041984558105,16.699451446533203,19.11909034428306,994146482,1720697926
1.0,0,2.1045353412628174,2.6121137142181396,11.44206428527832,0.558207094669342,0.9592852592468262,-0.13422536849975586,-8.377839088439941,3.8527281284332275,15.85604476928711,18.34246050967672,6146482,1720697927
1.0,0,2.6959123611450195,-3.89542555809021,9.928906440734863,0.551815390586853,0.9270604848861694,-0.16352058947086334,-8.72691535949707,3.5024800300598145,16.53076934814453,19.018221612294575,19146482,1720697927
1.0,0,2.3032569885253906,-4.381455898284912,8.49954605102539,0.5909644365310669,0.904689610004425,-0.19814221560955048,-6.981532573699951,2.8019840717315674,15.518681526184082,17.245938308106,31146482,1720697927
1.0,0,2.758162498474121,-1.5897741317749023,10.836321830749512,0.6221239566802979,0.8271904587745667,-0.18935364484786987,-6.283379554748535,2.4517359733581543,16.19340705871582,17.541901267575238,44146482,1720697927
1.0,0,1.5107643604278564,0.8427718281745911,10.280858993530273,0.668996274471283,0.8098796606063843,-0.21358877420425415,-6.632455825805664,2.8019840717315674,14.506593704223633,16.195117965575974,56146482,1720697927
1.0,0,1.185148000717163,2.5953543186187744,11.746132850646973,0.6538160443305969,0.7592788338661194,-0.1888210028409958,-6.4579176902771,3.6776041984558105,15.012638092041016,16.75138131670026,69146482,1720697927
1.0,0,1.4437257051467896,0.83319491147995,10.79322624206543,0.745696485042572,0.7417016625404358,-0.20160436630249023,-6.4579176902771,3.6776041984558105,15.012638092041016,16.75138131670026,81146482,1720697927
1.0,0,2.892239809036255,-4.5011677742004395,10.089320182800293,0.7156022787094116,0.6863070726394653,-0.19308212399482727,-6.4579176902771,3.6776041984558105,15.012638092041016,16.75138131670026,94146482,1720697927
1.0,0,2.293680191040039,-2.190727949142456,9.354289054870605,0.748359739780426,0.6833775639533997,-0.25300416350364685,-6.4579176902771,3.6776041984558105,15.012638092041016,16.75138131670026,106146482,1720697927
1.0,0,2.2362186908721924,0.10055800527334213,11.758103370666504,0.7821823358535767,0.5941603183746338,-0.2101266235113144,-5.934302806854248,0.0,13.494505882263184,14.741697283890817,119146482,1720697927
1.0,0,1.278523325920105,-0.47645339369773865,10.786043167114258,0.789372980594635,0.5672619342803955,-0.24368295073509216,-4.537996292114258,-0.7004960179328918,13.831868171691895,14.574109994694217,131146482,1720697927
1.0,0,2.0279197692871094,-0.26815468072891235,10.651966094970703,0.811477541923523,0.5299771428108215,-0.23622599244117737,-6.1088409423828125,1.5761160850524902,13.663187026977539,15.049410596666602,144146482,1720697927
1.0,0,2.628873586654663,-1.637658953666687,10.252128601074219,0.8453002572059631,0.47138670086860657,-0.2538031339645386,-4.887072563171387,2.1014881134033203,12.819780349731445,13.879715369698275,156146482,1720697927
1.0,0,2.7150661945343018,-0.3687126934528351,10.93209171295166,0.8599478006362915,0.4378303587436676,-0.24607984721660614,-4.712534427642822,0.8756200075149536,12.65109920501709,13.528673335714164,169146482,1720697927
1.0,0,1.628082036972046,0.9193874597549438,10.819561958312988,0.8618121147155762,0.3920232951641083,-0.2514062225818634,-5.4106879234313965,0.5253720283508301,15.012638092041016,15.966554482903966,181146482,1720697927
1.0,0,1.7932844161987305,1.4892162084579468,11.470795631408691,0.8815197348594666,0.3515426218509674,-0.2713802456855774,-4.363457679748535,-0.17512400448322296,14.337912559509277,14.988200956220082,194146482,1720697927
1.0,0,1.19951331615448,0.3950493037700653,11.094900131225586,0.8698016405105591,0.3057355582714081,-0.2596621513366699,-4.537996292114258,-1.7512400150299072,14.506593704223633,15.300376231874347,206146482,1720697927
1.0,0,2.241007089614868,5.418160915374756,11.700642585754395,0.9134781360626221,0.26046112179756165,-0.3382266163825989,-4.188919544219971,-2.1014881134033203,12.482418060302734,13.333193911096297,219146482,1720697927
1.0,0,-4.810024738311768,-39.22719955444336,1.3383792638778687,0.1994738131761551,0.17097754776477814,-0.4420914947986603,-4.014381408691406,-2.6268601417541504,12.9884614944458,13.846146911378815,231146482,1720697927
1.0,0,3.612905502319336,5.138035297393799,17.772430419921875,0.5885675549507141,0.08735301345586777,-0.0037284824065864086,-3.1416897773742676,-3.8527281284332275,12.819780349731445,13.749927159961215,244146482,1720697927
1.0,0,2.7246429920196533,-27.24164390563965,8.566584587097168,0.15206880867481232,0.016778171062469482,0.1331600844860077,-4.537996292114258,-4.202976226806641,14.169231414794922,15.460450782443436,257146482,1720697927
1.0,0,-2.291285991668701,-7.625648498535156,8.992758750915527,-0.07670021057128906,0.13023056089878082,0.019974011927843094,-5.061611175537109,-4.3780999183654785,11.63901138305664,13.425879954864635,269146482,1720697927
1.0,0,1.316831111907959,2.631267786026001,11.312775611877441,-0.004527443088591099,0.06258523464202881,0.06365051865577698,-4.014381408691406,-4.0278520584106445,12.313736915588379,13.563442303678446,282146482,1720697927
1.0,0,-4.072599411010742,0.12928886711597443,6.598520278930664,-0.14780768752098083,0.034621622413396835,-0.006391684524714947,-5.759764194488525,-2.6268601417541504,14.000550270080566,15.36524277860593,294146482,1720697927
1.0,0,0.20111601054668427,0.9361472129821777,10.888995170593262,-0.10732702910900116,-0.06684636324644089,-0.03994802385568619,-3.316227912902832,-2.2766120433807373,12.9884614944458,13.597075492880201,307146482,1720697927
1.0,0,2.214670419692993,0.9074163436889648,13.556177139282227,-0.07030852884054184,0.006658004131168127,-0.007456964813172817,-4.014381408691406,-4.0278520584106445,12.9884614944458,14.17882161153004,319146482,1720697927
1.0,0,-8.403776168823242,2.1739683151245117,13.936861038208008,-0.046872351318597794,0.15126986801624298,-0.18109771609306335,-4.188919544219971,-3.5024800300598145,12.482418060302734,13.624432976865046,332146482,1720697927
1.0,0,-24.8162784576416,9.294432640075684,6.967233180999756,0.054062992334365845,0.4082688093185425,-0.9552904367446899,-3.4907662868499756,-3.1522321701049805,13.157143592834473,13.972560411253134,344146482,1720697927
1.0,0,-19.608810424804688,5.214650630950928,-3.1029326915740967,-0.02769729681313038,0.07217276096343994,-1.435465693473816,-4.887072563171387,-3.5024800300598145,11.807692527770996,13.250375369364045,357146482,1720697927
1.0,0,-13.95840835571289,1.316831111907959,4.156397342681885,-0.049002911895513535,-0.08309189230203629,-1.7545173168182373,-4.712534427642822,-3.6776041984558105,12.9884614944458,14.298002845324934,369146482,1720697927
1.0,0,-1.0510705709457397,-2.2841031551361084,9.253730773925781,-0.06418316066265106,-0.2101266235113144,-2.0179078578948975,-3.665304660797119,-5.078596115112305,13.663187026977539,15.030278656467491,382146482,1720697927
1.0,0,7.125253200531006,0.3208279311656952,15.967174530029297,-0.014913929626345634,-0.08362453430891037,-2.0184404850006104,-2.7926130294799805,-4.903471946716309,14.506593704223633,15.565474151598336,394146482,1720697927
1.0,0,7.16356086730957,-1.3886581659317017,16.884166717529297,-0.017044490203261375,0.12730103731155396,-2.0493338108062744,-2.7926130294799805,-4.903471946716309,14.506593704223633,15.565474151598336,407146482,1720697927
1.0,0,2.7414026260375977,-0.5123670101165771,11.224187850952148,0.005592723377048969,0.2615264058113098,-2.024832248687744,-2.7926130294799805,-4.903471946716309,14.506593704223633,15.565474151598336,419146482,1720697927
1.0,0,-2.961672782897949,-0.7015117406845093,6.727809429168701,0.0,0.2495419979095459,-1.9955370426177979,-2.7926130294799805,-4.903471946716309,14.506593704223633,15.565474151598336,432146482,1720697927
1.0,0,-2.5402867794036865,1.2857059240341187,4.810024738311768,-0.005592723377048969,0.10120166838169098,-1.9561216831207275,-2.7926130294799805,-4.903471946716309,14.506593704223633,15.565474151598336,444146482,1720697927
1.0,0,2.6480274200439453,0.5578575134277344,9.847502708435059,-0.010120166465640068,0.01145176775753498,-1.9521268606185913,-4.537996292114258,-7.355208396911621,11.807692527770996,14.63263830413439,457146482,1720697927
1.0,0,-1.4748507738113403,-0.38307812809944153,9.96481990814209,-0.033556342124938965,0.10200062394142151,-1.9345498085021973,-5.236149311065674,-7.355208396911621,12.482418060302734,15.405424719946692,469146482,1720697927
1.0,0,0.14365428686141968,-0.17477938532829285,11.305593490600586,-0.016778171062469482,0.1502045840024948,-1.9294896125793457,-3.4907662868499756,-9.806943893432617,12.145055770874023,15.995748731334338,482146482,1720697927
1.0,0,-0.37110692262649536,2.140449047088623,9.902568817138672,-0.013316008262336254,0.17230914533138275,-1.9004607200622559,-4.188919544219971,-10.857687950134277,12.482418060302734,17.065965990901628,494146482,1720697927
1.0,0,-1.058253288269043,-0.41180896759033203,8.185900688171387,-0.023436175659298897,0.11212079226970673,-1.9276254177093506,-4.712534427642822,-9.982068061828613,12.313736915588379,16.5371636125734,507146482,1720697927
1.0,0,1.0127627849578857,0.6847521066665649,10.393388748168945,-0.014913929626345634,0.07323804497718811,-1.9238969087600708,-5.585226058959961,-10.507440567016602,11.470330238342285,16.527841152906237,519146482,1720697927
1.0,0,-1.5418894290924072,0.18435634672641754,9.80919361114502,-0.016245530918240547,0.07856445014476776,-1.9116461277008057,-5.4106879234313965,-11.558184623718262,11.976373672485352,17.501448567010787,532146482,1720697927
1.0,0,2.2817089557647705,0.3950493037700653,10.383811950683594,-0.020240332931280136,0.06684636324644089,-1.926027536392212,-5.759764194488525,-11.383060455322266,11.976373672485352,17.498070615031644,544146482,1720697927
1.0,0,3.3950297832489014,1.1300804615020752,13.060568809509277,-0.019441373646259308,0.11398503184318542,-1.9318864345550537,-5.585226058959961,-12.608928680419922,11.132966995239258,17.72350943562499,557146482,1720697927
1.0,0,-1.3072539567947388,0.016759667545557022,8.849104881286621,-0.03329002112150192,0.13768751919269562,-1.907651424407959,-4.014381408691406,-14.185044288635254,11.30164909362793,18.575737180539885,569146482,1720697927
1.0,0,0.6560212969779968,1.3335906267166138,9.61526107788086,-0.021039292216300964,0.09401101619005203,-1.8964658975601196,-4.712534427642822,-13.834795951843262,11.30164909362793,18.475303299170992,582146482,1720697927
1.0,0,0.26815468072891235,2.3080456256866455,9.821165084838867,-0.022104574367403984,0.09773950278759003,-1.8996617794036865,-5.585226058959961,-13.659672737121582,11.807692527770996,18.899815137861193,594146482,1720697927
1.0,0,-2.3894498348236084,-0.768550455570221,8.542641639709473,-0.042877547442913055,0.11451767385005951,-1.9017924070358276,-4.014381408691406,-15.936284065246582,11.976373672485352,20.335042027143185,607146482,1720697927
1.0,0,-0.6057422757148743,2.2529780864715576,10.410147666931152,-0.02796361781656742,0.11904511600732803,-1.911912441253662,-3.8398427963256836,-15.761160850524902,12.145055770874023,20.26477149474559,619146482,1720697927
1.0,0,-0.29688555002212524,0.308856725692749,9.813982009887695,-0.0431438684463501,0.11105551570653915,-1.920168399810791,-3.4907662868499756,-15.060664176940918,10.795604705810547,18.856143181576623,632146482,1720697927
1.0,0,-1.235426902770996,0.7446081042289734,9.416539192199707,-0.031425777822732925,0.10413118451833725,-1.8980637788772583,-4.537996292114258,-17.162153244018555,12.145055770874023,21.508958459117906,644146482,1720697927
1.0,0,1.716668725013733,-1.1755709648132324,9.790040016174316,-0.030360499396920204,0.08895093947649002,-1.9084503650665283,-4.537996292114258,-16.111408233642578,11.470330238342285,20.291361743238376,657146482,1720697927
1.0,0,1.716668725013733,-1.1755709648132324,9.790040016174316,-0.030360499396920204,0.08895093947649002,-1.9084503650665283,-2.967151403427124,-18.03777313232422,10.964285850524902,21.316210057983515,669146482,1720697927
1.0,0,1.02952241897583,0.6967233419418335,10.58492660522461,-0.021305613219738007,0.0806950107216835,-1.9252285957336426,-3.665304660797119,-16.987028121948242,11.63901138305664,20.915548490231938,682146482,1720697927
1.0,0,3.452491521835327,1.223455786705017,11.468401908874512,-0.025300417095422745,0.05273139104247093,-1.915907382965088,-4.537996292114258,-18.913393020629883,10.795604705810547,22.245334946099884,694146482,1720697927
1.0,0,-0.03112509660422802,0.6201077103614807,9.634414672851562,-0.038882747292518616,0.10439750552177429,-1.912711501121521,-4.363457679748535,-18.03777313232422,9.952198028564453,21.058187673584737,707146482,1720697927
1.0,0,-0.15562549233436584,0.8738968968391418,10.398177146911621,-0.026099376380443573,0.0751022920012474,-1.9145756959915161,-2.0944597721099854,-19.613887786865234,10.795604705810547,22.48636112884535,719146482,1720697927
1.0,0,1.6041396856307983,2.1835453510284424,9.746943473815918,-0.044741787016391754,0.09933742135763168,-1.9132441282272339,-2.618074655532837,-19.438764572143555,9.952198028564453,21.994684098502734,732146482,1720697927
1.0,0,-0.416597455739975,-0.44532832503318787,9.208239555358887,-0.052997712045907974,0.11238711327314377,-1.9220325946807861,-2.618074655532837,-19.438764572143555,9.952198028564453,21.994684098502734,744146482,1720697927
1.0,0,2.1476316452026367,-1.0654360055923462,8.896988868713379,-0.06098731979727745,0.08974990248680115,-1.9334845542907715,-2.618074655532837,-19.438764572143555,9.952198028564453,21.994684098502734,757146482,1720697927
1.0,0,1.3527445793151855,0.8619257807731628,10.836321830749512,-0.043676506727933884,0.08895093947649002,-1.9209673404693604,-2.618074655532837,-19.438764572143555,9.952198028564453,21.994684098502734,769146482,1720697927
1.0,0,-0.5434920787811279,-1.0534647703170776,9.775674819946289,-0.03222474083304405,0.08708669990301132,-1.9097819328308105,-1.5708448886871338,-21.540252685546875,10.626923561096191,24.070345734843634,782146482,1720697927
1.0,0,1.8220152854919434,-0.9050220251083374,9.75173282623291,-0.04740498960018158,0.06338419765233994,-1.922565221786499,-1.5708448886871338,-22.59099578857422,9.952198028564453,24.7359432806484,794146482,1720697927
1.0,0,0.5626459717750549,-0.42856863141059875,10.007916450500488,-0.04926923289895058,0.09214677661657333,-1.9185705184936523,-1.5708448886871338,-22.94124412536621,9.952198028564453,25.056226397518966,807146482,1720697927
1.0,0,-0.028730858117341995,0.3782896399497986,10.197060585021973,-0.04420914873480797,0.07270540297031403,-1.9116461277008057,-1.2217681407928467,-25.04273223876953,10.626923561096191,27.23164812760962,820146482,1720697927
1.0,0,-0.6679925322532654,2.8012585639953613,10.805196762084961,-0.04048066586256027,0.06950956583023071,-1.9145756959915161,-1.7453831434249878,-23.466615676879883,9.783516883850098,25.48422288908015,832146482,1720697927
1.0,0,0.9481183290481567,-1.0343109369277954,9.478789329528809,-0.05432931333780289,0.08948357403278351,-1.930821180343628,0.17453831434249878,-26.093477249145508,9.614835739135742,27.80908277641335,845146482,1720697927
1.0,0,-0.17717362940311432,0.2992797791957855,9.756521224975586,-0.03835010528564453,0.07137380540370941,-1.9068524837493896,0.6981532573699951,-23.466615676879883,9.783516883850098,25.43396689299058,857146482,1720697927
1.0,0,2.7414026260375977,0.44772255420684814,9.904963493347168,-0.043676506727933884,0.07084116339683533,-1.9212336540222168,-0.5236149430274963,-24.34223747253418,9.952198028564453,26.303325709453,870146482,1720697927
1.0,0,1.5394952297210693,0.9816376566886902,10.630417823791504,-0.05033451318740845,0.09800582379102707,-1.9199020862579346,0.0,-25.217857360839844,9.44615364074707,26.928983428199874,882146482,1720697927
1.0,0,0.014365429058670998,1.2713404893875122,10.783649444580078,-0.08149396628141403,0.0988047793507576,-1.9047218561172485,1.5708448886871338,-25.743228912353516,10.626923561096191,27.894674991322802,895146482,1720697927
1.0,0,1.6448416709899902,1.7118803262710571,10.630417823791504,-0.06924324482679367,0.09747318178415298,-1.9324190616607666,1.5708448886871338,-26.79397201538086,10.289560317993164,28.74473067473318,907146482,1720697927
1.0,0,0.8308007121086121,0.11731767654418945,9.94327163696289,-0.05592723563313484,0.08735301345586777,-1.9214999675750732,2.967151403427124,-26.79397201538086,9.277472496032715,28.509514547366738,920146482,1720697927
1.0,0,0.18435634672641754,0.7781273722648621,11.17630386352539,-0.0681779608130455,0.0644494816660881,-1.8961995840072632,1.7453831434249878,-25.918352127075195,10.458242416381836,28.003252913549588,932146482,1720697927
1.0,0,1.278523325920105,0.13647158443927765,10.216214179992676,-0.043676506727933884,0.08841829746961594,-1.9063197374343872,2.967151403427124,-27.494468688964844,8.265384674072266,28.862889317421367,945146482,1720697927
1.0,0,-1.264157772064209,0.3950493037700653,9.023883819580078,-0.05779147893190384,0.0844234973192215,-1.9060534238815308,4.014381408691406,-28.89546012878418,9.952198028564453,30.82384012008182,957146482,1720697927
1.0,0,0.033519335091114044,-0.34477031230926514,10.340715408325195,-0.07030852884054184,0.06871060281991959,-1.9015259742736816,4.363457679748535,-28.89546012878418,10.289560317993164,30.98164667209818,970146482,1720697927
1.0,0,-0.5291266441345215,-0.7422138452529907,9.076557159423828,-0.06072099879384041,0.1006690263748169,-1.9233641624450684,4.712534427642822,-28.194965362548828,10.626923561096191,30.497468040813295,982146482,1720697927
1.0,0,-1.3144367933273315,-0.44772255420684814,9.335135459899902,-0.07616756856441498,0.06285155564546585,-1.9015259742736816,5.236149311065674,-28.7203369140625,9.783516883850098,30.789482208728593,995146482,1720697927
1.0,0,1.2450039386749268,1.3647156953811646,10.656754493713379,-0.04633970931172371,0.06977588683366776,-1.9135104417800903,6.1088409423828125,-30.646699905395508,9.952198028564453,32.79610340193578,7146482,1720697928
1.0,0,-0.5698286890983582,3.306443214416504,10.714216232299805,-0.07137380540370941,0.09134781360626221,-1.9289569854736328,4.537996292114258,-30.121328353881836,9.44615364074707,31.892281993520122,20146482,1720697928
1.0,0,0.07900986075401306,1.7621593475341797,11.14517879486084,-0.0876193419098854,0.06764532625675201,-1.920168399810791,6.806994438171387,-30.646699905395508,9.614835739135742,32.83291724265797,32146482,1720697928
1.0,0,0.4908188283443451,1.881871223449707,11.279255867004395,-0.05699251592159271,0.0844234973192215,-1.9185705184936523,7.156070709228516,-31.347196578979492,8.940110206604004,33.37336740370811,45146482,1720697928
1.0,0,0.9864261746406555,1.1516284942626953,11.243343353271484,-0.06391683965921402,0.06551475822925568,-1.9217662811279297,8.552377700805664,-31.347196578979492,9.614835739135742,33.885615886227946,57146482,1720697928
1.0,0,0.12928886711597443,1.71906316280365,11.552199363708496,-0.07670021057128906,0.06285155564546585,-1.9145756959915161,8.552377700805664,-31.347196578979492,9.614835739135742,33.885615886227946,70146482,1720697928
1.0,0,-0.6919348239898682,0.5315209031105042,9.658356666564941,-0.05965571850538254,0.0932120606303215,-1.9209673404693604,8.552377700805664,-31.347196578979492,9.614835739135742,33.885615886227946,82146482,1720697928
1.0,0,0.16520243883132935,-0.9289644360542297,10.082138061523438,-0.0700422003865242,0.06072099879384041,-1.9148420095443726,8.552377700805664,-31.347196578979492,9.614835739135742,33.885615886227946,95146482,1720697928
1.0,0,1.0845898389816284,0.5291266441345215,9.921723365783691,-0.07776549458503723,0.07030852884054184,-1.925494909286499,9.599607467651367,-32.74818801879883,9.614835739135742,35.4547789210164,107146482,1720697928
1.0,0,1.0630418062210083,-0.4261744022369385,8.899383544921875,-0.09401101619005203,0.07430332899093628,-1.925494909286499,10.297760963439941,-32.74818801879883,8.602747917175293,35.39060568994561,120146482,1720697928
1.0,0,0.289702832698822,-0.5003957748413086,9.64638614654541,-0.0806950107216835,0.06711268424987793,-1.9193694591522217,11.694067001342773,-32.39794158935547,8.940110206604004,35.58515691640839,132146482,1720697928
1.0,0,1.5873799324035645,-0.20590448379516602,9.816376686096191,-0.08202660828828812,0.06418316066265106,-1.9148420095443726,12.392220497131348,-32.39794158935547,9.952198028564453,36.086562508454215,145146482,1720697928
1.0,0,1.9608811140060425,0.4716649353504181,10.874629974365234,-0.08016236871480942,0.055128276348114014,-1.9265601634979248,12.56675910949707,-32.92331314086914,9.10879135131836,36.39832499675921,157146482,1720697928
1.0,0,0.11971191316843033,0.24900077283382416,11.075746536254883,-0.07936341315507889,0.0681779608130455,-1.9113798141479492,13.613988876342773,-31.522321701049805,9.10879135131836,35.524182445645565,170146482,1720697928
1.0,0,6.414164066314697,-0.14604853093624115,11.310381889343262,0.06498212367296219,-0.02263721451163292,-1.5856703519821167,13.613988876342773,-34.67455291748047,8.771429061889648,38.27013562740666,182146482,1720697928
1.0,0,5.588151931762695,5.408584117889404,36.82817077636719,0.23063325881958008,-0.009321206249296665,-1.0639491081237793,14.137603759765625,-33.09843826293945,8.940110206604004,37.08509169491129,195146482,1720697928
1.0,0,9.45724105834961,-0.7805216908454895,31.69492530822754,0.052997712045907974,-0.005326403304934502,-0.4341018795967102,15.010294914245605,-34.32430648803711,8.771429061889648,38.47603068255737,207146482,1720697928
1.0,0,3.976829767227173,2.188333749771118,31.36212730407715,-0.07270540297031403,0.054062992334365845,-0.09800582379102707,13.264911651611328,-33.2735595703125,9.10879135131836,36.96021817422133,220146482,1720697928
1.0,0,-1.0510705709457397,-0.9337528944015503,23.111581802368164,-0.27990248799324036,0.10146798193454742,0.11478398740291595,15.70844841003418,-33.623809814453125,7.759340763092041,37.914684582190596,232146482,1720697928
1.0,0,-1.537100911140442,0.17717362940311432,9.440481185913086,-0.3632607161998749,0.12730103731155396,0.14993825554847717,15.533909797668457,-33.44868469238281,8.602747917175293,37.86983143584096,245146482,1720697928
1.0,0,-1.537100911140442,0.17717362940311432,9.440481185913086,-0.3632607161998749,0.12730103731155396,0.14993825554847717,13.78852653503418,-33.09843826293945,8.265384674072266,36.79601423066559,257146482,1720697928
1.0,0,-1.9249675273895264,-1.5921683311462402,1.1659940481185913,-0.0556609146296978,0.04021434485912323,0.09214677661657333,15.882987022399902,-34.1491813659668,7.253296852111816,38.35421984533479,270146482,1720697928
1.0,0,-0.06943290680646896,-1.0726187229156494,5.202679634094238,0.01757713221013546,0.00825592502951622,0.06338419765233994,13.613988876342773,-31.872568130493164,8.434065818786621,35.669801773961936,282146482,1720697928
1.0,0,1.4293601512908936,-1.1133207082748413,5.46604585647583,0.09667421877384186,-0.003994802478700876,0.0431438684463501,15.70844841003418,-35.02479934692383,9.10879135131836,39.452021502387346,295146482,1720697928
1.0,0,1.4245717525482178,0.13407734036445618,11.770075798034668,0.14834032952785492,-0.007723285350948572,0.04980187490582466,14.835756301879883,-33.79893112182617,7.928022384643555,37.75342300981631,308146482,1720697928
1.0,0,-0.23942382633686066,-0.26815468072891235,15.948020935058594,0.08309189230203629,0.005060083232820034,0.044741787016391754,13.963065147399902,-33.2735595703125,9.44615364074707,37.300492937684716,320146482,1720697928
1.0,0,-0.787704348564148,-0.22026991844177246,14.999902725219727,-0.02476777695119381,0.03115946054458618,0.018908733502030373,14.661218643188477,-34.32430648803711,9.10879135131836,38.41977912312792,333146482,1720697928
