IMU,nth_pos,acc.x,acc.y,acc.z,gyr.x,gyr.y,gyr.z,mag.x,mag.y,mag.z,mag.norm,nsecs,secs
3.0,0,-0.016759667545557022,0.1221061497926712,10.276070594787598,0.053264033049345016,-0.008522245101630688,-0.0412796251475811,30.544204711914062,61.46852493286133,-76.75,102.96548207484442,540923290,1720697910
3.0,0,-0.019153906032443047,0.09816376864910126,10.158753395080566,0.05592723563313484,-0.010652806609869003,-0.042877547442913055,31.067819595336914,61.64365005493164,-77.93077087402344,104.10741594873447,553923290,1720697910
3.0,0,-0.03112509660422802,0.20111601054668427,10.10368537902832,0.05699251592159271,-0.007989604957401752,-0.04154594615101814,33.33681869506836,61.11827850341797,-77.08736419677734,103.87131060468917,565923290,1720697910
3.0,0,-0.03591357171535492,0.1221061497926712,10.113262176513672,0.056459877640008926,-0.007723285350948572,-0.04341018572449684,32.11505126953125,61.64365005493164,-77.93077087402344,104.42471526970535,578923290,1720697910
3.0,0,0.23942382633686066,-9.24415397644043,5.470834255218506,0.12463784217834473,0.2319648712873459,-0.34674885869026184,31.94051170349121,60.417781829833984,-77.08736419677734,103.01925241392924,591923290,1720697910
3.0,0,-22.2448673248291,5.841940879821777,11.305593490600586,-0.13289377093315125,0.1326274424791336,-0.35553741455078125,31.765974044799805,62.344146728515625,-76.24395751953125,103.48435049108473,603923290,1720697910
3.0,0,-39.22719955444336,-2.57859468460083,8.990365028381348,0.1075933501124382,0.570191502571106,-0.3611301779747009,33.68589401245117,61.46852493286133,-78.09944915771484,104.94114051018492,616923290,1720697910
3.0,0,9.550616264343262,-6.615280628204346,8.513911247253418,-0.16991227865219116,0.26498857140541077,-0.3645923137664795,33.68589401245117,61.11827850341797,-77.76209259033203,104.48505379558758,628923290,1720697910
3.0,0,-39.22719955444336,0.1795678734779358,8.954451560974121,0.012517048045992851,0.7816497087478638,-0.6104058623313904,33.68589401245117,61.11827850341797,-77.76209259033203,104.48505379558758,641923290,1720697910
3.0,0,15.01905632019043,-19.4005126953125,10.996736526489258,-0.29987651109695435,0.7827149629592896,-0.8223966360092163,33.68589401245117,61.11827850341797,-77.76209259033203,104.48505379558758,653923290,1720697910
3.0,0,10.620841026306152,1.757370948791504,8.264910697937012,-0.2301006317138672,0.509470522403717,-0.7028189301490784,33.68589401245117,61.11827850341797,-76.75,103.73401526326577,666923290,1720697910
3.0,0,-6.339942932128906,-8.846710205078125,14.624007225036621,-0.23063325881958008,0.7797854542732239,-0.8959010243415833,31.591434478759766,60.067535400390625,-78.09944915771484,103.4681182792141,678923290,1720697910
3.0,0,14.233746528625488,-0.04788476601243019,7.855495452880859,-0.3408898115158081,0.9310553073883057,-0.9952384829521179,34.38404846191406,61.81877517700195,-78.09944915771484,105.37242386770104,691923290,1720697910
3.0,0,9.861867904663086,-0.1316830962896347,4.252167224884033,-0.39175698161125183,0.7278530597686768,-1.0724713802337646,32.98773956298828,62.51926803588867,-76.41263580322266,104.09486417501479,703923290,1720697910
3.0,0,-7.505937099456787,-7.819581985473633,13.572936058044434,-0.5616692304611206,0.7329131364822388,-0.986982524394989,34.38404846191406,62.8695182800293,-76.41263580322266,104.75557277677468,716923290,1720697910
3.0,0,-6.19868278503418,-4.647216320037842,13.086906433105469,-0.5358362197875977,0.7033515572547913,-0.8383758664131165,35.431278228759766,64.62075805664062,-76.41263580322266,106.16076845584067,728923290,1720697910
3.0,0,-6.19868278503418,-4.647216320037842,13.086906433105469,-0.5358362197875977,0.7033515572547913,-0.8383758664131165,33.68589401245117,63.219764709472656,-75.7379150390625,104.24830876231724,741923290,1720697910
3.0,0,28.146665573120117,1.625687837600708,7.089339256286621,-0.5720556974411011,0.4735172688961029,-0.8450339436531067,32.98773956298828,63.219764709472656,-78.09944915771484,105.75657695923745,753923290,1720697910
3.0,0,-0.9050220251083374,-0.24660654366016388,11.353477478027344,-0.5555438995361328,0.5262486338615417,-0.8769923448562622,33.33681869506836,66.0217514038086,-75.7379150390625,105.86050686445068,766923290,1720697910
3.0,0,-2.636056423187256,-6.39979887008667,9.59610652923584,-0.6490222811698914,0.5235854387283325,-0.9259952306747437,33.33681869506836,66.0217514038086,-75.7379150390625,105.86050686445068,778923290,1720697910
3.0,0,-9.253730773925781,-5.45646858215332,8.916143417358398,-0.6151995658874512,0.5142642855644226,-0.8042868971824646,33.68589401245117,64.62075805664062,-75.7379150390625,105.10382296423488,791923290,1720697910
3.0,0,0.8164352178573608,-2.0997469425201416,9.493154525756836,-0.685508131980896,0.33929190039634705,-0.8269241452217102,34.38404846191406,63.219764709472656,-76.41263580322266,104.96614858585735,803923290,1720697910
3.0,0,2.45169997215271,-4.735803127288818,10.884206771850586,-0.7211949825286865,0.33742767572402954,-0.8077490925788879,33.511356353759766,64.09538269042969,-76.91868591308594,105.58273215586568,816923290,1720697910
3.0,0,4.144426345825195,-1.4652738571166992,11.904151916503906,-0.7395710945129395,0.3078661262989044,-0.8375769257545471,33.511356353759766,65.14613342285156,-75.56922912597656,105.25083417869426,828923290,1720697910
3.0,0,-3.222644567489624,-3.349539279937744,9.663145065307617,-0.7528871297836304,0.3520752489566803,-0.8974990248680115,34.209510803222656,64.79588317871094,-75.23187255859375,105.01729264734192,841923290,1720697910
3.0,0,3.296865940093994,-2.729431390762329,7.704658508300781,-0.7808507680892944,0.2844299376010895,-0.9156087636947632,32.63866424560547,64.97100830078125,-74.38846588134766,104.0199893267538,853923290,1720697910
3.0,0,-0.45490527153015137,-2.52592134475708,10.55859088897705,-0.7880414128303528,0.19121788442134857,-0.8753944039344788,33.86043167114258,66.89736938476562,-74.55714416503906,105.73814169732846,866923290,1720697910
3.0,0,-1.5179469585418701,-3.823598623275757,9.72060775756836,-0.8210650682449341,0.13901913166046143,-0.814140796661377,33.86043167114258,65.84662628173828,-73.54505920410156,104.36082962001512,878923290,1720697910
3.0,0,-4.549052715301514,-6.533876419067383,11.305593490600586,-0.8977653384208679,0.15499833226203918,-0.8796555399894714,33.86043167114258,65.84662628173828,-73.54505920410156,104.36082962001512,891923290,1720697910
3.0,0,6.550635814666748,1.563437581062317,8.533064842224121,-0.8077490925788879,0.028229938820004463,-0.9257289171218872,33.86043167114258,65.84662628173828,-73.54505920410156,104.36082962001512,903923290,1720697910
3.0,0,-0.4046262502670288,-3.35432767868042,10.240157127380371,-0.8583499193191528,0.010919126681983471,-0.8855145573616028,31.591434478759766,67.42274475097656,-75.06318664550781,105.72760865336666,916923290,1720697910
3.0,0,2.197910785675049,-3.3734817504882812,7.776485919952393,-0.8873788118362427,0.008522245101630688,-0.9480997920036316,31.067819595336914,68.2983627319336,-73.8824234008789,105.30189102697973,928923290,1720697910
3.0,0,1.8268038034439087,-1.2809175252914429,9.727789878845215,-0.8964336514472961,-0.09933742135763168,-0.9318543076515198,31.41689682006836,69.34910583496094,-73.20769500732422,105.62048330791163,941923290,1720697910
3.0,0,2.5091617107391357,-3.299260139465332,9.821165084838867,-0.8634099960327148,-0.16991227865219116,-0.9156087636947632,30.893281936645508,69.52423095703125,-74.38846588134766,106.40327727642656,953923290,1720697910
3.0,0,-2.0566506385803223,-6.553030014038086,10.2952241897583,-0.9262615442276001,-0.1752386838197708,-0.9478334784507751,30.02058982849121,69.34910583496094,-72.87033081054688,104.97913795701344,966923290,1720697910
3.0,0,1.8435633182525635,-1.4030234813690186,9.304009437561035,-0.9337185025215149,-0.1906852424144745,-0.9662095308303833,29.671512603759766,70.04959869384766,-71.85824584960938,104.6467984887597,978923290,1720697910
3.0,0,1.1420515775680542,-1.4485141038894653,10.106080055236816,-0.8636763095855713,-0.2972133159637451,-0.9757971167564392,30.369667053222656,69.34910583496094,-73.20769500732422,105.31373018423388,991923290,1720697910
3.0,0,0.2657604515552521,-5.293660640716553,9.737366676330566,-0.8721985816955566,-0.331302285194397,-0.9691390991210938,28.10066795349121,70.5749740600586,-72.36428833007812,104.91455918283692,3923290,1720697911
3.0,0,0.21308720111846924,-6.011932373046875,10.812379837036133,-0.933185875415802,-0.38190311193466187,-0.9851183295249939,28.10066795349121,70.5749740600586,-72.36428833007812,104.91455918283692,16923290,1720697911
3.0,0,2.370296001434326,-1.7717362642288208,9.29682731628418,-0.878057599067688,-0.4402272403240204,-0.9867162108421326,26.8789005279541,71.10034942626953,-72.53296661376953,105.06553301593955,29923290,1720697911
3.0,0,3.0095574855804443,-4.740592002868652,10.417330741882324,-0.8743290901184082,-0.4809742271900177,-1.0026954412460327,28.449745178222656,70.22472381591797,-71.68955993652344,104.30864220964698,41923290,1720697911
3.0,0,2.111717939376831,-3.4477031230926514,8.949663162231445,-0.8418380618095398,-0.5297108292579651,-1.0154788494110107,26.35528564453125,71.62571716308594,-71.01483917236328,104.24946917470535,54923290,1720697911
3.0,0,1.5418894290924072,-4.956072807312012,10.199454307556152,-0.8405064940452576,-0.5683272480964661,-1.0205389261245728,25.657133102416992,71.27546691894531,-70.67747497558594,103.60398704911596,66923290,1720697911
3.0,0,-1.8531404733657837,-5.207468032836914,9.57455825805664,-0.8093469738960266,-0.6431632041931152,-1.0580899715423584,23.388134002685547,72.15109252929688,-70.17143249511719,103.32867416025198,79923290,1720697911
3.0,0,3.0263171195983887,-1.5275241136550903,8.834739685058594,-0.7752580642700195,-0.6934977173805237,-1.0450403690338135,24.086286544799805,72.15109252929688,-69.4967041015625,103.032622181858,91923290,1720697911
3.0,0,4.142032146453857,-3.016740322113037,9.241759300231934,-0.7662031650543213,-0.7385058403015137,-1.0445077419281006,22.68998146057129,72.50133514404297,-68.14725494384766,102.05551044765627,104923290,1720697911
3.0,0,1.9920061826705933,-4.053445339202881,9.227394104003906,-0.762740969657898,-0.7717958688735962,-1.0692754983901978,22.340904235839844,72.15109252929688,-68.14725494384766,101.72976217227628,116923290,1720697911
3.0,0,3.1077210903167725,-6.002355575561523,10.833927154541016,-0.7409027218818665,-0.8287883996963501,-1.0804609060287476,20.595521926879883,73.20183563232422,-67.13516998291016,101.43872688483744,129923290,1720697911
3.0,0,5.8156046867370605,0.023942383006215096,8.564190864562988,-0.6258523464202881,-0.8801881670951843,-1.0628838539123535,20.595521926879883,73.20183563232422,-67.13516998291016,101.43872688483744,141923290,1720697911
3.0,0,-0.014365429058670998,-6.277692794799805,10.379022598266602,-0.6644688248634338,-0.9153424501419067,-1.0988370180130005,18.501060485839844,72.15109252929688,-67.80989074707031,100.72859909380988,154923290,1720697911
3.0,0,3.6560018062591553,-7.436503887176514,10.089320182800293,-0.6295808553695679,-0.9419744610786438,-1.129463791847229,18.326522827148438,71.62571716308594,-65.95439910888672,99.07617049459822,166923290,1720697911
3.0,0,1.122897744178772,-2.9233648777008057,9.500337600708008,-0.6000193953514099,-0.9965700507164001,-1.1217405796051025,16.93021583557129,72.32621765136719,-65.27967071533203,98.889581739909,179923290,1720697911
3.0,0,3.2872891426086426,-2.446911573410034,8.667141914367676,-0.5225201845169067,-1.0309253931045532,-1.1315944194793701,13.963065147399902,71.10034942626953,-65.11099243164062,97.41492807717573,191923290,1720697911
3.0,0,3.7996559143066406,-9.909751892089844,11.286438941955566,-0.5507500767707825,-1.0852546691894531,-1.1249364614486694,14.486680030822754,70.92522430419922,-65.61703491210938,97.7028485335683,204923290,1720697911
3.0,0,2.1069295406341553,-0.3280106484889984,7.656774044036865,-0.4476841986179352,-1.098570704460144,-1.1584928035736084,13.963065147399902,70.7500991821289,-65.78571319580078,97.61303080671027,216923290,1720697911
3.0,0,4.290474891662598,-5.463651657104492,10.240157127380371,-0.4045403301715851,-1.140383005142212,-1.1411819458007812,11.170452117919922,71.45059204101562,-65.44835662841797,97.53693397319279,229923290,1720697911
3.0,0,5.082967758178711,-3.201096534729004,8.430112838745117,-0.35127630829811096,-1.1507694721221924,-1.1872552633285522,11.51952838897705,71.45059204101562,-63.42417907714844,96.23155994228861,241923290,1720697911
3.0,0,2.166785478591919,-6.703866958618164,9.845107078552246,-0.33423179388046265,-1.1766024827957153,-1.1893858909606934,11.344990730285645,72.32621765136719,-62.91813278198242,96.5322847921584,254923290,1720697911
3.0,0,3.7206461429595947,-2.454094171524048,9.131624221801758,-0.2684507369995117,-1.2261381149291992,-1.232263445854187,11.344990730285645,72.32621765136719,-62.91813278198242,96.5322847921584,266923290,1720697911
3.0,0,4.242590427398682,-4.857909679412842,9.84271240234375,-0.24794407188892365,-1.2485089302062988,-1.196043848991394,8.203300476074219,69.17398071289062,-63.255496978759766,94.09352604934098,279923290,1720697911
3.0,0,3.38545298576355,-1.628082036972046,7.944082260131836,-0.1307632029056549,-1.2711461782455444,-1.2434488534927368,8.552377700805664,70.22472381591797,-62.580772399902344,94.45108826015492,291923290,1720697911
3.0,0,4.915370941162109,-9.691876411437988,10.484369277954102,-0.14354658126831055,-1.3212143182754517,-1.2024356126785278,8.203300476074219,69.17398071289062,-61.906044006347656,93.19169507463621,304923290,1720697911
3.0,0,4.551446914672852,1.5514663457870483,7.8052167892456055,-0.028229938820004463,-1.296446681022644,-1.2655534744262695,7.156070709228516,70.5749740600586,-62.580772399902344,94.5959268982645,316923290,1720697911
3.0,0,5.437314987182617,-5.645613670349121,10.259310722351074,-0.010120166465640068,-1.332932472229004,-1.2415846586227417,6.981532573699951,68.64861297607422,-62.07472610473633,92.81511451048527,329923290,1720697911
3.0,0,3.5937516689300537,0.5291266441345215,8.116467475891113,0.10599542409181595,-1.321480631828308,-1.3180185556411743,6.283379554748535,68.2983627319336,-62.41209030151367,92.73303740467097,341923290,1720697911
3.0,0,7.074974060058594,-10.26409912109375,9.38062572479248,0.050068192183971405,-1.3712825775146484,-1.288723349571228,6.632455825805664,67.24761962890625,-60.05055236816406,90.40077795990992,354923290,1720697911
3.0,0,2.882662773132324,1.237821102142334,8.087737083435059,0.13901913166046143,-1.350243330001831,-1.322013258934021,4.712534427642822,65.67150115966797,-62.243408203125,90.60461307260707,366923290,1720697911
3.0,0,7.561004161834717,-3.766136884689331,8.178718566894531,0.24607984721660614,-1.36595618724823,-1.3009740114212036,2.7926130294799805,64.79588317871094,-61.400001525878906,89.30993982653615,379923290,1720697911
3.0,0,6.732597827911377,-0.46448221802711487,7.977601528167725,0.30626818537712097,-1.3491780757904053,-1.3337314128875732,1.2217681407928467,63.219764709472656,-59.54450607299805,86.85493406127392,391923290,1720697911
3.0,0,4.766928195953369,-3.6990981101989746,8.832345008850098,0.33556342124938965,-1.3646245002746582,-1.3393241167068481,1.5708448886871338,63.57001495361328,-57.52033233642578,85.74498811568989,404923290,1720697911
3.0,0,4.970438480377197,0.33279910683631897,8.456449508666992,0.43250393867492676,-1.3427863121032715,-1.3600971698760986,0.5236149430274963,63.92026138305664,-58.1950569152832,86.44500354132617,416923290,1720697911
3.0,0,5.877854824066162,-3.6799440383911133,8.880229949951172,0.46073389053344727,-1.365689754486084,-1.363292932510376,-0.8726915717124939,62.16902160644531,-58.53242111206055,85.39199704493151,429923290,1720697911
3.0,0,6.50514554977417,-3.533895492553711,7.580158233642578,0.5222538709640503,-1.3441178798675537,-1.4056378602981567,-1.5708448886871338,60.768028259277344,-58.1950569152832,84.15393907332975,441923290,1720697911
3.0,0,8.513911247253418,-4.391032695770264,8.738969802856445,0.5550112128257751,-1.3774079084396362,-1.4053715467453003,-3.4907662868499756,59.89241027832031,-58.02637481689453,83.46464181080985,454923290,1720697911
3.0,0,5.5833635330200195,-1.2569750547409058,8.075765609741211,0.6591424345970154,-1.3023055791854858,-1.4272098541259766,-2.4435362815856934,59.54216003417969,-57.35165023803711,82.70702192753305,466923290,1720697911
3.0,0,7.869860649108887,-3.9385221004486084,8.279275894165039,0.7049494981765747,-1.3345303535461426,-1.41655695438385,-4.712534427642822,57.61579895019531,-57.52033233642578,81.54984305008756,479923290,1720697911
3.0,0,6.916954517364502,-0.2849143445491791,7.850707054138184,0.7638062238693237,-1.27593994140625,-1.4330687522888184,-3.665304660797119,57.61579895019531,-56.17087936401367,80.54925471692687,491923290,1720697911
3.0,0,8.650382995605469,-1.3982350826263428,7.9823899269104,0.8365116715431213,-1.2692818641662598,-1.4442541599273682,-3.665304660797119,57.61579895019531,-56.17087936401367,80.54925471692687,504923290,1720697911
3.0,0,6.466837406158447,-0.5722229480743408,7.83394718170166,0.8756607174873352,-1.2333287000656128,-1.4796749353408813,-8.72691535949707,53.938194274902344,-57.35165023803711,79.21300170019488,516923290,1720697911
3.0,0,9.881021499633789,-1.649630069732666,7.73817777633667,0.9406428933143616,-1.242383599281311,-1.5025783777236938,-8.203300476074219,53.41282272338867,-57.18296813964844,78.67728779794683,529923290,1720697911
3.0,0,6.634434223175049,-4.221041679382324,7.513119697570801,0.9531598687171936,-1.1976417303085327,-1.5081712007522583,-9.425068855285645,53.938194274902344,-58.02637481689453,79.78233450429184,542923290,1720697911
3.0,0,8.025486946105957,0.055067479610443115,8.372651100158691,1.0602205991744995,-1.1385186910629272,-1.5177586078643799,-8.552377700805664,52.36207580566406,-57.52033233642578,78.25291546714548,554923290,1720697911
3.0,0,6.325577259063721,1.0510705709457397,6.809213638305664,1.1084245443344116,-1.101500153541565,-1.5084375143051147,-9.075992584228516,53.58794403076172,-57.014286041259766,78.76972895489492,567923290,1720697911
3.0,0,7.965630531311035,-2.7222487926483154,8.185900688171387,1.1393177509307861,-1.0945758819580078,-1.5395967960357666,-9.948683738708496,52.0118293762207,-58.1950569152832,78.6820904181313,579923290,1720697911
3.0,0,6.9480791091918945,0.9050220251083374,7.223416805267334,1.224007487297058,-1.0327895879745483,-1.5513150691986084,-11.694067001342773,50.610836029052734,-57.18296813964844,77.25347740944484,592923290,1720697911
3.0,0,9.215423583984375,-0.48363611102104187,7.685504913330078,1.2570312023162842,-1.0080218315124512,-1.5590382814407349,-10.472298622131348,49.03472137451172,-56.339561462402344,75.4202832431893,604923290,1720697911
3.0,0,6.945684909820557,0.8188294768333435,6.835549831390381,1.294049620628357,-0.938245952129364,-1.6061769723892212,-9.250530242919922,49.56009292602539,-55.15879440307617,74.72795809208408,617923290,1720697911
3.0,0,9.895386695861816,-0.2944912910461426,6.893012046813965,1.3249428272247314,-0.951029360294342,-1.6152318716049194,-9.250530242919922,49.56009292602539,-55.15879440307617,74.72795809208408,629923290,1720697911
3.0,0,7.36707067489624,0.03830781206488609,8.262516021728516,1.3960503339767456,-0.8588825464248657,-1.628281593322754,-11.344990730285645,47.4586067199707,-55.15879440307617,73.64455693716911,642923290,1720697911
3.0,0,6.311212062835693,2.2386128902435303,7.201868534088135,1.445319652557373,-0.7981615662574768,-1.6226887702941895,-10.821375846862793,47.28348159790039,-54.9901123046875,73.32627263484892,654923290,1720697911
3.0,0,8.590526580810547,1.209090232849121,6.375855922698975,1.4700872898101807,-0.7816497087478638,-1.6607725620269775,-11.868605613708496,45.53224182128906,-54.652748107910156,72.11776286209088,667923290,1720697911
3.0,0,4.355119228363037,4.1133012771606445,7.848312854766846,1.5310746431350708,-0.6833775639533997,-1.6487882137298584,-11.170452117919922,43.781002044677734,-54.31538772583008,70.6520805380993,679923290,1720697911
3.0,0,7.235387802124023,2.5881714820861816,7.522696495056152,1.5459885597229004,-0.6546149849891663,-1.681545615196228,-10.297760963439941,41.854637145996094,-53.13461685180664,68.41887195409932,692923290,1720697911
3.0,0,7.891409397125244,3.225038766860962,6.016720771789551,1.5734195709228516,-0.5824421644210815,-1.6908668279647827,-11.868605613708496,40.27852249145508,-55.66483688354492,69.72658917930855,704923290,1720697911
3.0,0,8.568979263305664,2.7940759658813477,7.448474884033203,1.6059106588363647,-0.5502174496650696,-1.7294831275939941,-10.472298622131348,40.27852249145508,-52.62857437133789,67.09541901564658,717923290,1720697911
3.0,0,6.955262184143066,2.583383083343506,7.1851091384887695,1.6261509656906128,-0.4466189444065094,-1.7324128150939941,-11.51952838897705,38.177032470703125,-51.616485595703125,65.2261215145052,729923290,1720697911
3.0,0,8.647988319396973,0.9600895047187805,14.91131591796875,1.7475929260253906,-0.30680084228515625,-1.4916592836380005,-11.170452117919922,37.47653579711914,-52.62857437133789,65.56703879412991,742923290,1720697911
3.0,0,-12.998319625854492,2.6456332206726074,32.43714141845703,0.7904382348060608,-0.19361475110054016,-1.1161478757858276,-11.170452117919922,37.47653579711914,-52.62857437133789,65.56703879412991,754923290,1720697911
3.0,0,-6.440500736236572,2.3918440341949463,22.29275131225586,0.8460991978645325,-0.2889573574066162,-0.8207987546920776,-11.170452117919922,35.02479934692383,-52.62857437133789,64.19721497207227,767923290,1720697911
3.0,0,12.995925903320312,-4.405398368835449,9.960031509399414,0.37178295850753784,-0.12517046928405762,-0.667664647102356,-12.392220497131348,34.499427795410156,-50.43571472167969,62.35013204915366,779923290,1720697911
3.0,0,-9.311192512512207,2.5115559101104736,21.49307632446289,0.3321012556552887,0.05539459362626076,-0.12250728160142899,-12.56675910949707,32.92331314086914,-51.27912139892578,62.22070615264361,792923290,1720697911
3.0,0,6.1555867195129395,-0.016759667545557022,15.481143951416016,-0.16245530545711517,-0.041812267154455185,-0.006391684524714947,-12.392220497131348,32.39794158935547,-52.122528076171875,62.609517496369,804923290,1720697911
3.0,0,-2.889845609664917,2.9018168449401855,21.356603622436523,-0.30493661761283875,0.09028254449367523,0.4402272403240204,-12.9158353805542,33.974056243896484,-51.616485595703125,63.12936627665801,817923290,1720697911
3.0,0,3.715857744216919,2.803652763366699,2.2098820209503174,-0.49695345759391785,0.023169854655861855,0.29241955280303955,-12.741296768188477,33.44868469238281,-52.7972526550293,63.78640167703844,829923290,1720697911
3.0,0,21.241682052612305,4.122878074645996,-5.463651657104492,-0.1707112193107605,-0.07803180813789368,0.2644559144973755,-12.043143272399902,34.1491813659668,-50.77307891845703,62.36272468955402,842923290,1720697911
3.0,0,15.009479522705078,1.5227354764938354,-2.7414026260375977,-0.058324117213487625,0.13369272649288177,0.18935364484786987,-11.868605613708496,35.72529602050781,-50.9417610168457,63.34211545618037,854923290,1720697911
3.0,0,5.387036323547363,2.9281532764434814,8.509122848510742,0.06604740023612976,0.07084116339683533,0.25912952423095703,-11.868605613708496,35.72529602050781,-50.9417610168457,63.34211545618037,867923290,1720697911
3.0,0,8.090130805969238,2.214670419692993,6.23938512802124,-0.029561540111899376,0.002663201652467251,-0.042877547442913055,-11.868605613708496,35.72529602050781,-50.9417610168457,63.34211545618037,879560272,1720697911
3.0,0,7.448474884033203,1.3599272966384888,6.306423664093018,0.06098731979727745,-0.04740498960018158,0.04633970931172371,-11.51952838897705,36.4257926940918,-51.27912139892578,63.94596311842654,892560272,1720697911
3.0,0,8.39659309387207,0.9624837636947632,4.984804153442383,0.029561540111899376,-0.012783369049429893,-0.052198752760887146,-11.344990730285645,35.550174713134766,-52.122528076171875,64.10367906646232,904560272,1720697911
3.0,0,9.313586235046387,0.06225019320845604,4.379061698913574,0.04873659089207649,-0.014647609554231167,-0.026632016524672508,-10.472298622131348,35.02479934692383,-50.9417610168457,62.7014244114182,917560272,1720697911
3.0,0,6.904983043670654,2.4086036682128906,6.608097076416016,0.09747318178415298,0.00825592502951622,-0.05459563434123993,-12.392220497131348,34.499427795410156,-51.7851676940918,63.446680292710745,929560272,1720697911
3.0,0,11.997528076171875,5.961653232574463,15.699020385742188,0.10493014752864838,0.13662225008010864,0.16618378460407257,-11.51952838897705,36.776039123535156,-51.616485595703125,64.41613286414875,942560272,1720697911
3.0,0,-7.94887113571167,-0.6632039546966553,31.656618118286133,-0.8365116715431213,0.16778171062469482,0.24554719030857086,-10.64683723449707,34.499427795410156,-52.122528076171875,63.40602175156487,954560272,1720697911
3.0,0,-4.884245872497559,12.263288497924805,22.82666778564453,-1.1742056608200073,0.32304635643959045,0.5097368359565735,-12.392220497131348,34.84967803955078,-51.7851676940918,63.63780937002058,967560272,1720697911
3.0,0,16.78839874267578,-4.69031286239624,9.43808650970459,-1.5268135070800781,0.3153230845928192,0.27058130502700806,-12.56675910949707,36.07554626464844,-52.62857437133789,65.03180232139012,979560272,1720697911
3.0,0,0.22984686493873596,5.363093852996826,6.972021579742432,-1.5776807069778442,0.6644688248634338,0.6711268424987793,-12.56675910949707,36.07554626464844,-52.62857437133789,65.03180232139012,992560272,1720697911
3.0,0,0.8379833698272705,-5.399007320404053,4.450888633728027,-1.6642347574234009,0.6207923293113708,0.6996230483055115,-11.170452117919922,37.826786041259766,-53.64065933227539,66.58051574095239,4560272,1720697912
3.0,0,8.528276443481445,4.783688068389893,3.5961458683013916,-1.429872989654541,0.8391748070716858,0.6820459365844727,-10.472298622131348,38.52728271484375,-53.978023529052734,67.13901679294658,17560272,1720697912
3.0,0,2.6671812534332275,5.085361957550049,11.020678520202637,-1.3395905494689941,0.7606104016304016,0.6175965070724487,-11.344990730285645,37.301414489746094,-51.7851676940918,64.82135397159887,29560272,1720697912
3.0,0,6.895406246185303,3.172365665435791,7.462840557098389,-1.3853975534439087,0.7872424125671387,0.5661966800689697,-10.472298622131348,38.87752914428711,-55.32747268676758,68.4270454184674,42560272,1720697912
3.0,0,7.283272743225098,2.4852192401885986,4.0127434730529785,-1.308963656425476,0.8157386779785156,0.481506884098053,-10.9959135055542,39.75314712524414,-55.15879440307617,68.87463553575992,55560272,1720697912
3.0,0,11.331929206848145,0.9241759777069092,4.407792568206787,-1.2178821563720703,0.8468981385231018,0.49935030937194824,-11.51952838897705,40.9790153503418,-54.9901123046875,69.54057581491644,67560272,1720697912
3.0,0,4.108512878417969,1.2210614681243896,8.14998722076416,-1.1928480863571167,0.861545741558075,0.4610002040863037,-10.472298622131348,40.27852249145508,-56.339561462402344,70.04409038813738,80560272,1720697912
3.0,0,3.658396005630493,2.418180465698242,8.188295364379883,-1.1893858909606934,0.9470345377922058,0.39255592226982117,-9.250530242919922,40.453643798828125,-54.82143020629883,68.75651835456574,92560272,1720697912
3.0,0,8.932902336120605,2.6767585277557373,7.855495452880859,-1.1544978618621826,0.8674048185348511,0.44555363059043884,-9.774145126342773,41.32926559448242,-53.978023529052734,68.68237861076922,105560272,1720697912
3.0,0,7.52509069442749,0.7829159498214722,6.083759307861328,-1.1390514373779297,0.9715359807014465,0.3858979344367981,-9.774145126342773,41.32926559448242,-53.978023529052734,68.68237861076922,117560272,1720697912
3.0,0,8.719816207885742,-0.10055800527334213,6.512328147888184,-1.0647480487823486,0.9491651058197021,0.40746986865997314,-11.51952838897705,41.67951202392578,-56.339561462402344,71.02131681849355,130560272,1720697912
3.0,0,7.436503887176514,2.6623928546905518,8.461237907409668,-1.0271968841552734,1.0024291276931763,0.36192911863327026,-11.694067001342773,43.95612335205078,-57.18296813964844,73.0669817936436,142560272,1720697912
3.0,0,0.7110887169837952,3.0813846588134766,8.679113388061523,-0.984585702419281,1.0383822917938232,0.3171873092651367,-8.377839088439941,45.53224182128906,-57.35165023803711,73.70607178577814,155560272,1720697912
3.0,0,7.824370384216309,-1.3335906267166138,7.192291736602783,-0.9805908799171448,1.0176093578338623,0.3038713037967682,-10.472298622131348,44.48149871826172,-58.363739013671875,74.12556103200716,167560272,1720697912
3.0,0,8.571372985839844,-0.878685474395752,7.113282203674316,-0.9342511296272278,1.0255990028381348,0.30360499024391174,-7.505147457122803,45.35711669921875,-58.1950569152832,74.16373725071274,180560272,1720697912
3.0,0,7.350311279296875,-0.007182714529335499,7.259330749511719,-0.8833839893341064,1.0735366344451904,0.26924970746040344,-8.72691535949707,43.781002044677734,-57.68901443481445,72.94489412006938,192560272,1720697912
3.0,0,11.317564010620117,-0.23702958226203918,7.795639991760254,-0.8346474170684814,1.0511656999588013,0.27857089042663574,-8.028762817382812,45.53224182128906,-58.02637481689453,74.19370763104419,205560272,1720697912
3.0,0,8.092525482177734,-1.2186672687530518,7.046243190765381,-0.8274567723274231,1.1262680292129517,0.24155238270759583,-8.028762817382812,45.88248825073242,-58.70109939575195,74.93652534462976,217560272,1720697912
3.0,0,7.192291736602783,-0.6464443206787109,7.16356086730957,-0.804553210735321,1.124670147895813,0.22424158453941345,-8.028762817382812,45.88248825073242,-58.70109939575195,74.93652534462976,230560272,1720697912
3.0,0,7.347917079925537,0.20590448379516602,8.006332397460938,-0.7161349058151245,1.1222732067108154,0.25113990902900696,-9.075992584228516,46.23273849487305,-59.0384635925293,75.53396542940595,242560272,1720697912
3.0,0,2.703094959259033,2.367901563644409,8.434901237487793,-0.6412989497184753,1.206696629524231,0.20107172429561615,-5.759764194488525,47.10835647583008,-59.88187026977539,76.40818359597488,255560272,1720697912
3.0,0,6.2034711837768555,-0.4501167833805084,8.76530647277832,-0.6309124827384949,1.164884328842163,0.18775571882724762,-6.806994438171387,46.407859802246094,-59.88187026977539,76.06486055802925,267560272,1720697912
3.0,0,7.719024181365967,-1.9106022119522095,8.559401512145996,-0.6269177198410034,1.1363881826400757,0.19547900557518005,-6.981532573699951,48.68447494506836,-59.71318817138672,77.36009784989973,280560272,1720697912
3.0,0,-0.23702958226203918,3.842752456665039,8.50193977355957,-0.536635160446167,1.2530364990234375,0.173907071352005,-7.156070709228516,46.407859802246094,-60.21923065185547,76.36265147126426,292560272,1720697912
3.0,0,6.682318687438965,-1.4509084224700928,8.454055786132812,-0.500415563583374,1.1955112218856812,0.15340042114257812,-6.981532573699951,48.68447494506836,-62.07472610473633,79.19716862825751,305560272,1720697912
3.0,0,7.860283851623535,-3.512347459793091,8.90417194366455,-0.5065409541130066,1.1744719743728638,0.168846994638443,-5.585226058959961,48.68447494506836,-61.06263732910156,78.2944348494327,317560272,1720697912
3.0,0,0.2633661925792694,4.429340839385986,8.039852142333984,-0.43330293893814087,1.2535691261291504,0.12037672102451324,-4.887072563171387,48.68447494506836,-62.07472610473633,79.04007337985412,330560272,1720697912
3.0,0,4.6855244636535645,-0.3399818241596222,8.580949783325195,-0.38802850246429443,1.2157515287399292,0.10999023169279099,-4.887072563171387,48.68447494506836,-62.07472610473633,79.04007337985412,342560272,1720697912
3.0,0,8.738969802856445,-4.187522888183594,8.413352966308594,-0.36752182245254517,1.1792657375335693,0.10999023169279099,-4.887072563171387,48.68447494506836,-62.07472610473633,79.04007337985412,355560272,1720697912
3.0,0,4.465254306793213,-2.9281532764434814,8.284064292907715,-0.35740166902542114,1.1995060443878174,0.058324117213487625,-2.967151403427124,52.36207580566406,-62.91813278198242,81.91020939358012,367560272,1720697912
3.0,0,6.138826847076416,-0.6057422757148743,9.40456771850586,-0.26285800337791443,1.1939133405685425,0.06018836051225662,-4.363457679748535,50.260589599609375,-62.580772399902344,80.38357857169397,380560272,1720697912
3.0,0,4.663976192474365,0.21069295704364777,8.530671119689941,-0.2207794189453125,1.2298665046691895,0.048203952610492706,-4.014381408691406,50.610836029052734,-61.906044006347656,80.06204010746892,392560272,1720697912
3.0,0,4.951284408569336,-3.143634796142578,8.226602554321289,-0.20719709992408752,1.2048324346542358,0.023968815803527832,-2.0944597721099854,49.38496780395508,-63.086814880371094,80.14491885631227,405560272,1720697912
3.0,0,5.949681758880615,-1.7453995943069458,8.375045776367188,-0.18296195566654205,1.1904511451721191,0.038616426289081573,-2.0944597721099854,51.83670425415039,-65.11099243164062,83.25185886875082,417560272,1720697912
3.0,0,4.766928195953369,0.6488385796546936,8.748546600341797,-0.10013638436794281,1.1944459676742554,0.02982785925269127,-2.0944597721099854,51.136207580566406,-64.0988998413086,82.02418819059336,430560272,1720697912
3.0,0,1.975246548652649,2.712671995162964,8.954451560974121,-0.023169854655861855,1.219746470451355,-0.006924324203282595,-1.2217681407928467,52.71232604980469,-64.60494995117188,83.38993700180015,442560272,1720697912
3.0,0,5.985595226287842,-5.882643699645996,9.38301944732666,-0.06365051865577698,1.1598243713378906,0.006125363986939192,-2.967151403427124,49.910343170166016,-64.60494995117188,81.69238582027103,455560272,1720697912
3.0,0,3.667973041534424,-0.5841941237449646,9.280067443847656,0.007989604957401752,1.1718087196350098,-0.025300417095422745,-2.967151403427124,49.910343170166016,-64.60494995117188,81.69238582027103,467560272,1720697912
3.0,0,-0.023942383006215096,4.304840564727783,8.782065391540527,0.04607338830828667,1.147307276725769,-0.004793763160705566,-0.5236149430274963,50.610836029052734,-66.29176330566406,83.40460885552076,480560272,1720697912
3.0,0,8.20266056060791,-5.236199378967285,10.110868453979492,0.10200062394142151,1.1172131299972534,-0.0013316008262336254,0.0,50.78596115112305,-67.13516998291016,84.18043061589565,492560272,1720697912
3.0,0,5.537873268127441,-4.419764041900635,9.560193061828613,0.1368885636329651,1.1574275493621826,-0.07989604771137238,-0.17453831434249878,49.56009292602539,-67.30384826660156,83.58254163372379,505560272,1720697912
3.0,0,3.299260139465332,-2.5211329460144043,8.997547149658203,0.14993825554847717,1.1076256036758423,-0.06258523464202881,3.1416897773742676,51.136207580566406,-66.79780578613281,84.18271080347765,517560272,1720697912
3.0,0,5.758142948150635,-2.2505838871002197,10.355080604553223,0.2258395105600357,1.1025655269622803,-0.05273139104247093,2.4435362815856934,51.83670425415039,-67.47252655029297,85.12083538459704,530560272,1720697912
3.0,0,1.0007915496826172,0.14365428686141968,8.382227897644043,0.2815004289150238,1.1323933601379395,-0.11052287369966507,2.618074655532837,50.96108627319336,-67.6412124633789,84.73027943162802,543560272,1720697912
3.0,0,7.7262067794799805,-5.51871919631958,9.67990493774414,0.26232534646987915,1.0293275117874146,-0.09640790522098541,2.0944597721099854,49.7352180480957,-68.484619140625,84.6647608799852,555560272,1720697912
3.0,0,5.1978912353515625,-4.072599411010742,10.300012588500977,0.2969469726085663,1.0381159782409668,-0.07243908941745758,2.967151403427124,49.910343170166016,-70.3401107788086,86.29934835900941,568560272,1720697912
3.0,0,1.367110013961792,5.394218921661377,9.746943473815918,0.41545945405960083,1.075667142868042,-0.16618378460407257,2.967151403427124,50.96108627319336,-69.3280258178711,86.09420111365293,580560272,1720697912
3.0,0,5.140429496765137,-4.86030387878418,9.483577728271484,0.36565759778022766,0.9720686078071594,-0.1201103925704956,2.967151403427124,50.96108627319336,-69.3280258178711,86.09420111365293,593560272,1720697912
3.0,0,3.402212619781494,-4.072599411010742,9.579346656799316,0.43330293893814087,0.9851183295249939,-0.15180249512195587,4.188919544219971,50.78596115112305,-69.83406829833984,86.44974257965445,605560272,1720697912
3.0,0,-0.44532832503318787,2.8299896717071533,8.698267936706543,0.49269232153892517,0.9723349809646606,-0.1707112193107605,5.4106879234313965,50.96108627319336,-70.00274658203125,86.75651207244739,618560272,1720697912
3.0,0,3.763742446899414,-2.3918440341949463,10.752523422241211,0.5054756999015808,0.9070864915847778,-0.17976611852645874,5.934302806854248,51.48645782470703,-71.18351745605469,88.05205532271928,630560272,1720697912
3.0,0,2.6671812534332275,-2.8180184364318848,10.355080604553223,0.525183379650116,0.9132118225097656,-0.15047089755535126,4.537996292114258,50.43571472167969,-69.4967041015625,85.98922380632375,643560272,1720697912
3.0,0,1.9417272806167603,-2.5881714820861816,9.256125450134277,0.528911828994751,0.8740627765655518,-0.1888210028409958,5.759764194488525,49.56009292602539,-71.68955993652344,87.34283426993179,655560272,1720697912
3.0,0,5.082967758178711,-3.124480962753296,10.058194160461426,0.5898991823196411,0.8178691864013672,-0.1776355504989624,7.85422420501709,48.859596252441406,-71.01483917236328,86.55666563870679,668560272,1720697912
3.0,0,0.6296846866607666,2.7988643646240234,9.474000930786133,0.65062016248703,0.833049476146698,-0.20852869749069214,7.85422420501709,47.80885314941406,-71.35220336914062,86.24680981321059,680560272,1720697912
3.0,0,1.628082036972046,1.7765247821807861,9.478789329528809,0.6434295177459717,0.7925688624382019,-0.22344262897968292,6.806994438171387,49.56009292602539,-72.02692413330078,87.69501573192079,693560272,1720697912
3.0,0,2.55704665184021,-4.606513977050781,10.884206771850586,0.6636698842048645,0.7331794500350952,-0.20293596386909485,6.806994438171387,49.56009292602539,-72.02692413330078,87.69501573192079,705560272,1720697912
3.0,0,0.03112509660422802,2.114112377166748,9.287249565124512,0.7209286689758301,0.7238582372665405,-0.21918150782585144,6.806994438171387,49.56009292602539,-72.02692413330078,87.69501573192079,718560272,1720697912
3.0,0,2.8252012729644775,-0.6296846866607666,9.974396705627441,0.7267877459526062,0.668996274471283,-0.23915551602840424,8.028762817382812,50.08546447753906,-73.54505920410156,89.34142665999586,730560272,1720697912
3.0,0,4.000771999359131,-3.452491521835327,10.654359817504883,0.7246571779251099,0.6327767372131348,-0.23063325881958008,8.901453971862793,48.15909957885742,-73.71373748779297,88.49999914959746,743560272,1720697912
3.0,0,1.1109265089035034,1.8411691188812256,9.335135459899902,0.777921199798584,0.623988151550293,-0.2471451312303543,7.85422420501709,47.80885314941406,-74.38846588134766,88.77510424384383,755560272,1720697912
3.0,0,0.8619257807731628,-1.714274525642395,9.976790428161621,0.7749917507171631,0.5893665552139282,-0.2527378499507904,8.203300476074219,47.10835647583008,-73.71373748779297,87.8647055590235,768560272,1720697912
3.0,0,3.299260139465332,-3.9337332248687744,10.819561958312988,0.7954983115196228,0.528911828994751,-0.24821040034294128,9.250530242919922,47.10835647583008,-72.36428833007812,86.8410029027057,780560272,1720697912
3.0,0,1.1252919435501099,0.6105307340621948,9.54343318939209,0.8333157896995544,0.5124000310897827,-0.28735947608947754,9.425068855285645,45.88248825073242,-74.55714416503906,88.04999941539972,793560272,1720697912
3.0,0,1.3192253112792969,-1.7334284782409668,10.515494346618652,0.8349137306213379,0.4684571921825409,-0.2695160210132599,9.774145126342773,44.83174514770508,-74.8945083618164,87.83283365972987,805560272,1720697912
3.0,0,2.6743643283843994,-4.7860822677612305,11.28165054321289,0.8359790444374084,0.4096004366874695,-0.2639232873916626,11.51952838897705,46.582984924316406,-74.55714416503906,88.66477183645124,818560272,1720697912
3.0,0,-0.10774072259664536,0.2944912910461426,9.531462669372559,0.8889767527580261,0.4066708981990814,-0.3065345287322998,11.51952838897705,46.582984924316406,-74.55714416503906,88.66477183645124,830560272,1720697912
3.0,0,0.9768491983413696,-0.8499546051025391,9.854684829711914,0.8865798115730286,0.3459499180316925,-0.2982785999774933,12.741296768188477,43.95612335205078,-76.07527923583984,88.78023166384935,843560272,1720697912
3.0,0,2.446911573410034,-2.269737958908081,10.182695388793945,0.916674017906189,0.3009417951107025,-0.3070671558380127,10.472298622131348,44.48149871826172,-74.55714416503906,87.44735852328664,855560272,1720697912
3.0,0,0.3782896399497986,0.17477938532829285,9.490760803222656,0.9313216209411621,0.2934848368167877,-0.30546924471855164,10.297760963439941,45.707366943359375,-75.06318664550781,88.48553137735792,868560272,1720697912
3.0,0,2.4588825702667236,-2.8754801750183105,10.58492660522461,0.8959010243415833,0.2095939666032791,-0.28229936957359314,11.170452117919922,43.781002044677734,-75.23187255859375,87.75756257569662,880560272,1720697912
3.0,0,4.941707611083984,7.1587724685668945,5.185919761657715,0.7568818926811218,0.2207794189453125,-0.48763224482536316,11.868605613708496,41.67951202392578,-74.8945083618164,86.52879812250089,893560272,1720697912
3.0,0,0.6392616629600525,-39.22719955444336,11.279255867004395,0.3321012556552887,-0.04953555390238762,-0.14620977640151978,11.51952838897705,43.08050537109375,-74.55714416503906,86.87575739744491,905560272,1720697912
3.0,0,0.4333571195602417,-3.0334997177124023,8.003938674926758,0.13369272649288177,0.07909709215164185,-0.033556342124938965,11.170452117919922,41.32926559448242,-73.8824234008789,85.39027861931795,918560272,1720697912
3.0,0,10.331138610839844,4.058233737945557,11.375025749206543,0.22983431816101074,-0.0537966750562191,0.2889573574066162,11.170452117919922,42.029762268066406,-74.8945083618164,86.60523829184415,930560272,1720697912
3.0,0,-1.8555346727371216,-2.0279197692871094,10.386205673217773,0.11904511600732803,0.05086715519428253,-0.028496257960796356,10.64683723449707,41.15414047241211,-75.40055084228516,86.55785053038765,943560272,1720697912
3.0,0,-0.5171554684638977,2.501979112625122,7.209051132202148,-0.0013316008262336254,0.03914906829595566,0.024501455947756767,8.901453971862793,41.504390716552734,-74.38846588134766,85.64749960008106,955560272,1720697912
3.0,0,-1.2162730693817139,0.217875674366951,8.83952808380127,-0.07962973415851593,-0.11451767385005951,-0.06737900525331497,11.344990730285645,42.20488357543945,-74.725830078125,86.5673766100803,968560272,1720697912
3.0,0,2.346353530883789,-1.5921683311462402,11.803594589233398,-0.026099376380443573,-0.10120166838169098,-0.09827214479446411,11.694067001342773,42.55513381958008,-74.725830078125,86.78502346775666,980560272,1720697912
3.0,0,1.7645535469055176,0.5171554684638977,11.875421524047852,0.02476777695119381,-0.0015979211311787367,-0.04207858443260193,11.694067001342773,42.55513381958008,-75.06318664550781,87.07567172759912,993560272,1720697912
3.0,0,0.6512327790260315,1.1731767654418945,10.695062637329102,0.05086715519428253,0.029295219108462334,-0.05486195534467697,12.392220497131348,42.20488357543945,-73.71373748779297,85.84016787544847,5560272,1720697913
3.0,0,-1.2473981380462646,0.8044640421867371,9.098105430603027,0.0412796251475811,0.01757713221013546,-0.055128276348114014,12.043143272399902,42.20488357543945,-74.38846588134766,86.37090571295623,18560272,1720697913
3.0,0,-0.9409356117248535,-0.07182714343070984,8.853893280029297,0.05539459362626076,-0.027430977672338486,-0.05486195534467697,10.821375846862793,40.9790153503418,-74.55714416503906,85.762168934496,30560272,1720697913
3.0,0,0.09576953202486038,-0.21308720111846924,10.651966094970703,0.049002911895513535,-0.038616426289081573,-0.03728482499718666,11.868605613708496,41.67951202392578,-74.55714416503906,86.23695998707714,43560272,1720697913
3.0,0,1.4293601512908936,0.059855956584215164,10.728581428527832,0.051133476197719574,-0.02769729681313038,-0.03835010528564453,11.344990730285645,41.854637145996094,-75.40055084228516,86.98139187558044,55560272,1720697913
3.0,0,0.8403776288032532,-0.3184336721897125,10.910543441772461,0.054062992334365845,0.005326403304934502,-0.05086715519428253,11.344990730285645,41.854637145996094,-75.40055084228516,86.98139187558044,68560272,1720697913
3.0,0,-0.10774072259664536,-0.3782896399497986,9.746943473815918,0.0556609146296978,0.010120166465640068,-0.025300417095422745,11.344990730285645,41.854637145996094,-75.40055084228516,86.98139187558044,81560272,1720697913
3.0,0,-0.9098105430603027,5.279295444488525,4.948890209197998,-0.05060083419084549,0.016778171062469482,-0.19627796113491058,10.472298622131348,42.380008697509766,-74.8945083618164,86.68864722897852,93560272,1720697913
3.0,0,0.055067479610443115,-39.22719955444336,9.888203620910645,-0.5488858819007874,-0.22157837450504303,-0.006924324203282595,10.9959135055542,42.90538024902344,-75.7379150390625,87.73832425228538,106560272,1720697913
3.0,0,-0.7422138452529907,-22.838638305664062,11.446852684020996,-0.5984213948249817,-0.17124387621879578,0.15686258673667908,11.51952838897705,43.43075180053711,-76.24395751953125,88.49898753378137,118560272,1720697913
3.0,0,11.09011173248291,8.559401512145996,11.236160278320312,-0.3928222358226776,-0.26046112179756165,0.5909644365310669,11.51952838897705,42.73025894165039,-74.21977996826172,86.41267442951946,131560272,1720697913
3.0,0,-0.17477938532829285,-10.93209171295166,12.145971298217773,-0.7715295553207397,-0.1600584238767624,0.11078918725252151,11.344990730285645,43.60587692260742,-74.38846588134766,86.97025453015691,143560272,1720697913
3.0,0,-0.6967233419418335,-6.414164066314697,8.329554557800293,-0.8626110553741455,-0.23409543931484222,0.21438774466514587,10.123222351074219,45.18199157714844,-76.5813217163086,89.49073041082836,156560272,1720697913
3.0,0,-2.9856150150299072,4.683129787445068,6.392616271972656,-0.7749917507171631,-0.3757777512073517,0.15153618156909943,10.297760963439941,43.95612335205078,-75.06318664550781,87.59375919766883,168560272,1720697913
3.0,0,0.7374253869056702,5.755748748779297,8.973605155944824,-0.6751216650009155,-0.4317049980163574,0.1075933501124382,10.9959135055542,45.35711669921875,-75.7379150390625,88.96296939486916,181560272,1720697913
3.0,0,1.9153906106948853,-2.4924020767211914,12.13160514831543,-0.7209286689758301,-0.4514126777648926,0.19840852916240692,10.9959135055542,45.35711669921875,-75.7379150390625,88.96296939486916,193560272,1720697913
3.0,0,3.378270149230957,-10.323955535888672,14.090091705322266,-0.7691326141357422,-0.43303659558296204,0.1994738131761551,11.344990730285645,47.10835647583008,-76.41263580322266,90.48092050217048,206560272,1720697913
3.0,0,0.6679925322532654,1.8651115894317627,9.174720764160156,-0.6594087481498718,-0.4253133237361908,0.1637869030237198,10.64683723449707,46.407859802246094,-75.06318664550781,88.89053146371184,218560272,1720697913
3.0,0,0.5099727511405945,1.3742928504943848,8.315189361572266,-0.6159985661506653,-0.4809742271900177,0.1494056135416031,10.9959135055542,46.407859802246094,-75.06318664550781,88.93301723558524,231560272,1720697913
3.0,0,1.1181093454360962,2.4325461387634277,9.502731323242188,-0.6101395487785339,-0.5475542545318604,0.14993825554847717,9.075992584228516,46.23273849487305,-73.54505920410156,87.34251818821743,243560272,1720697913
3.0,0,1.4149948358535767,2.1260836124420166,9.687088012695312,-0.5768494606018066,-0.5574080944061279,0.13715487718582153,8.901453971862793,46.057613372802734,-73.03901672363281,86.80574633264138,256560272,1720697913
3.0,0,2.5953543186187744,-4.309628963470459,10.733369827270508,-0.6319777965545654,-0.5877686142921448,0.1262357532978058,10.64683723449707,46.75811004638672,-74.05110168457031,88.22268222462098,268560272,1720697913
3.0,0,3.100538492202759,-4.225830554962158,10.745341300964355,-0.6053457856178284,-0.6074762940406799,0.16724906861782074,11.170452117919922,46.23273849487305,-72.53296661376953,86.73682237117211,281560272,1720697913
3.0,0,0.9026277661323547,-0.9720607399940491,9.708635330200195,-0.5283792018890381,-0.6234555244445801,0.1502045840024948,9.599607467651367,49.20984649658203,-72.70165252685547,88.3135988162966,293560272,1720697913
3.0,0,2.604931116104126,-0.826012134552002,9.775674819946289,-0.45807069540023804,-0.6665993928909302,0.10972391068935394,10.123222351074219,49.03472137451172,-73.54505920410156,88.97055279349505,306560272,1720697913
3.0,0,2.3798727989196777,0.9409356117248535,9.526674270629883,-0.49002912640571594,-0.6982914805412292,0.11718087643384933,10.123222351074219,49.03472137451172,-73.54505920410156,88.97055279349505,318560272,1720697913
3.0,0,0.9409356117248535,0.2346353530883789,9.94327163696289,-0.4958881437778473,-0.7417016625404358,0.11744718998670578,5.061611175537109,48.859596252441406,-72.70165252685547,87.74058544242533,331560272,1720697913
3.0,0,2.015948534011841,-3.378270149230957,9.794828414916992,-0.46872350573539734,-0.7417016625404358,0.08868461847305298,7.330609321594238,49.7352180480957,-74.55714416503906,89.92273068231351,343560272,1720697913
3.0,0,1.9896119832992554,-5.056631088256836,10.221002578735352,-0.4910943806171417,-0.7933678030967712,0.08895093947649002,6.632455825805664,48.68447494506836,-71.18351745605469,86.49428147787977,356560272,1720697913
3.0,0,1.1779651641845703,-1.4916104078292847,9.995944023132324,-0.44182518124580383,-0.8032216429710388,0.08708669990301132,6.1088409423828125,49.910343170166016,-71.35220336914062,87.28973146169183,368560272,1720697913
3.0,0,2.5690176486968994,-2.863509178161621,10.043828964233398,-0.40054553747177124,-0.8186682462692261,0.08495613932609558,7.156070709228516,50.610836029052734,-71.68955993652344,88.04577829429147,381560272,1720697913
3.0,0,4.652004718780518,-1.8411691188812256,10.355080604553223,-0.3408898115158081,-0.8548877239227295,0.10146798193454742,6.4579176902771,50.96108627319336,-72.02692413330078,88.46815706875846,393560272,1720697913
3.0,0,3.272923707962036,-0.31364521384239197,9.72060775756836,-0.3004091680049896,-0.8570182919502258,0.07456964999437332,5.759764194488525,51.31133270263672,-70.3401107788086,87.25685607258522,406560272,1720697913
3.0,0,1.74061119556427,1.8052555322647095,9.217817306518555,-0.28869104385375977,-0.86527419090271,0.045008108019828796,5.934302806854248,50.08546447753906,-70.17143249511719,86.41643154025196,418560272,1720697913
3.0,0,2.0279197692871094,-0.8930508494377136,8.873046875,-0.28496259450912476,-0.8799218535423279,0.02982785925269127,5.759764194488525,51.661582946777344,-71.35220336914062,88.27927821280637,431560272,1720697913
3.0,0,1.5299183130264282,-1.8004671335220337,9.198662757873535,-0.292685866355896,-0.9209351539611816,0.026365695521235466,5.759764194488525,51.661582946777344,-71.35220336914062,88.27927821280637,443560272,1720697913
3.0,0,2.9736437797546387,-3.0023748874664307,9.641597747802734,-0.25753161311149597,-0.9659432172775269,0.049002911895513535,2.7926130294799805,51.136207580566406,-69.83406829833984,86.59969692991075,456560272,1720697913
3.0,0,7.412561893463135,-7.328763008117676,10.376627922058105,-0.24900935590267181,-1.0146799087524414,0.0412796251475811,4.363457679748535,49.910343170166016,-70.3401107788086,86.35863189433792,468560272,1720697913
3.0,0,5.798844814300537,-1.6161108016967773,10.182695388793945,-0.15606361627578735,-1.009087085723877,0.04953555390238762,1.9199213981628418,49.910343170166016,-69.66539001464844,85.72044691572681,481560272,1720697913
3.0,0,3.3232028484344482,1.1037437915802002,9.330347061157227,-0.07270540297031403,-0.9726012945175171,-0.0037284824065864086,3.4907662868499756,50.78596115112305,-70.84615325927734,87.23861949245759,493560272,1720697913
3.0,0,1.0031858682632446,5.820393085479736,9.028672218322754,-0.02769729681313038,-0.960350513458252,0.006924324203282595,0.6981532573699951,50.78596115112305,-66.79780578613281,83.91452869352288,506560272,1720697913
3.0,0,0.4620879888534546,2.039891004562378,8.688690185546875,-0.047138672322034836,-0.9797919392585754,-0.01384864840656519,3.665304660797119,50.96108627319336,-68.99066162109375,85.84974177780953,518560272,1720697913
3.0,0,2.042285203933716,-3.196308135986328,8.473209381103516,-0.04926923289895058,-1.0165441036224365,-0.05459563434123993,0.34907662868499756,50.43571472167969,-67.47252655029297,84.24028141607398,531560272,1720697913
3.0,0,6.955262184143066,-6.737386226654053,9.361471176147461,-0.037817467004060745,-1.0674113035202026,0.010919126681983471,1.2217681407928467,50.96108627319336,-67.97857666015625,84.9682994785376,543560272,1720697913
3.0,0,8.059005737304688,-11.121236801147461,10.108473777770996,-0.07643388956785202,-1.1132183074951172,-0.018376091495156288,1.9199213981628418,52.0118293762207,-66.96648406982422,84.81407007042074,556560272,1720697913
3.0,0,4.86030387878418,-3.8738772869110107,9.792434692382812,0.016245530918240547,-1.0887168645858765,-0.025566738098859787,0.34907662868499756,51.48645782470703,-67.13516998291016,84.60560408425833,569560272,1720697913
3.0,0,3.172365665435791,-0.6895406246185303,8.68150806427002,0.08682037144899368,-1.0825915336608887,-0.058324117213487625,-0.17453831434249878,50.610836029052734,-64.60494995117188,82.06879276178162,581560272,1720697913
3.0,0,0.514761209487915,4.209070682525635,10.007916450500488,0.18961995840072632,-1.0791293382644653,-0.0287625789642334,-1.3963065147399902,50.43571472167969,-65.78571319580078,82.90639934317447,594560272,1720697913
3.0,0,-1.731034278869629,8.442083358764648,8.643199920654297,0.24980832636356354,-1.009087085723877,-0.0862877368927002,1.3963065147399902,52.186954498291016,-66.12307739257812,84.24778487031382,606560272,1720697913
3.0,0,4.1396379470825195,2.2003049850463867,8.173929214477539,0.20293596386909485,-1.08845055103302,-0.09480997920036316,-0.6981532573699951,50.78596115112305,-65.78571319580078,83.11113841534306,619560272,1720697913
3.0,0,7.537062168121338,-2.7007007598876953,8.425324440002441,0.2277037501335144,-1.1038970947265625,-0.09480997920036316,0.8726915717124939,51.661582946777344,-66.62911987304688,84.31559973221411,631560272,1720697913
3.0,0,6.241779327392578,-6.339942932128906,8.49954605102539,0.18855468928813934,-1.1401166915893555,-0.10333222150802612,-2.0944597721099854,47.983978271484375,-64.0988998413086,80.09692811438765,644560272,1720697913
3.0,0,7.52509069442749,-5.487593650817871,8.8514986038208,0.24634616076946259,-1.142247200012207,-0.1419486552476883,-1.5708448886871338,49.910343170166016,-64.26758575439453,81.38693069361018,656560272,1720697913
3.0,0,7.553821563720703,-4.460465908050537,9.600895881652832,0.28363096714019775,-1.139850378036499,-0.13529065251350403,-2.7926130294799805,51.48645782470703,-64.43626403808594,82.52688137845561,669560272,1720697913
3.0,0,4.817207336425781,-1.9536983966827393,9.141201972961426,0.31745365262031555,-1.137719750404358,-0.13102951645851135,-2.7926130294799805,51.48645782470703,-64.43626403808594,82.52688137845561,681560272,1720697913
3.0,0,3.8858487606048584,1.9058135747909546,8.60728645324707,0.43197131156921387,-1.0801945924758911,-0.16964595019817352,-4.712534427642822,51.31133270263672,-63.255496978759766,81.5862656485899,694560272,1720697913
3.0,0,0.03830781206488609,4.745380401611328,9.280067443847656,0.4897627830505371,-1.0722050666809082,-0.1632542759180069,-4.363457679748535,52.0118293762207,-63.255496978759766,82.00931688542428,706560272,1720697913
3.0,0,0.1316830962896347,4.070204734802246,9.184297561645508,0.4889638423919678,-1.0738029479980469,-0.17284178733825684,-5.061611175537109,47.80885314941406,-61.906044006347656,78.38153246569254,719560272,1720697913
3.0,0,0.916993260383606,0.8236179351806641,8.305612564086914,0.5169274806976318,-1.0556931495666504,-0.19867484271526337,-4.887072563171387,47.983978271484375,-62.74945068359375,79.14441995547602,731560272,1720697913
3.0,0,4.529898643493652,-2.528315544128418,8.049428939819336,0.5219874978065491,-1.0823252201080322,-0.19734324514865875,-5.4106879234313965,48.15909957885742,-61.231319427490234,78.08872450541381,744560272,1720697913
3.0,0,11.480372428894043,-8.384622573852539,8.403776168823242,0.49935030937194824,-1.1667487621307373,-0.20613181591033936,-4.537996292114258,47.983978271484375,-61.06263732910156,77.79268126688342,756560272,1720697913
3.0,0,13.850667953491211,-7.115676403045654,7.9057745933532715,0.5619356036186218,-1.1611559391021729,-0.19787588715553284,-5.759764194488525,46.407859802246094,-60.893959045410156,76.77850339271488,769560272,1720697913
3.0,0,11.00631332397461,-2.5642292499542236,7.951265335083008,0.6159985661506653,-1.1438450813293457,-0.2370249480009079,-6.4579176902771,49.56009292602539,-62.243408203125,79.82574382034605,781560272,1720697913
3.0,0,6.8786468505859375,-0.871502697467804,8.28885269165039,0.65062016248703,-1.096440076828003,-0.2370249480009079,-6.1088409423828125,47.4586067199707,-60.21923065185547,76.91549278111367,794560272,1720697913
3.0,0,-1.8411691188812256,6.0502400398254395,8.489969253540039,0.7427669167518616,-1.0178756713867188,-0.2815004289150238,-6.1088409423828125,47.4586067199707,-60.21923065185547,76.91549278111367,806560272,1720697913
3.0,0,-0.7517908215522766,2.583383083343506,8.31279468536377,0.7353100180625916,-1.0277295112609863,-0.3060018718242645,-7.505147457122803,47.80885314941406,-59.54450607299805,76.7304495053476,819560272,1720697913
3.0,0,4.704678058624268,2.454094171524048,7.5945234298706055,0.7989605069160461,-1.0335886478424072,-0.2996101677417755,-7.330609321594238,46.582984924316406,-60.05055236816406,76.35300358994758,831560272,1720697913
3.0,0,9.184297561645508,-2.4157862663269043,8.542641639709473,0.8053522109985352,-1.065014362335205,-0.2852289080619812,-6.4579176902771,47.10835647583008,-58.53242111206055,75.41184437465952,844560272,1720697913
3.0,0,10.893783569335938,-3.967252731323242,7.422138690948486,0.805884838104248,-1.0820589065551758,-0.2865605056285858,-8.552377700805664,46.407859802246094,-59.54450607299805,75.97618586925424,856560272,1720697913
3.0,0,12.229769706726074,-4.1396379470825195,7.36707067489624,0.8495613932609558,-1.0546278953552246,-0.31985053420066833,-8.028762817382812,45.88248825073242,-59.71318817138672,75.73195231900354,869560272,1720697913
3.0,0,6.8475213050842285,-1.9249675273895264,7.994361877441406,0.8594151735305786,-1.0258653163909912,-0.3454172611236572,-7.330609321594238,45.18199157714844,-58.363739013671875,74.17193692738084,881560272,1720697913
3.0,0,4.024714469909668,1.8627172708511353,7.553821563720703,0.9044232964515686,-0.9728676080703735,-0.37125030159950256,-6.806994438171387,45.00687026977539,-57.85769271850586,73.61702351678404,894560272,1720697913
3.0,0,3.7972617149353027,2.5953543186187744,8.25772762298584,0.9715359807014465,-0.9379796385765076,-0.34435197710990906,-9.599607467651367,43.60587692260742,-56.508243560791016,72.0194873353612,906560272,1720697913
3.0,0,3.4477031230926514,3.0646250247955322,7.38622522354126,0.9877814650535583,-0.9512956738471985,-0.39734968543052673,-8.901453971862793,44.306373596191406,-56.84560775756836,72.62033974986481,919560272,1720697913
3.0,0,6.6440110206604,1.1396573781967163,7.561004161834717,1.0298601388931274,-0.9196035861968994,-0.3835010528564453,-8.901453971862793,44.306373596191406,-56.84560775756836,72.62033974986481,931560272,1720697913
3.0,0,7.821976184844971,0.08140409737825394,6.967233180999756,1.0516983270645142,-0.9113476276397705,-0.39362120628356934,-9.774145126342773,46.582984924316406,-57.35165023803711,74.52999518607285,944560272,1720697913
3.0,0,6.464443206787109,-2.45169997215271,6.955262184143066,1.0423771142959595,-0.9121465682983398,-0.43756404519081116,-10.64683723449707,42.90538024902344,-58.869781494140625,73.61982050086122,956560272,1720697913
3.0,0,8.992758750915527,-1.7597651481628418,7.3383402824401855,1.1030981540679932,-0.891906201839447,-0.44635263085365295,-10.64683723449707,40.80389404296875,-56.84560775756836,70.7794887908567,969560272,1720697913
3.0,0,8.992758750915527,-1.7597651481628418,7.3383402824401855,1.1030981540679932,-0.891906201839447,-0.44635263085365295,-10.297760963439941,41.504390716552734,-53.80934143066406,68.73211443578755,981560272,1720697913
3.0,0,9.995944023132324,1.678360939025879,6.744569301605225,1.1691455841064453,-0.8524908423423767,-0.4554075002670288,-11.344990730285645,40.103397369384766,-55.15879440307617,69.13381151967445,994560272,1720697913
3.0,0,5.913768291473389,2.4373345375061035,7.685504913330078,1.1957775354385376,-0.8088143467903137,-0.48763224482536316,-9.250530242919922,41.854637145996094,-54.146705627441406,69.05974725339622,6560272,1720697914
3.0,0,4.9656500816345215,2.5953543186187744,7.647197246551514,1.1952449083328247,-0.7608767151832581,-0.4897627830505371,-9.774145126342773,40.27852249145508,-53.64065933227539,67.78800499090296,19560272,1720697914
3.0,0,1.6328704357147217,1.4245717525482178,6.754146099090576,1.224007487297058,-0.7584798336029053,-0.5046766996383667,-10.9959135055542,39.40290069580078,-55.49615478515625,68.94433909323367,31560272,1720697914
3.0,0,6.4093756675720215,1.2186672687530518,6.0717878341674805,1.2461121082305908,-0.7148033380508423,-0.5443584322929382,-10.9959135055542,39.40290069580078,-55.49615478515625,68.94433909323367,44560272,1720697914
3.0,0,7.498754501342773,1.4317545890808105,7.0797624588012695,1.2844622135162354,-0.7052158117294312,-0.5214548707008362,-10.821375846862793,38.177032470703125,-53.64065933227539,66.72262222881689,56560272,1720697914
3.0,0,11.317564010620117,2.964066982269287,7.007935523986816,1.3345303535461426,-0.7150696516036987,-0.5387657284736633,-12.043143272399902,35.900421142578125,-53.80934143066406,65.79758934258763,69560272,1720697914
3.0,0,10.42451286315918,2.7509799003601074,6.306423664093018,1.35556960105896,-0.6724584102630615,-0.5342382788658142,-11.51952838897705,38.177032470703125,-53.64065933227539,66.83940212310993,82560272,1720697914
3.0,0,8.250544548034668,2.583383083343506,6.928925514221191,1.3635592460632324,-0.6141343116760254,-0.5747189521789551,-12.392220497131348,38.35215759277344,-52.45989227294922,66.15508610953422,94560272,1720697914
3.0,0,4.58496618270874,1.6089280843734741,6.440500736236572,1.3582329750061035,-0.5579407811164856,-0.6000193953514099,-11.344990730285645,38.00190734863281,-53.13461685180664,66.30340326704682,107560272,1720697914
3.0,0,2.9497015476226807,2.707883358001709,6.893012046813965,1.3782068490982056,-0.5371677875518799,-0.6471579670906067,-12.043143272399902,36.95116424560547,-52.122528076171875,65.01679607637236,119560272,1720697914
3.0,0,5.664767742156982,2.1476316452026367,6.5410590171813965,1.39125657081604,-0.5169274806976318,-0.6327767372131348,-11.694067001342773,36.250667572021484,-53.13461685180664,65.37698073815736,132560272,1720697914
3.0,0,-5.399007320404053,9.239365577697754,20.243284225463867,1.4514448642730713,-0.27936986088752747,-0.26498857140541077,-13.264911651611328,35.02479934692383,-51.616485595703125,63.772690359343926,144560272,1720697914
3.0,0,1.3958408832550049,13.589695930480957,30.442739486694336,0.8290547132492065,-0.1656511425971985,-0.37870728969573975,-10.821375846862793,36.07554626464844,-53.30329895019531,65.2670582490566,157560272,1720697914
3.0,0,-17.712574005126953,-4.2928690910339355,24.763607025146484,0.12357256561517715,-0.24368295073509216,-0.16751539707183838,-10.821375846862793,36.07554626464844,-53.30329895019531,65.2670582490566,169560272,1720697914
3.0,0,9.268095970153809,6.9528679847717285,6.572184085845947,0.04341018572449684,-0.06551475822925568,-0.17710290849208832,-12.217681884765625,35.02479934692383,-49.92967224121094,62.201129330940255,182560272,1720697914
3.0,0,7.606494903564453,-0.45729950070381165,3.2465872764587402,0.06924324482679367,-0.017310811206698418,-0.10439750552177429,-11.51952838897705,35.02479934692383,-50.60439682006836,62.61182860386421,194560272,1720697914
3.0,0,8.410959243774414,3.4644627571105957,7.568187236785889,0.04048066586256027,0.09560894221067429,0.025300417095422745,-13.090373992919922,35.19992446899414,-51.11043930053711,63.42451875569333,207560272,1720697914
3.0,0,6.600914478302002,3.11969256401062,7.889015197753906,0.003994802478700876,0.05672619491815567,0.04101330414414406,-12.217681884765625,35.72529602050781,-50.60439682006836,63.13773439008709,219560272,1720697914
3.0,0,5.482805252075195,0.7015117406845093,7.702264308929443,-0.028496257960796356,0.04447546973824501,0.027430977672338486,-11.344990730285645,35.550174713134766,-51.7851676940918,63.829674367882234,232560272,1720697914
3.0,0,5.31760311126709,1.9153906106948853,7.122859001159668,0.022370893508195877,-0.02902889810502529,0.02476777695119381,-10.821375846862793,36.07554626464844,-51.616485595703125,63.89686063308027,244560272,1720697914
3.0,0,11.28404426574707,1.209090232849121,3.7565598487854004,-0.022370893508195877,-0.010652806609869003,-0.061519961804151535,-11.51952838897705,33.974056243896484,-52.62857437133789,63.69225127381928,257560272,1720697914
3.0,0,9.399779319763184,0.768550455570221,3.2609524726867676,0.07110748440027237,0.0143812894821167,0.0018642412032932043,-12.217681884765625,36.07554626464844,-51.27912139892578,63.87695265411374,269560272,1720697914
3.0,0,5.1978912353515625,2.837172269821167,9.160355567932129,0.09161414206027985,0.03195841982960701,-0.01384864840656519,-12.043143272399902,35.900421142578125,-50.43571472167969,63.06852509438189,282560272,1720697914
3.0,0,5.504354000091553,2.9736437797546387,8.875441551208496,0.03408898040652275,-0.023968815803527832,-0.04660603031516075,-12.741296768188477,36.250667572021484,-50.77307891845703,63.67383360229009,294560272,1720697914
3.0,0,8.803613662719727,1.9536983966827393,5.774902820587158,0.017044490203261375,-0.04873659089207649,-0.03701850399374962,-10.9959135055542,35.900421142578125,-51.44780349731445,63.691654372722816,307560272,1720697914
3.0,0,9.375837326049805,0.7086945176124573,3.3232028484344482,0.03302370011806488,0.010652806609869003,-0.03169209882616997,-11.868605613708496,35.37504959106445,-51.9538459777832,63.96452176532896,319560272,1720697914
3.0,0,6.861886501312256,1.7286399602890015,6.955262184143066,0.10013638436794281,0.002929521957412362,-0.017843451350927353,-11.868605613708496,36.776039123535156,-51.616485595703125,64.47947299785389,332560272,1720697914
3.0,0,6.258538722991943,2.6240851879119873,8.281669616699219,0.052198752760887146,-0.002663201652467251,-0.045008108019828796,-11.694067001342773,35.550174713134766,-51.7851676940918,63.89264212936815,344560272,1720697914
3.0,0,27.619932174682617,11.966402053833008,34.723636627197266,-0.4114646911621094,0.3422214090824127,-0.18615780770778656,-11.344990730285645,34.84967803955078,-51.7851676940918,63.442197843673604,357560272,1720697914
3.0,0,-27.983858108520508,-16.08928108215332,25.728485107421875,-1.501513123512268,0.5880349278450012,-0.2665864825248718,-12.392220497131348,35.550174713134766,-51.7851676940918,64.02410205609398,369560272,1720697914
3.0,0,30.04050636291504,26.99982452392578,19.129962921142578,-1.5537118911743164,0.7885740399360657,-1.0064239501953125,-12.741296768188477,36.250667572021484,-53.80934143066406,66.12032038605106,382278482,1720697914
3.0,0,-26.236061096191406,-31.196924209594727,12.43088436126709,-2.357998847961426,1.2362582683563232,-0.7310488820075989,-12.043143272399902,33.44868469238281,-53.13461685180664,63.93073842462864,394278482,1720697914
3.0,0,3.0789904594421387,36.576778411865234,24.100400924682617,-2.3958160877227783,1.49911630153656,-1.344916820526123,-12.043143272399902,33.44868469238281,-53.13461685180664,63.93073842462864,407278482,1720697914
3.0,0,-9.03346061706543,-23.966323852539062,-1.9106022119522095,-2.5558745861053467,1.411763310432434,-1.2112241983413696,-11.344990730285645,34.499427795410156,-56.17087936401367,66.88861653082355,419278482,1720697914
3.0,0,22.71892547607422,17.74370002746582,2.6384506225585938,-2.156660795211792,1.5302757024765015,-1.1590254306793213,-12.217681884765625,35.37504959106445,-54.31538772583008,65.96080069264511,432278482,1720697914
3.0,0,-10.4005708694458,-7.2186279296875,9.028672218322754,-2.063981294631958,1.417089581489563,-1.0724713802337646,-10.123222351074219,34.67455291748047,-56.67692565917969,67.20921181633231,444278482,1720697914
3.0,0,14.442044258117676,12.23455810546875,7.003147125244141,-2.051996946334839,1.3345303535461426,-1.2948485612869263,-8.901453971862793,34.1491813659668,-57.85769271850586,67.77104896257643,457278482,1720697914
3.0,0,-0.5003957748413086,-7.249752998352051,3.7972617149353027,-2.037882089614868,1.4173558950424194,-1.2445142269134521,-8.203300476074219,35.550174713134766,-57.18296813964844,67.83067820754275,469278482,1720697914
3.0,0,0.7015117406845093,7.946476459503174,9.64877986907959,-1.8237605094909668,1.4844685792922974,-1.2825978994369507,-9.075992584228516,32.92331314086914,-56.67692565917969,66.17093086648305,482278482,1720697914
3.0,0,-4.450888633728027,0.03112509660422802,9.689481735229492,-1.9460015296936035,1.4487817287445068,-1.3646245002746582,-7.330609321594238,35.72529602050781,-59.71318817138672,69.96927504533825,494278482,1720697914
3.0,0,7.723812580108643,7.656774044036865,7.221022129058838,-1.8583821058273315,1.4676904678344727,-1.38379967212677,-6.981532573699951,35.37504959106445,-58.363739013671875,68.60365851981881,507278482,1720697914
3.0,0,6.91934871673584,3.5482609272003174,7.170743465423584,-1.7878073453903198,1.5595709085464478,-1.376076340675354,-5.934302806854248,33.974056243896484,-58.70109939575195,68.0828283617597,519278482,1720697914
3.0,0,8.640806198120117,2.686335325241089,7.860283851623535,-1.814439296722412,1.470620036125183,-1.455439805984497,-5.934302806854248,33.974056243896484,-58.70109939575195,68.0828283617597,532278482,1720697914
3.0,0,11.686277389526367,0.29688555002212524,5.671950340270996,-1.8474630117416382,1.4551734924316406,-1.557973027229309,-7.330609321594238,33.2735595703125,-63.761539459228516,72.2938552970841,544278482,1720697914
3.0,0,7.6998701095581055,-0.23942382633686066,6.689501762390137,-1.7680996656417847,1.4804738759994507,-1.5632994174957275,-5.934302806854248,33.2735595703125,-62.74945068359375,71.2729912195029,557278482,1720697914
3.0,0,0.10534647852182388,5.209862232208252,9.54103946685791,-1.7031174898147583,1.5739521980285645,-1.5707563161849976,-4.887072563171387,33.974056243896484,-63.761539459228516,72.41307817039612,569278482,1720697914
3.0,0,0.37110692262649536,3.7230403423309326,9.821165084838867,-1.665566325187683,1.6727570295333862,-1.6139001846313477,-4.188919544219971,33.623809814453125,-63.42417907714844,71.9078168560043,582278482,1720697914
3.0,0,4.563417911529541,3.308837413787842,9.318374633789062,-1.6344068050384521,1.6626368761062622,-1.6823445558547974,-4.014381408691406,34.499427795410156,-63.93022155761719,72.75574894612238,595278482,1720697914
3.0,0,5.432526588439941,-0.1125291958451271,7.742966175079346,-1.69406259059906,1.6242866516113281,-1.6932636499404907,-3.665304660797119,32.39794158935547,-64.26758575439453,72.06513481692936,607278482,1720697914
3.0,0,9.165143966674805,0.9864261746406555,7.168349266052246,-1.5928610563278198,1.588866114616394,-1.784345030784607,-4.014381408691406,32.39794158935547,-66.29176330566406,73.89411180531182,620278482,1720697914
3.0,0,1.27373468875885,2.861114501953125,10.28564739227295,-1.5292104482650757,1.671159029006958,-1.774491310119629,-0.8726915717124939,32.047691345214844,-65.61703491210938,73.03020869335153,632278482,1720697914
3.0,0,-1.0845898389816284,1.649630069732666,10.517888069152832,-1.4959203004837036,1.774491310119629,-1.7731596231460571,-1.7453831434249878,32.57306671142578,-66.79780578613281,74.33705600268459,645278482,1720697914
3.0,0,0.2729431688785553,2.066227674484253,9.852291107177734,-1.4487817287445068,1.7723606824874878,-1.8498599529266357,0.5236149430274963,31.697444915771484,-67.6412124633789,74.70164529856685,657278482,1720697914
3.0,0,6.7158379554748535,1.8698999881744385,9.284855842590332,-1.4493143558502197,1.7412012815475464,-1.8887425661087036,3.316227912902832,32.047691345214844,-69.3280258178711,76.44885252200896,670278482,1720697914
3.0,0,7.865072250366211,-0.34477031230926514,7.414956092834473,-1.4240139722824097,1.7220262289047241,-1.9414739608764648,1.3963065147399902,32.57306671142578,-69.15933990478516,76.45893435652702,682278482,1720697914
3.0,0,3.30165433883667,0.7134829759597778,9.066980361938477,-1.3750110864639282,1.7523866891860962,-1.9550563097000122,1.9199213981628418,32.39794158935547,-68.6532974243164,75.93805346882459,695278482,1720697914
3.0,0,-1.3718984127044678,0.20111601054668427,10.426907539367676,-1.3156217336654663,1.874627709388733,-1.9398760795593262,5.236149311065674,32.92331314086914,-70.50879669189453,77.99264208063744,707278482,1720697914
3.0,0,-0.8499546051025391,3.4668569564819336,10.118050575256348,-1.2309318780899048,1.8802202939987183,-1.9883464574813843,3.316227912902832,32.39794158935547,-71.35220336914062,78.43316207082823,720278482,1720697914
3.0,0,5.619277477264404,0.9409356117248535,8.748546600341797,-1.24025297164917,1.8424029350280762,-2.0559918880462646,4.188919544219971,32.57306671142578,-71.18351745605469,78.39416355412808,732278482,1720697914
3.0,0,6.141221046447754,-0.514761209487915,9.603289604187012,-1.2160178422927856,1.879421353340149,-2.0935428142547607,6.4579176902771,30.646699905395508,-72.02692413330078,78.54172595563475,745278482,1720697914
3.0,0,7.204262733459473,-0.4046262502670288,8.509122848510742,-1.1686129570007324,1.8378756046295166,-2.0922112464904785,7.156070709228516,30.646699905395508,-73.03901672363281,79.53067035453657,757278482,1720697914
3.0,0,0.3758954107761383,1.0798014402389526,9.739761352539062,-1.1305291652679443,1.9233641624450684,-2.1009998321533203,7.156070709228516,30.646699905395508,-73.03901672363281,79.53067035453657,770278482,1720697914
3.0,0,-4.225830554962158,0.13886581361293793,10.848294258117676,-1.035186529159546,1.976894736289978,-2.1348226070404053,7.156070709228516,30.646699905395508,-73.03901672363281,79.53067035453657,782278482,1720697914
3.0,0,-2.9257590770721436,1.5394952297210693,10.649571418762207,-0.9923089146614075,2.0112497806549072,-2.1590576171875,11.170452117919922,30.82182502746582,-73.20769500732422,80.21303202614811,795278482,1720697914
3.0,0,3.7014923095703125,0.5937711000442505,9.636809349060059,-0.960350513458252,2.022435426712036,-2.2016687393188477,13.78852653503418,30.9969482421875,-76.75,83.91362680957242,807278482,1720697914
3.0,0,5.794056415557861,-0.7039060592651367,8.82276725769043,-0.9206688404083252,1.9718345403671265,-2.2093920707702637,14.137603759765625,29.946205139160156,-75.40055084228516,82.35223196504653,820278482,1720697914
3.0,0,3.5985400676727295,-0.2657604515552521,9.737366676330566,-0.8799218535423279,1.987014889717102,-2.2272355556488037,14.312141418457031,31.172073364257812,-75.23187255859375,82.68234514381578,832278482,1720697914
3.0,0,3.7302231788635254,-1.185148000717163,9.447664260864258,-0.8173365592956543,1.9966022968292236,-2.232828378677368,13.963065147399902,30.121328353881836,-76.24395751953125,83.15890011509883,845278482,1720697914
3.0,0,-5.985595226287842,-1.0630418062210083,10.807591438293457,-0.7883077263832092,2.0754330158233643,-2.2631888389587402,18.675600051879883,30.29645347595215,-77.08736419677734,84.90650651937635,857278482,1720697914
3.0,0,-6.14600944519043,-0.3591357469558716,10.45563793182373,-0.7446312308311462,2.182760000228882,-2.2789018154144287,18.326522827148438,29.245708465576172,-78.09944915771484,85.38557759555154,870278482,1720697914
3.0,0,-4.731014728546143,1.9944003820419312,11.032649993896484,-0.6658004522323608,2.1633188724517822,-2.2983431816101074,20.420982360839844,29.946205139160156,-78.77417755126953,86.71310611261327,882278482,1720697914
3.0,0,4.735803127288818,0.5243381857872009,8.87065315246582,-0.6418315768241882,2.0946080684661865,-2.291152238845825,22.166366577148438,28.89546012878418,-77.08736419677734,85.25700641057759,895278482,1720697914
3.0,0,6.7709059715271,-1.6735725402832031,8.336737632751465,-0.5851054191589355,2.104994535446167,-2.311925172805786,21.9918270111084,31.522321701049805,-78.26813507080078,87.19631980864851,907278482,1720697914
3.0,0,-1.9632753133773804,-1.2043018341064453,10.161147117614746,-0.5534133315086365,2.169177770614624,-2.337225914001465,22.51544189453125,30.29645347595215,-80.12362670898438,88.56983557581678,920278482,1720697914
3.0,0,-6.804425239562988,-1.4054179191589355,11.659939765930176,-0.5249170660972595,2.258927583694458,-2.3638577461242676,25.308055877685547,28.194965362548828,-79.11154174804688,87.71596092990343,932278482,1720697914
3.0,0,-5.7892680168151855,-1.0319167375564575,10.201848983764648,-0.43197131156921387,2.245877981185913,-2.3630588054656982,25.8316707611084,30.471576690673828,-79.95494842529297,89.3788900021542,945278482,1720697914
3.0,0,0.7565792798995972,-0.27054890990257263,9.56258773803711,-0.3869631886482239,2.221909284591675,-2.3502755165100098,29.49697494506836,31.697444915771484,-81.1357192993164,91.96632259319617,957278482,1720697914
3.0,0,1.7765247821807861,-0.39983779191970825,8.794036865234375,-0.3558037579059601,2.262922525405884,-2.3750431537628174,31.41689682006836,30.121328353881836,-80.62966918945312,91.62673944436654,970278482,1720697914
3.0,0,-2.193122148513794,0.1412600576877594,9.038249015808105,-0.29614803194999695,2.28555965423584,-2.371314764022827,32.46412658691406,32.57306671142578,-79.28022003173828,91.6530276549499,982278482,1720697914
3.0,0,-4.276109218597412,-1.3455618619918823,10.66872501373291,-0.2633906304836273,2.3430848121643066,-2.3864951133728027,33.68589401245117,28.89546012878418,-80.79835510253906,92.18492967263278,995278482,1720697914
3.0,0,-2.044679641723633,-2.6216909885406494,9.32795238494873,-0.21944782137870789,2.2876901626586914,-2.3739778995513916,34.209510803222656,31.522321701049805,-80.29231262207031,92.79441179845128,7278482,1720697915
3.0,0,1.74061119556427,-2.1739683151245117,8.420536041259766,-0.17417339980602264,2.289820671081543,-2.371314764022827,34.209510803222656,31.522321701049805,-80.29231262207031,92.79441179845128,20278482,1720697915
3.0,0,2.2266414165496826,-3.533895492553711,8.030275344848633,-0.13608960807323456,2.351074457168579,-2.3686516284942627,34.209510803222656,31.522321701049805,-80.29231262207031,92.79441179845128,32278482,1720697915
3.0,0,-3.1556060314178467,-1.3814754486083984,9.143595695495605,-0.055128276348114014,2.3734452724456787,-2.392087697982788,40.492889404296875,30.471576690673828,-80.96703338623047,95.51885454553563,45278482,1720697915
3.0,0,-9.088528633117676,1.3599272966384888,10.410147666931152,0.002929521957412362,2.426975727081299,-2.38969087600708,41.88919448852539,31.172073364257812,-81.64176177978516,96.91119666597542,57278482,1720697915
3.0,0,-3.0526535511016846,-2.0710160732269287,9.54103946685791,0.025300417095422745,2.4040722846984863,-2.366521120071411,42.76188659667969,30.646699905395508,-81.1357192993164,96.69955587600249,70278482,1720697915
3.0,0,-1.7501882314682007,-3.562626600265503,9.569769859313965,0.05139978975057602,2.4136595726013184,-2.358797788619995,44.68180847167969,29.771080017089844,-79.95494842529297,96.30978658150526,83278482,1720697915
3.0,0,-0.3974435329437256,-1.122897744178772,8.583344459533691,0.10173431038856506,2.4666574001312256,-2.3840982913970947,45.20542526245117,32.047691345214844,-78.43681335449219,96.0360280463778,95278482,1720697915
3.0,0,-4.683129787445068,-1.328802227973938,8.846710205078125,0.17364074289798737,2.4711849689483643,-2.3870277404785156,46.42719268798828,32.222816467285156,-78.26813507080078,96.53856788575771,108278482,1720697915
3.0,0,-8.636016845703125,-1.019945502281189,10.151569366455078,0.23249751329421997,2.50793719291687,-2.3793044090270996,52.01241683959961,33.623809814453125,-79.28022003173828,100.60420160319158,120278482,1720697915
3.0,0,-1.8004671335220337,-2.506767511367798,8.494757652282715,0.24794407188892365,2.474114418029785,-2.3595967292785645,52.536033630371094,32.39794158935547,-79.44890594482422,100.60710762499981,133278482,1720697915
3.0,0,-5.861095428466797,-2.937730312347412,8.624046325683594,0.3022734224796295,2.5372321605682373,-2.32124662399292,52.536033630371094,32.39794158935547,-79.44890594482422,100.60710762499981,145278482,1720697915
3.0,0,-6.579366683959961,-2.9975860118865967,8.612074851989746,0.3419550955295563,2.6139326095581055,-2.3268392086029053,52.536033630371094,32.39794158935547,-79.44890594482422,100.60710762499981,158278482,1720697915
3.0,0,-9.160355567932129,-1.714274525642395,9.198662757873535,0.36539125442504883,2.600616455078125,-2.351074457168579,55.328643798828125,33.44868469238281,-77.42472839355469,100.86952909121644,170278482,1720697915
3.0,0,-6.3782501220703125,-2.762950897216797,8.688690185546875,0.4114646911621094,2.579843521118164,-2.3422858715057373,56.375877380371094,33.44868469238281,-76.41263580322266,100.67743028332133,183278482,1720697915
3.0,0,0.6225019693374634,-2.4325461387634277,6.004749774932861,0.4370313882827759,2.609405279159546,-2.3369596004486084,60.04117965698242,35.02479934692383,-76.24395751953125,103.17374124327566,195278482,1720697915
3.0,0,1.999189019203186,-5.1978912353515625,6.100518703460693,0.5249170660972595,2.5545430183410645,-2.25653076171875,60.91387176513672,33.44868469238281,-77.08736419677734,103.78716683615828,208278482,1720697915
3.0,0,-9.823558807373047,-4.604119777679443,8.413352966308594,0.5693925023078918,2.625650405883789,-2.234426259994507,61.43748474121094,33.623809814453125,-75.9065933227539,103.28085992879315,220278482,1720697915
3.0,0,-12.957616806030273,-0.7110887169837952,9.248942375183105,0.5930950045585632,2.6996877193450928,-2.277303695678711,61.786563873291016,34.67455291748047,-75.23187255859375,103.34282144381348,233278482,1720697915
3.0,0,-12.359057426452637,1.3790812492370605,8.487574577331543,0.6157322525978088,2.7090086936950684,-2.2746405601501465,64.75371551513672,35.19992446899414,-72.70165252685547,103.52588389274337,245278482,1720697915
3.0,0,-2.784498929977417,-3.993589162826538,7.474811553955078,0.6373041868209839,2.700486660003662,-2.2461442947387695,64.4046401977539,35.900421142578125,-72.36428833007812,103.31209098036535,258278482,1720697915
3.0,0,-0.2561835050582886,-5.947287559509277,5.782085418701172,0.6958945989608765,2.6781156063079834,-2.1963424682617188,64.57917785644531,35.37504959106445,-72.87033081054688,103.59512275499847,270278482,1720697915
3.0,0,-7.314397811889648,-2.6767585277557373,7.0318779945373535,0.7720621824264526,2.7636044025421143,-2.1902170181274414,67.02271270751953,36.776039123535156,-70.84615325927734,104.2290674616611,283278482,1720697915
3.0,0,-6.787665367126465,-2.0470738410949707,6.893012046813965,0.7864434719085693,2.713536024093628,-2.177966356277466,67.89540100097656,38.00190734863281,-69.3280258178711,104.21279001648925,295278482,1720697915
3.0,0,-10.278464317321777,-0.7493965029716492,7.3910136222839355,0.8365116715431213,2.7763876914978027,-2.156660795211792,67.37178802490234,40.27852249145508,-69.83406829833984,105.06243044430403,308278482,1720697915
3.0,0,-7.517908096313477,-2.274526357650757,6.512328147888184,0.8548877239227295,2.8203306198120117,-2.1396162509918213,70.33894348144531,38.00190734863281,-68.6532974243164,105.38020297689543,320278482,1720697915
3.0,0,-4.747774600982666,-5.865883827209473,5.8395466804504395,0.8708670139312744,2.8118083477020264,-2.12337064743042,70.68801879882812,38.00190734863281,-65.27967071533203,103.45229032041644,333278482,1720697915
3.0,0,-4.793264865875244,-3.9552814960479736,5.480411052703857,0.9225330352783203,2.7947638034820557,-2.0932765007019043,70.68801879882812,39.40290069580078,-65.61703491210938,104.18723460963726,345278482,1720697915
3.0,0,-8.810796737670898,-1.0510705709457397,6.181922912597656,0.9465019106864929,2.835510730743408,-2.1033966541290283,72.60794067382812,39.578025817871094,-65.44835662841797,105.46004248953628,358278482,1720697915
3.0,0,-13.326330184936523,-2.7773163318634033,6.9744157791137695,0.9755308032035828,2.8802525997161865,-2.0767645835876465,72.25886535644531,41.32926559448242,-62.74945068359375,104.24464196433755,370278482,1720697915
3.0,0,-4.369484901428223,-6.292057991027832,3.5722033977508545,1.0053585767745972,2.8789210319519043,-2.001662254333496,72.60794067382812,40.62876892089844,-63.761539459228516,104.82434749204339,383278482,1720697915
3.0,0,-3.0837788581848145,-6.325577259063721,4.695101261138916,1.0309253931045532,2.860811233520508,-1.9902106523513794,72.60794067382812,40.62876892089844,-63.761539459228516,104.82434749204339,395278482,1720697915
3.0,0,-11.202640533447266,-0.04549052566289902,6.220230579376221,1.1049623489379883,2.9146080017089844,-1.9934064149856567,76.62232208251953,42.90538024902344,-60.21923065185547,106.48102007368271,408278482,1720697915
3.0,0,-12.667914390563965,1.5490721464157104,6.567395210266113,1.1153489351272583,2.951892852783203,-2.005657196044922,75.92416381835938,42.90538024902344,-60.21923065185547,105.9797435651348,420278482,1720697915
3.0,0,-8.197872161865234,-7.379042625427246,4.824389934539795,1.0868526697158813,2.920999526977539,-1.9518605470657349,77.84408569335938,45.53224182128906,-58.02637481689453,107.23780535379375,433278482,1720697915
3.0,0,-13.4149169921875,-12.758895874023438,7.5945234298706055,1.1401166915893555,2.813406229019165,-1.8671706914901733,77.32047271728516,44.656620025634766,-56.84560775756836,105.84938514070679,445278482,1720697915
3.0,0,24.076459884643555,24.31109619140625,35.42754364013672,1.2192137241363525,1.9699703454971313,-1.4003113508224487,76.97139739990234,45.00687026977539,-55.15879440307617,104.84611098736525,458278482,1720697915
3.0,0,4.414975166320801,-7.22820520401001,33.758758544921875,0.4623318314552307,0.9438386559486389,-0.7723284959793091,77.49501037597656,45.18199157714844,-53.978023529052734,104.69248311198469,470278482,1720697915
3.0,0,-6.339942932128906,-0.07422138750553131,18.631961822509766,0.013582328334450722,0.986982524394989,-0.3115946054458618,76.62232208251953,46.057613372802734,-54.82143020629883,104.86979165031288,483278482,1720697915
3.0,0,39.22600173950195,17.41568946838379,21.59363555908203,0.18615780770778656,-0.545423686504364,-0.03488794341683388,76.97139739990234,46.057613372802734,-55.833518981933594,105.65643193482454,495278482,1720697915
3.0,0,-31.891252517700195,-9.847502708435059,13.4149169921875,-0.2556673586368561,-0.19547900557518005,0.3201168477535248,76.79685974121094,46.933231353759766,-55.32747268676758,105.64854521157297,508278482,1720697915
3.0,0,-9.339923858642578,-10.659148216247559,-3.0646250247955322,-0.29934385418891907,-0.3632607161998749,0.29668065905570984,76.79685974121094,46.933231353759766,-55.32747268676758,105.64854521157297,520278482,1720697915
3.0,0,-1.5418894290924072,-4.259349822998047,-7.508331298828125,0.013582328334450722,-0.391490638256073,0.0700422003865242,75.22601318359375,45.707366943359375,-53.13461685180664,102.81733297640731,533278482,1720697915
3.0,0,-7.891409397125244,-8.111679077148438,4.271320819854736,0.12490416318178177,-0.19654428958892822,0.04021434485912323,75.74962615966797,46.23273849487305,-53.30329895019531,103.52156128574696,546278482,1720697915
3.0,0,-1.7382169961929321,-5.511536598205566,5.461257457733154,0.048203952610492706,-0.09241309762001038,0.0876193419098854,75.40055084228516,45.53224182128906,-54.9901123046875,103.83804969217458,558278482,1720697915
3.0,0,-7.4676289558410645,-5.272112846374512,6.1555867195129395,0.058324117213487625,-0.09028254449367523,0.004527443088591099,76.62232208251953,45.707366943359375,-55.15879440307617,104.89345181760913,571278482,1720697915
3.0,0,-7.5945234298706055,-5.724623203277588,4.711860656738281,0.04580707103013992,-0.0375511460006237,-0.03488794341683388,78.01862335205078,46.407859802246094,-54.82143020629883,106.04708506620155,583278482,1720697915
3.0,0,-6.390222072601318,-5.135641098022461,5.006352424621582,0.02982785925269127,-0.00825592502951622,-0.03914906829595566,76.62232208251953,46.057613372802734,-55.49615478515625,105.22408083159462,596278482,1720697915
3.0,0,-7.340734481811523,-6.433318138122559,4.043868541717529,0.055128276348114014,-0.018109772354364395,-0.04554075002670288,77.14593505859375,46.582984924316406,-55.32747268676758,105.74780855615339,608278482,1720697915
3.0,0,-5.233805179595947,-6.280086994171143,5.150006294250488,0.07084116339683533,-0.011718087829649448,-0.06258523464202881,75.57508850097656,44.656620025634766,-54.484066009521484,103.31660642401229,621278482,1720697915
3.0,0,-4.735803127288818,-4.898611545562744,6.29445219039917,0.0556609146296978,-0.018109772354364395,-0.02263721451163292,77.32047271728516,46.407859802246094,-55.49615478515625,105.88658153225737,633278482,1720697915
3.0,0,-7.230599403381348,-5.293660640716553,5.363093852996826,0.0412796251475811,-0.02982785925269127,0.005592723377048969,77.32047271728516,46.407859802246094,-55.49615478515625,105.88658153225737,646278482,1720697915
3.0,0,-2.916182041168213,-8.327159881591797,7.99196720123291,0.03222474083304405,-0.25806424021720886,0.05033451318740845,76.44778442382812,46.582984924316406,-53.64065933227539,104.36263009991848,658278482,1720697915
3.0,0,-2.916182041168213,-8.327159881591797,7.99196720123291,0.03222474083304405,-0.25806424021720886,0.05033451318740845,76.79685974121094,45.88248825073242,-55.66483688354492,105.36381949920707,671278482,1720697915
3.0,0,-13.857851028442383,-16.31433868408203,1.6424474716186523,-0.056193556636571884,-0.7153359651565552,0.8349137306213379,76.62232208251953,44.656620025634766,-57.85769271850586,105.89006827904272,683278482,1720697915
3.0,0,13.077329635620117,-2.4157862663269043,0.8930508494377136,0.20400124788284302,-1.3718152046203613,0.9552904367446899,76.97139739990234,43.95612335205078,-56.17087936401367,104.93762188253065,696278482,1720697915
3.0,0,-23.32227325439453,-10.029463768005371,7.824370384216309,0.1619226634502411,-1.1441113948822021,1.0098860263824463,76.62232208251953,44.306373596191406,-56.84560775756836,105.19248121367784,708278482,1720697915
3.0,0,-7.067790985107422,-1.276128888130188,9.718213081359863,0.09614157676696777,-1.2032345533370972,0.8887104392051697,76.62232208251953,43.60587692260742,-56.84560775756836,104.89936065026451,721278482,1720697915
3.0,0,-4.635245323181152,-2.3535361289978027,8.592921257019043,0.016245530918240547,-1.2863264083862305,0.7520881295204163,77.14593505859375,43.08050537109375,-59.0384635925293,106.26836510674289,733278482,1720697915
3.0,0,-4.015137672424316,-7.4293212890625,5.420555591583252,-0.03275737911462784,-1.1542315483093262,0.7861771583557129,76.27324676513672,41.504390716552734,-58.869781494140625,104.90888329410227,746278482,1720697915
3.0,0,-0.5482805371284485,-3.770925283432007,3.251375675201416,-0.022370893508195877,-1.1435787677764893,0.7877750992774963,76.09870147705078,40.9790153503418,-59.0384635925293,104.67011153592628,758278482,1720697915
3.0,0,-2.628873586654663,-6.711049556732178,2.9281532764434814,0.052198752760887146,-1.2093600034713745,0.8684700727462769,76.09870147705078,40.9790153503418,-59.0384635925293,104.67011153592628,771278482,1720697915
3.0,0,-9.129230499267578,-6.6440110206604,5.217044830322266,0.12277359515428543,-1.1260017156600952,0.8812534213066101,76.09870147705078,40.9790153503418,-59.0384635925293,104.67011153592628,783278482,1720697915
3.0,0,-6.720626354217529,-4.486802577972412,8.815585136413574,0.10546278208494186,-1.1571612358093262,0.8013573884963989,75.05147552490234,39.92827224731445,-62.07472610473633,105.26282593631386,796278482,1720697915
3.0,0,-7.165955066680908,-5.738989353179932,7.601706027984619,0.038882747292518616,-1.1070929765701294,0.7670021057128906,76.97139739990234,42.20488357543945,-62.580772399902344,107.80631377372325,808278482,1720697915
3.0,0,-4.508350372314453,-4.458071708679199,6.323183059692383,0.03621954470872879,-1.1289311647415161,0.7819160223007202,75.57508850097656,39.05265426635742,-61.231319427490234,104.81401760265383,821278482,1720697915
3.0,0,-4.233013153076172,-2.5953543186187744,5.020717620849609,0.07776549458503723,-1.1443777084350586,0.8207987546920776,75.57508850097656,40.80389404296875,-61.231319427490234,105.47903227576371,833278482,1720697915
3.0,0,-3.5985400676727295,-4.431735038757324,4.898611545562744,0.0844234973192215,-1.1339912414550781,0.8122764825820923,74.00424194335938,37.826786041259766,-63.086814880371094,104.34289520409489,846278482,1720697915
3.0,0,-4.522716045379639,-5.236199378967285,6.979204177856445,0.11611559242010117,-1.1252027750015259,0.8194671869277954,74.35332489013672,37.47653579711914,-64.43626403808594,105.28504063140643,858278482,1720697915
3.0,0,-8.580949783325195,-2.8275954723358154,7.410167217254639,0.10919126868247986,-1.0820589065551758,0.8210650682449341,75.57508850097656,38.35215759277344,-64.26758575439453,106.36166871880971,871278482,1720697915
3.0,0,-4.769322395324707,-5.308026313781738,7.225811004638672,0.09907110780477524,-1.1084245443344116,0.8050858974456787,74.35332489013672,36.776039123535156,-63.42417907714844,104.41992370924338,883278482,1720697915
3.0,0,-2.171574115753174,-3.737405776977539,6.074182510375977,0.09108150005340576,-1.1419808864593506,0.807216465473175,74.35332489013672,36.776039123535156,-63.42417907714844,104.41992370924338,896278482,1720697915
3.0,0,-5.97601842880249,-5.822787284851074,6.375855922698975,0.09933742135763168,-1.0754008293151855,0.8042868971824646,73.30609130859375,35.37504959106445,-66.12307739257812,104.86867273108318,908278482,1720697915
3.0,0,-8.815585136413574,-4.9656500816345215,6.524299144744873,0.11877879500389099,-1.0871189832687378,0.8162713050842285,74.87693786621094,35.550174713134766,-66.29176330566406,106.1365565134323,921278482,1720697915
3.0,0,-4.70228385925293,-3.818809986114502,7.316792011260986,0.12330623716115952,-1.1020328998565674,0.7976289391517639,73.30609130859375,35.72529602050781,-66.79780578613281,105.41359806276756,933278482,1720697915
3.0,0,-3.6560018062591553,-2.6911237239837646,7.0534257888793945,0.1456771343946457,-1.085787296295166,0.8037542700767517,74.52786254882812,36.250667572021484,-66.62911987304688,106.33885842236167,946278482,1720697915
3.0,0,-1.4102063179016113,-3.560232400894165,7.443686485290527,0.12357256561517715,-1.1121530532836914,0.8042868971824646,73.13155364990234,33.79893112182617,-65.61703491210938,103.90470227513033,958278482,1720697915
3.0,0,-4.233013153076172,-4.419764041900635,7.146801471710205,0.14780768752098083,-1.0967063903808594,0.8010910749435425,73.65516662597656,34.67455291748047,-66.79780578613281,105.3060067069749,971278482,1720697915
3.0,0,-7.754937171936035,-3.7733194828033447,7.261724948883057,0.12916527688503265,-1.0671449899673462,0.7939004302024841,73.65516662597656,33.974056243896484,-68.484619140625,106.15772759060111,983278482,1720697915
3.0,0,-6.5147223472595215,-5.834758281707764,7.398196220397949,0.12836632132530212,-1.0823252201080322,0.7931014895439148,71.90978240966797,34.32430648803711,-68.82198333740234,105.28836693853782,996278482,1720697915
3.0,0,-5.820393085479736,-3.641636371612549,6.80203104019165,0.14061705768108368,-1.0679439306259155,0.7840465903282166,71.56070709228516,33.623809814453125,-67.80989074707031,104.16178123052599,8278482,1720697916
3.0,0,-0.5123670101165771,-2.2122762203216553,7.723812580108643,0.1544657051563263,-1.1116204261779785,0.7928351759910583,71.56070709228516,33.623809814453125,-67.80989074707031,104.16178123052599,21278482,1720697916
3.0,0,-6.02869176864624,-4.28808069229126,7.757331371307373,0.14407920837402344,-1.0679439306259155,0.7981615662574768,69.81532287597656,32.92331314086914,-70.84615325927734,104.77261707185517,33278482,1720697916
3.0,0,-4.537081718444824,-3.584174633026123,7.977601528167725,0.15499833226203918,-1.078330397605896,0.7912371754646301,70.86255645751953,32.92331314086914,-69.83406829833984,104.79620007883904,46278482,1720697916
3.0,0,-7.300032615661621,-2.4876136779785156,8.104496955871582,0.1645858734846115,-1.0642154216766357,0.7904382348060608,70.33894348144531,30.9969482421875,-71.01483917236328,104.6493437776436,59278482,1720697916
3.0,0,-6.383039474487305,-2.1787569522857666,6.842732906341553,0.17124387621879578,-1.0463719367980957,0.7872424125671387,70.51348114013672,30.121328353881836,-71.52088165283203,104.85552897535345,71278482,1720697916
3.0,0,-6.383039474487305,-2.1787569522857666,6.842732906341553,0.17124387621879578,-1.0463719367980957,0.7872424125671387,71.73524475097656,30.29645347595215,-73.03901672363281,106.7638440515241,84278482,1720697916
3.0,0,-4.010348796844482,-3.375875949859619,7.728600978851318,0.16991227865219116,-1.0690091848373413,0.7869760990142822,69.29170989990234,29.946205139160156,-72.70165252685547,104.80289377314215,96278482,1720697916
3.0,0,-8.092525482177734,-3.122086763381958,8.698267936706543,0.17870083451271057,-1.0322569608688354,0.7739263772964478,69.46624755859375,30.471576690673828,-73.54505920410156,105.65487338131759,109278482,1720697916
3.0,0,-4.917765140533447,-4.0606279373168945,7.819581985473633,0.18615780770778656,-1.0335886478424072,0.7803180813789368,68.59355926513672,28.89546012878418,-72.70165252685547,104.04592384543284,121278482,1720697916
3.0,0,-4.556235313415527,-2.3583245277404785,7.556215763092041,0.19627796113491058,-1.0785967111587524,0.7656704783439636,68.41902160644531,29.771080017089844,-72.19561004638672,103.82526586981191,134278482,1720697916
3.0,0,-1.4461199045181274,-2.9018168449401855,8.159564018249512,0.19254949688911438,-1.0690091848373413,0.7696652412414551,68.41902160644531,29.771080017089844,-72.19561004638672,103.82526586981191,146278482,1720697916
3.0,0,-3.864300489425659,-3.201096534729004,8.20266056060791,0.18722309172153473,-1.0586227178573608,0.7563492655754089,65.80094146728516,28.545211791992188,-73.37637329101562,102.60938149883395,159278482,1720697916
3.0,0,-5.640825271606445,-4.716649055480957,8.09970760345459,0.21545302867889404,-1.0559594631195068,0.7962972521781921,65.80094146728516,27.14422035217285,-73.71373748779297,102.4709114379669,171278482,1720697916
3.0,0,-3.0789904594421387,-3.2825005054473877,8.135621070861816,0.21545302867889404,-1.0652806758880615,0.7795191407203674,66.1500244140625,27.14422035217285,-74.05110168457031,102.93784575755873,184278482,1720697916
3.0,0,-4.503561973571777,-3.35432767868042,8.197872161865234,0.2301006317138672,-1.0652806758880615,0.7670021057128906,64.92825317382812,27.669591903686523,-76.24395751953125,103.89622435180868,196278482,1720697916
3.0,0,-0.6464443206787109,-0.9912146329879761,8.015909194946289,0.23223118484020233,-1.0730040073394775,0.7643388509750366,65.97547912597656,25.918352127075195,-75.56922912597656,103.61097052715787,209278482,1720697916
3.0,0,-1.6472358703613281,-3.921762228012085,8.269699096679688,0.20772972702980042,-1.0730040073394775,0.748359739780426,63.35740661621094,24.69248390197754,-75.7379150390625,101.78463297003904,221278482,1720697916
3.0,0,-7.003147125244141,-3.019134521484375,8.351102828979492,0.21065925061702728,-1.009087085723877,0.7531534433364868,63.53194808959961,25.918352127075195,-77.25604248046875,103.32746732977942,234278482,1720697916
3.0,0,-3.42854905128479,-2.944913148880005,8.777276992797852,0.23915551602840424,-1.0546278953552246,0.757148265838623,62.83379364013672,24.51736068725586,-76.91868591308594,102.30186137542293,246278482,1720697916
3.0,0,-6.414164066314697,-3.3232028484344482,8.794036865234375,0.2588632106781006,-1.0229357481002808,0.7715295553207397,63.18286895751953,25.918352127075195,-75.9065933227539,102.10605670846415,259278482,1720697916
3.0,0,-0.2561835050582886,-2.789287567138672,8.952056884765625,0.2775056064128876,-1.0564920902252197,0.755816638469696,63.18286895751953,25.918352127075195,-75.9065933227539,102.10605670846415,271278482,1720697916
3.0,0,-8.676718711853027,-1.5323125123977661,9.763703346252441,0.2708476185798645,-0.9912436604499817,0.7510228753089905,59.866641998291016,24.69248390197754,-77.08736419677734,100.67867353222107,284278482,1720697916
3.0,0,-1.8052555322647095,-1.8459577560424805,8.473209381103516,0.24661247432231903,-1.0413118600845337,0.7422342896461487,61.26294708251953,23.991989135742188,-78.77417755126953,102.63593560154307,296278482,1720697916
3.0,0,-3.4644627571105957,-2.8491435050964355,8.413352966308594,0.2671191394329071,-1.0253326892852783,0.7432995438575745,61.088409423828125,22.065624237060547,-76.5813217163086,100.41605635913594,309278482,1720697916
3.0,0,-3.897819995880127,-2.865903377532959,8.82276725769043,0.2684507369995117,-1.001630187034607,0.7464954257011414,57.5976448059082,22.76612091064453,-78.60549926757812,100.07302065797192,321278482,1720697916
3.0,0,-1.5131585597991943,-2.8204126358032227,9.11725902557373,0.2884247303009033,-1.06315016746521,0.7382395267486572,59.5175666809082,22.24074935913086,-77.76209259033203,100.41879664534626,334278482,1720697916
3.0,0,-4.2449846267700195,-2.2386128902435303,9.313586235046387,0.29668065905570984,-1.0160114765167236,0.7544850707054138,58.29579544067383,21.014881134033203,-79.95494842529297,101.15739603622511,346278482,1720697916
3.0,0,-3.229827404022217,-0.4884245991706848,9.38062572479248,0.29747962951660156,-1.0208052396774292,0.724124550819397,56.89949035644531,21.365129470825195,-80.62966918945312,100.97110633111328,359278482,1720697916
3.0,0,-4.482014179229736,-2.296074390411377,9.478789329528809,0.2964143455028534,-1.0072228908538818,0.7401037812232971,57.248565673828125,20.66463279724121,-78.94285583496094,99.68149180131111,371278482,1720697916
3.0,0,-1.6735725402832031,-1.7645535469055176,8.703056335449219,0.2713802456855774,-1.0208052396774292,0.7057484984397888,57.248565673828125,20.66463279724121,-78.94285583496094,99.68149180131111,384278482,1720697916
3.0,0,0.009576953016221523,-1.628082036972046,9.373442649841309,0.31665468215942383,-1.0466382503509521,0.7270541191101074,57.248565673828125,20.66463279724121,-78.94285583496094,99.68149180131111,396278482,1720697916
3.0,0,-2.0303139686584473,-0.7350311875343323,9.699058532714844,0.3065345287322998,-1.0149462223052979,0.7118738293647766,54.28141403198242,18.73826789855957,-80.79835510253906,99.12602473833844,409278482,1720697916
3.0,0,-3.9050025939941406,-2.6480274200439453,9.519491195678711,0.29481643438339233,-1.0330559015274048,0.7132053971290588,53.5832633972168,19.438764572143555,-80.79835510253906,98.88076593383941,421278482,1720697916
3.0,0,-6.450077533721924,1.0438878536224365,9.426115989685059,0.3289054334163666,-0.9632800817489624,0.7073463797569275,53.23418426513672,20.83975601196289,-80.12362670898438,98.42748275767977,434278482,1720697916
3.0,0,-2.837172269821167,0.27773162722587585,9.301615715026855,0.329171746969223,-1.013614535331726,0.7118738293647766,52.186954498291016,18.03777313232422,-82.1478042602539,98.98030725432652,446278482,1720697916
3.0,0,-2.018342971801758,-0.9600895047187805,9.270490646362305,0.3265085518360138,-1.0120166540145874,0.6982914805412292,50.44157409667969,16.987028121948242,-82.1478042602539,97.88346778975333,459278482,1720697916
3.0,0,-1.4269659519195557,-1.1516284942626953,10.316773414611816,0.341422438621521,-1.01627779006958,0.6926987767219543,51.13972473144531,17.337276458740234,-83.1598892211914,99.15351620540551,471278482,1720697916
3.0,0,-6.902588844299316,-0.3687126934528351,10.278464317321777,0.33236756920814514,-0.9568883776664734,0.6988241076469421,50.965187072753906,18.56314468383789,-80.29231262207031,96.89631623603744,484278482,1720697916
3.0,0,-1.5011874437332153,-1.9704581499099731,9.021490097045898,0.3310359716415405,-1.0114840269088745,0.6836438775062561,49.394344329833984,17.337276458740234,-82.8225326538086,97.97935661134024,496278482,1720697916
3.0,0,-2.9568841457366943,-1.6616014242172241,9.478789329528809,0.36299437284469604,-1.0074892044067383,0.6799154281616211,49.394344329833984,17.337276458740234,-82.8225326538086,97.97935661134024,509278482,1720697916
3.0,0,4.003166198730469,-1.2282441854476929,8.49954605102539,0.33609604835510254,-1.026397943496704,0.6745890378952026,47.9980354309082,15.586036682128906,-83.1598892211914,97.2743703138921,521278482,1720697916
3.0,0,-2.1763625144958496,-1.5825914144515991,9.933694839477539,0.3520752489566803,-1.0176093578338623,0.6695289015769958,47.474422454833984,16.111408233642578,-83.32857513427734,97.2473634429234,534278482,1720697916
3.0,0,-3.198702335357666,0.22266416251659393,10.556196212768555,0.3589996099472046,-0.9670085906982422,0.6796491146087646,46.60173034667969,16.28653335571289,-83.49725341796875,96.9987823036758,546278482,1720697916
3.0,0,-3.2585582733154297,0.055067479610443115,10.01988697052002,0.34994468092918396,-0.9872488379478455,0.6586098074913025,46.42719268798828,16.111408233642578,-82.9912109375,96.45000149834783,559278482,1720697916
3.0,0,-2.3104398250579834,-1.7118803262710571,9.605684280395508,0.372848242521286,-0.9765960574150085,0.67032790184021,45.0308837890625,13.30942440032959,-82.31648254394531,94.76774013924671,572278482,1720697916
3.0,0,4.778899669647217,-2.8419606685638428,8.430112838745117,0.3640596866607666,-1.034653902053833,0.6423642635345459,45.9035758972168,13.834795951843262,-84.17198181152344,96.86827334716003,584278482,1720697916
3.0,0,-4.362302303314209,-1.8196210861206055,10.005521774291992,0.3882948160171509,-0.9691390991210938,0.6527507901191711,45.0308837890625,16.111408233642578,-82.31648254394531,95.2016873196205,597278482,1720697916
3.0,0,-0.8882623910903931,-0.2346353530883789,9.816376686096191,0.3803052008152008,-0.9867162108421326,0.6349073052406311,44.50727081298828,14.185044288635254,-83.49725341796875,95.6760365244909,609278482,1720697916
3.0,0,-3.3926355838775635,-1.2497923374176025,10.302406311035156,0.4072035551071167,-0.9829877018928528,0.6495549082756042,43.1109619140625,13.834795951843262,-81.47307586669922,93.20846907532497,622278482,1720697916
3.0,0,-1.264157772064209,-0.15323124825954437,9.725396156311035,0.39868131279945374,-0.9600841999053955,0.6412989497184753,43.1109619140625,13.834795951843262,-81.47307586669922,93.20846907532497,634278482,1720697916
3.0,0,-0.33519336581230164,-1.9896119832992554,9.385414123535156,0.3827020823955536,-0.9864498972892761,0.629048228263855,40.31835174560547,15.586036682128906,-82.1478042602539,92.82648206045528,647278482,1720697916
3.0,0,-1.61371648311615,-0.10534647852182388,9.600895881652832,0.4146605134010315,-0.9776613712310791,0.6072099804878235,40.31835174560547,13.484548568725586,-82.1478042602539,92.49683390454874,659278482,1720697916
3.0,0,-1.61371648311615,-0.10534647852182388,9.600895881652832,0.4346345067024231,-0.9811235070228577,0.6109384894371033,38.22389221191406,13.484548568725586,-83.8346176147461,93.11896743704281,672278482,1720697916
3.0,0,-1.4389371871948242,0.4405398368835449,9.871444702148438,0.42691123485565186,-0.9403765797615051,0.604280412197113,37.52573776245117,11.032812118530273,-82.48516845703125,91.28913929512024,684278482,1720697916
3.0,0,-0.8355891108512878,-1.4796391725540161,10.175512313842773,0.4223838150501251,-1.0021628141403198,0.5997530221939087,38.92204284667969,12.433804512023926,-83.1598892211914,92.65577202356485,697278482,1720697916
3.0,0,0.7637620568275452,-0.36392420530319214,10.247340202331543,0.4386293292045593,-0.9824550747871399,0.6109384894371033,35.954891204833984,11.908432006835938,-82.31648254394531,90.6121860061909,709278482,1720697916
3.0,0,-0.23224110901355743,-1.2809175252914429,9.363865852355957,0.422916442155838,-0.9776613712310791,0.5933613181114197,36.82758331298828,11.733307838439941,-83.8346176147461,92.31567860400196,722278482,1720697916
3.0,0,-2.3008627891540527,0.42138591408729553,10.247340202331543,0.4391619563102722,-0.9531598687171936,0.604546844959259,35.954891204833984,10.857687950134277,-81.9791259765625,90.17328143665974,734278482,1720697916
3.0,0,2.655210256576538,0.26097196340560913,9.600895881652832,0.42371538281440735,-0.951029360294342,0.5808442831039429,35.954891204833984,10.857687950134277,-81.9791259765625,90.17328143665974,747278482,1720697916
3.0,0,-2.4588825702667236,6.311212062835693,18.378171920776367,0.5278465747833252,-0.5805779695510864,0.5243843793869019,35.954891204833984,10.857687950134277,-81.9791259765625,90.17328143665974,759278482,1720697916
3.0,0,14.741324424743652,0.4046262502670288,29.322235107421875,0.3190515637397766,-0.7161349058151245,0.19361475110054016,32.98773956298828,12.083556175231934,-81.47307586669922,88.72466050933333,772278482,1720697916
3.0,0,-39.22719955444336,10.6328125,35.4921875,0.07829813659191132,0.2058655023574829,0.08788565546274185,33.16228103637695,10.507440567016602,-82.65384674072266,89.67609253220114,784278482,1720697916
3.0,0,10.836321830749512,-0.7422138452529907,14.260083198547363,-0.2708476185798645,0.006125363986939192,-0.20772972702980042,32.813201904296875,10.15719223022461,-81.64176177978516,88.57342739061798,797278482,1720697916
3.0,0,-3.763742446899414,1.0774072408676147,4.663976192474365,-0.23036694526672363,0.046872351318597794,-0.22157837450504303,32.98773956298828,9.982068061828613,-82.8225326538086,89.70732723394289,809278482,1720697916
3.0,0,3.198702335357666,-3.9361279010772705,0.7661562561988831,-0.03009418025612831,0.12543679773807526,-0.09747318178415298,33.16228103637695,9.806943893432617,-81.64176177978516,88.66391768116142,822278482,1720697916
3.0,0,6.950473308563232,-1.3766870498657227,3.9624643325805664,0.11797983199357986,0.02583305537700653,-0.04207858443260193,33.511356353759766,11.908432006835938,-82.31648254394531,89.6706476832735,834278482,1720697916
3.0,0,-0.826012134552002,-0.2849143445491791,7.443686485290527,0.17870083451271057,0.019441373646259308,0.010652806609869003,34.03497314453125,11.032812118530273,-81.81044006347656,89.29193940984507,847278482,1720697916
3.0,0,-1.3479561805725098,0.34237605333328247,12.912127494812012,0.19840852916240692,-0.013582328334450722,0.015180249698460102,33.33681869506836,11.383060455322266,-81.1357192993164,88.4529394212247,859278482,1720697916
3.0,0,-1.611322283744812,0.2992797791957855,14.935257911682129,0.1025332659482956,-0.0287625789642334,-0.03728482499718666,33.33681869506836,11.383060455322266,-81.1357192993164,88.4529394212247,872278482,1720697916
3.0,0,-2.2793147563934326,0.26097196340560913,12.737346649169922,0.0197076927870512,0.018376091495156288,-0.06871060281991959,32.813201904296875,11.908432006835938,-81.64176177978516,88.7912959618271,885224143,1720697916
3.0,0,0.7661562561988831,0.05746171623468399,8.676718711853027,-0.0098538463935256,0.006125363986939192,-0.0825592502951622,32.813201904296875,11.558184623718262,-80.96703338623047,88.12467501429477,898224143,1720697916
3.0,0,1.7717362642288208,-1.0223398208618164,7.3910136222839355,0.04420914873480797,-0.01384864840656519,-0.05539459362626076,33.68589401245117,11.733307838439941,-81.47307586669922,88.93971025043098,910224143,1720697916
3.0,0,1.4173890352249146,-1.27373468875885,8.87065315246582,0.08202660828828812,-0.01384864840656519,-0.028229938820004463,33.86043167114258,12.25868034362793,-80.29231262207031,87.99806556353177,923224143,1720697916
3.0,0,-0.26815468072891235,0.1316830962896347,10.565773010253906,0.1057291105389595,-0.007989604957401752,-0.013049688190221786,32.46412658691406,11.20793628692627,-81.64176177978516,88.57152260952822,935224143,1720697916
3.0,0,-1.4796391725540161,0.07900986075401306,12.088509559631348,0.0825592502951622,-0.007456964813172817,-0.01864241249859333,32.289588928222656,10.682564735412598,-80.46099090576172,87.35391118900716,948224143,1720697916
3.0,0,-1.2976771593093872,0.05267323926091194,11.561776161193848,0.04234490543603897,-0.006125363986939192,-0.04847027361392975,33.68589401245117,10.332316398620605,-81.47307586669922,88.76574963779794,960224143,1720697916
3.0,0,-0.24900077283382416,-0.39265507459640503,9.883415222167969,0.029295219108462334,0.004527443088591099,-0.0644494816660881,34.38404846191406,10.332316398620605,-81.81044006347656,89.34185835414523,973224143,1720697916
3.0,0,1.0055800676345825,-0.8810796737670898,8.57376766204834,0.03835010528564453,-0.005326403304934502,-0.06471580266952515,32.98773956298828,10.332316398620605,-82.48516845703125,89.43573524616193,985224143,1720697916
3.0,0,1.3048597574234009,-0.5434920787811279,9.459635734558105,0.06684636324644089,-0.012517048045992851,-0.03914906829595566,32.98773956298828,10.332316398620605,-82.48516845703125,89.43573524616193,998224143,1720697916
3.0,0,0.014365429058670998,-0.897839367389679,10.22818660736084,0.0881519764661789,-0.002130561275407672,-0.024235136806964874,32.98773956298828,12.083556175231934,-82.8225326538086,89.96541116732985,10224143,1720697917
3.0,0,-0.4884245991706848,0.03591357171535492,10.757311820983887,0.07723285257816315,-0.012517048045992851,-0.029561540111899376,33.68589401245117,9.281572341918945,-81.1357192993164,88.33963995157458,23224143,1720697917
3.0,0,-0.6751751899719238,-0.3280106484889984,10.896178245544434,0.056459877640008926,-0.00825592502951622,-0.04154594615101814,31.94051170349121,10.332316398620605,-81.1357192993164,87.80636649047453,36224143,1720697917
3.0,0,-0.22026991844177246,-0.35434725880622864,10.453243255615234,0.051133476197719574,-0.014114969410002232,-0.05060083419084549,33.33681869506836,11.383060455322266,-82.8225326538086,90.00271918796993,48224143,1720697917
3.0,0,0.30406826734542847,-0.5578575134277344,9.835530281066895,0.04926923289895058,-0.009054886177182198,-0.049002911895513535,35.25674057006836,11.20793628692627,-80.96703338623047,89.01862775174565,61224143,1720697917
3.0,0,0.636867344379425,-0.34477031230926514,9.663145065307617,0.058324117213487625,-0.010652806609869003,-0.043676506727933884,33.511356353759766,11.20793628692627,-80.62966918945312,88.0327915840519,73224143,1720697917
3.0,0,0.3112509846687317,-0.4309628903865814,10.082138061523438,0.06365051865577698,-0.013049688190221786,-0.03435530140995979,33.511356353759766,10.15719223022461,-81.30439758300781,88.52448601944107,86224143,1720697917
3.0,0,-0.2442122995853424,-0.39983779191970825,10.513099670410156,0.0644494816660881,-0.011984407901763916,-0.038616426289081573,34.90766143798828,12.25868034362793,-81.64176177978516,89.63368416696734,98224143,1720697917
3.0,0,-0.29688555002212524,-0.25139501690864563,10.381417274475098,0.05353035405278206,-0.009587526321411133,-0.03835010528564453,32.813201904296875,10.857687950134277,-81.64176177978516,88.6564880498987,111224143,1720697917
3.0,0,-0.1508370041847229,-0.2346353530883789,10.139598846435547,0.05353035405278206,-0.007723285350948572,-0.04633970931172371,32.813201904296875,10.857687950134277,-81.64176177978516,88.6564880498987,123224143,1720697917
3.0,0,0.2082987278699875,-0.35195302963256836,10.161147117614746,0.054062992334365845,-0.014647609554231167,-0.045008108019828796,33.86043167114258,10.857687950134277,-82.31648254394531,89.66839754889266,136224143,1720697917
3.0,0,0.37350115180015564,-0.4692707061767578,10.086926460266113,0.0537966750562191,-0.007723285350948572,-0.04207858443260193,33.68589401245117,10.332316398620605,-82.48516845703125,89.69559204868499,148224143,1720697917
3.0,0,0.1508370041847229,-0.39265507459640503,10.139598846435547,0.0556609146296978,-0.010652806609869003,-0.03595322370529175,33.511356353759766,10.507440567016602,-80.29231262207031,87.63716550721122,161224143,1720697917
3.0,0,-0.04070204868912697,-0.34477031230926514,10.216214179992676,0.05033451318740845,-0.014647609554231167,-0.033556342124938965,33.68589401245117,11.733307838439941,-82.1478042602539,89.55820293546918,173224143,1720697917
3.0,0,-0.1221061497926712,-0.3687126934528351,10.21142578125,0.05539459362626076,-0.011185446754097939,-0.043942827731370926,32.813201904296875,11.908432006835938,-81.30439758300781,88.48119595942063,186224143,1720697917
3.0,0,0.004788476508110762,-0.32322216033935547,10.249733924865723,0.05592723563313484,-0.009321206249296665,-0.041812267154455185,33.33681869506836,10.682564735412598,-80.79835510253906,88.0558621405193,198224143,1720697917
3.0,0,0.18435634672641754,-0.3567414879798889,10.209031105041504,0.04980187490582466,-0.009587526321411133,-0.04021434485912323,33.16228103637695,11.20793628692627,-81.64176177978516,88.82979222003524,211224143,1720697917
3.0,0,0.08379834145307541,-0.33519336581230164,9.744549751281738,0.051133476197719574,-0.011718087829649448,-0.04101330414414406,33.16228103637695,12.25868034362793,-81.64176177978516,88.96847415691742,223224143,1720697917
3.0,0,0.09098105132579803,-0.37350115180015564,9.976790428161621,0.06471580266952515,-0.012250727973878384,-0.035686902701854706,32.63866424560547,11.733307838439941,-80.46099090576172,87.61805735181551,236224143,1720697917
3.0,0,0.11013495922088623,-0.38068386912345886,10.204242706298828,0.061519961804151535,-0.014114969410002232,-0.042877547442913055,32.63866424560547,11.733307838439941,-80.46099090576172,87.61805735181551,248224143,1720697917
3.0,0,0.11971191316843033,-0.37110692262649536,10.33592700958252,0.05885675922036171,-0.012517048045992851,-0.044741787016391754,33.511356353759766,10.507440567016602,-81.64176177978516,88.8751628884316,261224143,1720697917
3.0,0,0.15562549233436584,-0.289702832698822,10.182695388793945,0.053264033049345016,-0.013049688190221786,-0.04048066586256027,31.765974044799805,11.908432006835938,-81.64176177978516,88.40964385395701,273224143,1720697917
3.0,0,0.016759667545557022,-0.3878665864467621,10.029463768005371,0.05033451318740845,-0.010120166465640068,-0.04101330414414406,32.98773956298828,11.383060455322266,-82.48516845703125,89.56320696686718,286224143,1720697917
3.0,0,0.10055800527334213,-0.37350115180015564,10.082138061523438,0.05592723563313484,-0.009054886177182198,-0.0394153855741024,34.209510803222656,11.558184623718262,-81.9791259765625,89.57934671046038,298224143,1720697917
3.0,0,0.033519335091114044,-0.31364521384239197,10.21381950378418,0.06178628280758858,-0.01384864840656519,-0.0394153855741024,32.11505126953125,11.908432006835938,-81.64176177978516,88.53566816494494,311224143,1720697917
3.0,0,0.09816376864910126,-0.3399818241596222,10.280858993530273,0.05965571850538254,-0.011718087829649448,-0.0375511460006237,33.68589401245117,11.733307838439941,-81.81044006347656,89.24885473567367,323224143,1720697917
3.0,0,-0.014365429058670998,-0.3591357469558716,10.225790977478027,0.0556609146296978,-0.008522245101630688,-0.03835010528564453,34.03497314453125,12.083556175231934,-80.46099090576172,88.19502698183169,336224143,1720697917
3.0,0,0.03591357171535492,-0.31603944301605225,10.098896980285645,0.05459563434123993,-0.011984407901763916,-0.03914906829595566,34.38404846191406,11.032812118530273,-82.1478042602539,89.73431604829355,348224143,1720697917
3.0,0,-0.004788476508110762,-0.3375875949859619,10.091714859008789,0.057258836925029755,-0.013316008262336254,-0.04207858443260193,32.813201904296875,10.15719223022461,-80.96703338623047,87.95189178511652,361224143,1720697917
3.0,0,0.09337528795003891,-0.38307812809944153,10.173118591308594,0.059389397501945496,-0.012783369049429893,-0.037817467004060745,32.813201904296875,10.15719223022461,-80.96703338623047,87.95189178511652,373224143,1720697917
3.0,0,0.04309628903865814,-0.3591357469558716,10.283252716064453,0.05965571850538254,-0.009054886177182198,-0.038616426289081573,32.813201904296875,10.15719223022461,-80.96703338623047,87.95189178511652,386224143,1720697917
3.0,0,0.014365429058670998,-0.3591357469558716,10.182695388793945,0.05459563434123993,-0.011185446754097939,-0.043942827731370926,32.813201904296875,12.25868034362793,-80.62966918945312,87.90975495688774,398224143,1720697917
3.0,0,0.011971191503107548,-0.3782896399497986,10.12523365020752,0.05912308022379875,-0.013316008262336254,-0.03994802385568619,32.98773956298828,10.682564735412598,-82.48516845703125,89.4768750358809,411224143,1720697917
3.0,0,0.011971191503107548,-0.37350115180015564,10.130022048950195,0.05539459362626076,-0.011718087829649448,-0.0394153855741024,33.16228103637695,11.908432006835938,-82.31648254394531,89.54077805561406,423224143,1720697917
3.0,0,0.050279002636671066,-0.4333571195602417,10.21142578125,0.057258836925029755,-0.0143812894821167,-0.03994802385568619,33.86043167114258,10.507440567016602,-82.9912109375,90.24675192547443,436224143,1720697917
3.0,0,0.050279002636671066,-0.4333571195602417,10.21142578125,0.057258836925029755,-0.0143812894821167,-0.03994802385568619,32.63866424560547,10.682564735412598,-81.81044006347656,88.72625145042102,448224143,1720697917
3.0,0,-0.04549052566289902,-0.32322216033935547,10.254522323608398,0.05805779621005058,-0.010386486537754536,-0.04101330414414406,33.33681869506836,11.733307838439941,-81.1357192993164,88.49869456526983,461224143,1720697917
3.0,0,0.033519335091114044,-0.39983779191970825,10.144387245178223,0.05699251592159271,-0.0098538463935256,-0.04048066586256027,33.68589401245117,11.032812118530273,-82.48516845703125,89.7789809144975,474224143,1720697917
3.0,0,0.08858681470155716,-0.34237605333328247,10.072559356689453,0.058324117213487625,-0.014114969410002232,-0.04154594615101814,33.16228103637695,10.507440567016602,-82.31648254394531,89.3652420643098,486224143,1720697917
3.0,0,0.05746171623468399,-0.4142032265663147,10.139598846435547,0.05592723563313484,-0.012783369049429893,-0.039681706577539444,34.38404846191406,10.682564735412598,-81.81044006347656,89.38304135202173,499224143,1720697917
3.0,0,0.011971191503107548,-0.4070205092430115,10.221002578735352,0.056193556636571884,-0.012517048045992851,-0.03994802385568619,33.511356353759766,12.25868034362793,-82.65384674072266,90.02746597275075,511224143,1720697917
3.0,0,0.004788476508110762,-0.37110692262649536,10.199454307556152,0.057258836925029755,-0.012250727973878384,-0.03728482499718666,34.209510803222656,11.558184623718262,-80.62966918945312,88.34605715476165,524224143,1720697917
3.0,0,0.07182714343070984,-0.38068386912345886,10.072559356689453,0.0556609146296978,-0.011984407901763916,-0.037817467004060745,33.16228103637695,10.507440567016602,-80.62966918945312,87.81393251873918,536224143,1720697917
3.0,0,0.014365429058670998,-0.3854723572731018,10.175512313842773,0.05699251592159271,-0.01384864840656519,-0.03808378428220749,34.55858612060547,10.857687950134277,-81.64176177978516,89.31720175187411,549224143,1720697917
3.0,0,0.13886581361293793,-0.35434725880622864,10.165935516357422,0.05885675922036171,-0.012250727973878384,-0.040746983140707016,34.209510803222656,11.20793628692627,-81.9791259765625,89.53482876003456,561224143,1720697917
3.0,0,0.059855956584215164,-0.33519336581230164,10.201848983764648,0.05965571850538254,-0.008522245101630688,-0.039681706577539444,32.46412658691406,10.507440567016602,-81.64176177978516,88.4856095013633,574224143,1720697917
3.0,0,0.08858681470155716,-0.37350115180015564,10.149175643920898,0.056193556636571884,-0.008522245101630688,-0.04101330414414406,33.511356353759766,10.507440567016602,-81.64176177978516,88.8751628884316,586224143,1720697917
3.0,0,0.009576953016221523,-0.38307812809944153,10.122838973999023,0.05859043821692467,-0.014647609554231167,-0.0394153855741024,34.03497314453125,11.383060455322266,-82.48516845703125,89.95419099554677,599224143,1720697917
3.0,0,0.11492343246936798,-0.42856863141059875,10.098896980285645,0.05432931333780289,-0.012783369049429893,-0.044741787016391754,34.03497314453125,11.733307838439941,-82.1478042602539,89.69008671286672,611224143,1720697917
3.0,0,0.08379834145307541,-0.40223202109336853,10.187483787536621,0.05779147893190384,-0.014114969410002232,-0.04021434485912323,34.03497314453125,11.733307838439941,-82.1478042602539,89.69008671286672,624224143,1720697917
3.0,0,0.04549052566289902,-0.35195302963256836,10.225790977478027,0.056193556636571884,-0.012250727973878384,-0.04154594615101814,34.03497314453125,11.733307838439941,-82.1478042602539,89.69008671286672,636224143,1720697917
3.0,0,-0.07182714343070984,-0.3782896399497986,10.1898775100708,0.056459877640008926,-0.010652806609869003,-0.04207858443260193,32.813201904296875,11.20793628692627,-81.64176177978516,88.70006381920555,649224143,1720697917
3.0,0,-0.002394238254055381,-0.3112509846687317,10.185089111328125,0.0556609146296978,-0.010386486537754536,-0.038616426289081573,33.511356353759766,9.806943893432617,-81.9791259765625,89.10535477219489,661224143,1720697917
3.0,0,0.033519335091114044,-0.3663184642791748,10.201848983764648,0.05459563434123993,-0.012783369049429893,-0.03835010528564453,34.55858612060547,11.558184623718262,-80.96703338623047,88.78934621799071,674224143,1720697917
3.0,0,0.002394238254055381,-0.3782896399497986,10.17790699005127,0.059389397501945496,-0.010120166465640068,-0.03914906829595566,32.11505126953125,11.908432006835938,-80.96703338623047,87.91386560874805,686224143,1720697917
3.0,0,0.09576953202486038,-0.3375875949859619,10.194665908813477,0.05805779621005058,-0.011718087829649448,-0.040746983140707016,34.03497314453125,9.982068061828613,-81.81044006347656,89.16820724406,699224143,1720697917
3.0,0,-0.04070204868912697,-0.3974435329437256,10.235368728637695,0.057258836925029755,-0.011185446754097939,-0.039681706577539444,33.68589401245117,11.733307838439941,-81.47307586669922,88.93971025043098,711224143,1720697917
3.0,0,0.02633661963045597,-0.35195302963256836,10.15635871887207,0.05459563434123993,-0.00825592502951622,-0.03994802385568619,32.813201904296875,11.558184623718262,-82.31648254394531,89.36610738650175,724224143,1720697917
3.0,0,0.050279002636671066,-0.3591357469558716,10.165935516357422,0.058324117213487625,-0.011984407901763916,-0.04207858443260193,33.511356353759766,11.20793628692627,-81.9791259765625,89.27040907468486,736224143,1720697917
3.0,0,0.07182714343070984,-0.3758954107761383,10.187483787536621,0.056459877640008926,-0.0143812894821167,-0.042877547442913055,33.511356353759766,11.20793628692627,-81.9791259765625,89.27040907468486,749224143,1720697917
3.0,0,0.028730858117341995,-0.42856863141059875,10.175512313842773,0.05539459362626076,-0.011718087829649448,-0.0375511460006237,32.813201904296875,12.25868034362793,-81.64176177978516,88.83894826868782,761224143,1720697917
3.0,0,0.002394238254055381,-0.3854723572731018,10.235368728637695,0.056459877640008926,-0.00878856610506773,-0.0375511460006237,32.289588928222656,10.682564735412598,-80.46099090576172,87.35391118900716,774224143,1720697917
3.0,0,0.033519335091114044,-0.34477031230926514,10.115656852722168,0.054062992334365845,-0.011984407901763916,-0.038882747292518616,33.33681869506836,11.383060455322266,-81.81044006347656,89.0722496034375,786224143,1720697917
3.0,0,0.05267323926091194,-0.3375875949859619,10.12523365020752,0.059389397501945496,-0.011984407901763916,-0.04101330414414406,32.11505126953125,11.20793628692627,-80.96703338623047,87.82172196685384,799224143,1720697917
3.0,0,0.05746171623468399,-0.3471645414829254,10.197060585021973,0.05805779621005058,-0.013316008262336254,-0.03914906829595566,32.813201904296875,10.507440567016602,-81.9791259765625,88.92519115730167,811224143,1720697917
3.0,0,0.055067479610443115,-0.37350115180015564,10.201848983764648,0.05539459362626076,-0.012517048045992851,-0.038882747292518616,34.38404846191406,9.982068061828613,-80.46099090576172,88.06744874787337,824224143,1720697917
3.0,0,0.12450038641691208,-0.3878665864467621,10.158753395080566,0.057258836925029755,-0.014913929626345634,-0.040746983140707016,32.46412658691406,10.507440567016602,-80.29231262207031,87.2420843889051,836224143,1720697917
3.0,0,0.03591357171535492,-0.3878665864467621,10.139598846435547,0.056193556636571884,-0.012517048045992851,-0.043676506727933884,33.511356353759766,10.507440567016602,-82.31648254394531,89.49536641829964,849224143,1720697917
3.0,0,0.028730858117341995,-0.3663184642791748,10.185089111328125,0.05672619491815567,-0.007989604957401752,-0.040746983140707016,34.209510803222656,10.857687950134277,-81.30439758300781,88.87398428873382,861224143,1720697917
3.0,0,0.08858681470155716,-0.4237801730632782,10.165935516357422,0.0537966750562191,-0.012783369049429893,-0.041812267154455185,34.209510803222656,10.857687950134277,-81.30439758300781,88.87398428873382,874224143,1720697917
3.0,0,0.14844277501106262,-0.40941473841667175,10.139598846435547,0.05805779621005058,-0.011718087829649448,-0.039681706577539444,34.55858612060547,10.15719223022461,-80.62966918945312,88.30972756303626,887224143,1720697917
3.0,0,0.06464443355798721,-0.3591357469558716,10.194665908813477,0.05859043821692467,-0.01145176775753498,-0.038882747292518616,32.98773956298828,10.682564735412598,-81.47307586669922,88.54473582310102,899224143,1720697917
3.0,0,0.07900986075401306,-0.2944912910461426,10.146780967712402,0.06018836051225662,-0.01384864840656519,-0.03994802385568619,31.765974044799805,11.558184623718262,-80.96703338623047,87.74012328563148,912224143,1720697917
3.0,0,0.016759667545557022,-0.3663184642791748,10.192272186279297,0.0575251579284668,-0.011984407901763916,-0.038616426289081573,32.813201904296875,11.558184623718262,-81.9791259765625,89.05545994990545,924224143,1720697917
3.0,0,0.04309628903865814,-0.3280106484889984,10.194665908813477,0.0575251579284668,-0.0143812894821167,-0.03994802385568619,34.03497314453125,11.032812118530273,-80.79835510253906,88.36558451947089,937224143,1720697917
3.0,0,0.06464443355798721,-0.38068386912345886,10.21381950378418,0.05459563434123993,-0.013049688190221786,-0.040746983140707016,33.86043167114258,11.908432006835938,-81.64176177978516,89.18361313786708,949224143,1720697917
3.0,0,0.04309628903865814,-0.30406826734542847,10.113262176513672,0.06072099879384041,-0.008522245101630688,-0.038616426289081573,34.90766143798828,11.20793628692627,-80.96703338623047,88.88094935501067,962224143,1720697917
3.0,0,0.04788476601243019,-0.308856725692749,10.139598846435547,0.0575251579284668,-0.010386486537754536,-0.03994802385568619,33.16228103637695,11.20793628692627,-80.96703338623047,88.21006300141954,974224143,1720697917
3.0,0,0.11492343246936798,-0.39265507459640503,10.149175643920898,0.05912308022379875,-0.013049688190221786,-0.038882747292518616,34.03497314453125,11.383060455322266,-81.1357192993164,88.71842203565137,987224143,1720697917
3.0,0,0.09576953202486038,-0.29688555002212524,10.144387245178223,0.055128276348114014,-0.011185446754097939,-0.0412796251475811,34.03497314453125,11.383060455322266,-81.1357192993164,88.71842203565137,999224143,1720697917
3.0,0,0.07661562412977219,-0.3591357469558716,10.21381950378418,0.05859043821692467,-0.011984407901763916,-0.04101330414414406,34.03497314453125,11.383060455322266,-81.1357192993164,88.71842203565137,12224143,1720697918
3.0,0,0.016759667545557022,-0.33519336581230164,10.151569366455078,0.058324117213487625,-0.015180249698460102,-0.04021434485912323,32.98773956298828,12.083556175231934,-80.79835510253906,88.10549062681353,24224143,1720697918
3.0,0,0.0,-0.40223202109336853,10.130022048950195,0.05486195534467697,-0.011718087829649448,-0.04021434485912323,33.86043167114258,11.20793628692627,-80.96703338623047,88.47489567179423,37224143,1720697918
3.0,0,0.023942383006215096,-0.39983779191970825,10.199454307556152,0.05699251592159271,-0.0098538463935256,-0.039681706577539444,32.813201904296875,10.507440567016602,-81.64176177978516,88.61427533410588,49224143,1720697918
3.0,0,0.08858681470155716,-0.29688555002212524,10.163541793823242,0.05885675922036171,-0.013049688190221786,-0.03621954470872879,33.16228103637695,9.806943893432617,-81.30439758300781,88.35337061142822,62224143,1720697918
3.0,0,0.03830781206488609,-0.3663184642791748,10.223396301269531,0.06072099879384041,-0.013049688190221786,-0.043676506727933884,33.16228103637695,10.507440567016602,-82.9912109375,89.98713398968573,74224143,1720697918
3.0,0,0.10295224189758301,-0.30646249651908875,10.130022048950195,0.05672619491815567,-0.00825592502951622,-0.040746983140707016,32.813201904296875,11.20793628692627,-81.9791259765625,89.01067998226424,87224143,1720697918
3.0,0,0.06703867018222809,-0.38068386912345886,10.15635871887207,0.05912308022379875,-0.010919126681983471,-0.04021434485912323,31.94051170349121,11.032812118530273,-83.1598892211914,89.7635026411318,99224143,1720697918
3.0,0,0.07661562412977219,-0.36392420530319214,10.163541793823242,0.05805779621005058,-0.013049688190221786,-0.038616426289081573,34.38404846191406,10.682564735412598,-82.1478042602539,89.69192674225772,112224143,1720697918
3.0,0,0.07661562412977219,-0.36392420530319214,10.163541793823242,0.05912308022379875,-0.01145176775753498,-0.0394153855741024,34.209510803222656,11.20793628692627,-81.30439758300781,88.9174534697402,124224143,1720697918
3.0,0,0.007182714529335499,-0.3304048776626587,10.199454307556152,0.0556609146296978,-0.012250727973878384,-0.04261122643947601,33.16228103637695,10.857687950134277,-81.30439758300781,88.47616253824498,137224143,1720697918
3.0,0,0.016759667545557022,-0.4142032265663147,10.134810447692871,0.0556609146296978,-0.010386486537754536,-0.03728482499718666,33.68589401245117,10.682564735412598,-82.8225326538086,90.04681315813217,149224143,1720697918
3.0,0,0.08858681470155716,-0.36152997612953186,10.21142578125,0.05672619491815567,-0.011185446754097939,-0.03835010528564453,32.63866424560547,12.083556175231934,-82.48516845703125,89.5270783001555,162224143,1720697918
3.0,0,0.09337528795003891,-0.36152997612953186,10.130022048950195,0.057258836925029755,-0.011984407901763916,-0.04048066586256027,33.511356353759766,10.507440567016602,-81.30439758300781,88.56535653557698,174224143,1720697918
3.0,0,0.03112509660422802,-0.37350115180015564,10.113262176513672,0.05672619491815567,-0.01384864840656519,-0.0394153855741024,32.98773956298828,10.682564735412598,-82.8225326538086,89.7879728359707,187224143,1720697918
3.0,0,0.07422138750553131,-0.30406826734542847,10.216214179992676,0.05699251592159271,-0.009321206249296665,-0.03701850399374962,34.38404846191406,12.083556175231934,-82.48516845703125,90.17803576179769,199224143,1720697918
3.0,0,0.007182714529335499,-0.3208279311656952,10.221002578735352,0.05699251592159271,-0.011718087829649448,-0.04101330414414406,32.46412658691406,11.908432006835938,-81.9791259765625,88.97363296951362,212224143,1720697918
3.0,0,0.014365429058670998,-0.4525110125541687,10.206637382507324,0.057258836925029755,-0.00878856610506773,-0.038616426289081573,33.511356353759766,11.558184623718262,-80.62966918945312,88.07806872352094,224224143,1720697918
3.0,0,0.04309628903865814,-0.37110692262649536,10.173118591308594,0.0575251579284668,-0.009054886177182198,-0.0375511460006237,32.813201904296875,9.806943893432617,-80.62966918945312,87.60151780272837,237224143,1720697918
3.0,0,0.03591357171535492,-0.35434725880622864,10.173118591308594,0.05672619491815567,-0.011718087829649448,-0.03648586571216583,32.813201904296875,9.806943893432617,-80.62966918945312,87.60151780272837,249224143,1720697918
3.0,0,0.06464443355798721,-0.3375875949859619,10.098896980285645,0.051932431757450104,-0.00825592502951622,-0.03994802385568619,32.813201904296875,9.806943893432617,-80.62966918945312,87.60151780272837,262224143,1720697918
3.0,0,0.10534647852182388,-0.32322216033935547,10.168330192565918,0.0575251579284668,-0.012783369049429893,-0.038882747292518616,32.289588928222656,11.733307838439941,-81.47307586669922,88.42030398707145,274224143,1720697918
3.0,0,0.06703867018222809,-0.40223202109336853,10.098896980285645,0.05592723563313484,-0.011718087829649448,-0.04101330414414406,32.289588928222656,10.332316398620605,-80.46099090576172,87.31177110133474,287224143,1720697918
3.0,0,0.05267323926091194,-0.3663184642791748,10.139598846435547,0.05539459362626076,-0.009587526321411133,-0.03994802385568619,32.813201904296875,12.608928680419922,-81.64176177978516,88.88795513559334,299224143,1720697918
3.0,0,0.04070204868912697,-0.3663184642791748,10.161147117614746,0.056459877640008926,-0.0098538463935256,-0.040746983140707016,33.16228103637695,10.507440567016602,-80.62966918945312,87.81393251873918,312224143,1720697918
3.0,0,0.06703867018222809,-0.3950493037700653,10.13720417022705,0.056459877640008926,-0.01145176775753498,-0.04341018572449684,33.68589401245117,11.383060455322266,-82.1478042602539,89.51298936762532,324224143,1720697918
3.0,0,0.08619257807731628,-0.3304048776626587,10.185089111328125,0.0575251579284668,-0.007989604957401752,-0.0394153855741024,34.38404846191406,11.733307838439941,-82.48516845703125,90.13177196109967,337224143,1720697918
3.0,0,-0.014365429058670998,-0.3591357469558716,10.187483787536621,0.0556609146296978,-0.010652806609869003,-0.040746983140707016,33.86043167114258,11.20793628692627,-80.96703338623047,88.47489567179423,349224143,1720697918
3.0,0,31.060453414916992,1.4389371871948242,6.48599100112915,0.20426756143569946,-0.37258192896842957,-0.1813640296459198,33.33681869506836,10.682564735412598,-82.8225326538086,89.91680924735559,362224143,1720697918
3.0,0,11.612055778503418,-1.7358226776123047,28.089202880859375,0.1400844007730484,-0.3001428544521332,0.536635160446167,31.94051170349121,10.332316398620605,-82.48516845703125,89.05479248994344,374224143,1720697918
3.0,0,37.10350799560547,-1.8651115894317627,20.975921630859375,0.11558295786380768,-0.5134652853012085,0.811477541923523,32.63866424560547,10.332316398620605,-83.1598892211914,89.9311199817916,387224143,1720697918
3.0,0,26.34140968322754,-3.4477031230926514,18.155508041381836,-0.004261122550815344,-0.8064174652099609,1.0010974407196045,33.16228103637695,11.20793628692627,-81.9791259765625,89.1399563340063,400224143,1720697918
3.0,0,35.54725646972656,-0.2992797791957855,12.974376678466797,0.12836632132530212,-0.6117374300956726,1.5973883867263794,31.242359161376953,10.682564735412598,-83.1598892211914,89.47496504931188,412224143,1720697918
3.0,0,34.31182861328125,-4.843544006347656,9.61526107788086,0.09800582379102707,-1.2317308187484741,1.696459412574768,30.195127487182617,11.032812118530273,-82.1478042602539,88.21411685207187,425224143,1720697918
3.0,0,17.774824142456055,4.9656500816345215,14.782027244567871,0.36192911863327026,-0.8823187351226807,2.324176073074341,28.27520751953125,10.15719223022461,-81.64176177978516,86.99444339026189,437224143,1720697918
3.0,0,39.22600173950195,4.922553539276123,9.610472679138184,0.33609604835510254,-1.6565114259719849,2.400876522064209,28.10066795349121,12.083556175231934,-81.81044006347656,87.34190273088882,450224143,1720697918
3.0,0,-9.306404113769531,14.020659446716309,20.85381507873535,0.3976159989833832,-1.0322569608688354,2.898362398147583,27.57705307006836,11.20793628692627,-82.65384674072266,87.85083990992935,462224143,1720697918
3.0,0,-39.22719955444336,14.782027244567871,0.8379833698272705,0.1957453191280365,-0.8990969061851501,2.601149082183838,24.9589786529541,11.383060455322266,-83.8346176147461,88.20866052343634,475224143,1720697918
3.0,0,-11.4444580078125,8.293641090393066,-2.245795488357544,0.38669687509536743,-1.0975054502487183,1.6706264019012451,22.51544189453125,13.834795951843262,-79.78626251220703,84.04876196828818,487224143,1720697918
3.0,0,-3.153211832046509,0.019153906032443047,5.568997859954834,0.5717893838882446,-1.0873852968215942,1.6629031896591187,22.51544189453125,13.834795951843262,-79.78626251220703,84.04876196828818,500224143,1720697918
3.0,0,-5.901797294616699,5.003958225250244,10.405359268188477,0.6540823578834534,-1.0181419849395752,1.663169503211975,22.51544189453125,13.834795951843262,-79.78626251220703,84.04876196828818,512224143,1720697918
3.0,0,6.258538722991943,3.7972617149353027,15.696625709533691,0.5305097699165344,-1.1411819458007812,1.652782917022705,20.420982360839844,14.185044288635254,-82.1478042602539,85.82828057716911,525224143,1720697918
3.0,0,8.7892484664917,5.633642673492432,16.661502838134766,0.4860343039035797,-0.9805908799171448,1.6740885972976685,20.246444702148438,14.009920120239258,-80.29231262207031,83.98244966094352,537224143,1720697918
3.0,0,9.75412654876709,4.766928195953369,9.790040016174316,0.42877548933029175,-0.9816561341285706,1.7981938123703003,17.279293060302734,14.185044288635254,-79.78626251220703,82.8591403274327,550224143,1720697918
3.0,0,0.9624837636947632,1.908207893371582,6.8211846351623535,0.44368940591812134,-0.9584863185882568,1.9393434524536133,18.326522827148438,11.383060455322266,-80.46099090576172,83.30310055334425,562224143,1720697918
3.0,0,0.25139501690864563,3.1412405967712402,6.423741340637207,0.540363609790802,-0.9480997920036316,1.904988169670105,15.010294914245605,15.060664176940918,-81.30439758300781,84.03890542599318,575224143,1720697918
3.0,0,0.6560212969779968,3.8523292541503906,9.378231048583984,0.6439622044563293,-1.0506330728530884,1.8570505380630493,15.882987022399902,14.885540008544922,-79.44890594482422,82.3770431244606,587224143,1720697918
3.0,0,-1.6472358703613281,3.5674149990081787,11.35826587677002,0.6799154281616211,-0.9755308032035828,1.8293533325195312,14.137603759765625,14.185044288635254,-79.44890594482422,81.93421737813945,600224143,1720697918
3.0,0,-2.8778743743896484,4.575389385223389,10.50831127166748,0.7102758884429932,-0.9861835837364197,1.7957969903945923,11.868605613708496,15.060664176940918,-78.94285583496094,81.23830310908623,612224143,1720697918
3.0,0,5.774902820587158,2.317622661590576,8.36546802520752,0.5936276316642761,-0.9792592525482178,1.7811492681503296,11.694067001342773,15.586036682128906,-78.09944915771484,80.49347614078452,625224143,1720697918
3.0,0,-2.6983065605163574,4.977621555328369,11.149968147277832,0.6665993928909302,-0.9430397152900696,1.7928673028945923,11.694067001342773,15.586036682128906,-78.09944915771484,80.49347614078452,637224143,1720697918
3.0,0,2.683941125869751,5.705469608306885,8.652776718139648,0.7156022787094116,-0.9595515727996826,1.8056507110595703,9.075992584228516,15.060664176940918,-76.91868591308594,78.9029878359212,650224143,1720697918
3.0,0,2.832383871078491,2.044679641723633,7.821976184844971,0.7515555024147034,-0.9555567502975464,1.7832797765731812,8.203300476074219,15.586036682128906,-77.08736419677734,79.07389200592074,662224143,1720697918
3.0,0,-1.5107643604278564,4.108512878417969,9.225000381469727,0.8120101690292358,-0.9278594851493835,1.7739585638046265,8.028762817382812,15.41091251373291,-75.56922912597656,77.54138022745057,675224143,1720697918
3.0,0,-1.5107643604278564,4.108512878417969,9.225000381469727,0.8120101690292358,-0.9278594851493835,1.7739585638046265,7.156070709228516,16.63677978515625,-74.38846588134766,76.56131951446295,687224143,1720697918
3.0,0,8.106890678405762,2.60014271736145,8.710238456726074,0.794433057308197,-0.9816561341285706,1.7390706539154053,5.759764194488525,17.687524795532227,-75.06318664550781,77.33372748256107,700224143,1720697918
3.0,0,1.5490721464157104,4.5538411140441895,10.084531784057617,0.8460991978645325,-0.9566220641136169,1.7286841869354248,5.061611175537109,18.03777313232422,-75.40055084228516,77.6931414900025,712224143,1720697918
3.0,0,2.703094959259033,2.116506576538086,9.088528633117676,0.8402401804924011,-0.9118802547454834,1.7457287311553955,4.887072563171387,16.811904907226562,-74.8945083618164,76.91365943449524,725224143,1720697918
3.0,0,4.125272274017334,2.420574903488159,8.834739685058594,0.9028253555297852,-0.9209351539611816,1.7310810089111328,3.8398427963256836,18.56314468383789,-74.21977996826172,76.6022876407146,737224143,1720697918
3.0,0,5.133246898651123,3.739799976348877,8.83952808380127,0.9198698997497559,-0.9784603118896484,1.6975247859954834,2.618074655532837,17.337276458740234,-72.70165252685547,74.78613340749983,750224143,1720697918
3.0,0,-1.3982350826263428,4.75495719909668,10.687880516052246,0.9728676080703735,-0.9180055856704712,1.6959267854690552,2.618074655532837,17.337276458740234,-72.70165252685547,74.78613340749983,762224143,1720697918
3.0,0,2.5714118480682373,4.089359283447266,8.647988319396973,0.9622148275375366,-0.8737964630126953,1.6796813011169434,2.618074655532837,17.337276458740234,-72.70165252685547,74.78613340749983,775224143,1720697918
3.0,0,10.604080200195312,1.5083701610565186,5.897008895874023,0.9371806979179382,-0.9712696671485901,1.660506248474121,2.268998146057129,19.789012908935547,-70.00274658203125,72.78143934771362,787224143,1720697918
3.0,0,-3.4740395545959473,3.7302231788635254,10.252128601074219,1.011217713356018,-0.8993632197380066,1.6328089237213135,0.34907662868499756,21.715375900268555,-71.85824584960938,75.06854801823172,800224143,1720697918
3.0,0,-1.0989553928375244,4.206676483154297,11.16433334350586,1.0809935331344604,-0.8564856648445129,1.6357383728027344,-0.5236149430274963,21.540252685546875,-69.66539001464844,72.92134957787636,812224143,1720697918
3.0,0,-1.0989553928375244,4.206676483154297,11.16433334350586,1.1158815622329712,-0.8391748070716858,1.6107044219970703,0.17453831434249878,21.190004348754883,-69.66539001464844,72.81698506403917,825224143,1720697918
3.0,0,10.52985954284668,2.7509799003601074,8.497151374816895,1.0679439306259155,-0.9544914960861206,1.6101717948913574,-0.5236149430274963,22.24074935913086,-70.00274658203125,73.45277145004353,837224143,1720697918
3.0,0,-4.85072660446167,6.866674900054932,10.041435241699219,1.0943095684051514,-0.9145435094833374,1.5973883867263794,-1.5708448886871338,22.24074935913086,-67.97857666015625,71.54163382577123,850224143,1720697918
3.0,0,-0.19153906404972076,5.152400493621826,8.858681678771973,1.1297301054000854,-0.8024227023124695,1.6184276342391968,-0.8726915717124939,23.291492462158203,-68.31593322753906,72.18255983576425,862224143,1720697918
3.0,0,4.297657489776611,3.919368028640747,8.078160285949707,1.132127046585083,-0.8492950201034546,1.5739521980285645,-2.4435362815856934,21.715375900268555,-68.82198333740234,72.2079899356233,875224143,1720697918
3.0,0,5.535478591918945,2.2074875831604004,8.504334449768066,1.1696782112121582,-0.8959010243415833,1.5382652282714844,-2.4435362815856934,21.715375900268555,-68.82198333740234,72.2079899356233,887224143,1720697918
3.0,0,-0.011971191503107548,2.449305772781372,9.469212532043457,1.1968427896499634,-0.8586162328720093,1.557706594467163,-4.363457679748535,22.94124412536621,-66.62911987304688,70.60297486649877,900224143,1720697918
3.0,0,-0.09576953202486038,4.027108669281006,10.568167686462402,1.2202790975570679,-0.7765896320343018,1.524949312210083,-4.537996292114258,24.167112350463867,-64.77362823486328,69.28394939966589,913224143,1720697918
3.0,0,10.654359817504883,2.734220027923584,7.115676403045654,1.230132818222046,-0.8631436824798584,1.5284113883972168,-4.712534427642822,23.991989135742188,-65.27967071533203,69.70838494846562,925224143,1720697918
3.0,0,0.3878665864467621,4.515533447265625,9.308797836303711,1.2389214038848877,-0.8101459741592407,1.4727505445480347,-3.4907662868499756,24.51736068725586,-66.46044158935547,70.9244437453727,938224143,1720697918
3.0,0,6.873857498168945,4.242590427398682,7.510725498199463,1.279135823249817,-0.8245272636413574,1.4977847337722778,-5.236149311065674,26.268600463867188,-64.43626403808594,69.78172219946985,950224143,1720697918
3.0,0,-0.08140409737825394,6.490779399871826,8.674324989318848,1.2956476211547852,-0.7438322305679321,1.4402594566345215,-4.887072563171387,25.918352127075195,-64.77362823486328,69.93759625501183,963224143,1720697918
3.0,0,5.130852699279785,2.6456332206726074,9.098105430603027,1.307099461555481,-0.8069500923156738,1.4682230949401855,-5.236149311065674,28.7203369140625,-64.77362823486328,71.04856034272132,975224143,1720697918
3.0,0,3.016740322113037,4.405398368835449,9.289644241333008,1.355036973953247,-0.7579472064971924,1.3792721033096313,-6.4579176902771,25.743228912353516,-64.94230651855469,70.15640891378447,988224143,1720697918
3.0,0,1.6185050010681152,5.863489627838135,8.169140815734863,1.3624939918518066,-0.7707306146621704,1.4272098541259766,-5.4106879234313965,25.04273223876953,-63.592857360839844,68.5599408481629,224143,1720697919
3.0,0,0.9026277661323547,5.173948764801025,8.930508613586426,1.348379135131836,-0.7323804497718811,1.3851312398910522,-5.4106879234313965,25.04273223876953,-63.592857360839844,68.5599408481629,13224143,1720697919
3.0,0,2.118900775909424,3.0550482273101807,8.23617935180664,1.4083009958267212,-0.721461296081543,1.3859301805496216,-6.806994438171387,26.4437255859375,-61.231319427490234,67.04386828768911,25224143,1720697919
3.0,0,5.470834255218506,2.035102367401123,8.358285903930664,1.3824679851531982,-0.7377068400382996,1.335329294204712,-8.028762817382812,26.61884880065918,-61.06263732910156,67.0944842847423,38224143,1720697919
3.0,0,2.063833475112915,5.10690975189209,8.856287002563477,1.4351993799209595,-0.7550176978111267,1.3419873714447021,-8.028762817382812,28.370088577270508,-62.07472610473633,68.72113633546812,50224143,1720697919
3.0,0,2.1859395503997803,4.522716045379639,9.926511764526367,1.4714189767837524,-0.684176504611969,1.327872395515442,-9.075992584228516,28.370088577270508,-60.725276947021484,67.63722959704666,63224143,1720697919
3.0,0,3.91697359085083,4.86030387878418,7.632831573486328,1.4594345092773438,-0.7113412022590637,1.3193501234054565,-8.72691535949707,29.771080017089844,-60.725276947021484,68.19116891041135,75224143,1720697919
3.0,0,8.60489273071289,5.056631088256836,7.517908096313477,1.4770116806030273,-0.7579472064971924,1.2756736278533936,-8.552377700805664,27.844717025756836,-59.88187026977539,66.59061358470817,88224143,1720697919
3.0,0,-1.4604852199554443,3.483616590499878,8.671930313110352,1.4738157987594604,-0.6764532327651978,1.2738094329833984,-7.85422420501709,28.545211791992188,-59.54450607299805,66.49861771187179,100224143,1720697919
3.0,0,6.6679534912109375,2.5857772827148438,7.716629505157471,1.5004478693008423,-0.6934977173805237,1.2562322616577148,-8.72691535949707,28.7203369140625,-58.363739013671875,65.63034995948972,113224143,1720697919
3.0,0,4.376667499542236,2.633662223815918,7.903380393981934,1.5233514308929443,-0.7009547352790833,1.2136210203170776,-8.72691535949707,28.370088577270508,-58.363739013671875,65.4778360151739,125224143,1720697919
3.0,0,5.4301323890686035,3.890637159347534,8.932902336120605,1.5268135070800781,-0.6751216650009155,1.2133547067642212,-8.72691535949707,28.370088577270508,-58.363739013671875,65.4778360151739,138224143,1720697919
3.0,0,2.2050933837890625,5.626460075378418,9.234577178955078,1.5835397243499756,-0.6514191031455994,1.1955112218856812,-8.72691535949707,28.370088577270508,-58.363739013671875,65.4778360151739,150224143,1720697919
3.0,0,8.06618881225586,3.766136884689331,7.470023155212402,1.5843387842178345,-0.6761869192123413,1.152899980545044,-11.51952838897705,32.57306671142578,-58.363739013671875,67.82352277010865,163224143,1720697919
3.0,0,5.269718647003174,2.7916817665100098,7.017512321472168,1.5819417238235474,-0.675387978553772,1.1827279329299927,-10.821375846862793,30.121328353881836,-57.68901443481445,65.97286550909898,175224143,1720697919
3.0,0,6.007143974304199,4.898611545562744,7.702264308929443,1.6133675575256348,-0.6375705003738403,1.139850378036499,-10.297760963439941,31.347196578979492,-56.508243560791016,65.43601611151928,188224143,1720697919
3.0,0,3.8044445514678955,4.757351398468018,8.073371887207031,1.6442606449127197,-0.6207923293113708,1.1305291652679443,-10.297760963439941,30.9969482421875,-56.84560775756836,65.56125229521103,200224143,1720697919
3.0,0,5.750960350036621,4.728620529174805,8.094919204711914,1.653315544128418,-0.6186617612838745,1.0658133029937744,-10.821375846862793,32.57306671142578,-53.978023529052734,63.9666622101625,213224143,1720697919
3.0,0,4.8339667320251465,3.9600701332092285,9.29922103881836,1.678882360458374,-0.6415652632713318,1.0780640840530396,-11.344990730285645,32.047691345214844,-56.508243560791016,65.94653080757247,225224143,1720697919
3.0,0,1.7597651481628418,5.267324447631836,8.329554557800293,1.6405322551727295,-0.5510164499282837,1.052230954170227,-12.217681884765625,31.522321701049805,-54.9901123046875,64.55107254991158,238224143,1720697919
3.0,0,5.56181526184082,2.444517135620117,7.814793586730957,1.694595217704773,-0.5880349278450012,1.0455729961395264,-12.043143272399902,32.39794158935547,-54.82143020629883,64.80781688169208,250224143,1720697919
3.0,0,2.3631131649017334,5.427738189697266,8.027880668640137,1.6882034540176392,-0.5800453424453735,0.9848520159721375,-12.043143272399902,32.39794158935547,-54.82143020629883,64.80781688169208,263224143,1720697919
3.0,0,5.26492977142334,3.768531084060669,7.970418930053711,1.7241568565368652,-0.5656640529632568,1.0165441036224365,-11.694067001342773,32.047691345214844,-54.82143020629883,64.56930333722167,275224143,1720697919
3.0,0,2.1260836124420166,2.475642204284668,7.474811553955078,1.692198395729065,-0.4940238893032074,0.9726012945175171,-11.694067001342773,35.550174713134766,-52.7972526550293,64.71565508503564,288224143,1720697919
3.0,0,8.219420433044434,6.34712553024292,7.604100227355957,1.7569141387939453,-0.5781811475753784,0.9411755204200745,-12.741296768188477,33.79893112182617,-53.80934143066406,64.80859212723865,300224143,1720697919
3.0,0,2.03749680519104,2.0734102725982666,8.566584587097168,1.725754737854004,-0.4764467775821686,0.943306028842926,-12.392220497131348,35.550174713134766,-54.484066009521484,66.22609379930107,313224143,1720697919
3.0,0,18.32789421081543,-0.9289644360542297,23.923227310180664,1.5808764696121216,-0.39734968543052673,0.933185875415802,-12.9158353805542,33.974056243896484,-54.652748107910156,65.63519008114241,325224143,1720697919
3.0,0,-33.95508575439453,-21.11957550048828,27.114748001098633,0.5291782021522522,-0.2351607233285904,0.6751216650009155,-12.043143272399902,35.550174713134766,-53.13461685180664,65.05489781716862,338224143,1720697919
3.0,0,11.61923885345459,-0.3184336721897125,19.651906967163086,0.6359725594520569,-0.38323473930358887,-0.16245530545711517,-12.392220497131348,36.60091781616211,-51.7851676940918,64.61344989195503,350224143,1720697919
3.0,0,2.655210256576538,-19.577686309814453,13.989534378051758,0.0431438684463501,-0.07936341315507889,-0.0769665315747261,-13.264911651611328,36.07554626464844,-51.27912139892578,64.08549922457975,363224143,1720697919
3.0,0,1.7789191007614136,0.18675057590007782,9.162749290466309,0.024235136806964874,-0.07057484239339828,-0.21944782137870789,-12.56675910949707,36.4257926940918,-50.9417610168457,63.87350642799015,375224143,1720697919
3.0,0,12.11005687713623,5.3247857093811035,7.781274318695068,0.03488794341683388,-0.03595322370529175,-0.2444819211959839,-12.56675910949707,36.4257926940918,-50.9417610168457,63.87350642799015,386853496,1720697919
3.0,0,8.458844184875488,7.647197246551514,4.02232027053833,-0.02157193422317505,0.12037672102451324,-0.14248129725456238,-11.51952838897705,36.4257926940918,-50.267032623291016,63.137251099872906,399853496,1720697919
3.0,0,6.078970909118652,9.94327163696289,9.29922103881836,0.005060083232820034,0.04261122643947601,-0.03835010528564453,-12.392220497131348,37.301414489746094,-50.09835433959961,63.677372427899705,411853496,1720697919
3.0,0,9.268095970153809,3.167577028274536,4.9919867515563965,-0.08282557129859924,0.03009418025612831,-0.03808378428220749,-12.217681884765625,36.07554626464844,-51.616485595703125,64.14809719844813,424853496,1720697919
3.0,0,8.272092819213867,0.40223202109336853,3.746983051300049,-0.02902889810502529,0.021305613219738007,0.026365695521235466,-12.217681884765625,35.72529602050781,-50.9417610168457,63.40845008267953,436853496,1720697919
3.0,0,5.990383625030518,-0.08140409737825394,5.166766166687012,0.061519961804151535,0.026099376380443573,-0.021305613219738007,-12.56675910949707,37.47653579711914,-52.29121017456055,65.5498652278473,449853496,1720697919
3.0,0,1.7358226776123047,15.615221977233887,30.866518020629883,-0.22876903414726257,0.5566091537475586,-0.08895093947649002,-10.64683723449707,33.79893112182617,-51.44780349731445,62.47078815553798,461853496,1720697919
3.0,0,-17.030216217041016,-18.579288482666016,25.668628692626953,-1.191250205039978,0.3765767216682434,-0.38509899377822876,-12.043143272399902,34.1491813659668,-52.7972526550293,64.02151025838303,474853496,1720697919
3.0,0,-1.5442836284637451,11.95203685760498,24.684595108032227,-1.6615715026855469,0.9757971167564392,-0.5723220109939575,-13.090373992919922,35.900421142578125,-53.80934143066406,65.99729808629111,486853496,1720697919
3.0,0,7.596917629241943,-26.269580841064453,9.952848434448242,-1.9864821434020996,0.8194671869277954,-0.9491651058197021,-10.472298622131348,37.47653579711914,-51.9538459777832,64.91041430823768,499853496,1720697919
3.0,0,-15.15552806854248,-4.620879650115967,16.558551788330078,-2.687969446182251,1.589398741722107,-0.8908409476280212,-10.472298622131348,37.47653579711914,-51.9538459777832,64.91041430823768,511853496,1720697919
3.0,0,17.48512077331543,3.4955875873565674,-0.3495587706565857,-2.204864740371704,1.1459757089614868,-1.5047088861465454,-12.043143272399902,34.499427795410156,-55.15879440307617,66.16449514725475,524853496,1720697919
3.0,0,17.770036697387695,-5.782085418701172,0.9816376566886902,-2.385429859161377,1.50657320022583,-0.9955047965049744,-11.170452117919922,36.776039123535156,-54.31538772583008,66.53884127291204,536853496,1720697919
3.0,0,8.794036865234375,7.9321112632751465,7.407773017883301,-2.009385585784912,1.3907238245010376,-1.2098926305770874,-11.170452117919922,35.37504959106445,-56.67692565917969,67.73807670922751,549853496,1720697919
3.0,0,-0.6320788860321045,5.399007320404053,7.477205753326416,-2.172639846801758,1.5220197439193726,-1.1382523775100708,-12.9158353805542,33.974056243896484,-55.32747268676758,66.19807047902552,561853496,1720697919
3.0,0,7.4676289558410645,-4.3982157707214355,3.7589540481567383,-2.01471209526062,1.4157580137252808,-1.2881907224655151,-9.250530242919922,34.84967803955078,-56.84560775756836,67.31638352260792,574853496,1720697919
3.0,0,6.7469635009765625,3.9528872966766357,7.319186210632324,-1.9364140033721924,1.4823380708694458,-1.2242738008499146,-10.123222351074219,34.67455291748047,-59.0384635925293,69.21231418008539,586853496,1720697919
3.0,0,9.713424682617188,-0.1891448199748993,5.935316562652588,-1.9555890560150146,1.3598308563232422,-1.3489117622375488,-10.472298622131348,35.02479934692383,-58.363739013671875,68.8674933432267,599853496,1720697919
3.0,0,12.193855285644531,4.462860107421875,5.6144890785217285,-1.9111135005950928,1.3691520690917969,-1.376608967781067,-8.552377700805664,34.1491813659668,-59.54450607299805,69.17266769310139,611853496,1720697919
3.0,0,1.1109265089035034,0.4237801730632782,8.489969253540039,-1.8701001405715942,1.5031110048294067,-1.368353009223938,-6.806994438171387,33.79893112182617,-59.20714569091797,68.51415196238536,624853496,1720697919
3.0,0,-1.5059758424758911,7.314397811889648,11.217005729675293,-1.7880736589431763,1.514296531677246,-1.437596321105957,-6.806994438171387,33.79893112182617,-59.20714569091797,68.51415196238536,636853496,1720697919
3.0,0,0.8284064531326294,2.7749221324920654,8.142804145812988,-1.8269562721252441,1.6266835927963257,-1.5089701414108276,-6.1088409423828125,32.39794158935547,-61.231319427490234,69.54292944446591,649853496,1720697919
3.0,0,7.177926063537598,2.681546926498413,6.96244478225708,-1.7212272882461548,1.5627667903900146,-1.5656962394714355,-5.585226058959961,33.2735595703125,-61.73736572265625,70.35500581324567,661853496,1720697919
3.0,0,13.058175086975098,-0.12689462304115295,6.842732906341553,-1.7244231700897217,1.5574402809143066,-1.5806101560592651,-5.061611175537109,34.499427795410156,-62.243408203125,71.34474255783596,674853496,1720697919
3.0,0,15.38776969909668,2.607325315475464,7.297637939453125,-1.7129713296890259,1.4333351850509644,-1.6288142204284668,-5.759764194488525,33.09843826293945,-62.580772399902344,71.02840680453212,686853496,1720697919
3.0,0,5.25295877456665,1.3479561805725098,8.703056335449219,-1.6977910995483398,1.545189619064331,-1.6463913917541504,-2.7926130294799805,32.222816467285156,-64.77362823486328,72.3998031994911,699853496,1720697919
3.0,0,-4.99916934967041,4.845938205718994,10.841111183166504,-1.6176286935806274,1.7433319091796875,-1.6836761236190796,-2.7926130294799805,32.57306671142578,-64.77362823486328,72.55636620743691,711853496,1720697919
3.0,0,-6.366279125213623,1.4149948358535767,10.161147117614746,-1.587001919746399,1.7553162574768066,-1.743065595626831,-2.618074655532837,34.499427795410156,-66.29176330566406,74.7774211596445,724853496,1720697919
3.0,0,8.34152603149414,0.8164352178573608,8.446871757507324,-1.5489180088043213,1.6618378162384033,-1.7888725996017456,-1.2217681407928467,33.09843826293945,-66.96648406982422,74.709499539948,736853496,1720697919
3.0,0,11.375025749206543,-0.5626459717750549,7.331157207489014,-1.5414612293243408,1.6421301364898682,-1.8040528297424316,-1.2217681407928467,33.09843826293945,-66.96648406982422,74.709499539948,749853496,1720697919
3.0,0,4.539475917816162,3.38545298576355,9.023883819580078,-1.4618314504623413,1.6716917753219604,-1.8354785442352295,-1.2217681407928467,33.09843826293945,-66.96648406982422,74.709499539948,761853496,1720697919
3.0,0,0.06464443355798721,1.7765247821807861,10.759706497192383,-1.4269435405731201,1.7782198190689087,-1.872230887413025,2.0944597721099854,33.2735595703125,-68.14725494384766,75.86543932910354,774853496,1720697919
3.0,0,-4.233013153076172,3.0047690868377686,11.00631332397461,-1.414160132408142,1.8426692485809326,-1.9023250341415405,1.2217681407928467,32.74818801879883,-68.6532974243164,76.07372597116631,786853496,1720697919
3.0,0,2.5354981422424316,-0.4908188283443451,8.592921257019043,-1.3707499504089355,1.806982398033142,-1.9428056478500366,1.2217681407928467,32.74818801879883,-69.3280258178711,76.6831904638028,799853496,1720697919
3.0,0,13.103665351867676,2.39902663230896,7.596917629241943,-1.3539717197418213,1.7521203756332397,-1.9760955572128296,2.7926130294799805,32.222816467285156,-70.50879669189453,77.57318479703977,811853496,1720697919
3.0,0,7.2329936027526855,2.1835453510284424,8.791643142700195,-1.365689754486084,1.835212230682373,-1.9827536344528198,4.887072563171387,31.522321701049805,-70.84615325927734,77.69631699957979,824853496,1720697919
3.0,0,-4.692707061767578,-0.13647158443927765,10.58492660522461,-1.245046854019165,1.915108323097229,-2.0368165969848633,5.585226058959961,31.522321701049805,-70.50879669189453,77.43605056104732,836853496,1720697919
3.0,0,-6.383039474487305,1.9321502447128296,12.038229942321777,-1.184059500694275,1.9172389507293701,-2.0599865913391113,5.934302806854248,32.222816467285156,-72.87033081054688,79.89750286039181,849853496,1720697919
3.0,0,3.4668569564819336,1.8483519554138184,9.847502708435059,-1.160090684890747,1.9199020862579346,-2.0834226608276367,8.028762817382812,31.872568130493164,-73.54505920410156,80.5555545257155,861853496,1720697919
3.0,0,7.642408847808838,-0.007182714529335499,9.076557159423828,-1.1291974782943726,1.9262938499450684,-2.0903470516204834,8.028762817382812,31.872568130493164,-73.54505920410156,80.5555545257155,874853496,1720697919
3.0,0,9.799616813659668,-1.2066960334777832,7.1108880043029785,-1.0892494916915894,1.8677033185958862,-2.1273655891418457,9.774145126342773,31.172073364257812,-73.20769500732422,80.1660693751595,886853496,1720697919
3.0,0,1.0462820529937744,-0.26097196340560913,9.634414672851562,-1.0176093578338623,1.948664665222168,-2.1587913036346436,9.250530242919922,31.697444915771484,-73.71373748779297,80.77137746988593,899853496,1720697919
3.0,0,-5.432526588439941,-1.2593693733215332,10.663936614990234,-1.0197399854660034,2.011782646179199,-2.18808650970459,10.472298622131348,31.872568130493164,-74.55714416503906,81.75755245670237,911853496,1720697919
3.0,0,-6.744569301605225,0.8954451084136963,11.202640533447266,-0.9124128818511963,2.049600124359131,-2.201935052871704,12.043143272399902,31.347196578979492,-75.7379150390625,82.84875260198541,924853496,1720697919
3.0,0,5.130852699279785,2.1763625144958496,9.282461166381836,-0.8471644520759583,2.0602529048919678,-2.1987392902374268,13.43945026397705,32.047691345214844,-76.75,84.25102874123301,937853496,1720697919
3.0,0,6.574578285217285,-0.3591357469558716,9.282461166381836,-0.8476970791816711,2.011782646179199,-2.221376657485962,15.010294914245605,30.471576690673828,-77.25604248046875,84.39385071894893,949853496,1720697919
3.0,0,-0.217875674366951,0.5291266441345215,9.830741882324219,-0.8122764825820923,2.0530622005462646,-2.2757058143615723,16.581140518188477,30.29645347595215,-76.41263580322266,83.85523373350283,962853496,1720697919
3.0,0,2.4349403381347656,0.8212237358093262,9.576952934265137,-0.7654041647911072,2.0445399284362793,-2.2954137325286865,18.501060485839844,31.522321701049805,-78.26813507080078,86.38198291302588,974853496,1720697919
3.0,0,-3.6775498390197754,-1.3766870498657227,10.503522872924805,-0.7009547352790833,2.1308276653289795,-2.2876901626586914,18.675600051879883,31.697444915771484,-78.43681335449219,86.6362495765692,987853496,1720697919
3.0,0,-2.1524202823638916,-0.8643199801445007,10.247340202331543,-0.6282492876052856,2.177966356277466,-2.2900869846343994,18.675600051879883,31.697444915771484,-78.43681335449219,86.6362495765692,999853496,1720697919
3.0,0,-1.1492342948913574,-0.8236179351806641,9.80679988861084,-0.5952255725860596,2.1486711502075195,-2.2930166721343994,23.388134002685547,30.82182502746582,-77.93077087402344,87.0068661610728,12853496,1720697920
3.0,0,-0.6679925322532654,1.5394952297210693,10.766889572143555,-0.5448910593986511,2.1800968647003174,-2.339622735977173,23.388134002685547,30.471576690673828,-78.26813507080078,87.18613860932429,24853496,1720697920
3.0,0,0.18435634672641754,1.1396573781967163,9.792434692382812,-0.5254496932029724,2.21258807182312,-2.362259864807129,24.43536376953125,29.420833587646484,-80.29231262207031,88.93552674686073,37853496,1720697920
3.0,0,-0.720665693283081,-2.6121137142181396,9.730184555053711,-0.48869749903678894,2.2037994861602783,-2.360395669937134,26.8789005279541,29.771080017089844,-80.29231262207031,89.75326158516964,49853496,1720697920
3.0,0,-0.9026277661323547,-3.660790205001831,9.548221588134766,-0.41492682695388794,2.2384209632873535,-2.352139711380005,27.926130294799805,30.471576690673828,-80.29231262207031,90.30637411311575,62853496,1720697920
3.0,0,-1.9680639505386353,-2.061439037322998,8.810796737670898,-0.3827020823955536,2.2567970752716064,-2.346813201904297,30.195127487182617,29.595956802368164,-80.46099090576172,90.89355004923024,74853496,1720697920
3.0,0,2.195516347885132,-0.1699909120798111,8.46842098236084,-0.28922373056411743,2.2288334369659424,-2.3494765758514404,30.893281936645508,30.9969482421875,-79.78626251220703,91.00029315783951,87853496,1720697920
3.0,0,-3.4668569564819336,-2.6216909885406494,11.049408912658691,-0.2631243169307709,2.3377585411071777,-2.394484519958496,32.63866424560547,30.9969482421875,-80.46099090576172,92.1957930797457,99853496,1720697920
3.0,0,-5.207468032836914,1.1133207082748413,10.192272186279297,-0.22690477967262268,2.3369596004486084,-2.396348714828491,32.63866424560547,30.9969482421875,-80.46099090576172,92.1957930797457,112853496,1720697920
3.0,0,-2.219458818435669,0.1699909120798111,9.653568267822266,-0.17657028138637543,2.345215320587158,-2.371314764022827,32.63866424560547,30.9969482421875,-80.46099090576172,92.1957930797457,124853496,1720697920
3.0,0,3.91697359085083,-3.021528720855713,8.676718711853027,-0.14913929998874664,2.2948808670043945,-2.355868339538574,38.04935073852539,30.121328353881836,-80.62966918945312,94.10733800839516,137853496,1720697920
3.0,0,-1.19951331615448,-0.7446081042289734,8.384622573852539,-0.07430332899093628,2.352139711380005,-2.3942182064056396,39.96927261352539,30.9969482421875,-79.44890594482422,94.18323741203997,149853496,1720697920
3.0,0,-5.226621627807617,0.2920970618724823,8.9999418258667,-0.00719064474105835,2.4315030574798584,-2.3888919353485107,41.191043853759766,31.172073364257812,-80.96703338623047,96.04197388098596,162853496,1720697920
3.0,0,-2.241007089614868,-4.019926071166992,8.94726848602295,0.005326403304934502,2.38596248626709,-2.3952834606170654,41.36558151245117,29.245708465576172,-81.81044006347656,96.22562497015235,174853496,1720697920
3.0,0,-5.214650630950928,-0.6392616629600525,10.309590339660645,0.1025332659482956,2.4224483966827393,-2.364124059677124,44.68180847167969,32.222816467285156,-78.60549926757812,95.98749097923873,187853496,1720697920
3.0,0,-2.166785478591919,-0.8116468191146851,9.145990371704102,0.10785967111587524,2.4291062355041504,-2.371314764022827,46.252655029296875,32.047691345214844,-80.46099090576172,98.18520089786632,199853496,1720697920
3.0,0,-8.695873260498047,-3.3974239826202393,9.70384693145752,0.11425135284662247,2.4940884113311768,-2.3721137046813965,46.60173034667969,32.39794158935547,-79.44890594482422,97.63952348491598,212853496,1720697920
3.0,0,-7.517908096313477,-1.6831494569778442,7.924928665161133,0.17550499737262726,2.5550756454467773,-2.3870277404785156,48.52165222167969,32.222816467285156,-79.28022003173828,98.37689730666857,224853496,1720697920
3.0,0,-5.825181484222412,-2.1332662105560303,9.081345558166504,0.22317631542682648,2.510334014892578,-2.3758420944213867,48.52165222167969,32.222816467285156,-79.28022003173828,98.37689730666857,237853496,1720697920
3.0,0,0.6081365346908569,-3.7828965187072754,7.201868534088135,0.3134588599205017,2.469853401184082,-2.3271055221557617,52.36149597167969,32.222816467285156,-78.94285583496094,100.0600352231399,249853496,1720697920
3.0,0,1.290494441986084,-1.7789191007614136,7.292849540710449,0.35873326659202576,2.479440689086914,-2.315920352935791,52.536033630371094,32.39794158935547,-77.42472839355469,99.01641285996219,262853496,1720697920
3.0,0,-9.069375038146973,-3.277712106704712,9.64877986907959,0.35553741455078125,2.5777130126953125,-2.340954303741455,54.97956848144531,33.79893112182617,-78.43681335449219,101.57487083226505,274853496,1720697920
3.0,0,-13.362242698669434,-1.278523325920105,10.199454307556152,0.39948025345802307,2.653347969055176,-2.3436174392700195,56.20133590698242,32.92331314086914,-77.93077087402344,101.56643025587115,287853496,1720697920
3.0,0,-9.074163436889648,-1.8435633182525635,8.389410972595215,0.4346345067024231,2.6293790340423584,-2.304202079772949,58.12125778198242,33.79893112182617,-76.75,102.03436112965868,299853496,1720697920
3.0,0,0.9888203740119934,-3.5674149990081787,6.842732906341553,0.4828384518623352,2.574517250061035,-2.279168128967285,60.91387176513672,34.84967803955078,-76.07527923583984,103.50095624529695,312853496,1720697920
3.0,0,0.308856725692749,-2.0973527431488037,6.4357123374938965,0.5448910593986511,2.599551200866699,-2.279700756072998,59.866641998291016,35.19992446899414,-75.06318664550781,102.26207261811574,324853496,1720697920
3.0,0,-4.316811561584473,-1.6879379749298096,6.629645824432373,0.5789800882339478,2.6453583240509033,-2.284494400024414,60.73933410644531,36.4257926940918,-73.20769500732422,101.8600593430651,337853496,1720697920
3.0,0,-10.644783020019531,-2.650421619415283,9.055008888244629,0.6516854166984558,2.7161996364593506,-2.260525703430176,63.18286895751953,34.67455291748047,-74.21977996826172,103.45518492694033,349853496,1720697920
3.0,0,-7.900986194610596,-2.559440851211548,8.726998329162598,0.6796491146087646,2.6810452938079834,-2.225637674331665,63.18286895751953,34.67455291748047,-74.21977996826172,103.45518492694033,362853496,1720697920
3.0,0,-2.6384506225585938,-3.6464247703552246,7.019906520843506,0.6745890378952026,2.690366268157959,-2.221376657485962,65.45186614990234,35.900421142578125,-72.70165252685547,104.20324995341956,374853496,1720697920
3.0,0,-2.7461910247802734,-6.531481742858887,6.019114971160889,0.6948292851448059,2.7534842491149902,-2.1974077224731445,67.19725036621094,36.60091781616211,-71.68955993652344,104.85461671122104,387853496,1720697920
3.0,0,-8.475603103637695,-0.1316830962896347,6.418952941894531,0.7568818926811218,2.764137029647827,-2.1944780349731445,68.41902160644531,36.776039123535156,-70.17143249511719,104.67888760211301,399853496,1720697920
3.0,0,-10.2952241897583,-1.5562547445297241,6.727809429168701,0.8290547132492065,2.7793171405792236,-2.1819610595703125,68.76809692382812,38.177032470703125,-69.15933990478516,104.73562554766048,412853496,1720697920
3.0,0,-6.567395210266113,-2.889845609664917,6.833155632019043,0.8575509786605835,2.7715940475463867,-2.1550629138946533,70.33894348144531,38.35215759277344,-69.66539001464844,106.16836406387718,425853496,1720697920
3.0,0,-2.039891004562378,-6.655982494354248,4.9393134117126465,0.8524908423423767,2.7369723320007324,-2.0959396362304688,70.68801879882812,39.05265426635742,-66.62911987304688,104.69644417079299,437853496,1720697920
3.0,0,-4.249773025512695,-4.259349822998047,4.826784133911133,0.9118802547454834,2.8363099098205566,-2.072237253189087,71.03709411621094,38.35215759277344,-67.97857666015625,105.53787764228102,450853496,1720697920
3.0,0,-12.543414115905762,-1.4509084224700928,7.53466796875,0.9385122656822205,2.861610174179077,-2.122838020324707,73.13155364990234,40.453643798828125,-66.29176330566406,106.6738923918369,462853496,1720697920
3.0,0,-14.183466911315918,-2.3319880962371826,7.599311828613281,0.9710033535957336,2.8759915828704834,-2.0935428142547607,73.13155364990234,40.453643798828125,-66.29176330566406,106.6738923918369,475853496,1720697920
3.0,0,-3.2657408714294434,-2.6192967891693115,4.901005744934082,0.9941732287406921,2.8229939937591553,-2.040278911590576,73.13155364990234,40.453643798828125,-66.29176330566406,106.6738923918369,487853496,1720697920
3.0,0,-4.077387809753418,-7.331157207489014,5.078179359436035,0.9901784062385559,2.865604877471924,-2.029359817504883,73.65516662597656,43.781002044677734,-62.07472610473633,105.80704764671624,500853496,1720697920
3.0,0,-8.9999418258667,-4.7334089279174805,5.674344539642334,1.0860536098480225,2.9404408931732178,-1.9806231260299683,76.27324676513672,43.25563049316406,-61.56868362426758,107.14177777450651,512853496,1720697920
3.0,0,-10.87702465057373,-2.5905656814575195,5.272112846374512,1.1185446977615356,2.932185173034668,-1.943604588508606,76.44778442382812,42.73025894165039,-60.38791275024414,106.38063159646914,525853496,1720697920
3.0,0,-13.525052070617676,-1.2114845514297485,5.06381368637085,1.1369208097457886,2.973198175430298,-1.9878138303756714,75.40055084228516,43.08050537109375,-57.68901443481445,104.25543341624501,537853496,1720697920
3.0,0,-3.9624643325805664,-3.308837413787842,8.600103378295898,1.1949785947799683,2.804351568222046,-1.9241632223129272,77.14593505859375,45.18199157714844,-57.35165023803711,106.21732176989033,550853496,1720697920
3.0,0,-3.529107093811035,10.70703411102295,30.490623474121094,1.114283561706543,2.418720006942749,-1.488996148109436,76.44778442382812,43.781002044677734,-56.339561462402344,104.57144002606059,562853496,1720697920
3.0,0,39.22600173950195,10.644783020019531,33.01893997192383,0.658343493938446,0.9574210047721863,-0.9206688404083252,77.49501037597656,44.131248474121094,-55.66483688354492,105.1266749703851,575853496,1720697920
3.0,0,-39.22719955444336,-15.579307556152344,23.389314651489258,0.015180249698460102,1.3422536849975586,-0.4447546899318695,77.66954803466797,46.75811004638672,-55.49615478515625,106.29535616835585,587853496,1720697920
3.0,0,23.257631301879883,16.62798500061035,21.313508987426758,0.1414160132408142,0.11664823442697525,-0.10413118451833725,77.66954803466797,46.75811004638672,-55.49615478515625,106.29535616835585,600853496,1720697920
3.0,0,-16.14434814453125,-3.426154851913452,15.256085395812988,-0.15846049785614014,-0.3789736032485962,0.12357256561517715,77.32047271728516,46.057613372802734,-55.15879440307617,105.5568654840785,612853496,1720697920
3.0,0,-18.945606231689453,-12.77804946899414,0.1125291958451271,-0.3065345287322998,-0.21465405821800232,0.2458135187625885,76.79685974121094,45.88248825073242,-54.9901123046875,105.00891793305922,625853496,1720697920
3.0,0,-2.1572086811065674,-4.391032695770264,-4.936919212341309,-0.03275737911462784,-0.43942826986312866,0.09267941862344742,75.92416381835938,45.35711669921875,-55.49615478515625,104.41058319309226,637853496,1720697920
3.0,0,-3.9552814960479736,-6.086153507232666,2.7653450965881348,0.1262357532978058,-0.2583305537700653,0.05246507376432419,78.54224395751953,46.582984924316406,-54.31538772583008,106.24979959580561,650853496,1720697920
3.0,0,-10.271282196044922,-6.988780975341797,5.384642124176025,0.045008108019828796,-0.10386486351490021,0.10519646853208542,77.49501037597656,45.53224182128906,-54.9901123046875,105.36875309942319,662853496,1720697920
3.0,0,-1.4078121185302734,-4.465254306793213,4.853120803833008,0.0825592502951622,-0.1182461604475975,0.02370249480009079,76.62232208251953,46.407859802246094,-55.15879440307617,105.20058123766768,675853496,1720697920
3.0,0,-7.742966175079346,-5.609699726104736,5.035082817077637,0.04926923289895058,-0.05805779621005058,-0.023968815803527832,76.97139739990234,45.707366943359375,-54.484066009521484,104.79633991470546,687853496,1720697920
3.0,0,-7.086945056915283,-5.528295993804932,5.286478042602539,0.033556342124938965,-0.0013316008262336254,-0.035686902701854706,76.79685974121094,46.23273849487305,-54.9901123046875,105.16242782538203,700853496,1720697920
3.0,0,-7.209051132202148,-6.459654808044434,3.529107093811035,0.05246507376432419,-0.023169854655861855,-0.04554075002670288,76.09870147705078,45.18199157714844,-55.66483688354492,104.55141699012245,712853496,1720697920
3.0,0,-5.473228454589844,-5.863489627838135,5.267324447631836,0.07962973415851593,-0.003994802478700876,-0.06231892108917236,76.09870147705078,45.18199157714844,-55.66483688354492,104.55141699012245,725853496,1720697920
3.0,0,-4.757351398468018,-4.869880676269531,6.600914478302002,0.06285155564546585,-0.006658004131168127,-0.026365695521235466,77.14593505859375,46.23273849487305,-56.002201080322266,105.94908178290612,737853496,1720697920
3.0,0,-6.718232154846191,-5.303237438201904,5.085361957550049,0.038882747292518616,-0.026099376380443573,-0.005859043914824724,77.32047271728516,45.00687026977539,-54.82143020629883,104.9259885946705,750853496,1720697920
3.0,0,-9.974396705627441,7.8052167892456055,19.220945358276367,0.024501455947756767,-0.3020070493221283,0.193881094455719,76.79685974121094,44.48149871826172,-54.9901123046875,104.40437656351428,762853496,1720697920
3.0,0,39.22600173950195,10.79561996459961,32.882469177246094,-0.23169854283332825,-1.701785922050476,0.6359725594520569,77.14593505859375,45.88248825073242,-56.339561462402344,105.97567744496457,775853496,1720697920
3.0,0,-39.22719955444336,-11.89936351776123,27.21051788330078,-0.9225330352783203,-1.8221626281738281,1.2983108758926392,76.62232208251953,44.656620025634766,-56.17087936401367,104.9779102571482,787853496,1720697920
3.0,0,36.583961486816406,17.066129684448242,18.895328521728516,-0.8189345598220825,-2.7233901023864746,1.6298794746398926,75.92416381835938,45.00687026977539,-57.52033233642578,105.35029973896768,800853496,1720697920
3.0,0,-7.36707067489624,-1.654418706893921,19.68063735961914,-1.1275995969772339,-3.5979855060577393,2.059187650680542,76.79685974121094,44.83174514770508,-58.363739013671875,106.36714281560828,812853496,1720697920
3.0,0,-14.657526016235352,-9.711030960083008,6.670347690582275,-1.46342933177948,-3.123669385910034,2.3382911682128906,75.40055084228516,45.18199157714844,-60.38791275024414,106.64593492735032,825853496,1720697920
3.0,0,4.187522888183594,-2.6192967891693115,-6.797242164611816,-1.1574275493621826,-3.4467155933380127,2.1385509967803955,75.05147552490234,42.73025894165039,-60.05055236816406,105.18872490627083,837853496,1720697920
3.0,0,-16.28800392150879,-13.015079498291016,-3.306443214416504,-0.9150761365890503,-3.2379207611083984,2.0101845264434814,75.05147552490234,42.73025894165039,-60.05055236816406,105.18872490627083,850853496,1720697920
3.0,0,-13.975168228149414,-6.502751350402832,6.61049222946167,-0.906021237373352,-2.904221296310425,2.107391357421875,74.52786254882812,41.504390716552734,-63.592857360839844,106.40050870256876,862853496,1720697920
3.0,0,4.455677509307861,-2.786893367767334,2.8491435050964355,-0.81280916929245,-3.112217426300049,2.1100547313690186,72.78247833251953,40.103397369384766,-63.93022155761719,104.84581470519686,875853496,1720697920
3.0,0,-19.5681095123291,-5.537873268127441,7.000752925872803,-0.7659368515014648,-2.8767905235290527,2.0559918880462646,70.51348114013672,40.9790153503418,-66.46044158935547,105.20656356823037,887853496,1720697920
3.0,0,-8.949663162231445,-1.6424474716186523,6.323183059692383,-0.739304780960083,-2.8285865783691406,2.0706393718719482,72.25886535644531,41.32926559448242,-66.46044158935547,106.51967946549732,900853496,1720697920
3.0,0,-5.353517055511475,-0.055067479610443115,7.209051132202148,-0.7257224321365356,-2.856017589569092,2.0559918880462646,71.56070709228516,37.47653579711914,-68.14725494384766,105.68573172989035,913853496,1720697920
3.0,0,-5.707863807678223,-6.181922912597656,6.169951915740967,-0.7385058403015137,-2.7846438884735107,2.093809127807617,70.1644058227539,39.22777557373047,-68.484619140625,105.60305525769378,925853496,1720697920
3.0,0,-2.4876136779785156,-3.2178561687469482,6.102912902832031,-0.6602076888084412,-2.7731919288635254,2.1135168075561523,68.94263458251953,37.65166091918945,-70.00274658203125,105.21938491637614,938853496,1720697920
3.0,0,-10.786043167114258,-1.9776407480239868,7.2641191482543945,-0.6420979499816895,-2.7582778930664062,2.10845685005188,68.0699462890625,37.826786041259766,-70.17143249511719,104.82563268792555,950853496,1720697920
3.0,0,-11.789229393005371,-2.2026991844177246,7.9584479331970215,-0.5896328687667847,-2.7108728885650635,2.1294960975646973,67.37178802490234,36.07554626464844,-69.15933990478516,103.0699624334402,963853496,1720697920
3.0,0,-7.371859073638916,-3.0574424266815186,7.836341857910156,-0.5779147148132324,-2.7103402614593506,2.139349937438965,67.37178802490234,36.07554626464844,-69.15933990478516,103.0699624334402,975853496,1720697920
3.0,0,-2.394238233566284,-3.9648585319519043,6.713443756103516,-0.5305097699165344,-2.702084541320801,2.201935052871704,65.97547912597656,35.37504959106445,-72.19561004638672,104.00175041528087,988853496,1720697920
3.0,0,1.972852349281311,-4.996775150299072,6.110096454620361,-0.44874951243400574,-2.710073947906494,2.229099750518799,62.65925598144531,36.250667572021484,-73.71373748779297,103.31509257598695,853496,1720697921
3.0,0,-0.7781273722648621,-0.9337528944015503,7.8052167892456055,-0.4026761054992676,-2.723656415939331,2.218979597091675,62.13563919067383,35.37504959106445,-74.55714416503906,103.30053018862144,13853496,1720697921
3.0,0,-8.975998878479004,0.9505125284194946,9.371048927307129,-0.3960181176662445,-2.6360371112823486,2.1665146350860596,58.99394989013672,35.02479934692383,-76.91868591308594,103.07039795949272,25853496,1720697921
3.0,0,-10.05340576171875,-2.7390084266662598,9.174720764160156,-0.36565759778022766,-2.621389389038086,2.1998045444488525,58.99394989013672,34.32430648803711,-74.8945083618164,101.32932212485612,38853496,1720697921
3.0,0,-2.372690200805664,-7.8052167892456055,7.9321112632751465,-0.32304635643959045,-2.618992567062378,2.2698469161987305,59.168487548828125,35.550174713134766,-77.08736419677734,103.47553604479091,50853496,1720697921
3.0,0,-2.9856150150299072,-6.287269592285156,7.769303321838379,-0.2671191394329071,-2.5873003005981445,2.290353298187256,57.5976448059082,34.32430648803711,-75.9065933227539,101.27910748490144,63853496,1720697921
3.0,0,-4.896217346191406,-1.2282441854476929,7.659168243408203,-0.22690477967262268,-2.5990185737609863,2.2520034313201904,53.93233871459961,33.44868469238281,-78.09944915771484,100.6331735841379,75853496,1720697921
3.0,0,-0.05746171623468399,-3.2705295085906982,6.679924488067627,-0.23063325881958008,-2.6067416667938232,2.28928804397583,53.93233871459961,33.44868469238281,-78.09944915771484,100.6331735841379,88853496,1720697921
3.0,0,-1.8842655420303345,-1.3695042133331299,9.134018898010254,-0.09480997920036316,-2.550015687942505,2.2770373821258545,53.93233871459961,33.44868469238281,-78.09944915771484,100.6331735841379,100853496,1720697921
3.0,0,-4.551446914672852,-4.197099685668945,9.514702796936035,-0.11771351844072342,-2.5686581134796143,2.2836954593658447,50.965187072753906,33.974056243896484,-79.28022003173828,100.18502921746881,113853496,1720697921
3.0,0,-4.429340839385986,-4.714254856109619,8.616863250732422,-0.07563493400812149,-2.5231173038482666,2.314588785171509,48.34711456298828,32.74818801879883,-79.78626251220703,98.87231660453864,125853496,1720697921
3.0,0,-0.37350115180015564,-4.94649600982666,8.437294960021973,-0.015979209914803505,-2.4988820552825928,2.3007400035858154,46.9508056640625,32.047691345214844,-80.46099090576172,98.51600748406216,138853496,1720697921
3.0,0,-9.071768760681152,-2.035102367401123,10.130022048950195,0.05086715519428253,-2.4189863204956055,2.3084630966186523,45.37996292114258,32.92331314086914,-79.95494842529297,97.65285126706368,150853496,1720697921
3.0,0,-4.884245872497559,-0.878685474395752,9.651174545288086,0.12650208175182343,-2.4011428356170654,2.2842280864715576,44.856346130371094,31.347196578979492,-80.46099090576172,97.30729458301629,163853496,1720697921
3.0,0,-3.1915197372436523,2.990403413772583,9.567376136779785,0.148872971534729,-2.447216033935547,2.2967453002929688,44.1581916809082,32.047691345214844,-80.79835510253906,97.49551066773274,175853496,1720697921
3.0,0,5.5306901931762695,-2.45169997215271,9.447664260864258,0.18163035809993744,-2.4560046195983887,2.3204476833343506,40.492889404296875,31.872568130493164,-81.64176177978516,96.54487017987405,188853496,1720697921
3.0,0,2.7246429920196533,-3.9576759338378906,8.801219940185547,0.22743742167949677,-2.424046277999878,2.324176073074341,37.874813079833984,30.29645347595215,-79.44890594482422,93.08332404293705,200853496,1720697921
3.0,0,-7.321580410003662,-2.576200246810913,9.375837326049805,0.26046112179756165,-2.308729410171509,2.280233383178711,38.22389221191406,31.347196578979492,-81.1357192993164,95.00903965100727,213853496,1720697921
3.0,0,-5.880249500274658,-1.4365429878234863,10.242551803588867,0.34994468092918396,-2.3103272914886475,2.2884891033172607,34.55858612060547,31.522321701049805,-80.96703338623047,93.50728921023612,225853496,1720697921
3.0,0,0.011971191503107548,-2.6432390213012695,9.385414123535156,0.37551143765449524,-2.3470795154571533,2.28928804397583,33.86043167114258,30.82182502746582,-81.30439758300781,93.31087180664234,238853496,1720697921
3.0,0,2.6480274200439453,-0.07900986075401306,8.583344459533691,0.4428904354572296,-2.323643445968628,2.2959463596343994,32.813201904296875,31.522321701049805,-80.62966918945312,92.58243104518952,250853496,1720697921
3.0,0,-2.5139501094818115,0.2801258862018585,10.218607902526855,0.5406299233436584,-2.2538676261901855,2.2935492992401123,33.86043167114258,31.522321701049805,-80.96703338623047,93.25152059750849,263853496,1720697921
3.0,0,-4.347936630249023,-0.787704348564148,11.051803588867188,0.5054756999015808,-2.2424156665802,2.2775700092315674,28.449745178222656,29.245708465576172,-80.46099090576172,90.21458042853354,275853496,1720697921
3.0,0,-3.950493097305298,-1.5083701610565186,9.421327590942383,0.5227864980697632,-2.217381715774536,2.262389898300171,28.973360061645508,31.522321701049805,-80.96703338623047,91.59024431702969,288853496,1720697921
3.0,0,2.789287567138672,-3.6248764991760254,8.545036315917969,0.6130690574645996,-2.2639877796173096,2.2682487964630127,28.973360061645508,28.7203369140625,-81.30439758300781,90.9654792328102,300853496,1720697921
3.0,0,4.872274875640869,-0.24181805551052094,8.667141914367676,0.685508131980896,-2.2296323776245117,2.2533349990844727,26.529823303222656,30.82182502746582,-78.94285583496094,88.80197582206918,313853496,1720697921
3.0,0,-0.1125291958451271,1.2114845514297485,9.102893829345703,0.7374405264854431,-2.182760000228882,2.2354915142059326,23.562671661376953,30.646699905395508,-80.12362670898438,88.9618753619431,325853496,1720697921
3.0,0,-7.810005187988281,1.8459577560424805,11.506709098815918,0.7611430287361145,-2.1396162509918213,2.218979597091675,23.562671661376953,30.646699905395508,-80.12362670898438,88.9618753619431,338853496,1720697921
3.0,0,-9.268095970153809,1.0510705709457397,12.047806739807129,0.797096312046051,-2.061051845550537,2.208859443664551,23.562671661376953,30.646699905395508,-80.12362670898438,88.9618753619431,350853496,1720697921
3.0,0,5.5306901931762695,0.768550455570221,9.45484733581543,0.860214114189148,-2.160122871398926,2.219778537750244,21.29367446899414,30.121328353881836,-76.91868591308594,85.30650172636213,363853496,1720697921
3.0,0,5.652796745300293,-2.063833475112915,8.533064842224121,0.8857808709144592,-2.099668264389038,2.19181489944458,18.326522827148438,30.9969482421875,-78.43681335449219,86.30762381429747,376853496,1720697921
3.0,0,2.5857772827148438,-0.8020698428153992,8.7677001953125,0.9430397152900696,-2.093010187149048,2.1449427604675293,17.45383071899414,31.172073364257812,-76.5813217163086,84.50463419488149,388853496,1720697921
3.0,0,-1.3886581659317017,1.9800350666046143,10.15635871887207,0.9992333054542542,-2.09061336517334,2.10552716255188,17.279293060302734,30.9969482421875,-76.41263580322266,84.25126515007726,401853496,1720697921
3.0,0,-3.1795482635498047,0.3375875949859619,10.256916999816895,1.0434423685073853,-2.0067224502563477,2.1241695880889893,14.661218643188477,30.471576690673828,-76.5813217163086,83.71479650537145,413853496,1720697921
3.0,0,-0.35195302963256836,0.3567414879798889,9.787646293640137,1.1132183074951172,-1.9982002973556519,2.1033966541290283,14.137603759765625,32.047691345214844,-76.41263580322266,84.05841582508108,426853496,1720697921
3.0,0,-1.2569750547409058,0.9600895047187805,11.193063735961914,1.1289311647415161,-1.9396097660064697,2.1153810024261475,12.56675910949707,30.121328353881836,-75.56922912597656,82.31601452337715,438853496,1720697921
3.0,0,3.040682554244995,0.019153906032443047,9.27527904510498,1.148106336593628,-1.9276254177093506,2.062117099761963,10.9959135055542,31.697444915771484,-75.06318664550781,82.21994963139018,451853496,1720697921
3.0,0,4.915370941162109,-0.004788476508110762,8.612074851989746,1.209626317024231,-1.9779599905014038,2.028826951980591,10.9959135055542,31.697444915771484,-75.06318664550781,82.21994963139018,463853496,1720697921
3.0,0,9.610472679138184,0.08619257807731628,8.219420433044434,1.2538354396820068,-2.015244722366333,1.9883464574813843,10.9959135055542,31.697444915771484,-75.06318664550781,82.21994963139018,476853496,1720697921
3.0,0,3.8834545612335205,-0.5530690550804138,9.040643692016602,1.3073657751083374,-1.948664665222168,1.9747639894485474,8.203300476074219,32.047691345214844,-74.05110168457031,81.10434217696047,488853496,1720697921
3.0,0,-1.8363807201385498,2.6983065605163574,11.061380386352539,1.3758100271224976,-1.8546537160873413,1.9755629301071167,7.156070709228516,30.646699905395508,-73.71373748779297,80.15076205193624,501853496,1720697921
3.0,0,-2.5187387466430664,2.530709743499756,10.326350212097168,1.3995124101638794,-1.8109772205352783,1.9452025890350342,5.585226058959961,32.222816467285156,-71.18351745605469,78.3364398516455,513853496,1720697921
3.0,0,0.39026084542274475,2.248189687728882,10.599291801452637,1.4503796100616455,-1.8123087882995605,1.8695675134658813,5.4106879234313965,32.39794158935547,-71.01483917236328,78.2432715682868,526853496,1720697921
3.0,0,2.4062094688415527,-0.11971191316843033,8.992758750915527,1.440525770187378,-1.7641048431396484,1.8466640710830688,3.8398427963256836,31.522321701049805,-69.4967041015625,76.40806920152546,538853496,1720697921
3.0,0,10.910543441772461,-0.5722229480743408,7.944082260131836,1.5004478693008423,-1.8517241477966309,1.8440008163452148,1.9199213981628418,32.047691345214844,-69.3280258178711,76.40101951241674,551853496,1720697921
3.0,0,10.38860034942627,0.4142032265663147,7.508331298828125,1.55344557762146,-1.8791550397872925,1.8088465929031372,1.9199213981628418,32.74818801879883,-68.99066162109375,76.3926783638719,563853496,1720697921
3.0,0,-3.2106735706329346,3.1843366622924805,10.939274787902832,1.6059106588363647,-1.7164335250854492,1.7598437070846558,0.6981532573699951,31.522321701049805,-68.14725494384766,75.08789875723664,576853496,1720697921
3.0,0,-2.0566506385803223,0.36392420530319214,10.192272186279297,1.6399996280670166,-1.6802140474319458,1.718031406402588,0.6981532573699951,31.522321701049805,-68.14725494384766,75.08789875723664,588853496,1720697921
3.0,0,2.248189687728882,3.047865152359009,9.696664810180664,1.681545615196228,-1.6466577053070068,1.6842087507247925,-1.0472298860549927,33.974056243896484,-66.46044158935547,74.64799718913977,601853496,1720697921
3.0,0,7.017512321472168,1.0175511837005615,8.753334999084473,1.6900678873062134,-1.6493208408355713,1.6495871543884277,-1.3963065147399902,32.57306671142578,-67.13516998291016,74.63300473318986,613853496,1720697921
3.0,0,10.333532333374023,0.46687644720077515,7.740571975708008,1.720428228378296,-1.7409348487854004,1.6245529651641846,-2.967151403427124,32.39794158935547,-65.61703491210938,73.23951035701378,626853496,1720697921
3.0,0,7.2066569328308105,-0.04549052566289902,8.281669616699219,1.7641048431396484,-1.6807466745376587,1.5854040384292603,-2.4435362815856934,33.2735595703125,-65.11099243164062,73.16106868732662,638853496,1720697921
3.0,0,1.7070918083190918,2.681546926498413,8.640806198120117,1.8187004327774048,-1.6141666173934937,1.5395967960357666,-2.268998146057129,34.1491813659668,-63.93022155761719,72.51474449350647,651853496,1720697921
3.0,0,-2.47324800491333,3.972041130065918,9.89059829711914,1.8578494787216187,-1.5284113883972168,1.49911630153656,-3.316227912902832,34.1491813659668,-63.592857360839844,72.25797854114197,663853496,1720697921
3.0,0,8.619257926940918,2.736614227294922,7.321580410003662,1.8884762525558472,-1.547586441040039,1.4756799936294556,-5.4106879234313965,33.79893112182617,-63.93022155761719,72.51700846828099,676853496,1720697921
3.0,0,10.659148216247559,2.47324800491333,6.995964527130127,1.9191031455993652,-1.5909966230392456,1.4104316234588623,-5.061611175537109,33.79893112182617,-61.231319427490234,70.12319253643273,688853496,1720697921
3.0,0,10.862659454345703,1.5897741317749023,6.732597827911377,1.8914059400558472,-1.568625807762146,1.3686193227767944,-5.061611175537109,33.79893112182617,-61.231319427490234,70.12319253643273,701853496,1720697921
3.0,0,6.569789886474609,1.132474660873413,7.960842132568359,1.9185705184936523,-1.5095027685165405,1.321480631828308,-5.061611175537109,33.79893112182617,-61.231319427490234,70.12319253643273,713853496,1720697921
3.0,0,-2.657604455947876,5.645613670349121,8.837133407592773,2.0005970001220703,-1.4043062925338745,1.3057678937911987,-5.934302806854248,33.2735595703125,-59.375823974609375,68.32154996007021,726853496,1720697921
3.0,0,-0.06464443355798721,6.928925514221191,9.586529731750488,2.062649726867676,-1.386196494102478,1.2541017532348633,-8.028762817382812,35.37504959106445,-60.05055236816406,70.1564252629057,738853496,1720697921
3.0,0,6.7996368408203125,2.9497015476226807,6.39979887008667,2.054393768310547,-1.4077683687210083,1.2080281972885132,-8.901453971862793,35.900421142578125,-60.21923065185547,70.67129446478981,751853496,1720697921
3.0,0,11.499526023864746,3.2082793712615967,6.4548659324646,2.077030897140503,-1.3880606889724731,1.134523868560791,-9.948683738708496,33.79893112182617,-57.18296813964844,67.16573455543266,763853496,1720697921
3.0,0,12.596086502075195,-0.35195302963256836,5.054236888885498,2.010983467102051,-1.4106979370117188,1.0993696451187134,-9.075992584228516,33.974056243896484,-56.339561462402344,66.41352516489562,776853496,1720697921
3.0,0,12.782837867736816,2.4397287368774414,5.209862232208252,2.077030897140503,-1.440525770187378,1.0354528427124023,-8.377839088439941,33.2735595703125,-56.002201080322266,65.67773199579729,788853496,1720697921
3.0,0,3.9600701332092285,4.228224754333496,7.407773017883301,2.0719709396362305,-1.376608967781067,1.0205389261245728,-10.472298622131348,36.07554626464844,-54.652748107910156,66.31769712882497,801853496,1720697921
3.0,0,4.934525012969971,5.205073833465576,8.003938674926758,2.154796600341797,-1.3121594190597534,0.9741991758346558,-11.170452117919922,35.02479934692383,-54.9901123046875,66.14701823282105,814853496,1720697921
3.0,0,0.18675057590007782,3.4931933879852295,8.20266056060791,2.1808958053588867,-1.196576476097107,0.9057549238204956,-11.170452117919922,35.02479934692383,-54.9901123046875,66.14701823282105,826853496,1720697921
3.0,0,2.5402867794036865,5.3559112548828125,7.714235305786133,2.205397367477417,-1.178999423980713,0.8631436824798584,-11.170452117919922,35.02479934692383,-54.9901123046875,66.14701823282105,839853496,1720697921
3.0,0,15.555365562438965,1.1444458961486816,5.492382049560547,2.2133870124816895,-1.2005714178085327,0.7899056077003479,-11.344990730285645,33.79893112182617,-52.45989227294922,63.428044719490245,851853496,1720697921
3.0,0,-13.740532875061035,7.4173502922058105,30.19373893737793,1.866371750831604,-0.7302498817443848,0.8666058778762817,-11.344990730285645,36.250667572021484,-53.80934143066406,65.8655064452499,864853496,1720697921
3.0,0,-2.607325315475464,26.3461971282959,32.5855827331543,1.324143886566162,-0.5603376030921936,0.20986029505729675,-13.090373992919922,36.250667572021484,-52.122528076171875,64.82458425430163,876853496,1720697921
3.0,0,-16.41250228881836,-20.813114166259766,18.404508590698242,0.3454172611236572,-0.4695224463939667,0.30493661761283875,-12.56675910949707,35.37504959106445,-50.9417610168457,63.28017528091888,889706890,1720697921
3.0,0,7.989573001861572,21.98628807067871,21.473922729492188,0.35234156250953674,0.04207858443260193,-0.02263721451163292,-12.56675910949707,35.72529602050781,-52.96593475341797,65.11229111751766,901706890,1720697921
3.0,0,-9.955243110656738,-13.939254760742188,14.094880104064941,-0.2221110314130783,-0.04021434485912323,-0.17736923694610596,-13.613988876342773,37.826786041259766,-52.62857437133789,66.22668099562195,914706890,1720697921
3.0,0,7.244964599609375,-0.3399818241596222,4.206676483154297,-0.2969469726085663,0.1707112193107605,-0.148872971534729,-13.78852653503418,33.79893112182617,-50.09835433959961,61.98658174574051,926706890,1720697921
3.0,0,16.151531219482422,3.48122239112854,0.28730857372283936,-0.05779147893190384,0.10999023169279099,-0.18802203238010406,-11.51952838897705,36.07554626464844,-51.27912139892578,63.74710082853185,939706890,1720697921
3.0,0,7.436503887176514,2.4397287368774414,7.400590419769287,-0.04980187490582466,0.1387528032064438,-0.002130561275407672,-11.51952838897705,36.07554626464844,-51.27912139892578,63.74710082853185,951706890,1720697921
3.0,0,5.851518154144287,3.3160200119018555,7.067790985107422,-0.11345238983631134,0.06844428181648254,-0.05432931333780289,-11.868605613708496,36.07554626464844,-51.27912139892578,63.811105059795906,964706890,1720697921
3.0,0,10.489157676696777,1.3838696479797363,1.9321502447128296,-0.010120166465640068,0.04261122643947601,-0.037817467004060745,-12.043143272399902,35.900421142578125,-51.7851676940918,64.1527951939682,976706890,1720697921
3.0,0,5.030294418334961,0.6655982136726379,6.76132869720459,0.08868461847305298,0.026365695521235466,-0.026632016524672508,-12.9158353805542,38.177032470703125,-52.29121017456055,66.02026411161016,989706890,1720697921
3.0,0,5.968835830688477,2.3607187271118164,7.865072250366211,0.050068192183971405,-0.001065280637703836,-0.0537966750562191,-10.64683723449707,35.900421142578125,-53.13461685180664,65.0037144269513,1706890,1720697922
3.0,0,8.961633682250977,1.9632753133773804,5.695892810821533,0.028229938820004463,-0.015712888911366463,-0.05486195534467697,-11.868605613708496,36.776039123535156,-51.27912139892578,64.20972780097506,14706890,1720697922
3.0,0,7.93929386138916,2.135660409927368,6.105307102203369,0.08868461847305298,-0.01145176775753498,-0.02370249480009079,-11.344990730285645,35.550174713134766,-52.122528076171875,64.10367906646232,26706890,1720697922
3.0,0,5.942499160766602,1.9800350666046143,8.094919204711914,0.054062992334365845,-0.006391684524714947,-0.024501455947756767,-11.344990730285645,35.550174713134766,-51.7851676940918,63.829674367882234,39706890,1720697922
3.0,0,7.127647399902344,1.3335906267166138,6.246567726135254,0.028229938820004463,-0.026632016524672508,-0.05539459362626076,-12.392220497131348,37.301414489746094,-53.13461685180664,66.0927390851193,51706890,1720697922
3.0,0,6.593731880187988,1.2450039386749268,19.058135986328125,0.026365695521235466,0.13023056089878082,0.018908733502030373,-12.217681884765625,36.4257926940918,-50.9417610168457,63.80574534889238,64706890,1720697922
3.0,0,-7.347917079925537,-2.6983065605163574,29.868122100830078,-0.6708605289459229,0.3970833718776703,-0.2013380527496338,-12.217681884765625,36.4257926940918,-50.9417610168457,63.80574534889238,76706890,1720697922
3.0,0,-19.587263107299805,-21.81629753112793,20.932825088500977,-1.1278659105300903,0.14834032952785492,-0.6279829740524292,-12.043143272399902,33.79893112182617,-53.80934143066406,64.67495860114083,89706890,1720697922
3.0,0,4.206676483154297,1.8004671335220337,17.27203369140625,-1.3180185556411743,0.45008108019828796,-1.0074892044067383,-13.264911651611328,36.07554626464844,-53.30329895019531,65.71639520235217,101706890,1720697922
3.0,0,-1.3862639665603638,-12.406942367553711,5.585757732391357,-1.479142189025879,0.336362361907959,-1.0125492811203003,-9.948683738708496,34.1491813659668,-51.44780349731445,62.546138016641905,114706890,1720697922
3.0,0,14.762873649597168,11.6766996383667,8.485180854797363,-1.3616950511932373,0.38376736640930176,-1.1379860639572144,-11.170452117919922,33.623809814453125,-52.29121017456055,63.16415319211776,126706890,1720697922
3.0,0,6.5410590171813965,8.360679626464844,8.25533390045166,-1.4309382438659668,0.5363688468933105,-1.0026954412460327,-11.868605613708496,32.92331314086914,-51.9538459777832,62.64192253809504,139706890,1720697922
3.0,0,-1.2976771593093872,9.287249565124512,9.933694839477539,-1.466092586517334,0.5813769102096558,-0.9302563667297363,-10.297760963439941,34.1491813659668,-53.13461685180664,63.9960778236771,151706890,1720697922
3.0,0,3.8283870220184326,6.914559841156006,7.946476459503174,-1.439993143081665,0.5286455154418945,-0.9473008513450623,-12.9158353805542,31.522321701049805,-54.652748107910156,64.40029848338227,164706890,1720697922
3.0,0,6.624857425689697,2.3080456256866455,5.4516801834106445,-1.3643581867218018,0.5049430131912231,-0.9286584258079529,-9.948683738708496,33.09843826293945,-55.833518981933594,65.6647909117542,176706890,1720697922
3.0,0,9.490760803222656,2.573806047439575,5.829969882965088,-1.3284050226211548,0.5600712895393372,-1.0322569608688354,-11.170452117919922,34.32430648803711,-53.64065933227539,64.65490971306565,189706890,1720697922
3.0,0,6.344731330871582,2.396632432937622,7.412561893463135,-1.3209480047225952,0.5273139476776123,-1.0170767307281494,-11.170452117919922,34.32430648803711,-53.64065933227539,64.65490971306565,201706890,1720697922
3.0,0,9.524279594421387,4.367090702056885,8.454055786132812,-1.3153553009033203,0.3909580111503601,-1.018941044807434,-10.9959135055542,33.44868469238281,-55.15879440307617,65.43865235067804,214706890,1720697922
3.0,0,8.671930313110352,2.0997469425201416,8.003938674926758,-1.322013258934021,0.44555363059043884,-0.9952384829521179,-10.297760963439941,31.347196578979492,-55.15879440307617,64.27428112567388,226706890,1720697922
3.0,0,3.2465872764587402,6.627251625061035,7.759726524353027,-1.2746083736419678,0.5494185090065002,-1.0612858533859253,-11.694067001342773,33.09843826293945,-54.82143020629883,65.0972121395502,239706890,1720697922
3.0,0,-1.1348689794540405,4.07499361038208,8.552218437194824,-1.2836631536483765,0.6037477850914001,-1.070074439048767,-9.774145126342773,30.82182502746582,-55.32747268676758,64.0831338565737,251706890,1720697922
3.0,0,8.686296463012695,1.5778030157089233,7.402984619140625,-1.2596943378448486,0.503078818321228,-1.081259846687317,-12.9158353805542,31.872568130493164,-56.002201080322266,65.71853565510534,264706890,1720697922
3.0,0,11.078141212463379,2.0207371711730957,7.776485919952393,-1.250373125076294,0.4809742271900177,-1.1044297218322754,-10.821375846862793,31.522321701049805,-57.68901443481445,66.62417974807474,276706890,1720697922
3.0,0,4.395821571350098,0.27054890990257263,7.920140266418457,-1.2794021368026733,0.5321077108383179,-1.0897821187973022,-9.425068855285645,30.121328353881836,-58.363739013671875,66.35097871459958,289706890,1720697922
3.0,0,-0.6991175413131714,6.354308128356934,10.007916450500488,-1.2056313753128052,0.6258523464202881,-1.175270915031433,-9.774145126342773,29.070585250854492,-57.35165023803711,65.03725566784126,302706890,1720697922
3.0,0,-0.617713451385498,5.15718936920166,8.454055786132812,-1.2394540309906006,0.6255860328674316,-1.1489052772521973,-9.774145126342773,30.471576690673828,-58.363739013671875,66.5610766936836,314706890,1720697922
3.0,0,3.5674149990081787,-0.15562549233436584,7.328763008117676,-1.2434488534927368,0.5800453424453735,-1.1544978618621826,-9.774145126342773,30.471576690673828,-58.363739013671875,66.5610766936836,327706890,1720697922
3.0,0,10.50831127166748,1.704697608947754,8.329554557800293,-1.2016366720199585,0.4910943806171417,-1.1771351099014282,-8.72691535949707,28.7203369140625,-59.0384635925293,66.23108777240107,339706890,1720697922
3.0,0,4.1611857414245605,1.7453995943069458,8.588132858276367,-1.178999423980713,0.5789800882339478,-1.163020133972168,-8.901453971862793,29.245708465576172,-58.53242111206055,66.03477619941069,352706890,1720697922
3.0,0,-3.5003764629364014,5.817998886108398,9.471606254577637,-1.1611559391021729,0.6849755048751831,-1.2112241983413696,-7.679685592651367,28.019840240478516,-59.71318817138672,66.40597758858276,364706890,1720697922
3.0,0,5.743777751922607,5.521113395690918,7.788456916809082,-1.178999423980713,0.6080089211463928,-1.2027019262313843,-7.85422420501709,28.545211791992188,-61.231319427490234,68.01317837701535,377706890,1720697922
3.0,0,8.738969802856445,0.533915102481842,7.16356086730957,-1.16062331199646,0.525183379650116,-1.2152189016342163,-7.330609321594238,28.7203369140625,-61.73736572265625,68.48428952581837,389706890,1720697922
3.0,0,8.707844734191895,3.483616590499878,7.946476459503174,-1.111354112625122,0.5709904432296753,-1.1963101625442505,-7.330609321594238,28.370088577270508,-60.38791275024414,67.12152981897178,402706890,1720697922
3.0,0,3.1819424629211426,5.463651657104492,9.80919361114502,-1.0825915336608887,0.623988151550293,-1.2365245819091797,-7.85422420501709,27.494468688964844,-62.243408203125,68.49727374933978,414706890,1720697922
3.0,0,4.920159339904785,6.323183059692383,8.351102828979492,-1.0849883556365967,0.6642025113105774,-1.253302812576294,-5.934302806854248,26.969097137451172,-61.06263732910156,67.01636984944874,427706890,1720697922
3.0,0,5.159583568572998,1.4748507738113403,7.4676289558410645,-1.1073592901229858,0.6322441101074219,-1.2517046928405762,-5.934302806854248,26.969097137451172,-61.06263732910156,67.01636984944874,439706890,1720697922
3.0,0,5.9712300300598145,3.7996559143066406,8.49954605102539,-1.0628838539123535,0.5984213948249817,-1.2945822477340698,-5.934302806854248,26.969097137451172,-61.06263732910156,67.01636984944874,452706890,1720697922
3.0,0,6.684712886810303,2.5115559101104736,8.583344459533691,-1.0596879720687866,0.5930950045585632,-1.2844622135162354,-6.1088409423828125,26.79397201538086,-62.91813278198242,68.65803890872151,464706890,1720697922
3.0,0,4.99916934967041,0.7924928665161133,8.94726848602295,-1.0841894149780273,0.6642025113105774,-1.2825978994369507,-6.1088409423828125,25.392980575561523,-64.60494995117188,69.68443842324913,477706890,1720697922
3.0,0,2.2338242530822754,5.315208911895752,9.141201972961426,-1.0202726125717163,0.6980251669883728,-1.3326661586761475,-5.759764194488525,25.04273223876953,-62.91813278198242,67.96326032740035,489706890,1720697922
3.0,0,-0.3399818241596222,1.611322283744812,8.806008338928223,-1.0487687587738037,0.6884376406669617,-1.3491780757904053,-5.934302806854248,26.268600463867188,-64.43626403808594,69.83757901960554,502706890,1720697922
3.0,0,0.9433298707008362,2.015948534011841,8.114073753356934,-0.9965700507164001,0.6394347548484802,-1.3539717197418213,-5.4106879234313965,26.093477249145508,-63.255496978759766,68.63966052353643,514706890,1720697922
3.0,0,4.3311767578125,6.016720771789551,9.335135459899902,-0.9734002351760864,0.6863070726394653,-1.3486454486846924,-4.712534427642822,24.69248390197754,-65.27967071533203,69.95257072247821,527706890,1720697922
3.0,0,3.0813846588134766,-0.050279002636671066,9.167537689208984,-0.9901784062385559,0.6860407590866089,-1.347313642501831,-4.014381408691406,25.04273223876953,-64.94230651855469,69.71912845143049,539706890,1720697922
3.0,0,6.6655592918396,4.029502868652344,8.528276443481445,-0.9299900531768799,0.6926987767219543,-1.3904575109481812,-4.188919544219971,25.217857360839844,-63.761539459228516,68.69513295008873,552706890,1720697922
3.0,0,1.4628795385360718,4.053445339202881,8.674324989318848,-0.968073844909668,0.7148033380508423,-1.386729121208191,-4.188919544219971,25.217857360839844,-63.761539459228516,68.69513295008873,564706890,1720697922
3.0,0,0.9768491983413696,4.304840564727783,9.078951835632324,-0.8948357701301575,0.7281193733215332,-1.4048389196395874,-2.967151403427124,25.04273223876953,-65.27967071533203,69.98126773741488,577706890,1720697922
3.0,0,8.128438949584961,2.169179677963257,8.68150806427002,-0.9337185025215149,0.6436958909034729,-1.3971155881881714,-5.4106879234313965,25.04273223876953,-67.30384826660156,72.01542871691592,589706890,1720697922
3.0,0,9.505125999450684,0.019153906032443047,7.817187786102295,-0.8721985816955566,0.714004397392273,-1.4234813451766968,-4.712534427642822,22.94124412536621,-68.31593322753906,72.21894069772101,602706890,1720697922
3.0,0,5.013535022735596,6.062211036682129,9.059797286987305,-0.8570182919502258,0.7315815091133118,-1.450113296508789,-4.014381408691406,23.641740798950195,-67.6412124633789,71.7661535099601,614706890,1720697922
3.0,0,-2.523527145385742,0.4046262502670288,9.665539741516113,-0.8804544806480408,0.7683336734771729,-1.4181549549102783,-1.7453831434249878,22.76612091064453,-67.80989074707031,71.55084840003681,627706890,1720697922
3.0,0,3.6272706985473633,5.810816287994385,9.361471176147461,-0.8181356191635132,0.7009547352790833,-1.4815391302108765,-2.268998146057129,22.59099578857422,-67.6412124633789,71.35008806457182,639706890,1720697922
3.0,0,8.76530647277832,0.34477031230926514,8.425324440002441,-0.8492950201034546,0.7084116339683533,-1.4344004392623901,-1.7453831434249878,22.76612091064453,-68.14725494384766,71.87065451223613,652706890,1720697922
3.0,0,1.9273617267608643,-1.0654360055923462,8.31279468536377,-0.83810955286026,0.7294509410858154,-1.4732831716537476,-0.34907662868499756,20.31438446044922,-69.15933990478516,72.08196977445361,664706890,1720697922
3.0,0,-2.7749221324920654,8.104496955871582,10.939274787902832,-0.7672684192657471,0.8290547132492065,-1.4977847337722778,-0.8726915717124939,23.291492462158203,-70.00274658203125,73.78102561446404,677706890,1720697922
3.0,0,-2.241007089614868,0.42138591408729553,9.390202522277832,-0.8122764825820923,0.8160049915313721,-1.5047088861465454,-0.8726915717124939,23.291492462158203,-70.00274658203125,73.78102561446404,689706890,1720697922
3.0,0,5.4516801834106445,1.9106022119522095,8.636016845703125,-0.7411690354347229,0.7257224321365356,-1.5244166851043701,1.5708448886871338,20.83975601196289,-71.01483917236328,74.02614650904827,702706890,1720697922
3.0,0,3.533895492553711,4.517927646636963,9.852291107177734,-0.7638062238693237,0.717732846736908,-1.5185576677322388,-0.34907662868499756,20.31438446044922,-69.83406829833984,72.72958934021852,714706890,1720697922
3.0,0,0.12928886711597443,0.8379833698272705,9.531462669372559,-0.7259887456893921,0.7856444716453552,-1.5294767618179321,0.0,19.263641357421875,-72.19561004638672,74.72144262738314,727706890,1720697922
3.0,0,1.4054179191589355,3.4213664531707764,9.718213081359863,-0.7012210488319397,0.8106786012649536,-1.5244166851043701,1.3963065147399902,19.964136123657227,-70.84615325927734,73.61856990382273,739706890,1720697922
3.0,0,1.8579288721084595,3.1316637992858887,8.691084861755371,-0.6982914805412292,0.7883077263832092,-1.5545108318328857,1.2217681407928467,19.789012908935547,-72.02692413330078,74.70592713703606,752706890,1720697922
3.0,0,2.264949321746826,3.4213664531707764,9.361471176147461,-0.6711268424987793,0.7438322305679321,-1.5353357791900635,3.4907662868499756,19.613887786865234,-73.54505920410156,76.19557583429601,764706890,1720697922
3.0,0,4.819601535797119,1.5706202983856201,9.993550300598145,-0.6636698842048645,0.7701979875564575,-1.5491844415664673,4.712534427642822,18.73826789855957,-73.37637329101562,75.87768329299715,777706890,1720697922
3.0,0,3.6799440383911133,2.0997469425201416,9.538644790649414,-0.6021499037742615,0.7688663005828857,-1.555309772491455,5.934302806854248,18.913393020629883,-73.20769500732422,75.84391204072779,789706890,1720697922
3.0,0,3.201096534729004,3.486010789871216,8.84192180633545,-0.6253197193145752,0.8468981385231018,-1.573685884475708,5.934302806854248,18.913393020629883,-73.20769500732422,75.84391204072779,802706890,1720697922
3.0,0,3.3998184204101562,-1.4126006364822388,9.706241607666016,-0.6213249564170837,0.7701979875564575,-1.594725251197815,5.236149311065674,16.46165657043457,-74.8945083618164,76.8608533611805,815706890,1720697922
3.0,0,0.16759668290615082,5.375064849853516,10.343109130859375,-0.556875467300415,0.8088143467903137,-1.6115033626556396,5.061611175537109,16.987028121948242,-75.06318664550781,77.12756330577626,827706890,1720697922
3.0,0,1.5011874437332153,1.561043381690979,10.10368537902832,-0.5672619342803955,0.797096312046051,-1.594725251197815,9.425068855285645,17.162153244018555,-74.8945083618164,77.41161934526521,840706890,1720697922
3.0,0,4.616091251373291,2.085381507873535,9.059797286987305,-0.5334393382072449,0.7923025488853455,-1.6133675575256348,9.599607467651367,17.337276458740234,-73.03901672363281,75.67979639570187,852706890,1720697922
3.0,0,4.769322395324707,2.4133920669555664,9.837924003601074,-0.546755313873291,0.8093469738960266,-1.6362712383270264,10.123222351074219,17.862648010253906,-75.9065933227539,78.63437374694011,865706890,1720697922
3.0,0,-3.452491521835327,1.3072539567947388,10.728581428527832,-0.506807267665863,0.835712730884552,-1.6490545272827148,9.599607467651367,15.586036682128906,-77.08736419677734,79.23092023822673,877706890,1720697922
3.0,0,-0.23942382633686066,4.896217346191406,9.957636833190918,-0.47564783692359924,0.8354463577270508,-1.6525166034698486,11.170452117919922,16.111408233642578,-77.25604248046875,79.70478389365233,890706890,1720697922
3.0,0,-0.49321308732032776,2.138054609298706,9.421327590942383,-0.49508920311927795,0.8295873403549194,-1.6170960664749146,12.9158353805542,16.111408233642578,-74.8945083618164,77.68901892550097,902706890,1720697922
3.0,0,4.776504993438721,3.272923707962036,9.294432640075684,-0.4402272403240204,0.8391748070716858,-1.6583757400512695,11.344990730285645,16.28653335571289,-77.08736419677734,79.60164384121477,915706890,1720697922
3.0,0,2.2817089557647705,0.5865883827209473,9.426115989685059,-0.43330293893814087,0.861545741558075,-1.6493208408355713,11.344990730285645,16.28653335571289,-77.08736419677734,79.60164384121477,927706890,1720697922
3.0,0,1.132474660873413,3.3327796459198,9.110076904296875,-0.4103993773460388,0.8250598907470703,-1.673822283744812,14.486680030822754,14.535292625427246,-78.09944915771484,80.75061974227025,940706890,1720697922
3.0,0,3.7326173782348633,4.635245323181152,8.571372985839844,-0.4103993773460388,0.8250598907470703,-1.673822283744812,16.23206329345703,15.586036682128906,-79.11154174804688,82.24986599364419,952706890,1720697922
3.0,0,0.8954451084136963,-0.23224110901355743,9.016700744628906,-0.3688534200191498,0.811477541923523,-1.6615715026855469,16.23206329345703,13.834795951843262,-78.09944915771484,80.95928246057039,965706890,1720697922
3.0,0,8.284064292907715,3.0023748874664307,8.398987770080566,-0.3520752489566803,0.8136081099510193,-1.6565114259719849,17.279293060302734,14.885540008544922,-80.12362670898438,83.30635526183157,977706890,1720697922
3.0,0,1.795678734779358,1.9776407480239868,9.94327163696289,-0.3526079058647156,0.8442348837852478,-1.6996554136276245,19.199214935302734,14.009920120239258,-80.62966918945312,84.05968873073516,990706890,1720697922
3.0,0,-0.9122047424316406,1.9489099979400635,10.606474876403809,-0.31319254636764526,0.8911072611808777,-1.6799477338790894,18.501060485839844,13.659672737121582,-79.61758422851562,82.87240564126726,2706890,1720697923
3.0,0,0.3950493037700653,3.770925283432007,9.304009437561035,-0.32171475887298584,0.8287883996963501,-1.689801573753357,18.85013771057129,11.558184623718262,-81.9791259765625,84.90875349093616,15706890,1720697923
3.0,0,2.2386128902435303,2.1596028804779053,9.102893829345703,-0.28043514490127563,0.8634099960327148,-1.6959267854690552,19.024675369262695,12.433804512023926,-79.11154174804688,82.31144395102069,27706890,1720697923
3.0,0,0.9864261746406555,3.713463544845581,9.73257827758789,-0.23116591572761536,0.8514255881309509,-1.7140365839004517,21.119136810302734,12.784051895141602,-78.77417755126953,82.55192893778373,40706890,1720697923
3.0,0,3.8092329502105713,3.715857744216919,9.201057434082031,-0.2620590329170227,0.8687363862991333,-1.715101957321167,23.0390567779541,11.558184623718262,-79.61758422851562,83.6860172752804,52706890,1720697923
3.0,0,-1.9129964113235474,3.639242172241211,10.752523422241211,-0.22237734496593475,0.88311767578125,-1.7113734483718872,23.9117488861084,12.083556175231934,-80.12362670898438,84.48419746694033,65706890,1720697923
3.0,0,-0.308856725692749,3.8858487606048584,9.536251068115234,-0.18589147925376892,0.8796555399894714,-1.7182977199554443,23.21359634399414,11.383060455322266,-79.44890594482422,83.54982810503529,77706890,1720697923
3.0,0,-1.7765247821807861,3.5554440021514893,9.447664260864258,-0.16538482904434204,0.8889767527580261,-1.7153682708740234,26.180747985839844,12.959176063537598,-80.96703338623047,86.07573586505539,90706890,1720697923
3.0,0,6.830761432647705,3.715857744216919,9.315980911254883,-0.16778171062469482,0.7957646250724792,-1.7268199920654297,26.8789005279541,12.608928680419922,-80.29231262207031,85.60558300870241,102706890,1720697923
3.0,0,-2.6935181617736816,1.6903321743011475,10.201848983764648,-0.13475801050662994,0.92812579870224,-1.7153682708740234,27.402515411376953,11.733307838439941,-81.1357192993164,86.43826299689168,115706890,1720697923
3.0,0,-0.08858681470155716,3.842752456665039,8.846710205078125,-0.11851247400045395,0.8671385049819946,-1.7590447664260864,28.10066795349121,10.332316398620605,-80.79835510253906,86.16715435053877,127706890,1720697923
3.0,0,-3.0334997177124023,2.5115559101104736,9.569769859313965,-0.09960374981164932,0.9158750772476196,-1.7441308498382568,29.671512603759766,11.20793628692627,-82.31648254394531,88.21575706422593,140706890,1720697923
3.0,0,1.6041396856307983,3.6727614402770996,10.671119689941406,-0.05459563434123993,0.8506266474723816,-1.7851442098617554,31.067819595336914,10.857687950134277,-83.66593933105469,89.9059964973339,152706890,1720697923
3.0,0,-0.308856725692749,3.299260139465332,13.158733367919922,0.11052287369966507,0.7275867462158203,-1.7856768369674683,31.067819595336914,10.857687950134277,-83.66593933105469,89.9059964973339,165706890,1720697923
3.0,0,39.22600173950195,0.15323124825954437,23.461139678955078,0.2737771272659302,0.3520752489566803,-1.3438515663146973,33.33681869506836,10.682564735412598,-82.1478042602539,89.29570210718504,177706890,1720697923
3.0,0,37.079566955566406,-13.067752838134766,26.25282096862793,-0.07084116339683533,-0.04847027361392975,-0.707080066204071,32.98773956298828,10.682564735412598,-80.46099090576172,87.6143778631047,190706890,1720697923
3.0,0,25.230484008789062,8.020697593688965,28.613542556762695,0.012783369049429893,0.3432866930961609,-0.27564138174057007,34.209510803222656,10.507440567016602,-80.62966918945312,88.21474077650424,202706890,1720697923
3.0,0,39.22600173950195,-10.745341300964355,9.160355567932129,-0.2990775406360626,-0.10040270537137985,0.1813640296459198,32.98773956298828,11.383060455322266,-81.81044006347656,88.94218982116841,215706890,1720697923
3.0,0,3.196308135986328,-1.8794770240783691,4.752562999725342,-0.14274761080741882,0.012783369049429893,0.4998829662799835,34.209510803222656,10.857687950134277,-81.9791259765625,89.49165945997092,227706890,1720697923
3.0,0,-3.402212619781494,-7.687899112701416,2.8275954723358154,0.02263721451163292,-0.09054885804653168,0.5789800882339478,33.16228103637695,10.15719223022461,-82.65384674072266,89.63572847127563,240706890,1720697923
3.0,0,-18.840261459350586,1.692726492881775,6.447683334350586,0.14993825554847717,-0.10493014752864838,0.3246442973613739,35.431278228759766,12.083556175231934,-81.81044006347656,89.96852733119212,252706890,1720697923
3.0,0,-19.639936447143555,1.5394952297210693,13.168310165405273,0.22157837450504303,0.012250727973878384,0.0644494816660881,32.289588928222656,11.733307838439941,-81.1357192993164,88.10955119737395,265706890,1720697923
3.0,0,-10.266493797302246,7.711841106414795,26.803497314453125,0.1914842128753662,0.342754065990448,-0.2119908481836319,34.03497314453125,11.733307838439941,-80.79835510253906,88.45577480897762,278706890,1720697923
3.0,0,-8.377439498901367,-0.19393329322338104,26.374927520751953,-0.24847672879695892,0.34248775243759155,-0.6426305770874023,34.03497314453125,11.733307838439941,-80.79835510253906,88.45577480897762,290706890,1720697923
3.0,0,-7.912957668304443,8.073371887207031,21.58645248413086,-0.22876903414726257,1.2237411737442017,-0.7544850707054138,33.68589401245117,10.682564735412598,-82.1478042602539,89.42660895687236,303706890,1720697923
3.0,0,21.845029830932617,-0.3016740083694458,16.774032592773438,-0.5891002416610718,0.6628708839416504,-0.9848520159721375,34.38404846191406,10.682564735412598,-82.1478042602539,89.69192674225772,315706890,1720697923
3.0,0,-12.866636276245117,1.2881001234054565,11.25052547454834,-0.5542122721672058,1.2442479133605957,-0.7124064564704895,35.431278228759766,11.032812118530273,-81.47307586669922,89.52631183818252,328706890,1720697923
3.0,0,24.718114852905273,-5.580969333648682,0.42856863141059875,-0.5273139476776123,0.8663395643234253,-0.7334457635879517,36.82758331298828,11.032812118530273,-82.48516845703125,91.00437819853892,340706890,1720697923
3.0,0,-7.276090145111084,0.050279002636671066,3.4764339923858643,-0.324111670255661,1.0226694345474243,-0.6444948315620422,38.572967529296875,12.083556175231934,-83.1598892211914,92.46325393980574,353706890,1720697923
3.0,0,4.3311767578125,-0.7350311875343323,5.6623735427856445,-0.20533284544944763,0.9853846430778503,-0.6460927128791809,37.70027542114258,12.25868034362793,-82.31648254394531,91.36514274604353,365706890,1720697923
3.0,0,0.19393329322338104,-1.0654360055923462,10.647177696228027,-0.1957453191280365,0.899629533290863,-0.7049494981765747,38.92204284667969,12.433804512023926,-83.1598892211914,92.65577202356485,378706890,1720697923
3.0,0,-6.7469635009765625,-0.6823578476905823,12.90733814239502,-0.23489437997341156,1.0098860263824463,-0.6812469959259033,40.14381408691406,12.959176063537598,-82.9912109375,93.0967622775524,390706890,1720697923
3.0,0,2.480430841445923,0.5530690550804138,11.72697925567627,-0.2844299376010895,0.9473008513450623,-0.7504902482032776,39.44565963745117,12.959176063537598,-81.30439758300781,91.29241685274421,403706890,1720697923
3.0,0,-1.7669477462768555,-1.2043018341064453,10.95363998413086,-0.29002267122268677,0.9925752282142639,-0.7448975443840027,39.44565963745117,12.959176063537598,-81.30439758300781,91.29241685274421,415706890,1720697923
3.0,0,3.35432767868042,-1.8148326873779297,8.377439498901367,-0.3150567412376404,0.9792592525482178,-0.7339783906936646,41.88919448852539,13.30942440032959,-82.31648254394531,93.31585444699763,428706890,1720697923
3.0,0,0.814041018486023,0.12450038641691208,8.676718711853027,-0.3004091680049896,0.9329195618629456,-0.7464954257011414,41.016502380371094,14.535292625427246,-82.1478042602539,92.96176603317504,440706890,1720697923
3.0,0,-2.6216909885406494,-1.9297560453414917,8.932902336120605,-0.26365697383880615,0.99843430519104,-0.7081453204154968,44.50727081298828,15.586036682128906,-81.81044006347656,94.42864924405642,453706890,1720697923
3.0,0,1.714274525642395,-2.375084400177002,9.519491195678711,-0.2383565604686737,0.9259952306747437,-0.7233256101608276,45.554500579833984,13.834795951843262,-80.79835510253906,93.78159888476648,465706890,1720697923
3.0,0,-4.661581516265869,-0.4884245991706848,11.224187850952148,-0.24181872606277466,0.9816561341285706,-0.7233256101608276,46.60173034667969,14.185044288635254,-83.1598892211914,96.37688482232664,478706890,1720697923
3.0,0,1.4389371871948242,0.04070204868912697,10.17790699005127,-0.24315032362937927,0.9305226802825928,-0.7587461471557617,45.554500579833984,15.586036682128906,-84.8467025756836,97.55562516073215,490706890,1720697923
3.0,0,-3.1939139366149902,-0.13407734036445618,9.883415222167969,-0.25486841797828674,0.9933742880821228,-0.7499576210975647,46.42719268798828,16.111408233642578,-82.31648254394531,95.87004221635834,503706890,1720697923
3.0,0,0.7829159498214722,-0.3112509846687317,8.731786727905273,-0.27297815680503845,0.970470666885376,-0.7725948095321655,48.34711456298828,16.987028121948242,-81.81044006347656,96.53471248396747,515706890,1720697923
3.0,0,-2.219458818435669,-1.5107643604278564,9.225000381469727,-0.2569989860057831,0.9550241231918335,-0.7736600637435913,48.34711456298828,16.987028121948242,-81.81044006347656,96.53471248396747,528706890,1720697923
3.0,0,0.8691084980964661,-1.6208992004394531,8.825161933898926,-0.22797006368637085,1.004027009010315,-0.7566155791282654,48.34711456298828,16.987028121948242,-81.81044006347656,96.53471248396747,540706890,1720697923
3.0,0,0.23224110901355743,-0.8164352178573608,9.713424682617188,-0.2151867002248764,0.9350500702857971,-0.7739263772964478,49.045265197753906,15.586036682128906,-82.1478042602539,96.93618685793076,553706890,1720697923
3.0,0,-5.360699653625488,-0.49560731649398804,10.321561813354492,-0.21438774466514587,1.0271968841552734,-0.7616757154464722,50.44157409667969,17.687524795532227,-81.47307586669922,97.44261399369539,565706890,1720697923
3.0,0,0.2801258862018585,-2.2242472171783447,9.337529182434082,-0.21784991025924683,0.9566220641136169,-0.7845792174339294,50.7906494140625,16.63677978515625,-79.78626251220703,96.03291204159542,578706890,1720697923
3.0,0,-1.601745367050171,-1.6592071056365967,8.92572021484375,-0.21252350509166718,0.9992333054542542,-0.7707306146621704,50.7906494140625,16.63677978515625,-81.81044006347656,97.72113698121652,590706890,1720697923
3.0,0,1.3718984127044678,-1.5275241136550903,9.098105430603027,-0.22237734496593475,1.0029617547988892,-0.7986941933631897,52.7105712890625,18.2128963470459,-81.30439758300781,98.59269235244255,603706890,1720697923
3.0,0,-2.9808266162872314,-2.1548144817352295,8.813190460205078,-0.21838253736495972,0.978193998336792,-0.792036235332489,53.5832633972168,19.789012908935547,-81.81044006347656,99.77835061567826,615706890,1720697923
3.0,0,-0.4884245991706848,-1.2473981380462646,9.667933464050293,-0.19974012672901154,0.9904447197914124,-0.7978952527046204,55.5031852722168,18.56314468383789,-79.61758422851562,98.81373201281238,628706890,1720697923
3.0,0,-4.0869646072387695,-2.475642204284668,9.497942924499512,-0.1976095587015152,0.9707369804382324,-0.7816497087478638,55.15410614013672,18.913393020629883,-80.96703338623047,99.77651204084675,640706890,1720697923
3.0,0,-5.286478042602539,-2.8730859756469727,9.45484733581543,-0.1832282841205597,1.0258653163909912,-0.7936341166496277,55.15410614013672,18.913393020629883,-80.96703338623047,99.77651204084675,653706890,1720697923
3.0,0,0.8810796737670898,-2.0542564392089844,9.0621919631958,-0.1669827401638031,0.9853846430778503,-0.8024227023124695,56.5504150390625,21.715375900268555,-78.94285583496094,99.50618814405271,665706890,1720697923
3.0,0,-4.046262741088867,-1.3575330972671509,8.84192180633545,-0.19095155596733093,1.0053585767745972,-0.8085480332374573,58.81941223144531,21.540252685546875,-79.11154174804688,100.90759029311359,678706890,1720697923
3.0,0,-0.05267323926091194,-2.942518949508667,9.213027954101562,-0.17736923694610596,0.9904447197914124,-0.8138744831085205,58.81941223144531,20.4895076751709,-80.46099090576172,101.75221981637873,690706890,1720697923
3.0,0,-4.443706035614014,-2.1596028804779053,9.272884368896484,-0.16831433773040771,1.0248000621795654,-0.8247935771942139,56.5504150390625,22.41587257385254,-79.28022003173828,99.92884504795528,703706890,1720697923
3.0,0,-0.6129249930381775,-2.5378923416137695,8.621651649475098,-0.14274761080741882,1.0248000621795654,-0.8245272636413574,57.77218246459961,21.190004348754883,-78.77417755126953,99.96005402110474,715706890,1720697923
3.0,0,-3.42854905128479,-0.7254542112350464,9.38301944732666,-0.13608960807323456,1.0005648136138916,-0.8181356191635132,58.99394989013672,22.41587257385254,-78.60549926757812,100.80467242143284,728706890,1720697923
3.0,0,-1.4054179191589355,-0.9624837636947632,8.446871757507324,-0.13928544521331787,1.0128155946731567,-0.8088143467903137,61.61202621459961,21.190004348754883,-77.42472839355469,101.1911390655549,740706890,1720697923
3.0,0,-1.7214573621749878,-1.5562547445297241,8.90417194366455,-0.14594346284866333,0.9880477786064148,-0.8285220861434937,60.21571731567383,22.59099578857422,-78.43681335449219,101.43283192225269,753706890,1720697923
3.0,0,-6.806819438934326,-2.346353530883789,9.110076904296875,-0.15313409268856049,1.0495678186416626,-0.8375769257545471,61.088409423828125,21.715375900268555,-77.93077087402344,101.37335135745862,765706890,1720697923
3.0,0,-3.588963031768799,-2.322411060333252,8.49954605102539,-0.12437152117490768,1.0205389261245728,-0.8527571558952332,61.088409423828125,21.715375900268555,-77.93077087402344,101.37335135745862,778706890,1720697923
3.0,0,-4.932130813598633,-1.6328704357147217,8.832345008850098,-0.1201103925704956,1.0367844104766846,-0.8397074937820435,62.310176849365234,24.34223747253418,-76.07527923583984,101.30424855345122,791706890,1720697923
3.0,0,0.26815468072891235,-2.7773163318634033,8.183506965637207,-0.11771351844072342,0.9859172701835632,-0.8311852216720581,63.53194808959961,25.217857360839844,-76.5813217163086,102.64963513694534,803706890,1720697923
3.0,0,-2.2314300537109375,-2.351141929626465,8.568979263305664,-0.11691455543041229,1.0029617547988892,-0.8338484764099121,63.008331298828125,24.34223747253418,-77.76209259033203,103.0026086187117,816706890,1720697923
3.0,0,-2.2314300537109375,-2.351141929626465,8.568979263305664,-0.11691455543041229,1.0029617547988892,-0.8338484764099121,64.0555648803711,25.743228912353516,-75.06318664550781,101.98191612416197,828706890,1720697923
3.0,0,-4.297657489776611,-2.32480525970459,7.714235305786133,-0.12490416318178177,1.0088207721710205,-0.8626110553741455,65.62640380859375,26.268600463867188,-75.9065933227539,103.72403365201741,841706890,1720697923
3.0,0,-3.296865940093994,-2.2841031551361084,8.959239959716797,-0.10546278208494186,1.0381159782409668,-0.8522245287895203,64.4046401977539,26.79397201538086,-74.38846588134766,101.97802935703149,853706890,1720697923
3.0,0,-0.5003957748413086,-2.267343759536743,7.711841106414795,-0.08682037144899368,1.0072228908538818,-0.8453002572059631,65.62640380859375,28.370088577270508,-74.21977996826172,103.05465802799972,866706890,1720697923
3.0,0,-3.7254345417022705,-3.1915197372436523,7.975207328796387,-0.10013638436794281,1.018941044807434,-0.8498277068138123,65.97547912597656,27.319345474243164,-75.23187255859375,103.7253350523184,878706890,1720697923
3.0,0,-4.867486476898193,-2.8012585639953613,8.444478034973145,-0.08096133172512054,1.0301264524459839,-0.8530234694480896,65.97547912597656,27.319345474243164,-75.23187255859375,103.7253350523184,891706890,1720697923
3.0,0,-4.867486476898193,-2.8012585639953613,8.444478034973145,-0.08096133172512054,1.0301264524459839,-0.8530234694480896,65.97547912597656,27.319345474243164,-75.23187255859375,103.7253350523184,903706890,1720697923
3.0,0,-2.528315544128418,-4.8866400718688965,7.8052167892456055,-0.08868461847305298,1.0383822917938232,-0.8418380618095398,67.54632568359375,28.89546012878418,-73.03901672363281,103.59609883274267,916706890,1720697923
3.0,0,-3.5506551265716553,-3.0287113189697266,7.970418930053711,-0.08096133172512054,1.032523274421692,-0.8591488599777222,67.54632568359375,29.946205139160156,-72.70165252685547,103.6571830397026,928706890,1720697923
3.0,0,-3.972041130065918,-3.536289930343628,8.437294960021973,-0.0644494816660881,1.0490350723266602,-0.8532898426055908,69.98986053466797,30.29645347595215,-72.36428833007812,105.13346706164259,941706890,1720697923
3.0,0,-6.4931745529174805,-1.704697608947754,8.114073753356934,-0.06365051865577698,1.0543615818023682,-0.8721985816955566,69.81532287597656,31.522321701049805,-70.50879669189453,104.11208616025446,953706890,1720697923
3.0,0,-4.285686492919922,-2.918576240539551,7.2569355964660645,-0.05592723563313484,1.0594216585159302,-0.86527419090271,69.98986053466797,28.545211791992188,-72.70165252685547,104.87583121981724,966706890,1720697923
3.0,0,-4.606513977050781,-2.8778743743896484,7.379042625427246,-0.038616426289081573,1.0620847940444946,-0.8612794280052185,70.51348114013672,30.121328353881836,-71.52088165283203,104.85552897535345,978706890,1720697923
3.0,0,-0.7086945176124573,-4.314417362213135,7.142012596130371,-0.04554075002670288,1.0232020616531372,-0.8578172922134399,71.90978240966797,30.82182502746582,-72.53296661376953,106.68661092200706,991706890,1720697923
3.0,0,-4.2928690910339355,-4.2665324211120605,7.3120036125183105,-0.041812267154455185,1.0279959440231323,-0.8713996410369873,71.73524475097656,32.047691345214844,-71.01483917236328,105.90612467047075,3706890,1720697924
3.0,0,-6.404587268829346,-3.557838201522827,7.584946632385254,-0.05033451318740845,1.0588890314102173,-0.8812534213066101,71.73524475097656,32.047691345214844,-71.01483917236328,105.90612467047075,16706890,1720697924
3.0,0,-5.329574108123779,-4.819601535797119,7.4412922859191895,-0.05166611075401306,1.0644817352294922,-0.8815197348594666,73.13155364990234,32.047691345214844,-70.3401107788086,106.40963229041705,28706890,1720697924
3.0,0,-3.9265506267547607,-3.8499350547790527,7.0270891189575195,-0.046872351318597794,1.0610195398330688,-0.8695353269577026,71.90978240966797,32.222816467285156,-68.82198333740234,104.62213961578028,41706890,1720697924
3.0,0,-4.2449846267700195,-2.7414026260375977,7.903380393981934,-0.017310811206698418,1.0399802923202515,-0.8753944039344788,73.13155364990234,33.09843826293945,-68.99066162109375,105.84631380265643,53706890,1720697924
3.0,0,-4.795659065246582,-3.7493772506713867,6.636828422546387,-0.02263721451163292,1.07060706615448,-0.8751280903816223,73.30609130859375,33.623809814453125,-67.13516998291016,104.93557384422425,66706890,1720697924
3.0,0,-5.3247857093811035,-3.7565598487854004,7.331157207489014,-0.005326403304934502,1.050366759300232,-0.8841829895973206,72.25886535644531,33.974056243896484,-67.47252655029297,104.53765809192554,78706890,1720697924
3.0,0,-5.607305526733398,-3.0023748874664307,6.76132869720459,0.005326403304934502,1.0580899715423584,-0.8783239126205444,72.43340301513672,34.499427795410156,-68.31593322753906,105.37492644511555,91706890,1720697924
3.0,0,-2.272132158279419,-4.34075403213501,6.823578834533691,-0.019175052642822266,1.0956411361694336,-0.8892430663108826,73.13155364990234,34.499427795410156,-66.62911987304688,104.77535145498732,103706890,1720697924
3.0,0,-5.640825271606445,-3.3926355838775635,6.883435249328613,-0.019175052642822266,1.0956411361694336,-0.8892430663108826,74.87693786621094,36.250667572021484,-66.62911987304688,106.58379960713764,116706890,1720697924
3.0,0,-7.798034191131592,-3.7230403423309326,6.873857498168945,-0.022370893508195877,1.099103331565857,-0.8791228532791138,75.57508850097656,35.900421142578125,-65.61703491210938,106.32981477836726,128706890,1720697924
3.0,0,-6.464443206787109,-4.441311836242676,7.036666393280029,0.018109772354364395,1.0738029479980469,-0.88311767578125,75.57508850097656,35.900421142578125,-65.61703491210938,106.32981477836726,141706890,1720697924
3.0,0,-7.0270891189575195,-3.124480962753296,6.790059566497803,0.015979209914803505,1.103630781173706,-0.8903083205223083,72.95701599121094,36.776039123535156,-64.43626403808594,104.05400212939205,153706890,1720697924
3.0,0,-1.3838696479797363,-4.491590976715088,6.236990928649902,0.025034096091985703,1.072737693786621,-0.872997522354126,74.87693786621094,36.95116424560547,-64.94230651855469,105.78018500303371,166706890,1720697924
3.0,0,-4.769322395324707,-3.4237606525421143,6.172346115112305,0.03329002112150192,1.0881842374801636,-0.8785902261734009,76.09870147705078,38.52728271484375,-65.44835662841797,107.51209822733148,178706890,1720697924
3.0,0,-4.034291744232178,-5.047054290771484,6.404587268829346,0.03914906829595566,1.070074439048767,-0.8772586584091187,75.40055084228516,38.177032470703125,-63.761539459228516,105.86908325757763,191706890,1720697924
3.0,0,-7.209051132202148,-3.8259928226470947,6.447683334350586,0.03488794341683388,1.0722050666809082,-0.8812534213066101,72.95701599121094,38.52728271484375,-63.761539459228516,104.27181599042984,203706890,1720697924
3.0,0,-3.9600701332092285,-5.542661666870117,6.083759307861328,0.008522245101630688,1.077797770500183,-0.8900420069694519,75.40055084228516,38.52728271484375,-63.42417907714844,105.79329408010567,216706890,1720697924
3.0,0,-6.08136510848999,-5.2984490394592285,6.057422637939453,0.03089314140379429,1.1052286624908447,-0.8785902261734009,74.70240020751953,39.22777557373047,-61.400001525878906,104.3514597914438,228706890,1720697924
3.0,0,-4.079782009124756,-3.6224822998046875,6.246567726135254,0.051133476197719574,1.0887168645858765,-0.8713996410369873,77.32047271728516,41.15414047241211,-60.55659484863281,106.48577350476883,241706890,1720697924
3.0,0,-4.972832679748535,-2.6121137142181396,6.13403844833374,0.05166611075401306,1.0639491081237793,-0.9033580422401428,77.32047271728516,41.15414047241211,-60.55659484863281,106.48577350476883,253706890,1720697924
3.0,0,-7.151589870452881,-4.3718791007995605,5.801239013671875,0.053264033049345016,1.1236047744750977,-0.886846125125885,77.32047271728516,41.15414047241211,-60.55659484863281,106.48577350476883,266706890,1720697924
3.0,0,-4.982409954071045,-4.4245524406433105,6.208259582519531,0.07456964999437332,1.0847220420837402,-0.8921725153923035,76.62232208251953,42.55513381958008,-59.88187026977539,106.14969638546282,278706890,1720697924
3.0,0,-6.416558742523193,-7.288061141967773,5.880249500274658,0.041812267154455185,1.1140172481536865,-0.8769923448562622,76.27324676513672,42.20488357543945,-59.54450607299805,105.5670809163024,291706890,1720697924
3.0,0,-4.462860107421875,-5.248170375823975,5.712652206420898,0.06551475822925568,1.1140172481536865,-0.8690026998519897,77.49501037597656,42.380008697509766,-58.02637481689453,105.68160646377613,303706890,1720697924
3.0,0,-6.565001010894775,-4.036685943603516,5.688709735870361,0.07084116339683533,1.098570704460144,-0.8735301494598389,76.79685974121094,44.48149871826172,-59.71318817138672,106.96740735348025,316706890,1720697924
3.0,0,-8.054217338562012,-4.395821571350098,5.628854274749756,0.06658004224300385,1.1435787677764893,-0.9129455089569092,77.66954803466797,43.60587692260742,-57.85769271850586,106.21461199292791,329706890,1720697924
3.0,0,-3.2681353092193604,-5.9999613761901855,4.7070722579956055,0.07430332899093628,1.0929780006408691,-0.8921725153923035,76.44778442382812,44.131248474121094,-56.67692565917969,104.90045155943274,341706890,1720697924
3.0,0,-7.1013102531433105,-6.545847415924072,5.470834255218506,0.06285155564546585,1.132127046585083,-0.8841829895973206,78.71678161621094,45.35711669921875,-56.84560775756836,107.1681989426346,354706890,1720697924
3.0,0,-1.8100440502166748,-11.130813598632812,5.183525562286377,0.07936341315507889,0.9102823734283447,-0.7981615662574768,76.44778442382812,43.781002044677734,-57.014286041259766,104.93649839852081,366706890,1720697924
3.0,0,-11.382208824157715,-11.6551513671875,5.161977767944336,-0.07616756856441498,0.7880414128303528,-0.7057484984397888,76.44778442382812,45.53224182128906,-56.339561462402344,105.31664148822945,379706890,1720697924
3.0,0,25.18738555908203,-6.60330867767334,0.4046262502670288,0.11265343427658081,0.11105551570653915,-0.2940174639225006,76.79685974121094,46.582984924316406,-54.31538772583008,104.96615404204141,392502347,1720697924
3.0,0,-18.617595672607422,-14.73414134979248,1.8100440502166748,0.07350436598062515,0.2151867002248764,0.026099376380443573,77.49501037597656,46.582984924316406,-54.31538772583008,105.4780188543521,405502347,1720697924
3.0,0,-2.322411060333252,-3.818809986114502,5.458862781524658,0.17550499737262726,-0.06098731979727745,0.11797983199357986,76.62232208251953,46.057613372802734,-53.80934143066406,104.34428214386124,417502347,1720697924
3.0,0,-10.905755043029785,-4.529898643493652,6.253750324249268,0.11691455543041229,-0.09347837418317795,0.06604740023612976,76.09870147705078,46.23273849487305,-54.9901123046875,104.65367134750099,430502347,1720697924
3.0,0,-10.534648895263672,-4.74298620223999,8.451661109924316,0.038616426289081573,-0.11158815771341324,-0.03808378428220749,76.44778442382812,46.23273849487305,-53.978023529052734,104.38082619020787,442502347,1720697924
3.0,0,-5.482805252075195,-6.02869176864624,6.157980918884277,0.010919126681983471,-0.06604740023612976,-0.07856445014476776,77.14593505859375,46.23273849487305,-55.66483688354492,105.77114668032934,455502347,1720697924
3.0,0,-4.252167224884033,-5.631248474121094,4.750168800354004,-0.014114969410002232,-0.07483596354722977,-0.056459877640008926,78.54224395751953,44.83174514770508,-55.66483688354492,106.19483755881429,467502347,1720697924
3.0,0,-5.607305526733398,-4.616091251373291,3.4500973224639893,0.0375511460006237,-0.02689833752810955,-0.007723285350948572,75.92416381835938,47.4586067199707,-53.80934143066406,104.46168306378995,480502347,1720697924
3.0,0,-6.323183059692383,-6.4357123374938965,3.4405205249786377,0.10439750552177429,-0.04980187490582466,0.029561540111899376,76.79685974121094,45.53224182128906,-53.64065933227539,104.15499529539998,492502347,1720697924
3.0,0,-7.89619779586792,-6.466837406158447,5.648007869720459,0.11345238983631134,-0.014647609554231167,-0.018109772354364395,76.79685974121094,45.53224182128906,-53.64065933227539,104.15499529539998,505502347,1720697924
3.0,0,-5.822787284851074,-7.194685935974121,6.4835968017578125,0.052198752760887146,-0.012250727973878384,-0.07057484239339828,76.97139739990234,44.656620025634766,-55.15879440307617,104.69623837468299,517502347,1720697924
3.0,0,-5.609699726104736,-6.5889434814453125,5.875460624694824,-0.002396881580352783,-0.014647609554231167,-0.07483596354722977,75.74962615966797,44.48149871826172,-55.66483688354492,103.99607519913353,530502347,1720697924
3.0,0,-6.100518703460693,-6.055028438568115,3.565020799636841,0.00825592502951622,-0.004527443088591099,-0.05992203950881958,77.14593505859375,47.28348159790039,-53.64065933227539,105.18813270367039,542502347,1720697924
3.0,0,-7.323974609375,-4.283292293548584,4.132455348968506,0.056193556636571884,-0.016778171062469482,-0.03994802385568619,77.49501037597656,45.18199157714844,-55.66483688354492,105.57207519662522,555502347,1720697924
3.0,0,-7.5466389656066895,-3.3447508811950684,6.502751350402832,0.0950763002038002,-0.006924324203282595,-0.03222474083304405,77.49501037597656,46.933231353759766,-54.652748107910156,105.80703055196724,567502347,1720697924
3.0,0,-6.258538722991943,-5.904191493988037,6.433318138122559,0.06498212367296219,-0.026365695521235466,-0.025300417095422745,77.32047271728516,45.35711669921875,-54.146705627441406,104.72625872624201,580502347,1720697924
3.0,0,-5.542661666870117,-6.8690690994262695,4.927342414855957,0.048203952610492706,-0.013049688190221786,-0.031425777822732925,77.49501037597656,44.131248474121094,-54.31538772583008,104.41841345694056,592502347,1720697924
3.0,0,-5.542661666870117,-6.8690690994262695,4.927342414855957,0.048203952610492706,-0.013049688190221786,-0.031425777822732925,76.97139739990234,46.407859802246094,-55.833518981933594,105.80958043119045,605502347,1720697924
3.0,0,-6.2034711837768555,-6.323183059692383,4.58496618270874,0.06231892108917236,-0.023169854655861855,-0.040746983140707016,76.97139739990234,45.35711669921875,-55.49615478515625,105.17455609080679,617502347,1720697924
3.0,0,-6.2034711837768555,-6.323183059692383,4.58496618270874,0.06231892108917236,-0.023169854655861855,-0.040746983140707016,76.97139739990234,45.35711669921875,-55.49615478515625,105.17455609080679,630502347,1720697924
3.0,0,-5.911374092102051,-5.260141372680664,5.887432098388672,0.047937631607055664,-0.017843451350927353,-0.052198752760887146,77.66954803466797,46.407859802246094,-55.833518981933594,106.31853077070085,642502347,1720697924
3.0,0,-6.452471733093262,-5.78447961807251,5.140429496765137,0.04767131060361862,-0.005060083232820034,-0.03222474083304405,75.92416381835938,46.75811004638672,-53.80934143066406,104.14530585594754,655502347,1720697924
3.0,0,-6.452471733093262,-5.78447961807251,5.140429496765137,0.04767131060361862,-0.005060083232820034,-0.03222474083304405,77.14593505859375,44.83174514770508,-54.652748107910156,104.6341413918049,667502347,1720697924
3.0,0,-6.61049222946167,-5.952075958251953,4.9919867515563965,0.06471580266952515,-0.016245530918240547,-0.04154594615101814,77.32047271728516,46.407859802246094,-54.146705627441406,105.1856011198974,680502347,1720697924
3.0,0,-5.964047431945801,-5.899403095245361,5.372670650482178,0.0537966750562191,-0.014647609554231167,-0.04101330414414406,75.92416381835938,45.707366943359375,-53.80934143066406,103.67780509643205,692502347,1720697924
3.0,0,-6.066999435424805,-4.843544006347656,5.279295444488525,0.059389397501945496,-0.006924324203282595,-0.030626820400357246,76.62232208251953,46.75811004638672,-55.49615478515625,105.53257455575218,705502347,1720697924
3.0,0,-6.7493577003479,-6.055028438568115,5.35830545425415,0.05166611075401306,-0.014913929626345634,-0.039681706577539444,77.32047271728516,46.407859802246094,-55.49615478515625,105.88658153225737,717502347,1720697924
3.0,0,-6.397404670715332,-5.525901794433594,4.915370941162109,0.05033451318740845,-0.01651185005903244,-0.04021434485912323,77.32047271728516,43.95612335205078,-54.484066009521484,104.30297086035007,730502347,1720697924
3.0,0,-6.344731330871582,-5.7677202224731445,5.090150356292725,0.059389397501945496,-0.009054886177182198,-0.04447546973824501,78.19316101074219,45.18199157714844,-56.002201080322266,106.2630195202932,742502347,1720697924
3.0,0,-5.9448933601379395,-5.750960350036621,5.027900218963623,0.06072099879384041,-0.014114969410002232,-0.03994802385568619,76.44778442382812,46.23273849487305,-54.31538772583008,104.55568466541963,755502347,1720697924
3.0,0,-6.29445219039917,-5.559421062469482,5.454074382781982,0.052997712045907974,-0.010120166465640068,-0.03515426442027092,77.32047271728516,46.75811004638672,-56.17087936401367,106.39522566760704,767502347,1720697924
3.0,0,-6.59133768081665,-5.66716194152832,5.130852699279785,0.056193556636571884,-0.011718087829649448,-0.03382266312837601,76.27324676513672,45.707366943359375,-54.82143020629883,104.46128840318998,780502347,1720697924
3.0,0,-6.481202602386475,-5.748566150665283,5.05184268951416,0.058324117213487625,-0.013582328334450722,-0.044741787016391754,75.57508850097656,45.707366943359375,-55.49615478515625,104.31002152604208,792502347,1720697924
3.0,0,-6.047845840454102,-5.616883277893066,5.080573558807373,0.06258523464202881,-0.013582328334450722,-0.04341018572449684,76.62232208251953,46.057613372802734,-55.49615478515625,105.22408083159462,805502347,1720697924
3.0,0,-5.968835830688477,-5.621671676635742,5.14761209487915,0.05859043821692467,-0.01384864840656519,-0.03808378428220749,76.09870147705078,46.23273849487305,-54.652748107910156,104.4767981466473,818502347,1720697924
3.0,0,-6.426135540008545,-5.7413835525512695,5.188313961029053,0.058324117213487625,-0.009054886177182198,-0.03435530140995979,76.62232208251953,46.75811004638672,-54.484066009521484,105.00387871577537,830502347,1720697924
3.0,0,-6.5602126121521,-5.590546131134033,5.05184268951416,0.057258836925029755,-0.013582328334450722,-0.038882747292518616,76.62232208251953,45.707366943359375,-53.13461685180664,103.84330090189042,843502347,1720697924
3.0,0,-6.445289134979248,-5.688709735870361,5.10690975189209,0.05699251592159271,-0.010386486537754536,-0.04154594615101814,77.49501037597656,45.18199157714844,-56.002201080322266,105.7503452566046,855502347,1720697924
3.0,0,-6.13403844833374,-5.616883277893066,5.164371967315674,0.056193556636571884,-0.013316008262336254,-0.041812267154455185,77.49501037597656,45.18199157714844,-56.002201080322266,105.7503452566046,868502347,1720697924
3.0,0,-6.052634239196777,-5.731806755065918,5.150006294250488,0.056459877640008926,-0.011185446754097939,-0.0375511460006237,75.57508850097656,46.057613372802734,-55.15879440307617,104.28513964860882,880502347,1720697924
3.0,0,-6.4835968017578125,-5.638431072235107,5.068602085113525,0.05859043821692467,-0.010386486537754536,-0.03408898040652275,76.44778442382812,44.83174514770508,-54.652748107910156,104.12046865072953,893502347,1720697924
3.0,0,-6.529087543487549,-5.643219470977783,5.14761209487915,0.056459877640008926,-0.012517048045992851,-0.04021434485912323,76.79685974121094,46.933231353759766,-55.32747268676758,105.64854521157297,905502347,1720697924
3.0,0,-6.270510196685791,-5.688709735870361,5.1978912353515625,0.05592723563313484,-0.011718087829649448,-0.04021434485912323,76.62232208251953,47.4586067199707,-54.484066009521484,105.31767677863058,918502347,1720697924
3.0,0,-6.055028438568115,-5.652796745300293,5.140429496765137,0.05699251592159271,-0.013316008262336254,-0.03595322370529175,76.97139739990234,46.75811004638672,-55.833518981933594,105.96366695575254,930502347,1720697924
3.0,0,-6.208259582519531,-5.655190944671631,5.023111820220947,0.056459877640008926,-0.00825592502951622,-0.03621954470872879,76.44778442382812,46.582984924316406,-54.31538772583008,104.71102889179554,943502347,1720697924
3.0,0,-6.452471733093262,-5.671950340270996,5.161977767944336,0.059389397501945496,-0.014114969410002232,-0.03648586571216583,77.66954803466797,46.057613372802734,-54.484066009521484,105.46267534269205,955502347,1720697924
3.0,0,-6.371067523956299,-5.600122928619385,5.1978912353515625,0.05912308022379875,-0.010919126681983471,-0.04207858443260193,76.09870147705078,44.83174514770508,-56.002201080322266,104.58080256587687,968502347,1720697924
3.0,0,-6.371067523956299,-5.600122928619385,5.1978912353515625,0.05912308022379875,-0.010919126681983471,-0.04207858443260193,76.79685974121094,45.18199157714844,-54.31538772583008,104.3519591229412,980502347,1720697924
3.0,0,-6.124461650848389,-5.638431072235107,5.126064300537109,0.05779147893190384,-0.009587526321411133,-0.03701850399374962,76.79685974121094,45.18199157714844,-54.31538772583008,104.3519591229412,993502347,1720697924
3.0,0,-6.301634788513184,-5.681527137756348,5.070996284484863,0.05486195534467697,-0.009321206249296665,-0.03648586571216583,76.97139739990234,46.407859802246094,-55.49615478515625,105.63194907345336,5502347,1720697925
3.0,0,-6.3782501220703125,-5.671950340270996,5.138035297393799,0.0575251579284668,-0.009321206249296665,-0.04101330414414406,75.92416381835938,45.35711669921875,-54.484066009521484,103.87617694020855,18502347,1720697925
3.0,0,-6.284875392913818,-5.585757732391357,5.166766166687012,0.057258836925029755,-0.010652806609869003,-0.04341018572449684,76.79685974121094,45.88248825073242,-54.9901123046875,105.00891793305922,30502347,1720697925
3.0,0,-6.172346115112305,-5.66716194152832,5.243381977081299,0.05486195534467697,-0.011984407901763916,-0.04154594615101814,76.97139739990234,46.057613372802734,-55.15879440307617,105.30143573234459,43502347,1720697925
3.0,0,-6.18671178817749,-5.645613670349121,5.061419486999512,0.05992203950881958,-0.006924324203282595,-0.04261122643947601,75.40055084228516,45.53224182128906,-56.002201080322266,104.37755811683478,55502347,1720697925
3.0,0,-6.423741340637207,-5.688709735870361,5.14761209487915,0.05805779621005058,-0.011718087829649448,-0.036752182990312576,77.14593505859375,44.83174514770508,-55.66483688354492,105.1663193913584,68502347,1720697925
3.0,0,-6.375855922698975,-5.648007869720459,5.240987777709961,0.056459877640008926,-0.013316008262336254,-0.038882747292518616,75.40055084228516,44.48149871826172,-54.652748107910156,103.20256620496133,80502347,1720697925
3.0,0,-6.263327598571777,-5.633642673492432,5.188313961029053,0.05486195534467697,-0.011984407901763916,-0.0394153855741024,76.79685974121094,46.23273849487305,-55.32747268676758,105.33922825211675,93502347,1720697925
3.0,0,-6.112490653991699,-5.693498611450195,5.097332954406738,0.05912308022379875,-0.010652806609869003,-0.04261122643947601,77.14593505859375,45.88248825073242,-54.9901123046875,105.26447869735311,105502347,1720697925
3.0,0,-6.301634788513184,-5.6144890785217285,5.087756156921387,0.05779147893190384,-0.013316008262336254,-0.0394153855741024,75.92416381835938,45.00687026977539,-54.146705627441406,103.54691088247036,118502347,1720697925
3.0,0,-6.332759857177734,-5.746171951293945,5.202679634094238,0.056459877640008926,-0.011185446754097939,-0.037817467004060745,74.35332489013672,45.88248825073242,-54.9901123046875,103.23532390407348,130502347,1720697925
3.0,0,-6.39979887008667,-5.645613670349121,5.21225643157959,0.059389397501945496,-0.014114969410002232,-0.038882747292518616,78.19316101074219,46.23273849487305,-56.002201080322266,106.71402468011418,143502347,1720697925
3.0,0,-6.258538722991943,-5.669556140899658,5.183525562286377,0.057258836925029755,-0.009321206249296665,-0.04261122643947601,78.01862335205078,45.00687026977539,-54.484066009521484,105.26650659236037,155502347,1720697925
3.0,0,-6.268115997314453,-5.7102580070495605,5.073390483856201,0.06072099879384041,-0.013049688190221786,-0.04021434485912323,76.79685974121094,45.88248825073242,-55.32747268676758,105.18597638513813,168502347,1720697925
3.0,0,-6.25135612487793,-5.588151931762695,5.142823696136475,0.05432931333780289,-0.011984407901763916,-0.04154594615101814,75.22601318359375,46.057613372802734,-54.146705627441406,103.49938424648522,180502347,1720697925
3.0,0,-6.316000461578369,-5.652796745300293,5.209862232208252,0.056459877640008926,-0.0143812894821167,-0.03835010528564453,76.79685974121094,44.48149871826172,-55.32747268676758,104.58245851116217,193502347,1720697925
3.0,0,-6.270510196685791,-5.626460075378418,5.185919761657715,0.058324117213487625,-0.014114969410002232,-0.040746983140707016,76.79685974121094,46.933231353759766,-55.32747268676758,105.64854521157297,205502347,1720697925
3.0,0,-6.270510196685791,-5.626460075378418,5.185919761657715,0.06098731979727745,-0.014647609554231167,-0.03994802385568619,77.49501037597656,46.933231353759766,-55.66483688354492,106.33333862787305,218502347,1720697925
3.0,0,-6.2561445236206055,-5.652796745300293,5.099727153778076,0.05965571850538254,-0.009321206249296665,-0.03994802385568619,77.49501037597656,46.933231353759766,-55.66483688354492,106.33333862787305,230502347,1720697925
3.0,0,-6.335154056549072,-5.626460075378418,5.133246898651123,0.05859043821692467,-0.011984407901763916,-0.039681706577539444,75.92416381835938,46.057613372802734,-55.15879440307617,104.53839008286131,243502347,1720697925
3.0,0,-6.265721797943115,-5.648007869720459,5.178737163543701,0.057258836925029755,-0.011718087829649448,-0.038882747292518616,75.74962615966797,45.53224182128906,-54.652748107910156,103.91397299857452,255502347,1720697925
3.0,0,-12.0980863571167,-7.323974609375,6.217836380004883,0.056459877640008926,-0.043676506727933884,-0.030360499396920204,77.14593505859375,45.53224182128906,-53.64065933227539,104.41264614469998,268502347,1720697925
3.0,0,23.109188079833984,9.639203071594238,27.382904052734375,0.15925946831703186,-0.9912436604499817,0.29295217990875244,75.57508850097656,47.10835647583008,-54.82143020629883,104.57619452651934,280502347,1720697925
3.0,0,-25.074857711791992,-12.038229942321777,35.97343063354492,-0.5901654958724976,-1.419220209121704,0.9877814650535583,76.97139739990234,47.10835647583008,-56.84560775756836,106.65465948037568,293502347,1720697925
3.0,0,19.098838806152344,15.519453048706055,21.035776138305664,-0.8692690134048462,-2.1577260494232178,1.381669044494629,76.44778442382812,44.48149871826172,-56.339561462402344,104.8666470204451,306502347,1720697925
3.0,0,10.4005708694458,1.1276862621307373,21.071691513061523,-0.8578172922134399,-3.2997069358825684,1.7451961040496826,76.09870147705078,45.18199157714844,-56.67692565917969,105.09376114473677,318502347,1720697925
3.0,0,-10.132415771484375,-5.5306901931762695,18.473941802978516,-1.3686193227767944,-3.037914276123047,2.305799961090088,75.74962615966797,44.83174514770508,-60.05055236816406,106.55496270019452,331502347,1720697925
3.0,0,39.22600173950195,9.991155624389648,13.7525053024292,-1.2149525880813599,-4.607605457305908,2.6514835357666016,74.87693786621094,42.90538024902344,-59.88187026977539,105.03935388957757,343502347,1720697925
3.0,0,-29.334205627441406,-11.439669609069824,9.50991439819336,-1.597122073173523,-3.887741804122925,2.9537570476531982,74.87693786621094,42.90538024902344,-59.88187026977539,105.03935388957757,356502347,1720697925
3.0,0,-5.956864833831787,-0.35195302963256836,-6.1771345138549805,-1.2636892795562744,-3.8395378589630127,2.749223232269287,74.87693786621094,42.90538024902344,-59.88187026977539,105.03935388957757,368502347,1720697925
3.0,0,-10.730976104736328,-0.19393329322338104,-3.4668569564819336,-0.9512956738471985,-3.871230125427246,2.5076708793640137,72.60794067382812,41.32926559448242,-64.43626403808594,105.50854641525179,381502347,1720697925
3.0,0,-23.171436309814453,-6.452471733093262,5.231410980224609,-0.976862370967865,-3.4280731678009033,2.5087361335754395,72.25886535644531,40.62876892089844,-67.13516998291016,106.6731997048129,393502347,1720697925
3.0,0,4.616091251373291,-2.6480274200439453,1.3742928504943848,-0.8386421799659729,-3.425410032272339,2.463994264602661,71.38616943359375,39.05265426635742,-67.30384826660156,105.59783607225636,406502347,1720697925
3.0,0,-3.9409162998199463,2.063833475112915,7.177926063537598,-0.7712632417678833,-3.325007438659668,2.331899404525757,69.64078521728516,38.7024040222168,-67.6412124633789,104.5133898899797,418502347,1720697925
3.0,0,-14.580910682678223,-3.351933479309082,8.707844734191895,-0.7390384674072266,-3.070671558380127,2.470386028289795,68.76809692382812,37.47653579711914,-69.4967041015625,104.70593952043936,431502347,1720697925
3.0,0,3.6703672409057617,-0.02633661963045597,9.148384094238281,-0.7110748291015625,-3.2397849559783936,2.4767775535583496,67.02271270751953,36.776039123535156,-70.17143249511719,103.77162912235346,443502347,1720697925
3.0,0,-9.813982009887695,-6.895406246185303,6.713443756103516,-0.6788501143455505,-3.111152172088623,2.468787908554077,67.72086334228516,38.87752914428711,-72.53296661376953,106.57677443976037,456502347,1720697925
3.0,0,-10.98955249786377,-0.11971191316843033,8.444478034973145,-0.6673983335494995,-3.137251615524292,2.514328718185425,65.45186614990234,36.95116424560547,-72.02692413330078,104.1019362054074,468502347,1720697925
3.0,0,2.446911573410034,1.4149948358535767,5.873066425323486,-0.5443584322929382,-3.1332569122314453,2.5058066844940186,65.45186614990234,36.95116424560547,-72.02692413330078,104.1019362054074,481502347,1720697925
3.0,0,-8.817978858947754,-7.692687511444092,6.897800445556641,-0.5342382788658142,-3.0901129245758057,2.5478851795196533,61.43748474121094,35.72529602050781,-73.8824234008789,102.5157246214754,493502347,1720697925
3.0,0,-6.8211846351623535,-7.209051132202148,7.910562992095947,-0.49748608469963074,-3.020070791244507,2.5758488178253174,60.564796447753906,36.60091781616211,-75.40055084228516,103.40679291547217,506502347,1720697925
3.0,0,-5.547450065612793,-1.6592071056365967,9.339923858642578,-0.41492682695388794,-3.016608715057373,2.5646631717681885,59.866641998291016,34.499427795410156,-77.08736419677734,103.521432858944,518502347,1720697925
3.0,0,-3.9624643325805664,0.4309628903865814,8.846710205078125,-0.3520752489566803,-3.122870445251465,2.6229872703552246,57.07402801513672,35.19992446899414,-77.08736419677734,102.17113621420725,531502347,1720697925
3.0,0,-0.055067479610443115,-0.5841941237449646,9.62723159790039,-0.25353679060935974,-2.9718666076660156,2.657608985900879,55.85226058959961,35.37504959106445,-77.5934066772461,101.93922653384864,543502347,1720697925
3.0,0,-3.122086763381958,-0.8164352178573608,5.803633689880371,-0.2615264058113098,-2.996901035308838,2.680246353149414,54.28141403198242,33.79893112182617,-78.43681335449219,101.19868251858269,556502347,1720697925
3.0,0,-6.433318138122559,-4.106118679046631,8.738969802856445,-0.16431954503059387,-2.919135332107544,2.6360371112823486,53.05964660644531,31.872568130493164,-78.60549926757812,100.05004353991565,568502347,1720697925
3.0,0,-12.224981307983398,-0.6919348239898682,10.577744483947754,-0.12916527688503265,-2.8648059368133545,2.6293790340423584,51.13972473144531,32.39794158935547,-80.12362670898438,100.4225752599283,581502347,1720697925
3.0,0,-11.54741096496582,-1.7645535469055176,10.197060585021973,-0.12330623716115952,-2.897030830383301,2.6347055435180664,51.13972473144531,32.39794158935547,-80.12362670898438,100.4225752599283,593502347,1720697925
3.0,0,-1.4006292819976807,-2.39902663230896,8.128438949584961,-0.007989604957401752,-2.8826494216918945,2.6970245838165283,51.13972473144531,32.39794158935547,-80.12362670898438,100.4225752599283,606502347,1720697925
3.0,0,-0.9289644360542297,-0.2920970618724823,8.367862701416016,0.07057484239339828,-2.911412239074707,2.690366268157959,45.9035758972168,31.697444915771484,-79.44890594482422,97.07726278675885,618502347,1720697925
3.0,0,0.5578575134277344,2.523527145385742,8.334343910217285,0.13049687445163727,-2.7673330307006836,2.6640007495880127,43.1109619140625,32.047691345214844,-79.78626251220703,96.18449585760024,631502347,1720697925
3.0,0,-5.631248474121094,-2.063833475112915,8.973605155944824,0.18802203238010406,-2.746293544769287,2.6605384349823,41.88919448852539,30.82182502746582,-80.29231262207031,95.66370774291312,643502347,1720697925
3.0,0,-1.8986308574676514,-0.08140409737825394,10.74294662475586,0.28496259450912476,-2.772925615310669,2.6655986309051514,39.794734954833984,31.172073364257812,-80.29231262207031,94.87979001954224,656502347,1720697925
3.0,0,-6.713443756103516,-1.3623214960098267,10.273675918579102,0.30067548155784607,-2.6988887786865234,2.675985097885132,37.351200103759766,30.82182502746582,-80.62966918945312,94.05445550751686,668502347,1720697925
3.0,0,-2.094958543777466,-2.4157862663269043,8.741363525390625,0.40507298707962036,-2.726585865020752,2.686105251312256,35.78035354614258,30.9969482421875,-81.47307586669922,94.22795016021911,681502347,1720697925
3.0,0,2.636056423187256,1.3072539567947388,8.23617935180664,0.45700541138648987,-2.7095413208007812,2.675452470779419,34.03497314453125,30.646699905395508,-81.47307586669922,93.46369189809089,693502347,1720697925
3.0,0,-0.7326369285583496,-2.655210256576538,9.550616264343262,0.49269232153892517,-2.6900999546051025,2.660005807876587,31.94051170349121,29.946205139160156,-81.47307586669922,92.49234336580757,706502347,1720697925
3.0,0,0.8116468191146851,-0.9864261746406555,9.713424682617188,0.5614029169082642,-2.6056764125823975,2.6424286365509033,31.94051170349121,29.946205139160156,-81.47307586669922,92.49234336580757,718502347,1720697925
3.0,0,-5.195497035980225,1.6472358703613281,11.16433334350586,0.6245207786560059,-2.5390963554382324,2.6275148391723633,31.94051170349121,29.946205139160156,-81.47307586669922,92.49234336580757,731502347,1720697925
3.0,0,-4.328782558441162,2.7150661945343018,9.986367225646973,0.6966935992240906,-2.5811750888824463,2.600083827972412,26.704362869262695,31.347196578979492,-80.46099090576172,90.38661840754698,743502347,1720697925
3.0,0,-4.328782558441162,2.7150661945343018,9.986367225646973,0.6966935992240906,-2.5811750888824463,2.600083827972412,24.784440994262695,29.771080017089844,-79.61758422851562,88.54120757684997,756502347,1720697925
3.0,0,2.576200246810913,0.07900986075401306,9.17232608795166,0.8833839893341064,-2.546553611755371,2.6046111583709717,24.609901428222656,30.29645347595215,-80.12362670898438,89.12529325914188,768502347,1720697925
3.0,0,1.5466779470443726,0.6536269783973694,8.738969802856445,0.8759270310401917,-2.4970178604125977,2.5931596755981445,23.737211227416992,31.172073364257812,-78.26813507080078,87.52744896398386,781502347,1720697925
3.0,0,-4.386244297027588,-0.217875674366951,9.75412654876709,0.9584863185882568,-2.4299051761627197,2.5604021549224854,19.37375259399414,30.9969482421875,-77.42472839355469,85.61975038925223,793502347,1720697925
3.0,0,-1.02952241897583,-0.2633661925792694,10.618447303771973,1.0069565773010254,-2.4149911403656006,2.5247154235839844,19.199214935302734,29.420833587646484,-77.93077087402344,85.48333376830526,806502347,1720697925
3.0,0,-0.7948870658874512,-0.23224110901355743,10.477187156677246,1.0455729961395264,-2.3590641021728516,2.50793719291687,17.977445602416992,30.9969482421875,-77.76209259033203,85.62092264595194,819502347,1720697925
3.0,0,1.7358226776123047,0.10534647852182388,9.258519172668457,1.137187123298645,-2.448014974594116,2.484767198562622,16.406600952148438,30.121328353881836,-76.91868591308594,84.21968427393544,831502347,1720697925
3.0,0,6.445289134979248,1.9560925960540771,8.25533390045166,1.218947410583496,-2.3827667236328125,2.461064577102661,16.406600952148438,30.121328353881836,-76.91868591308594,84.21968427393544,844502347,1720697925
3.0,0,2.940124750137329,2.4684596061706543,9.569769859313965,1.2985771894454956,-2.3039357662200928,2.4323019981384277,11.868605613708496,31.872568130493164,-75.56922912597656,82.86997519693743,856502347,1720697925
3.0,0,6.246567726135254,0.2561835050582886,8.73657512664795,1.3185511827468872,-2.340954303741455,2.4112627506256104,12.217681884765625,30.82182502746582,-75.23187255859375,82.21369288222942,869502347,1720697925
3.0,0,-4.517927646636963,3.3351738452911377,11.4444580078125,1.4090999364852905,-2.195809841156006,2.351074457168579,10.297760963439941,31.347196578979492,-74.725830078125,81.68623075577757,881502347,1720697925
3.0,0,-5.082967758178711,1.0438878536224365,10.915331840515137,1.3952513933181763,-2.1771674156188965,2.3364269733428955,8.901453971862793,32.047691345214844,-73.03901672363281,80.2557684364586,894502347,1720697925
3.0,0,1.367110013961792,0.13886581361293793,8.080554008483887,1.5095027685165405,-2.2032666206359863,2.3050010204315186,6.632455825805664,30.82182502746582,-73.20769500732422,79.70784764745805,906502347,1720697925
3.0,0,2.32480525970459,2.4086036682128906,10.367051124572754,1.5832734107971191,-2.213653326034546,2.2781028747558594,6.283379554748535,30.82182502746582,-72.19561004638672,78.75069438819372,919502347,1720697925
3.0,0,9.390202522277832,0.2825201153755188,7.697475910186768,1.5987199544906616,-2.194744348526001,2.230964183807373,6.806994438171387,31.347196578979492,-71.35220336914062,78.23118836035717,931502347,1720697925
3.0,0,5.808422088623047,1.1755709648132324,9.612866401672363,1.6823445558547974,-2.119908571243286,2.1872875690460205,5.4106879234313965,33.44868469238281,-71.68955993652344,79.29365078836764,944502347,1720697925
3.0,0,4.414975166320801,4.110907077789307,8.83952808380127,1.7103081941604614,-2.1017987728118896,2.135355234146118,5.4106879234313965,33.44868469238281,-71.68955993652344,79.29365078836764,956502347,1720697925
3.0,0,-0.35434725880622864,3.222644567489624,10.003128051757812,1.774224877357483,-1.982221007347107,2.079960584640503,5.4106879234313965,33.44868469238281,-71.68955993652344,79.29365078836764,969502347,1720697925
3.0,0,-1.9273617267608643,0.9074163436889648,9.89059829711914,1.809911847114563,-1.9843515157699585,2.0474696159362793,1.5708448886871338,32.047691345214844,-67.6412124633789,74.8655842008759,981502347,1720697925
3.0,0,6.557818412780762,0.6201077103614807,8.147592544555664,1.9438709020614624,-2.0474696159362793,1.9960696697235107,0.6981532573699951,32.57306671142578,-68.82198333740234,76.14432009973861,994502347,1720697925
3.0,0,6.907377243041992,2.1739683151245117,8.6839017868042,1.9236304759979248,-2.0594539642333984,2.000330686569214,0.34907662868499756,32.92331314086914,-65.78571319580078,73.56511716394243,6502347,1720697926
3.0,0,9.210634231567383,-0.5554632544517517,7.771697521209717,1.987014889717102,-1.9601165056228638,1.8977974653244019,-1.0472298860549927,32.57306671142578,-65.78571319580078,73.41567561564355,19502347,1720697926
3.0,0,4.309628963470459,4.343148231506348,9.545827865600586,2.0464041233062744,-1.8671706914901733,1.8501262664794922,-1.7453831434249878,32.92331314086914,-65.44835662841797,73.28354723844679,31502347,1720697926
3.0,0,0.27054890990257263,1.2306383848190308,7.656774044036865,2.002194881439209,-1.869301199913025,1.792068362236023,-3.316227912902832,34.1491813659668,-63.592857360839844,72.25797854114197,44502347,1720697926
3.0,0,-0.37110692262649536,4.6328511238098145,8.195477485656738,2.14414381980896,-1.8003243207931519,1.712438702583313,-5.236149311065674,35.02479934692383,-64.0988998413086,73.23129651840229,56502347,1720697926
3.0,0,9.658356666564941,1.9656695127487183,7.328763008117676,2.1606554985046387,-1.8085802793502808,1.7052479982376099,-5.4106879234313965,32.74818801879883,-62.91813278198242,71.1365644031994,69502347,1720697926
3.0,0,12.526655197143555,1.675966739654541,8.035063743591309,2.2288334369659424,-1.8756929636001587,1.6471903324127197,-5.4106879234313965,32.74818801879883,-62.91813278198242,71.1365644031994,81502347,1720697926
3.0,0,4.498773574829102,4.781293869018555,8.50193977355957,2.229099750518799,-1.7989927530288696,1.606709599494934,-5.4106879234313965,32.74818801879883,-62.91813278198242,71.1365644031994,94502347,1720697926
3.0,0,2.32480525970459,2.573806047439575,8.73418140411377,2.2930166721343994,-1.6980574131011963,1.5316073894500732,-6.981532573699951,33.974056243896484,-61.400001525878906,70.51906467132847,106502347,1720697926
3.0,0,1.2282441854476929,5.4301323890686035,8.73418140411377,2.302870512008667,-1.627748966217041,1.4522438049316406,-8.203300476074219,33.79893112182617,-59.54450607299805,68.9580313462907,119502347,1720697926
3.0,0,-3.3447508811950684,2.2577667236328125,7.156378269195557,2.2852933406829834,-1.6083074808120728,1.4027084112167358,-7.679685592651367,34.67455291748047,-59.0384635925293,68.89733212683592,131502347,1720697926
3.0,0,10.357474327087402,4.386244297027588,6.44289493560791,2.4096648693084717,-1.6583757400512695,1.3060342073440552,-10.472298622131348,33.974056243896484,-58.363739013671875,68.33909252946326,144502347,1720697926
3.0,0,10.343109130859375,1.7525824308395386,6.65358829498291,2.3548030853271484,-1.6064432859420776,1.3100289106369019,-9.599607467651367,34.1491813659668,-56.508243560791016,66.71956715855073,156502347,1720697926
3.0,0,14.683863639831543,2.9544899463653564,5.913768291473389,2.4695868492126465,-1.6418638229370117,1.2224096059799194,-9.948683738708496,35.19992446899414,-56.508243560791016,67.31413359081,169502347,1720697926
3.0,0,8.667141914367676,6.3878278732299805,6.426135540008545,2.4658584594726562,-1.5049751996994019,1.1811299324035645,-10.297760963439941,35.550174713134766,-56.508243560791016,67.55028048291312,181502347,1720697926
3.0,0,-2.291285991668701,5.185919761657715,7.230599403381348,2.5058066844940186,-1.4242802858352661,1.0442413091659546,-11.694067001342773,34.499427795410156,-56.84560775756836,67.51581179671862,194502347,1720697926
3.0,0,0.10534647852182388,5.779691219329834,7.505937099456787,2.4994146823883057,-1.3822016716003418,0.9888468384742737,-11.170452117919922,36.07554626464844,-54.9901123046875,66.7093433492916,206502347,1720697926
3.0,0,10.733369827270508,0.7158772945404053,7.278484344482422,2.4903600215911865,-1.4615650177001953,0.9406428933143616,-12.392220497131348,33.79893112182617,-53.13461685180664,64.18116843604334,219502347,1720697926
3.0,0,-13.707014083862305,18.70378875732422,35.23600387573242,2.113250494003296,-0.6908345222473145,0.8911072611808777,-10.9959135055542,36.250667572021484,-52.45989227294922,64.70750582836799,231502347,1720697926
3.0,0,7.034272193908691,4.015137672424316,23.611976623535156,1.4125622510910034,-1.0271968841552734,0.22903534770011902,-12.043143272399902,35.19992446899414,-52.7972526550293,64.58809387512099,244502347,1720697926
3.0,0,-9.40456771850586,0.4429340660572052,21.581663131713867,0.6705942153930664,-0.40933412313461304,0.3669891953468323,-13.264911651611328,36.4257926940918,-51.9538459777832,64.82282288207777,256502347,1720697926
3.0,0,23.8370361328125,15.189046859741211,16.374195098876953,0.7518218159675598,-0.34248775243759155,-0.1720428317785263,-13.090373992919922,36.60091781616211,-52.45989227294922,65.29184768062093,269502347,1720697926
3.0,0,-11.255313873291016,-9.742155075073242,20.506650924682617,-0.18908731639385223,0.08602141588926315,0.1057291105389595,-12.56675910949707,35.37504959106445,-52.29121017456055,64.37148615347063,281502347,1720697926
3.0,0,13.877004623413086,18.366201400756836,19.99667739868164,-0.3454172611236572,0.28416362404823303,-0.329171746969223,-13.43945026397705,35.550174713134766,-52.7972526550293,65.05369807667599,294502347,1720697926
3.0,0,2.116506576538086,-14.11642837524414,-0.18675057590007782,-0.7411690354347229,0.18535883724689484,-0.21492037177085876,-14.137603759765625,38.00190734863281,-53.13461685180664,66.83789576423322,307502347,1720697926
3.0,0,24.495450973510742,10.611263275146484,1.4987930059432983,-0.23862287402153015,0.14035072922706604,-0.11664823442697525,-14.137603759765625,38.00190734863281,-53.13461685180664,66.83789576423322,319502347,1720697926
3.0,0,-9.895386695861816,-0.32322216033935547,22.14191436767578,-0.6452937722206116,0.5438258051872253,0.1970769315958023,-12.56675910949707,35.02479934692383,-51.9538459777832,63.90510242298046,332502347,1720697926
3.0,0,-23.492265701293945,7.6519856452941895,33.19611358642578,-1.2644882202148438,0.5307760834693909,0.563267171382904,-12.043143272399902,35.900421142578125,-50.77307891845703,63.338638136242615,344502347,1720697926
3.0,0,5.808422088623047,0.9744549989700317,11.920912742614746,-1.474082112312317,0.3297043740749359,0.2471451312303543,-11.694067001342773,36.07554626464844,-52.45989227294922,64.73203641639988,357502347,1720697926
3.0,0,-5.595334529876709,-6.208259582519531,5.66716194152832,-1.6474566459655762,0.7379732131958008,0.6444948315620422,-13.090373992919922,35.900421142578125,-53.80934143066406,65.99729808629111,369502347,1720697926
3.0,0,9.981578826904297,13.17070484161377,9.545827865600586,-1.3896585702896118,0.6109384894371033,0.5656640529632568,-11.694067001342773,38.35215759277344,-53.471981048583984,66.83481093197577,382502347,1720697926
3.0,0,4.970438480377197,-2.171574115753174,3.100538492202759,-1.665566325187683,0.8383758664131165,0.6796491146087646,-12.392220497131348,36.95116424560547,-53.13461685180664,65.89569922190316,394502347,1720697926
3.0,0,15.217778205871582,3.2872891426086426,4.07499361038208,-1.4077683687210083,0.8237283229827881,0.6274503469467163,-10.472298622131348,38.52728271484375,-53.64065933227539,66.86808570178913,407502347,1720697926
3.0,0,2.2003049850463867,2.863509178161621,10.37183952331543,-1.409632682800293,0.9169403314590454,0.6298471689224243,-11.344990730285645,37.65166091918945,-54.146705627441406,66.91951968557963,419502347,1720697926
3.0,0,7.082156658172607,2.681546926498413,7.879438400268555,-1.3936535120010376,0.8085480332374573,0.5150632262229919,-11.170452117919922,38.177032470703125,-52.96593475341797,66.23937690747998,432502347,1720697926
3.0,0,15.873799324035645,-1.122897744178772,2.396632432937622,-1.4317371845245361,0.827989399433136,0.5060083270072937,-11.170452117919922,38.177032470703125,-52.96593475341797,66.23937690747998,444502347,1720697926
3.0,0,10.055800437927246,-1.2689461708068848,3.0023748874664307,-1.2626240253448486,0.9164077043533325,0.4785773456096649,-12.043143272399902,40.103397369384766,-54.82143020629883,68.98339648285247,457502347,1720697926
3.0,0,3.7805020809173584,5.31760311126709,10.568167686462402,-1.1896522045135498,0.971802294254303,0.5121337175369263,-10.297760963439941,39.40290069580078,-55.15879440307617,68.56475088632725,469502347,1720697926
3.0,0,2.650421619415283,3.9313390254974365,8.578556060791016,-1.2514383792877197,0.9856509566307068,0.4135952293872833,-9.599607467651367,39.75314712524414,-54.82143020629883,68.39484176279954,482502347,1720697926
3.0,0,5.545055866241455,2.063833475112915,7.115676403045654,-1.1797983646392822,0.9840530753135681,0.4317049980163574,-10.123222351074219,40.9790153503418,-57.35165023803711,71.21075139948306,494502347,1720697926
3.0,0,8.178718566894531,1.3838696479797363,5.9999613761901855,-1.1153489351272583,1.0769988298416138,0.37178295850753784,-10.123222351074219,43.08050537109375,-56.67692565917969,71.9074646749161,507502347,1720697926
3.0,0,11.51867961883545,-1.1659940481185913,6.354308128356934,-1.0804609060287476,1.0192073583602905,0.41812267899513245,-11.51952838897705,45.88248825073242,-57.35165023803711,74.34456299830667,519502347,1720697926
3.0,0,6.972021579742432,-0.8954451084136963,7.678321838378906,-1.0588890314102173,1.1038970947265625,0.3203831613063812,-8.901453971862793,44.306373596191406,-57.85769271850586,73.41527927323797,532502347,1720697926
3.0,0,4.872274875640869,2.650421619415283,8.319977760314941,-1.0128155946731567,1.0817925930023193,0.35500478744506836,-9.599607467651367,46.057613372802734,-57.18296813964844,74.04963239876085,544502347,1720697926
3.0,0,5.31760311126709,2.712671995162964,7.304821014404297,-0.9803245663642883,1.1156152486801147,0.2820330560207367,-7.679685592651367,46.23273849487305,-56.67692565917969,73.54398399402547,557502347,1720697926
3.0,0,5.461257457733154,0.14365428686141968,7.49157190322876,-0.9126791954040527,1.1782004833221436,0.30307236313819885,-7.679685592651367,46.23273849487305,-56.67692565917969,73.54398399402547,569502347,1720697926
3.0,0,5.154795169830322,2.679152727127075,7.687899112701416,-0.8375769257545471,1.1901848316192627,0.2852289080619812,-9.599607467651367,46.407859802246094,-58.869781494140625,75.5744208586859,582502347,1720697926
3.0,0,10.426907539367676,-2.061439037322998,7.558609962463379,-0.8634099960327148,1.1478400230407715,0.2703149616718292,-6.632455825805664,45.88248825073242,-57.68901443481445,74.00820619917829,594502347,1720697926
3.0,0,7.153984069824219,-1.702303409576416,7.565793037414551,-0.8295873403549194,1.1904511451721191,0.24874304234981537,-7.505147457122803,48.15909957885742,-57.52033233642578,75.39373145489174,607502347,1720697926
3.0,0,4.280898094177246,0.6823578476905823,7.49157190322876,-0.7531534433364868,1.1957775354385376,0.24661247432231903,-7.330609321594238,47.983978271484375,-59.0384635925293,76.43127754493271,619502347,1720697926
3.0,0,5.4037957191467285,1.2066960334777832,8.20266056060791,-0.6852418184280396,1.2234748601913452,0.22690477967262268,-7.330609321594238,47.983978271484375,-59.71318817138672,76.95365387930302,632502347,1720697926
3.0,0,3.3710873126983643,3.4453089237213135,8.624046325683594,-0.6101395487785339,1.275407314300537,0.1882883608341217,-6.981532573699951,45.88248825073242,-60.05055236816406,75.89475189285388,644502347,1720697926
3.0,0,4.144426345825195,1.5442836284637451,8.726998329162598,-0.5691261887550354,1.2956476211547852,0.18802203238010406,-6.632455825805664,48.68447494506836,-59.71318817138672,77.329376129319,657502347,1720697926
3.0,0,7.340734481811523,-4.077387809753418,6.981598377227783,-0.5821758508682251,1.252770185470581,0.14620977640151978,-5.4106879234313965,48.859596252441406,-60.893959045410156,78.25988715798434,669502347,1720697926
3.0,0,9.976790428161621,-4.067810535430908,8.322371482849121,-0.5590060353279114,1.226670742034912,0.1637869030237198,-5.4106879234313965,48.859596252441406,-60.893959045410156,78.25988715798434,682502347,1720697926
3.0,0,-1.1947249174118042,3.2633466720581055,8.298429489135742,-0.46579399704933167,1.294049620628357,0.12517046928405762,-3.1416897773742676,46.23273849487305,-60.38791275024414,76.1185675753536,694502347,1720697926
3.0,0,5.528295993804932,1.649630069732666,8.731786727905273,-0.391490638256073,1.2855274677276611,0.1395517736673355,-5.236149311065674,49.03472137451172,-62.74945068359375,79.80798657387952,707502347,1720697926
3.0,0,2.264949321746826,3.8786656856536865,8.691084861755371,-0.3419550955295563,1.3161543607711792,0.09534262120723724,-4.363457679748535,50.610836029052734,-62.243408203125,80.34138629139696,719502347,1720697926
3.0,0,7.041454792022705,-1.197119116783142,8.439689636230469,-0.2982785999774933,1.2663524150848389,0.09587526321411133,-4.188919544219971,51.48645782470703,-64.0988998413086,82.32296974204341,732502347,1720697926
3.0,0,5.719834804534912,-3.689521312713623,8.442083358764648,-0.2759076952934265,1.288723349571228,0.06871060281991959,-4.188919544219971,50.78596115112305,-62.74945068359375,80.83473546739725,744502347,1720697926
3.0,0,9.241759300231934,-6.7733001708984375,8.602498054504395,-0.286294162273407,1.2234748601913452,0.06871060281991959,-0.5236149430274963,49.910343170166016,-61.906044006347656,79.52153678399426,757502347,1720697926
3.0,0,3.2370100021362305,3.0095574855804443,8.238574028015137,-0.21092556416988373,1.2746083736419678,0.03089314140379429,-1.5708448886871338,50.260589599609375,-62.91813278198242,80.5436890968861,769502347,1720697926
3.0,0,2.3080456256866455,0.2250583916902542,8.8945951461792,-0.1219746395945549,1.2698146104812622,0.038882747292518616,-2.268998146057129,49.910343170166016,-63.592857360839844,80.87176401728028,782502347,1720697926
3.0,0,0.5841941237449646,5.908979892730713,9.414144515991211,-0.019974011927843094,1.296979308128357,0.02982785925269127,-0.5236149430274963,50.260589599609375,-64.60494995117188,81.85475305504468,794502347,1720697926
3.0,0,6.983992576599121,-5.6144890785217285,9.91454029083252,-0.030626820400357246,1.2495741844177246,0.030626820400357246,-0.5236149430274963,50.260589599609375,-64.60494995117188,81.85475305504468,807502347,1720697926
3.0,0,4.122878074645996,-3.3447508811950684,9.055008888244629,-0.018109772354364395,1.2602269649505615,-0.03648586571216583,-1.3963065147399902,50.43571472167969,-64.77362823486328,82.1056265190032,820502347,1720697926
3.0,0,5.521113395690918,-6.474020004272461,9.629626274108887,-0.023436175659298897,1.1829942464828491,-0.006658004131168127,-0.5236149430274963,51.661582946777344,-65.27967071533203,83.25039780011562,832502347,1720697926
3.0,0,3.605722665786743,-0.6464443206787109,9.143595695495605,0.09560894221067429,1.2136210203170776,-0.08735301345586777,1.5708448886871338,50.610836029052734,-66.96648406982422,83.95495379010102,845502347,1720697926
3.0,0,2.5402867794036865,1.8196210861206055,9.251337051391602,0.13742120563983917,1.198973298072815,-0.03595322370529175,-1.5708448886871338,51.31133270263672,-65.95439910888672,83.5781262005754,857502347,1720697926
3.0,0,0.435751348733902,3.4907991886138916,9.447664260864258,0.2388891875743866,1.214419960975647,-0.07084116339683533,-0.17453831434249878,50.96108627319336,-67.30384826660156,84.42079583408793,870502347,1720697926
3.0,0,5.78447961807251,-5.269718647003174,9.72060775756836,0.20746341347694397,1.1494379043579102,-0.07670021057128906,2.0944597721099854,51.48645782470703,-67.47252655029297,84.89866865948083,882502347,1720697926
3.0,0,3.584174633026123,-4.264138221740723,9.019095420837402,0.2631243169307709,1.1638190746307373,-0.1131860762834549,2.4435362815856934,49.38496780395508,-67.47252655029297,83.6503900387625,894146482,1720697926
3.0,0,4.848332405090332,-3.5506551265716553,9.960031509399414,0.26871705055236816,1.1153489351272583,-0.10093534737825394,2.0944597721099854,50.43571472167969,-69.15933990478516,85.62220726709428,906146482,1720697926
3.0,0,2.2338242530822754,-1.3647156953811646,9.658356666564941,0.32677486538887024,1.103630781173706,-0.11265343427658081,1.5708448886871338,50.260589599609375,-68.6532974243164,85.0991754824706,919146482,1720697926
3.0,0,1.1899363994598389,4.405398368835449,9.153172492980957,0.4151931405067444,1.1028318405151367,-0.11984407901763916,3.316227912902832,50.96108627319336,-70.00274658203125,86.65110622918937,931146482,1720697926
3.0,0,2.0542564392089844,0.6057422757148743,9.462029457092285,0.480175256729126,1.0610195398330688,-0.13182848691940308,2.618074655532837,50.96108627319336,-69.66539001464844,86.35480991200708,944146482,1720697926
3.0,0,3.7805020809173584,-3.8762714862823486,9.787646293640137,0.44608625769615173,1.0237348079681396,-0.15526466071605682,4.014381408691406,50.610836029052734,-68.99066162109375,85.65794401321087,956146482,1720697926
3.0,0,2.806046962738037,-3.0358939170837402,9.32795238494873,0.4679245352745056,0.9675412178039551,-0.1720428317785263,4.537996292114258,53.23769760131836,-70.17143249511719,88.19793531967429,969146482,1720697926
3.0,0,2.293680191040039,-0.5171554684638977,9.54103946685791,0.5440921187400818,0.9720686078071594,-0.1832282841205597,5.759764194488525,50.610836029052734,-72.02692413330078,88.21853210771556,981146482,1720697926
3.0,0,3.7972617149353027,-3.3112316131591797,10.620841026306152,0.5358362197875977,0.9145435094833374,-0.17870083451271057,5.236149311065674,50.08546447753906,-70.17143249511719,86.37129702601084,994146482,1720697926
3.0,0,3.3686931133270264,1.6304762363433838,9.960031509399414,0.6319777965545654,0.9198698997497559,-0.17417339980602264,7.679685592651367,50.43571472167969,-72.19561004638672,88.40217757645209,6146482,1720697927
3.0,0,1.2833117246627808,-0.27773162722587585,9.634414672851562,0.6591424345970154,0.8993632197380066,-0.21278981864452362,5.759764194488525,50.96108627319336,-72.02692413330078,88.41993552261975,19146482,1720697927
3.0,0,1.4006292819976807,-3.0550482273101807,9.124442100524902,0.6684635877609253,0.8687363862991333,-0.2319648712873459,7.330609321594238,49.03472137451172,-72.53296661376953,87.85882413904733,31146482,1720697927
3.0,0,3.9337332248687744,-2.863509178161621,10.417330741882324,0.6860407590866089,0.7787201404571533,-0.20772972702980042,7.330609321594238,49.03472137451172,-72.53296661376953,87.85882413904733,44146482,1720697927
3.0,0,0.5961652994155884,1.7789191007614136,9.35189437866211,0.7382395267486572,0.7662031650543213,-0.24900935590267181,8.203300476074219,48.50934982299805,-73.37637329101562,88.34332638232065,56146482,1720697927
3.0,0,4.000771999359131,-1.9896119832992554,10.288041114807129,0.7201297283172607,0.7182655334472656,-0.2239752560853958,8.377839088439941,50.08546447753906,-72.53296661376953,88.54249367121318,69146482,1720697927
3.0,0,2.114112377166748,0.6153191924095154,8.987970352172852,0.8197335004806519,0.7030852437019348,-0.24101975560188293,8.552377700805664,48.15909957885742,-71.68955993652344,86.78614544082443,81146482,1720697927
3.0,0,4.005560398101807,-3.787684917449951,10.589715003967285,0.7949656844139099,0.6450274586677551,-0.23036694526672363,8.552377700805664,46.75811004638672,-74.05110168457031,87.99448664629972,94146482,1720697927
3.0,0,1.19951331615448,-1.0271282196044922,9.32795238494873,0.8322505354881287,0.6415652632713318,-0.2852289080619812,9.075992584228516,47.983978271484375,-72.87033081054688,87.72069838177187,106146482,1720697927
3.0,0,3.304048538208008,-0.9553011059761047,10.199454307556152,0.8530234694480896,0.550483763217926,-0.24607984721660614,9.948683738708496,47.80885314941406,-73.37637329101562,88.14054064355149,119146482,1720697927
3.0,0,2.035102367401123,-1.0534647703170776,9.80679988861084,0.8719322681427002,0.5249170660972595,-0.28309834003448486,10.123222351074219,45.18199157714844,-74.55714416503906,87.76479783884436,131146482,1720697927
3.0,0,2.6097195148468018,-1.213878870010376,10.096503257751465,0.8812534213066101,0.491627037525177,-0.2713802456855774,10.123222351074219,46.582984924316406,-75.56922912597656,89.34854506886344,144146482,1720697927
3.0,0,1.8363807201385498,2.444517135620117,9.502731323242188,0.948366105556488,0.4428904354572296,-0.3102629780769348,10.123222351074219,46.582984924316406,-75.56922912597656,89.34854506886344,156146482,1720697927
3.0,0,2.497190475463867,0.3304048776626587,9.397384643554688,0.9374470114707947,0.40134450793266296,-0.282565712928772,10.123222351074219,46.582984924316406,-75.56922912597656,89.34854506886344,169146482,1720697927
3.0,0,1.2114845514297485,-1.4173890352249146,10.096503257751465,0.9387785792350769,0.3608638048171997,-0.3094640374183655,10.64683723449707,46.057613372802734,-74.725830078125,88.42289620658929,181146482,1720697927
3.0,0,2.940124750137329,-0.1795678734779358,10.551407814025879,0.9486324191093445,0.3126598596572876,-0.31186091899871826,11.868605613708496,44.48149871826172,-74.55714416503906,87.6255400752708,194146482,1720697927
3.0,0,1.0247340202331543,-0.45490527153015137,10.290435791015625,0.9536925554275513,0.2759076952934265,-0.3171873092651367,10.297760963439941,42.55513381958008,-75.06318664550781,86.8991673414703,206146482,1720697927
3.0,0,3.919368028640747,4.290474891662598,7.055819988250732,0.9800582528114319,0.22424158453941345,-0.38749587535858154,11.694067001342773,43.60587692260742,-74.38846588134766,87.01647867732815,219146482,1720697927
3.0,0,-2.4133920669555664,-39.22719955444336,10.680696487426758,0.4258459508419037,0.043676506727933884,-0.42185112833976746,12.217681884765625,43.43075180053711,-75.56922912597656,88.01255787267822,231146482,1720697927
3.0,0,4.429340839385986,2.470853805541992,5.41337251663208,0.6234555244445801,0.054062992334365845,-0.047138672322034836,12.043143272399902,42.20488357543945,-74.38846588134766,86.37090571295623,244146482,1720697927
3.0,0,11.659939765930176,-8.743758201599121,11.94006633758545,0.40320873260498047,-0.10919126868247986,0.21492037177085876,11.344990730285645,42.55513381958008,-75.7379150390625,87.61209964118476,257146482,1720697927
3.0,0,-1.71906316280365,-8.750940322875977,10.824350357055664,-0.013316008262336254,0.08841829746961594,-0.018376091495156288,12.217681884765625,43.08050537109375,-75.23187255859375,87.55019327413652,269146482,1720697927
3.0,0,0.7374253869056702,0.8906566500663757,8.710238456726074,0.03382266312837601,0.04207858443260193,0.03728482499718666,10.9959135055542,41.504390716552734,-75.06318664550781,86.47546791982245,282146482,1720697927
3.0,0,-4.367090702056885,0.38068386912345886,7.2856669425964355,-0.0769665315747261,-0.00719064474105835,-0.04953555390238762,11.51952838897705,42.029762268066406,-75.23187255859375,86.94271159382549,294146482,1720697927
3.0,0,0.83319491147995,0.5937711000442505,10.752523422241211,-0.0375511460006237,-0.11238711327314377,-0.08176029473543167,10.821375846862793,42.380008697509766,-74.55714416503906,86.44035549710846,307146482,1720697927
3.0,0,2.293680191040039,1.0462820529937744,12.299201965332031,0.0031958422623574734,-0.03595322370529175,-0.052997712045907974,10.9959135055542,41.504390716552734,-74.38846588134766,85.89044428080648,319146482,1720697927
3.0,0,-7.347917079925537,-1.0989553928375244,16.441234588623047,0.035420581698417664,0.10040270537137985,-0.3001428544521332,11.170452117919922,42.380008697509766,-74.8945083618164,86.77575422016183,332146482,1720697927
3.0,0,-25.402868270874023,9.526674270629883,6.670347690582275,0.10785967111587524,0.37817463278770447,-0.992042601108551,10.821375846862793,42.029762268066406,-75.9065933227539,87.43805808339519,344146482,1720697927
3.0,0,-14.796392440795898,6.122067451477051,-1.4652738571166992,0.05459563434123993,-0.002130561275407672,-1.5760828256607056,11.170452117919922,42.029762268066406,-75.56922912597656,87.18938185079227,357146482,1720697927
3.0,0,-14.506689071655273,1.7861016988754272,5.142823696136475,0.007989604957401752,-0.11771351844072342,-1.7971285581588745,9.599607467651367,39.75314712524414,-74.05110168457031,84.59332615870396,369146482,1720697927
3.0,0,-12.287230491638184,1.3599272966384888,3.486010789871216,0.0143812894821167,-0.12863264977931976,-1.786742091178894,11.344990730285645,41.504390716552734,-75.06318664550781,86.52054815360844,382146482,1720697927
3.0,0,7.810005187988281,-0.7086945176124573,14.231352806091309,0.04207858443260193,-0.10919126868247986,-2.06158447265625,9.948683738708496,39.75314712524414,-74.725830078125,85.22463666897595,394146482,1720697927
3.0,0,8.262516021728516,-2.0207371711730957,15.50987434387207,0.0431438684463501,0.11052287369966507,-2.0810258388519287,9.948683738708496,39.75314712524414,-74.725830078125,85.22463666897595,407146482,1720697927
3.0,0,2.066227674484253,-0.04549052566289902,10.18030071258545,0.06285155564546585,0.23569335043430328,-2.067443609237671,9.948683738708496,39.75314712524414,-74.725830078125,85.22463666897595,419146482,1720697927
3.0,0,-4.556235313415527,-0.17477938532829285,5.631248474121094,0.05353035405278206,0.20906133949756622,-2.022435426712036,10.64683723449707,41.15414047241211,-75.7379150390625,86.85188654016187,432146482,1720697927
3.0,0,-3.9313390254974365,2.6935181617736816,4.90339994430542,0.05805779621005058,0.0663137212395668,-2.000330686569214,10.472298622131348,39.22777557373047,-76.24395751953125,86.3807181790829,444146482,1720697927
3.0,0,2.810835838317871,0.3184336721897125,8.52348804473877,0.04740498960018158,-0.006924324203282595,-1.995004415512085,12.217681884765625,38.177032470703125,-77.25604248046875,87.03593314631861,457146482,1720697927
3.0,0,-1.27373468875885,-0.7110887169837952,11.319958686828613,0.024235136806964874,0.06791163980960846,-1.9811557531356812,11.170452117919922,37.12628936767578,-76.5813217163086,85.83611826351361,469146482,1720697927
3.0,0,1.3503503799438477,-1.1157150268554688,11.001524925231934,0.033556342124938965,0.10972391068935394,-1.9832862615585327,10.821375846862793,36.4257926940918,-77.5934066772461,86.39836403770916,482146482,1720697927
3.0,0,0.6464443206787109,0.9050220251083374,8.296035766601562,0.03914906829595566,0.14248129725456238,-1.9510616064071655,11.170452117919922,35.72529602050781,-76.5813217163086,85.23951320888929,494146482,1720697927
3.0,0,-0.6967233419418335,-0.4620879888534546,7.623254299163818,0.036752182990312576,0.06684636324644089,-1.958784818649292,11.694067001342773,35.550174713134766,-77.76209259033203,86.29895230646588,507146482,1720697927
3.0,0,0.5626459717750549,0.9553011059761047,8.700661659240723,0.04580707103013992,0.06072099879384041,-1.9651764631271362,10.472298622131348,35.37504959106445,-77.5934066772461,85.91740179836599,519146482,1720697927
3.0,0,-1.2713404893875122,0.4429340660572052,9.622443199157715,0.04447546973824501,0.04101330414414406,-1.9630459547042847,10.472298622131348,35.37504959106445,-77.5934066772461,85.91740179836599,532146482,1720697927
3.0,0,1.996794581413269,1.223455786705017,10.359869003295898,0.0412796251475811,0.03728482499718666,-1.9611817598342896,10.472298622131348,35.37504959106445,-77.5934066772461,85.91740179836599,544146482,1720697927
3.0,0,2.50437331199646,1.8196210861206055,10.759706497192383,0.04021434485912323,0.08335821330547333,-1.9694377183914185,11.170452117919922,32.57306671142578,-77.5934066772461,84.89122708081345,557146482,1720697927
3.0,0,-1.9680639505386353,-0.5961652994155884,9.066980361938477,0.02157193422317505,0.08921726047992706,-1.9454689025878906,11.868605613708496,33.2735595703125,-77.25604248046875,84.9499244580999,569146482,1720697927
3.0,0,0.31603944301605225,1.5394952297210693,7.93929386138916,0.03835010528564453,0.06737900525331497,-1.935615062713623,12.217681884765625,31.522321701049805,-78.26813507080078,85.2574306645639,582146482,1720697927
3.0,0,-0.6081365346908569,-0.2944912910461426,8.832345008850098,0.024501455947756767,0.07297173142433167,-1.9438709020614624,10.821375846862793,33.2735595703125,-77.93077087402344,85.42503725909482,594146482,1720697927
3.0,0,-2.5402867794036865,-0.7565792798995972,9.074163436889648,0.018908733502030373,0.07936341315507889,-1.943604588508606,11.868605613708496,29.420833587646484,-75.9065933227539,82.26943635440617,607146482,1720697927
3.0,0,0.4884245991706848,-0.8020698428153992,9.667933464050293,0.020240332931280136,0.0737706869840622,-1.9452025890350342,12.043143272399902,30.9969482421875,-78.09944915771484,84.88446300087483,619146482,1720697927
3.0,0,-0.08140409737825394,-0.04549052566289902,9.019095420837402,0.017044490203261375,0.08042868971824646,-1.9569206237792969,12.741296768188477,28.89546012878418,-77.42472839355469,83.61744331301287,632146482,1720697927
3.0,0,-0.06464443355798721,0.009576953016221523,9.167537689208984,0.03222474083304405,0.06072099879384041,-1.9396097660064697,12.9158353805542,29.420833587646484,-77.25604248046875,83.67138311462023,644146482,1720697927
3.0,0,1.0343109369277954,-0.5027900338172913,10.058194160461426,0.03195841982960701,0.056193556636571884,-1.951327919960022,12.217681884765625,29.420833587646484,-77.5934066772461,83.87844752622581,657146482,1720697927
3.0,0,-0.002394238254055381,0.03112509660422802,8.796431541442871,0.026099376380443573,0.04980187490582466,-1.955855369567871,14.486680030822754,29.595956802368164,-78.43681335449219,85.07713116090908,669146482,1720697927
3.0,0,0.6895406246185303,1.0438878536224365,9.756521224975586,0.03595322370529175,0.04420914873480797,-1.969704031944275,12.9158353805542,27.319345474243164,-77.93077087402344,83.58451106358262,682146482,1720697927
3.0,0,3.718251943588257,0.5410978198051453,10.3383207321167,0.026365695521235466,0.03621954470872879,-1.9627796411514282,14.312141418457031,27.669591903686523,-78.26813507080078,84.23980457930551,694146482,1720697927
3.0,0,0.217875674366951,0.26815468072891235,9.526674270629883,0.016778171062469482,0.07643388956785202,-1.9545236825942993,12.56675910949707,25.568103790283203,-77.5934066772461,82.65826108579421,707146482,1720697927
3.0,0,1.161205530166626,-0.5841941237449646,9.600895881652832,0.027164656668901443,0.031425777822732925,-1.9606491327285767,13.78852653503418,25.743228912353516,-77.42472839355469,82.74917441072684,719146482,1720697927
3.0,0,1.209090232849121,2.341564893722534,8.276881217956543,0.014913929626345634,0.0681779608130455,-1.9542573690414429,14.661218643188477,25.568103790283203,-77.5934066772461,83.00250612671023,732146482,1720697927
3.0,0,-0.3304048776626587,-1.0438878536224365,8.46842098236084,-0.001065280637703836,0.06844428181648254,-1.958784818649292,13.613988876342773,25.568103790283203,-78.94285583496094,84.08949465857971,744146482,1720697927
3.0,0,1.0654360055923462,-0.08858681470155716,8.741363525390625,0.0007989605655893683,0.06205260008573532,-1.9782263040542603,14.835756301879883,22.59099578857422,-77.42472839355469,82.00634928213705,757146482,1720697927
3.0,0,0.39983779191970825,-0.21069295704364777,9.591318130493164,-0.000266320159425959,0.06365051865577698,-1.956387996673584,15.882987022399902,23.641740798950195,-78.09944915771484,83.13077133948028,769146482,1720697927
3.0,0,-0.6823578476905823,-1.0486763715744019,9.94566535949707,0.019974011927843094,0.05779147893190384,-1.9547899961471558,15.882987022399902,23.641740798950195,-78.09944915771484,83.13077133948028,782146482,1720697927
3.0,0,0.30406826734542847,-0.31603944301605225,10.37183952331543,0.014114969410002232,0.04021434485912323,-1.9555890560150146,15.882987022399902,23.641740798950195,-78.09944915771484,83.13077133948028,794146482,1720697927
3.0,0,-0.1316830962896347,0.15801972150802612,9.603289604187012,0.010919126681983471,0.060454681515693665,-1.955855369567871,15.533909797668457,22.59099578857422,-79.11154174804688,83.72748343330547,807146482,1720697927
3.0,0,0.5554632544517517,0.18435634672641754,10.005521774291992,0.021039292216300964,0.04660603031516075,-1.963844895362854,16.755678176879883,22.41587257385254,-80.29231262207031,85.02987451839874,820146482,1720697927
3.0,0,1.0367051362991333,0.5410978198051453,9.179509162902832,0.0197076927870512,0.03835010528564453,-1.9579858779907227,16.93021583557129,20.4895076751709,-79.44890594482422,83.77697051600423,832146482,1720697927
3.0,0,1.625687837600708,-0.8308007121086121,8.973605155944824,-0.0018642412032932043,0.059389397501945496,-1.9595838785171509,16.057525634765625,19.964136123657227,-79.95494842529297,83.95954167553757,845146482,1720697927
3.0,0,-0.41180896759033203,0.24181805551052094,9.038249015808105,0.019441373646259308,0.039681706577539444,-1.950795292854309,17.104755401611328,20.31438446044922,-79.95494842529297,84.24987033252425,857146482,1720697927
3.0,0,2.0039772987365723,1.6568129062652588,9.354289054870605,0.006924324203282595,0.03808378428220749,-1.9654427766799927,19.37375259399414,18.73826789855957,-80.46099090576172,84.85538304049162,870146482,1720697927
3.0,0,1.5275241136550903,1.0869841575622559,9.330347061157227,0.005592723377048969,0.07057484239339828,-1.9601165056228638,19.37375259399414,17.337276458740234,-79.44890594482422,83.59456980216842,882146482,1720697927
3.0,0,0.8451660871505737,0.6464443206787109,9.512308120727539,-0.0287625789642334,0.06871060281991959,-1.9401423931121826,18.85013771057129,18.913393020629883,-80.96703338623047,85.25669840327663,895146482,1720697927
3.0,0,1.654418706893921,1.5011874437332153,10.187483787536621,-0.0197076927870512,0.07430332899093628,-1.955855369567871,18.85013771057129,18.913393020629883,-80.96703338623047,85.25669840327663,907146482,1720697927
3.0,0,-0.2082987278699875,-0.7924928665161133,9.837924003601074,0.004261122550815344,0.05539459362626076,-1.9726334810256958,19.024675369262695,15.235788345336914,-79.78626251220703,83.42610625623462,920146482,1720697927
3.0,0,0.8308007121086121,0.17717362940311432,9.948060035705566,-0.017843451350927353,0.03515426442027092,-1.9372129440307617,20.595521926879883,16.111408233642578,-80.29231262207031,84.44293022457207,932146482,1720697927
3.0,0,-0.4142032265663147,-0.19153906404972076,9.636809349060059,0.007723285350948572,0.056193556636571884,-1.9550563097000122,19.722829818725586,16.63677978515625,-81.1357192993164,85.13975219540905,945146482,1720697927
3.0,0,-1.2426096200942993,-0.059855956584215164,9.452452659606934,0.0037284824065864086,0.042877547442913055,-1.9521268606185913,20.77005958557129,16.63677978515625,-80.12362670898438,84.42732598992248,957146482,1720697927
3.0,0,0.2250583916902542,0.15323124825954437,9.713424682617188,-0.007723285350948572,0.03329002112150192,-1.9460015296936035,21.817289352416992,15.936284065246582,-79.11154174804688,83.59781876489532,970146482,1720697927
3.0,0,-0.09576953202486038,-0.9553011059761047,9.368654251098633,0.006658004131168127,0.05965571850538254,-1.9662418365478516,22.864519119262695,15.586036682128906,-79.78626251220703,84.4485551071101,982146482,1720697927
3.0,0,-0.3471645414829254,0.04788476601243019,8.755729675292969,-0.002130561275407672,0.02902889810502529,-1.9510616064071655,23.0390567779541,14.710416793823242,-78.94285583496094,83.54142078541169,995146482,1720697927
3.0,0,1.187542200088501,1.716668725013733,10.288041114807129,0.00719064474105835,0.042877547442913055,-1.9547899961471558,22.51544189453125,14.185044288635254,-81.1357192993164,85.38832210199485,7146482,1720697928
3.0,0,-0.07422138750553131,1.4365429878234863,9.385414123535156,-0.014647609554231167,0.06205260008573532,-1.9705029726028442,23.388134002685547,14.36016845703125,-80.62966918945312,85.17254724289123,20146482,1720697928
3.0,0,0.26097196340560913,1.6472358703613281,9.665539741516113,-0.03275737911462784,0.046872351318597794,-1.961448073387146,23.388134002685547,14.36016845703125,-80.62966918945312,85.17254724289123,32146482,1720697928
3.0,0,0.9960030913352966,2.6719701290130615,10.209031105041504,0.003994802478700876,0.05086715519428253,-1.9635785818099976,25.13351821899414,14.36016845703125,-81.30439758300781,86.30361083126611,45146482,1720697928
3.0,0,1.7717362642288208,0.32322216033935547,10.077349662780762,-0.016778171062469482,0.037817467004060745,-1.966508150100708,26.35528564453125,13.834795951843262,-80.12362670898438,85.47396221911471,57146482,1720697928
3.0,0,1.067830204963684,1.4078121185302734,10.2952241897583,-0.015712888911366463,0.02982785925269127,-1.9571869373321533,27.57705307006836,13.30942440032959,-81.30439758300781,86.87945499502895,70146482,1720697928
3.0,0,-0.3854723572731018,-0.8284064531326294,9.459635734558105,-0.0143812894821167,0.05139978975057602,-1.9694377183914185,27.926130294799805,12.25868034362793,-81.9791259765625,87.46840053922611,82146482,1720697928
3.0,0,-0.4525110125541687,-0.5746171474456787,9.758914947509766,-0.015180249698460102,0.031425777822732925,-1.9574532508850098,28.27520751953125,12.608928680419922,-82.65384674072266,88.2617177703864,95146482,1720697928
3.0,0,1.1659940481185913,0.2346353530883789,9.861867904663086,-0.011984407901763916,0.030626820400357246,-1.9611817598342896,28.449745178222656,11.733307838439941,-81.81044006347656,87.40713138478513,107146482,1720697928
3.0,0,1.6304762363433838,-0.8164352178573608,8.865863800048828,-0.03808378428220749,0.0431438684463501,-1.97156822681427,29.147897720336914,10.682564735412598,-79.78626251220703,85.61287763244684,120146482,1720697928
3.0,0,-0.4046262502670288,-1.1396573781967163,9.830741882324219,-0.02290353551506996,0.026632016524672508,-1.9625133275985718,29.322437286376953,12.608928680419922,-82.65384674072266,88.6027583764766,132146482,1720697928
3.0,0,-0.4046262502670288,-1.1396573781967163,9.830741882324219,-0.02290353551506996,0.026632016524672508,-1.9625133275985718,29.322437286376953,12.608928680419922,-82.65384674072266,88.6027583764766,145146482,1720697928
3.0,0,0.08858681470155716,1.575408697128296,9.538644790649414,-0.022104574367403984,0.02476777695119381,-1.9611817598342896,29.322437286376953,12.608928680419922,-82.65384674072266,88.6027583764766,157146482,1720697928
3.0,0,-0.9672722220420837,0.8499546051025391,10.118050575256348,-0.022104574367403984,0.037817467004060745,-1.9630459547042847,30.893281936645508,12.784051895141602,-81.1357192993164,87.75438335429294,170146482,1720697928
3.0,0,5.659979343414307,1.1659940481185913,13.185070037841797,0.1600584238767624,-0.04633970931172371,-1.5880671739578247,33.16228103637695,10.857687950134277,-80.62966918945312,87.85652977871813,182146482,1720697928
3.0,0,2.2266414165496826,9.160355567932129,35.1881217956543,0.30360499024391174,-0.05086715519428253,-1.1209415197372437,32.289588928222656,11.032812118530273,-81.47307586669922,88.3300774797425,195146482,1720697928
3.0,0,6.687107563018799,1.7980729341506958,31.26396369934082,0.13475801050662994,-0.018109772354364395,-0.4703214466571808,33.16228103637695,11.908432006835938,-81.30439758300781,88.61124478717635,207146482,1720697928
3.0,0,2.2026991844177246,4.491590976715088,30.04050636291504,-0.04021434485912323,0.010919126681983471,-0.0769665315747261,32.46412658691406,10.857687950134277,-82.31648254394531,89.15050308933385,220146482,1720697928
3.0,0,0.5027900338172913,-0.011971191503107548,22.438798904418945,-0.20613181591033936,0.0631178766489029,0.05672619491815567,33.16228103637695,9.456696510314941,-81.30439758300781,88.3151802283144,232146482,1720697928
3.0,0,-1.599351167678833,0.5075784921646118,9.260913848876953,-0.29188692569732666,0.09374470263719559,0.12144199758768082,33.16228103637695,11.20793628692627,-81.30439758300781,88.51982707666826,245146482,1720697928
3.0,0,-2.138054609298706,-1.7980729341506958,0.3782896399497986,-0.1794998049736023,0.04633970931172371,0.07909709215164185,32.46412658691406,11.908432006835938,-81.30439758300781,88.35233632591965,257146482,1720697928
3.0,0,-1.8148326873779297,-1.663995623588562,1.278523325920105,0.032491061836481094,-0.005326403304934502,0.049002911895513535,32.813201904296875,10.507440567016602,-83.32857513427734,90.17074891776403,270146482,1720697928
3.0,0,0.3280106484889984,-1.6161108016967773,4.462860107421875,0.09081517904996872,-0.030360499396920204,0.02077297307550907,34.209510803222656,10.507440567016602,-81.30439758300781,88.83187492674575,282146482,1720697928
3.0,0,1.5251296758651733,-0.9720607399940491,5.506748199462891,0.17870083451271057,-0.04980187490582466,0.002130561275407672,32.813201904296875,12.25868034362793,-82.31648254394531,89.45940286737361,295146482,1720697928
3.0,0,1.7549766302108765,0.02633661963045597,11.027861595153809,0.2189151793718338,-0.05139978975057602,0.0018642412032932043,34.90766143798828,10.15719223022461,-82.65384674072266,90.29602295843277,308146482,1720697928
3.0,0,-0.2657604515552521,-0.4429340660572052,14.913710594177246,0.1494056135416031,-0.035420581698417664,-0.004527443088591099,32.11505126953125,11.908432006835938,-81.30439758300781,88.22466966354627,320146482,1720697928
3.0,0,-0.7446081042289734,-0.3399818241596222,13.853062629699707,0.04021434485912323,-0.011984407901763916,-0.025034096091985703,33.511356353759766,10.15719223022461,-81.9791259765625,89.14458286711265,333146482,1720697928
