IMU,nth_pos,acc.x,acc.y,acc.z,gyr.x,gyr.y,gyr.z,mag.x,mag.y,mag.z,mag.norm,nsecs,secs
4.0,0,0.059855956584215164,0.13886581361293793,9.84031867980957,0.06977588683366776,0.015446570701897144,-0.004793763160705566,-40.492889404296875,18.913393020629883,-30.700000762939453,54.22066556863639,540923290,1720697910
4.0,0,0.03591357171535492,0.2154814451932907,9.799616813659668,0.06524843722581863,0.015446570701897144,-0.006924324203282595,-41.016502380371094,18.73826789855957,-28.844507217407227,53.53019473131247,553923290,1720697910
4.0,0,0.06225019320845604,0.20590448379516602,9.677511215209961,0.06524843722581863,0.014647609554231167,-0.0031958422623574734,-40.66742706298828,19.438764572143555,-29.85659408569336,54.065898701608155,565923290,1720697910
4.0,0,0.06225019320845604,0.20590448379516602,9.677511215209961,0.06524843722581863,0.014647609554231167,-0.0031958422623574734,-40.84196472167969,19.964136123657227,-29.687911987304688,54.29553325695211,578923290,1720697910
4.0,0,-17.090072631835938,-4.242590427398682,2.8491435050964355,0.19814221560955048,0.3922896087169647,-0.42557963728904724,-41.191043853759766,17.862648010253906,-29.350549697875977,53.639827136821346,591923290,1720697910
4.0,0,-21.70376968383789,10.185089111328125,12.306385040283203,-0.12224096059799194,0.13236112892627716,-0.32357898354530334,-40.492889404296875,17.862648010253906,-29.687911987304688,53.29278004019677,603923290,1720697910
4.0,0,-39.22719955444336,1.3575330972671509,-1.8268038034439087,0.11345238983631134,0.6178628206253052,-0.33183494210243225,-41.36558151245117,18.73826789855957,-28.844507217407227,53.798137647287454,616923290,1720697910
4.0,0,9.550616264343262,-3.3184142112731934,17.035005569458008,-0.1507372111082077,0.26418960094451904,-0.33423179388046265,-41.016502380371094,17.337276458740234,-30.19395637512207,53.801576409140196,628923290,1720697910
4.0,0,-39.22719955444336,6.0502400398254395,-3.8571176528930664,0.02157193422317505,0.8325168490409851,-0.5880349278450012,-40.84196472167969,17.862648010253906,-28.338462829589844,52.822426599023274,641923290,1720697910
4.0,0,15.50748062133789,-14.729352951049805,19.57289695739746,-0.2844299376010895,0.7816497087478638,-0.7931014895439148,-40.84196472167969,19.613887786865234,-29.350549697875977,53.98356642544245,653923290,1720697910
4.0,0,9.521885871887207,3.3902413845062256,11.91612434387207,-0.2008054107427597,0.4836374521255493,-0.6788501143455505,-40.84196472167969,19.613887786865234,-29.350549697875977,53.98356642544245,666923290,1720697910
4.0,0,-6.009538173675537,-12.60566520690918,10.26170539855957,-0.22557318210601807,0.8349137306213379,-0.8727312088012695,-41.191043853759766,19.263641357421875,-30.362638473510742,54.67796436575569,678923290,1720697910
4.0,0,15.12679672241211,4.379061698913574,6.627251625061035,-0.32997068762779236,0.9523609280586243,-0.9646116495132446,-39.62019729614258,19.088516235351562,-28.844507217407227,52.59407839735954,691923290,1720697910
4.0,0,10.15635871887207,1.2306383848190308,7.134829998016357,-0.36938607692718506,0.7158685922622681,-1.04530668258667,-38.22389221191406,19.789012908935547,-28.507143020629883,51.6268163935826,703923290,1720697910
4.0,0,-7.374253273010254,-9.672721862792969,12.835512161254883,-0.5464890003204346,0.7595451474189758,-0.9632800817489624,-39.62019729614258,18.388019561767578,-28.507143020629883,52.158762450693345,716923290,1720697910
4.0,0,-5.770114421844482,-2.7677392959594727,9.766098022460938,-0.5278465747833252,0.7262550592422485,-0.8429033160209656,-39.62019729614258,19.088516235351562,-28.844507217407227,52.59407839735954,728923290,1720697910
4.0,0,-0.3375875949859619,-3.5745978355407715,10.484369277954102,-0.4684571921825409,0.6338419914245605,-0.7717958688735962,-39.44565963745117,18.56314468383789,-29.687911987304688,52.74393351801412,741923290,1720697910
4.0,0,17.762853622436523,0.6225019693374634,12.203432083129883,-0.5930950045585632,0.5781811475753784,-0.8524908423423767,-39.44565963745117,21.014881134033203,-29.350549697875977,53.46999215334407,753923290,1720697910
4.0,0,-2.755768299102783,-0.7948870658874512,10.197060585021973,-0.5440921187400818,0.5566091537475586,-0.8511592745780945,-38.74750518798828,19.964136123657227,-28.675825119018555,52.17507868430703,766923290,1720697910
4.0,0,-3.2872891426086426,-9.409356117248535,10.82913875579834,-0.6479569673538208,0.514530599117279,-0.8849819302558899,-39.096580505371094,20.31438446044922,-27.66373634338379,52.02402456265909,778923290,1720697910
4.0,0,-7.742966175079346,-4.8866400718688965,6.835549831390381,-0.5973561406135559,0.5158621668815613,-0.7776548862457275,-40.66742706298828,21.540252685546875,-28.507143020629883,54.133901696435366,791923290,1720697910
4.0,0,2.3056514263153076,-3.325597047805786,10.024675369262695,-0.6642025113105774,0.33929190039634705,-0.8069500923156738,-40.66742706298828,21.540252685546875,-28.507143020629883,54.133901696435366,803923290,1720697910
4.0,0,2.50437331199646,-4.120483875274658,10.367051124572754,-0.7014873623847961,0.3419550955295563,-0.7768559455871582,-39.271121978759766,22.24074935913086,-28.169780731201172,53.20158362276692,816923290,1720697910
4.0,0,4.747774600982666,-1.2186672687530518,12.028653144836426,-0.7137380838394165,0.3094640374183655,-0.8205324411392212,-38.572967529296875,23.641740798950195,-28.169780731201172,53.294861651616,828923290,1720697910
4.0,0,-3.538684129714966,-3.9337332248687744,8.032669067382812,-0.7361089587211609,0.3776420056819916,-0.8682037591934204,-39.44565963745117,22.76612091064453,-28.001100540161133,53.46323930526416,841923290,1720697910
4.0,0,-0.3782896399497986,-4.173157215118408,8.15238094329834,-0.7646052241325378,0.2934848368167877,-0.8900420069694519,-39.96927261352539,23.991989135742188,-26.820329666137695,53.781859203119666,853923290,1720697910
4.0,0,-0.9193874597549438,-0.8499546051025391,9.466817855834961,-0.7622083425521851,0.19041892886161804,-0.8423706889152527,-40.492889404296875,23.466615676879883,-27.66373634338379,54.36578383607888,866923290,1720697910
4.0,0,1.7070918083190918,-2.5618350505828857,10.21142578125,-0.779252827167511,0.11558295786380768,-0.7590124607086182,-38.39842987060547,24.51736068725586,-26.651649475097656,52.781159624815736,878923290,1720697910
4.0,0,-3.4716453552246094,-6.047845840454102,9.213027954101562,-0.8777912855148315,0.18615780770778656,-0.8503603339195251,-41.36558151245117,23.991989135742188,-28.169780731201172,55.50012092776705,891923290,1720697910
4.0,0,3.837963819503784,-0.35195302963256836,9.141201972961426,-0.8090806603431702,0.0431438684463501,-0.8879114389419556,-41.88919448852539,24.167112350463867,-25.63956069946289,54.73701679045809,903923290,1720697910
4.0,0,-1.5801972150802612,-2.427757740020752,8.937690734863281,-0.8061511516571045,-0.008522245101630688,-0.8676711320877075,-41.016502380371094,25.392980575561523,-25.808242797851562,54.71034935314058,916923290,1720697910
4.0,0,-0.5889825820922852,-5.77250862121582,8.533064842224121,-0.8785902261734009,0.009587526321411133,-0.9174729585647583,-41.016502380371094,25.392980575561523,-25.808242797851562,54.71034935314058,928923290,1720697910
4.0,0,1.4317545890808105,-3.016740322113037,9.756521224975586,-0.8820524215698242,-0.08468981087207794,-0.9017601013183594,-42.0637321472168,25.392980575561523,-25.808242797851562,55.49978757595836,941923290,1720697910
4.0,0,3.976829767227173,-0.25139501690864563,10.21142578125,-0.8285220861434937,-0.17151018977165222,-0.8769923448562622,-42.23827362060547,26.268600463867188,-24.96483612060547,55.65387831326858,953923290,1720697910
4.0,0,-0.6943290829658508,-5.554632663726807,9.519491195678711,-0.8756607174873352,-0.18988628685474396,-0.9100160598754883,-44.332733154296875,27.319345474243164,-23.615385055541992,57.17887964443392,966923290,1720697910
4.0,0,1.9345444440841675,-1.8411691188812256,8.018303871154785,-0.8897756934165955,-0.1952126920223236,-0.9315879940986633,-44.856346130371094,27.844717025756836,-23.784067153930664,57.90597468996454,978923290,1720697910
4.0,0,3.3471450805664062,-0.2753373980522156,9.304009437561035,-0.8197335004806519,-0.30919772386550903,-0.9470345377922058,-43.1109619140625,27.844717025756836,-24.458791732788086,56.851700031117126,991923290,1720697910
4.0,0,0.22266416251659393,-5.748566150665283,8.547430038452148,-0.8415717482566833,-0.3329002261161804,-0.9422407746315002,-43.1109619140625,27.844717025756836,-24.458791732788086,56.851700031117126,3923290,1720697911
4.0,0,2.0279197692871094,-4.38385009765625,9.150778770446777,-0.8889767527580261,-0.3808378577232361,-0.9598178863525391,-43.80911636352539,28.545211791992188,-22.7719783782959,57.031840160248855,16923290,1720697911
4.0,0,2.734220027923584,-0.8738968968391418,8.813190460205078,-0.8234620094299316,-0.4604675769805908,-0.9488987326622009,-44.68180847167969,29.070585250854492,-23.27802276611328,58.167252634336734,29923290,1720697911
4.0,0,3.229827404022217,-1.3766870498657227,9.497942924499512,-0.8149397373199463,-0.4836374521255493,-0.9667422771453857,-45.554500579833984,29.595956802368164,-24.121429443359375,59.43884706584324,41923290,1720697911
4.0,0,2.9520957469940186,-2.3032569885253906,8.62883472442627,-0.7973626255989075,-0.5387657284736633,-0.9736665487289429,-46.60173034667969,28.194965362548828,-22.097253799438477,58.7789585530126,54923290,1720697911
4.0,0,2.4349403381347656,-1.5083701610565186,8.911355018615723,-0.7872424125671387,-0.5683272480964661,-0.9843193888664246,-46.776268005371094,29.420833587646484,-22.265933990478516,59.57664403078305,66923290,1720697911
4.0,0,-0.4237801730632782,-5.676738739013672,8.245756149291992,-0.7701979875564575,-0.6471579670906067,-1.0232020616531372,-46.776268005371094,29.420833587646484,-22.265933990478516,59.57664403078305,79923290,1720697911
4.0,0,-0.3687126934528351,-6.2250189781188965,8.973605155944824,-0.7771222591400146,-0.6500875353813171,-1.0106850862503052,-48.17257308959961,30.121328353881836,-19.904396057128906,60.20030068258988,91923290,1720697911
4.0,0,3.3686931133270264,-1.1516284942626953,8.262516021728516,-0.7209286689758301,-0.734244704246521,-1.0058913230895996,-48.696189880371094,29.946205139160156,-19.735713958740234,60.47803333908133,104923290,1720697911
4.0,0,1.4796391725540161,-4.343148231506348,7.900986194610596,-0.7225266695022583,-0.7712632417678833,-1.032523274421692,-49.21980285644531,30.471576690673828,-20.916484832763672,61.55164755717097,116923290,1720697911
4.0,0,3.3902413845062256,-4.019926071166992,9.80679988861084,-0.7046831250190735,-0.819200873374939,-1.0349202156066895,-50.09249496459961,28.89546012878418,-20.41044044494629,61.32529451204692,129923290,1720697911
4.0,0,4.434129238128662,1.7908902168273926,8.075765609741211,-0.5813769102096558,-0.8783239126205444,-1.0357191562652588,-51.6633415222168,29.771080017089844,-20.579120635986328,63.07866730342085,141923290,1720697911
4.0,0,1.4556968212127686,-4.486802577972412,9.550616264343262,-0.6242544651031494,-0.9212014675140381,-1.0495678186416626,-52.7105712890625,30.471576690673828,-19.567033767700195,63.951466926891335,154923290,1720697911
4.0,0,4.441311836242676,-6.019114971160889,9.308797836303711,-0.5771157741546631,-0.9401101469993591,-1.094043254852295,-53.05964660644531,30.82182502746582,-20.579120635986328,64.72102596664442,166923290,1720697911
4.0,0,-0.20590448379516602,-6.9744157791137695,10.065377235412598,-0.5800453424453735,-0.9912436604499817,-1.067677617073059,-53.23418426513672,30.29645347595215,-19.060989379882812,64.14884865478935,179923290,1720697911
4.0,0,3.713463544845581,-0.055067479610443115,6.8786468505859375,-0.4695224463939667,-1.0285285711288452,-1.0937769412994385,-54.6304931640625,29.595956802368164,-18.38626480102539,64.79557219231687,191923290,1720697911
4.0,0,3.7014923095703125,-9.088528633117676,10.91293716430664,-0.5086715221405029,-1.0796619653701782,-1.0785967111587524,-54.6304931640625,29.595956802368164,-18.38626480102539,64.79557219231687,204923290,1720697911
4.0,0,3.4453089237213135,-0.11971191316843033,6.078970909118652,-0.39868131279945374,-1.0937769412994385,-1.1268006563186646,-54.97956848144531,29.946205139160156,-16.699451446533203,64.79506023809004,216923290,1720697911
4.0,0,4.101330280303955,-2.8228068351745605,10.21381950378418,-0.36672288179397583,-1.140383005142212,-1.0932443141937256,-57.5976448059082,30.121328353881836,-18.55494499206543,67.59488954535324,229923290,1720697911
4.0,0,4.905794143676758,-1.7358226776123047,6.943290710449219,-0.29668065905570984,-1.150503158569336,-1.1441113948822021,-58.644874572753906,31.172073364257812,-17.542858123779297,68.69258579083888,241923290,1720697911
4.0,0,3.126875162124634,-4.980015754699707,8.612074851989746,-0.28309834003448486,-1.178466796875,-1.1462420225143433,-57.4231071472168,28.89546012878418,-15.350000381469727,66.09072069667585,254923290,1720697911
4.0,0,3.426154851913452,-4.027108669281006,7.561004161834717,-0.2301006317138672,-1.224540114402771,-1.1947122812271118,-58.12125778198242,29.946205139160156,-16.02472496032715,67.31751346009779,266923290,1720697911
4.0,0,4.766928195953369,-4.3718791007995605,9.677511215209961,-0.20480021834373474,-1.245046854019165,-1.1502368450164795,-60.04117965698242,27.669591903686523,-15.518681526184082,67.90713546476336,279923290,1720697911
4.0,0,3.4500973224639893,-1.3407734632492065,5.985595226287842,-0.07936341315507889,-1.2650208473205566,-1.201902985572815,-61.088409423828125,28.370088577270508,-15.181319236755371,69.04439257161805,291923290,1720697911
4.0,0,5.62406587600708,-8.20266056060791,11.214611053466797,-0.08895093947649002,-1.3049689531326294,-1.158226490020752,-61.26294708251953,27.494468688964844,-13.663187026977539,68.52574095519306,304923290,1720697911
4.0,0,5.288872241973877,1.5275241136550903,6.471625804901123,0.01864241249859333,-1.2855274677276611,-1.2250727415084839,-61.96110153198242,27.494468688964844,-14.000550270080566,69.21805631054772,316923290,1720697911
4.0,0,5.8946146965026855,-3.7589540481567383,10.175512313842773,0.035686902701854706,-1.3265408277511597,-1.196576476097107,-63.008331298828125,26.79397201538086,-15.012638092041016,70.09526411895811,329923290,1720697911
4.0,0,4.364696502685547,0.07182714343070984,6.627251625061035,0.1664501130580902,-1.3156217336654663,-1.2530364990234375,-63.008331298828125,26.79397201538086,-15.012638092041016,70.09526411895811,341923290,1720697911
4.0,0,7.393407821655273,-8.935297012329102,10.015098571777344,0.10439750552177429,-1.3654234409332275,-1.2439815998077393,-64.57917785644531,27.319345474243164,-12.819780349731445,71.28228123433486,354923290,1720697911
4.0,0,5.161977767944336,-5.25295877456665,8.36546802520752,0.17790187895298004,-1.3409221172332764,-1.2724777460098267,-64.4046401977539,25.04273223876953,-11.30164909362793,70.02016416162094,366923290,1720697911
4.0,0,8.50193977355957,-0.9888203740119934,9.03106689453125,0.29428377747535706,-1.3592982292175293,-1.252770185470581,-65.97547912597656,24.167112350463867,-12.145055770874023,71.30438657572024,379923290,1720697911
4.0,0,4.407792568206787,-5.877854824066162,8.69347858428955,0.34568357467651367,-1.3377262353897095,-1.2828642129898071,-67.54632568359375,23.641740798950195,-11.63901138305664,72.5045143927865,391923290,1720697911
4.0,0,5.085361957550049,-1.8914482593536377,8.41574764251709,0.3872295022010803,-1.360363483428955,-1.2924517393112183,-68.41902160644531,22.76612091064453,-11.470330238342285,73.01388398570471,404923290,1720697911
4.0,0,5.6360368728637695,0.15323124825954437,7.431715488433838,0.47884365916252136,-1.3254754543304443,-1.3116267919540405,-68.94263458251953,19.789012908935547,-9.952198028564453,72.41365990397529,416923290,1720697911
4.0,0,6.519510746002197,-3.5698091983795166,9.234577178955078,0.5163947939872742,-1.353172779083252,-1.3201490640640259,-69.46624755859375,21.365129470825195,-8.434065818786621,73.1653044373669,429923290,1720697911
4.0,0,6.983992576599121,-2.293680191040039,7.213839530944824,0.5685935616493225,-1.3249428272247314,-1.3598308563232422,-69.46624755859375,19.964136123657227,-9.783516883850098,72.93725717116271,441923290,1720697911
4.0,0,8.533064842224121,-3.2920775413513184,9.816376686096191,0.6034814715385437,-1.3694183826446533,-1.3598308563232422,-71.03709411621094,20.13926124572754,-9.614835739135742,74.46008091782896,454923290,1720697911
4.0,0,6.124461650848389,-2.6671812534332275,8.106890678405762,0.7078790068626404,-1.2868590354919434,-1.3752774000167847,-71.03709411621094,20.13926124572754,-9.614835739135742,74.46008091782896,466923290,1720697911
4.0,0,8.319977760314941,-3.2274329662323,9.742155075073242,0.7499576210975647,-1.3249428272247314,-1.3726141452789307,-73.48062896728516,18.388019561767578,-8.940110206604004,76.27219458844749,479923290,1720697911
4.0,0,7.070185661315918,0.7589734792709351,7.654379844665527,0.8056185245513916,-1.253302812576294,-1.3888596296310425,-75.57508850097656,16.987028121948242,-8.602747917175293,77.93690010561598,491923290,1720697911
4.0,0,8.817978858947754,0.14604853093624115,8.389410972595215,0.878057599067688,-1.2572975158691406,-1.3976482152938843,-72.95701599121094,16.811904907226562,-7.421977996826172,75.23597601106009,504923290,1720697911
4.0,0,6.811607837677002,-1.19951331615448,8.207448959350586,0.9196035861968994,-1.2069629430770874,-1.4306719303131104,-73.82970428466797,15.235788345336914,-7.5906596183776855,75.76656647036009,516923290,1720697911
4.0,0,9.871444702148438,-0.18435634672641754,8.791643142700195,1.0050922632217407,-1.1856573820114136,-1.4834033250808716,-74.87693786621094,13.134300231933594,-8.265384674072266,76.46817802598262,529923290,1720697911
4.0,0,7.067790985107422,-4.747774600982666,7.127647399902344,0.9923089146614075,-1.1739393472671509,-1.4647608995437622,-74.87693786621094,13.134300231933594,-8.265384674072266,76.46817802598262,542923290,1720697911
4.0,0,8.138015747070312,1.7645535469055176,7.946476459503174,1.1033644676208496,-1.0996359586715698,-1.4783432483673096,-73.82970428466797,14.185044288635254,-8.602747917175293,75.67065473457018,554923290,1720697911
4.0,0,6.778088569641113,0.83319491147995,7.786062717437744,1.1507694721221924,-1.072737693786621,-1.4615650177001953,-75.05147552490234,12.959176063537598,-7.759340763092041,76.55632953445824,567923290,1720697911
4.0,0,6.3878278732299805,0.7278484106063843,7.204262733459473,1.2029682397842407,-1.0469045639038086,-1.5103017091751099,-75.92416381835938,11.733307838439941,-6.241209030151367,77.07854341194253,579923290,1720697911
4.0,0,6.9744157791137695,2.3032569885253906,6.2034711837768555,1.2679502964019775,-0.9963037371635437,-1.503909945487976,-75.74962615966797,10.857687950134277,-7.084615707397461,76.8510704588651,592923290,1720697911
4.0,0,5.06381368637085,0.8188294768333435,7.067790985107422,1.3052352666854858,-0.9619484543800354,-1.5491844415664673,-74.87693786621094,10.332316398620605,-5.903846263885498,75.81667354275847,604923290,1720697911
4.0,0,7.094127655029297,1.2402154207229614,6.3567023277282715,1.3345303535461426,-0.9068201780319214,-1.5625004768371582,-75.74962615966797,6.304464340209961,-6.072527885437012,76.25370632871456,617923290,1720697911
4.0,0,8.226602554321289,-0.435751348733902,7.096521854400635,1.3675540685653687,-0.9078854322433472,-1.581675410270691,-75.05147552490234,7.355208396911621,-5.397802352905273,75.60396378013553,629923290,1720697911
4.0,0,7.328763008117676,1.185148000717163,7.369464874267578,1.4320034980773926,-0.8237283229827881,-1.5896650552749634,-74.17878723144531,6.479588031768799,-4.2170329093933105,74.58056652203965,642923290,1720697911
4.0,0,4.994380950927734,3.452491521835327,6.464443206787109,1.4839359521865845,-0.7422342896461487,-1.5806101560592651,-72.78247833251953,6.479588031768799,-4.2170329093933105,73.19192291396655,654923290,1720697911
4.0,0,8.863470077514648,2.0997469425201416,7.304821014404297,1.5137637853622437,-0.745696485042572,-1.6162971258163452,-74.70240020751953,4.903471946716309,-5.397802352905273,75.05750398286422,667923290,1720697911
4.0,0,4.151608943939209,4.0079545974731445,5.104515552520752,1.5537118911743164,-0.6407663226127625,-1.6245529651641846,-76.09870147705078,1.0507440567016602,-3.710988998413086,76.19637700647142,679923290,1720697911
4.0,0,7.364676475524902,3.071807622909546,6.907377243041992,1.581675410270691,-0.613867998123169,-1.6418638229370117,-75.92416381835938,-1.2258679866790771,-1.518131971359253,75.94923389027896,692923290,1720697911
4.0,0,5.025506019592285,3.3926355838775635,5.473228454589844,1.6075085401535034,-0.5203896164894104,-1.673822283744812,-73.13155364990234,-1.5761160850524902,-0.843406617641449,73.15339784237494,704923290,1720697911
4.0,0,8.217025756835938,4.098936080932617,7.2186279296875,1.6381354331970215,-0.5105357766151428,-1.6953941583633423,-75.40055084228516,-3.5024800300598145,-3.036263942718506,75.54289729955325,717923290,1720697911
4.0,0,7.659168243408203,2.4421229362487793,6.849915504455566,1.6543809175491333,-0.43197131156921387,-1.6959267854690552,-75.22601318359375,-4.3780999183654785,0.1686813235282898,75.35349541847624,729923290,1720697911
4.0,0,9.38062572479248,-2.861114501953125,15.086094856262207,1.8197658061981201,-0.22131206095218658,-1.35556960105896,-75.22601318359375,-4.3780999183654785,0.1686813235282898,75.35349541847624,742923290,1720697911
4.0,0,-9.632019996643066,0.6272904276847839,27.931182861328125,0.8237283229827881,-0.18961995840072632,-1.075134515762329,-76.97139739990234,-5.779092311859131,-1.855494499206543,77.21034118224883,754923290,1720697911
4.0,0,-6.565001010894775,4.7334089279174805,20.157093048095703,0.8247935771942139,-0.26232534646987915,-0.7957646250724792,-76.09870147705078,-7.705456256866455,-1.686813235282898,76.50641647280638,767923290,1720697911
4.0,0,15.095671653747559,-8.351102828979492,11.310381889343262,0.3784409463405609,-0.1331600844860077,-0.6578108668327332,-77.14593505859375,-9.456696510314941,-1.0120879411697388,77.72997315677928,779923290,1720697911
4.0,0,-7.2856669425964355,2.3918440341949463,18.584077835083008,0.29747962951660156,0.04980187490582466,-0.12490416318178177,-75.92416381835938,-8.581076622009277,-1.855494499206543,76.43007514942302,792923290,1720697911
4.0,0,6.756540298461914,-2.712671995162964,16.99909210205078,-0.15206880867481232,-0.03382266312837601,0.000532640318851918,-75.92416381835938,-8.581076622009277,-1.855494499206543,76.43007514942302,804923290,1720697911
4.0,0,-1.1133207082748413,3.6703672409057617,19.1275691986084,-0.3496783673763275,0.07350436598062515,0.44608625769615173,-78.19316101074219,-8.405952453613281,-1.3494505882263184,78.65526989588379,817923290,1720697911
4.0,0,4.58496618270874,2.7988643646240234,1.6831494569778442,-0.4990839958190918,0.037817467004060745,0.3233126699924469,-76.97139739990234,-8.931324005126953,-2.192857265472412,77.5188569908315,829923290,1720697911
4.0,0,22.220924377441406,5.585757732391357,-3.4237606525421143,-0.1470087319612503,-0.028496257960796356,0.32624223828315735,-77.14593505859375,-7.355208396911621,-2.0241758823394775,77.52220117249902,842923290,1720697911
4.0,0,14.829912185668945,0.9840319752693176,-2.9066052436828613,-0.06098731979727745,0.16298793256282806,0.22370894253253937,-76.97139739990234,-7.180084228515625,-1.518131971359253,77.32046528510247,854923290,1720697911
4.0,0,2.573806047439575,8.671930313110352,8.154775619506836,0.07590124756097794,0.12064303457736969,0.2732445001602173,-76.62232208251953,-7.880580425262451,-0.5060439705848694,77.02817581675264,867923290,1720697911
4.0,0,8.063794136047363,1.4221774339675903,6.03826904296875,-0.024235136806964874,0.020240332931280136,-0.019441373646259308,-76.62232208251953,-7.880580425262451,-0.5060439705848694,77.02817581675264,879560272,1720697911
4.0,0,7.307215213775635,2.422969102859497,5.841940879821777,0.07536860555410385,-0.02157193422317505,0.07670021057128906,-77.14593505859375,-7.355208396911621,-1.0120879411697388,77.50237872883274,892560272,1720697911
4.0,0,8.73418140411377,1.278523325920105,5.047054290771484,0.03648586571216583,0.004793763160705566,-0.017843451350927353,-75.22601318359375,-6.829836368560791,-0.1686813235282898,75.53560867371391,904560272,1720697911
4.0,0,9.210634231567383,0.1604139655828476,4.359908103942871,0.061519961804151535,0.01145176775753498,0.0143812894821167,-76.62232208251953,-6.829836368560791,0.1686813235282898,76.9262982310184,917560272,1720697911
4.0,0,6.8475213050842285,2.5642292499542236,6.138826847076416,0.10359854996204376,0.038882747292518616,-0.017310811206698418,-76.97139739990234,-6.479588031768799,-1.1807692050933838,77.25267176396446,929560272,1720697911
4.0,0,7.89619779586792,3.4692511558532715,21.32308578491211,0.11451767385005951,0.23809023201465607,0.27936986088752747,-75.74962615966797,-7.705456256866455,-0.3373626470565796,76.14127483179911,942560272,1720697911
4.0,0,-14.233746528625488,0.7134829759597778,33.40441131591797,-0.8205324411392212,0.1288989633321762,0.22690477967262268,-76.97139739990234,-8.230828285217285,-2.192857265472412,77.44127565414429,954560272,1720697911
4.0,0,-7.01511812210083,10.874629974365234,22.00783920288086,-1.2413182258605957,0.3576679825782776,0.6229228973388672,-77.14593505859375,-8.756199836730957,-2.3615384101867676,77.67717293586526,967560272,1720697911
4.0,0,26.664630889892578,-0.45490527153015137,17.949604034423828,-1.4445207118988037,0.2964143455028534,0.31798627972602844,-78.01862335205078,-5.078596115112305,-3.8796703815460205,78.27994360319279,979560272,1720697911
4.0,0,-0.07182714343070984,0.6967233419418335,3.9050025939941406,-1.6370701789855957,0.6450274586677551,0.7227929830551147,-73.82970428466797,-2.9771080017089844,-3.2049450874328613,73.95917846913133,992560272,1720697911
4.0,0,24.888105392456055,5.995172023773193,7.5466389656066895,-1.4210844039916992,0.596823513507843,0.47191932797431946,-73.82970428466797,-2.9771080017089844,-3.2049450874328613,73.95917846913133,4560272,1720697912
4.0,0,6.033480644226074,0.9217816591262817,1.9058135747909546,-1.4589018821716309,0.8532898426055908,0.7172002196311951,-75.22601318359375,-4.3780999183654785,-2.530219793319702,75.3957746203056,17560272,1720697912
4.0,0,7.84352445602417,7.0318779945373535,11.319958686828613,-1.3441178798675537,0.7387721538543701,0.6466253399848938,-74.87693786621094,-6.829836368560791,-3.8796703815460205,75.28780997818421,29560272,1720697912
4.0,0,8.863470077514648,3.7828965187072754,6.519510746002197,-1.3997787237167358,0.7883077263832092,0.6026825308799744,-77.14593505859375,-3.8527281284332275,-4.385714530944824,77.3664869439173,42560272,1720697912
4.0,0,6.979204177856445,1.9704581499099731,3.5219244956970215,-1.3025718927383423,0.840772807598114,0.4972197711467743,-77.49501037597656,-3.5024800300598145,-2.6989011764526367,77.62105427713502,55560272,1720697912
4.0,0,10.594503402709961,1.1731767654418945,5.738989353179932,-1.22161066532135,0.8655405044555664,0.5337056517601013,-75.22601318359375,-0.5253720283508301,-6.241209030151367,75.48630183963469,67560272,1720697912
4.0,0,3.8259928226470947,1.3072539567947388,7.326368808746338,-1.189119577407837,0.8849819302558899,0.46765822172164917,-75.22601318359375,-0.5253720283508301,-6.241209030151367,75.48630183963469,80560272,1720697912
4.0,0,4.122878074645996,1.3192253112792969,6.445289134979248,-1.1907174587249756,0.9608831405639648,0.42424800992012024,-75.74962615966797,-2.4517359733581543,-5.060439586639404,75.95804711432844,92560272,1720697912
4.0,0,8.717421531677246,4.75495719909668,7.996756076812744,-1.1560957431793213,0.8948357701301575,0.466592937707901,-75.57508850097656,-0.8756200075149536,-4.891758441925049,75.73829951208401,105560272,1720697912
4.0,0,7.328763008117676,1.573014497756958,4.956072807312012,-1.1555631160736084,0.9885805249214172,0.4085351228713989,-78.36770629882812,0.8756200075149536,-7.253296852111816,78.70752452060604,117560272,1720697912
4.0,0,9.576952934265137,0.859531581401825,7.79085111618042,-1.065014362335205,0.9560893774032593,0.4354335069656372,-76.09870147705078,1.4009920358657837,-8.09670352935791,76.54104619888709,130560272,1720697912
4.0,0,6.6440110206604,4.429340839385986,8.327159881591797,-1.0152125358581543,0.9957711100578308,0.40880143642425537,-76.09870147705078,1.4009920358657837,-8.09670352935791,76.54104619888709,142560272,1720697912
4.0,0,1.5514663457870483,1.132474660873413,6.043057441711426,-0.9971027374267578,1.062617540359497,0.3419550955295563,-73.82970428466797,2.9771080017089844,-8.602747917175293,74.38881420308985,155560272,1720697912
4.0,0,6.852309703826904,-0.2729431688785553,7.271301746368408,-0.9771286845207214,1.0255990028381348,0.3297043740749359,-75.05147552490234,2.1014881134033203,-7.421977996826172,75.44684213498377,167560272,1720697912
4.0,0,9.126835823059082,-2.044679641723633,7.481994152069092,-0.9385122656822205,1.0506330728530884,0.32171475887298584,-75.57508850097656,2.6268601417541504,-7.928022384643555,76.03517564302844,180560272,1720697912
4.0,0,9.126835823059082,-2.044679641723633,7.481994152069092,-0.8807207942008972,1.0804609060287476,0.3009417951107025,-76.62232208251953,3.3273561000823975,-8.602747917175293,77.17550655266591,192560272,1720697912
4.0,0,11.65275764465332,1.8291980028152466,10.422119140625,-0.8402401804924011,1.0663459300994873,0.3107956349849701,-74.70240020751953,3.1522321701049805,-8.771429061889648,75.28162546203703,205560272,1720697912
4.0,0,6.327971458435059,-0.814041018486023,6.055028438568115,-0.8199998140335083,1.1632864475250244,0.2569989860057831,-73.65516662597656,4.202976226806641,-8.771429061889648,74.29459299068294,217560272,1720697912
4.0,0,8.078160285949707,-1.6304762363433838,7.067790985107422,-0.8136081099510193,1.1342575550079346,0.25353679060935974,-75.40055084228516,5.253720283508301,-8.434065818786621,76.052469456113,230560272,1720697912
4.0,0,6.440500736236572,1.6951206922531128,7.860283851623535,-0.7179992198944092,1.137719750404358,0.2721792161464691,-73.48062896728516,5.078596115112305,-9.614835739135742,74.28081877725111,242560272,1720697912
4.0,0,1.4987930059432983,2.267343759536743,5.501959800720215,-0.6468916535377502,1.2405192852020264,0.22237734496593475,-75.05147552490234,6.304464340209961,-10.458242416381836,76.03844477316592,255560272,1720697912
4.0,0,7.400590419769287,0.5051842927932739,9.332740783691406,-0.6285156011581421,1.1821951866149902,0.21678462624549866,-73.30609130859375,5.603968143463135,-9.44615364074707,74.12433676264114,267560272,1720697912
4.0,0,8.145198822021484,-1.4054179191589355,9.823558807373047,-0.6349073052406311,1.1518347263336182,0.2207794189453125,-73.30609130859375,5.603968143463135,-9.44615364074707,74.12433676264114,280560272,1720697912
4.0,0,-0.011971191503107548,3.4764339923858643,4.922553539276123,-0.5448910593986511,1.2836631536483765,0.19175052642822266,-74.17878723144531,6.829836368560791,-10.626923561096191,75.24673178499337,292560272,1720697912
4.0,0,7.771697521209717,-0.4788476526737213,8.679113388061523,-0.4990839958190918,1.2248064279556274,0.1776355504989624,-73.30609130859375,5.954216003417969,-10.458242416381836,74.28735118173921,305560272,1720697912
4.0,0,7.142012596130371,-1.8746886253356934,9.471606254577637,-0.5147969126701355,1.1979080438613892,0.18296195566654205,-73.48062896728516,6.129340171813965,-11.30164909362793,74.59690956470743,317560272,1720697912
4.0,0,-0.03830781206488609,4.862698078155518,4.64961051940918,-0.4407598674297333,1.2804673910140991,0.136355921626091,-72.78247833251953,5.078596115112305,-12.313736915588379,73.9912792668868,330560272,1720697912
4.0,0,4.972832679748535,-0.6129249930381775,8.700661659240723,-0.3984149992465973,1.2351930141448975,0.13209480047225952,-72.78247833251953,5.078596115112305,-12.313736915588379,73.9912792668868,342560272,1720697912
4.0,0,8.200265884399414,-2.9808266162872314,9.699058532714844,-0.36432600021362305,1.1981743574142456,0.1326274424791336,-73.65516662597656,6.304464340209961,-13.494505882263184,75.1460679631595,355560272,1720697912
4.0,0,5.10690975189209,-4.774110794067383,7.17553186416626,-0.36672288179397583,1.2274696826934814,0.08176029473543167,-70.51348114013672,8.756199836730957,-12.482418060302734,72.1431411758135,367560272,1720697912
4.0,0,6.833155632019043,-1.197119116783142,10.42451286315918,-0.29801228642463684,1.1782004833221436,0.10652806609869003,-72.25886535644531,8.756199836730957,-13.157143592834473,73.96705405587088,380560272,1720697912
4.0,0,4.043868541717529,0.8930508494377136,7.711841106414795,-0.22344262897968292,1.2514383792877197,0.07110748440027237,-71.90978240966797,9.806943893432617,-13.157143592834473,73.75841228129299,392560272,1720697912
4.0,0,6.074182510375977,-1.467668056488037,7.984784126281738,-0.1850925236940384,1.2248064279556274,0.06098731979727745,-72.95701599121094,9.456696510314941,-15.85604476928711,75.25669038002965,405560272,1720697912
4.0,0,10.091714859008789,-3.9816181659698486,11.523468017578125,-0.16778171062469482,1.1667487621307373,0.07483596354722977,-71.73524475097656,8.581076622009277,-15.687362670898438,73.93019385233345,417560272,1720697912
4.0,0,0.7110887169837952,0.8547430038452148,6.157980918884277,-0.10919126868247986,1.2495741844177246,0.02370249480009079,-69.29170989990234,10.682564735412598,-13.663187026977539,71.42927222023665,430560272,1720697912
4.0,0,2.272132158279419,2.248189687728882,7.213839530944824,-0.027164656668901443,1.2578301429748535,0.01864241249859333,-70.1644058227539,10.15719223022461,-15.85604476928711,72.64727492609393,442560272,1720697912
4.0,0,7.537062168121338,-3.7517714500427246,11.03983211517334,-0.039681706577539444,1.1843258142471313,0.049002911895513535,-69.46624755859375,10.15719223022461,-15.85604476928711,71.97320515024467,455560272,1720697912
4.0,0,3.7589540481567383,-1.27373468875885,8.578556060791016,0.000532640318851918,1.1933807134628296,-0.0098538463935256,-69.29170989990234,10.332316398620605,-16.699451446533203,72.02061858682241,467560272,1720697912
4.0,0,5.9185566902160645,-0.050279002636671066,9.61526107788086,0.043676506727933884,1.1819288730621338,0.018376091495156288,-69.29170989990234,10.332316398620605,-16.699451446533203,72.02061858682241,480560272,1720697912
4.0,0,8.262516021728516,-1.5682260990142822,11.777257919311523,0.10226695239543915,1.1430461406707764,0.021039292216300964,-70.1644058227539,8.405952453613281,-17.880220413208008,72.8931146483494,492560272,1720697912
4.0,0,4.185128211975098,-3.6512134075164795,7.575369834899902,0.1344916969537735,1.1947122812271118,-0.06072099879384041,-69.29170989990234,9.631820678710938,-16.699451446533203,71.92346424536424,505560272,1720697912
4.0,0,3.536289930343628,-1.3192253112792969,8.31040096282959,0.1494056135416031,1.1449103355407715,-0.03595322370529175,-67.19725036621094,8.230828285217285,-20.41044044494629,70.70928560094967,517560272,1720697912
4.0,0,4.661581516265869,0.6919348239898682,10.074954986572266,0.22157837450504303,1.1212078332901,-0.03195841982960701,-67.19725036621094,8.931324005126953,-18.04890251159668,70.1498530799382,530560272,1720697912
4.0,0,1.328802227973938,-1.3264079093933105,6.100518703460693,0.2775056064128876,1.1638190746307373,-0.08788565546274185,-67.19725036621094,8.931324005126953,-18.04890251159668,70.1498530799382,543560272,1720697912
4.0,0,7.656774044036865,-5.410978317260742,11.047015190124512,0.26285800337791443,1.0642154216766357,-0.07057484239339828,-66.1500244140625,8.931324005126953,-18.38626480102539,69.23618282227181,555560272,1720697912
4.0,0,5.097332954406738,-2.6671812534332275,10.881813049316406,0.2950827479362488,1.0607532262802124,-0.052198752760887146,-67.37178802490234,8.405952453613281,-18.89230728149414,70.47366268857593,568560272,1720697912
4.0,0,1.393446683883667,6.689501762390137,7.9584479331970215,0.41066569089889526,1.119343638420105,-0.1395517736673355,-65.27732849121094,9.806943893432617,-19.904396057128906,68.94556364174161,580560272,1720697912
4.0,0,5.102121353149414,-4.233013153076172,9.59610652923584,0.3720493018627167,0.9949721693992615,-0.08362453430891037,-65.27732849121094,11.908432006835938,-21.928571701049805,69.88420869308729,593560272,1720697912
4.0,0,3.9026083946228027,-3.016740322113037,9.11725902557373,0.4194542467594147,1.003494381904602,-0.1238388791680336,-66.3245620727539,8.756199836730957,-21.928571701049805,70.40227856093463,605560272,1720697912
4.0,0,2.3918440341949463,-0.6608097553253174,7.862678050994873,0.45008108019828796,0.9779276847839355,-0.1395517736673355,-66.3245620727539,8.756199836730957,-21.928571701049805,70.40227856093463,618560272,1720697912
4.0,0,3.4453089237213135,-1.9656695127487183,11.07095718383789,0.5025461316108704,0.9339848160743713,-0.1581941843032837,-63.18286895751953,10.857687950134277,-21.928571701049805,67.75563868914276,630560272,1720697912
4.0,0,1.4772449731826782,1.1061381101608276,8.037457466125488,0.5515490770339966,0.968073844909668,-0.13768751919269562,-64.4046401977539,8.581076622009277,-22.097253799438477,68.62857408158595,643560272,1720697912
4.0,0,1.7621593475341797,-2.5187387466430664,7.704658508300781,0.5307760834693909,0.9227993488311768,-0.16964595019817352,-64.2301025390625,9.456696510314941,-23.615385055541992,69.08416310840134,655560272,1720697912
4.0,0,4.728620529174805,-2.008765935897827,10.884206771850586,0.5864369869232178,0.8559530377388,-0.14807401597499847,-62.83379364013672,9.456696510314941,-22.265933990478516,67.32968549286292,668560272,1720697912
4.0,0,0.8475603461265564,0.8403776288032532,8.389410972595215,0.6428968906402588,0.8588825464248657,-0.17364074289798737,-63.706485748291016,7.880580425262451,-22.7719783782959,68.11154728456704,680560272,1720697912
4.0,0,1.8938424587249756,-1.2473981380462646,9.385414123535156,0.6247870922088623,0.8184019327163696,-0.18961995840072632,-63.53194808959961,9.806943893432617,-23.615385055541992,68.48482304795735,693560272,1720697912
4.0,0,1.8938424587249756,-1.2473981380462646,9.385414123535156,0.6247870922088623,0.8184019327163696,-0.18961995840072632,-62.484718322753906,8.405952453613281,-23.952747344970703,67.4443041768414,705560272,1720697912
4.0,0,0.852348804473877,2.0039772987365723,7.1013102531433105,0.7249234914779663,0.7659368515014648,-0.20559915900230408,-62.13563919067383,5.954216003417969,-24.627473831176758,67.10292700884408,718560272,1720697912
4.0,0,2.7437968254089355,-0.3112509846687317,9.150778770446777,0.7337120771408081,0.7193307876586914,-0.21784991025924683,-63.18286895751953,5.954216003417969,-23.615385055541992,67.71420847384957,730560272,1720697912
4.0,0,3.9624643325805664,-1.9225733280181885,10.563379287719727,0.7350436449050903,0.6724584102630615,-0.21305613219738007,-62.83379364013672,7.705456256866455,-23.27802276611328,67.44869178299498,743560272,1720697912
4.0,0,1.6448416709899902,1.4533026218414307,8.987970352172852,0.7821823358535767,0.6655341386795044,-0.21731725335121155,-62.310176849365234,6.479588031768799,-24.796154022216797,67.3750135759104,755560272,1720697912
4.0,0,1.2186672687530518,-3.4117894172668457,10.323955535888672,0.7646052241325378,0.6088079214096069,-0.211458221077919,-63.18286895751953,6.304464340209961,-24.627473831176758,68.10531306458667,768560272,1720697912
4.0,0,3.565020799636841,-2.5211329460144043,11.456430435180664,0.7941667437553406,0.5512827634811401,-0.20613181591033936,-60.73933410644531,5.954216003417969,-24.627473831176758,65.81209511339877,780560272,1720697912
4.0,0,0.39026084542274475,-0.7924928665161133,7.912957668304443,0.8437022566795349,0.5491521954536438,-0.27058130502700806,-60.21571731567383,4.728348255157471,-25.133516311645508,65.42158306897612,793560272,1720697912
4.0,0,0.39026084542274475,-0.7924928665161133,7.912957668304443,0.8437022566795349,0.5491521954536438,-0.27058130502700806,-60.73933410644531,3.8527281284332275,-25.63956069946289,66.04163303998057,805560272,1720697912
4.0,0,2.2625551223754883,-2.422969102859497,10.381417274475098,0.8647415637969971,0.44874951243400574,-0.24661247432231903,-60.73933410644531,3.8527281284332275,-25.63956069946289,66.04163303998057,818560272,1720697912
4.0,0,0.06225019320845604,-0.9409356117248535,8.090130805969238,0.8857808709144592,0.4420914947986603,-0.26285800337791443,-60.564796447753906,5.078596115112305,-25.808242797851562,66.02993339063092,830560272,1720697912
4.0,0,2.808441638946533,-1.6208992004394531,10.656754493713379,0.8759270310401917,0.36672288179397583,-0.2439492791891098,-58.81941223144531,2.2766120433807373,-27.49505615234375,64.96833328991363,843560272,1720697912
4.0,0,2.396632432937622,1.3695042133331299,8.887412071228027,0.9595515727996826,0.3459499180316925,-0.28682681918144226,-59.866641998291016,2.9771080017089844,-27.15769386291504,65.8059141123136,855560272,1720697912
4.0,0,0.9960030913352966,0.8691084980964661,8.387016296386719,0.9478334784507751,0.3289054334163666,-0.26791810989379883,-60.04117965698242,2.8019840717315674,-26.989011764526367,65.88779192965887,868560272,1720697912
4.0,0,3.0837788581848145,-1.2402154207229614,11.056591987609863,0.9052222371101379,0.2332964688539505,-0.24634616076946259,-60.04117965698242,1.7512400150299072,-26.314287185668945,65.5778301431371,880560272,1720697912
4.0,0,1.5514663457870483,12.337509155273438,4.048656940460205,0.8226630091667175,0.22663846611976624,-0.41199731826782227,-60.390254974365234,3.1522321701049805,-26.651649475097656,66.08502011247755,893560272,1720697912
4.0,0,5.597728729248047,-39.22719955444336,12.440461158752441,0.47005507349967957,-0.04980187490582466,-0.020240332931280136,-58.99394989013672,2.1014881134033203,-28.338462829589844,65.48107246735337,905560272,1720697912
4.0,0,-3.7852907180786133,-17.16429328918457,8.896988868713379,0.236492320895195,0.10972391068935394,0.02370249480009079,-60.564796447753906,0.17512400448322296,-26.145605087280273,65.96755189147788,918560272,1720697912
4.0,0,9.459635734558105,12.689462661743164,11.829930305480957,0.23116591572761536,-0.006125363986939192,0.30813243985176086,-59.866641998291016,-1.2258679866790771,-27.49505615234375,65.89002723700182,930560272,1720697912
4.0,0,-1.652024269104004,-3.045470952987671,9.418932914733887,0.11851247400045395,0.08841829746961594,0.010386486537754536,-59.69210433959961,-0.3502480089664459,-25.9769229888916,65.10046483803504,943560272,1720697912
4.0,0,-1.702303409576416,4.3311767578125,6.316000461578369,0.006924324203282595,0.06551475822925568,0.050068192183971405,-60.390254974365234,0.0,-27.66373634338379,66.42488392421245,955560272,1720697912
4.0,0,-1.5969569683074951,0.5674344897270203,7.628042697906494,-0.07030852884054184,-0.08655405789613724,-0.033556342124938965,-59.5175666809082,-0.17512400448322296,-23.784067153930664,64.09409693892242,968560272,1720697912
4.0,0,2.0039772987365723,-2.4133920669555664,11.964008331298828,-0.022370893508195877,-0.06844428181648254,-0.06072099879384041,-60.91387176513672,0.8756200075149536,-25.47088050842285,66.0305401893051,980560272,1720697912
4.0,0,1.8770828247070312,0.9960030913352966,11.58092975616455,0.037817467004060745,0.01864241249859333,-0.005060083232820034,-60.73933410644531,2.1014881134033203,-26.651649475097656,66.36259021262386,993560272,1720697912
4.0,0,1.8363807201385498,0.25139501690864563,11.533045768737793,0.027164656668901443,0.021305613219738007,-0.013316008262336254,-60.390254974365234,1.0507440567016602,-26.314287185668945,65.8826886900603,5560272,1720697913
4.0,0,-1.094166874885559,0.7302426099777222,8.624046325683594,0.052198752760887146,0.044741787016391754,-0.021305613219738007,-60.390254974365234,1.0507440567016602,-26.314287185668945,65.8826886900603,18560272,1720697913
4.0,0,-0.859531581401825,0.002394238254055381,8.384622573852539,0.061519961804151535,-0.000532640318851918,-0.017044490203261375,-58.99394989013672,0.3502480089664459,-28.001100540161133,65.3029128658742,30560272,1720697913
4.0,0,0.21308720111846924,-0.23942382633686066,10.304800987243652,0.058324117213487625,-0.015180249698460102,-0.005060083232820034,-59.34302520751953,0.7004960179328918,-26.989011764526367,65.19579811212668,43560272,1720697913
4.0,0,1.5418894290924072,0.3375875949859619,10.422119140625,0.06365051865577698,0.000266320159425959,-0.006924324203282595,-58.644874572753906,-1.0507440567016602,-26.651649475097656,64.42542818228067,55560272,1720697913
4.0,0,0.9122047424316406,-0.17477938532829285,10.580138206481934,0.06871060281991959,0.031425777822732925,-0.015712888911366463,-61.088409423828125,0.0,-25.9769229888916,66.38218355781962,68560272,1720697913
4.0,0,-0.06703867018222809,-0.3663184642791748,9.406962394714355,0.06231892108917236,0.031425777822732925,0.006125363986939192,-60.390254974365234,2.1014881134033203,-26.314287185668945,65.90782091868522,81560272,1720697913
4.0,0,-2.135660409927368,6.732597827911377,3.7828965187072754,-0.0806950107216835,0.03435530140995979,-0.19867484271526337,-60.390254974365234,2.1014881134033203,-26.314287185668945,65.90782091868522,93560272,1720697913
4.0,0,3.972041130065918,-39.22719955444336,10.412542343139648,-0.47245198488235474,-0.2239752560853958,0.08735301345586777,-59.5175666809082,0.17512400448322296,-27.49505615234375,65.5617992801741,106560272,1720697913
4.0,0,-1.8603230714797974,-33.50018310546875,10.781254768371582,-0.6610066294670105,-0.1400844007730484,0.1763039529323578,-60.73933410644531,2.1014881134033203,-25.63956069946289,65.96264119065131,118560272,1720697913
4.0,0,12.177095413208008,20.635940551757812,12.071749687194824,-0.3597985506057739,-0.24847672879695892,0.6471579670906067,-60.21571731567383,1.9263640642166138,-27.49505615234375,66.2240258755807,131560272,1720697913
4.0,0,0.2920970618724823,-8.31279468536377,10.886601448059082,-0.7065474390983582,-0.14354658126831055,0.16804802417755127,-60.73933410644531,1.7512400150299072,-28.001100540161133,66.90586805912352,143560272,1720697913
4.0,0,-0.35434725880622864,-6.143615245819092,7.558609962463379,-0.8359790444374084,-0.22530686855316162,0.24101975560188293,-60.73933410644531,1.7512400150299072,-28.001100540161133,66.90586805912352,156560272,1720697913
4.0,0,-2.552257776260376,2.478036403656006,4.877063274383545,-0.7598114609718323,-0.367788165807724,0.18109771609306335,-60.91387176513672,3.6776041984558105,-26.482967376708984,66.52347034795955,168560272,1720697913
4.0,0,0.8906566500663757,4.745380401611328,7.57776403427124,-0.6697952747344971,-0.42424800992012024,0.1414160132408142,-60.564796447753906,4.728348255157471,-26.820329666137695,66.40618893883476,181560272,1720697913
4.0,0,2.6169025897979736,-1.675966739654541,11.590506553649902,-0.7102758884429932,-0.44608625769615173,0.236492320895195,-60.21571731567383,4.0278520584106445,-27.49505615234375,66.31843120027885,193560272,1720697913
4.0,0,3.327991247177124,-6.96244478225708,13.915312767028809,-0.7379732131958008,-0.41625842452049255,0.23063325881958008,-59.866641998291016,4.0278520584106445,-26.145605087280273,65.4509822824379,206560272,1720697913
4.0,0,-0.016759667545557022,3.0071632862091064,7.810005187988281,-0.6378368139266968,-0.41119831800460815,0.1914842128753662,-60.73933410644531,4.903471946716309,-25.9769229888916,66.24282053775661,218560272,1720697913
4.0,0,-0.02633661963045597,2.171574115753174,7.254541397094727,-0.6159985661506653,-0.4745825529098511,0.1794998049736023,-60.21571731567383,5.779092311859131,-25.133516311645508,65.50590936684935,231560272,1720697913
4.0,0,0.8188294768333435,1.1300804615020752,9.258519172668457,-0.601883590221405,-0.5305097699165344,0.19254949688911438,-61.96110153198242,6.479588031768799,-26.482967376708984,67.69424440226737,243560272,1720697913
4.0,0,2.221853017807007,0.3184336721897125,9.493154525756836,-0.6237218379974365,-0.5715230703353882,0.20986029505729675,-60.390254974365234,6.654712200164795,-25.63956069946289,65.94433382177205,256560272,1720697913
4.0,0,3.4213664531707764,-5.899403095245361,11.712613105773926,-0.6125363707542419,-0.5848391056060791,0.16964595019817352,-62.83379364013672,5.954216003417969,-25.30219841003418,67.9980849422054,268560272,1720697913
4.0,0,2.296074390411377,-1.1516284942626953,9.823558807373047,-0.5472879409790039,-0.5760505199432373,0.1914842128753662,-63.008331298828125,6.129340171813965,-25.133516311645508,68.11249713666683,281560272,1720697913
4.0,0,0.4142032265663147,0.002394238254055381,8.537853240966797,-0.4982850253582001,-0.6026825308799744,0.18562515079975128,-63.008331298828125,6.129340171813965,-25.133516311645508,68.11249713666683,293560272,1720697913
4.0,0,1.534706711769104,5.877854824066162,6.9001946449279785,-0.43623244762420654,-0.6546149849891663,0.14913929998874664,-61.61202621459961,8.931324005126953,-24.458791732788086,66.88828608793149,306560272,1720697913
4.0,0,2.394238233566284,1.7549766302108765,9.035855293273926,-0.46765822172164917,-0.6791164875030518,0.15526466071605682,-63.18286895751953,7.705456256866455,-22.265933990478516,67.4330838854187,318560272,1720697913
4.0,0,4.350330829620361,-3.5243186950683594,11.159544944763184,-0.480175256729126,-0.7289183139801025,0.1600584238767624,-61.26294708251953,9.281572341918945,-23.784067153930664,66.37000919659833,331560272,1720697913
4.0,0,2.5642292499542236,-5.238593578338623,9.433298110961914,-0.4495484530925751,-0.7243908643722534,0.12836632132530212,-63.53194808959961,8.405952453613281,-23.952747344970703,68.4156602692979,343560272,1720697913
4.0,0,2.4876136779785156,-6.4931745529174805,9.904963493347168,-0.4708540737628937,-0.777921199798584,0.13582327961921692,-63.53194808959961,8.405952453613281,-23.952747344970703,68.4156602692979,356560272,1720697913
4.0,0,1.3359850645065308,-2.813230037689209,9.883415222167969,-0.4207858741283417,-0.7946993708610535,0.1275673657655716,-62.65925598144531,9.982068061828613,-22.7719783782959,67.41206896543707,368560272,1720697913
4.0,0,2.50437331199646,-2.425363302230835,9.507519721984863,-0.3797725737094879,-0.8090806603431702,0.12596943974494934,-64.75371551513672,8.230828285217285,-23.784067153930664,69.47281524206915,381560272,1720697913
4.0,0,4.5418701171875,0.7517908215522766,10.850687980651855,-0.31479042768478394,-0.8301199674606323,0.14461186528205872,-63.008331298828125,9.281572341918945,-22.434616088867188,67.52413936701464,393560272,1720697913
4.0,0,3.2609524726867676,1.625687837600708,9.632019996643066,-0.2751087248325348,-0.8327831625938416,0.11531662940979004,-65.62640380859375,10.507440567016602,-20.916484832763672,69.67589627609556,406560272,1720697913
4.0,0,1.9656695127487183,0.2753373980522156,8.169140815734863,-0.26685282588005066,-0.8399738669395447,0.08868461847305298,-64.75371551513672,9.982068061828613,-22.097253799438477,69.14458750533576,418560272,1720697913
4.0,0,2.164391279220581,-2.944913148880005,7.309609413146973,-0.262591689825058,-0.8583499193191528,0.07084116339683533,-64.75371551513672,9.281572341918945,-21.759891510009766,68.93971378444306,431560272,1720697913
4.0,0,1.7861016988754272,-3.3878471851348877,7.793245315551758,-0.28922373056411743,-0.9214677810668945,0.08202660828828812,-64.92825317382812,9.456696510314941,-22.265933990478516,69.2883755442518,443560272,1720697913
4.0,0,3.2825005054473877,-3.5171360969543457,9.672721862792969,-0.2332964688539505,-0.9576873183250427,0.08974990248680115,-66.1500244140625,9.631820678710938,-21.422527313232422,70.19631312294185,456560272,1720697913
4.0,0,4.094147682189941,-5.66716194152832,10.34789752960205,-0.2050665318965912,-0.981922447681427,0.050068192183971405,-66.67363739013672,9.10644817352295,-19.904396057128906,70.17468420710951,468560272,1720697913
4.0,0,5.916162490844727,0.29688555002212524,11.025466918945312,-0.13742120563983917,-0.989645779132843,0.09374470263719559,-67.02271270751953,10.507440567016602,-19.229671478271484,70.51404534634455,481560272,1720697913
4.0,0,3.275317907333374,3.1149041652679443,9.0621919631958,-0.044741787016391754,-0.9449039697647095,0.04607338830828667,-67.02271270751953,10.507440567016602,-19.229671478271484,70.51404534634455,493560272,1720697913
4.0,0,1.0606476068496704,7.012723922729492,6.768511772155762,-0.003994802478700876,-0.9270604848861694,0.05060083419084549,-67.89540100097656,10.332316398620605,-18.7236270904541,71.18368106994046,506560272,1720697913
4.0,0,0.33519336581230164,2.375084400177002,6.586549282073975,-0.02290353551506996,-0.9590189456939697,0.0375511460006237,-67.19725036621094,9.631820678710938,-19.060989379882812,70.50931670712804,518560272,1720697913
4.0,0,2.317622661590576,-5.140429496765137,7.2066569328308105,-0.030360499396920204,-1.0082881450653076,-0.0098538463935256,-68.76809692382812,9.806943893432617,-18.89230728149414,71.98712785958578,531560272,1720697913
4.0,0,5.899403095245361,-5.746171951293945,10.074954986572266,0.008522245101630688,-1.0423771142959595,0.04873659089207649,-67.37178802490234,10.15719223022461,-18.89230728149414,70.7039295237012,543560272,1720697913
4.0,0,8.173929214477539,-9.99833869934082,11.853874206542969,-0.051133476197719574,-1.0900484323501587,0.029295219108462334,-67.37178802490234,10.15719223022461,-18.89230728149414,70.7039295237012,556560272,1720697913
4.0,0,9.450058937072754,-5.4301323890686035,12.246528625488281,0.026099376380443573,-1.0953748226165771,0.02290353551506996,-69.29170989990234,9.631820678710938,-16.362089157104492,71.84588361224395,569560272,1720697913
4.0,0,2.990403413772583,-0.3399818241596222,8.221814155578613,0.10919126868247986,-1.0639491081237793,-0.010386486537754536,-68.59355926513672,9.982068061828613,-17.374176025390625,71.46033898612615,581560272,1720697913
4.0,0,-0.18435634672641754,6.148403644561768,6.849915504455566,0.20559915900230408,-1.0314580202102661,0.006391684524714947,-69.29170989990234,8.581076622009277,-15.012638092041016,71.41677141489679,594560272,1720697913
4.0,0,-0.38068386912345886,6.440500736236572,6.497962951660156,0.2700486481189728,-0.9912436604499817,-0.036752182990312576,-69.11717224121094,10.857687950134277,-16.868131637573242,71.96948486119801,606560272,1720697913
4.0,0,0.8188294768333435,2.4086036682128906,6.888223648071289,0.23303015530109406,-1.0469045639038086,-0.046872351318597794,-69.11717224121094,8.756199836730957,-15.181319236755371,71.30446681639422,619560272,1720697913
4.0,0,7.850707054138184,-2.264949321746826,9.205845832824707,0.2495419979095459,-1.0703407526016235,-0.054062992334365845,-69.11717224121094,8.756199836730957,-15.181319236755371,71.30446681639422,631560272,1720697913
4.0,0,9.493154525756836,-8.159564018249512,10.594503402709961,0.22504054009914398,-1.139850378036499,-0.04607338830828667,-71.03709411621094,10.332316398620605,-15.012638092041016,73.3376083951421,644560272,1720697913
4.0,0,6.519510746002197,-6.44289493560791,8.856287002563477,0.28922373056411743,-1.1297301054000854,-0.07643388956785202,-71.03709411621094,7.880580425262451,-15.687362670898438,73.17421428264699,656560272,1720697913
4.0,0,8.243362426757812,-5.21225643157959,10.493946075439453,0.2996101677417755,-1.1406493186950684,-0.09054885804653168,-72.43340301513672,8.931324005126953,-13.663187026977539,74.24990976810639,669560272,1720697913
4.0,0,3.8882429599761963,-1.441331386566162,7.221022129058838,0.3491457402706146,-1.1089571714401245,-0.10200062394142151,-70.86255645751953,8.405952453613281,-14.506593704223633,72.81897558498726,681560272,1720697913
4.0,0,2.4636712074279785,3.4165778160095215,7.091733455657959,0.46632662415504456,-1.0562257766723633,-0.1182461604475975,-69.81532287597656,8.405952453613281,-13.157143592834473,71.53984744498501,694560272,1720697913
4.0,0,2.1021411418914795,2.911393642425537,7.082156658172607,0.47564783692359924,-1.0652806758880615,-0.13182848691940308,-71.38616943359375,9.281572341918945,-13.663187026977539,73.27220108113443,706560272,1720697913
4.0,0,-0.5530690550804138,5.300843238830566,5.937710762023926,0.5291782021522522,-1.0173430442810059,-0.12969791889190674,-72.43340301513672,6.829836368560791,-14.675274848937988,74.21999884846674,719560272,1720697913
4.0,0,2.0255255699157715,-0.7517908215522766,7.247358798980713,0.5448910593986511,-1.0407792329788208,-0.1344916969537735,-73.30609130859375,9.10644817352295,-13.831868171691895,75.15338314673537,731560272,1720697913
4.0,0,5.554632663726807,-4.441311836242676,7.69508171081543,0.537966787815094,-1.068210244178772,-0.15606361627578735,-73.48062896728516,6.829836368560791,-13.663187026977539,75.05153015084575,744560272,1720697913
4.0,0,8.667141914367676,-4.778899669647217,9.167537689208984,0.5630008578300476,-1.1206752061843872,-0.16911330819129944,-73.48062896728516,5.779092311859131,-12.65109920501709,74.78536656640789,756560272,1720697913
4.0,0,14.485140800476074,-5.573786735534668,11.6551513671875,0.5760505199432373,-1.16062331199646,-0.14487817883491516,-73.48062896728516,6.129340171813965,-9.952198028564453,74.40442117219514,769560272,1720697913
4.0,0,11.760499000549316,-1.0654360055923462,10.244945526123047,0.65062016248703,-1.1044297218322754,-0.19654428958892822,-73.13155364990234,6.829836368560791,-12.65109920501709,74.53134317295674,781560272,1720697913
4.0,0,4.692707061767578,2.1500258445739746,7.316792011260986,0.685508131980896,-1.0519646406173706,-0.20027276873588562,-72.95701599121094,8.405952453613281,-10.458242416381836,74.18059755376754,794560272,1720697913
4.0,0,1.9058135747909546,3.5482609272003174,5.72222900390625,0.743033230304718,-1.006690263748169,-0.23622599244117737,-74.52786254882812,5.428843975067139,-12.313736915588379,75.7331021405367,806560272,1720697913
4.0,0,-0.806858241558075,1.7813133001327515,5.073390483856201,0.7739263772964478,-0.9888468384742737,-0.262591689825058,-74.35332489013672,5.253720283508301,-11.132966995239258,75.36551899345388,819560272,1720697913
4.0,0,2.9233648777008057,0.7302426099777222,5.93292236328125,0.814140796661377,-1.0106850862503052,-0.26498857140541077,-74.35332489013672,5.253720283508301,-11.132966995239258,75.36551899345388,831560272,1720697913
4.0,0,9.675116539001465,-1.611322283744812,9.617654800415039,0.8210650682449341,-1.0327895879745483,-0.2471451312303543,-74.35332489013672,3.8527281284332275,-9.783516883850098,75.09312644221457,844560272,1720697913
4.0,0,12.418913841247559,-1.7741304636001587,10.663936614990234,0.8476970791816711,-1.065546989440918,-0.23729127645492554,-73.30609130859375,3.8527281284332275,-9.10879135131836,73.97024142759949,856560272,1720697913
4.0,0,11.609662055969238,-4.115695476531982,9.258519172668457,0.9041569828987122,-1.0053585767745972,-0.27191290259361267,-74.87693786621094,3.6776041984558105,-9.614835739135742,75.58125206128484,869560272,1720697913
4.0,0,7.831552982330322,-1.0007915496826172,8.06618881225586,0.8892430663108826,-0.9917762875556946,-0.30733346939086914,-75.57508850097656,4.3780999183654785,-9.952198028564453,76.35317941268323,881560272,1720697913
4.0,0,4.944101810455322,0.6488385796546936,5.554632663726807,0.9198698997497559,-0.9406428933143616,-0.327840119600296,-74.87693786621094,4.3780999183654785,-7.928022384643555,75.42265655654813,894560272,1720697913
4.0,0,2.837172269821167,1.2426096200942993,5.621671676635742,0.9715359807014465,-0.9121465682983398,-0.3150567412376404,-74.87693786621094,4.3780999183654785,-7.928022384643555,75.42265655654813,906560272,1720697913
4.0,0,4.517927646636963,0.5865883827209473,5.851518154144287,0.9907110333442688,-0.9297237396240234,-0.3632607161998749,-74.17878723144531,2.6268601417541504,-6.241209030151367,74.4872174234641,919560272,1720697913
4.0,0,8.059005737304688,1.975246548652649,7.400590419769287,1.054894208908081,-0.8913735747337341,-0.33316653966903687,-75.40055084228516,1.7512400150299072,-7.084615707397461,75.75289887939454,931560272,1720697913
4.0,0,8.784460067749023,2.1284778118133545,8.497151374816895,1.085787296295166,-0.8825850486755371,-0.3326338827610016,-74.70240020751953,3.1522321701049805,-7.084615707397461,75.10377449995548,944560272,1720697913
4.0,0,7.587340831756592,-2.9760379791259766,7.153984069824219,1.0743355751037598,-0.8863134980201721,-0.3776420056819916,-74.52786254882812,2.6268601417541504,-6.915934085845947,74.89414419419666,956560272,1720697913
4.0,0,7.678321838378906,-1.3766870498657227,8.018303871154785,1.1409156322479248,-0.8460991978645325,-0.40374138951301575,-75.74962615966797,1.4009920358657837,-8.434065818786621,76.23058512335871,969560272,1720697913
4.0,0,11.09011173248291,0.435751348733902,7.742966175079346,1.16062331199646,-0.854621410369873,-0.4146605134010315,-76.44778442382812,-1.4009920358657837,-6.072527885437012,76.70138275752313,981560272,1720697913
4.0,0,7.412561893463135,1.8722944259643555,6.768511772155762,1.1856573820114136,-0.8050858974456787,-0.42504701018333435,-77.32047271728516,-0.5253720283508301,-5.229121208190918,77.49887241503946,994560272,1720697913
4.0,0,7.319186210632324,4.529898643493652,7.357493877410889,1.2269370555877686,-0.7595451474189758,-0.4410262107849121,-74.87693786621094,-1.9263640642166138,-3.8796703815460205,75.00212360325382,6560272,1720697914
4.0,0,6.80203104019165,2.940124750137329,7.189897537231445,1.2160178422927856,-0.7326468229293823,-0.43942826986312866,-75.05147552490234,-2.8019840717315674,-5.397802352905273,75.29748577106864,19560272,1720697914
4.0,0,2.43015193939209,-0.8858681321144104,4.173157215118408,1.234660267829895,-0.6881713271141052,-0.4764467775821686,-75.05147552490234,-2.8019840717315674,-5.397802352905273,75.29748577106864,31560272,1720697914
4.0,0,5.736595153808594,-0.5267323851585388,5.281689643859863,1.2716788053512573,-0.6839101910591125,-0.5062746405601501,-74.70240020751953,0.3502480089664459,-5.735165119171143,74.92304978694044,44560272,1720697914
4.0,0,7.443686485290527,2.063833475112915,7.632831573486328,1.3044360876083374,-0.6764532327651978,-0.471653014421463,-76.62232208251953,-2.6268601417541504,-4.2170329093933105,76.78322734868992,56560272,1720697914
4.0,0,9.94566535949707,4.3718791007995605,8.564190864562988,1.3624939918518066,-0.6729910373687744,-0.5036114454269409,-75.22601318359375,-4.728348255157471,-4.2170329093933105,75.49234201744689,69560272,1720697914
4.0,0,11.841902732849121,3.2058849334716797,7.709446907043457,1.3771415948867798,-0.6194607019424438,-0.5038777589797974,-75.05147552490234,-4.903471946716309,-2.6989011764526367,75.25989691168536,82560272,1720697914
4.0,0,7.690293312072754,4.3455424308776855,6.7469635009765625,1.3845986127853394,-0.5707241296768188,-0.5291782021522522,-75.57508850097656,-4.0278520584106445,-1.1807692050933838,75.6915570592294,94560272,1720697914
4.0,0,5.075784683227539,1.8411691188812256,4.757351398468018,1.3806037902832031,-0.5182590484619141,-0.5552775859832764,-75.57508850097656,-4.0278520584106445,-1.1807692050933838,75.6915570592294,107560272,1720697914
4.0,0,3.0813846588134766,0.7972812652587891,4.314417362213135,1.3949850797653198,-0.5036114454269409,-0.6128026843070984,-77.14593505859375,-4.553224086761475,-1.686813235282898,77.29859303079037,119560272,1720697914
4.0,0,6.950473308563232,0.9098105430603027,5.202679634094238,1.4032410383224487,-0.4990839958190918,-0.5941603183746338,-76.44778442382812,-3.5024800300598145,-2.6989011764526367,76.5755520857233,132560272,1720697914
4.0,0,-6.4093756675720215,13.333512306213379,18.07171058654785,1.4469175338745117,-0.217583566904068,-0.2239752560853958,-78.89131927490234,-5.954216003417969,-3.036263942718506,79.17393411900024,144560272,1720697914
4.0,0,-1.1947249174118042,10.699851036071777,35.0157356262207,0.8498277068138123,-0.10306590795516968,-0.31878525018692017,-77.84408569335938,-7.004960060119629,-1.0120879411697388,78.16518064253168,157560272,1720697914
4.0,0,-1.1947249174118042,10.699851036071777,35.0157356262207,0.8498277068138123,-0.10306590795516968,-0.31878525018692017,-77.84408569335938,-7.004960060119629,-1.0120879411697388,78.16518064253168,169560272,1720697914
4.0,0,7.625648498535156,4.098936080932617,5.930528163909912,0.04234490543603897,-0.015979209914803505,-0.12170831859111786,-76.97139739990234,-6.129340171813965,-1.1807692050933838,77.22408331959146,182560272,1720697914
4.0,0,7.984784126281738,0.8619257807731628,2.4062094688415527,0.08495613932609558,0.005326403304934502,-0.07989604771137238,-75.57508850097656,-7.180084228515625,0.843406617641449,75.92008262760058,194560272,1720697914
4.0,0,8.142804145812988,4.046262741088867,6.7469635009765625,0.047138672322034836,0.12783367931842804,0.054062992334365845,-77.66954803466797,-5.779092311859131,-0.843406617641449,77.88881777624607,207560272,1720697914
4.0,0,6.758934497833252,3.3662989139556885,8.006332397460938,0.010386486537754536,0.07616756856441498,0.07030852884054184,-77.14593505859375,-6.654712200164795,0.0,77.432425317381,219560272,1720697914
4.0,0,5.511536598205566,1.0893784761428833,6.943290710449219,-0.01145176775753498,0.06950956583023071,0.05459563434123993,-75.57508850097656,-6.129340171813965,-0.843406617641449,75.82792458979036,232560272,1720697914
4.0,0,5.260141372680664,2.145237445831299,6.361490726470947,0.029295219108462334,-0.002663201652467251,0.05592723563313484,-74.87693786621094,-6.479588031768799,-1.1807692050933838,75.16605019021254,244560272,1720697914
4.0,0,11.552199363708496,1.1779651641845703,3.9050025939941406,-0.013316008262336254,0.009321206249296665,-0.0287625789642334,-75.92416381835938,-8.230828285217285,-0.1686813235282898,76.36919299800614,257560272,1720697914
4.0,0,9.538644790649414,0.9720607399940491,3.1149041652679443,0.08282557129859924,0.040746983140707016,0.03435530140995979,-76.09870147705078,-7.004960060119629,1.3494505882263184,76.43234164165864,269560272,1720697914
4.0,0,5.2984490394592285,3.198702335357666,8.703056335449219,0.10093534737825394,0.05805779621005058,0.0197076927870512,-76.62232208251953,-6.829836368560791,-1.1807692050933838,76.93517480356026,282560272,1720697914
4.0,0,5.62406587600708,3.1172983646392822,8.303217887878418,0.040746983140707016,-0.006658004131168127,-0.011718087829649448,-76.09870147705078,-7.705456256866455,0.0,76.48781878586794,294560272,1720697914
4.0,0,8.98078727722168,2.2793147563934326,5.731806755065918,0.024501455947756767,-0.028496257960796356,-0.006924324203282595,-76.09870147705078,-7.705456256866455,0.0,76.48781878586794,307560272,1720697914
4.0,0,9.416539192199707,0.6105307340621948,3.1939139366149902,0.049002911895513535,0.03515426442027092,0.00878856610506773,-76.79685974121094,-5.603968143463135,-0.6747252941131592,77.00400885205063,319560272,1720697914
4.0,0,6.928925514221191,1.9513041973114014,6.734992027282715,0.10972391068935394,0.0287625789642334,0.018109772354364395,-75.57508850097656,-8.931324005126953,0.1686813235282898,76.1011892404048,332560272,1720697914
4.0,0,6.5410590171813965,2.782104730606079,7.728600978851318,0.06018836051225662,0.017310811206698418,-0.014114969410002232,-75.92416381835938,-6.829836368560791,-1.1807692050933838,76.2398815073455,344560272,1720697914
4.0,0,26.856168746948242,11.221794128417969,39.22600173950195,-0.4008118808269501,0.329171746969223,-0.15340042114257812,-76.97139739990234,-8.581076622009277,-0.5060439705848694,77.44989976873212,357560272,1720697914
4.0,0,-15.545788764953613,-20.018226623535156,19.695005416870117,-1.4687557220458984,0.3451509475708008,-0.3733808696269989,-76.97139739990234,-8.581076622009277,-0.5060439705848694,77.44989976873212,369560272,1720697914
4.0,0,29.698131561279297,19.824291229248047,28.47467613220215,-1.5292104482650757,0.755816638469696,-0.9816561341285706,-77.66954803466797,-3.3273561000823975,-2.192857265472412,77.77170831036878,382278482,1720697914
4.0,0,-0.9217816591262817,-24.454750061035156,8.937690734863281,-2.1830263137817383,0.9523609280586243,-0.9294573664665222,-78.01862335205078,-6.129340171813965,-2.530219793319702,78.29991323681963,394278482,1720697914
4.0,0,2.882662773132324,31.75478172302246,23.841825485229492,-2.3601293563842773,1.4692883491516113,-1.3358619213104248,-73.13155364990234,-5.779092311859131,-2.8675825595855713,73.41556426898572,407278482,1720697914
4.0,0,10.79561996459961,-7.575369834899902,-6.902588844299316,-2.31299090385437,1.2021692991256714,-1.3515748977661133,-78.36770629882812,-6.829836368560791,-6.915934085845947,78.9681847305639,419278482,1720697914
4.0,0,22.750051498413086,14.16910171508789,4.9129767417907715,-2.1294960975646973,1.524949312210083,-1.1489052772521973,-74.87693786621094,-6.129340171813965,-4.2170329093933105,75.2456510485565,432278482,1720697914
4.0,0,-0.46687644720077515,0.5291266441345215,6.2824811935424805,-2.059187650680542,1.4208180904388428,-1.0479698181152344,-73.30609130859375,-5.954216003417969,-3.710988998413086,73.64106972678755,444278482,1720697914
4.0,0,14.324727058410645,10.541831016540527,9.907357215881348,-2.023500680923462,1.3028382062911987,-1.2746083736419678,-77.49501037597656,-7.705456256866455,-6.072527885437012,78.113547379559,457278482,1720697914
4.0,0,5.0446600914001465,-6.658376693725586,1.3910523653030396,-2.0338871479034424,1.4149590730667114,-1.2237411737442017,-73.48062896728516,-6.129340171813965,-5.903846263885498,73.97179898499991,469278482,1720697914
4.0,0,0.7158772945404053,6.284875392913818,6.809213638305664,-1.804319143295288,1.478609561920166,-1.2642219066619873,-76.97139739990234,-7.530332088470459,-8.602747917175293,77.81586721731503,482278482,1720697914
4.0,0,-4.659187316894531,0.38307812809944153,5.281689643859863,-1.9305548667907715,1.4581029415130615,-1.3438515663146973,-75.57508850097656,-8.931324005126953,-7.928022384643555,76.51284917807209,494278482,1720697914
4.0,0,8.52348804473877,8.542641639709473,6.835549831390381,-1.8772908449172974,1.4799412488937378,-1.373945713043213,-75.57508850097656,-8.931324005126953,-7.928022384643555,76.51284917807209,507278482,1720697914
4.0,0,7.881832599639893,4.862698078155518,7.515513896942139,-1.77369225025177,1.5555760860443115,-1.3640918731689453,-73.48062896728516,-7.880580425262451,-9.952198028564453,74.56911308890979,519278482,1720697914
4.0,0,6.4835968017578125,5.78447961807251,10.572956085205078,-1.7683659791946411,1.511633276939392,-1.4325361251831055,-73.82970428466797,-6.829836368560791,-9.952198028564453,74.809879997114,532278482,1720697914
4.0,0,11.425304412841797,-0.5363093614578247,7.12046480178833,-1.8253583908081055,1.432802438735962,-1.5369336605072021,-72.43340301513672,-9.631820678710938,-10.964285850524902,73.88900734312298,544278482,1720697914
4.0,0,13.326330184936523,-2.966461181640625,7.793245315551758,-1.7603763341903687,1.4208180904388428,-1.5537118911743164,-72.78247833251953,-7.180084228515625,-10.964285850524902,73.9530819233673,557278482,1720697914
4.0,0,0.5770114064216614,6.323183059692383,7.4173502922058105,-1.6772843599319458,1.574218511581421,-1.5491844415664673,-74.00424194335938,-8.055704116821289,-13.494505882263184,75.65463557136124,569278482,1720697914
4.0,0,-3.299260139465332,6.019114971160889,6.818790435791016,-1.6437280178070068,1.666098952293396,-1.6077748537063599,-74.00424194335938,-8.055704116821289,-13.494505882263184,75.65463557136124,582278482,1720697914
4.0,0,6.13403844833374,3.196308135986328,8.389410972595215,-1.6186939477920532,1.646125078201294,-1.6730233430862427,-72.43340301513672,-8.931324005126953,-14.000550270080566,74.31272992363306,595278482,1720697914
4.0,0,6.787665367126465,-2.018342971801758,7.915351867675781,-1.6647673845291138,1.6352057456970215,-1.6639684438705444,-71.73524475097656,-9.281572341918945,-15.012638092041016,73.87470627422749,607278482,1720697914
4.0,0,9.021490097045898,0.22026991844177246,8.580949783325195,-1.5696910619735718,1.557706594467163,-1.7617079019546509,-69.81532287597656,-8.756199836730957,-13.494505882263184,71.64462319577136,620278482,1720697914
4.0,0,3.811627149581909,1.920179009437561,8.832345008850098,-1.5294767618179321,1.6386680603027344,-1.7800840139389038,-71.21163177490234,-8.405952453613281,-17.205495834350586,73.74134270273727,632278482,1720697914
4.0,0,0.03830781206488609,4.862698078155518,8.20505428314209,-1.4668915271759033,1.786742091178894,-1.7574467658996582,-71.21163177490234,-8.405952453613281,-17.205495834350586,73.74134270273727,645278482,1720697914
4.0,0,-1.1779651641845703,4.972832679748535,8.487574577331543,-1.4067031145095825,1.779018759727478,-1.8173688650131226,-69.29170989990234,-11.032812118530273,-18.04890251159668,72.44878802276912,657278482,1720697914
4.0,0,7.041454792022705,-0.09337528795003891,9.993550300598145,-1.4362647533416748,1.7289505004882812,-1.8812857866287231,-67.89540100097656,-9.982068061828613,-18.38626480102539,71.04563247102395,670278482,1720697914
4.0,0,8.63122844696045,-2.786893367767334,8.209842681884766,-1.3933871984481812,1.7337443828582764,-1.932685375213623,-67.89540100097656,-9.281572341918945,-19.060989379882812,71.12843579301945,682278482,1720697914
4.0,0,8.63122844696045,-2.786893367767334,8.209842681884766,-1.3933871984481812,1.7337443828582764,-1.932685375213623,-67.02271270751953,-9.806943893432617,-20.916484832763672,70.89230920884766,695278482,1720697914
4.0,0,0.44532832503318787,2.3295936584472656,8.55461311340332,-1.2953813076019287,1.8400061130523682,-1.9412076473236084,-66.84817504882812,-8.931324005126953,-20.073078155517578,70.36601113094902,707278482,1720697914
4.0,0,-1.0151569843292236,5.226621627807617,8.178718566894531,-1.2173494100570679,1.8751603364944458,-1.9758292436599731,-64.92825317382812,-10.857687950134277,-22.60329818725586,69.60227393389685,720278482,1720697914
4.0,0,4.283292293548584,2.5690176486968994,8.92572021484375,-1.198440670967102,1.8708992004394531,-2.024832248687744,-62.13563919067383,-10.857687950134277,-21.928571701049805,66.78015649954838,732278482,1720697914
4.0,0,5.327179908752441,-0.3016740083694458,9.100500106811523,-1.1853910684585571,1.9156410694122314,-2.064513921737671,-64.4046401977539,-11.733307838439941,-23.10934066772461,69.42384185516302,745278482,1720697914
4.0,0,7.663956642150879,-0.9265702366828918,9.581741333007812,-1.1438450813293457,1.8192330598831177,-2.0959396362304688,-62.13563919067383,-10.857687950134277,-23.27802276611328,67.23535817674939,757278482,1720697914
4.0,0,2.4157862663269043,0.42856863141059875,8.49954605102539,-1.1209415197372437,1.8868783712387085,-2.106858730316162,-61.088409423828125,-11.20793628692627,-23.952747344970703,66.5668514135756,770278482,1720697914
4.0,0,-0.09337528795003891,1.9417272806167603,9.337529182434082,-1.0122829675674438,1.94626784324646,-2.116179943084717,-61.088409423828125,-11.20793628692627,-23.952747344970703,66.5668514135756,782278482,1720697914
4.0,0,-3.023922920227051,2.2386128902435303,9.078951835632324,-0.9755308032035828,2.0179078578948975,-2.1380183696746826,-58.29579544067383,-10.15719223022461,-25.63956069946289,64.48996350537085,795278482,1720697914
4.0,0,0.44772255420684814,0.04070204868912697,8.932902336120605,-0.9449039697647095,2.0637149810791016,-2.1939454078674316,-58.81941223144531,-12.433804512023926,-26.145605087280273,65.55848850664528,807278482,1720697914
4.0,0,2.868297576904297,-1.8770828247070312,9.909751892089844,-0.9041569828987122,1.9907432794570923,-2.2008697986602783,-56.026798248291016,-11.383060455322266,-26.482967376708984,63.00733090966526,820278482,1720697914
4.0,0,5.334362506866455,1.4197832345962524,11.154756546020508,-0.8511592745780945,1.9811557531356812,-2.2022013664245605,-54.97956848144531,-12.083556175231934,-28.844507217407227,63.251647226463426,832278482,1720697914
4.0,0,6.143615245819092,0.7709447145462036,10.867447853088379,-0.7936341166496277,1.984617829322815,-2.219778537750244,-54.97956848144531,-12.083556175231934,-28.844507217407227,63.251647226463426,845278482,1720697914
4.0,0,-4.137243747711182,-1.7669477462768555,8.49954605102539,-0.7736600637435913,2.1153810024261475,-2.258394956588745,-53.7578010559082,-12.25868034362793,-27.66373634338379,61.688400259774184,857278482,1720697914
4.0,0,-4.570600986480713,-2.245795488357544,8.027880668640137,-0.7238582372665405,2.1838252544403076,-2.2634551525115967,-51.48880386352539,-12.433804512023926,-27.83241844177246,59.835941826445165,870278482,1720697914
4.0,0,-0.38068386912345886,1.3575330972671509,9.85707950592041,-0.635439932346344,2.126832962036133,-2.276771068572998,-51.48880386352539,-12.083556175231934,-28.844507217407227,60.24213516926198,882278482,1720697914
4.0,0,3.2082793712615967,0.1508370041847229,10.254522323608398,-0.6293145418167114,2.1023313999176025,-2.2871575355529785,-51.48880386352539,-13.834795951843262,-29.51923179626465,60.941640510962024,895278482,1720697914
4.0,0,6.306423664093018,-0.40223202109336853,10.618447303771973,-0.565131425857544,2.1004672050476074,-2.3089957237243652,-48.8707275390625,-11.20793628692627,-28.675825119018555,57.76044314464369,907278482,1720697914
4.0,0,1.9489099979400635,-0.30406826734542847,9.981578826904297,-0.5281128883361816,2.1606554985046387,-2.3220455646514893,-48.8707275390625,-11.20793628692627,-28.675825119018555,57.76044314464369,920278482,1720697914
4.0,0,-3.8355696201324463,-2.499584674835205,8.935297012329102,-0.5076062679290771,2.2533349990844727,-2.3441500663757324,-47.125343322753906,-11.20793628692627,-30.02527618408203,56.99063983699102,932278482,1720697914
4.0,0,-6.478808403015137,-1.235426902770996,7.103704452514648,-0.4117310047149658,2.248807668685913,-2.356400966644287,-43.1109619140625,-12.083556175231934,-30.868682861328125,54.382377187734136,945278482,1720697914
4.0,0,0.06943290680646896,1.0247340202331543,9.900175094604492,-0.36991873383522034,2.2211103439331055,-2.348145008087158,-41.36558151245117,-10.332316398620605,-31.206045150756836,52.83640175083387,957278482,1720697914
4.0,0,3.821204423904419,-0.579405665397644,10.118050575256348,-0.3382266163825989,2.2741079330444336,-2.3619935512542725,-41.36558151245117,-11.032812118530273,-31.206045150756836,52.97783999991982,970278482,1720697914
4.0,0,3.821204423904419,-0.579405665397644,10.118050575256348,-0.3382266163825989,2.2741079330444336,-2.3619935512542725,-38.92204284667969,-11.733307838439941,-32.89285659790039,52.292790586852455,982278482,1720697914
4.0,0,-4.764533996582031,-1.0702245235443115,9.028672218322754,-0.24501456320285797,2.346813201904297,-2.3787717819213867,-36.82758331298828,-12.083556175231934,-32.21813201904297,50.40130209936605,995278482,1720697914
4.0,0,-1.6831494569778442,-2.7749221324920654,9.354289054870605,-0.1994738131761551,2.2900869846343994,-2.376108407974243,-37.52573776245117,-10.682564735412598,-31.543407440185547,50.17254963503537,7278482,1720697915
4.0,0,1.9680639505386353,-0.21308720111846924,9.284855842590332,-0.14860665798187256,2.2967453002929688,-2.35693359375,-37.70027542114258,-10.857687950134277,-30.700000762939453,49.81656553092537,20278482,1720697915
4.0,0,2.351141929626465,-1.4604852199554443,9.696664810180664,-0.11025655269622803,2.371314764022827,-2.352938652038574,-31.591434478759766,-12.083556175231934,-32.55549621582031,46.9456216928059,32278482,1720697915
4.0,0,2.351141929626465,-1.4604852199554443,9.696664810180664,-0.11025655269622803,2.371314764022827,-2.352938652038574,-31.591434478759766,-12.083556175231934,-32.55549621582031,46.9456216928059,45278482,1720697915
4.0,0,0.5171554684638977,-0.26815468072891235,9.208239555358887,-0.028496257960796356,2.3630588054656982,-2.359863042831421,-31.067819595336914,-10.507440567016602,-31.037363052368164,45.154552671046304,57278482,1720697915
4.0,0,-3.608116865158081,-0.9672722220420837,9.055008888244629,0.03408898040652275,2.4232473373413086,-2.366521120071411,-29.147897720336914,-9.982068061828613,-31.543407440185547,44.09340287666346,70278482,1720697915
4.0,0,-2.990403413772583,-3.2346158027648926,9.972002029418945,0.05779147893190384,2.430704116821289,-2.3542702198028564,-28.10066795349121,-9.631820678710938,-31.880769729614258,43.575256597889364,83278482,1720697915
4.0,0,0.19153906404972076,-0.6895406246185303,9.545827865600586,0.11664823442697525,2.4874305725097656,-2.366521120071411,-26.529823303222656,-10.507440567016602,-31.037363052368164,42.16106897380699,95278482,1720697915
4.0,0,-3.4453089237213135,-2.655210256576538,7.774091720581055,0.18802203238010406,2.487696886062622,-2.3667874336242676,-24.086286544799805,-9.806943893432617,-31.037363052368164,40.49250860704542,108278482,1720697915
4.0,0,-8.84192180633545,-2.5378923416137695,7.977601528167725,0.24288399517536163,2.5124645233154297,-2.378239154815674,-24.086286544799805,-9.806943893432617,-31.037363052368164,40.49250860704542,120278482,1720697915
4.0,0,-1.7932844161987305,-2.008765935897827,8.705450057983398,0.2620590329170227,2.4754459857940674,-2.361194610595703,-22.340904235839844,-9.456696510314941,-29.013187408447266,37.819441489277075,133278482,1720697915
4.0,0,-4.505956172943115,-1.71906316280365,8.336737632751465,0.3075997829437256,2.5223183631896973,-2.329768657684326,-19.897367477416992,-8.756199836730957,-30.362638473510742,37.342550571502926,145278482,1720697915
4.0,0,-5.803633689880371,-2.6647870540618896,8.054217338562012,0.3496783673763275,2.641097068786621,-2.3148550987243652,-18.85013771057129,-8.405952453613281,-30.362638473510742,36.71345180493144,158278482,1720697915
4.0,0,-6.524299144744873,-2.5426809787750244,7.034272193908691,0.38669687509536743,2.617128372192383,-2.304202079772949,-17.279293060302734,-9.281572341918945,-28.507143020629883,34.60316108393492,170278482,1720697915
4.0,0,-5.576180934906006,-4.422158241271973,7.798034191131592,0.41998693346977234,2.5966217517852783,-2.3334975242614746,-16.93021583557129,-9.982068061828613,-28.844507217407227,34.90386064098161,183278482,1720697915
4.0,0,-3.4141836166381836,-5.88982629776001,7.946476459503174,0.4383630156517029,2.6229872703552246,-2.334296464920044,-13.43945026397705,-9.631820678710938,-26.820329666137695,31.507473341813085,195278482,1720697915
4.0,0,2.6911237239837646,-2.475642204284668,8.829950332641602,0.5345045924186707,2.573984384536743,-2.251737117767334,-12.741296768188477,-8.230828285217285,-26.820329666137695,30.812615289781697,208278482,1720697915
4.0,0,-1.946515679359436,-2.3128342628479004,8.372651100158691,0.5843064785003662,2.6536142826080322,-2.228567123413086,-11.51952838897705,-6.304464340209961,-25.30219841003418,28.506964926174856,220278482,1720697915
4.0,0,-11.72697925567627,-2.4636712074279785,6.191500186920166,0.591763436794281,2.7287163734436035,-2.2687814235687256,-9.599607467651367,-8.581076622009277,-25.808242797851562,28.84185735764323,233278482,1720697915
4.0,0,-11.38699722290039,-0.9912146329879761,5.648007869720459,0.6181291341781616,2.727917432785034,-2.2741079330444336,-8.377839088439941,-5.954216003417969,-25.30219841003418,27.31011022291721,245278482,1720697915
4.0,0,-2.636056423187256,-3.5769920349121094,8.458844184875488,0.6386357545852661,2.716465950012207,-2.2426819801330566,-6.283379554748535,-8.055704116821289,-23.952747344970703,26.04053249875671,258278482,1720697915
4.0,0,0.17477938532829285,-4.855515480041504,7.68311071395874,0.7068137526512146,2.6943609714508057,-2.1944780349731445,-6.806994438171387,-5.779092311859131,-23.446704864501953,25.089460939473074,270278482,1720697915
4.0,0,-6.395010471343994,-2.3631131649017334,6.445289134979248,0.7712632417678833,2.799823760986328,-2.1848907470703125,-3.665304660797119,-5.078596115112305,-21.759891510009766,22.643309724602762,283278482,1720697915
4.0,0,-5.758142948150635,-2.602536916732788,6.471625804901123,0.7869760990142822,2.7518863677978516,-2.174504280090332,-2.268998146057129,-4.3780999183654785,-19.398351669311523,20.015298123392608,295278482,1720697915
4.0,0,-5.758142948150635,-2.602536916732788,6.471625804901123,0.7869760990142822,2.7518863677978516,-2.174504280090332,-1.2217681407928467,-4.3780999183654785,-19.398351669311523,19.923767810615775,308278482,1720697915
4.0,0,-6.785271167755127,-2.3080456256866455,6.25135612487793,0.8492950201034546,2.8296518325805664,-2.1356215476989746,-1.2217681407928467,-4.3780999183654785,-19.398351669311523,19.923767810615775,320278482,1720697915
4.0,0,-4.070204734802246,-5.035082817077637,6.339942932128906,0.8639426231384277,2.834179162979126,-2.1159136295318604,0.8726915717124939,-3.3273561000823975,-18.7236270904541,19.036992951054017,333278482,1720697915
4.0,0,-4.395821571350098,-2.5977485179901123,5.97601842880249,0.9251962900161743,2.8379077911376953,-2.0916786193847656,1.5708448886871338,-2.9771080017089844,-17.711538314819336,18.028569416220122,345278482,1720697915
4.0,0,-6.4931745529174805,-0.9002335667610168,4.764533996582031,0.9488987326622009,2.8735947608947754,-2.0983364582061768,3.665304660797119,-2.9771080017089844,-16.362089157104492,17.029844153583355,358278482,1720697915
4.0,0,-12.42849063873291,-5.442103385925293,4.419764041900635,0.9723349809646606,2.9015581607818604,-2.074101448059082,3.8398427963256836,-2.4517359733581543,-14.843955993652344,15.527344638573592,370278482,1720697915
4.0,0,-10.70703411102295,-6.181922912597656,4.304840564727783,1.0120166540145874,2.9455010890960693,-2.0242996215820312,3.8398427963256836,-2.4517359733581543,-14.843955993652344,15.527344638573592,383278482,1720697915
4.0,0,-2.2050933837890625,-4.69031286239624,6.102912902832031,1.0261316299438477,2.8919708728790283,-1.9851504564285278,5.934302806854248,0.0,-12.819780349731445,14.12666691115773,395278482,1720697915
4.0,0,-5.346334457397461,-2.3559303283691406,5.88982629776001,1.0823252201080322,2.9217984676361084,-1.9675734043121338,6.632455825805664,2.4517359733581543,-11.132966995239258,13.188761643210047,408278482,1720697915
4.0,0,-12.335115432739258,-0.7853101491928101,4.019926071166992,1.1102887392044067,2.9921069145202637,-2.000330686569214,7.330609321594238,0.7004960179328918,-11.132966995239258,13.348089069753422,420278482,1720697915
4.0,0,-8.494757652282715,-5.011140823364258,3.794867515563965,1.1057612895965576,2.9638772010803223,-1.9675734043121338,8.552377700805664,2.6268601417541504,-10.626923561096191,13.89154645512716,433278482,1720697915
4.0,0,-12.991137504577637,-13.89376449584961,3.7828965187072754,1.1254690885543823,2.860811233520508,-1.8573168516159058,8.901453971862793,1.5761160850524902,-10.289560317993164,13.696535191951746,445278482,1720697915
4.0,0,13.740532875061035,18.670270919799805,37.393211364746094,1.0999022722244263,2.153198719024658,-1.288723349571228,9.075992584228516,3.5024800300598145,-6.072527885437012,11.4680688291163,458278482,1720697915
4.0,0,-3.2896833419799805,-8.439689636230469,29.753198623657227,0.4540758728981018,1.075667142868042,-0.7502239346504211,9.075992584228516,3.5024800300598145,-6.409890174865723,11.6502231654067,470278482,1720697915
4.0,0,-39.22719955444336,-11.710219383239746,3.0550482273101807,-0.09108150005340576,1.1920491456985474,-0.3028060495853424,9.774145126342773,3.5024800300598145,-6.409890174865723,12.201965881185625,483278482,1720697915
4.0,0,39.22600173950195,12.524259567260742,33.05006408691406,0.20373493432998657,-0.58031165599823,0.002396881580352783,9.075992584228516,3.5024800300598145,-7.759340763092041,12.443808774957954,495278482,1720697915
4.0,0,-27.390085220336914,-4.206676483154297,4.221041679382324,-0.19601164758205414,-0.3302370011806488,0.3203831613063812,9.774145126342773,4.202976226806641,-6.747252941131592,12.598585014418124,508278482,1720697915
4.0,0,-5.930528163909912,-7.290455341339111,-0.9074163436889648,-0.30493661761283875,-0.2708476185798645,0.30440396070480347,9.774145126342773,4.202976226806641,-6.747252941131592,12.598585014418124,520278482,1720697915
4.0,0,0.20590448379516602,-4.010348796844482,-3.847540855407715,0.0412796251475811,-0.3978823125362396,0.11052287369966507,9.599607467651367,3.3273561000823975,-7.253296852111816,12.483352008759452,533278482,1720697915
4.0,0,-8.801219940185547,-8.595314979553223,1.9680639505386353,0.15899313986301422,-0.22370894253253937,0.07297173142433167,8.377839088439941,3.8527281284332275,-7.084615707397461,11.628563176287757,546278482,1720697915
4.0,0,-6.086153507232666,-6.3088178634643555,5.525901794433594,0.05859043821692467,-0.08548877388238907,0.12330623716115952,9.250530242919922,2.9771080017089844,-7.253296852111816,12.126244144576297,558278482,1720697915
4.0,0,-6.040663242340088,-5.303237438201904,6.160375118255615,0.06897692382335663,-0.06737900525331497,0.035420581698417664,8.72691535949707,2.8019840717315674,-8.434065818786621,12.455666688928703,571278482,1720697915
4.0,0,-7.189897537231445,-5.592940330505371,4.364696502685547,0.05353035405278206,-0.013316008262336254,-0.0018642412032932043,8.72691535949707,2.8019840717315674,-8.434065818786621,12.455666688928703,583278482,1720697915
4.0,0,-6.538664817810059,-5.296054840087891,4.3192057609558105,0.043676506727933884,0.013316008262336254,-0.002929521957412362,9.075992584228516,3.5024800300598145,-6.072527885437012,11.4680688291163,596278482,1720697915
4.0,0,-7.017512321472168,-6.272904396057129,3.715857744216919,0.06524843722581863,0.002396881580352783,-0.00878856610506773,8.552377700805664,3.3273561000823975,-8.265384674072266,12.350346018002176,608278482,1720697915
4.0,0,-4.7860822677612305,-6.220230579376221,4.934525012969971,0.07803180813789368,0.01384864840656519,-0.02902889810502529,9.425068855285645,4.553224086761475,-6.747252941131592,12.453481230673985,621278482,1720697915
4.0,0,-4.403004169464111,-5.054236888885498,5.899403095245361,0.06418316066265106,0.005326403304934502,0.010919126681983471,8.72691535949707,3.5024800300598145,-5.735165119171143,11.01446943783272,633278482,1720697915
4.0,0,-7.161166667938232,-5.341545104980469,4.802842140197754,0.04580707103013992,-0.005326403304934502,0.038616426289081573,8.552377700805664,2.9771080017089844,-6.915934085845947,11.39458119769408,646278482,1720697915
4.0,0,0.5219439268112183,-7.142012596130371,8.123650550842285,0.06285155564546585,-0.25113990902900696,0.08522245287895203,8.552377700805664,2.9771080017089844,-6.915934085845947,11.39458119769408,658278482,1720697915
4.0,0,25.726089477539062,-10.309590339660645,4.295263290405273,0.007723285350948572,-1.0330559015274048,0.4303734004497528,8.901453971862793,2.2766120433807373,-7.253296852111816,11.705945516450745,671278482,1720697915
4.0,0,-6.924137115478516,-14.140371322631836,-4.268926620483398,-0.050068192183971405,-0.65062016248703,0.8647415637969971,10.297760963439941,2.9771080017089844,-7.928022384643555,13.332688845292852,683278482,1720697915
4.0,0,14.384583473205566,-2.2074875831604004,6.047845840454102,0.20852869749069214,-1.3060342073440552,1.0165441036224365,9.250530242919922,1.9263640642166138,-8.940110206604004,13.00802670620361,696278482,1720697915
4.0,0,-23.671833038330078,-10.730976104736328,1.996794581413269,0.14620977640151978,-1.0490350723266602,1.065546989440918,9.948683738708496,1.5761160850524902,-9.277472496032715,13.694230389512494,708278482,1720697915
4.0,0,-11.9496431350708,-2.394238233566284,9.9169340133667,0.0881519764661789,-1.114283561706543,0.9297237396240234,8.377839088439941,0.7004960179328918,-8.771429061889648,12.149767497803994,721278482,1720697915
4.0,0,-5.97601842880249,-3.792473316192627,9.48836612701416,0.032491061836481094,-1.2564985752105713,0.8082817196846008,8.72691535949707,0.7004960179328918,-8.771429061889648,12.393051042851717,733278482,1720697915
4.0,0,-2.4564883708953857,-5.829969882965088,5.533084392547607,-0.015446570701897144,-1.14277982711792,0.835712730884552,9.250530242919922,1.5761160850524902,-11.63901138305664,14.950686862604652,746278482,1720697915
4.0,0,2.0207371711730957,-4.151608943939209,4.230618953704834,-0.012250727973878384,-1.0921789407730103,0.8285220861434937,8.377839088439941,-0.3502480089664459,-11.132966995239258,13.93749674714451,758278482,1720697915
4.0,0,0.6584155559539795,-5.573786735534668,4.2449846267700195,0.07989604771137238,-1.2024356126785278,0.9254626035690308,8.377839088439941,-0.3502480089664459,-11.470330238342285,14.208424868232457,771278482,1720697915
4.0,0,-8.439689636230469,-5.442103385925293,5.281689643859863,0.13662225008010864,-1.099103331565857,0.9251962900161743,7.330609321594238,-1.7512400150299072,-11.132966995239258,13.444241471097316,783278482,1720697915
4.0,0,-5.6839213371276855,-4.110907077789307,8.7461519241333,0.10892495512962341,-1.1225395202636719,0.8468981385231018,8.377839088439941,-1.0507440567016602,-13.831868171691895,16.205333319112857,796278482,1720697915
4.0,0,-5.82757568359375,-6.660770893096924,6.69668436050415,0.047937631607055664,-1.0754008293151855,0.8136081099510193,8.901453971862793,-1.5761160850524902,-12.65109920501709,15.548965747661068,808278482,1720697915
4.0,0,-5.176342964172363,-5.568997859954834,5.817998886108398,0.04633970931172371,-1.0967063903808594,0.8253262042999268,7.156070709228516,-0.5253720283508301,-12.65109920501709,14.54426604744412,821278482,1720697915
4.0,0,-3.299260139465332,-2.9042110443115234,5.2505645751953125,0.09188045561313629,-1.124670147895813,0.8684700727462769,7.156070709228516,-4.728348255157471,-13.663187026977539,16.132244262708657,833278482,1720697915
4.0,0,-3.196308135986328,-3.8810603618621826,5.2002854347229,0.09560894221067429,-1.1153489351272583,0.8575509786605835,5.585226058959961,-4.202976226806641,-14.169231414794922,15.79958474703682,846278482,1720697915
4.0,0,-3.0334997177124023,-3.9265506267547607,7.319186210632324,0.131295844912529,-1.0961737632751465,0.8658068180084229,5.585226058959961,-4.202976226806641,-14.169231414794922,15.79958474703682,858278482,1720697915
4.0,0,-8.422929763793945,-3.7996559143066406,5.985595226287842,0.11425135284662247,-1.0538289546966553,0.8564856648445129,7.156070709228516,-4.0278520584106445,-14.000550270080566,16.231092017020117,871278482,1720697915
4.0,0,-3.972041130065918,-4.841149806976318,7.300032615661621,0.10519646853208542,-1.093510627746582,0.8468981385231018,6.4579176902771,-4.0278520584106445,-15.350000381469727,17.133324394581383,883278482,1720697915
4.0,0,-2.4684596061706543,-3.718251943588257,6.624857425689697,0.10359854996204376,-1.1153489351272583,0.8495613932609558,5.759764194488525,-6.479588031768799,-16.02472496032715,18.219543207547368,896278482,1720697915
4.0,0,-5.7102580070495605,-5.930528163909912,5.753354549407959,0.1182461604475975,-1.0445077419281006,0.8468981385231018,5.759764194488525,-6.129340171813965,-17.036813735961914,18.99991359958737,908278482,1720697915
4.0,0,-8.085342407226562,-5.3559112548828125,5.166766166687012,0.12037672102451324,-1.0221368074417114,0.8514255881309509,5.061611175537109,-7.530332088470459,-16.362089157104492,18.70945671685863,921278482,1720697915
4.0,0,-4.412580966949463,-3.588963031768799,6.912165641784668,0.1344916969537735,-1.0671449899673462,0.8445013165473938,4.712534427642822,-7.530332088470459,-18.04890251159668,20.116579330678654,933278482,1720697915
4.0,0,-3.6248764991760254,-2.446911573410034,7.376648426055908,0.1544657051563263,-1.0546278953552246,0.8487623929977417,4.712534427642822,-7.530332088470459,-18.7236270904541,20.724094516208748,946278482,1720697915
4.0,0,-1.3623214960098267,-3.7996559143066406,8.71263313293457,0.1350243240594864,-1.0825915336608887,0.8439685702323914,3.665304660797119,-7.880580425262451,-18.38626480102539,20.33697960437872,958278482,1720697915
4.0,0,-5.164371967315674,-3.742194175720215,7.096521854400635,0.16085737943649292,-1.0658133029937744,0.8455665707588196,3.4907662868499756,-9.806943893432617,-19.567033767700195,22.16371828607879,971278482,1720697915
4.0,0,-6.699078559875488,-3.6224822998046875,5.882643699645996,0.13901913166046143,-1.0341212749481201,0.8415717482566833,2.268998146057129,-7.880580425262451,-19.060989379882812,20.750258228895508,983278482,1720697915
4.0,0,-5.863489627838135,-5.851518154144287,6.5410590171813965,0.14594346284866333,-1.0546278953552246,0.834381103515625,1.3963065147399902,-9.806943893432617,-20.241758346557617,22.535629597871804,996278482,1720697915
4.0,0,-4.8124189376831055,-4.592148780822754,6.193894386291504,0.15286777913570404,-1.0415781736373901,0.8341147899627686,2.7926130294799805,-9.806943893432617,-19.904396057128906,22.36425313889121,8278482,1720697916
4.0,0,-1.2282441854476929,-1.7070918083190918,8.595314979553223,0.16272161900997162,-1.0905810594558716,0.8349137306213379,2.618074655532837,-12.784051895141602,-20.747802734375,24.510357322245543,21278482,1720697916
4.0,0,-5.6839213371276855,-3.711069345474243,7.189897537231445,0.15925946831703186,-1.0399802923202515,0.8383758664131165,0.8726915717124939,-10.332316398620605,-20.747802734375,23.194604351984125,33278482,1720697916
4.0,0,-4.352725028991699,-2.9784324169158936,7.685504913330078,0.16485218703746796,-1.0437086820602417,0.8349137306213379,1.7453831434249878,-10.15719223022461,-22.265933990478516,24.535417925672956,46278482,1720697916
4.0,0,-6.737386226654053,-2.367901563644409,6.871463298797607,0.1744397133588791,-1.0341212749481201,0.8306525945663452,1.7453831434249878,-10.15719223022461,-22.265933990478516,24.535417925672956,59278482,1720697916
4.0,0,-6.481202602386475,-2.343959331512451,5.705469608306885,0.18242931365966797,-1.014147162437439,0.8314515948295593,1.2217681407928467,-11.733307838439941,-22.434616088867188,25.34709508555785,71278482,1720697916
4.0,0,-3.201096534729004,-3.153211832046509,8.71263313293457,0.20986029505729675,-1.052230954170227,0.8490287065505981,0.8726915717124939,-12.433804512023926,-22.097253799438477,25.370252476066586,84278482,1720697916
4.0,0,-4.209070682525635,-2.9257590770721436,7.201868534088135,0.18482619524002075,-1.0413118600845337,0.8285220861434937,-1.2217681407928467,-12.083556175231934,-21.422527313232422,24.62579386976248,96278482,1720697916
4.0,0,-7.556215763092041,-3.5482609272003174,6.981598377227783,0.19095155596733093,-0.9899120926856995,0.819200873374939,-1.0472298860549927,-12.959176063537598,-22.60329818725586,26.075774650468517,109278482,1720697916
4.0,0,-4.879457473754883,-4.158791542053223,7.254541397094727,0.19361475110054016,-0.999765932559967,0.8303862810134888,-1.3963065147399902,-13.659672737121582,-24.290111541748047,27.902434479430816,121278482,1720697916
4.0,0,-3.9361279010772705,-2.7007007598876953,7.247358798980713,0.20373493432998657,-1.0501004457473755,0.8152060508728027,-1.7453831434249878,-13.659672737121582,-25.30219841003418,28.806844082324446,134278482,1720697916
4.0,0,-1.2809175252914429,-2.5211329460144043,8.729393005371094,0.2095939666032791,-1.0450403690338135,0.8136081099510193,-3.665304660797119,-12.784051895141602,-24.458791732788086,27.84059866709115,146278482,1720697916
4.0,0,-3.5698091983795166,-2.837172269821167,7.881832599639893,0.20426756143569946,-1.0221368074417114,0.792036235332489,-2.7926130294799805,-14.36016845703125,-25.63956069946289,29.519488452684588,159278482,1720697916
4.0,0,-5.2984490394592285,-3.7230403423309326,7.302426815032959,0.2207794189453125,-1.024533748626709,0.8383758664131165,-4.363457679748535,-16.28653335571289,-24.458791732788086,29.707295815970998,171278482,1720697916
4.0,0,-2.9473073482513428,-3.349539279937744,8.133227348327637,0.22424158453941345,-1.0165441036224365,0.8325168490409851,-4.712534427642822,-15.235788345336914,-26.482967376708984,30.91415190994984,184278482,1720697916
4.0,0,-4.2449846267700195,-3.1915197372436523,8.109285354614258,0.23729127645492554,-1.0378496646881104,0.8109449148178101,-4.712534427642822,-15.235788345336914,-26.482967376708984,30.91415190994984,196278482,1720697916
4.0,0,-2.121295213699341,-2.2529780864715576,8.784460067749023,0.23729127645492554,-1.0101524591445923,0.8205324411392212,-5.934302806854248,-17.162153244018555,-26.651649475097656,32.2500523025636,209278482,1720697916
4.0,0,-1.328802227973938,-3.8523292541503906,8.674324989318848,0.2151867002248764,-1.0482361316680908,0.7960309386253357,-6.806994438171387,-18.03777313232422,-27.15769386291504,33.30520633183807,221278482,1720697916
4.0,0,-5.537873268127441,-3.840358018875122,7.012723922729492,0.2245079129934311,-0.9992333054542542,0.8048195242881775,-6.4579176902771,-18.03777313232422,-27.83241844177246,33.78919171548066,234278482,1720697916
4.0,0,-3.2394042015075684,-2.707883358001709,8.561796188354492,0.2524715065956116,-1.0309253931045532,0.800824761390686,-7.679685592651367,-18.2128963470459,-28.675825119018555,34.828007557234024,246278482,1720697916
4.0,0,-5.750960350036621,-3.0885672569274902,7.850707054138184,0.2700486481189728,-1.0048259496688843,0.8154723644256592,-7.156070709228516,-18.03777313232422,-27.83241844177246,33.92954647334078,259278482,1720697916
4.0,0,-0.09098105132579803,-2.856326103210449,9.866656303405762,0.2908216118812561,-1.0309253931045532,0.8010910749435425,-10.297760963439941,-19.438764572143555,-28.507143020629883,36.007869308666656,271278482,1720697916
4.0,0,-5.351122856140137,-2.161997079849243,8.918537139892578,0.28123411536216736,-0.986982524394989,0.7915035486221313,-8.552377700805664,-18.03777313232422,-29.51923179626465,35.635508551892976,284278482,1720697916
4.0,0,-1.5801972150802612,-1.625687837600708,8.552218437194824,0.25859689712524414,-1.0130819082260132,0.7869760990142822,-10.472298622131348,-19.964136123657227,-30.02527618408203,37.546677343347085,296278482,1720697916
4.0,0,-4.572995185852051,-2.1835453510284424,7.4412922859191895,0.2809678018093109,-0.9861835837364197,0.7837802767753601,-10.9959135055542,-18.388019561767578,-27.83241844177246,35.12367995446223,309278482,1720697916
4.0,0,-3.581780433654785,-2.7437968254089355,8.25772762298584,0.28043514490127563,-0.9664758443832397,0.7925688624382019,-11.51952838897705,-19.964136123657227,-29.013187408447266,37.054437103618866,321278482,1720697916
4.0,0,0.004788476508110762,-2.0758044719696045,9.428509712219238,0.30253973603248596,-1.0365180969238281,0.7856444716453552,-11.694067001342773,-20.4895076751709,-29.51923179626465,37.78830736675543,334278482,1720697916
4.0,0,-3.8571176528930664,-1.833986520767212,8.5570068359375,0.2982785999774933,-0.9843193888664246,0.7949656844139099,-13.78852653503418,-21.890501022338867,-31.543407440185547,40.79588278189251,346278482,1720697916
4.0,0,-3.2274329662323,-0.7302426099777222,9.040643692016602,0.3078661262989044,-0.994705855846405,0.7672684192657471,-12.741296768188477,-21.540252685546875,-31.206045150756836,40.00175474955235,359278482,1720697916
4.0,0,-3.9911949634552,-1.6089280843734741,8.559401512145996,0.3009417951107025,-0.9765960574150085,0.7795191407203674,-13.090373992919922,-22.24074935913086,-30.868682861328125,40.23536261702443,371278482,1720697916
4.0,0,-1.4221774339675903,-1.8100440502166748,8.719816207885742,0.2796361744403839,-0.9901784062385559,0.7472943663597107,-14.835756301879883,-22.59099578857422,-31.206045150756836,41.28280525496324,384278482,1720697916
4.0,0,0.5841941237449646,-0.5817998647689819,10.15396499633789,0.324111670255661,-1.0301264524459839,0.7741926908493042,-14.835756301879883,-22.59099578857422,-31.206045150756836,41.28280525496324,396278482,1720697916
4.0,0,-1.8531404733657837,-0.9960030913352966,9.445270538330078,0.322780042886734,-0.9904447197914124,0.757148265838623,-15.882987022399902,-23.991989135742188,-32.55549621582031,43.44818929830777,409278482,1720697916
4.0,0,-1.7525824308395386,-1.7908902168273926,9.251337051391602,0.30733346939086914,-1.0173430442810059,0.7542187571525574,-16.057525634765625,-23.466615676879883,-31.374725341796875,42.34264482895147,421278482,1720697916
4.0,0,-5.691104412078857,1.19951331615448,7.52509069442749,0.336362361907959,-0.9342511296272278,0.7494249939918518,-17.279293060302734,-22.24074935913086,-32.89285659790039,43.30317443201532,434278482,1720697916
4.0,0,-0.4692707061767578,-0.07182714343070984,9.687088012695312,0.3310359716415405,-1.0026954412460327,0.7528871297836304,-17.104755401611328,-23.816864013671875,-30.362638473510742,42.210253302578096,446278482,1720697916
4.0,0,-1.908207893371582,-0.6799636483192444,8.873046875,0.3384929299354553,-0.9821887612342834,0.7435659170150757,-18.15198516845703,-24.167112350463867,-31.374725341796875,43.565092392752,459278482,1720697916
4.0,0,-0.1699909120798111,-0.6272904276847839,10.436484336853027,0.34728148579597473,-0.9805908799171448,0.7374405264854431,-19.897367477416992,-23.816864013671875,-31.71208953857422,44.37121664862998,471278482,1720697916
4.0,0,-6.323183059692383,0.04549052566289902,8.250544548034668,0.3408898115158081,-0.916674017906189,0.7440986037254333,-20.77005958557129,-24.34223747253418,-32.55549621582031,45.64866081514024,484278482,1720697916
4.0,0,-2.8491435050964355,-2.6240851879119873,8.73657512664795,0.3422214090824127,-0.9664758443832397,0.7281193733215332,-21.468212127685547,-25.04273223876953,-32.89285659790039,46.582857202108706,496278482,1720697916
4.0,0,-3.1364521980285645,-1.4796391725540161,8.231390953063965,0.3739134967327118,-0.9659432172775269,0.7233256101608276,-21.817289352416992,-26.093477249145508,-32.89285659790039,47.315998190979776,509278482,1720697916
4.0,0,2.8252012729644775,-1.2881001234054565,9.782856941223145,0.3464825451374054,-0.971802294254303,0.7217276096343994,-22.864519119262695,-27.14422035217285,-33.230220794677734,48.619363500003544,521278482,1720697916
4.0,0,-3.1556060314178467,-1.5586491823196411,9.208239555358887,0.3597985506057739,-0.9803245663642883,0.7129390835762024,-22.864519119262695,-27.14422035217285,-33.230220794677734,48.619363500003544,534278482,1720697916
4.0,0,-4.156397342681885,0.5219439268112183,9.464424133300781,0.36299437284469604,-0.9283921122550964,0.7275867462158203,-25.13351821899414,-24.167112350463867,-34.41099166870117,48.98835989342647,546278482,1720697916
4.0,0,-2.1260836124420166,0.5506747961044312,9.24415397644043,0.36246174573898315,-0.9694054126739502,0.7062811255455017,-23.562671661376953,-27.494468688964844,-32.55549621582031,48.6929731908888,559278482,1720697916
4.0,0,-2.2793147563934326,-1.6232936382293701,8.707844734191895,0.38483262062072754,-0.9435723423957825,0.7182655334472656,-24.43536376953125,-25.918352127075195,-32.724178314208984,48.37065045947314,572278482,1720697916
4.0,0,4.460465908050537,-2.9520957469940186,10.26170539855957,0.3885611295700073,-0.9861835837364197,0.6900355815887451,-24.784440994262695,-28.7203369140625,-33.736263275146484,50.76673839853559,584278482,1720697916
4.0,0,-2.968855381011963,-1.5682260990142822,8.892200469970703,0.4040077030658722,-0.9473008513450623,0.6932314038276672,-24.784440994262695,-28.7203369140625,-33.736263275146484,50.76673839853559,597278482,1720697916
4.0,0,-1.0558589696884155,-0.08858681470155716,9.363865852355957,0.3904253840446472,-0.9526272416114807,0.6812469959259033,-28.973360061645508,-27.319345474243164,-33.398902893066406,51.97392562490624,609278482,1720697916
4.0,0,-3.6033284664154053,-0.5746171474456787,9.320769309997559,0.4141278564929962,-0.9555567502975464,0.6857744455337524,-27.402515411376953,-28.545211791992188,-34.91703414916992,52.77240037078795,622278482,1720697916
4.0,0,-1.3072539567947388,-0.579405665397644,9.325557708740234,0.4072035551071167,-0.9270604848861694,0.6852418184280396,-30.369667053222656,-29.070585250854492,-34.41099166870117,54.328003381076115,634278482,1720697916
4.0,0,1.3647156953811646,-2.9257590770721436,9.912145614624023,0.3928222358226776,-0.9667422771453857,0.6785838007926941,-30.71874237060547,-28.019840240478516,-32.724178314208984,52.91147726414106,647278482,1720697916
4.0,0,-2.013554334640503,0.12450038641691208,8.434901237487793,0.43117237091064453,-0.9323869347572327,0.6572781801223755,-31.591434478759766,-28.89546012878418,-32.89285659790039,53.98987278786612,659278482,1720697916
4.0,0,-0.7254542112350464,0.9050220251083374,9.603289604187012,0.4410262107849121,-0.943306028842926,0.6538160443305969,-31.591434478759766,-28.89546012878418,-32.89285659790039,53.98987278786612,672278482,1720697916
4.0,0,-2.8275954723358154,0.8379833698272705,8.614469528198242,0.4410262107849121,-0.9041569828987122,0.6428968906402588,-34.38404846191406,-28.89546012878418,-33.56758499145508,56.07132214282067,684278482,1720697916
4.0,0,-0.033519335091114044,-0.7422138452529907,9.85707950592041,0.43569982051849365,-0.9600841999053955,0.6420979499816895,-34.03497314453125,-29.595956802368164,-33.904945373535156,56.425573783338784,697278482,1720697916
4.0,0,1.158811330795288,-0.3280106484889984,10.66872501373291,0.44688525795936584,-0.9454366564750671,0.6484896540641785,-34.209510803222656,-29.420833587646484,-32.38681411743164,55.54081208503225,709278482,1720697916
4.0,0,0.011971191503107548,-1.3766870498657227,9.050220489501953,0.42744386196136475,-0.9457029700279236,0.6381031274795532,-36.653045654296875,-30.471576690673828,-33.398902893066406,58.20179942417646,722278482,1720697916
4.0,0,-2.50437331199646,0.7158772945404053,8.815585136413574,0.4452873170375824,-0.9259952306747437,0.6474242806434631,-36.129432678222656,-30.646699905395508,-33.904945373535156,58.2589172704402,734278482,1720697916
4.0,0,2.1236894130706787,0.806858241558075,9.603289604187012,0.43063971400260925,-0.9345174431800842,0.6269177198410034,-35.954891204833984,-32.222816467285156,-34.07362747192383,59.093791482111165,747278482,1720697916
4.0,0,-8.104496955871582,5.341545104980469,17.69102668762207,0.5329066514968872,-0.4982850253582001,0.5901654958724976,-38.39842987060547,-30.471576690673828,-33.398902893066406,59.31646581686996,759278482,1720697916
4.0,0,2.5977485179901123,1.1037437915802002,36.58635330200195,0.3454172611236572,-0.7006884217262268,0.27564138174057007,-38.74750518798828,-31.172073364257812,-32.38681411743164,59.34621339897702,772278482,1720697916
4.0,0,-39.22719955444336,14.544997215270996,24.95993423461914,0.05459563434123993,0.22876903414726257,0.09028254449367523,-38.39842987060547,-32.57306671142578,-31.71208953857422,59.507148431237646,784278482,1720697916
4.0,0,16.340675354003906,-2.602536916732788,21.64391326904297,-0.2471451312303543,0.10359854996204376,-0.16032473742961884,-38.04935073852539,-32.222816467285156,-30.700000762939453,58.55384735055544,797278482,1720697916
4.0,0,-0.5099727511405945,0.36392420530319214,2.3870553970336914,-0.22131206095218658,0.02077297307550907,-0.20746341347694397,-37.70027542114258,-31.872568130493164,-31.374725341796875,58.49397196580282,809278482,1720697916
4.0,0,2.3655073642730713,-3.763742446899414,-1.0055800676345825,-0.01384864840656519,0.1502045840024948,-0.0631178766489029,-38.39842987060547,-30.121328353881836,-30.700000762939453,57.65608281157033,822278482,1720697916
4.0,0,7.513119697570801,-1.9824292659759521,4.343148231506348,0.13049687445163727,0.04580707103013992,-0.005859043914824724,-39.096580505371094,-31.172073364257812,-32.38681411743164,59.57471354288415,834278482,1720697916
4.0,0,-0.31364521384239197,-0.16759668290615082,6.921742916107178,0.1914842128753662,0.04021434485912323,0.039681706577539444,-39.794734954833984,-31.522321701049805,-32.38681411743164,60.21779989527209,847278482,1720697916
4.0,0,-1.9560925960540771,0.5889825820922852,12.861847877502441,0.20693077147006989,0.021305613219738007,0.05086715519428253,-38.92204284667969,-30.646699905395508,-32.89285659790039,59.46499516202938,859278482,1720697916
4.0,0,-1.3120425939559937,0.23702958226203918,14.738929748535156,0.10732702910900116,-0.009054886177182198,-0.005859043914824724,-38.92204284667969,-30.646699905395508,-32.89285659790039,59.46499516202938,872278482,1720697916
4.0,0,-2.118900775909424,0.5410978198051453,11.9496431350708,0.025566738098859787,0.04447546973824501,-0.036752182990312576,-39.62019729614258,-30.646699905395508,-32.89285659790039,59.92428776420019,885224143,1720697916
4.0,0,0.8667142391204834,0.11731767654418945,8.336737632751465,0.003994802478700876,0.027430977672338486,-0.04554075002670288,-38.572967529296875,-30.29645347595215,-32.21813201904297,58.68353217073088,898224143,1720697916
4.0,0,1.972852349281311,-1.0343109369277954,7.151589870452881,0.05805779621005058,0.012250727973878384,-0.021039292216300964,-39.44565963745117,-31.172073364257812,-31.71208953857422,59.44169281710325,910224143,1720697916
4.0,0,1.5778030157089233,-1.25218665599823,8.427718162536621,0.09188045561313629,0.014913929626345634,0.009321206249296665,-39.44565963745117,-32.222816467285156,-31.71208953857422,59.999388232052304,923224143,1720697916
4.0,0,-0.23224110901355743,0.2250583916902542,10.122838973999023,0.11478398740291595,0.021039292216300964,0.017843451350927353,-39.62019729614258,-32.39794158935547,-31.880769729614258,60.297347632920314,935224143,1720697916
4.0,0,-1.4197832345962524,0.27773162722587585,11.762892723083496,0.08948357403278351,0.015180249698460102,0.015446570701897144,-39.62019729614258,-32.39794158935547,-31.880769729614258,60.297347632920314,948224143,1720697916
4.0,0,-1.170782446861267,0.10774072259664536,11.171515464782715,0.05139978975057602,0.01757713221013546,-0.013316008262336254,-37.70027542114258,-31.172073364257812,-32.38681411743164,58.667833208102614,960224143,1720697916
4.0,0,-0.11731767654418945,-0.2537892460823059,9.48597240447998,0.03914906829595566,0.027164656668901443,-0.032491061836481094,-38.92204284667969,-32.047691345214844,-31.543407440185547,59.47240110214553,973224143,1720697916
4.0,0,1.0845898389816284,-0.814041018486023,8.190689086914062,0.05246507376432419,0.02290353551506996,-0.02902889810502529,-38.22389221191406,-30.9969482421875,-31.880769729614258,58.636679772217356,985224143,1720697916
4.0,0,1.4126006364822388,-0.5243381857872009,9.239365577697754,0.0769665315747261,0.015180249698460102,-0.0018642412032932043,-37.17666244506836,-29.595956802368164,-32.21813201904297,57.41108708602094,998224143,1720697916
4.0,0,0.08619257807731628,-0.8284064531326294,9.758914947509766,0.09800582379102707,0.025034096091985703,0.007723285350948572,-38.74750518798828,-32.222816467285156,-31.71208953857422,59.54272148869306,10224143,1720697917
4.0,0,-0.4525110125541687,0.11971191316843033,10.321561813354492,0.08841829746961594,0.012783369049429893,0.005060083232820034,-38.572967529296875,-30.646699905395508,-32.55549621582031,59.05043922754386,23224143,1720697917
4.0,0,-0.6608097553253174,-0.050279002636671066,10.426907539367676,0.06471580266952515,0.013049688190221786,-0.006658004131168127,-37.17666244506836,-29.595956802368164,-30.868682861328125,56.664808048695015,36224143,1720697917
4.0,0,-0.15323124825954437,-0.26815468072891235,10.108473777770996,0.05859043821692467,0.0143812894821167,-0.0197076927870512,-39.794734954833984,-31.172073364257812,-30.700000762939453,59.14227874200182,48224143,1720697917
4.0,0,0.5698286890983582,-0.5027900338172913,9.409356117248535,0.06205260008573532,0.01384864840656519,-0.015180249698460102,-38.74750518798828,-31.522321701049805,-31.71208953857422,59.16656612158764,61224143,1720697917
4.0,0,0.7517908215522766,-0.27773162722587585,9.311192512512207,0.07164012640714645,0.014913929626345634,-0.009587526321411133,-38.74750518798828,-31.522321701049805,-31.71208953857422,59.16656612158764,73224143,1720697917
4.0,0,0.41180896759033203,-0.31603944301605225,9.711030960083008,0.07164012640714645,0.0098538463935256,-0.002130561275407672,-39.96927261352539,-30.9969482421875,-32.89285659790039,60.33484539429268,86224143,1720697917
4.0,0,-0.13886581361293793,-0.31603944301605225,10.18030071258545,0.06977588683366776,0.0098538463935256,0.000266320159425959,-37.874813079833984,-30.9969482421875,-31.543407440185547,58.22627258462255,98224143,1720697917
4.0,0,-0.16759668290615082,-0.15562549233436584,10.05340576171875,0.06285155564546585,0.012250727973878384,-0.0037284824065864086,-38.92204284667969,-31.347196578979492,-32.21813201904297,59.46074489540503,111224143,1720697917
4.0,0,-0.033519335091114044,-0.15323124825954437,9.727789878845215,0.06072099879384041,0.017310811206698418,-0.013049688190221786,-38.92204284667969,-31.697444915771484,-29.85659408569336,58.40436322694561,123224143,1720697917
4.0,0,0.3375875949859619,-0.26097196340560913,9.70384693145752,0.06551475822925568,0.015180249698460102,-0.014647609554231167,-38.74750518798828,-31.172073364257812,-31.037363052368164,58.62068936275279,136224143,1720697917
4.0,0,0.44532832503318787,-0.39026084542274475,9.684693336486816,0.06365051865577698,0.013049688190221786,-0.007989604957401752,-38.74750518798828,-31.172073364257812,-31.037363052368164,58.62068936275279,148224143,1720697917
4.0,0,0.22026991844177246,-0.23224110901355743,9.89059829711914,0.06551475822925568,0.010652806609869003,-0.004261122550815344,-39.096580505371094,-30.82182502746582,-31.71208953857422,59.02697796888496,161224143,1720697917
4.0,0,0.09337528795003891,-0.24181805551052094,9.873838424682617,0.06604740023612976,0.01757713221013546,-0.002663201652467251,-39.44565963745117,-31.172073364257812,-33.06153869628906,60.17244853773639,173224143,1720697917
4.0,0,-0.059855956584215164,-0.24660654366016388,9.85707950592041,0.06258523464202881,0.020240332931280136,-0.007989604957401752,-37.70027542114258,-31.522321701049805,-32.0494499206543,58.66970915618221,186224143,1720697917
4.0,0,0.11731767654418945,-0.217875674366951,9.881021499633789,0.06471580266952515,0.011185446754097939,-0.00825592502951622,-38.04935073852539,-30.471576690673828,-32.724178314208984,58.71236602266242,198224143,1720697917
4.0,0,0.2753373980522156,-0.2561835050582886,9.778068542480469,0.06231892108917236,0.012250727973878384,-0.004261122550815344,-38.22389221191406,-30.29645347595215,-31.880769729614258,58.269413139324186,211224143,1720697917
4.0,0,0.2082987278699875,-0.2801258862018585,9.397384643554688,0.06338419765233994,0.016245530918240547,-0.002663201652467251,-39.271121978759766,-30.646699905395508,-32.89285659790039,59.69406378972734,223224143,1720697917
4.0,0,0.1795678734779358,-0.2801258862018585,9.586529731750488,0.06950956583023071,0.010652806609869003,-0.0018642412032932043,-38.92204284667969,-30.646699905395508,-31.543407440185547,58.729312846207314,236224143,1720697917
4.0,0,0.217875674366951,-0.289702832698822,9.897780418395996,0.07164012640714645,0.00878856610506773,-0.007989604957401752,-37.874813079833984,-30.646699905395508,-31.880769729614258,58.224609569119664,248224143,1720697917
4.0,0,0.217875674366951,-0.289702832698822,9.950454711914062,0.0663137212395668,0.0143812894821167,-0.00719064474105835,-38.22389221191406,-30.646699905395508,-32.55549621582031,58.82300982419791,261224143,1720697917
4.0,0,0.18435634672641754,-0.24660654366016388,9.845107078552246,0.06205260008573532,0.012250727973878384,-0.007989604957401752,-40.14381408691406,-31.872568130493164,-33.06153869628906,60.99550597907904,273224143,1720697917
4.0,0,0.1699909120798111,-0.3208279311656952,9.708635330200195,0.06418316066265106,0.011984407901763916,-0.006391684524714947,-38.92204284667969,-30.9969482421875,-32.21813201904297,59.276844133979516,286224143,1720697917
4.0,0,0.13647158443927765,-0.3184336721897125,9.636809349060059,0.06764532625675201,0.014647609554231167,-0.007456964813172817,-40.31835174560547,-31.347196578979492,-31.206045150756836,59.850091685766245,298224143,1720697917
4.0,0,0.12450038641691208,-0.21308720111846924,9.811588287353516,0.06844428181648254,0.013316008262336254,-0.005859043914824724,-39.096580505371094,-31.522321701049805,-33.06153869628906,60.1270713872184,311224143,1720697917
4.0,0,0.19393329322338104,-0.289702832698822,9.952848434448242,0.06791163980960846,0.010386486537754536,-0.005859043914824724,-39.271121978759766,-30.646699905395508,-30.868682861328125,58.60304444442499,323224143,1720697917
4.0,0,0.05746171623468399,-0.2657604515552521,9.900175094604492,0.0644494816660881,0.014647609554231167,-0.007989604957401752,-38.22389221191406,-31.347196578979492,-30.868682861328125,58.28025609743372,336224143,1720697917
4.0,0,0.03830781206488609,-0.217875674366951,9.687088012695312,0.06604740023612976,0.013582328334450722,-0.006125363986939192,-38.22389221191406,-31.347196578979492,-30.868682861328125,58.28025609743372,348224143,1720697917
4.0,0,0.11731767654418945,-0.289702832698822,9.608078002929688,0.06977588683366776,0.016245530918240547,-0.00878856610506773,-39.794734954833984,-30.82182502746582,-30.700000762939453,58.958424970428844,361224143,1720697917
4.0,0,0.22984686493873596,-0.28730857372283936,9.900175094604492,0.06924324482679367,0.009054886177182198,-0.004527443088591099,-38.39842987060547,-31.172073364257812,-31.71208953857422,58.75197185845788,373224143,1720697917
4.0,0,0.17238515615463257,-0.2537892460823059,9.828347206115723,0.06764532625675201,0.012783369049429893,-0.007989604957401752,-38.39842987060547,-29.420833587646484,-32.0494499206543,58.02751162798834,386224143,1720697917
4.0,0,0.12928886711597443,-0.21069295704364777,9.84271240234375,0.0631178766489029,0.014114969410002232,-0.006125363986939192,-37.52573776245117,-30.29645347595215,-33.230220794677734,58.56879426708236,398224143,1720697917
4.0,0,0.13407734036445618,-0.2992797791957855,9.768491744995117,0.0700422003865242,0.012250727973878384,-0.007456964813172817,-38.92204284667969,-30.646699905395508,-32.21813201904297,59.09444699163044,411224143,1720697917
4.0,0,0.13407734036445618,-0.29688555002212524,9.73257827758789,0.0681779608130455,0.015979209914803505,-0.005859043914824724,-38.92204284667969,-30.646699905395508,-32.21813201904297,59.09444699163044,423224143,1720697917
4.0,0,0.1891448199748993,-0.2992797791957855,9.847502708435059,0.07217276096343994,0.012517048045992851,-0.004793763160705566,-38.74750518798828,-29.771080017089844,-31.71208953857422,58.25240756037207,436224143,1720697917
4.0,0,0.1604139655828476,-0.25857773423194885,9.828347206115723,0.0681779608130455,0.0143812894821167,-0.006391684524714947,-41.016502380371094,-28.194965362548828,-33.230220794677734,59.84611193199896,448224143,1720697917
4.0,0,0.10055800527334213,-0.22984686493873596,9.871444702148438,0.07084116339683533,0.011185446754097939,-0.005060083232820034,-38.74750518798828,-31.172073364257812,-32.38681411743164,59.34621339897702,461224143,1720697917
4.0,0,0.10534647852182388,-0.3208279311656952,9.742155075073242,0.06418316066265106,0.014114969410002232,-0.005060083232820034,-39.96927261352539,-30.646699905395508,-32.21813201904297,59.78938868346257,474224143,1720697917
4.0,0,0.217875674366951,-0.2537892460823059,9.758914947509766,0.06871060281991959,0.011718087829649448,-0.004261122550815344,-39.096580505371094,-30.471576690673828,-32.38681411743164,59.21119253912768,486224143,1720697917
4.0,0,0.12450038641691208,-0.2729431688785553,9.778068542480469,0.06977588683366776,0.014114969410002232,-0.005326403304934502,-37.874813079833984,-29.946205139160156,-32.55549621582031,58.23346977406821,499224143,1720697917
4.0,0,0.11013495922088623,-0.29688555002212524,9.780463218688965,0.06524843722581863,0.010386486537754536,-0.006924324203282595,-39.794734954833984,-30.471576690673828,-32.724178314208984,59.85824723863244,511224143,1720697917
4.0,0,0.09337528795003891,-0.27773162722587585,9.813982009887695,0.06231892108917236,0.0143812894821167,-0.005859043914824724,-37.52573776245117,-30.29645347595215,-32.21813201904297,58.000552744204676,524224143,1720697917
4.0,0,0.14604853093624115,-0.2442122995853424,9.744549751281738,0.06897692382335663,0.010652806609869003,-0.004793763160705566,-38.572967529296875,-31.347196578979492,-31.880769729614258,59.05001300533357,536224143,1720697917
4.0,0,0.07422138750553131,-0.289702832698822,9.744549751281738,0.07297173142433167,0.011718087829649448,-0.0037284824065864086,-38.572967529296875,-31.347196578979492,-31.880769729614258,59.05001300533357,549224143,1720697917
4.0,0,0.19393329322338104,-0.25139501690864563,9.845107078552246,0.06924324482679367,0.013316008262336254,-0.007723285350948572,-39.44565963745117,-31.172073364257812,-32.38681411743164,59.804380698552386,561224143,1720697917
4.0,0,0.06225019320845604,-0.2920970618724823,9.75173282623291,0.06578107923269272,0.010386486537754536,-0.007456964813172817,-38.22389221191406,-30.29645347595215,-32.21813201904297,58.45467526079535,574224143,1720697917
4.0,0,0.1891448199748993,-0.217875674366951,9.821165084838867,0.06897692382335663,0.01145176775753498,-0.004527443088591099,-38.74750518798828,-30.121328353881836,-33.06153869628906,59.17540807685033,586224143,1720697917
4.0,0,0.16759668290615082,-0.289702832698822,9.715819358825684,0.06737900525331497,0.012783369049429893,-0.007989604957401752,-38.92204284667969,-32.39794158935547,-31.206045150756836,59.48419363610078,599224143,1720697917
4.0,0,0.1987217664718628,-0.31603944301605225,9.80919361114502,0.06977588683366776,0.013316008262336254,-0.0034621621016412973,-38.04935073852539,-31.522321701049805,-31.71208953857422,58.71172353074253,611224143,1720697917
4.0,0,0.2250583916902542,-0.2729431688785553,9.80679988861084,0.06737900525331497,0.014114969410002232,-0.009054886177182198,-38.04935073852539,-31.522321701049805,-31.71208953857422,58.71172353074253,624224143,1720697917
4.0,0,0.07661562412977219,-0.31364521384239197,9.85947322845459,0.0700422003865242,0.0143812894821167,-0.006658004131168127,-39.096580505371094,-30.471576690673828,-32.0494499206543,59.02733971173957,636224143,1720697917
4.0,0,0.06225019320845604,-0.2801258862018585,9.813982009887695,0.0663137212395668,0.014647609554231167,-0.006391684524714947,-38.39842987060547,-31.172073364257812,-32.38681411743164,59.11889125340179,649224143,1720697917
4.0,0,0.014365429058670998,-0.2250583916902542,9.746943473815918,0.0663137212395668,0.012250727973878384,-0.006924324203282595,-40.31835174560547,-30.646699905395508,-31.880769729614258,59.84290418359077,661224143,1720697917
4.0,0,0.014365429058670998,-0.2250583916902542,9.746943473815918,0.0663137212395668,0.012250727973878384,-0.006924324203282595,-39.271121978759766,-30.646699905395508,-31.880769729614258,59.14241046080795,674224143,1720697917
4.0,0,0.07422138750553131,-0.3495587706565857,9.730184555053711,0.06897692382335663,0.014114969410002232,-0.006658004131168127,-39.096580505371094,-29.771080017089844,-33.398902893066406,59.41671925525179,686224143,1720697917
4.0,0,0.18196210265159607,-0.22984686493873596,9.85707950592041,0.06764532625675201,0.012517048045992851,-0.0037284824065864086,-39.96927261352539,-33.09843826293945,-30.19395637512207,60.03935684434586,699224143,1720697917
4.0,0,0.1316830962896347,-0.26815468072891235,9.775674819946289,0.06658004224300385,0.015446570701897144,-0.004261122550815344,-39.096580505371094,-31.872568130493164,-31.71208953857422,59.582378513688425,711224143,1720697917
4.0,0,0.13407734036445618,-0.27054890990257263,9.770886421203613,0.06578107923269272,0.012517048045992851,-0.00825592502951622,-40.14381408691406,-29.771080017089844,-31.037363052368164,58.83163196846739,724224143,1720697917
4.0,0,0.18435634672641754,-0.2801258862018585,9.854684829711914,0.06711268424987793,0.010386486537754536,-0.00719064474105835,-38.74750518798828,-32.222816467285156,-32.724178314208984,60.087859886317034,736224143,1720697917
4.0,0,0.18675057590007782,-0.22984686493873596,9.816376686096191,0.06791163980960846,0.01145176775753498,-0.006125363986939192,-38.572967529296875,-30.646699905395508,-32.89285659790039,59.23710031962739,749224143,1720697917
4.0,0,0.15562549233436584,-0.32322216033935547,9.780463218688965,0.06578107923269272,0.014114969410002232,-0.005859043914824724,-38.04935073852539,-31.172073364257812,-32.724178314208984,59.0789564548168,761224143,1720697917
4.0,0,0.14604853093624115,-0.30406826734542847,9.84031867980957,0.06658004224300385,0.012783369049429893,-0.005592723377048969,-38.74750518798828,-30.82182502746582,-31.037363052368164,58.43519454542276,774224143,1720697917
4.0,0,0.1221061497926712,-0.27773162722587585,9.746943473815918,0.06897692382335663,0.013582328334450722,-0.006391684524714947,-39.96927261352539,-30.29645347595215,-30.53131866455078,58.716090348993696,786224143,1720697917
4.0,0,0.17717362940311432,-0.25139501690864563,9.70384693145752,0.06711268424987793,0.012250727973878384,-0.002929521957412362,-38.92204284667969,-29.946205139160156,-31.880769729614258,58.5498428703965,799224143,1720697917
4.0,0,0.20590448379516602,-0.217875674366951,9.80919361114502,0.0700422003865242,0.013582328334450722,-0.006924324203282595,-37.874813079833984,-30.646699905395508,-31.880769729614258,58.224609569119664,811224143,1720697917
4.0,0,0.19393329322338104,-0.27773162722587585,9.837924003601074,0.06524843722581863,0.014647609554231167,-0.005859043914824724,-37.874813079833984,-30.646699905395508,-31.880769729614258,58.224609569119664,824224143,1720697917
4.0,0,0.23224110901355743,-0.289702832698822,9.782856941223145,0.06471580266952515,0.013049688190221786,-0.004527443088591099,-38.92204284667969,-30.29645347595215,-31.880769729614258,58.72975388278067,836224143,1720697917
4.0,0,0.14604853093624115,-0.28730857372283936,9.766098022460938,0.06950956583023071,0.014114969410002232,-0.0037284824065864086,-38.22389221191406,-30.646699905395508,-31.543407440185547,58.268968618441725,849224143,1720697917
4.0,0,0.09337528795003891,-0.2657604515552521,9.766098022460938,0.06844428181648254,0.010386486537754536,-0.007456964813172817,-37.70027542114258,-31.522321701049805,-32.38681411743164,58.85467917618405,861224143,1720697917
4.0,0,0.18675057590007782,-0.2729431688785553,9.778068542480469,0.06871060281991959,0.012783369049429893,-0.004793763160705566,-37.52573776245117,-30.9969482421875,-32.89285659790039,58.744632181290775,874224143,1720697917
4.0,0,0.217875674366951,-0.2633661925792694,9.84031867980957,0.06578107923269272,0.010652806609869003,-0.009321206249296665,-38.572967529296875,-31.347196578979492,-33.904945373535156,60.166983289506696,887224143,1720697917
4.0,0,0.1508370041847229,-0.2561835050582886,9.813982009887695,0.06897692382335663,0.010120166465640068,-0.005060083232820034,-38.572967529296875,-31.347196578979492,-33.904945373535156,60.166983289506696,899224143,1720697917
4.0,0,0.18435634672641754,-0.25857773423194885,9.80919361114502,0.0663137212395668,0.012250727973878384,-0.0037284824065864086,-38.572967529296875,-32.047691345214844,-33.56758499145508,60.34659150882434,912224143,1720697917
4.0,0,0.13886581361293793,-0.2992797791957855,9.825953483581543,0.07030852884054184,0.012250727973878384,-0.004261122550815344,-38.39842987060547,-31.172073364257812,-32.0494499206543,58.934750483657815,924224143,1720697917
4.0,0,0.15801972150802612,-0.2442122995853424,9.845107078552246,0.06950956583023071,0.01864241249859333,-0.006125363986939192,-37.874813079833984,-30.646699905395508,-32.89285659790039,58.78487642322447,937224143,1720697917
4.0,0,0.14844277501106262,-0.34237605333328247,9.84271240234375,0.06764532625675201,0.01384864840656519,-0.006658004131168127,-39.271121978759766,-30.9969482421875,-31.543407440185547,59.14404766954179,949224143,1720697917
4.0,0,0.16520243883132935,-0.28730857372283936,9.727789878845215,0.06658004224300385,0.01651185005903244,-0.005859043914824724,-39.271121978759766,-30.9969482421875,-31.543407440185547,59.14404766954179,962224143,1720697917
4.0,0,0.14844277501106262,-0.16759668290615082,9.75412654876709,0.06791163980960846,0.011984407901763916,-0.006658004131168127,-38.22389221191406,-29.946205139160156,-32.21813201904297,58.27391499514314,974224143,1720697917
4.0,0,0.19632753729820251,-0.30646249651908875,9.766098022460938,0.06578107923269272,0.011718087829649448,-0.004793763160705566,-39.44565963745117,-31.872568130493164,-32.0494499206543,59.99156527115375,987224143,1720697917
4.0,0,0.19153906404972076,-0.21069295704364777,9.854684829711914,0.06524843722581863,0.016778171062469482,-0.005592723377048969,-38.74750518798828,-31.522321701049805,-32.38681411743164,59.530930216104665,999224143,1720697917
4.0,0,0.20111601054668427,-0.2729431688785553,9.813982009887695,0.06551475822925568,0.010919126681983471,-0.006391684524714947,-38.22389221191406,-32.39794158935547,-32.55549621582031,59.75410353200527,12224143,1720697918
4.0,0,0.1221061497926712,-0.23224110901355743,9.823558807373047,0.06551475822925568,0.017310811206698418,-0.006924324203282595,-39.44565963745117,-30.121328353881836,-32.38681411743164,59.26348129086816,24224143,1720697918
4.0,0,0.13647158443927765,-0.2825201153755188,9.770886421203613,0.0681779608130455,0.016245530918240547,-0.006924324203282595,-39.096580505371094,-29.771080017089844,-32.38681411743164,58.85376403658477,37224143,1720697918
4.0,0,0.14604853093624115,-0.2992797791957855,9.830741882324219,0.06604740023612976,0.012250727973878384,-0.0031958422623574734,-40.492889404296875,-31.872568130493164,-32.0494499206543,60.6852694791584,49224143,1720697918
4.0,0,0.2082987278699875,-0.25139501690864563,9.845107078552246,0.06764532625675201,0.011185446754097939,-0.004261122550815344,-38.04935073852539,-30.82182502746582,-32.724178314208984,58.894905008728784,62224143,1720697918
4.0,0,0.19393329322338104,-0.2920970618724823,9.816376686096191,0.06604740023612976,0.014114969410002232,-0.007723285350948572,-39.096580505371094,-30.471576690673828,-33.06153869628906,59.582924854313745,74224143,1720697918
4.0,0,0.1699909120798111,-0.2825201153755188,9.792434692382812,0.06551475822925568,0.012517048045992851,-0.006658004131168127,-39.62019729614258,-32.047691345214844,-33.904945373535156,61.20751485827394,87224143,1720697918
4.0,0,0.16520243883132935,-0.2753373980522156,9.775674819946289,0.06844428181648254,0.011185446754097939,-0.007989604957401752,-39.794734954833984,-29.420833587646484,-30.02527618408203,57.885435033761965,99224143,1720697918
4.0,0,0.1604139655828476,-0.2801258862018585,9.768491744995117,0.06391683965921402,0.014647609554231167,-0.005592723377048969,-40.31835174560547,-30.646699905395508,-32.55549621582031,60.20506653457022,112224143,1720697918
4.0,0,0.1604139655828476,-0.27054890990257263,9.737366676330566,0.06551475822925568,0.0143812894821167,-0.006658004131168127,-39.096580505371094,-31.522321701049805,-32.724178314208984,59.942232348967316,124224143,1720697918
4.0,0,0.1221061497926712,-0.19393329322338104,9.813982009887695,0.0663137212395668,0.011984407901763916,-0.005326403304934502,-37.17666244506836,-30.646699905395508,-33.230220794677734,58.528386443750165,137224143,1720697918
4.0,0,0.1316830962896347,-0.34237605333328247,9.775674819946289,0.06551475822925568,0.015446570701897144,-0.005592723377048969,-38.572967529296875,-33.79893112182617,-33.230220794677734,61.11046672262595,149224143,1720697918
4.0,0,0.18675057590007782,-0.2346353530883789,9.84031867980957,0.0700422003865242,0.011984407901763916,-0.002929521957412362,-38.572967529296875,-33.79893112182617,-33.230220794677734,61.11046672262595,162224143,1720697918
4.0,0,0.18675057590007782,-0.3184336721897125,9.778068542480469,0.06924324482679367,0.0143812894821167,-0.006391684524714947,-37.52573776245117,-30.646699905395508,-32.55549621582031,58.371752959508704,174224143,1720697918
4.0,0,0.13647158443927765,-0.2729431688785553,9.799616813659668,0.06604740023612976,0.0098538463935256,-0.004261122550815344,-37.70027542114258,-31.172073364257812,-31.71208953857422,58.29807499016779,187224143,1720697918
4.0,0,0.15323124825954437,-0.24181805551052094,9.797223091125488,0.0681779608130455,0.01384864840656519,-0.006125363986939192,-37.00212097167969,-30.471576690673828,-30.700000762939453,56.92243836364459,199224143,1720697918
4.0,0,0.12689462304115295,-0.2442122995853424,9.770886421203613,0.06711268424987793,0.014647609554231167,-0.007456964813172817,-39.271121978759766,-29.595956802368164,-32.21813201904297,58.78902713359656,212224143,1720697918
4.0,0,0.11013495922088623,-0.3280106484889984,9.723001480102539,0.06604740023612976,0.013582328334450722,-0.006658004131168127,-39.44565963745117,-31.172073364257812,-31.037363052368164,59.084482965536935,224224143,1720697918
4.0,0,0.15323124825954437,-0.23224110901355743,9.802011489868164,0.06924324482679367,0.013049688190221786,-0.005859043914824724,-38.74750518798828,-30.121328353881836,-31.037363052368164,58.06876514392271,237224143,1720697918
4.0,0,0.1316830962896347,-0.24900077283382416,9.792434692382812,0.0644494816660881,0.01384864840656519,-0.004793763160705566,-38.74750518798828,-31.172073364257812,-32.724178314208984,59.530993293073784,249224143,1720697918
4.0,0,0.20111601054668427,-0.2753373980522156,9.790040016174316,0.06924324482679367,0.012783369049429893,-0.00719064474105835,-38.39842987060547,-30.82182502746582,-33.06153869628906,59.30842819968966,262224143,1720697918
4.0,0,0.14365428686141968,-0.2849143445491791,9.811588287353516,0.06391683965921402,0.011984407901763916,-0.003994802478700876,-39.271121978759766,-29.946205139160156,-31.543407440185547,58.60019433965081,274224143,1720697918
4.0,0,0.18196210265159607,-0.29688555002212524,9.818770408630371,0.06764532625675201,0.012517048045992851,-0.005592723377048969,-38.572967529296875,-32.047691345214844,-33.230220794677734,60.15958708832186,287224143,1720697918
4.0,0,0.13647158443927765,-0.23942382633686066,9.869050025939941,0.06871060281991959,0.013049688190221786,-0.004527443088591099,-38.22389221191406,-29.595956802368164,-32.21813201904297,58.09470393824336,299224143,1720697918
4.0,0,0.12928886711597443,-0.27054890990257263,9.799616813659668,0.06338419765233994,0.012517048045992851,-0.006658004131168127,-38.572967529296875,-29.946205139160156,-32.21813201904297,58.503479016630585,312224143,1720697918
4.0,0,0.15562549233436584,-0.3208279311656952,9.773280143737793,0.06684636324644089,0.015446570701897144,-0.006924324203282595,-38.04935073852539,-31.172073364257812,-34.41099166870117,60.02972261366377,324224143,1720697918
4.0,0,0.17477938532829285,-0.26097196340560913,9.828347206115723,0.06924324482679367,0.0098538463935256,-0.006658004131168127,-37.52573776245117,-31.347196578979492,-33.56758499145508,59.3094468877935,337224143,1720697918
4.0,0,0.10055800527334213,-0.2729431688785553,9.761309623718262,0.06871060281991959,0.0143812894821167,-0.005592723377048969,-36.47850799560547,-32.047691345214844,-33.56758499145508,59.029813046478225,349224143,1720697918
4.0,0,33.591163635253906,-2.063833475112915,14.281630516052246,0.2764403223991394,-0.30174073576927185,-0.12303992360830307,-36.47850799560547,-32.047691345214844,-33.56758499145508,59.029813046478225,362224143,1720697918
4.0,0,8.650382995605469,-0.45729950070381165,19.663877487182617,0.16165633499622345,-0.19547900557518005,0.5696588754653931,-37.351200103759766,-30.471576690673828,-34.07362747192383,59.0308497677457,374224143,1720697918
4.0,0,24.986270904541016,1.2713404893875122,25.44356918334961,0.14088337123394012,-0.32943806052207947,0.9081517457962036,-39.794734954833984,-30.471576690673828,-31.71208953857422,59.31099846608259,387224143,1720697918
4.0,0,20.20497703552246,-3.2346158027648926,14.513871192932129,0.0015979211311787367,-0.9425070881843567,1.0463719367980957,-39.62019729614258,-28.89546012878418,-32.89285659790039,59.04784217064548,400224143,1720697918
4.0,0,18.411691665649414,1.2881001234054565,13.441252708435059,0.14114968478679657,-0.4295744299888611,1.6908668279647827,-41.191043853759766,-32.92331314086914,-32.724178314208984,62.06060335087174,412224143,1720697918
4.0,0,26.65984344482422,-4.781293869018555,11.937671661376953,0.13742120563983917,-1.270879864692688,1.7550499439239502,-41.36558151245117,-31.697444915771484,-31.880769729614258,61.091921123863,425224143,1720697918
4.0,0,-0.9241759777069092,9.871444702148438,9.177115440368652,0.3552711009979248,-0.7467617392539978,2.3934192657470703,-41.36558151245117,-31.697444915771484,-31.880769729614258,61.091921123863,437224143,1720697918
4.0,0,39.22600173950195,2.6695754528045654,20.509044647216797,0.35926592350006104,-1.5449233055114746,2.489561080932617,-44.1581916809082,-29.595956802368164,-31.880769729614258,61.9858857331906,450224143,1720697918
4.0,0,-14.8370943069458,15.402134895324707,12.756500244140625,0.4082688093185425,-0.9137444496154785,2.946566343307495,-45.554500579833984,-30.646699905395508,-32.89285659790039,64.00291206921372,462224143,1720697918
4.0,0,-39.22719955444336,19.431638717651367,-5.727018356323242,0.21998046338558197,-0.8796555399894714,2.5926270484924316,-47.8234977722168,-29.771080017089844,-31.037363052368164,64.31735418841248,475224143,1720697918
4.0,0,-13.86982250213623,9.813982009887695,-0.04549052566289902,0.3941538631916046,-1.1222732067108154,1.7222925424575806,-47.8234977722168,-29.070585250854492,-30.362638473510742,63.67162382937582,487224143,1720697918
4.0,0,1.7645535469055176,0.17238515615463257,5.626460075378418,0.5643324255943298,-1.0836567878723145,1.7060469388961792,-49.21980285644531,-29.070585250854492,-30.362638473510742,64.72694751900212,500224143,1720697918
4.0,0,-5.054236888885498,5.597728729248047,9.629626274108887,0.6357062458992004,-0.9707369804382324,1.7079112529754639,-50.7906494140625,-30.29645347595215,-31.206045150756836,66.86839623524565,512224143,1720697918
4.0,0,7.434109687805176,4.393426895141602,16.481935501098633,0.5230528116226196,-1.1089571714401245,1.6911331415176392,-50.616111755371094,-29.070585250854492,-30.02527618408203,65.63997947889547,525224143,1720697918
4.0,0,9.723001480102539,4.841149806976318,16.30476188659668,0.49189335107803345,-0.9435723423957825,1.7145692110061646,-50.616111755371094,-29.420833587646484,-29.687911987304688,65.6425802082014,537224143,1720697918
4.0,0,11.849085807800293,2.9736437797546387,10.738158226013184,0.41812267899513245,-0.9584863185882568,1.8498599529266357,-53.05964660644531,-28.7203369140625,-30.02527618408203,67.39214390704994,550224143,1720697918
4.0,0,1.7908902168273926,2.679152727127075,6.7948479652404785,0.4266449213027954,-0.9302563667297363,1.9867485761642456,-53.05964660644531,-28.7203369140625,-30.02527618408203,67.39214390704994,562224143,1720697918
4.0,0,-0.1221061497926712,2.9520957469940186,5.501959800720215,0.541695237159729,-0.8980316519737244,1.956387996673584,-53.7578010559082,-28.370088577270508,-30.02527618408203,67.79587236830265,575224143,1720697918
4.0,0,-0.34477031230926514,3.2274329662323,10.122838973999023,0.6436958909034729,-1.006157636642456,1.9140430688858032,-56.5504150390625,-26.969097137451172,-27.66373634338379,68.48769195976571,587224143,1720697918
4.0,0,-0.3567414879798889,5.3247857093811035,11.135601997375488,0.6831112504005432,-0.9350500702857971,1.8708992004394531,-56.026798248291016,-27.494468688964844,-29.181869506835938,68.89506105924556,600224143,1720697918
4.0,0,0.18435634672641754,3.890637159347534,9.29682731628418,0.6876387000083923,-0.9632800817489624,1.8447997570037842,-57.248565673828125,-25.568103790283203,-28.675825119018555,68.94511693657384,612224143,1720697918
4.0,0,8.231390953063965,3.275317907333374,8.65995979309082,0.5941603183746338,-0.9465019106864929,1.8341469764709473,-59.34302520751953,-26.61884880065918,-27.66373634338379,70.67842712404476,625224143,1720697918
4.0,0,-1.058253288269043,5.37027645111084,8.284064292907715,0.6514191031455994,-0.8977653384208679,1.8296196460723877,-59.34302520751953,-26.61884880065918,-27.66373634338379,70.67842712404476,637224143,1720697918
4.0,0,2.3391706943511963,4.237801551818848,8.664748191833496,0.7089442610740662,-0.9009611010551453,1.84879469871521,-58.99394989013672,-25.217857360839844,-25.30219841003418,68.96685941734887,650224143,1720697918
4.0,0,2.7749221324920654,1.2330327033996582,7.685504913330078,0.7510228753089905,-0.8900420069694519,1.8312175273895264,-61.26294708251953,-24.69248390197754,-25.133516311645508,70.67220874341454,662224143,1720697918
4.0,0,-1.6328704357147217,5.068602085113525,8.157169342041016,0.8125428557395935,-0.8807207942008972,1.817635178565979,-60.91387176513672,-26.093477249145508,-25.133516311645508,70.87357032462063,675224143,1720697918
4.0,0,0.9265702366828918,6.148403644561768,9.428509712219238,0.8218640089035034,-0.8953683972358704,1.79153573513031,-61.96110153198242,-23.291492462158203,-24.796154022216797,70.68607344070617,687224143,1720697918
4.0,0,7.989573001861572,4.051051139831543,10.2952241897583,0.7848455309867859,-0.9339848160743713,1.7907367944717407,-63.53194808959961,-27.669591903686523,-24.290111541748047,73.42972329300102,700224143,1720697918
4.0,0,3.7805020809173584,4.2665324211120605,10.110868453979492,0.8418380618095398,-0.9233320355415344,1.774224877357483,-63.18286895751953,-23.816864013671875,-23.27802276611328,71.42257545796365,712224143,1720697918
4.0,0,0.7517908215522766,4.18273401260376,8.413352966308594,0.8333157896995544,-0.8551540970802307,1.7899378538131714,-63.35740661621094,-24.34223747253418,-22.434616088867188,71.48438638860934,725224143,1720697918
4.0,0,3.715857744216919,3.229827404022217,9.339923858642578,0.9022927284240723,-0.8578172922134399,1.7731596231460571,-65.80094146728516,-22.94124412536621,-23.784067153930664,73.63250933102456,737224143,1720697918
4.0,0,6.0502400398254395,3.7541656494140625,8.935297012329102,0.9153424501419067,-0.951029360294342,1.7324128150939941,-66.3245620727539,-22.76612091064453,-22.94066047668457,73.7801985533191,750224143,1720697918
4.0,0,0.35434725880622864,5.578575134277344,8.882623672485352,0.957953691482544,-0.8807207942008972,1.7388043403625488,-67.19725036621094,-23.291492462158203,-22.7719783782959,74.67614798016555,762224143,1720697918
4.0,0,0.5410978198051453,3.8547234535217285,7.9321112632751465,0.9515619874000549,-0.8077490925788879,1.7222925424575806,-67.72086334228516,-21.715375900268555,-21.928571701049805,74.42133524173366,775224143,1720697918
4.0,0,11.20024585723877,1.3575330972671509,8.90656566619873,0.9403765797615051,-0.9209351539611816,1.707378625869751,-66.49909973144531,-22.59099578857422,-20.747802734375,73.23219697726286,787224143,1720697918
4.0,0,-1.4126006364822388,3.462068557739258,7.6519856452941895,0.9915099740028381,-0.8636763095855713,1.669294834136963,-69.29170989990234,-21.190004348754883,-21.08516502380371,75.464836375848,800224143,1720697918
4.0,0,-0.7302426099777222,5.140429496765137,10.379022598266602,1.0692754983901978,-0.8109449148178101,1.684475064277649,-67.72086334228516,-22.065624237060547,-20.916484832763672,74.23278549640212,812224143,1720697918
4.0,0,3.3375680446624756,3.1580002307891846,8.506728172302246,1.1126856803894043,-0.7688663005828857,1.660506248474121,-68.94263458251953,-20.13926124572754,-18.38626480102539,74.13994496919933,825224143,1720697918
4.0,0,10.944063186645508,3.6967039108276367,11.140390396118164,1.0602205991744995,-0.911613941192627,1.6599736213684082,-68.94263458251953,-20.13926124572754,-18.38626480102539,74.13994496919933,837224143,1720697918
4.0,0,3.689521312713623,5.813210487365723,8.372651100158691,1.0828578472137451,-0.8767260313034058,1.6434617042541504,-70.68801879882812,-20.4895076751709,-19.060989379882812,76.0258984992244,850224143,1720697918
4.0,0,-2.166785478591919,5.942499160766602,7.165955066680908,1.1190773248672485,-0.7387721538543701,1.658642053604126,-69.98986053466797,-20.13926124572754,-18.7236270904541,75.19803609542156,862224143,1720697918
4.0,0,4.810024738311768,2.7485857009887695,8.482786178588867,1.1268006563186646,-0.7819160223007202,1.622422456741333,-71.03709411621094,-18.73826789855957,-17.036813735961914,75.41647331046089,875224143,1720697918
4.0,0,6.062211036682129,2.8252012729644775,9.711030960083008,1.1635527610778809,-0.8532898426055908,1.5782133340835571,-71.38616943359375,-18.03777313232422,-17.711538314819336,75.7300801231074,887224143,1720697918
4.0,0,1.3192253112792969,3.612905502319336,8.384622573852539,1.1877878904342651,-0.814140796661377,1.5979210138320923,-72.25886535644531,-17.512399673461914,-16.53076934814453,76.16622676859814,900224143,1720697918
4.0,0,-0.7039060592651367,3.3998184204101562,9.03106689453125,1.2074955701828003,-0.7174665331840515,1.5640983581542969,-72.25886535644531,-17.512399673461914,-16.53076934814453,76.16622676859814,913224143,1720697918
4.0,0,10.697457313537598,3.641636371612549,9.730184555053711,1.2213443517684937,-0.8080154061317444,1.5691584348678589,-72.78247833251953,-17.337276458740234,-13.325824737548828,75.99636775640222,925224143,1720697918
4.0,0,0.3782896399497986,4.048656940460205,7.402984619140625,1.2229422330856323,-0.7608767151832581,1.5036436319351196,-72.25886535644531,-18.2128963470459,-14.506593704223633,75.91768224102044,938224143,1720697918
4.0,0,6.651194095611572,5.243381977081299,8.892200469970703,1.2690155506134033,-0.7821823358535767,1.5414612293243408,-72.78247833251953,-16.987028121948242,-14.675274848937988,76.16568760624043,950224143,1720697918
4.0,0,-0.10055800527334213,5.885037899017334,6.608097076416016,1.2796684503555298,-0.6863070726394653,1.4788758754730225,-72.43340301513672,-14.535292625427246,-14.337912559509277,75.25588575403356,963224143,1720697918
4.0,0,4.69031286239624,3.842752456665039,9.265702247619629,1.2945822477340698,-0.7608767151832581,1.5126985311508179,-72.43340301513672,-14.535292625427246,-14.337912559509277,75.25588575403356,975224143,1720697918
4.0,0,3.30165433883667,3.0023748874664307,8.638411521911621,1.3465147018432617,-0.7012210488319397,1.424812912940979,-73.48062896728516,-16.63677978515625,-13.325824737548828,76.50988746550003,988224143,1720697918
4.0,0,1.8244094848632812,5.719834804534912,7.022300720214844,1.3515748977661133,-0.7270541191101074,1.4746147394180298,-73.48062896728516,-16.63677978515625,-12.65109920501709,76.39525892450915,224143,1720697919
4.0,0,1.8244094848632812,5.719834804534912,7.022300720214844,1.3515748977661133,-0.7270541191101074,1.4746147394180298,-72.95701599121094,-16.111408233642578,-11.470330238342285,75.59015897184979,13224143,1720697919
4.0,0,1.9536983966827393,3.790079116821289,7.340734481811523,1.396316647529602,-0.67032790184021,1.432269811630249,-72.25886535644531,-15.41091251373291,-11.807692527770996,74.82153065754002,25224143,1720697919
4.0,0,5.755748748779297,2.1859395503997803,8.588132858276367,1.3787394762039185,-0.6737899780273438,1.3787394762039185,-72.08432006835938,-15.586036682128906,-9.614835739135742,74.37418104063337,38224143,1720697919
4.0,0,2.094958543777466,5.592940330505371,8.087737083435059,1.4272098541259766,-0.7046831250190735,1.3814027309417725,-74.52786254882812,-12.784051895141602,-11.63901138305664,76.5068680899278,50224143,1720697919
4.0,0,2.1236894130706787,5.025506019592285,9.076557159423828,1.4530428647994995,-0.6444948315620422,1.3680866956710815,-75.40055084228516,-14.710416793823242,-9.44615364074707,77.40070573433181,63224143,1720697919
4.0,0,4.077387809753418,4.8124189376831055,7.259330749511719,1.4487817287445068,-0.6588761210441589,1.3582329750061035,-75.22601318359375,-11.733307838439941,-8.265384674072266,76.58289728222748,75224143,1720697919
4.0,0,9.330347061157227,4.027108669281006,9.744549751281738,1.4666252136230469,-0.6964272856712341,1.3284050226211548,-76.27324676513672,-15.235788345336914,-8.265384674072266,78.21799027340022,88224143,1720697919
4.0,0,-1.2976771593093872,2.171574115753174,5.966441631317139,1.468489408493042,-0.6173301339149475,1.3150889873504639,-76.27324676513672,-15.235788345336914,-8.265384674072266,78.21799027340022,100224143,1720697919
4.0,0,5.978412628173828,4.055839538574219,8.164352416992188,1.4935234785079956,-0.6383694410324097,1.2913864850997925,-75.74962615966797,-9.806943893432617,-9.783516883850098,77.00583883365579,113224143,1720697919
4.0,0,4.563417911529541,1.0558589696884155,7.376648426055908,1.514296531677246,-0.6458263993263245,1.253302812576294,-74.17878723144531,-15.235788345336914,-5.903846263885498,75.9570742086577,125224143,1720697919
4.0,0,6.983992576599121,2.6216909885406494,8.724604606628418,1.5057742595672607,-0.6514191031455994,1.2482426166534424,-75.22601318359375,-10.332316398620605,-8.602747917175293,76.41804167463263,138224143,1720697919
4.0,0,2.1763625144958496,5.511536598205566,8.01351547241211,1.5750174522399902,-0.5832412242889404,1.2319971323013306,-74.70240020751953,-13.659672737121582,-7.084615707397461,76.27074823135787,150224143,1720697919
4.0,0,6.009538173675537,3.943310499191284,8.7677001953125,1.584072470664978,-0.5933613181114197,1.1931143999099731,-75.22601318359375,-10.332316398620605,-5.229121208190918,76.11211158724593,163224143,1720697919
4.0,0,4.924948215484619,3.924156427383423,7.479599952697754,1.576349139213562,-0.6072099804878235,1.224007487297058,-75.22601318359375,-10.332316398620605,-5.229121208190918,76.11211158724593,175224143,1720697919
4.0,0,3.0071632862091064,4.285686492919922,7.043848991394043,1.591262936592102,-0.5699251890182495,1.1654170751571655,-75.05147552490234,-12.608928680419922,-6.409890174865723,76.37274221204036,188224143,1720697919
4.0,0,3.7972617149353027,5.578575134277344,7.271301746368408,1.6338741779327393,-0.5528806447982788,1.1699445247650146,-75.74962615966797,-8.756199836730957,-5.735165119171143,76.4693992251435,200224143,1720697919
4.0,0,5.080573558807373,3.7589540481567383,6.744569301605225,1.6368038654327393,-0.5550112128257751,1.100967526435852,-75.57508850097656,-11.383060455322266,-4.891758441925049,76.58392369103392,213224143,1720697919
4.0,0,4.082176208496094,4.355119228363037,9.423721313476562,1.6740885972976685,-0.5765831470489502,1.1196099519729614,-74.52786254882812,-9.281572341918945,-3.2049450874328613,75.17194659079112,225224143,1720697919
4.0,0,1.5801972150802612,3.452491521835327,6.088547706604004,1.6357383728027344,-0.480175256729126,1.0887168645858765,-74.52786254882812,-9.281572341918945,-3.2049450874328613,75.17194659079112,238224143,1720697919
4.0,0,5.485199451446533,3.1292693614959717,7.647197246551514,1.6906005144119263,-0.5392983555793762,1.075134515762329,-75.92416381835938,-7.180084228515625,-3.2049450874328613,76.33022949041296,250224143,1720697919
4.0,0,4.412580966949463,2.2338242530822754,6.744569301605225,1.6796813011169434,-0.5129326581954956,1.021870493888855,-76.09870147705078,-5.954216003417969,-6.072527885437012,76.57245359545468,263224143,1720697919
4.0,0,5.580969333648682,5.803633689880371,7.4173502922058105,1.7172324657440186,-0.5281128883361816,1.0415781736373901,-76.97139739990234,-8.931324005126953,-4.2170329093933105,77.60249952635003,275224143,1720697919
4.0,0,2.3918440341949463,1.3407734632492065,6.189105987548828,1.6802140474319458,-0.4317049980163574,1.0098860263824463,-74.17878723144531,-9.281572341918945,-2.192857265472412,74.7893620995195,288224143,1720697919
4.0,0,5.408584117889404,8.039852142333984,7.383831024169922,1.7499898672103882,-0.4996166527271271,0.9726012945175171,-75.92416381835938,-7.880580425262451,-2.8675825595855713,76.38589679444851,300224143,1720697919
4.0,0,2.1236894130706787,2.506767511367798,6.6679534912109375,1.7161672115325928,-0.406404584646225,0.9760634303092957,-74.87693786621094,-7.880580425262451,-0.1686813235282898,75.29068883632524,313224143,1720697919
4.0,0,12.043018341064453,-0.39026084542274475,33.1194953918457,1.5625004768371582,-0.2383565604686737,0.984585702419281,-75.40055084228516,-4.202976226806641,-3.373626470565796,75.59291919251454,325224143,1720697919
4.0,0,-35.22403335571289,-13.697437286376953,24.574460983276367,0.5406299233436584,-0.16751539707183838,0.7432995438575745,-76.44778442382812,-7.004960060119629,-3.710988998413086,76.85769088453225,338224143,1720697919
4.0,0,6.780482769012451,-3.943310499191284,23.377342224121094,0.590431809425354,-0.2458135187625885,-0.07856445014476776,-76.97139739990234,-4.3780999183654785,0.843406617641449,77.10042225118852,350224143,1720697919
4.0,0,2.657604455947876,-17.719757080078125,13.529840469360352,0.03435530140995979,-0.05885675922036171,-0.022370893508195877,-73.65516662597656,-6.654712200164795,-0.3373626470565796,73.95595025907667,363224143,1720697919
4.0,0,4.592148780822754,-14.552180290222168,15.002297401428223,0.10626175254583359,-0.0862877368927002,-0.09374470263719559,-73.65516662597656,-6.654712200164795,-0.3373626470565796,73.95595025907667,375224143,1720697919
4.0,0,12.040623664855957,4.996775150299072,8.049428939819336,0.03914906829595566,-0.02050665207207203,-0.2050665318965912,-74.87693786621094,-6.479588031768799,-1.1807692050933838,75.16605019021254,386853496,1720697919
4.0,0,8.164352416992188,6.785271167755127,2.6384506225585938,-0.009054886177182198,0.14780768752098083,-0.09161414206027985,-76.27324676513672,-7.880580425262451,0.5060439705848694,76.68094809295614,399853496,1720697919
4.0,0,6.217836380004883,9.706241607666016,8.353497505187988,0.015180249698460102,0.0700422003865242,-0.005592723377048969,-75.57508850097656,-6.129340171813965,-0.5060439705848694,75.82492264006879,411853496,1720697919
4.0,0,9.993550300598145,2.5211329460144043,4.242590427398682,-0.06977588683366776,0.04953555390238762,-0.000266320159425959,-76.27324676513672,-5.428843975067139,0.5060439705848694,76.467879527951,424853496,1720697919
4.0,0,8.535459518432617,0.9098105430603027,3.823598623275757,-0.014913929626345634,0.043676506727933884,0.06338419765233994,-76.27324676513672,-5.428843975067139,0.5060439705848694,76.467879527951,436853496,1720697919
4.0,0,6.229808330535889,0.1221061497926712,5.059025287628174,0.07670021057128906,0.049002911895513535,0.010386486537754536,-76.62232208251953,-7.530332088470459,-0.5060439705848694,76.99313101296876,449853496,1720697919
4.0,0,10.3383207321167,11.870633125305176,33.689327239990234,-0.29668065905570984,0.7148033380508423,-0.025566738098859787,-77.49501037597656,-7.705456256866455,-2.0241758823394775,77.90345292284445,461853496,1720697919
4.0,0,-7.05821418762207,-7.316792011260986,26.228879928588867,-1.0873852968215942,0.2894900441169739,-0.46739187836647034,-78.01862335205078,-4.728348255157471,-2.8675825595855713,78.2143586351461,474853496,1720697919
4.0,0,-12.26807689666748,3.167577028274536,19.46515655517578,-1.7989927530288696,1.0516983270645142,-0.4527443051338196,-76.62232208251953,-4.728348255157471,-1.855494499206543,76.7904966670746,486853496,1720697919
4.0,0,23.702959060668945,-9.981578826904297,19.106019973754883,-1.7989927530288696,0.7233256101608276,-1.044774055480957,-73.30609130859375,-6.304464340209961,-1.686813235282898,73.59602321084739,499853496,1720697919
4.0,0,-19.1467227935791,-12.495529174804688,9.557799339294434,-2.769996166229248,1.5542445182800293,-0.8453002572059631,-74.00424194335938,-6.654712200164795,-4.048351764678955,74.41305108708332,511853496,1720697919
4.0,0,24.045333862304688,10.438878059387207,5.099727153778076,-2.0727698802948,1.0799282789230347,-1.5180249214172363,-80.28762817382812,-7.705456256866455,-5.735165119171143,80.8601843483523,524853496,1720697919
4.0,0,14.865824699401855,-4.587360382080078,2.3080456256866455,-2.372380018234253,1.5150954723358154,-0.9568883776664734,-74.17878723144531,-5.779092311859131,-2.530219793319702,74.44657410035421,536853496,1720697919
4.0,0,14.264871597290039,10.87941837310791,9.821165084838867,-1.9630459547042847,1.3433189392089844,-1.2112241983413696,-77.49501037597656,-7.355208396911621,-4.385714530944824,77.96672505422845,549853496,1720697919
4.0,0,-2.9066052436828613,5.930528163909912,4.237801551818848,-2.177433729171753,1.527878761291504,-1.1156152486801147,-76.09870147705078,-6.654712200164795,-7.084615707397461,76.71694298316257,561853496,1720697919
4.0,0,8.7892484664917,-1.355138897895813,3.6775498390197754,-1.9601165056228638,1.3947187662124634,-1.2820652723312378,-76.09870147705078,-6.654712200164795,-7.084615707397461,76.71694298316257,574853496,1720697919
4.0,0,3.6775498390197754,2.523527145385742,6.904983043670654,-1.9270927906036377,1.5087038278579712,-1.190983772277832,-77.49501037597656,-8.055704116821289,-8.09670352935791,78.3321620410978,586853496,1720697919
4.0,0,10.79561996459961,0.05746171623468399,7.343128681182861,-1.9164400100708008,1.3350629806518555,-1.3467810153961182,-75.22601318359375,-6.829836368560791,-7.253296852111816,75.88287052783646,599853496,1720697919
4.0,0,13.774052619934082,3.021528720855713,6.689501762390137,-1.907651424407959,1.3337314128875732,-1.3574339151382446,-76.97139739990234,-6.829836368560791,-8.602747917175293,77.751205484169,611853496,1720697919
4.0,0,4.1133012771606445,2.7174603939056396,6.48599100112915,-1.8458651304244995,1.4639619588851929,-1.3537054061889648,-72.78247833251953,-8.931324005126953,-10.289560317993164,74.04682810388202,624853496,1720697919
4.0,0,0.768550455570221,8.36307430267334,9.040643692016602,-1.7776871919631958,1.4959203004837036,-1.4106979370117188,-72.78247833251953,-8.931324005126953,-10.289560317993164,74.04682810388202,636853496,1720697919
4.0,0,-0.26815468072891235,2.2338242530822754,5.51871919631958,-1.8200321197509766,1.6333415508270264,-1.499648928642273,-72.43340301513672,-8.230828285217285,-9.614835739135742,73.53087428355869,649853496,1720697919
4.0,0,3.6272706985473633,2.418180465698242,5.995172023773193,-1.6996554136276245,1.5936599969863892,-1.545722246170044,-75.74962615966797,-7.705456256866455,-13.494505882263184,77.32710785010889,661853496,1720697919
4.0,0,12.153153419494629,1.3120425939559937,9.318374633789062,-1.7116397619247437,1.4855338335037231,-1.543325424194336,-73.82970428466797,-7.530332088470459,-14.000550270080566,75.52182826169677,674853496,1720697919
4.0,0,16.824312210083008,3.5793862342834473,11.296015739440918,-1.686871886253357,1.402175784111023,-1.612302303314209,-70.33894348144531,-7.880580425262451,-11.976373672485352,71.78512411543207,686853496,1720697919
4.0,0,0.916993260383606,3.6488189697265625,7.757331371307373,-1.6791486740112305,1.5063068866729736,-1.6290805339813232,-71.73524475097656,-8.581076622009277,-14.337912559509277,73.65565797709935,699853496,1720697919
4.0,0,-3.021528720855713,5.300843238830566,6.375855922698975,-1.5976547002792358,1.7348096370697021,-1.6618378162384033,-71.73524475097656,-8.581076622009277,-14.337912559509277,73.65565797709935,711853496,1720697919
4.0,0,-6.912165641784668,2.248189687728882,5.858701229095459,-1.5656962394714355,1.7550499439239502,-1.7212272882461548,-72.08432006835938,-7.530332088470459,-15.012638092041016,74.01509578162367,724853496,1720697919
4.0,0,6.81400203704834,0.17717362940311432,8.923325538635254,-1.5321400165557861,1.6698274612426758,-1.7752902507781982,-70.51348114013672,-8.756199836730957,-16.868131637573242,73.02982899489552,736853496,1720697919
4.0,0,10.764494895935059,-0.24181805551052094,9.57455825805664,-1.5182913541793823,1.6421301364898682,-1.7952643632888794,-68.76809692382812,-8.405952453613281,-16.53076934814453,71.22483784761451,749853496,1720697919
4.0,0,7.584946632385254,4.814813137054443,9.550616264343262,-1.434933066368103,1.6522502899169922,-1.8163034915924072,-69.29170989990234,-10.682564735412598,-17.711538314819336,72.31290921858847,761853496,1720697919
4.0,0,2.3870553970336914,3.1556060314178467,9.292038917541504,-1.409366250038147,1.7627731561660767,-1.8546537160873413,-69.29170989990234,-9.631820678710938,-19.060989379882812,72.50816744739225,774853496,1720697919
4.0,0,-4.498773574829102,2.0805928707122803,6.967233180999756,-1.402175784111023,1.851191520690918,-1.8884762525558472,-68.59355926513672,-9.982068061828613,-18.7236270904541,71.8003639745175,786853496,1720697919
4.0,0,1.5035816431045532,-1.1157150268554688,7.745360374450684,-1.3459820747375488,1.8088465929031372,-1.9286906719207764,-66.3245620727539,-9.456696510314941,-18.89230728149414,69.60815984817575,799853496,1720697919
4.0,0,13.070146560668945,2.712671995162964,11.257708549499512,-1.3321335315704346,1.743598222732544,-1.9611817598342896,-66.67363739013672,-9.806943893432617,-21.591209411621094,70.76531915576194,811853496,1720697919
4.0,0,12.466798782348633,1.6951206922531128,10.000733375549316,-1.273543119430542,1.7369401454925537,-1.9851504564285278,-64.2301025390625,-10.15719223022461,-19.904396057128906,68.00632035759078,824853496,1720697919
4.0,0,-3.0334997177124023,0.3687126934528351,7.711841106414795,-1.2256053686141968,1.907651424407959,-2.0227017402648926,-66.1500244140625,-9.982068061828613,-21.422527313232422,70.24522823123456,836853496,1720697919
4.0,0,-4.982409954071045,1.6951206922531128,8.525882720947266,-1.1646180152893066,1.9212336540222168,-2.0464041233062744,-63.18286895751953,-12.25868034362793,-22.60329818725586,68.21480237025054,849853496,1720697919
4.0,0,2.243401288986206,1.8387749195098877,9.758914947509766,-1.1382523775100708,1.9193694591522217,-2.072237253189087,-63.008331298828125,-9.982068061828613,-22.434616088867188,67.62398609153945,861853496,1720697919
4.0,0,6.840338706970215,1.0319167375564575,10.345503807067871,-1.10629403591156,1.9342834949493408,-2.078096389770508,-62.13563919067383,-10.507440567016602,-24.627473831176758,67.65911935732154,874853496,1720697919
4.0,0,10.714216232299805,-0.10055800527334213,10.323955535888672,-1.049834132194519,1.8863457441329956,-2.115647315979004,-60.73933410644531,-9.806943893432617,-23.27802276611328,65.78228637044333,886853496,1720697919
4.0,0,2.219458818435669,-0.02633661963045597,9.165143966674805,-0.9925752282142639,1.948664665222168,-2.1473395824432373,-57.946720123291016,-12.608928680419922,-24.96483612060547,64.34322418128907,899853496,1720697919
4.0,0,3.6440305709838867,-1.0390993356704712,9.787646293640137,-0.9813898205757141,1.9465341567993164,-2.1718409061431885,-57.946720123291016,-12.608928680419922,-24.96483612060547,64.34322418128907,911853496,1720697919
4.0,0,-6.478808403015137,0.1221061497926712,7.908168792724609,-0.8943031430244446,2.0503990650177,-2.1896843910217285,-58.29579544067383,-11.20793628692627,-25.63956069946289,64.6637817849693,924853496,1720697919
4.0,0,-4.620879650115967,0.9026277661323547,8.308006286621094,-0.8492950201034546,2.134023666381836,-2.2093920707702637,-54.28141403198242,-11.733307838439941,-27.15769386291504,61.81976025588345,937853496,1720697919
4.0,0,6.615280628204346,1.0606476068496704,11.018284797668457,-0.8237283229827881,2.017641544342041,-2.2091257572174072,-54.455955505371094,-12.608928680419922,-27.66373634338379,62.36760762565072,949853496,1720697919
4.0,0,7.2569355964660645,0.023942383006215096,11.482767105102539,-0.7768559455871582,2.0155110359191895,-2.2298989295959473,-55.5031852722168,-11.20793628692627,-29.013187408447266,63.623788434606006,962853496,1720697919
4.0,0,3.0885672569274902,-0.08858681470155716,9.416539192199707,-0.7494249939918518,2.035485029220581,-2.2866249084472656,-55.5031852722168,-11.20793628692627,-29.013187408447266,63.623788434606006,974853496,1720697919
4.0,0,-3.687126636505127,-3.0574424266815186,8.518699645996094,-0.6823122501373291,2.132425546646118,-2.297544240951538,-50.26703643798828,-13.30942440032959,-29.013187408447266,59.54561926560016,987853496,1720697919
4.0,0,-1.8172268867492676,-0.03591357171535492,9.205845832824707,-0.6117374300956726,2.1808958053588867,-2.279168128967285,-49.9179573059082,-11.558184623718262,-28.338462829589844,58.5530748034164,999853496,1720697919
4.0,0,-1.4556968212127686,1.769342064857483,9.088528633117676,-0.5731210112571716,2.153198719024658,-2.2794344425201416,-47.64896011352539,-11.383060455322266,-29.85659408569336,57.37084342789214,12853496,1720697920
4.0,0,-0.30646249651908875,1.27373468875885,10.407753944396973,-0.5233191251754761,2.190483331680298,-2.3257739543914795,-46.60173034667969,-11.032812118530273,-30.19395637512207,56.6137723184934,24853496,1720697920
4.0,0,0.2944912910461426,-0.4142032265663147,9.45724105834961,-0.5100031495094299,2.2128543853759766,-2.352139711380005,-45.9035758972168,-11.383060455322266,-29.51923179626465,55.75031292578245,37853496,1720697920
4.0,0,-0.10295224189758301,-2.813230037689209,9.84031867980957,-0.4759141504764557,2.1931464672088623,-2.348677635192871,-44.1581916809082,-13.134300231933594,-31.543407440185547,55.834060286244224,49853496,1720697920
4.0,0,-0.1412600576877594,-2.9808266162872314,9.682299613952637,-0.39628443121910095,2.2402851581573486,-2.3369596004486084,-41.36558151245117,-11.032812118530273,-30.868682861328125,52.779824352675554,62853496,1720697920
4.0,0,-1.5466779470443726,-0.49560731649398804,8.351102828979492,-0.36565759778022766,2.2759721279144287,-2.337225914001465,-41.191043853759766,-10.15719223022461,-31.374725341796875,52.76593634189852,74853496,1720697920
4.0,0,2.5402867794036865,0.6991175413131714,9.758914947509766,-0.2671191394329071,2.2389535903930664,-2.337225914001465,-39.096580505371094,-10.507440567016602,-31.037363052368164,51.01241828934262,87853496,1720697920
4.0,0,-2.990403413772583,-3.6464247703552246,9.979185104370117,-0.2420850396156311,2.345215320587158,-2.365722179412842,-37.52573776245117,-11.032812118530273,-31.543407440185547,50.24828843648901,99853496,1720697920
4.0,0,-4.201888084411621,-0.17717362940311432,8.68150806427002,-0.2119908481836319,2.3295023441314697,-2.381967544555664,-37.17666244506836,-11.032812118530273,-30.53131866455078,49.35573516009757,112853496,1720697920
4.0,0,-1.2569750547409058,1.5969569683074951,10.273675918579102,-0.17497234046459198,2.3649230003356934,-2.38596248626709,-36.30397033691406,-10.857687950134277,-32.0494499206543,49.62897228497236,124853496,1720697920
4.0,0,4.446100234985352,-0.5171554684638977,11.142784118652344,-0.12783367931842804,2.3039357662200928,-2.343351125717163,-34.38404846191406,-10.332316398620605,-31.206045150756836,47.569284257213006,137853496,1720697920
4.0,0,0.009576953016221523,-2.0710160732269287,10.089320182800293,-0.05246507376432419,2.372380018234253,-2.3643903732299805,-31.067819595336914,-9.456696510314941,-31.374725341796875,45.155419537080974,149853496,1720697920
4.0,0,-4.223435878753662,-1.8698999881744385,7.810005187988281,-0.0007989605655893683,2.4458844661712646,-2.3822338581085205,-32.289588928222656,-10.332316398620605,-32.21813201904297,46.76945954478505,162853496,1720697920
4.0,0,-3.787684917449951,-4.3192057609558105,8.889806747436523,0.026365695521235466,2.4093985557556152,-2.3995447158813477,-32.289588928222656,-10.332316398620605,-32.21813201904297,46.76945954478505,174853496,1720697920
4.0,0,-4.515533447265625,0.6057422757148743,9.272884368896484,0.1201103925704956,2.4344325065612793,-2.350541830062866,-28.624282836914062,-9.456696510314941,-32.0494499206543,43.999385416530345,187853496,1720697920
4.0,0,0.14365428686141968,-0.21308720111846924,10.012704849243164,0.11398503184318542,2.43949294090271,-2.36811900138855,-28.27520751953125,-10.507440567016602,-30.700000762939453,43.03932753176362,199853496,1720697920
4.0,0,-9.251337051391602,-3.509953260421753,7.345522880554199,0.1238388791680336,2.5332374572753906,-2.3734452724456787,-24.609901428222656,-10.332316398620605,-31.880769729614258,41.57869032353867,212853496,1720697920
4.0,0,-7.810005187988281,-5.880249500274658,7.1013102531433105,0.1869567483663559,2.5966217517852783,-2.372912645339966,-23.388134002685547,-10.15719223022461,-31.037363052368164,40.168286886221814,224853496,1720697920
4.0,0,-3.4117894172668457,-3.42854905128479,8.439689636230469,0.23063325881958008,2.49834942817688,-2.3662548065185547,-24.086286544799805,-9.10644817352295,-29.013187408447266,38.79228842763658,237853496,1720697920
4.0,0,0.12450038641691208,-2.0566506385803223,9.385414123535156,0.33050331473350525,2.487164258956909,-2.326572895050049,-24.086286544799805,-9.10644817352295,-29.013187408447266,38.79228842763658,249853496,1720697920
4.0,0,0.5291266441345215,-0.5458863377571106,9.157960891723633,0.36246174573898315,2.511399269104004,-2.3172519207000732,-18.326522827148438,-8.931324005126953,-28.507143020629883,35.04692840488588,262853496,1720697920
4.0,0,-1.975246548652649,-1.6807552576065063,8.942479133605957,0.37444618344306946,2.56306529045105,-2.3167192935943604,-17.802907943725586,-9.456696510314941,-27.66373634338379,34.22944563701293,274853496,1720697920
4.0,0,-13.101271629333496,-2.52592134475708,6.418952941894531,0.4045403301715851,2.6789145469665527,-2.338557481765747,-16.23206329345703,-10.332316398620605,-27.49505615234375,33.559123256493685,287853496,1720697920
4.0,0,-13.079723358154297,-1.9872177839279175,5.308026313781738,0.4359661340713501,2.6640007495880127,-2.316985607147217,-14.137603759765625,-9.281572341918945,-26.820329666137695,31.70724694145992,299853496,1720697920
4.0,0,3.6775498390197754,-2.4397287368774414,10.012704849243164,0.4873659014701843,2.6253840923309326,-2.2895543575286865,-12.217681884765625,-8.756199836730957,-26.820329666137695,30.74529020221476,312853496,1720697920
4.0,0,4.156397342681885,-3.2465872764587402,10.031858444213867,0.5470216274261475,2.628580093383789,-2.25653076171875,-11.51952838897705,-8.055704116821289,-26.989011764526367,30.43025893987697,324853496,1720697920
4.0,0,-0.6727809309959412,-2.5642292499542236,7.798034191131592,0.5893665552139282,2.6655986309051514,-2.2528023719787598,-8.72691535949707,-7.705456256866455,-25.9769229888916,28.46635972141702,337853496,1720697920
4.0,0,-11.17630386352539,-1.058253288269043,6.445289134979248,0.6663330793380737,2.7281837463378906,-2.2549328804016113,-7.505147457122803,-7.180084228515625,-25.808242797851562,27.819889363449896,349853496,1720697920
4.0,0,-8.846710205078125,-1.4126006364822388,7.151589870452881,0.6879050135612488,2.698622465133667,-2.2426819801330566,-5.061611175537109,-6.829836368560791,-24.458791732788086,25.89399670853344,362853496,1720697920
4.0,0,-3.0526535511016846,-2.506767511367798,8.504334449768066,0.6833775639533997,2.701019287109375,-2.2064626216888428,-5.061611175537109,-6.829836368560791,-24.458791732788086,25.89399670853344,374853496,1720697920
4.0,0,-3.0526535511016846,-2.506767511367798,8.504334449768066,0.6833775639533997,2.701019287109375,-2.2064626216888428,-3.8398427963256836,-4.202976226806641,-22.60329818725586,23.309193268013374,387853496,1720697920
4.0,0,-7.393407821655273,-2.882662773132324,5.734200954437256,0.7619420289993286,2.8016884326934814,-2.201402425765991,-2.7926130294799805,-5.954216003417969,-22.265933990478516,23.216873006848413,399853496,1720697920
4.0,0,-10.10129165649414,-2.0566506385803223,4.63763952255249,0.8383758664131165,2.8088788986206055,-2.181162118911743,-1.7453831434249878,-4.553224086761475,-20.241758346557617,20.820830743802034,412853496,1720697920
4.0,0,-3.1843366622924805,-5.5833635330200195,7.601706027984619,0.8498277068138123,2.759343147277832,-2.1337573528289795,-0.34907662868499756,-3.5024800300598145,-19.229671478271484,19.549155634346707,425853496,1720697920
4.0,0,-2.5953543186187744,-5.564209461212158,7.01511812210083,0.8540887832641602,2.762805461883545,-2.095407009124756,-0.34907662868499756,-3.5024800300598145,-19.229671478271484,19.549155634346707,437853496,1720697920
4.0,0,-4.783688068389893,-1.5394952297210693,5.087756156921387,0.9158750772476196,2.8759915828704834,-2.074101448059082,1.9199213981628418,-3.6776041984558105,-18.04890251159668,18.51955055309778,450853496,1720697920
4.0,0,-9.055008888244629,-4.031897068023682,5.2505645751953125,0.9371806979179382,2.8933024406433105,-2.0935428142547607,2.0944597721099854,-2.1014881134033203,-16.19340705871582,16.462971973402304,462853496,1720697920
4.0,0,-13.34069538116455,-3.8547234535217285,4.321599960327148,0.9702043533325195,2.9098143577575684,-2.0882163047790527,3.4907662868499756,-1.7512400150299072,-14.506593704223633,15.023100604038802,475853496,1720697920
4.0,0,-7.197080135345459,-2.0805928707122803,4.821995735168457,0.9931079149246216,2.8672029972076416,-2.0607855319976807,3.4907662868499756,-2.4517359733581543,-15.181319236755371,15.769239433807375,487853496,1720697920
4.0,0,-3.562626600265503,-6.91934871673584,6.912165641784668,0.9901784062385559,2.8863778114318848,-2.017108917236328,7.156070709228516,-1.2258679866790771,-13.663187026977539,15.472387664817937,500853496,1720697920
4.0,0,-5.995172023773193,-7.072579860687256,5.631248474121094,1.0716724395751953,2.967339277267456,-1.9585185050964355,7.156070709228516,-1.2258679866790771,-13.663187026977539,15.472387664817937,512853496,1720697920
4.0,0,-4.927342414855957,-3.1340579986572266,5.568997859954834,1.1126856803894043,2.945767402648926,-1.9199020862579346,7.85422420501709,0.5253720283508301,-11.63901138305664,14.051029841466136,525853496,1720697920
4.0,0,-13.304781913757324,-1.5059758424758911,2.5929598808288574,1.1363881826400757,3.0099503993988037,-1.9936727285385132,7.330609321594238,1.0507440567016602,-10.795604705810547,13.091484906711576,537853496,1720697920
4.0,0,-3.718251943588257,-3.122086763381958,8.621651649475098,1.1931143999099731,2.830717086791992,-1.918304204940796,9.425068855285645,2.1014881134033203,-9.783516883850098,13.746467831200523,550853496,1720697920
4.0,0,-11.928094863891602,6.988780975341797,23.386919021606445,1.0559594631195068,2.4778428077697754,-1.458369255065918,9.075992584228516,2.4517359733581543,-7.421977996826172,11.977913343208044,562853496,1720697920
4.0,0,39.22600173950195,12.095691680908203,39.22600173950195,0.6671320199966431,0.9840530753135681,-0.8823187351226807,8.901453971862793,4.728348255157471,-6.241209030151367,11.855203507037977,575853496,1720697920
4.0,0,-39.22719955444336,-20.315113067626953,-0.5889825820922852,0.012783369049429893,1.3063005208969116,-0.4420914947986603,9.250530242919922,4.0278520584106445,-6.578571796417236,12.044646481330835,587853496,1720697920
4.0,0,16.23772430419922,8.55461311340332,25.44117546081543,0.07909709215164185,0.24900935590267181,-0.03089314140379429,9.599607467651367,3.6776041984558105,-6.915934085845947,12.389809540636753,600853496,1720697920
4.0,0,-6.634434223175049,-2.422969102859497,11.679093360900879,-0.12730103731155396,-0.4628644585609436,0.15846049785614014,8.552377700805664,2.6268601417541504,-6.578571796417236,11.105006322474154,612853496,1720697920
4.0,0,-20.920854568481445,-13.967985153198242,-4.582571983337402,-0.2964143455028534,-0.17976611852645874,0.27670666575431824,8.552377700805664,4.3780999183654785,-4.891758441925049,10.781475960487727,625853496,1720697920
4.0,0,-1.692726492881775,-4.577783584594727,-2.3798727989196777,-0.01651185005903244,-0.4135952293872833,0.13209480047225952,9.075992584228516,5.253720283508301,-7.759340763092041,13.04540483404403,637853496,1720697920
4.0,0,-1.3958408832550049,-5.178737163543701,3.818809986114502,0.14807401597499847,-0.24687878787517548,0.09454365819692612,8.028762817382812,4.202976226806641,-6.409890174865723,11.100123134214805,650853496,1720697920
4.0,0,-11.762892723083496,-7.596917629241943,3.304048538208008,0.05033451318740845,-0.06791163980960846,0.14221496880054474,8.377839088439941,3.1522321701049805,-6.747252941131592,11.209379005888144,662853496,1720697920
4.0,0,-1.1061381101608276,-4.640033721923828,6.713443756103516,0.09028254449367523,-0.08575509488582611,0.06018836051225662,8.552377700805664,2.2766120433807373,-6.241209030151367,10.829534472512988,675853496,1720697920
4.0,0,-7.1108880043029785,-5.272112846374512,4.48919677734375,0.06578107923269272,-0.0375511460006237,0.007989604957401752,9.075992584228516,2.1014881134033203,-6.409890174865723,11.308252992110964,687853496,1720697920
4.0,0,-7.051031589508057,-5.501959800720215,4.644822120666504,0.035686902701854706,0.024235136806964874,-0.005326403304934502,9.425068855285645,3.8527281284332275,-7.084615707397461,12.404322499838468,700853496,1720697920
4.0,0,-6.864280700683594,-6.672741889953613,3.2681353092193604,0.06285155564546585,0.00719064474105835,-0.010386486537754536,9.425068855285645,3.8527281284332275,-7.084615707397461,12.404322499838468,712853496,1720697920
4.0,0,-5.26492977142334,-5.882643699645996,4.956072807312012,0.08708669990301132,0.017044490203261375,-0.030626820400357246,9.774145126342773,3.8527281284332275,-7.759340763092041,13.060811462547516,725853496,1720697920
4.0,0,-4.58496618270874,-5.082967758178711,6.222624778747559,0.07084116339683533,0.019175052642822266,0.010386486537754536,9.425068855285645,3.1522321701049805,-6.747252941131592,12.012240125502366,737853496,1720697920
4.0,0,-6.488385200500488,-5.348728656768799,4.740592002868652,0.04580707103013992,-0.004527443088591099,0.03089314140379429,9.075992584228516,3.5024800300598145,-6.409890174865723,11.6502231654067,750853496,1720697920
4.0,0,-27.715702056884766,-2.6121137142181396,10.951245307922363,0.0098538463935256,-0.28229936957359314,0.22690477967262268,9.774145126342773,2.8019840717315674,-6.409890174865723,12.019638918989527,762853496,1720697920
4.0,0,39.22600173950195,8.94726848602295,39.22600173950195,-0.20293596386909485,-1.709775447845459,0.6980251669883728,9.250530242919922,2.9771080017089844,-6.915934085845947,11.92751550444524,775853496,1720697920
4.0,0,-39.22719955444336,-13.740532875061035,9.612866401672363,-0.9028253555297852,-1.8666380643844604,1.350243330001831,9.250530242919922,2.9771080017089844,-6.915934085845947,11.92751550444524,787853496,1720697920
4.0,0,33.3972282409668,13.83869743347168,29.477859497070312,-0.8050858974456787,-2.6765177249908447,1.707378625869751,7.505147457122803,3.3273561000823975,-8.602747917175293,11.89141743848799,800853496,1720697920
4.0,0,-2.1811511516571045,-1.1037437915802002,17.8945369720459,-1.0879179239273071,-3.6443252563476562,2.1249685287475586,8.72691535949707,1.7512400150299072,-9.10879135131836,12.73561828746135,812853496,1720697920
4.0,0,-15.636770248413086,-10.47479248046875,3.967252731323242,-1.4565050601959229,-3.0669431686401367,2.4070017337799072,7.85422420501709,1.9263640642166138,-11.63901138305664,14.172730941688815,825853496,1720697920
4.0,0,4.254561424255371,-5.035082817077637,-0.02154814451932907,-1.1297301054000854,-3.4501779079437256,2.211256265640259,5.585226058959961,1.0507440567016602,-11.470330238342285,12.801065931359336,837853496,1720697920
4.0,0,-13.125213623046875,-12.32075023651123,-4.692707061767578,-0.872997522354126,-3.227001428604126,2.069840431213379,4.537996292114258,0.3502480089664459,-12.819780349731445,13.603780806466569,850853496,1720697920
4.0,0,-14.018264770507812,-6.627251625061035,2.9066052436828613,-0.8929715752601624,-2.8624091148376465,2.172107219696045,5.585226058959961,-1.4009920358657837,-14.843955993652344,15.921700862525087,862853496,1720697920
4.0,0,5.904191493988037,-2.9999806880950928,7.5945234298706055,-0.7856444716453552,-3.1018311977386475,2.175569534301758,3.665304660797119,-3.3273561000823975,-15.012638092041016,15.807753140652771,875853496,1720697920
4.0,0,-17.95918083190918,-6.44289493560791,3.021528720855713,-0.7454301714897156,-2.8552186489105225,2.1196422576904297,3.1416897773742676,-1.4009920358657837,-15.85604476928711,16.22489288308106,887853496,1720697920
4.0,0,-8.633623123168945,-2.470853805541992,5.750960350036621,-0.7193307876586914,-2.8083462715148926,2.1366868019104004,0.6981532573699951,-4.202976226806641,-18.21758270263672,18.709162104735924,900853496,1720697920
4.0,0,-4.757351398468018,-0.40941473841667175,7.4676289558410645,-0.7078790068626404,-2.850691080093384,2.121506452560425,0.6981532573699951,-4.202976226806641,-18.21758270263672,18.709162104735924,913853496,1720697920
4.0,0,-5.128458499908447,-4.85072660446167,6.91934871673584,-0.717732846736908,-2.760408639907837,2.1449427604675293,-0.5236149430274963,-3.6776041984558105,-19.398351669311523,19.75082258376452,925853496,1720697920
4.0,0,-1.8507461547851562,-2.2362186908721924,7.029483795166016,-0.6407663226127625,-2.7340428829193115,2.172107219696045,-1.0472298860549927,-5.603968143463135,-19.567033767700195,20.380627072136818,938853496,1720697920
4.0,0,-9.957636833190918,-4.249773025512695,4.800447940826416,-0.6048131585121155,-2.7857091426849365,2.214984893798828,-4.188919544219971,-5.954216003417969,-21.253847122192383,22.466102302287155,950853496,1720697920
4.0,0,-11.023073196411133,-4.233013153076172,5.698287010192871,-0.5723220109939575,-2.6863715648651123,2.1920812129974365,-4.712534427642822,-6.129340171813965,-21.759891510009766,23.092632379201085,963853496,1720697920
4.0,0,-13.225772857666016,-4.8339667320251465,5.375064849853516,-0.565131425857544,-2.6384339332580566,2.1699767112731934,-5.061611175537109,-5.078596115112305,-22.434616088867188,23.552580437132878,975853496,1720697920
4.0,0,-1.4844276905059814,-2.2625551223754883,7.587340831756592,-0.5134652853012085,-2.6791810989379883,2.2610583305358887,-5.061611175537109,-5.078596115112305,-22.434616088867188,23.552580437132878,988853496,1720697920
4.0,0,1.0462820529937744,-0.7541850805282593,8.633623123168945,-0.4189216196537018,-2.6794474124908447,2.3180508613586426,-7.156070709228516,-8.581076622009277,-26.145605087280273,28.433024625746178,853496,1720697921
4.0,0,-0.720665693283081,0.004788476508110762,9.201057434082031,-0.38749587535858154,-2.687969446182251,2.283162832260132,-9.774145126342773,-8.756199836730957,-26.651649475097656,29.707160218961533,13853496,1720697921
4.0,0,-0.720665693283081,0.004788476508110762,9.201057434082031,-0.38749587535858154,-2.687969446182251,2.283162832260132,-10.821375846862793,-9.456696510314941,-26.314287185668945,29.982878350770946,25853496,1720697921
4.0,0,-9.00951862335205,-5.312814712524414,6.866674900054932,-0.3603311777114868,-2.5979533195495605,2.262922525405884,-13.78852653503418,-7.180084228515625,-25.133516311645508,29.552846152674896,38853496,1720697921
4.0,0,-9.983973503112793,-5.45646858215332,7.142012596130371,-0.3028060495853424,-2.570788621902466,2.2847607135772705,-13.78852653503418,-7.180084228515625,-25.133516311645508,29.552846152674896,50853496,1720697921
4.0,0,-2.0781986713409424,-3.3734817504882812,8.401381492614746,-0.2527378499507904,-2.545488119125366,2.3524060249328613,-16.406600952148438,-7.705456256866455,-29.687911987304688,34.78394355295946,63853496,1720697921
4.0,0,0.5291266441345215,-0.8379833698272705,8.60728645324707,-0.21678462624549866,-2.5550756454467773,2.345747947692871,-18.15198516845703,-8.405952453613281,-30.362638473510742,36.35992873042253,75853496,1720697921
4.0,0,-5.547450065612793,-1.2043018341064453,7.989573001861572,-0.1475413739681244,-2.5015451908111572,2.30713152885437,-17.802907943725586,-7.355208396911621,-29.350549697875977,35.106942182170386,88853496,1720697921
4.0,0,-5.616883277893066,-0.5099727511405945,8.542641639709473,-0.09347837418317795,-2.4863650798797607,2.3143224716186523,-19.37375259399414,-10.332316398620605,-30.868682861328125,37.8810590312329,100853496,1720697921
4.0,0,-4.151608943939209,-3.91697359085083,9.201057434082031,-0.11265343427658081,-2.541227102279663,2.348145008087158,-21.119136810302734,-11.032812118530273,-31.206045150756836,39.26268122283737,113853496,1720697921
4.0,0,-2.0829873085021973,-4.094147682189941,8.9783935546875,-0.06764532625675201,-2.4821038246154785,2.3731789588928223,-23.562671661376953,-9.631820678710938,-31.880769729614258,40.79650651662945,125853496,1720697921
4.0,0,-1.2210614681243896,-4.6328511238098145,9.196269035339355,0.015979209914803505,-2.465059518814087,2.381434917449951,-24.086286544799805,-9.456696510314941,-30.362638473510742,39.89320898949496,138853496,1720697921
4.0,0,-6.39979887008667,-3.6224822998046875,8.73418140411377,0.052997712045907974,-2.352938652038574,2.357466220855713,-25.657133102416992,-10.682564735412598,-30.868682861328125,41.53650502816379,150853496,1720697921
4.0,0,-4.120483875274658,-2.035102367401123,8.217025756835938,0.13023056089878082,-2.351607084274292,2.346280574798584,-29.147897720336914,-9.982068061828613,-31.880769729614258,44.335370787429866,163853496,1720697921
4.0,0,-1.2066960334777832,3.150817394256592,9.768491744995117,0.1664501130580902,-2.435497999191284,2.3662548065185547,-28.10066795349121,-9.982068061828613,-31.880769729614258,43.65401127933188,175853496,1720697921
4.0,0,3.636847972869873,0.3375875949859619,11.884998321533203,0.17896714806556702,-2.399811029434204,2.361194610595703,-28.10066795349121,-9.982068061828613,-31.880769729614258,43.65401127933188,188853496,1720697921
4.0,0,1.2809175252914429,-1.355138897895813,9.986367225646973,0.23436175286769867,-2.3755757808685303,2.373711585998535,-31.765974044799805,-10.15719223022461,-32.38681411743164,46.48818548506383,200853496,1720697921
4.0,0,-3.42854905128479,-2.372690200805664,8.329554557800293,0.29295217990875244,-2.2964789867401123,2.3585314750671387,-34.55858612060547,-10.857687950134277,-32.724178314208984,48.816565924058416,213853496,1720697921
4.0,0,-4.271320819854736,-4.1396379470825195,8.351102828979492,0.3408898115158081,-2.279168128967285,2.3406879901885986,-36.82758331298828,-11.733307838439941,-33.230220794677734,50.97243352607095,225853496,1720697921
4.0,0,-5.727018356323242,-1.6328704357147217,7.553821563720703,0.3640596866607666,-2.2706458568573,2.3476123809814453,-37.70027542114258,-11.558184623718262,-32.38681411743164,51.02752323308504,238853496,1720697921
4.0,0,2.8228068351745605,1.7453995943069458,9.493154525756836,0.4498147666454315,-2.288755416870117,2.358797788619995,-37.70027542114258,-11.558184623718262,-32.38681411743164,51.02752323308504,250853496,1720697921
4.0,0,0.217875674366951,2.549863576889038,10.541831016540527,0.5424941778182983,-2.2045984268188477,2.3582651615142822,-38.572967529296875,-10.682564735412598,-31.543407440185547,50.96054911674348,263853496,1720697921
4.0,0,-4.422158241271973,-0.416597455739975,9.342317581176758,0.5078725814819336,-2.192347526550293,2.332432270050049,-41.016502380371094,-9.982068061828613,-32.21813201904297,53.103702141248576,275853496,1720697921
4.0,0,-4.053445339202881,-4.623273849487305,8.274487495422363,0.5193243026733398,-2.17024302482605,2.3132572174072266,-42.0637321472168,-9.982068061828613,-32.21813201904297,53.91666973896163,288853496,1720697921
4.0,0,2.988009214401245,-2.5450751781463623,9.22260570526123,0.612003743648529,-2.229099750518799,2.3305678367614746,-44.1581916809082,-12.083556175231934,-32.21813201904297,55.981838601141874,300853496,1720697921
4.0,0,4.154003143310547,0.6272904276847839,11.171515464782715,0.6990904211997986,-2.185689687728882,2.316985607147217,-44.68180847167969,-12.25868034362793,-30.700000762939453,55.580835716203474,313853496,1720697921
4.0,0,-2.05904483795166,0.5770114064216614,8.25772762298584,0.7470280528068542,-2.1534650325775146,2.305267333984375,-2.268998146057129,-12.083556175231934,-30.700000762939453,33.07039052190463,325853496,1720697921
4.0,0,-3.6440305709838867,0.6272904276847839,9.145990371704102,0.7515555024147034,-2.122838020324707,2.2741079330444336,-47.29988479614258,-11.032812118530273,-30.19395637512207,57.18983341953291,338853496,1720697921
4.0,0,-6.981598377227783,1.7262457609176636,8.25533390045166,0.7832476496696472,-2.0250985622406006,2.254133939743042,-49.394344329833984,-11.032812118530273,-29.85659408569336,58.76172568445255,350853496,1720697921
4.0,0,1.9608811140060425,1.467668056488037,9.921723365783691,0.8572846055030823,-2.065046548843384,2.268515110015869,-49.9179573059082,-10.857687950134277,-28.675825119018555,58.583229643589135,363853496,1720697921
4.0,0,2.166785478591919,-0.019153906032443047,9.876233100891113,0.8993632197380066,-2.030158758163452,2.2474758625030518,-52.536033630371094,-12.083556175231934,-29.51923179626465,61.46081845609502,376853496,1720697921
4.0,0,7.434109687805176,-0.24900077283382416,10.197060585021973,0.9667422771453857,-2.058122396469116,2.213120698928833,-52.186954498291016,-12.433804512023926,-27.83241844177246,60.437746738010006,388853496,1720697921
4.0,0,2.889845609664917,1.6951206922531128,9.014307022094727,1.0080218315124512,-2.068775177001953,2.1713082790374756,-53.05964660644531,-11.20793628692627,-27.66373634338379,60.87878318666459,401853496,1720697921
4.0,0,-2.4421229362487793,-0.20351025462150574,8.080554008483887,1.035186529159546,-1.9718345403671265,2.1627862453460693,-56.20133590698242,-12.25868034362793,-26.989011764526367,63.53953224192372,413853496,1720697921
4.0,0,-0.9840319752693176,0.2657604515552521,8.621651649475098,1.1052286624908447,-1.9475994110107422,2.1425459384918213,-56.5504150390625,-12.608928680419922,-26.989011764526367,63.916674503480586,426853496,1720697921
4.0,0,-0.7063003182411194,3.9552814960479736,9.35189437866211,1.1331923007965088,-1.8655728101730347,2.1683788299560547,-58.81941223144531,-12.083556175231934,-25.808242797851562,65.35901606821771,438853496,1720697921
4.0,0,2.298468589782715,1.0390993356704712,9.651174545288086,1.160090684890747,-1.8498599529266357,2.1289634704589844,-58.81941223144531,-12.083556175231934,-25.808242797851562,65.35901606821771,451853496,1720697921
4.0,0,5.801239013671875,-1.8220152854919434,8.779671669006348,1.1925817728042603,-1.9550563097000122,2.067976236343384,-60.73933410644531,-11.20793628692627,-25.9769229888916,67.00511227866866,463853496,1720697921
4.0,0,9.557799339294434,-0.2561835050582886,10.055800437927246,1.2554333209991455,-1.964377522468567,2.0320229530334473,-60.73933410644531,-10.15719223022461,-23.952747344970703,66.076995747901,476853496,1720697921
4.0,0,3.6009342670440674,1.74061119556427,8.975998878479004,1.3156217336654663,-1.8935364484786987,2.047203302383423,-63.35740661621094,-9.982068061828613,-24.458791732788086,68.6442652298848,488853496,1720697921
4.0,0,4.4484944343566895,-0.6584155559539795,8.707844734191895,1.2999087572097778,-1.9068524837493896,2.012315273284912,-65.80094146728516,-10.682564735412598,-23.10934066772461,70.55439542228619,501853496,1720697921
4.0,0,-2.217064619064331,2.1045353412628174,7.996756076812744,1.4000450372695923,-1.7582457065582275,2.0043256282806396,-64.57917785644531,-11.20793628692627,-22.265933990478516,69.2232610102597,513853496,1720697921
4.0,0,0.1412600576877594,1.9656695127487183,8.46842098236084,1.4535754919052124,-1.7310810089111328,1.930288553237915,-64.57917785644531,-11.20793628692627,-22.265933990478516,69.2232610102597,526853496,1720697921
4.0,0,10.192272186279297,-0.598559558391571,9.399779319763184,1.4418573379516602,-1.684475064277649,1.8985965251922607,-67.19725036621094,-7.880580425262451,-20.41044044494629,70.66937161016054,538853496,1720697921
4.0,0,10.185089111328125,0.5099727511405945,10.072559356689453,1.4983173608779907,-1.7902041673660278,1.889807939529419,-67.02271270751953,-8.405952453613281,-20.241758346557617,70.51547940904565,551853496,1720697921
4.0,0,11.511497497558594,2.3295936584472656,9.85947322845459,1.555842399597168,-1.8477293252944946,1.8567842245101929,-68.2444839477539,-8.581076622009277,-18.7236270904541,71.2847717027306,563853496,1720697921
4.0,0,-0.22984686493873596,3.7972617149353027,8.533064842224121,1.6011167764663696,-1.6770180463790894,1.8141729831695557,-67.19725036621094,-12.083556175231934,-17.374176025390625,70.4510097811272,576853496,1720697921
4.0,0,0.21069295704364777,1.3718984127044678,7.522696495056152,1.645326018333435,-1.6293468475341797,1.769431233406067,-67.19725036621094,-12.083556175231934,-17.374176025390625,70.4510097811272,588853496,1720697921
4.0,0,-0.4070205092430115,2.2505838871002197,7.388619422912598,1.6722244024276733,-1.5707563161849976,1.73054838180542,-70.51348114013672,-9.10644817352295,-17.542858123779297,73.23134774117247,601853496,1720697921
4.0,0,5.513930797576904,1.261763572692871,8.932902336120605,1.6850076913833618,-1.574218511581421,1.6951278448104858,-71.38616943359375,-9.982068061828613,-15.350000381469727,73.6970106646386,613853496,1720697921
4.0,0,11.719796180725098,2.066227674484253,9.545827865600586,1.725222110748291,-1.6900678873062134,1.678882360458374,-72.25886535644531,-8.756199836730957,-17.205495834350586,74.79334024555605,626853496,1720697921
4.0,0,10.379022598266602,1.1731767654418945,9.94327163696289,1.7680996656417847,-1.6365375518798828,1.6344068050384521,-69.81532287597656,-10.507440567016602,-13.157143592834473,71.81710132739073,638853496,1720697921
4.0,0,2.272132158279419,2.1859395503997803,7.242570400238037,1.8091129064559937,-1.5601035356521606,1.5859366655349731,-71.03709411621094,-7.530332088470459,-14.675274848937988,72.92693832686197,651853496,1720697921
4.0,0,-2.0829873085021973,2.944913148880005,6.517116546630859,1.8527894020080566,-1.465559959411621,1.5425264835357666,-72.95701599121094,-7.355208396911621,-12.482418060302734,74.38169152107244,663853496,1720697921
4.0,0,7.007935523986816,2.9305477142333984,8.39419937133789,1.8911396265029907,-1.4823380708694458,1.523085117340088,-72.78247833251953,-8.931324005126953,-12.313736915588379,74.35513309472692,676853496,1720697921
4.0,0,10.26409912109375,3.533895492553711,8.643199920654297,1.926027536392212,-1.5244166851043701,1.4610323905944824,-72.78247833251953,-7.880580425262451,-11.30164909362793,74.07509684298904,688853496,1720697921
4.0,0,12.383000373840332,1.5035816431045532,8.31279468536377,1.8946017026901245,-1.522286057472229,1.4202854633331299,-73.13155364990234,-8.931324005126953,-10.626923561096191,74.43738437174216,701853496,1720697921
4.0,0,7.829158782958984,0.5770114064216614,7.704658508300781,1.917771577835083,-1.4597008228302002,1.3696846961975098,-72.95701599121094,-6.654712200164795,-10.120879173278809,73.95568654301668,713853496,1720697921
4.0,0,-2.710277795791626,6.222624778747559,5.257747173309326,1.9595838785171509,-1.4173558950424194,1.327339768409729,-74.17878723144531,-9.631820678710938,-8.940110206604004,75.33385703135811,726853496,1720697921
4.0,0,-0.44532832503318787,7.850707054138184,7.197080135345459,2.0631823539733887,-1.3188174962997437,1.2961803674697876,-75.05147552490234,-7.004960060119629,-8.771429061889648,75.88630582454682,738853496,1720697921
4.0,0,1.4126006364822388,6.679924488067627,5.834758281707764,2.0826237201690674,-1.3057678937911987,1.2642219066619873,-76.09870147705078,-5.253720283508301,-9.783516883850098,76.90468871224444,751853496,1720697921
4.0,0,10.970398902893066,3.864300489425659,7.987178325653076,2.086085796356201,-1.322013258934021,1.1827279329299927,-75.40055084228516,-8.405952453613281,-7.759340763092041,76.26342814908216,763853496,1720697921
4.0,0,9.995944023132324,0.38307812809944153,6.636828422546387,2.044273614883423,-1.2913864850997925,1.1489052772521973,-76.44778442382812,-7.004960060119629,-6.409890174865723,77.03518612173147,776853496,1720697921
4.0,0,13.13000202178955,1.6041396856307983,7.1587724685668945,2.0756993293762207,-1.4104316234588623,1.0841894149780273,-76.44778442382812,-7.004960060119629,-6.409890174865723,77.03518612173147,788853496,1720697921
4.0,0,8.353497505187988,1.714274525642395,6.007143974304199,2.0730361938476562,-1.3385251760482788,1.0679439306259155,-74.87693786621094,-5.078596115112305,-5.566483497619629,75.25512408633793,801853496,1720697921
4.0,0,5.643219470977783,6.895406246185303,7.4676289558410645,2.1582586765289307,-1.2463784217834473,1.021337866783142,-75.92416381835938,-5.779092311859131,-5.566483497619629,76.34698617493248,814853496,1720697921
4.0,0,-0.9457241296768188,4.898611545562744,5.102121353149414,2.183558940887451,-1.1252027750015259,0.9504966735839844,-77.49501037597656,-6.304464340209961,-7.084615707397461,78.07313675977927,826853496,1720697921
4.0,0,2.4421229362487793,4.7334089279174805,5.535478591918945,2.2037994861602783,-1.1129519939422607,0.906021237373352,-74.87693786621094,-8.581076622009277,-1.855494499206543,75.3898770396251,839853496,1720697921
4.0,0,10.685484886169434,2.9999806880950928,8.23617935180664,2.212055206298828,-1.145176649093628,0.8349137306213379,-76.62232208251953,-6.479588031768799,-3.2049450874328613,76.96256866420364,851853496,1720697921
4.0,0,-14.238534927368164,11.322352409362793,26.35338020324707,1.8533220291137695,-0.6444948315620422,0.9078854322433472,-75.74962615966797,-4.202976226806641,-3.373626470565796,75.94111026351575,864853496,1720697921
4.0,0,-3.4668569564819336,20.91366958618164,34.10353088378906,1.332932472229004,-0.4990839958190918,0.25433576107025146,-77.84408569335938,-6.304464340209961,-2.6989011764526367,78.14558218870926,876853496,1720697921
4.0,0,-16.13716697692871,-12.0765380859375,13.917707443237305,0.3526079058647156,-0.4234490692615509,0.3432866930961609,-76.44778442382812,-7.355208396911621,-0.3373626470565796,76.80154065791731,889706890,1720697921
4.0,0,7.795639991760254,17.623987197875977,22.39570426940918,0.36192911863327026,0.07749916613101959,0.006924324203282595,-74.70240020751953,-5.954216003417969,-1.0120879411697388,74.94615138204519,901706890,1720697921
4.0,0,-9.91454029083252,-9.478789329528809,11.777257919311523,-0.21412141621112823,-0.0197076927870512,-0.13981808722019196,-74.52786254882812,-3.3273561000823975,-0.5060439705848694,74.60381810077777,914706890,1720697921
4.0,0,7.750148773193359,-0.12928886711597443,2.782104730606079,-0.2934848368167877,0.1914842128753662,-0.12144199758768082,-74.52786254882812,-3.3273561000823975,-0.5060439705848694,74.60381810077777,926706890,1720697921
4.0,0,16.14434814453125,3.1627886295318604,1.4006292819976807,-0.012783369049429893,0.1539330631494522,-0.1707112193107605,-74.87693786621094,-6.479588031768799,0.5060439705848694,75.15847900125453,939706890,1720697921
4.0,0,7.613677501678467,2.8778743743896484,6.69668436050415,-0.046872351318597794,0.16112370789051056,0.033556342124938965,-74.17878723144531,-5.078596115112305,-0.5060439705848694,74.354157208112,951706890,1720697921
4.0,0,5.880249500274658,3.8044445514678955,6.296846389770508,-0.11691455543041229,0.07643388956785202,-0.024235136806964874,-76.97139739990234,-5.779092311859131,-0.1686813235282898,77.18822694576933,964706890,1720697921
4.0,0,10.685484886169434,0.7374253869056702,2.116506576538086,-0.002929521957412362,0.07164012640714645,-0.004793763160705566,-75.74962615966797,-6.654712200164795,-1.0120879411697388,76.04811226978049,976706890,1720697921
4.0,0,6.687107563018799,1.8579288721084595,6.414164066314697,0.10519646853208542,0.035686902701854706,-0.0034621621016412973,-75.74962615966797,-6.654712200164795,-1.0120879411697388,76.04811226978049,989706890,1720697921
4.0,0,6.040663242340088,2.707883358001709,7.156378269195557,0.05592723563313484,0.022104574367403984,-0.022104574367403984,-75.57508850097656,-6.129340171813965,-0.1686813235282898,75.82342162063883,1706890,1720697922
4.0,0,8.832345008850098,1.8531404733657837,5.193102836608887,0.04048066586256027,0.01145176775753498,-0.017310811206698418,-75.57508850097656,-7.530332088470459,-0.1686813235282898,75.94951189232222,14706890,1720697922
4.0,0,8.030275344848633,2.3152284622192383,5.78447961807251,0.09800582379102707,0.019974011927843094,0.009587526321411133,-76.79685974121094,-7.355208396911621,-0.6747252941131592,77.15122818786323,26706890,1720697922
4.0,0,5.923345565795898,2.506767511367798,7.592129230499268,0.05965571850538254,0.01651185005903244,0.002929521957412362,-75.92416381835938,-6.129340171813965,-1.1807692050933838,76.18032343311874,39706890,1720697922
4.0,0,7.197080135345459,1.563437581062317,6.074182510375977,0.03595322370529175,-0.0037284824065864086,-0.019175052642822266,-76.79685974121094,-4.903471946716309,-1.0120879411697388,76.95989881259018,51706890,1720697922
4.0,0,3.787684917449951,1.4293601512908936,18.363807678222656,-0.019175052642822266,0.17870083451271057,0.050068192183971405,-76.79685974121094,-4.903471946716309,-1.0120879411697388,76.95989881259018,64706890,1720697922
4.0,0,-4.936919212341309,-5.56181526184082,31.654224395751953,-0.6615393161773682,0.37923991680145264,-0.17550499737262726,-78.19316101074219,-8.055704116821289,-2.0241758823394775,78.63308518475075,76706890,1720697922
4.0,0,-14.499505996704102,-17.602439880371094,17.870594024658203,-1.0895158052444458,0.08362453430891037,-0.6929650902748108,-78.01862335205078,-4.3780999183654785,-3.2049450874328613,78.20706503672041,89706890,1720697922
4.0,0,7.505937099456787,-0.13407734036445618,19.161088943481445,-1.270347237586975,0.3989476263523102,-0.9883142113685608,-75.57508850097656,-5.779092311859131,-3.8796703815460205,75.89495208608326,101706890,1720697922
4.0,0,3.7302231788635254,-8.408564567565918,4.9129767417907715,-1.3960503339767456,0.3083987534046173,-1.0298601388931274,-72.60794067382812,-5.253720283508301,-2.3615384101867676,72.83605899123235,114706890,1720697922
4.0,0,12.986349105834961,9.979185104370117,9.390202522277832,-1.3276060819625854,0.39122432470321655,-1.1244038343429565,-75.92416381835938,-9.631820678710938,-2.192857265472412,76.56408586335142,126706890,1720697922
4.0,0,9.361471176147461,9.459635734558105,7.58973503112793,-1.406969428062439,0.5124000310897827,-0.97313392162323,-73.82970428466797,-7.180084228515625,-1.855494499206543,74.20122441123654,139706890,1720697922
4.0,0,-1.0462820529937744,9.119653701782227,6.500357151031494,-1.4591681957244873,0.5592723488807678,-0.9006947875022888,-76.62232208251953,-9.281572341918945,-4.2170329093933105,77.29754972193194,151706890,1720697922
4.0,0,5.039871692657471,5.676738739013672,7.498754501342773,-1.417089581489563,0.5060083270072937,-0.8977653384208679,-80.63670349121094,-10.15719223022461,-5.397802352905273,81.45294822271465,164706890,1720697922
4.0,0,2.3295936584472656,5.832364082336426,4.4365234375,-1.345449447631836,0.5345045924186707,-0.9180055856704712,-74.70240020751953,-8.055704116821289,-2.6989011764526367,75.18395462558779,176706890,1720697922
4.0,0,6.095730304718018,3.746983051300049,5.66716194152832,-1.3052352666854858,0.5499511361122131,-1.0050922632217407,-74.70240020751953,-8.055704116821289,-2.6989011764526367,75.18395462558779,189706890,1720697922
4.0,0,6.272904396057129,4.845938205718994,6.91934871673584,-1.279135823249817,0.5371677875518799,-0.9864498972892761,-77.14593505859375,-7.705456256866455,-5.060439586639404,77.69477074424812,201706890,1720697922
4.0,0,14.530632019042969,4.920159339904785,11.231371879577637,-1.2868590354919434,0.3789736032485962,-0.9925752282142639,-75.40055084228516,-8.055704116821289,-4.048351764678955,75.9376493456861,214706890,1720697922
4.0,0,14.530632019042969,4.920159339904785,11.231371879577637,-1.2868590354919434,0.3789736032485962,-0.9925752282142639,-76.27324676513672,-11.383060455322266,-4.55439567565918,77.25234467247854,226706890,1720697922
4.0,0,2.9856150150299072,7.649591445922852,6.576972484588623,-1.2466447353363037,0.5624682307243347,-1.0389150381088257,-76.62232208251953,-8.931324005126953,-5.903846263885498,77.3666865679894,239706890,1720697922
4.0,0,-0.7541850805282593,5.11409330368042,5.600122928619385,-1.2514383792877197,0.6098732352256775,-1.0365180969238281,-75.57508850097656,-11.383060455322266,-5.229121208190918,76.60621238430936,251706890,1720697922
4.0,0,5.78447961807251,0.7757331728935242,7.029483795166016,-1.2482426166534424,0.5262486338615417,-1.0679439306259155,-75.57508850097656,-11.383060455322266,-5.229121208190918,76.60621238430936,264706890,1720697922
4.0,0,15.133980751037598,2.913787841796875,11.082929611206055,-1.224540114402771,0.4596686363220215,-1.0610195398330688,-77.14593505859375,-10.15719223022461,-7.421977996826172,78.16488730531037,276706890,1720697922
4.0,0,3.3878471851348877,0.5722229480743408,7.458052158355713,-1.2602269649505615,0.5185253620147705,-1.0540952682495117,-74.17878723144531,-13.134300231933594,-6.915934085845947,75.64940490175961,289706890,1720697922
4.0,0,-2.0542564392089844,5.176342964172363,7.067790985107422,-1.1837931871414185,0.6378368139266968,-1.142247200012207,-77.14593505859375,-11.908432006835938,-6.409890174865723,78.32236424534207,302706890,1720697922
4.0,0,-0.9816376566886902,2.55704665184021,5.260141372680664,-1.218947410583496,0.6426305770874023,-1.130262851715088,-74.70240020751953,-11.20793628692627,-9.10879135131836,76.08571818980265,314706890,1720697922
4.0,0,5.877854824066162,-0.48603036999702454,7.271301746368408,-1.2024356126785278,0.5643324255943298,-1.126534342765808,-75.05147552490234,-11.908432006835938,-8.09670352935791,76.42049031096809,327706890,1720697922
4.0,0,9.055008888244629,1.757370948791504,9.737366676330566,-1.164884328842163,0.4772457480430603,-1.1507694721221924,-75.05147552490234,-12.608928680419922,-8.09670352935791,76.53277512919055,339706890,1720697922
4.0,0,1.563437581062317,2.035102367401123,7.352705478668213,-1.1643517017364502,0.5914971232414246,-1.152367353439331,-72.78247833251953,-12.433804512023926,-7.5906596183776855,74.22605176290176,352706890,1720697922
4.0,0,0.826012134552002,6.021509170532227,7.144406795501709,-1.1531662940979004,0.6990904211997986,-1.1957775354385376,-73.30609130859375,-14.36016845703125,-8.434065818786621,75.17400433190868,364706890,1720697922
4.0,0,4.237801551818848,3.739799976348877,6.780482769012451,-1.1579601764678955,0.6263850927352905,-1.173140287399292,-76.97139739990234,-14.535292625427246,-11.63901138305664,79.19177568015138,377706890,1720697922
4.0,0,9.19387435913086,-0.6847521066665649,9.090922355651855,-1.1286648511886597,0.5060083270072937,-1.1931143999099731,-75.92416381835938,-11.383060455322266,-10.626923561096191,77.50473676634205,389706890,1720697922
4.0,0,9.373442649841309,4.446100234985352,9.584136009216309,-1.0897821187973022,0.5608702898025513,-1.1694118976593018,-75.92416381835938,-13.484548568725586,-9.614835739135742,77.70943808772492,402706890,1720697922
4.0,0,1.4197832345962524,5.573786735534668,8.157169342041016,-1.0708733797073364,0.635439932346344,-1.2234748601913452,-75.74962615966797,-11.558184623718262,-11.132966995239258,77.4308752968898,414706890,1720697922
4.0,0,1.7765247821807861,7.750148773193359,7.3910136222839355,-1.0586227178573608,0.6964272856712341,-1.2157515287399292,-73.48062896728516,-13.834795951843262,-9.952198028564453,75.4310987461851,427706890,1720697922
4.0,0,5.506748199462891,1.6903321743011475,8.09731388092041,-1.0788630247116089,0.6327767372131348,-1.2232085466384888,-74.35332489013672,-15.41091251373291,-10.458242416381836,76.65042714273653,439706890,1720697922
4.0,0,9.864261627197266,4.02232027053833,9.687088012695312,-1.0306590795516968,0.5683272480964661,-1.2602269649505615,-72.25886535644531,-14.36016845703125,-11.807692527770996,74.61219513957211,452706890,1720697922
4.0,0,7.642408847808838,3.94809889793396,9.639203071594238,-1.0373170375823975,0.5771157741546631,-1.252770185470581,-72.25886535644531,-14.36016845703125,-11.807692527770996,74.61219513957211,464706890,1720697922
4.0,0,3.349539279937744,1.1923305988311768,8.511516571044922,-1.0506330728530884,0.6761869192123413,-1.2636892795562744,-74.52786254882812,-17.337276458740234,-12.313736915588379,77.5023326612182,477706890,1720697922
4.0,0,1.731034278869629,5.049448490142822,8.140409469604492,-0.9915099740028381,0.7203960418701172,-1.3028382062911987,-74.35332489013672,-15.41091251373291,-14.843955993652344,77.37090006110593,489706890,1720697922
4.0,0,0.33279910683631897,-0.15562549233436584,6.526693344116211,-1.0242674350738525,0.6897692084312439,-1.3206816911697388,-69.98986053466797,-16.987028121948242,-12.9884614944458,73.18360358762634,502706890,1720697922
4.0,0,3.0071632862091064,1.3958408832550049,7.788456916809082,-0.9744654893875122,0.6151995658874512,-1.3260080814361572,-73.30609130859375,-15.060664176940918,-14.169231414794922,76.16674961740515,514706890,1720697922
4.0,0,4.486802577972412,4.134849548339844,9.567376136779785,-0.9584863185882568,0.675387978553772,-1.321480631828308,-73.30609130859375,-15.060664176940918,-14.169231414794922,76.16674961740515,527706890,1720697922
4.0,0,2.1045353412628174,0.5698286890983582,8.114073753356934,-0.9624811410903931,0.6900355815887451,-1.3281387090682983,-71.90978240966797,-16.811904907226562,-13.831868171691895,75.13306549006559,539706890,1720697922
4.0,0,4.731014728546143,5.6839213371276855,8.664748191833496,-0.9062875509262085,0.7052158117294312,-1.3672877550125122,-71.90978240966797,-19.613887786865234,-14.506593704223633,75.93525308590836,552706890,1720697922
4.0,0,1.5538605451583862,3.040682554244995,6.713443756103516,-0.9502303600311279,0.7118738293647766,-1.3622276782989502,-72.25886535644531,-17.862648010253906,-15.181319236755371,75.96637591926707,564706890,1720697922
4.0,0,1.8890539407730103,4.893823146820068,8.284064292907715,-0.8713996410369873,0.7249234914779663,-1.379005789756775,-73.48062896728516,-18.388019561767578,-15.012638092041016,77.21982517018783,577706890,1720697922
4.0,0,8.477997779846191,2.3080456256866455,10.089320182800293,-0.9180055856704712,0.6327767372131348,-1.3643581867218018,-72.78247833251953,-18.73826789855957,-16.699451446533203,76.9888531845811,589706890,1720697922
4.0,0,9.023883819580078,2.5187387466430664,9.495549201965332,-0.8450339436531067,0.7201297283172607,-1.4035073518753052,-72.78247833251953,-18.73826789855957,-16.699451446533203,76.9888531845811,602706890,1720697922
4.0,0,4.063022136688232,6.634434223175049,8.485180854797363,-0.8314515948295593,0.7435659170150757,-1.4309382438659668,-71.38616943359375,-20.13926124572754,-16.699451446533203,76.02924903312237,614706890,1720697922
4.0,0,-2.2122762203216553,1.3742928504943848,6.579366683959961,-0.8506266474723816,0.7723284959793091,-1.3931208848953247,-71.03709411621094,-18.388019561767578,-17.711538314819336,75.48567144403414,627706890,1720697922
4.0,0,4.970438480377197,5.56181526184082,9.390202522277832,-0.7840465903282166,0.691899836063385,-1.4557061195373535,-69.46624755859375,-20.31438446044922,-17.542858123779297,74.47137461488019,639706890,1720697922
4.0,0,8.796431541442871,1.3527445793151855,10.395782470703125,-0.8253262042999268,0.7092106342315674,-1.4019094705581665,-68.41902160644531,-21.014881134033203,-18.55494499206543,73.93966276849895,652706890,1720697922
4.0,0,2.418180465698242,-0.13886581361293793,7.640014171600342,-0.8098796606063843,0.7179992198944092,-1.452510118484497,-70.1644058227539,-19.263641357421875,-18.21758270263672,75.00674664545107,664706890,1720697922
4.0,0,-3.0502593517303467,6.916954517364502,8.039852142333984,-0.7448975443840027,0.8450339436531067,-1.467956781387329,-68.2444839477539,-20.4895076751709,-18.38626480102539,73.58793547450256,677706890,1720697922
4.0,0,-2.2529780864715576,-0.6751751899719238,6.787665367126465,-0.7869760990142822,0.8274567723274231,-1.4815391302108765,-70.51348114013672,-19.964136123657227,-19.229671478271484,75.76607432635387,689706890,1720697922
4.0,0,6.1555867195129395,1.2282441854476929,9.43808650970459,-0.7097432613372803,0.7198634147644043,-1.4985836744308472,-69.98986053466797,-21.190004348754883,-21.422527313232422,76.20053502731272,702706890,1720697922
4.0,0,4.048656940460205,3.6320595741271973,10.000733375549316,-0.7438322305679321,0.7081453204154968,-1.4879308938980103,-66.49909973144531,-22.59099578857422,-20.747802734375,73.23219697726286,714706890,1720697922
4.0,0,-0.2250583916902542,0.6296846866607666,8.209842681884766,-0.699356734752655,0.792036235332489,-1.5081712007522583,-66.49909973144531,-22.59099578857422,-20.747802734375,73.23219697726286,727706890,1720697922
4.0,0,0.8212237358093262,4.163579940795898,8.796431541442871,-0.675387978553772,0.8205324411392212,-1.5017794370651245,-68.41902160644531,-22.76612091064453,-22.265933990478516,75.46675158882661,739706890,1720697922
4.0,0,2.0303139686584473,2.7677392959594727,7.8052167892456055,-0.6681972742080688,0.7915035486221313,-1.5308083295822144,-65.27732849121094,-23.816864013671875,-21.928571701049805,72.86449672675494,752706890,1720697922
4.0,0,2.7677392959594727,3.869088888168335,9.24654769897461,-0.6599413752555847,0.7094769477844238,-1.5257482528686523,-64.92825317382812,-23.816864013671875,-23.10934066772461,72.91750611305498,764706890,1720697922
4.0,0,5.023111820220947,2.918576240539551,10.723793029785156,-0.6357062458992004,0.76780104637146,-1.522818684577942,-64.2301025390625,-23.116369247436523,-23.615385055541992,72.23267273667663,777706890,1720697922
4.0,0,3.718251943588257,3.5243186950683594,9.99833869934082,-0.5760505199432373,0.800824761390686,-1.5387978553771973,-63.53194808959961,-23.466615676879883,-23.952747344970703,71.83818333419885,789706890,1720697922
4.0,0,3.045470952987671,4.4772257804870605,8.87065315246582,-0.601883590221405,0.8540887832641602,-1.5473201274871826,-63.53194808959961,-23.466615676879883,-23.952747344970703,71.83818333419885,802706890,1720697922
4.0,0,5.856306552886963,1.9536983966827393,8.995153427124023,-0.5616692304611206,0.772861123085022,-1.5574402809143066,-64.0555648803711,-23.991989135742188,-24.796154022216797,72.75699409078484,815706890,1720697922
4.0,0,0.3854723572731018,5.523507595062256,9.016700744628906,-0.5291782021522522,0.816537618637085,-1.5872682332992554,-61.786563873291016,-25.918352127075195,-24.627473831176758,71.38524300971896,827706890,1720697922
4.0,0,4.280898094177246,2.6169025897979736,9.694270133972168,-0.5414289236068726,0.7749917507171631,-1.5499835014343262,-63.88102340698242,-24.167112350463867,-25.63956069946289,72.95355744406726,840706890,1720697922
4.0,0,4.826784133911133,2.782104730606079,9.869050025939941,-0.5057420134544373,0.797096312046051,-1.588866114616394,-61.088409423828125,-25.568103790283203,-24.627473831176758,70.65432870439888,852706890,1720697922
4.0,0,2.5618350505828857,1.946515679359436,8.700661659240723,-0.5195906758308411,0.8572846055030823,-1.5939263105392456,-61.088409423828125,-25.568103790283203,-24.627473831176758,70.65432870439888,865706890,1720697922
4.0,0,-3.3399622440338135,0.4333571195602417,8.068583488464355,-0.4855016767978668,0.843169629573822,-1.6181613206863403,-59.866641998291016,-25.392980575561523,-27.49505615234375,70.60309058024954,877706890,1720697922
4.0,0,3.126875162124634,4.6807355880737305,8.952056884765625,-0.4490158259868622,0.8133417963981628,-1.620025634765625,-59.5175666809082,-27.494468688964844,-26.482967376708984,70.70809086081066,890706890,1720697922
4.0,0,-0.4596937298774719,2.5402867794036865,8.219420433044434,-0.4641960561275482,0.839441180229187,-1.5936599969863892,-58.644874572753906,-27.319345474243164,-26.651649475097656,69.97055359605612,902706890,1720697922
4.0,0,1.9321502447128296,2.190727949142456,10.086926460266113,-0.41545945405960083,0.8370442986488342,-1.63307523727417,-60.73933410644531,-26.268600463867188,-28.001100540161133,71.8565773571556,915706890,1720697922
4.0,0,3.2920775413513184,1.0869841575622559,9.584136009216309,-0.41386154294013977,0.8556867241859436,-1.6202919483184814,-58.12125778198242,-27.844717025756836,-28.507143020629883,70.470320530013,927706890,1720697922
4.0,0,3.814021348953247,4.630456924438477,8.612074851989746,-0.3882948160171509,0.8317179083824158,-1.6482555866241455,-56.89949035644531,-28.7203369140625,-27.326374053955078,69.34796661919616,940706890,1720697922
4.0,0,-2.602536916732788,5.080573558807373,8.753334999084473,-0.38616424798965454,0.8993632197380066,-1.6192266941070557,-55.15410614013672,-27.669591903686523,-28.675825119018555,68.04325599565733,952706890,1720697922
4.0,0,2.3128342628479004,0.7422138452529907,8.90417194366455,-0.3488794267177582,0.8207987546920776,-1.6338741779327393,-55.328643798828125,-27.844717025756836,-28.507143020629883,68.1853671549895,965706890,1720697922
4.0,0,8.650382995605469,3.837963819503784,10.87702465057373,-0.32118213176727295,0.8599478006362915,-1.628281593322754,-53.40872573852539,-29.070585250854492,-29.687911987304688,67.66803551165182,977706890,1720697922
4.0,0,1.5801972150802612,1.8100440502166748,9.739761352539062,-0.32863909006118774,0.8511592745780945,-1.6748875379562378,-52.7105712890625,-30.471576690673828,-29.013187408447266,67.44394973036974,990706890,1720697922
4.0,0,-1.3742928504943848,5.774902820587158,7.817187786102295,-0.2740434408187866,0.8940368294715881,-1.6565114259719849,-52.7105712890625,-30.471576690673828,-29.013187408447266,67.44394973036974,2706890,1720697923
4.0,0,-0.34477031230926514,4.134849548339844,8.87065315246582,-0.29614803194999695,0.8527571558952332,-1.6658326387405396,-52.536033630371094,-28.89546012878418,-27.83241844177246,66.10314638490027,15706890,1720697923
4.0,0,2.5187387466430664,1.3599272966384888,9.655962944030762,-0.24927568435668945,0.8748617768287659,-1.6642347574234009,-52.536033630371094,-28.545211791992188,-30.19395637512207,66.98163141820261,27706890,1720697923
4.0,0,1.2306383848190308,4.106118679046631,9.445270538330078,-0.2082623690366745,0.8562193512916565,-1.6895352602005005,-50.09249496459961,-30.646699905395508,-30.868682861328125,66.3427000389874,40706890,1720697923
4.0,0,1.6711782217025757,3.684732437133789,8.662353515625,-0.2370249480009079,0.9014937877655029,-1.6908668279647827,-46.60173034667969,-28.89546012878418,-29.51923179626465,62.274022940552065,52706890,1720697923
4.0,0,-2.530709743499756,3.308837413787842,9.339923858642578,-0.19361475110054016,0.9044232964515686,-1.6847413778305054,-46.60173034667969,-28.89546012878418,-29.51923179626465,62.274022940552065,65706890,1720697923
4.0,0,-0.8738968968391418,3.4189720153808594,8.353497505187988,-0.16352058947086334,0.8839166760444641,-1.7007206678390503,-48.17257308959961,-28.370088577270508,-29.687911987304688,63.29953271645013,77706890,1720697923
4.0,0,-1.4892162084579468,3.9073967933654785,8.13083267211914,-0.14168232679367065,0.9036243557929993,-1.689801573753357,-45.9035758972168,-30.29645347595215,-30.868682861328125,63.07050780646473,90706890,1720697923
4.0,0,7.276090145111084,3.1412405967712402,11.559382438659668,-0.1475413739681244,0.8085480332374573,-1.709775447845459,-47.125343322753906,-30.471576690673828,-31.71208953857422,64.45906912301473,102706890,1720697923
4.0,0,-1.161205530166626,1.4149948358535767,9.19148063659668,-0.11718087643384933,0.9307889938354492,-1.683942437171936,-42.58734893798828,-31.172073364257812,-32.38681411743164,61.92161315784427,115706890,1720697923
4.0,0,-2.121295213699341,5.990383625030518,7.774091720581055,-0.07936341315507889,0.8905746340751648,-1.7364075183868408,-44.1581916809082,-31.347196578979492,-31.880769729614258,62.840879246249436,127706890,1720697923
4.0,0,-2.2338242530822754,3.42854905128479,8.264910697937012,-0.08096133172512054,0.9438386559486389,-1.7182977199554443,-44.1581916809082,-31.347196578979492,-31.880769729614258,62.840879246249436,140706890,1720697923
4.0,0,4.18273401260376,3.7781078815460205,10.924909591674805,-0.03089314140379429,0.8442348837852478,-1.7601100206375122,-40.84196472167969,-31.172073364257812,-32.724178314208984,60.91499065495902,152706890,1720697923
4.0,0,-2.195516347885132,6.160375118255615,7.230599403381348,0.12996424734592438,0.7997594475746155,-1.7404022216796875,-40.66742706298828,-31.347196578979492,-30.868682861328125,59.91128390276666,165706890,1720697923
4.0,0,39.22600173950195,-3.1939139366149902,30.337392807006836,0.3065345287322998,0.5345045924186707,-1.2074955701828003,-38.39842987060547,-31.872568130493164,-32.38681411743164,59.491224095977415,177706890,1720697923
4.0,0,25.69975471496582,-11.506709098815918,26.41323471069336,-0.02476777695119381,-0.17497234046459198,-0.6873723864555359,-38.74750518798828,-31.872568130493164,-32.38681411743164,59.71712891795097,190706890,1720697923
4.0,0,14.070938110351562,9.900175094604492,24.667837142944336,-0.008522245101630688,0.45673906803131104,-0.22024677693843842,-38.74750518798828,-31.872568130493164,-32.38681411743164,59.71712891795097,202706890,1720697923
4.0,0,39.22600173950195,-12.825933456420898,12.289624214172363,-0.26126009225845337,-0.04234490543603897,0.2700486481189728,-38.04935073852539,-31.172073364257812,-33.398902893066406,59.45534428384444,215706890,1720697923
4.0,0,4.249773025512695,-1.6616014242172241,1.8675057888031006,-0.14620977640151978,0.004261122550815344,0.5225201845169067,-38.04935073852539,-32.222816467285156,-33.06153869628906,59.82581661518617,227706890,1720697923
4.0,0,4.249773025512695,-1.6616014242172241,1.8675057888031006,-0.14620977640151978,0.004261122550815344,0.5225201845169067,-38.74750518798828,-31.522321701049805,-31.374725341796875,58.98643330453915,240706890,1720697923
4.0,0,-18.069316864013672,3.256164073944092,5.985595226287842,0.16804802417755127,-0.06764532625675201,0.35740166902542114,-38.572967529296875,-31.697444915771484,-30.53131866455078,58.52147689182925,252706890,1720697923
4.0,0,-16.285608291625977,2.1548144817352295,11.195457458496094,0.2319648712873459,0.007723285350948572,0.08522245287895203,-38.572967529296875,-31.697444915771484,-30.53131866455078,58.52147689182925,265706890,1720697923
4.0,0,-18.241701126098633,7.060608386993408,28.7571964263916,0.1920168399810791,0.4735172688961029,-0.1757713109254837,-37.874813079833984,-30.29645347595215,-32.55549621582031,58.414355195544076,278706890,1720697923
4.0,0,3.2322216033935547,1.213878870010376,30.85694122314453,-0.2383565604686737,0.27990248799324036,-0.6476906538009644,-37.70027542114258,-29.420833587646484,-31.037363052368164,57.01064919001101,290706890,1720697923
4.0,0,-21.205766677856445,10.807591438293457,17.825103759765625,-0.217583566904068,1.24025297164917,-0.7387721538543701,-37.00212097167969,-31.872568130493164,-31.71208953857422,58.229495777812595,303706890,1720697923
4.0,0,28.903244018554688,-4.194705486297607,22.3502140045166,-0.5949592590332031,0.6450274586677551,-0.9662095308303833,-37.52573776245117,-32.39794158935547,-30.868682861328125,58.40105474592728,315706890,1720697923
4.0,0,-16.019847869873047,2.241007089614868,3.229827404022217,-0.540363609790802,1.3688856363296509,-0.6857744455337524,-35.08220291137695,-29.595956802368164,-32.89285659790039,56.467881448950315,328706890,1720697923
4.0,0,24.69896125793457,-5.968835830688477,6.565001010894775,-0.4985513687133789,0.9134781360626221,-0.6852418184280396,-35.08220291137695,-29.595956802368164,-32.89285659790039,56.467881448950315,340706890,1720697923
4.0,0,-9.402173042297363,1.3192253112792969,-0.30406826734542847,-0.31239354610443115,1.1054949760437012,-0.6037477850914001,-35.08220291137695,-30.29645347595215,-34.57966995239258,57.83069797565961,353706890,1720697923
4.0,0,1.6424474716186523,-1.3910523653030396,6.790059566497803,-0.2013380527496338,1.0423771142959595,-0.6090742349624634,-33.511356353759766,-30.471576690673828,-32.0494499206543,55.48599130321832,365706890,1720697923
4.0,0,-3.2848949432373047,-1.3048597574234009,10.1898775100708,-0.18163035809993744,0.9398438334465027,-0.6711268424987793,-32.98773956298828,-29.245708465576172,-35.254398345947266,56.4479851532696,378706890,1720697923
4.0,0,-7.024694919586182,-0.3495587706565857,11.20024585723877,-0.2301006317138672,1.032523274421692,-0.6524844765663147,-31.41689682006836,-27.669591903686523,-34.74835205078125,54.406577655320405,390706890,1720697923
4.0,0,2.988009214401245,0.3184336721897125,12.945646286010742,-0.28229936957359314,0.9779276847839355,-0.7243908643722534,-31.94051170349121,-27.844717025756836,-32.89285659790039,53.64200377778007,403706890,1720697923
4.0,0,-1.5131585597991943,-1.0031858682632446,10.450849533081055,-0.2865605056285858,1.0048259496688843,-0.7251898050308228,-31.765974044799805,-28.7203369140625,-32.724178314208984,53.89625873669063,415706890,1720697923
4.0,0,2.4373345375061035,-1.316831111907959,9.081345558166504,-0.29668065905570984,1.0045596361160278,-0.7033515572547913,-28.10066795349121,-28.89546012878418,-32.89285659790039,52.02437092994555,428706890,1720697923
4.0,0,2.1069295406341553,-0.6943290829658508,8.650382995605469,-0.2934848368167877,0.9425070881843567,-0.7254561185836792,-29.322437286376953,-28.019840240478516,-33.736263275146484,52.75464183638674,440706890,1720697923
4.0,0,-2.2625551223754883,-1.4030234813690186,7.881832599639893,-0.2569989860057831,1.0152125358581543,-0.6876387000083923,-28.10066795349121,-29.595956802368164,-33.56758499145508,52.84270016415295,453706890,1720697923
4.0,0,1.972852349281311,-1.3048597574234009,10.484369277954102,-0.22797006368637085,0.9353164434432983,-0.7017536759376526,-26.180747985839844,-26.969097137451172,-32.38681411743164,49.615214341816596,465706890,1720697923
4.0,0,-5.21225643157959,0.21069295704364777,9.821165084838867,-0.23809023201465607,1.0098860263824463,-0.7060148119926453,-25.657133102416992,-26.4437255859375,-33.230220794677734,49.61659677932919,478706890,1720697923
4.0,0,2.0231313705444336,0.23942382633686066,11.35587215423584,-0.23622599244117737,0.9520946145057678,-0.7315815091133118,-24.784440994262695,-27.319345474243164,-32.38681411743164,49.08687076211122,490706890,1720697923
4.0,0,-2.193122148513794,-0.514761209487915,8.911355018615723,-0.2508735954761505,1.0000321865081787,-0.7257224321365356,-24.086286544799805,-25.918352127075195,-34.41099166870117,49.35611941922388,503706890,1720697923
4.0,0,0.9217816591262817,-0.7709447145462036,8.825161933898926,-0.268983393907547,0.984585702419281,-0.7464954257011414,-22.166366577148438,-27.14422035217285,-32.55549621582031,47.83321899703311,515706890,1720697923
4.0,0,-1.7597651481628418,-2.018342971801758,8.772488594055176,-0.24554719030857086,0.9619484543800354,-0.7539524435997009,-24.086286544799805,-24.167112350463867,-33.06153869628906,47.51067101025165,528706890,1720697923
4.0,0,-0.19153906404972076,-1.0534647703170776,9.004730224609375,-0.21545302867889404,1.0311917066574097,-0.7358426451683044,-24.086286544799805,-24.167112350463867,-33.06153869628906,47.51067101025165,540706890,1720697923
4.0,0,1.6089280843734741,-0.5410978198051453,10.604080200195312,-0.2032022923231125,0.9449039697647095,-0.7488923668861389,-22.51544189453125,-24.69248390197754,-31.880769729614258,46.1849257172524,553706890,1720697923
4.0,0,-5.35830545425415,-0.42138591408729553,8.87065315246582,-0.20932765305042267,1.0474371910095215,-0.7398374676704407,-21.29367446899414,-24.167112350463867,-32.724178314208984,45.91668256844762,565706890,1720697923
4.0,0,0.9672722220420837,-2.1332662105560303,9.792434692382812,-0.20213700830936432,0.9816561341285706,-0.7592788338661194,-19.722829818725586,-23.991989135742188,-31.206045150756836,44.02752335413675,578706890,1720697923
4.0,0,-1.9010250568389893,-0.3304048776626587,8.636016845703125,-0.2032022923231125,1.0130819082260132,-0.748359739780426,-19.722829818725586,-23.991989135742188,-31.880769729614258,44.50830301528773,590706890,1720697923
4.0,0,0.4046262502670288,-1.4126006364822388,9.320769309997559,-0.21465405821800232,1.0367844104766846,-0.7723284959793091,-19.722829818725586,-24.69248390197754,-31.206045150756836,44.41312904152223,603706890,1720697923
4.0,0,-1.9536983966827393,-1.8124382495880127,8.432506561279297,-0.19654428958892822,0.9619484543800354,-0.7715295553207397,-19.722829818725586,-24.69248390197754,-31.206045150756836,44.41312904152223,615706890,1720697923
4.0,0,-0.007182714529335499,-1.5921683311462402,10.13720417022705,-0.18722309172153473,1.0133482217788696,-0.7757906913757324,-15.359371185302734,-23.816864013671875,-29.687911987304688,41.04297032159826,628706890,1720697923
4.0,0,0.08140409737825394,-2.3271994590759277,9.440481185913086,-0.18775571882724762,0.9616820812225342,-0.761409342288971,-16.057525634765625,-23.116369247436523,-31.037363052368164,41.89902817416524,640706890,1720697923
4.0,0,-5.396613121032715,-2.8994224071502686,8.185900688171387,-0.17284178733825684,1.0495678186416626,-0.7672684192657471,-14.661218643188477,-24.167112350463867,-31.374725341796875,42.230013518071615,653706890,1720697923
4.0,0,-1.6663898229599,-0.8810796737670898,8.844316482543945,-0.16059106588363647,1.031990647315979,-0.7773885726928711,-15.882987022399902,-22.59099578857422,-31.543407440185547,41.92384667955285,665706890,1720697923
4.0,0,-3.5482609272003174,-1.5466779470443726,7.9584479331970215,-0.17870083451271057,1.024533748626709,-0.7872424125671387,-13.090373992919922,-21.540252685546875,-29.85659408569336,39.073732704076065,678706890,1720697923
4.0,0,0.18196210265159607,-2.3295936584472656,9.411750793457031,-0.1637869030237198,1.0026954412460327,-0.7912371754646301,-13.78852653503418,-21.190004348754883,-31.543407440185547,40.42432808650189,690706890,1720697923
4.0,0,-4.084570407867432,-2.3583245277404785,8.41574764251709,-0.15899313986301422,1.0410455465316772,-0.802156388759613,-12.392220497131348,-21.890501022338867,-30.53131866455078,39.559102407093214,703706890,1720697923
4.0,0,-4.491590976715088,-1.0702245235443115,8.123650550842285,-0.13422536849975586,1.037583351135254,-0.8048195242881775,-12.043143272399902,-21.540252685546875,-30.868682861328125,39.52082194527352,715706890,1720697923
4.0,0,-3.2944717407226562,-0.5482805371284485,8.817978858947754,-0.12303992360830307,1.0232020616531372,-0.7976289391517639,-11.694067001342773,-20.4895076751709,-29.51923179626465,37.78830736675543,728706890,1720697923
4.0,0,-1.209090232849121,0.050279002636671066,8.9568452835083,-0.1307632029056549,1.0253326892852783,-0.7840465903282166,-11.694067001342773,-20.4895076751709,-29.51923179626465,37.78830736675543,740706890,1720697923
4.0,0,-1.4987930059432983,-1.4389371871948242,8.961633682250977,-0.136355921626091,1.0029617547988892,-0.802156388759613,-10.821375846862793,-18.56314468383789,-29.350549697875977,36.37509152345396,753706890,1720697923
4.0,0,-6.5410590171813965,-2.6384506225585938,7.764514923095703,-0.14487817883491516,1.0711396932601929,-0.8149397373199463,-8.901453971862793,-20.13926124572754,-28.844507217407227,36.288170564963906,765706890,1720697923
4.0,0,-6.5410590171813965,-2.6384506225585938,7.764514923095703,-0.14487817883491516,1.0711396932601929,-0.8149397373199463,-8.901453971862793,-18.388019561767578,-27.15769386291504,33.983753208981376,778706890,1720697923
4.0,0,-4.644822120666504,-1.6041396856307983,7.917746067047119,-0.11265343427658081,1.0562257766723633,-0.8146734237670898,-6.806994438171387,-19.438764572143555,-26.820329666137695,33.816132611119585,791706890,1720697923
4.0,0,0.3495587706565857,-2.4900078773498535,9.179509162902832,-0.10599542409181595,1.0048259496688843,-0.8040205836296082,-6.981532573699951,-19.613887786865234,-27.66373634338379,34.62266164912264,803706890,1720697923
4.0,0,-2.0710160732269287,-1.8268038034439087,8.705450057983398,-0.10359854996204376,1.0184082984924316,-0.8104122877120972,-7.156070709228516,-17.687524795532227,-27.49505615234375,33.46693882339079,816706890,1720697923
4.0,0,-6.136432647705078,-1.2952828407287598,8.035063743591309,-0.10972391068935394,1.0658133029937744,-0.814140796661377,-7.156070709228516,-16.63677978515625,-28.507143020629883,33.77349541895107,828706890,1720697923
4.0,0,-4.003166198730469,-2.5977485179901123,7.333551406860352,-0.11345238983631134,1.021337866783142,-0.8386421799659729,-5.236149311065674,-17.512399673461914,-25.63956069946289,31.487909978153272,841706890,1720697923
4.0,0,-6.095730304718018,-3.296865940093994,8.200265884399414,-0.10652806609869003,1.0817925930023193,-0.833049476146698,-4.363457679748535,-16.28653335571289,-26.145605087280273,31.11082764970616,853706890,1720697923
4.0,0,-0.5506747961044312,-1.6879379749298096,8.791643142700195,-0.0769665315747261,1.0274631977081299,-0.8250598907470703,-3.4907662868499756,-16.46165657043457,-26.314287185668945,31.234809050195917,866706890,1720697923
4.0,0,-2.679152727127075,-2.7749221324920654,8.104496955871582,-0.08708669990301132,1.0333222150802612,-0.8258588314056396,-3.4907662868499756,-16.46165657043457,-26.314287185668945,31.234809050195917,878706890,1720697923
4.0,0,-4.630456924438477,-3.0885672569274902,8.116467475891113,-0.07536860555410385,1.0461056232452393,-0.8282557129859924,-4.188919544219971,-13.30942440032959,-25.30219841003418,28.894447030472357,891706890,1720697923
4.0,0,-5.621671676635742,-3.972041130065918,6.725415229797363,-0.09454365819692612,1.0772651433944702,-0.8511592745780945,-3.8398427963256836,-14.710416793823242,-24.290111541748047,28.655719737236627,903706890,1720697923
4.0,0,-2.1021411418914795,-4.216253280639648,8.116467475891113,-0.07829813659191132,1.0511656999588013,-0.8199998140335083,-2.4435362815856934,-14.009920120239258,-23.27802276611328,27.27847274380658,916706890,1720697923
4.0,0,-2.322411060333252,-1.7669477462768555,8.018303871154785,-0.06285155564546585,1.047703504562378,-0.8367779850959778,-0.34907662868499756,-13.659672737121582,-23.615385055541992,27.283601761854552,928706890,1720697923
4.0,0,-4.024714469909668,-3.3902413845062256,8.422929763793945,-0.05592723563313484,1.068210244178772,-0.8333157896995544,-1.3963065147399902,-14.36016845703125,-24.290111541748047,28.251966811320983,941706890,1720697923
4.0,0,-3.380664348602295,-1.807649850845337,7.814793586730957,-0.05539459362626076,1.0516983270645142,-0.8365116715431213,-0.5236149430274963,-11.032812118530273,-22.434616088867188,25.006181533896946,953706890,1720697923
4.0,0,-3.3686931133270264,-2.7509799003601074,7.3120036125183105,-0.04767131060361862,1.0636827945709229,-0.8413054347038269,-1.0472298860549927,-12.608928680419922,-21.591209411621094,25.025229204917146,966706890,1720697923
4.0,0,-5.913768291473389,-3.4955875873565674,6.232202529907227,-0.03302370011806488,1.0975054502487183,-0.8423706889152527,-0.5236149430274963,-14.535292625427246,-23.446704864501953,27.591608748284703,978706890,1720697923
4.0,0,-0.579405665397644,-3.8020501136779785,8.322371482849121,-0.03621954470872879,1.0413118600845337,-0.8362453579902649,1.0472298860549927,-11.558184623718262,-21.253847122192383,24.215993469682996,991706890,1720697923
4.0,0,-3.900214195251465,-4.505956172943115,7.352705478668213,-0.02583305537700653,1.0567584037780762,-0.8484960198402405,0.6981532573699951,-12.959176063537598,-21.591209411621094,25.191426836783528,3706890,1720697924
4.0,0,-6.512328147888184,-3.687126636505127,6.85709810256958,-0.04234490543603897,1.0865862369537354,-0.860214114189148,0.6981532573699951,-10.507440567016602,-19.567033767700195,22.22076811693246,16706890,1720697924
4.0,0,-4.496379375457764,-4.795659065246582,6.842732906341553,-0.03994802385568619,1.077797770500183,-0.8663395643234253,2.618074655532837,-12.433804512023926,-19.735713958740234,23.472371311957044,28706890,1720697924
4.0,0,-2.9473073482513428,-2.9975860118865967,7.189897537231445,-0.036752182990312576,1.0924453735351562,-0.854621410369873,1.2217681407928467,-10.682564735412598,-20.073078155517578,22.77143766549785,41706890,1720697924
4.0,0,-3.146028995513916,-2.061439037322998,7.671139240264893,-0.007456964813172817,1.0588890314102173,-0.8455665707588196,1.9199213981628418,-9.982068061828613,-19.398351669311523,21.900315715815232,53706890,1720697924
4.0,0,-4.7597455978393555,-3.433337450027466,5.983201026916504,-0.01145176775753498,1.0921789407730103,-0.8450339436531067,1.0472298860549927,-8.405952453613281,-17.542858123779297,19.480980422907447,66706890,1720697924
4.0,0,-5.023111820220947,-3.457279920578003,6.76132869720459,0.006125363986939192,1.0692754983901978,-0.8572846055030823,1.0472298860549927,-8.405952453613281,-17.542858123779297,19.480980422907447,78706890,1720697924
4.0,0,-5.985595226287842,-3.4884049892425537,6.5602126121521,0.00878856610506773,1.0785967111587524,-0.8711333274841309,3.1416897773742676,-8.405952453613281,-18.55494499206543,20.61107068951633,91706890,1720697924
4.0,0,-4.0127434730529785,-3.8092329502105713,6.804425239562988,-0.009321206249296665,1.1081582307815552,-0.8604804873466492,5.4106879234313965,-6.479588031768799,-17.036813735961914,19.013511699317103,103706890,1720697924
4.0,0,-1.235426902770996,-3.122086763381958,6.933713912963867,0.009321206249296665,1.0479698181152344,-0.8359790444374084,4.363457679748535,-6.479588031768799,-16.02472496032715,17.827412432502083,116706890,1720697924
4.0,0,-7.434109687805176,-4.980015754699707,5.499565601348877,-0.013316008262336254,1.1262680292129517,-0.8596814870834351,5.759764194488525,-7.530332088470459,-17.036813735961914,19.497020470128774,128706890,1720697924
4.0,0,-5.389430522918701,-4.800447940826416,6.758934497833252,0.029561540111899376,1.0849883556365967,-0.8570182919502258,4.537996292114258,-7.355208396911621,-16.868131637573242,18.95326794649781,141706890,1720697924
4.0,0,-5.372670650482178,-3.1053268909454346,6.0502400398254395,0.027430977672338486,1.119343638420105,-0.8636763095855713,4.537996292114258,-7.355208396911621,-16.868131637573242,18.95326794649781,153706890,1720697924
4.0,0,-3.430943250656128,-3.8092329502105713,6.720626354217529,0.03435530140995979,1.1129519939422607,-0.8583499193191528,6.806994438171387,-4.3780999183654785,-15.350000381469727,17.352966429046326,166706890,1720697924
4.0,0,-5.727018356323242,-3.5769920349121094,5.547450065612793,0.040746983140707016,1.121474266052246,-0.862877368927002,6.632455825805664,-4.903471946716309,-14.843955993652344,16.981652951199557,178706890,1720697924
4.0,0,-2.4397287368774414,-4.209070682525635,7.271301746368408,0.05353035405278206,1.0836567878723145,-0.8447676301002502,6.806994438171387,-4.3780999183654785,-14.337912559509277,16.464466852607828,191706890,1720697924
4.0,0,-8.564190864562988,-4.276109218597412,4.853120803833008,0.03914906829595566,1.1081582307815552,-0.8588825464248657,7.85422420501709,-4.0278520584106445,-16.02472496032715,18.294923889463195,203706890,1720697924
4.0,0,-5.176342964172363,-5.961653232574463,6.232202529907227,0.007456964813172817,1.1070929765701294,-0.8796555399894714,6.632455825805664,-3.8527281284332275,-12.819780349731445,14.939201870523224,216706890,1720697924
4.0,0,-5.535478591918945,-4.831572532653809,5.231410980224609,0.03994802385568619,1.1254690885543823,-0.8524908423423767,5.934302806854248,-2.8019840717315674,-13.494505882263184,15.005624063933872,228706890,1720697924
4.0,0,-3.993589162826538,-3.4764339923858643,6.3303656578063965,0.05459563434123993,1.1105551719665527,-0.8389084935188293,7.156070709228516,-1.2258679866790771,-12.65109920501709,14.58637759731411,241706890,1720697924
4.0,0,-5.62406587600708,-3.093355894088745,5.870672225952148,0.055128276348114014,1.0895158052444458,-0.8745954036712646,7.85422420501709,-2.9771080017089844,-12.9884614944458,15.467777536194953,253706890,1720697924
4.0,0,-5.880249500274658,-5.37027645111084,5.185919761657715,0.060454681515693665,1.1390514373779297,-0.8682037591934204,8.552377700805664,-0.8756200075149536,-9.614835739135742,12.897865754665009,266706890,1720697924
4.0,0,-4.59693717956543,-4.309628963470459,6.011932373046875,0.07962973415851593,1.1076256036758423,-0.8727312088012695,8.552377700805664,-0.8756200075149536,-9.614835739135742,12.897865754665009,278706890,1720697924
4.0,0,-6.3088178634643555,-5.870672225952148,5.229015827178955,0.054062992334365845,1.129463791847229,-0.8556867241859436,9.075992584228516,0.3502480089664459,-12.145055770874023,15.165707854709465,291706890,1720697924
4.0,0,-4.048656940460205,-4.659187316894531,5.863489627838135,0.07616756856441498,1.1419808864593506,-0.8511592745780945,8.377839088439941,-0.3502480089664459,-10.795604705810547,13.669526049709843,303706890,1720697924
4.0,0,-5.082967758178711,-4.867486476898193,5.523507595062256,0.0737706869840622,1.1124193668365479,-0.8519582152366638,10.64683723449707,-0.17512400448322296,-10.626923561096191,15.043846445912722,316706890,1720697924
4.0,0,-8.39659309387207,-5.782085418701172,3.993589162826538,0.0681779608130455,1.1723413467407227,-0.8903083205223083,8.72691535949707,0.0,-7.421977996826172,11.456212684705086,329706890,1720697924
4.0,0,-3.402212619781494,-5.396613121032715,5.111698150634766,0.08335821330547333,1.1121530532836914,-0.8743290901184082,9.425068855285645,2.1014881134033203,-9.783516883850098,13.746467831200523,341706890,1720697924
4.0,0,-7.886620998382568,-6.172346115112305,4.101330280303955,0.07243908941745758,1.1555631160736084,-0.862877368927002,9.948683738708496,1.2258679866790771,-8.940110206604004,13.431479105438557,354706890,1720697924
4.0,0,0.6129249930381775,-9.727789878845215,6.59133768081665,0.09560894221067429,0.9121465682983398,-0.7776548862457275,9.425068855285645,1.0507440567016602,-9.10879135131836,13.1493751137239,366706890,1720697924
4.0,0,-14.853854179382324,-16.232934951782227,-3.045470952987671,-0.0806950107216835,0.8002920746803284,-0.6759206056594849,9.425068855285645,2.8019840717315674,-7.421977996826172,12.319447838701404,379706890,1720697924
4.0,0,25.632713317871094,-5.130852699279785,6.205865383148193,0.14461186528205872,0.13395905494689941,-0.2577979266643524,7.679685592651367,2.8019840717315674,-6.409890174865723,10.388232650169831,392502347,1720697924
4.0,0,-14.786815643310547,-15.74211597442627,-4.6543989181518555,0.09001621603965759,0.19281581044197083,0.06018836051225662,9.425068855285645,3.1522321701049805,-6.747252941131592,12.012240125502366,405502347,1720697924
4.0,0,-3.454885721206665,-5.27450704574585,6.114884853363037,0.16804802417755127,-0.01384864840656519,0.15419937670230865,9.425068855285645,3.1522321701049805,-6.747252941131592,12.012240125502366,417502347,1720697924
4.0,0,-9.89299201965332,-4.594542980194092,6.275298595428467,0.12543679773807526,-0.0751022920012474,0.10093534737825394,8.203300476074219,1.5761160850524902,-6.915934085845947,10.84474180854881,430502347,1720697924
4.0,0,-10.22818660736084,-4.529898643493652,7.798034191131592,0.04847027361392975,-0.08841829746961594,-0.0034621621016412973,9.250530242919922,3.3273561000823975,-7.253296852111816,12.216952304760252,442502347,1720697924
4.0,0,-5.243381977081299,-5.968835830688477,6.016720771789551,0.025034096091985703,-0.04341018572449684,-0.04341018572449684,9.075992584228516,3.1522321701049805,-6.747252941131592,11.740342043348852,455502347,1720697924
4.0,0,-3.837963819503784,-5.832364082336426,4.259349822998047,0.002130561275407672,-0.057258836925029755,-0.011984407901763916,10.123222351074219,3.1522321701049805,-7.084615707397461,12.751783331951504,467502347,1720697924
4.0,0,-5.470834255218506,-4.697495460510254,2.971249580383301,0.045008108019828796,-0.0015979211311787367,0.021039292216300964,8.552377700805664,3.3273561000823975,-6.915934085845947,11.49106640977065,480502347,1720697924
4.0,0,-5.916162490844727,-6.3303656578063965,3.5267128944396973,0.11611559242010117,-0.021305613219738007,0.06471580266952515,8.028762817382812,3.8527281284332275,-6.072527885437012,10.778689221274519,492502347,1720697924
4.0,0,-7.865072250366211,-6.536270618438721,5.257747173309326,0.12490416318178177,0.013316008262336254,0.01384864840656519,8.901453971862793,4.0278520584106445,-6.578571796417236,11.778670633745179,505502347,1720697924
4.0,0,-4.853120803833008,-7.3910136222839355,6.167557716369629,0.06471580266952515,0.007456964813172817,-0.03115946054458618,8.901453971862793,2.2766120433807373,-5.566483497619629,10.74265254667253,517502347,1720697924
4.0,0,-4.853120803833008,-7.3910136222839355,6.167557716369629,0.06471580266952515,0.007456964813172817,-0.03115946054458618,8.203300476074219,2.9771080017089844,-7.253296852111816,11.347582384783745,530502347,1720697924
4.0,0,-5.837152481079102,-6.143615245819092,3.1867308616638184,0.019441373646259308,0.014913929626345634,-0.027430977672338486,8.203300476074219,2.9771080017089844,-7.253296852111816,11.347582384783745,542502347,1720697924
4.0,0,-6.936108112335205,-4.151608943939209,3.665578603744507,0.06791163980960846,0.011984407901763916,-0.006924324203282595,7.679685592651367,3.5024800300598145,-6.072527885437012,10.398102330827241,555502347,1720697924
4.0,0,-7.405378818511963,-3.1172983646392822,5.930528163909912,0.10386486351490021,0.02050665207207203,-0.000266320159425959,7.679685592651367,3.1522321701049805,-6.747252941131592,10.697642764078012,567502347,1720697924
4.0,0,-5.9448933601379395,-6.021509170532227,6.124461650848389,0.0788307711482048,0.0013316008262336254,0.009587526321411133,8.203300476074219,3.3273561000823975,-6.241209030151367,10.831349291549877,580502347,1720697924
4.0,0,-5.343940258026123,-7.0318779945373535,4.652004718780518,0.05885675922036171,0.006125363986939192,0.005326403304934502,9.075992584228516,3.1522321701049805,-7.759340763092041,12.349800732036025,592502347,1720697924
4.0,0,-5.533084392547607,-8.195477485656738,3.404606819152832,0.03701850399374962,0.011718087829649448,-0.027164656668901443,7.85422420501709,3.3273561000823975,-7.253296852111816,11.196894734893558,605502347,1720697924
4.0,0,-5.923345565795898,-6.3782501220703125,4.254561424255371,0.06977588683366776,0.002663201652467251,-0.006658004131168127,7.85422420501709,3.3273561000823975,-7.253296852111816,11.196894734893558,617502347,1720697924
4.0,0,-6.047845840454102,-5.027900218963623,5.231410980224609,0.09134781360626221,0.01384864840656519,0.005859043914824724,9.425068855285645,3.8527281284332275,-6.747252941131592,12.214780358651765,630502347,1720697924
4.0,0,-5.628854274749756,-5.315208911895752,5.602517127990723,0.059389397501945496,0.011984407901763916,-0.02050665207207203,8.552377700805664,3.3273561000823975,-6.241209030151367,11.098069792177219,642502347,1720697924
4.0,0,-6.25135612487793,-5.755748748779297,4.757351398468018,0.06018836051225662,0.015712888911366463,-0.000266320159425959,6.806994438171387,4.0278520584106445,-5.903846263885498,9.869861508315799,655502347,1720697924
4.0,0,-6.2345967292785645,-5.638431072235107,4.103724479675293,0.060454681515693665,0.009587526321411133,-0.006658004131168127,8.901453971862793,4.0278520584106445,-7.253296852111816,12.168393083825405,667502347,1720697924
4.0,0,-6.373461723327637,-5.916162490844727,4.58496618270874,0.07483596354722977,0.005592723377048969,-0.007989604957401752,9.948683738708496,2.2766120433807373,-7.253296852111816,12.520766180780003,680502347,1720697924
4.0,0,-5.7677202224731445,-5.908979892730713,5.097332954406738,0.06125364080071449,0.007989604957401752,-0.009321206249296665,7.505147457122803,3.6776041984558105,-7.5906596183776855,11.290266800909816,692502347,1720697924
4.0,0,-5.959259033203125,-4.917765140533447,4.924948215484619,0.06897692382335663,0.019175052642822266,0.002663201652467251,8.901453971862793,4.0278520584106445,-7.5906596183776855,12.372452806929774,705502347,1720697924
4.0,0,-6.469231605529785,-6.0239033699035645,5.054236888885498,0.06418316066265106,0.011984407901763916,-0.003994802478700876,8.72691535949707,3.8527281284332275,-6.409890174865723,11.493009082798403,717502347,1720697924
4.0,0,-6.150798320770264,-5.6049113273620605,4.525110244750977,0.06231892108917236,0.007456964813172817,-0.006658004131168127,8.72691535949707,3.1522321701049805,-6.747252941131592,11.47262139171687,730502347,1720697924
4.0,0,-6.105307102203369,-5.863489627838135,4.616091251373291,0.06711268424987793,0.017843451350927353,-0.011984407901763916,8.028762817382812,3.1522321701049805,-6.072527885437012,10.54861104370825,742502347,1720697924
4.0,0,-5.674344539642334,-5.77250862121582,4.764533996582031,0.07110748440027237,0.010652806609869003,-0.005592723377048969,8.028762817382812,3.8527281284332275,-6.409890174865723,10.972294129453946,755502347,1720697924
4.0,0,-6.055028438568115,-5.652796745300293,5.054236888885498,0.0663137212395668,0.013582328334450722,-0.0031958422623574734,8.72691535949707,3.1522321701049805,-6.747252941131592,11.47262139171687,767502347,1720697924
4.0,0,-6.344731330871582,-5.664767742156982,4.788476467132568,0.06524843722581863,0.010652806609869003,-0.0034621621016412973,7.85422420501709,4.3780999183654785,-6.578571796417236,11.141553017352852,780502347,1720697924
4.0,0,-6.253750324249268,-5.7629313468933105,4.757351398468018,0.0663137212395668,0.013316008262336254,-0.008522245101630688,7.85422420501709,4.0278520584106445,-7.253296852111816,11.424655149805371,792502347,1720697924
4.0,0,-5.808422088623047,-5.695892810821533,4.790870666503906,0.06871060281991959,0.0143812894821167,-0.008522245101630688,8.72691535949707,3.5024800300598145,-6.409890174865723,11.380382687178573,805502347,1720697924
4.0,0,-5.738989353179932,-5.6839213371276855,4.802842140197754,0.06711268424987793,0.010919126681983471,-0.005592723377048969,8.72691535949707,3.5024800300598145,-6.409890174865723,11.380382687178573,818502347,1720697924
4.0,0,-6.196288585662842,-5.813210487365723,4.881851673126221,0.06551475822925568,0.015446570701897144,-0.000266320159425959,8.028762817382812,4.553224086761475,-5.735165119171143,10.866692270705515,830502347,1720697924
4.0,0,-6.311212062835693,-5.640825271606445,4.762139797210693,0.06737900525331497,0.014647609554231167,-0.005060083232820034,8.377839088439941,3.1522321701049805,-6.747252941131592,11.209379005888144,843502347,1720697924
4.0,0,-6.09333610534668,-5.727018356323242,4.800447940826416,0.06871060281991959,0.012250727973878384,-0.013049688190221786,8.901453971862793,2.9771080017089844,-5.903846263885498,11.08848301503079,855502347,1720697924
4.0,0,-5.851518154144287,-5.645613670349121,4.867486476898193,0.06924324482679367,0.015180249698460102,-0.006924324203282595,7.679685592651367,2.4517359733581543,-6.409890174865723,10.299285030470589,868502347,1720697924
4.0,0,-5.841940879821777,-5.7892680168151855,4.810024738311768,0.06791163980960846,0.01864241249859333,-0.005326403304934502,8.377839088439941,3.1522321701049805,-6.409890174865723,11.009607054744373,880502347,1720697924
4.0,0,-6.217836380004883,-5.659979343414307,4.716649055480957,0.0663137212395668,0.016778171062469482,-0.005326403304934502,9.774145126342773,3.1522321701049805,-6.409890174865723,12.106079987299566,893502347,1720697924
4.0,0,-6.2250189781188965,-5.650402545928955,4.829178333282471,0.06871060281991959,0.015712888911366463,-0.00719064474105835,9.425068855285645,3.8527281284332275,-7.084615707397461,12.404322499838468,905502347,1720697924
4.0,0,-6.03826904296875,-5.731806755065918,4.8124189376831055,0.06871060281991959,0.011718087829649448,-0.010652806609869003,9.250530242919922,2.9771080017089844,-6.915934085845947,11.92751550444524,918502347,1720697924
4.0,0,-5.825181484222412,-5.700681209564209,4.802842140197754,0.06604740023612976,0.01864241249859333,-0.006658004131168127,8.028762817382812,3.8527281284332275,-6.747252941131592,11.172733267245679,930502347,1720697924
4.0,0,-5.942499160766602,-5.72222900390625,4.726226329803467,0.0681779608130455,0.015446570701897144,-0.000532640318851918,9.250530242919922,5.078596115112305,-6.915934085845947,12.617233950251368,943502347,1720697924
4.0,0,-6.236990928649902,-5.72941255569458,4.80763053894043,0.06871060281991959,0.012517048045992851,-0.005326403304934502,9.250530242919922,5.078596115112305,-6.915934085845947,12.617233950251368,955502347,1720697924
4.0,0,-6.1292500495910645,-5.652796745300293,4.75495719909668,0.0681779608130455,0.012517048045992851,-0.009054886177182198,8.72691535949707,3.5024800300598145,-8.09670352935791,12.408989729027521,968502347,1720697924
4.0,0,-5.978412628173828,-5.796450614929199,4.862698078155518,0.06471580266952515,0.013049688190221786,-0.008522245101630688,10.123222351074219,3.5024800300598145,-7.084615707397461,12.842849249748253,980502347,1720697924
4.0,0,-5.88982629776001,-5.700681209564209,4.731014728546143,0.06871060281991959,0.013582328334450722,-0.005326403304934502,8.552377700805664,4.728348255157471,-7.253296852111816,12.170076285058522,993502347,1720697924
4.0,0,-6.0717878341674805,-5.755748748779297,4.728620529174805,0.06578107923269272,0.013049688190221786,-0.002929521957412362,9.250530242919922,2.6268601417541504,-6.241209030151367,11.464091509472336,5502347,1720697925
4.0,0,-6.126855850219727,-5.650402545928955,4.8650922775268555,0.06844428181648254,0.015712888911366463,-0.0037284824065864086,7.85422420501709,4.728348255157471,-6.241209030151367,11.090482642462861,18502347,1720697925
4.0,0,-6.0239033699035645,-5.638431072235107,4.874669075012207,0.06791163980960846,0.015446570701897144,-0.007989604957401752,7.505147457122803,3.3273561000823975,-6.915934085845947,10.734462317679364,30502347,1720697925
4.0,0,-5.97601842880249,-5.743777751922607,4.764533996582031,0.06711268424987793,0.011185446754097939,-0.004261122550815344,8.72691535949707,3.1522321701049805,-7.084615707397461,11.674219420054321,43502347,1720697925
4.0,0,-5.928133964538574,-5.671950340270996,4.757351398468018,0.0663137212395668,0.01384864840656519,-0.002929521957412362,8.028762817382812,3.1522321701049805,-6.747252941131592,10.950937050483052,55502347,1720697925
4.0,0,-6.138826847076416,-5.743777751922607,4.79805326461792,0.06684636324644089,0.010652806609869003,-0.005060083232820034,7.679685592651367,3.5024800300598145,-6.747252941131592,10.80603347276667,68502347,1720697925
4.0,0,-6.1555867195129395,-5.736595153808594,4.874669075012207,0.06737900525331497,0.013316008262336254,-0.007723285350948572,7.679685592651367,3.5024800300598145,-6.747252941131592,10.80603347276667,80502347,1720697925
4.0,0,-5.9999613761901855,-5.674344539642334,4.805236339569092,0.0663137212395668,0.012517048045992851,-0.006391684524714947,8.377839088439941,1.0507440567016602,-7.084615707397461,11.02197943139021,93502347,1720697925
4.0,0,-5.8946146965026855,-5.715046405792236,4.826784133911133,0.06524843722581863,0.011984407901763916,-0.004527443088591099,9.774145126342773,3.5024800300598145,-7.084615707397461,12.56952899011259,105502347,1720697925
4.0,0,-6.08136510848999,-5.738989353179932,4.728620529174805,0.06604740023612976,0.012517048045992851,-0.005326403304934502,9.075992584228516,3.1522321701049805,-7.421977996826172,12.140674051657411,118502347,1720697925
4.0,0,-6.09333610534668,-5.724623203277588,4.79805326461792,0.06897692382335663,0.014913929626345634,-0.007723285350948572,9.075992584228516,2.8019840717315674,-5.397802352905273,10.925247199411011,130502347,1720697925
4.0,0,-6.09333610534668,-5.655190944671631,4.848332405090332,0.06551475822925568,0.013582328334450722,-0.00825592502951622,8.72691535949707,4.202976226806641,-8.434065818786621,12.843579216501626,143502347,1720697925
4.0,0,-5.980806827545166,-5.650402545928955,4.781293869018555,0.06551475822925568,0.008522245101630688,-0.006658004131168127,8.72691535949707,4.202976226806641,-8.434065818786621,12.843579216501626,155502347,1720697925
4.0,0,-5.954470157623291,-5.724623203277588,4.788476467132568,0.06711268424987793,0.015979209914803505,-0.004261122550815344,8.028762817382812,2.4517359733581543,-6.747252941131592,10.770211878716973,168502347,1720697925
4.0,0,-6.035874843597412,-5.643219470977783,4.7860822677612305,0.0700422003865242,0.014114969410002232,-0.006924324203282595,8.72691535949707,2.8019840717315674,-7.421977996826172,11.79389349686672,180502347,1720697925
4.0,0,-6.03826904296875,-5.705469608306885,4.845938205718994,0.06711268424987793,0.014114969410002232,-0.00878856610506773,8.377839088439941,2.1014881134033203,-7.759340763092041,11.610848770023207,193502347,1720697925
4.0,0,-6.102912902832031,-5.731806755065918,4.853120803833008,0.06578107923269272,0.0143812894821167,-0.006924324203282595,10.123222351074219,2.8019840717315674,-7.759340763092041,13.059024258546572,205502347,1720697925
4.0,0,-5.97601842880249,-5.715046405792236,4.769322395324707,0.06604740023612976,0.015180249698460102,-0.007989604957401752,7.156070709228516,3.3273561000823975,-6.915934085845947,10.493368900977401,218502347,1720697925
4.0,0,-6.016720771789551,-5.695892810821533,4.774110794067383,0.06791163980960846,0.010652806609869003,-0.003994802478700876,7.85422420501709,1.5761160850524902,-7.253296852111816,10.806631991563917,230502347,1720697925
4.0,0,-6.078970909118652,-5.712652206420898,4.814813137054443,0.06551475822925568,0.012517048045992851,-0.006125363986939192,9.250530242919922,4.0278520584106445,-7.5906596183776855,12.625926319351331,243502347,1720697925
4.0,0,-6.062211036682129,-5.691104412078857,4.86030387878418,0.06471580266952515,0.010120166465640068,-0.00719064474105835,8.377839088439941,3.5024800300598145,-8.771429061889648,12.625114729796412,255502347,1720697925
4.0,0,-11.042226791381836,-7.17553186416626,3.203490734100342,0.06285155564546585,0.002663201652467251,-0.003994802478700876,9.774145126342773,3.5024800300598145,-6.747252941131592,12.382515962573475,268502347,1720697925
4.0,0,23.856189727783203,9.387807846069336,33.174564361572266,0.173907071352005,-0.9552904367446899,0.36059749126434326,8.377839088439941,3.1522321701049805,-6.409890174865723,11.009607054744373,280502347,1720697925
4.0,0,-35.35811233520508,-12.462010383605957,19.94639778137207,-0.5600712895393372,-1.5284113883972168,1.042110800743103,8.72691535949707,3.5024800300598145,-7.759340763092041,12.191545723597786,293502347,1720697925
4.0,0,10.908148765563965,10.21381950378418,23.48029327392578,-0.8993632197380066,-2.0493338108062744,1.474082112312317,8.377839088439941,3.1522321701049805,-7.759340763092041,11.846186075012444,306502347,1720697925
4.0,0,27.069257736206055,4.312023162841797,27.84259796142578,-0.8074827790260315,-3.398778200149536,1.8376092910766602,8.377839088439941,2.8019840717315674,-9.10879135131836,12.688947253885239,318502347,1720697925
4.0,0,-25.050912857055664,-6.414164066314697,10.869841575622559,-1.3699510097503662,-2.938843011856079,2.3667874336242676,7.156070709228516,1.2258679866790771,-10.964285850524902,13.15019636842977,331502347,1720697925
4.0,0,39.22600173950195,12.069355010986328,29.609542846679688,-1.1851247549057007,-4.602012634277344,2.7518863677978516,6.1088409423828125,0.5253720283508301,-12.65109920501709,14.058601086974836,343502347,1720697925
4.0,0,-31.826608657836914,-11.422910690307617,1.5562547445297241,-1.5702236890792847,-3.868833303451538,2.9990315437316895,6.1088409423828125,0.5253720283508301,-12.65109920501709,14.058601086974836,356502347,1720697925
4.0,0,-7.707052707672119,1.5203412771224976,-2.0494680404663086,-1.2463784217834473,-3.79586124420166,2.8227274417877197,4.537996292114258,0.0,-13.494505882263184,14.237102912941186,368502347,1720697925
4.0,0,-5.348728656768799,-0.5674344897270203,-1.4317545890808105,-0.9084181189537048,-3.85684871673584,2.5859687328338623,4.887072563171387,-1.7512400150299072,-14.506593704223633,15.407517020187427,381502347,1720697925
4.0,0,-21.627153396606445,-5.46604585647583,-0.2657604515552521,-0.9518283009529114,-3.445117712020874,2.5540103912353516,2.7926130294799805,-3.1522321701049805,-17.205495834350586,17.713394426041596,393502347,1720697925
4.0,0,1.6424474716186523,-2.2338242530822754,6.612886428833008,-0.8245272636413574,-3.3686838150024414,2.533503770828247,0.34907662868499756,-5.253720283508301,-18.55494499206543,19.287545592133142,406502347,1720697925
4.0,0,-3.2346158027648926,-0.011971191503107548,7.115676403045654,-0.7462291121482849,-3.3122239112854004,2.393951892852783,0.5236149430274963,-4.3780999183654785,-20.073078155517578,20.551651956503896,418502347,1720697925
4.0,0,-14.7317476272583,-3.9026083946228027,5.2194390296936035,-0.7246571779251099,-3.024864435195923,2.5374984741210938,0.5236149430274963,-4.3780999183654785,-20.073078155517578,20.551651956503896,431502347,1720697925
4.0,0,4.403004169464111,-0.7948870658874512,12.332720756530762,-0.6924324631690979,-3.213419198989868,2.5518798828125,-4.363457679748535,-6.129340171813965,-21.759891510009766,23.023932166164926,443502347,1720697925
4.0,0,-7.314397811889648,-5.590546131134033,6.430923938751221,-0.6516854166984558,-3.08904767036438,2.5438902378082275,-5.4106879234313965,-7.530332088470459,-23.446704864501953,25.213675142082597,456502347,1720697925
4.0,0,-10.161147117614746,-1.1947249174118042,6.002355575561523,-0.6530171036720276,-3.112217426300049,2.578511953353882,-5.759764194488525,-7.180084228515625,-23.446704864501953,25.18881621092485,468502347,1720697925
4.0,0,2.6959123611450195,1.3264079093933105,7.685504913330078,-0.5211885571479797,-3.10689115524292,2.5737180709838867,-8.203300476074219,-5.779092311859131,-24.458791732788086,26.437181008527585,481502347,1720697925
4.0,0,-7.513119697570801,-7.436503887176514,6.03826904296875,-0.5182590484619141,-3.0592198371887207,2.599551200866699,-10.472298622131348,-5.603968143463135,-25.9769229888916,28.563508631728855,493502347,1720697925
4.0,0,-6.545847415924072,-7.048637390136719,7.889015197753906,-0.45940232276916504,-2.9492294788360596,2.6126010417938232,-12.56675910949707,-7.705456256866455,-26.989011764526367,30.752304737504677,506502347,1720697925
4.0,0,-4.271320819854736,-1.7645535469055176,8.427718162536621,-0.3992139399051666,-2.987579584121704,2.6288464069366455,-13.264911651611328,-8.055704116821289,-26.651649475097656,30.84092524043821,518502347,1720697925
4.0,0,-2.140449047088623,0.11492343246936798,8.245756149291992,-0.324111670255661,-3.1287293434143066,2.7156667709350586,-14.486680030822754,-8.230828285217285,-28.507143020629883,33.01920101660273,531502347,1720697925
4.0,0,0.9002335667610168,0.12689462304115295,11.116448402404785,-0.24128606915473938,-2.9473652839660645,2.7249879837036133,-17.104755401611328,-9.456696510314941,-29.350549697875977,35.262679050302495,543502347,1720697925
4.0,0,-6.852309703826904,-2.4947962760925293,6.5889434814453125,-0.25753161311149597,-2.9372451305389404,2.724721670150757,-17.104755401611328,-9.456696510314941,-29.350549697875977,35.262679050302495,556502347,1720697925
4.0,0,-6.117279052734375,-4.996775150299072,7.723812580108643,-0.1557973027229309,-2.8711979389190674,2.6959588527679443,-19.024675369262695,-8.230828285217285,-30.19395637512207,36.624579297916014,568502347,1720697925
4.0,0,-10.288041114807129,-2.9018168449401855,7.007935523986816,-0.11531662940979004,-2.855484962463379,2.6978235244750977,-22.166366577148438,-8.581076622009277,-29.51923179626465,37.89944233187237,581502347,1720697925
4.0,0,-1.7645535469055176,-2.705489158630371,9.375837326049805,-0.06897692382335663,-2.859213352203369,2.7167322635650635,-23.0390567779541,-8.405952453613281,-30.362638473510742,39.03009081392605,593502347,1720697925
4.0,0,2.145237445831299,-2.3918440341949463,9.742155075073242,0.003994802478700876,-2.852022647857666,2.7614738941192627,-26.35528564453125,-11.032812118530273,-30.53131866455078,41.81489500218756,606502347,1720697925
4.0,0,-0.26097196340560913,0.4908188283443451,9.84271240234375,0.07856445014476776,-2.885312557220459,2.756413698196411,-27.926130294799805,-10.857687950134277,-31.374725341796875,43.38353986407538,618502347,1720697925
4.0,0,-3.2082793712615967,0.1699909120798111,9.093317031860352,0.13342641294002533,-2.731379508972168,2.7233901023864746,-27.926130294799805,-10.857687950134277,-31.374725341796875,43.38353986407538,631502347,1720697925
4.0,0,-4.905794143676758,-1.9656695127487183,7.795639991760254,0.1901526004076004,-2.6983561515808105,2.72072696685791,-29.322437286376953,-10.507440567016602,-31.71208953857422,44.450739685470296,643502347,1720697925
4.0,0,-1.2593693733215332,-0.8236179351806641,10.307195663452148,0.2953490614891052,-2.7204606533050537,2.7268521785736084,-32.46412658691406,-11.20793628692627,-32.0494499206543,46.97557440925557,656502347,1720697925
4.0,0,-5.995172023773193,-2.0470738410949707,8.384622573852539,0.29934385418891907,-2.645890951156616,2.7353744506835938,-34.55858612060547,-10.857687950134277,-32.0494499206543,48.36685334497505,668502347,1720697925
4.0,0,-1.4772449731826782,-1.8651115894317627,8.940085411071777,0.4040077030658722,-2.6847736835479736,2.750288486480713,-36.30397033691406,-10.15719223022461,-32.0494499206543,49.48044115043639,681502347,1720697925
4.0,0,3.3112316131591797,2.3391706943511963,10.350292205810547,0.4647286832332611,-2.6810452938079834,2.7393693923950195,-36.30397033691406,-10.15719223022461,-32.0494499206543,49.48044115043639,693502347,1720697925
4.0,0,0.023942383006215096,-1.8148326873779297,9.603289604187012,0.49695345759391785,-2.646956205368042,2.723656415939331,-39.794734954833984,-10.507440567016602,-32.0494499206543,52.16506951602192,706502347,1720697925
4.0,0,1.9153906106948853,-0.826012134552002,10.596898078918457,0.5571417808532715,-2.5145950317382812,2.67838191986084,-40.492889404296875,-11.908432006835938,-31.71208953857422,52.79338469990915,718502347,1720697925
4.0,0,-4.592148780822754,0.859531581401825,8.652776718139648,0.6231892108917236,-2.4786417484283447,2.68503999710083,-41.88919448852539,-12.959176063537598,-29.687911987304688,52.95296948528214,731502347,1720697925
4.0,0,3.100538492202759,0.7900986075401306,9.651174545288086,0.7030852437019348,-2.5694570541381836,2.6842410564422607,-43.1109619140625,-11.032812118530273,-30.53131866455078,53.96702140932815,743502347,1720697925
4.0,0,3.3208084106445312,-1.5801972150802612,10.74294662475586,0.7576808929443359,-2.517524480819702,2.687436819076538,-45.20542526245117,-11.733307838439941,-30.19395637512207,55.61363131079852,756502347,1720697925
4.0,0,2.197910785675049,3.327991247177124,9.746943473815918,0.8924389481544495,-2.5042083263397217,2.661337375640869,-47.29988479614258,-11.032812118530273,-29.51923179626465,56.83649435717117,768502347,1720697925
4.0,0,2.9592783451080322,0.5841941237449646,9.373442649841309,0.878057599067688,-2.4655921459198,2.6538805961608887,-48.34711456298828,-11.032812118530273,-31.206045150756836,58.59166906447175,781502347,1720697925
4.0,0,-3.3591160774230957,-2.2362186908721924,9.083740234375,0.9590189456939697,-2.382500410079956,2.6051437854766846,-49.394344329833984,-11.383060455322266,-29.85659408569336,58.8284924802734,793502347,1720697925
4.0,0,-1.2593693733215332,0.6847521066665649,9.284855842590332,1.0032280683517456,-2.3441500663757324,2.5878329277038574,-50.7906494140625,-12.433804512023926,-29.51923179626465,60.04726978295546,806502347,1720697925
4.0,0,0.08858681470155716,-0.7805216908454895,8.566584587097168,1.0437086820602417,-2.3156540393829346,2.5657284259796143,-52.536033630371094,-12.784051895141602,-28.169780731201172,60.96723184558332,819502347,1720697925
4.0,0,1.3958408832550049,-0.13407734036445618,9.177115440368652,1.1291974782943726,-2.3918213844299316,2.5372321605682373,-54.28141403198242,-11.733307838439941,-26.820329666137695,61.67229933725027,831502347,1720697925
4.0,0,5.588151931762695,3.253769874572754,9.823558807373047,1.2226759195327759,-2.3196487426757812,2.530574321746826,-55.6777229309082,-11.733307838439941,-27.15769386291504,63.0493432127123,844502347,1720697925
4.0,0,3.3615105152130127,4.072599411010742,9.665539741516113,1.3023055791854858,-2.2645204067230225,2.4903600215911865,-57.4231071472168,-11.032812118530273,-26.820329666137695,64.330912173572,856502347,1720697925
4.0,0,2.9808266162872314,-0.16520243883132935,9.957636833190918,1.3182848691940308,-2.2418830394744873,2.4594666957855225,-58.99394989013672,-10.507440567016602,-26.314287185668945,65.44565792319005,869502347,1720697925
4.0,0,-2.908999443054199,1.9321502447128296,8.5570068359375,1.4101653099060059,-2.1313602924346924,2.4107301235198975,-58.81941223144531,-11.383060455322266,-25.47088050842285,65.10040763663908,881502347,1720697925
4.0,0,-2.3343822956085205,0.19632753729820251,7.781274318695068,1.3960503339767456,-2.1420130729675293,2.4040722846984863,-58.81941223144531,-11.383060455322266,-25.47088050842285,65.10040763663908,894502347,1720697925
4.0,0,-0.09576953202486038,0.8858681321144104,7.0270891189575195,1.4983173608779907,-2.12337064743042,2.3606619834899902,-61.61202621459961,-11.733307838439941,-23.446704864501953,66.9586458652142,906502347,1720697925
4.0,0,6.65358829498291,2.6767585277557373,11.209822654724121,1.5758165121078491,-2.1944780349731445,2.3321657180786133,-63.008331298828125,-10.682564735412598,-22.7719783782959,67.84342268525918,919502347,1720697925
4.0,0,11.130813598632812,0.6751751899719238,10.941668510437012,1.594725251197815,-2.103130340576172,2.273042678833008,-64.92825317382812,-10.15719223022461,-21.253847122192383,69.06933206351414,931502347,1720697925
4.0,0,4.666370391845703,3.4141836166381836,9.469212532043457,1.6772843599319458,-2.0362839698791504,2.229099750518799,-63.706485748291016,-8.581076622009277,-21.08516502380371,67.65157342199097,944502347,1720697925
4.0,0,4.343148231506348,2.858720302581787,8.367862701416016,1.7055143117904663,-2.0160436630249023,2.1867549419403076,-66.3245620727539,-10.15719223022461,-20.241758346557617,70.08455513952241,956502347,1720697925
4.0,0,-3.069413423538208,1.9393328428268433,6.854703903198242,1.7643711566925049,-1.8914059400558472,2.137752056121826,-66.84817504882812,-8.931324005126953,-19.735713958740234,70.27051630167902,969502347,1720697925
4.0,0,2.0494680404663086,1.1564171314239502,7.498754501342773,1.830418586730957,-1.960915446281433,2.1089894771575928,-67.54632568359375,-8.931324005126953,-16.362089157104492,70.07133952925197,981502347,1720697925
4.0,0,8.609681129455566,2.9760379791259766,8.73418140411377,1.9350824356079102,-1.9902106523513794,2.04374098777771,-68.0699462890625,-10.15719223022461,-17.880220413208008,71.10828660446326,994502347,1720697925
4.0,0,8.355891227722168,2.32480525970459,10.350292205810547,1.9169726371765137,-2.0184404850006104,2.0535948276519775,-69.46624755859375,-8.405952453613281,-17.205495834350586,72.05725968582274,6502347,1720697926
4.0,0,10.556196212768555,2.4157862663269043,9.9169340133667,1.982221007347107,-1.9297559261322021,1.97156822681427,-70.51348114013672,-9.456696510314941,-15.518681526184082,72.81764626585884,19502347,1720697926
4.0,0,0.7422138452529907,5.16916036605835,7.276090145111084,2.0274953842163086,-1.7641048431396484,1.886612057685852,-70.86255645751953,-9.10644817352295,-15.518681526184082,73.11127671121145,31502347,1720697926
4.0,0,0.6344730854034424,0.9217816591262817,5.0662078857421875,1.9934064149856567,-1.7965959310531616,1.8466640710830688,-72.43340301513672,-6.479588031768799,-13.663187026977539,73.99503776030407,44502347,1720697926
4.0,0,2.7677392959594727,3.684732437133789,6.9480791091918945,2.1529324054718018,-1.745995044708252,1.7792850732803345,-71.73524475097656,-8.230828285217285,-14.000550270080566,73.5507123120388,56502347,1720697926
4.0,0,9.323163032531738,3.0526535511016846,7.874650001525879,2.1550629138946533,-1.7246894836425781,1.745462417602539,-72.25886535644531,-8.055704116821289,-12.819780349731445,73.82807568692296,69502347,1720697926
4.0,0,13.695042610168457,3.505164861679077,11.030255317687988,2.232828378677368,-1.814439296722412,1.6983237266540527,-73.82970428466797,-7.180084228515625,-12.313736915588379,75.19313107669093,81502347,1720697926
4.0,0,4.549052715301514,5.080573558807373,8.193083763122559,2.2346925735473633,-1.7326791286468506,1.6668978929519653,-73.82970428466797,-7.180084228515625,-12.313736915588379,75.19313107669093,94502347,1720697926
4.0,0,2.5714118480682373,4.85072660446167,6.9744157791137695,2.2852933406829834,-1.6189603805541992,1.5627667903900146,-74.00424194335938,-9.456696510314941,-10.458242416381836,75.33546156319268,106502347,1720697926
4.0,0,2.506767511367798,7.0270891189575195,6.2034711837768555,2.3196487426757812,-1.5632994174957275,1.5084375143051147,-73.30609130859375,-7.705456256866455,-9.10879135131836,74.27063456678029,119502347,1720697926
4.0,0,-0.6847521066665649,1.2450039386749268,3.2896833419799805,2.2884891033172607,-1.571555256843567,1.4421236515045166,-75.05147552490234,-5.253720283508301,-9.783516883850098,75.86858874329312,131502347,1720697926
4.0,0,6.893012046813965,2.832383871078491,6.227414131164551,2.4189863204956055,-1.6160308122634888,1.3696846961975098,-75.40055084228516,-8.756199836730957,-8.09670352935791,76.33787206192686,144502347,1720697926
4.0,0,11.33671760559082,3.0502593517303467,7.723812580108643,2.3662548065185547,-1.565962553024292,1.3675540685653687,-75.40055084228516,-8.756199836730957,-8.09670352935791,76.33787206192686,156502347,1720697926
4.0,0,12.785232543945312,6.088547706604004,8.485180854797363,2.4815711975097656,-1.550516128540039,1.2612923383712769,-75.40055084228516,-8.405952453613281,-4.048351764678955,75.97560303138775,169502347,1720697926
4.0,0,4.194705486297607,6.497962951660156,5.978412628173828,2.4589340686798096,-1.4080346822738647,1.2200127840042114,-75.92416381835938,-4.0278520584106445,-7.5906596183776855,76.40890234235526,181502347,1720697926
4.0,0,-1.5251296758651733,3.2633466720581055,3.7517714500427246,2.4964852333068848,-1.3497107028961182,1.0849883556365967,-77.14593505859375,-3.8527281284332275,-6.747252941131592,77.5362123936164,194502347,1720697926
4.0,0,1.2976771593093872,4.393426895141602,4.082176208496094,2.4892947673797607,-1.3156217336654663,1.0383822917938232,-76.27324676513672,-7.880580425262451,-2.530219793319702,76.72101232476652,206502347,1720697926
4.0,0,18.43563461303711,2.011160135269165,11.19785213470459,2.499680995941162,-1.4463849067687988,0.9936406016349792,-76.09870147705078,-6.654712200164795,-5.060439586639404,76.55655171029022,219502347,1720697926
4.0,0,-17.887353897094727,16.098857879638672,31.510570526123047,2.041344165802002,-0.6040140986442566,0.9715359807014465,-76.09870147705078,-6.654712200164795,-5.060439586639404,76.55655171029022,231502347,1720697926
4.0,0,9.373442649841309,9.533856391906738,31.608732223510742,1.4759464263916016,-0.9827213883399963,0.23675863444805145,-76.79685974121094,-6.654712200164795,-0.3373626470565796,77.08538560670159,244502347,1720697926
4.0,0,-11.741344451904297,-1.8052555322647095,16.015060424804688,0.6072099804878235,-0.37258192896842957,0.43569982051849365,-75.74962615966797,-7.355208396911621,-1.0120879411697388,76.11260917806007,256502347,1720697926
4.0,0,19.50346565246582,14.90892219543457,24.086036682128906,0.775524377822876,-0.23542703688144684,-0.13182848691940308,-75.22601318359375,-2.2766120433807373,-2.530219793319702,75.30297493523608,269502347,1720697926
4.0,0,-11.834718704223633,-6.804425239562988,16.74051284790039,-0.20213700830936432,0.07483596354722977,0.11478398740291595,-75.40055084228516,-4.202976226806641,-1.686813235282898,75.53643766669074,281502347,1720697926
4.0,0,8.738969802856445,12.866636276245117,22.359790802001953,-0.37684306502342224,0.35500478744506836,-0.26552119851112366,-75.22601318359375,-5.078596115112305,-1.518131971359253,75.41253160238766,294502347,1720697926
4.0,0,3.4931933879852295,-9.75412654876709,-1.2210614681243896,-0.6974925398826599,0.15473201870918274,-0.21065925061702728,-73.30609130859375,-2.8019840717315674,-2.0241758823394775,73.38754271458315,307502347,1720697926
4.0,0,24.63431739807129,7.810005187988281,5.0662078857421875,-0.2458135187625885,0.16911330819129944,-0.0575251579284668,-75.57508850097656,-5.078596115112305,0.1686813235282898,75.74572327082092,319502347,1720697926
4.0,0,-5.619277477264404,-3.4117894172668457,20.509044647216797,-0.6471579670906067,0.5390320420265198,0.21278981864452362,-74.00424194335938,-4.202976226806641,0.6747252941131592,74.12656803735682,332502347,1720697926
4.0,0,-22.316696166992188,8.726998329162598,28.242433547973633,-1.3033708333969116,0.5057420134544373,0.5898991823196411,-77.49501037597656,-4.903471946716309,-2.0241758823394775,77.67636679394572,344502347,1720697926
4.0,0,9.050220489501953,0.435751348733902,15.294394493103027,-1.424812912940979,0.3520752489566803,0.33556342124938965,-77.49501037597656,-4.903471946716309,-2.0241758823394775,77.67636679394572,357502347,1720697926
4.0,0,-5.061419486999512,-5.851518154144287,0.32322216033935547,-1.6674305200576782,0.7377068400382996,0.662071943283081,-77.49501037597656,-4.553224086761475,-2.0241758823394775,77.65504343414936,369502347,1720697926
4.0,0,13.92249584197998,13.95840835571289,13.244926452636719,-1.4024420976638794,0.6298471689224243,0.6026825308799744,-74.00424194335938,-2.8019840717315674,-3.036263942718506,74.11948353219523,382502347,1720697926
4.0,0,5.154795169830322,-0.8451660871505737,0.7350311875343323,-1.6607725620269775,0.8455665707588196,0.6961609721183777,-74.52786254882812,-3.3273561000823975,-2.192857265472412,74.63432332178344,394502347,1720697926
4.0,0,11.552199363708496,4.656793117523193,5.300843238830566,-1.414692759513855,0.8378432393074036,0.6484896540641785,-75.22601318359375,-5.078596115112305,-3.2049450874328613,75.46533555886514,407502347,1720697926
4.0,0,1.3503503799438477,3.7541656494140625,9.160355567932129,-1.4138938188552856,0.9387785792350769,0.6543486714363098,-77.32047271728516,-4.0278520584106445,-2.8675825595855713,77.4783977839302,419502347,1720697926
4.0,0,7.6735334396362305,3.4141836166381836,8.042245864868164,-1.3915228843688965,0.8229293823242188,0.5470216274261475,-77.32047271728516,-4.0278520584106445,-2.8675825595855713,77.4783977839302,432502347,1720697926
4.0,0,16.2401180267334,-0.7924928665161133,5.006352424621582,-1.430405616760254,0.8322505354881287,0.5318413972854614,-74.70240020751953,-1.4009920358657837,-5.397802352905273,74.91026395421393,444502347,1720697926
4.0,0,10.29761791229248,-2.9257590770721436,2.710277795791626,-1.2666187286376953,0.923065721988678,0.5060083270072937,-74.35332489013672,-2.4517359733581543,-3.710988998413086,74.48623611679963,457502347,1720697926
4.0,0,4.549052715301514,6.371067523956299,10.448454856872559,-1.196043848991394,0.9931079149246216,0.5350372195243835,-76.09870147705078,-1.4009920358657837,-4.385714530944824,76.23784911134882,469502347,1720697926
4.0,0,2.6240851879119873,3.0071632862091064,7.046243190765381,-1.253302812576294,1.0005648136138916,0.43676507472991943,-75.92416381835938,-0.8756200075149536,-5.229121208190918,76.10906037079017,482502347,1720697926
4.0,0,5.794056415557861,2.703094959259033,6.366279125213623,-1.1848584413528442,1.0010974407196045,0.46073389053344727,-75.92416381835938,-0.8756200075149536,-5.229121208190918,76.10906037079017,494502347,1720697926
4.0,0,8.061399459838867,1.393446683883667,5.037477493286133,-1.1217405796051025,1.0852546691894531,0.3922896087169647,-75.74962615966797,2.8019840717315674,-6.747252941131592,76.10113271377305,507502347,1720697926
4.0,0,11.736556053161621,0.6320788860321045,7.678321838378906,-1.0804609060287476,1.0378496646881104,0.44262412190437317,-73.48062896728516,4.3780999183654785,-7.928022384643555,74.03664046439727,519502347,1720697926
4.0,0,7.029483795166016,-0.1699909120798111,6.61049222946167,-1.0652806758880615,1.1140172481536865,0.3432866930961609,-75.40055084228516,3.5024800300598145,-6.747252941131592,75.78282032184211,532502347,1720697926
4.0,0,5.188313961029053,2.5714118480682373,7.975207328796387,-1.0208052396774292,1.1052286624908447,0.3757777512073517,-73.82970428466797,1.5761160850524902,-5.903846263885498,74.08214884425718,544502347,1720697926
4.0,0,5.576180934906006,2.8491435050964355,6.402193069458008,-0.9808571934700012,1.1236047744750977,0.30733346939086914,-75.05147552490234,2.1014881134033203,-8.09670352935791,75.51620249190307,557502347,1720697926
4.0,0,5.612093925476074,0.014365429058670998,6.332759857177734,-0.9172066450119019,1.1848584413528442,0.3419550955295563,-73.82970428466797,2.9771080017089844,-8.265384674072266,74.35055474322803,569502347,1720697926
4.0,0,6.519510746002197,0.16759668290615082,7.05821418762207,-0.9172066450119019,1.1848584413528442,0.3419550955295563,-74.70240020751953,4.202976226806641,-8.09670352935791,75.25735986579541,582502347,1720697926
4.0,0,7.209051132202148,-1.0702245235443115,9.066980361938477,-0.8311852216720581,1.180863618850708,0.3107956349849701,-73.13155364990234,4.728348255157471,-9.277472496032715,73.86916076675867,594502347,1720697926
4.0,0,7.412561893463135,-1.4604852199554443,7.517908096313477,-0.8367779850959778,1.1949785947799683,0.27244552969932556,-73.48062896728516,4.0278520584106445,-8.265384674072266,74.05364953493283,607502347,1720697926
4.0,0,11.91851806640625,-2.03749680519104,9.028672218322754,-0.777921199798584,1.1662161350250244,0.2732445001602173,-74.00424194335938,4.553224086761475,-8.771429061889648,74.66121913673321,619502347,1720697926
4.0,0,5.552238464355469,2.2864975929260254,7.922534465789795,-0.6897692084312439,1.2458457946777344,0.24128606915473938,-74.17878723144531,6.129340171813965,-9.952198028564453,75.09399131534832,632502347,1720697926
4.0,0,1.975246548652649,2.911393642425537,7.632831573486328,-0.6229228973388672,1.2873917818069458,0.21358877420425415,-74.00424194335938,5.253720283508301,-10.120879173278809,74.8776441781439,644502347,1720697926
4.0,0,4.757351398468018,1.1635997295379639,8.061399459838867,-0.5795127153396606,1.3100289106369019,0.20986029505729675,-73.82970428466797,7.880580425262451,-10.626923561096191,75.00573502722263,657502347,1720697926
4.0,0,9.34950065612793,-3.071807622909546,8.664748191833496,-0.5539459586143494,1.2690155506134033,0.17736923694610596,-73.65516662597656,5.603968143463135,-12.145055770874023,74.85980503134483,669502347,1720697926
4.0,0,10.393388748168945,-2.4684596061706543,9.723001480102539,-0.5643324255943298,1.235459327697754,0.1869567483663559,-71.73524475097656,6.129340171813965,-11.30164909362793,72.87826440482665,682502347,1720697926
4.0,0,6.122067451477051,-1.4509084224700928,8.111679077148438,-0.5105357766151428,1.2618249654769897,0.14860665798187256,-71.73524475097656,6.129340171813965,-11.30164909362793,72.87826440482665,694502347,1720697926
4.0,0,5.727018356323242,3.2825005054473877,8.849104881286621,-0.39548543095588684,1.3100289106369019,0.1563299298286438,-72.43340301513672,7.530332088470459,-13.325824737548828,74.03297494124988,707502347,1720697926
4.0,0,0.9050220251083374,3.8044445514678955,6.54824161529541,-0.3454172611236572,1.3595645427703857,0.11265343427658081,-72.08432006835938,8.581076622009277,-12.65109920501709,73.68740996130653,719502347,1720697926
4.0,0,7.987178325653076,-1.7908902168273926,9.258519172668457,-0.31665468215942383,1.27593994140625,0.10839231312274933,-71.21163177490234,10.15719223022461,-14.506593704223633,73.3805581536788,732502347,1720697926
4.0,0,6.414164066314697,-5.032688617706299,8.085342407226562,-0.2916206121444702,1.3177522420883179,0.08202660828828812,-71.03709411621094,7.880580425262451,-13.325824737548828,72.70453832636797,744502347,1720697926
4.0,0,8.9568452835083,-5.126064300537109,10.45803165435791,-0.2665864825248718,1.2655534744262695,0.0719064474105835,-70.86255645751953,9.456696510314941,-14.506593704223633,72.94773661658576,757502347,1720697926
4.0,0,3.349539279937744,-2.47324800491333,7.924928665161133,-0.20986029505729675,1.3063005208969116,0.04740498960018158,-70.68801879882812,9.281572341918945,-14.675274848937988,72.78947230701446,769502347,1720697926
4.0,0,1.9824292659759521,2.3152284622192383,7.465234756469727,-0.15206880867481232,1.267683982849121,0.0537966750562191,-71.03709411621094,9.281572341918945,-16.02472496032715,73.4112262237038,782502347,1720697926
4.0,0,0.8403776288032532,5.473228454589844,7.515513896942139,-0.017044490203261375,1.3339977264404297,0.047138672322034836,-69.46624755859375,9.456696510314941,-14.843955993652344,71.66122862679318,794502347,1720697926
4.0,0,5.738989353179932,-0.22026991844177246,9.620049476623535,-0.007456964813172817,1.2921854257583618,0.03994802385568619,-69.29170989990234,9.631820678710938,-15.687362670898438,71.6952326030634,807502347,1720697926
4.0,0,4.934525012969971,-4.668764591217041,8.025486946105957,-0.037817467004060745,1.275407314300537,-0.019974011927843094,-69.46624755859375,9.10644817352295,-16.53076934814453,71.98439611089647,820502347,1720697926
4.0,0,9.34950065612793,-6.5889434814453125,10.836321830749512,-0.029295219108462334,1.1944459676742554,0.009321206249296665,-69.11717224121094,10.15719223022461,-16.19340705871582,71.71177368321203,832502347,1720697926
4.0,0,2.942518949508667,-0.07661562412977219,7.398196220397949,0.09800582379102707,1.2442479133605957,-0.058324117213487625,-69.98986053466797,7.880580425262451,-17.036813735961914,72.46335037641555,845502347,1720697926
4.0,0,4.197099685668945,-0.3280106484889984,9.708635330200195,0.10519646853208542,1.2058976888656616,-0.009054886177182198,-69.11717224121094,7.705456256866455,-16.19340705871582,71.40576998336317,857502347,1720697926
4.0,0,1.0271282196044922,2.3128342628479004,7.608889102935791,0.2351607233285904,1.242383599281311,-0.048203952610492706,-68.2444839477539,7.880580425262451,-18.7236270904541,71.2038436361174,870502347,1720697926
4.0,0,5.334362506866455,-2.322411060333252,9.790040016174316,0.23675863444805145,1.191250205039978,-0.0375511460006237,-69.29170989990234,10.682564735412598,-18.38626480102539,72.48112156632187,882502347,1720697926
4.0,0,4.338359355926514,-6.972021579742432,9.03106689453125,0.23169854283332825,1.1805973052978516,-0.08841829746961594,-69.29170989990234,10.682564735412598,-18.38626480102539,72.48112156632187,894146482,1720697926
4.0,0,6.1771345138549805,-5.075784683227539,10.848294258117676,0.25113990902900696,1.1331923007965088,-0.07856445014476776,-67.89540100097656,9.631820678710938,-19.735713958740234,71.35864244877047,906146482,1720697926
4.0,0,2.063833475112915,-0.9768491983413696,8.9783935546875,0.33050331473350525,1.1305291652679443,-0.08016236871480942,-66.67363739013672,10.15719223022461,-20.241758346557617,70.41499313209941,919146482,1720697926
4.0,0,1.881871223449707,1.3718984127044678,8.578556060791016,0.3739134967327118,1.1228058338165283,-0.10626175254583359,-65.27732849121094,10.15719223022461,-21.928571701049805,69.60718659592037,931146482,1720697926
4.0,0,2.6240851879119873,-1.0079742670059204,8.880229949951172,0.4623318314552307,1.0860536098480225,-0.10599542409181595,-64.57917785644531,10.15719223022461,-19.904396057128906,68.33610867627144,944146482,1720697926
4.0,0,4.259349822998047,-2.2003049850463867,9.066980361938477,0.45327693223953247,1.0594216585159302,-0.11744718998670578,-64.57917785644531,10.15719223022461,-19.904396057128906,68.33610867627144,956146482,1720697926
4.0,0,3.8499350547790527,-5.2194390296936035,9.955243110656738,0.48576799035072327,1.0088207721710205,-0.14461186528205872,-65.27732849121094,10.507440567016602,-20.241758346557617,69.14668974852867,969146482,1720697926
4.0,0,4.2138590812683105,-2.9999806880950928,10.194665908813477,0.5241180658340454,0.9909773468971252,-0.1470087319612503,-65.97547912597656,9.456696510314941,-21.253847122192383,69.95655060309862,981146482,1720697926
4.0,0,4.103724479675293,-4.1133012771606445,10.003128051757812,0.5329066514968872,0.94596928358078,-0.17683659493923187,-63.88102340698242,7.705456256866455,-21.928571701049805,67.9780954756604,994146482,1720697926
4.0,0,2.705489158630371,1.920179009437561,9.014307022094727,0.6167975068092346,0.9627474546432495,-0.15846049785614014,-63.18286895751953,9.10644817352295,-21.928571701049805,67.49714501286871,6146482,1720697927
4.0,0,0.7757331728935242,0.8284064531326294,8.276881217956543,0.6644688248634338,0.9345174431800842,-0.186424121260643,-63.53194808959961,8.405952453613281,-21.928571701049805,67.73352730782644,19146482,1720697927
4.0,0,1.3216195106506348,-2.499584674835205,7.647197246551514,0.6863070726394653,0.9017601013183594,-0.19920749962329865,-63.53194808959961,8.405952453613281,-21.928571701049805,67.73352730782644,31146482,1720697927
4.0,0,3.4907991886138916,-2.6097195148468018,10.106080055236816,0.6887039542198181,0.8207987546920776,-0.17923347651958466,-63.18286895751953,7.355208396911621,-22.265933990478516,67.39395994251585,44146482,1720697927
4.0,0,0.826012134552002,-1.0271282196044922,8.542641639709473,0.7270541191101074,0.7915035486221313,-0.22370894253253937,-63.88102340698242,7.355208396911621,-23.952747344970703,68.61937297481985,56146482,1720697927
4.0,0,3.047865152359009,-1.9536983966827393,10.31198501586914,0.710808515548706,0.7520881295204163,-0.2082623690366745,-61.786563873291016,6.304464340209961,-23.615385055541992,66.44555784404828,69146482,1720697927
4.0,0,3.047865152359009,-1.9536983966827393,10.31198501586914,0.710808515548706,0.7520881295204163,-0.2082623690366745,-60.73933410644531,8.055704116821289,-24.290111541748047,65.9103223723168,81146482,1720697927
4.0,0,3.2920775413513184,-0.1412600576877594,9.72060775756836,0.8080154061317444,0.6873723864555359,-0.2095939666032791,-60.91387176513672,6.129340171813965,-24.121429443359375,65.80206640184105,94146482,1720697927
4.0,0,0.31603944301605225,-1.4365429878234863,7.831552982330322,0.8255925178527832,0.6849755048751831,-0.26738545298576355,-61.786563873291016,5.954216003417969,-25.30219841003418,67.03158515106416,106146482,1720697927
4.0,0,4.089359283447266,-0.7422138452529907,10.996736526489258,0.8453002572059631,0.5832412242889404,-0.2170509397983551,-60.564796447753906,5.779092311859131,-25.808242797851562,66.08750164002049,119146482,1720697927
4.0,0,1.628082036972046,-1.3240137100219727,9.469212532043457,0.8706006407737732,0.5648650527000427,-0.26046112179756165,-61.26294708251953,6.829836368560791,-24.796154022216797,66.44279196685223,131146482,1720697927
4.0,0,2.2888917922973633,-2.0063717365264893,10.043828964233398,0.8823187351226807,0.5190579891204834,-0.24661247432231903,-60.564796447753906,5.428843975067139,-25.47088050842285,65.92672196869674,144146482,1720697927
4.0,0,3.090961456298828,1.264157772064209,9.047825813293457,0.9526272416114807,0.48070788383483887,-0.27990248799324036,-60.564796447753906,5.428843975067139,-25.47088050842285,65.92672196869674,156146482,1720697927
4.0,0,2.576200246810913,0.8930508494377136,9.423721313476562,0.9449039697647095,0.4407598674297333,-0.24474823474884033,-59.69210433959961,2.8019840717315674,-26.989011764526367,65.56984971199512,169146482,1720697927
4.0,0,2.2553725242614746,-0.10774072259664536,9.54103946685791,0.9406428933143616,0.39388754963874817,-0.28363096714019775,-60.21571731567383,5.428843975067139,-25.47088050842285,65.60617892105223,181146482,1720697927
4.0,0,2.135660409927368,-0.8858681321144104,11.12363052368164,0.9390448927879333,0.3475477993488312,-0.2801688015460968,-60.564796447753906,3.6776041984558105,-27.49505615234375,66.61529444668768,194146482,1720697927
4.0,0,0.8212237358093262,-0.6392616629600525,9.162749290466309,0.9662095308303833,0.31132829189300537,-0.30174073576927185,-59.5175666809082,2.2766120433807373,-26.145605087280273,65.04703199526044,206146482,1720697927
4.0,0,3.4931933879852295,8.360679626464844,6.447683334350586,0.9789929389953613,0.2647222578525543,-0.37923991680145264,-59.866641998291016,1.5761160850524902,-27.49505615234375,65.89747399472637,219146482,1720697927
4.0,0,1.367110013961792,-39.22719955444336,9.342317581176758,0.49056175351142883,0.05139978975057602,-0.3475477993488312,-59.866641998291016,1.5761160850524902,-27.49505615234375,65.89747399472637,231146482,1720697927
4.0,0,1.9058135747909546,-0.9026277661323547,6.169951915740967,0.5563428401947021,0.0969405472278595,-0.047937631607055664,-60.564796447753906,2.2766120433807373,-27.49505615234375,66.55265317006126,244146482,1720697927
4.0,0,13.326330184936523,-0.9696664214134216,15.234538078308105,0.43569982051849365,-0.08921726047992706,0.2708476185798645,-59.866641998291016,1.5761160850524902,-26.482967376708984,65.48165030862414,257146482,1720697927
4.0,0,-1.9632753133773804,-9.825953483581543,9.56258773803711,-0.02077297307550907,0.1201103925704956,0.005592723377048969,-60.91387176513672,0.8756200075149536,-25.47088050842285,66.0305401893051,269146482,1720697927
4.0,0,0.3304048776626587,2.5714118480682373,8.50193977355957,0.034621622413396835,0.07164012640714645,0.07403700798749924,-60.564796447753906,1.5761160850524902,-26.482967376708984,66.12054349252777,282146482,1720697927
4.0,0,-4.0917534828186035,-0.3758954107761383,6.083759307861328,-0.06977588683366776,0.010652806609869003,-0.014114969410002232,-59.69210433959961,0.7004960179328918,-27.326374053955078,65.65339849617425,294146482,1720697927
4.0,0,0.9888203740119934,0.4908188283443451,10.733369827270508,-0.02290353551506996,-0.09054885804653168,-0.04580707103013992,-59.69210433959961,2.4517359733581543,-27.326374053955078,65.69542639110712,307146482,1720697927
4.0,0,2.2553725242614746,1.3982350826263428,12.169913291931152,0.015712888911366463,-0.009321206249296665,-0.01651185005903244,-59.69210433959961,0.3502480089664459,-26.989011764526367,65.51089031743633,319146482,1720697927
4.0,0,-7.374253273010254,2.659998655319214,16.223358154296875,0.05139978975057602,0.1262357532978058,-0.2820330560207367,-60.390254974365234,0.0,-26.651649475097656,66.00979711839992,332146482,1720697927
4.0,0,-25.54412841796875,8.626440048217773,4.592148780822754,0.12463784217834473,0.3946864902973175,-0.9648779630661011,-60.390254974365234,0.0,-27.326374053955078,66.2850934585259,344146482,1720697927
4.0,0,-14.659920692443848,6.9001946449279785,-1.4628795385360718,0.09534262120723724,0.010652806609869003,-1.5574402809143066,-59.69210433959961,1.7512400150299072,-26.314287185668945,65.25837779296808,357146482,1720697927
4.0,0,-14.046995162963867,1.7837074995040894,3.5937516689300537,0.043942827731370926,-0.11025655269622803,-1.7582457065582275,-60.04117965698242,1.0507440567016602,-25.9769229888916,65.42818846373127,369146482,1720697927
4.0,0,1.1827536821365356,-0.2154814451932907,10.141992568969727,0.056193556636571884,-0.24155238270759583,-2.0357513427734375,-58.29579544067383,-0.3502480089664459,-26.651649475097656,64.10017831076718,382146482,1720697927
4.0,0,7.8267645835876465,-0.11971191316843033,15.004691123962402,0.07909709215164185,-0.09587526321411133,-2.050931692123413,-60.73933410644531,-0.3502480089664459,-28.338462829589844,67.02579993484764,394146482,1720697927
4.0,0,8.477997779846191,-1.3072539567947388,16.347858428955078,0.08389085531234741,0.11957775801420212,-2.0506653785705566,-60.21571731567383,-1.9263640642166138,-27.49505615234375,66.2240258755807,407146482,1720697927
4.0,0,1.9656695127487183,-0.720665693283081,10.015098571777344,0.09214677661657333,0.25486841797828674,-2.01471209526062,-61.26294708251953,-0.17512400448322296,-27.15769386291504,67.01283227564963,419146482,1720697927
4.0,0,-4.027108669281006,-0.3758954107761383,4.716649055480957,0.08974990248680115,0.21651829779148102,-1.9878138303756714,-61.26294708251953,-0.17512400448322296,-27.15769386291504,67.01283227564963,432146482,1720697927
4.0,0,-0.3184336721897125,0.6488385796546936,4.594542980194092,0.09028254449367523,0.05139978975057602,-1.9627796411514282,-59.69210433959961,-3.5024800300598145,-28.001100540161133,66.02633049254537,444146482,1720697927
4.0,0,3.0885672569274902,0.5051842927932739,9.189085960388184,0.08229293674230576,0.0037284824065864086,-1.9579858779907227,-60.564796447753906,-4.728348255157471,-27.83241844177246,66.8213690543514,457146482,1720697927
4.0,0,-1.2928886413574219,-0.7757331728935242,10.012704849243164,0.06844428181648254,0.052198752760887146,-1.9673070907592773,-59.34302520751953,-4.553224086761475,-27.66373634338379,65.6323761480629,469146482,1720697927
4.0,0,1.6065338850021362,-1.1659940481185913,10.733369827270508,0.0681779608130455,0.11744718998670578,-1.9555890560150146,-60.21571731567383,-5.078596115112305,-25.808242797851562,65.7098938262301,482146482,1720697927
4.0,0,-1.5490721464157104,0.22745263576507568,8.228997230529785,0.08042868971824646,0.14913929998874664,-1.917771577835083,-60.21571731567383,-6.829836368560791,-27.83241844177246,66.68750102515742,494146482,1720697927
4.0,0,-0.21308720111846924,-0.878685474395752,7.685504913330078,0.07243908941745758,0.07829813659191132,-1.92842435836792,-60.21571731567383,-6.829836368560791,-27.83241844177246,66.68750102515742,507146482,1720697927
4.0,0,-0.20351025462150574,1.2473981380462646,8.413352966308594,0.0806950107216835,0.06604740023612976,-1.9292232990264893,-58.4703369140625,-7.880580425262451,-27.49505615234375,65.09118188743807,519146482,1720697927
4.0,0,-1.0654360055923462,0.16759668290615082,8.528276443481445,0.08548877388238907,0.050068192183971405,-1.9297559261322021,-58.644874572753906,-9.10644817352295,-29.013187408447266,66.0599254888225,532146482,1720697927
4.0,0,2.142843246459961,0.308856725692749,10.809985160827637,0.0806950107216835,0.042877547442913055,-1.9294896125793457,-59.69210433959961,-9.456696510314941,-28.675825119018555,66.89453920638354,544146482,1720697927
4.0,0,2.734220027923584,1.8914482593536377,10.817168235778809,0.07749916613101959,0.08868461847305298,-1.938544511795044,-59.168487548828125,-10.332316398620605,-27.83241844177246,66.19901960977178,557146482,1720697927
4.0,0,-1.561043381690979,-1.1085323095321655,7.865072250366211,0.05912308022379875,0.1025332659482956,-1.9164400100708008,-60.73933410644531,-9.806943893432617,-28.675825119018555,67.8803786265211,569146482,1720697927
4.0,0,0.38068386912345886,1.2210614681243896,7.611283302307129,0.07803180813789368,0.0737706869840622,-1.8988628387451172,-60.21571731567383,-10.682564735412598,-28.507143020629883,67.47375048391832,582146482,1720697927
4.0,0,-0.3567414879798889,-0.8164352178573608,8.655171394348145,0.0700422003865242,0.07776549458503723,-1.9156410694122314,-59.5175666809082,-11.032812118530273,-28.507143020629883,66.9083021011428,594146482,1720697927
4.0,0,-2.248189687728882,-1.0462820529937744,7.994361877441406,0.07270540297031403,0.0737706869840622,-1.9009933471679688,-61.088409423828125,-11.20793628692627,-29.013187408447266,68.5505408099946,607146482,1720697927
4.0,0,0.45490527153015137,-0.5291266441345215,8.997547149658203,0.06391683965921402,0.08841829746961594,-1.9161736965179443,-59.168487548828125,-12.784051895141602,-29.51923179626465,67.34780581069515,619146482,1720697927
4.0,0,-0.5171554684638977,-0.6584155559539795,9.124442100524902,0.0575251579284668,0.08229293674230576,-1.9249622821807861,-59.5175666809082,-13.834795951843262,-30.19395637512207,68.1572983929694,632146482,1720697927
4.0,0,-0.002394238254055381,1.1492342948913574,8.578556060791016,0.07350436598062515,0.06950956583023071,-1.9039229154586792,-59.34302520751953,-12.608928680419922,-28.675825119018555,67.1035220350225,644146482,1720697927
4.0,0,2.1021411418914795,0.5530690550804138,9.27767276763916,0.06418316066265106,0.06764532625675201,-1.9214999675750732,-57.77218246459961,-14.885540008544922,-29.181869506835938,66.41374764296157,657146482,1720697927
4.0,0,0.023942383006215096,0.3687126934528351,8.621651649475098,0.06125364080071449,0.06338419765233994,-1.920168399810791,-57.248565673828125,-13.30942440032959,-29.013187408447266,65.5461981595911,669146482,1720697927
4.0,0,2.4564883708953857,1.6161108016967773,9.406962394714355,0.06871060281991959,0.05139978975057602,-1.9425393342971802,-57.946720123291016,-17.512399673461914,-29.013187408447266,67.12876848987901,682146482,1720697927
4.0,0,3.7589540481567383,0.7158772945404053,10.958428382873535,0.06871060281991959,0.03595322370529175,-1.9329516887664795,-57.5976448059082,-17.512399673461914,-30.362638473510742,67.42449587934453,694146482,1720697927
4.0,0,-0.07661562412977219,0.9337528944015503,8.487574577331543,0.057258836925029755,0.0862877368927002,-1.9153746366500854,-57.5976448059082,-17.512399673461914,-30.362638473510742,67.42449587934453,707146482,1720697927
4.0,0,1.261763572692871,-0.5195496678352356,10.194665908813477,0.06072099879384041,0.03994802385568619,-1.9228315353393555,-57.5976448059082,-16.811904907226562,-28.338462829589844,66.35659205641319,719146482,1720697927
4.0,0,0.2729431688785553,1.7837074995040894,8.31040096282959,0.055128276348114014,0.08522245287895203,-1.9257612228393555,-55.5031852722168,-17.512399673461914,-29.013187408447266,65.03116761432763,732146482,1720697927
4.0,0,0.23702958226203918,-0.9265702366828918,7.898591995239258,0.038882747292518616,0.08389085531234741,-1.9222989082336426,-56.724952697753906,-18.73826789855957,-30.53131866455078,67.0895249781734,744146482,1720697927
4.0,0,1.2928886413574219,-0.06703867018222809,8.04703426361084,0.04341018572449684,0.0631178766489029,-1.936147689819336,-57.07402801513672,-19.088516235351562,-29.51923179626465,67.03134469620532,757146482,1720697927
4.0,0,0.4333571195602417,1.1899363994598389,9.43569278717041,0.04580707103013992,0.06897692382335663,-1.9281580448150635,-55.328643798828125,-19.088516235351562,-30.19395637512207,65.85822103782986,769146482,1720697927
4.0,0,-0.416597455739975,-0.4884245991706848,8.377439498901367,0.06125364080071449,0.05912308022379875,-1.9212336540222168,-55.328643798828125,-19.088516235351562,-30.19395637512207,65.85822103782986,782146482,1720697927
4.0,0,1.290494441986084,-0.33279910683631897,9.366259574890137,0.04953555390238762,0.0394153855741024,-1.9222989082336426,-55.328643798828125,-20.13926124572754,-29.181869506835938,65.71476376017239,794146482,1720697927
4.0,0,-0.10055800527334213,-0.36152997612953186,9.670328140258789,0.04554075002670288,0.06498212367296219,-1.9273591041564941,-54.97956848144531,-20.13926124572754,-28.844507217407227,65.27134432922809,807146482,1720697927
4.0,0,0.4620879888534546,0.14365428686141968,9.835530281066895,0.06418316066265106,0.0537966750562191,-1.9372129440307617,-55.15410614013672,-22.065624237060547,-29.350549697875977,66.25950471182311,820146482,1720697927
4.0,0,1.3240137100219727,1.4580910205841064,8.892200469970703,0.05965571850538254,0.042877547442913055,-1.9233641624450684,-55.5031852722168,-22.76612091064453,-30.02527618408203,67.08514773487879,832146482,1720697927
4.0,0,0.9457241296768188,-0.14365428686141968,9.78525161743164,0.04420914873480797,0.06205260008573532,-1.9233641624450684,-53.5832633972168,-21.190004348754883,-31.880769729614258,65.85260723121336,845146482,1720697927
4.0,0,-0.059855956584215164,0.25139501690864563,9.253730773925781,0.0700422003865242,0.05139978975057602,-1.922565221786499,-53.05964660644531,-22.41587257385254,-29.350549697875977,64.64713612230278,857146482,1720697927
4.0,0,2.9544899463653564,2.475642204284668,8.614469528198242,0.0394153855741024,0.051133476197719574,-1.9233641624450684,-52.36149597167969,-23.116369247436523,-30.362638473510742,64.7918405561161,870146482,1720697927
4.0,0,0.21308720111846924,-0.2992797791957855,9.902568817138672,0.04207858443260193,0.0751022920012474,-1.9289569854736328,-53.05964660644531,-23.116369247436523,-30.362638473510742,65.35734419526092,882146482,1720697927
4.0,0,0.5626459717750549,1.19951331615448,9.203451156616211,0.004793763160705566,0.0751022920012474,-1.9097819328308105,-52.7105712890625,-23.116369247436523,-30.02527618408203,64.91754818794047,895146482,1720697927
4.0,0,1.7238515615463257,1.3910523653030396,8.703056335449219,0.019974011927843094,0.08096133172512054,-1.926027536392212,-52.7105712890625,-23.116369247436523,-30.02527618408203,64.91754818794047,907146482,1720697927
4.0,0,-0.8954451084136963,-0.5722229480743408,8.511516571044922,0.04447546973824501,0.06684636324644089,-1.9499962329864502,-51.13972473144531,-24.34223747253418,-30.19395637512207,64.18326084237245,920146482,1720697927
4.0,0,1.1013495922088623,0.10534647852182388,10.003128051757812,0.02077297307550907,0.039681706577539444,-1.9033902883529663,-51.48880386352539,-25.04273223876953,-29.51923179626465,64.41754735412468,932146482,1720697927
4.0,0,-0.617713451385498,-0.3782896399497986,8.853893280029297,0.048203952610492706,0.061519961804151535,-1.9161736965179443,-50.965187072753906,-25.217857360839844,-29.013187408447266,63.83694593908882,945146482,1720697927
4.0,0,-1.5706202983856201,0.5123670101165771,8.561796188354492,0.04021434485912323,0.05992203950881958,-1.9193694591522217,-49.394344329833984,-26.093477249145508,-30.868682861328125,63.82434009309559,957146482,1720697927
4.0,0,-0.40223202109336853,-0.06703867018222809,9.778068542480469,0.027430977672338486,0.03382266312837601,-1.912445068359375,-48.8707275390625,-26.268600463867188,-30.362638473510742,63.24774458904191,970146482,1720697927
4.0,0,0.12450038641691208,0.3280106484889984,7.970418930053711,0.04261122643947601,0.0719064474105835,-1.933218240737915,-48.8707275390625,-26.268600463867188,-30.362638473510742,63.24774458904191,982146482,1720697927
4.0,0,0.1508370041847229,0.8762912154197693,8.078160285949707,0.03808378428220749,0.028229938820004463,-1.922565221786499,-49.7434196472168,-27.14422035217285,-30.19395637512207,64.2097461317922,995146482,1720697927
4.0,0,0.8667142391204834,1.8387749195098877,8.887412071228027,0.045008108019828796,0.04554075002670288,-1.9268264770507812,-47.9980354309082,-26.79397201538086,-31.543407440185547,63.37755828781419,7146482,1720697928
4.0,0,0.5099727511405945,0.5291266441345215,9.308797836303711,0.021838253363966942,0.06791163980960846,-1.940408706665039,-47.8234977722168,-28.370088577270508,-30.362638473510742,63.35486311345416,20146482,1720697928
4.0,0,-0.15562549233436584,1.8794770240783691,9.866656303405762,0.000532640318851918,0.046872351318597794,-1.9286906719207764,-46.60173034667969,-26.093477249145508,-30.19395637512207,61.353612997435576,32146482,1720697928
4.0,0,0.9457241296768188,2.7701337337493896,9.418932914733887,0.03701850399374962,0.0575251579284668,-1.9316201210021973,-46.60173034667969,-26.093477249145508,-30.19395637512207,61.353612997435576,45146482,1720697928
4.0,0,0.9457241296768188,2.7701337337493896,9.418932914733887,0.03701850399374962,0.0575251579284668,-1.9316201210021973,-44.68180847167969,-29.070585250854492,-30.700000762939453,61.51465664353129,57146482,1720697928
4.0,0,1.4245717525482178,1.6065338850021362,10.55859088897705,0.0143812894821167,0.0394153855741024,-1.9238969087600708,-44.1581916809082,-29.595956802368164,-32.21813201904297,62.16007225198467,70146482,1720697928
4.0,0,0.6679925322532654,-1.6879379749298096,8.700661659240723,0.025300417095422745,0.0537966750562191,-1.940941333770752,-45.37996292114258,-29.420833587646484,-30.700000762939453,62.18855626689484,82146482,1720697928
4.0,0,-0.050279002636671066,-0.5817998647689819,9.48597240447998,0.033556342124938965,0.039681706577539444,-1.9246959686279297,-45.37996292114258,-30.82182502746582,-31.71208953857422,63.363889997778244,95146482,1720697928
4.0,0,1.9800350666046143,0.83319491147995,9.663145065307617,0.0287625789642334,0.03435530140995979,-1.9262938499450684,-42.936424255371094,-30.121328353881836,-29.687911987304688,60.26776143018367,107146482,1720697928
4.0,0,1.3527445793151855,-0.4812418818473816,9.258519172668457,0.0013316008262336254,0.04926923289895058,-1.9393434524536133,-43.28550338745117,-30.471576690673828,-32.0494499206543,61.8814918189372,120146482,1720697928
4.0,0,0.40941473841667175,-0.8020698428153992,8.942479133605957,0.016778171062469482,0.03115946054458618,-1.9257612228393555,-44.50727081298828,-29.595956802368164,-32.55549621582031,62.58336958111645,132146482,1720697928
4.0,0,1.61371648311615,0.2346353530883789,8.9568452835083,0.015712888911366463,0.03648586571216583,-1.9265601634979248,-42.412811279296875,-29.946205139160156,-31.543407440185547,60.75037708350021,145146482,1720697928
4.0,0,-0.2944912910461426,1.9249675273895264,8.652776718139648,0.019441373646259308,0.03595322370529175,-1.9233641624450684,-41.88919448852539,-31.522321701049805,-32.38681411743164,61.62196936969031,157146482,1720697928
4.0,0,-0.34477031230926514,0.6991175413131714,9.459635734558105,0.01757713221013546,0.04660603031516075,-1.9199020862579346,-40.66742706298828,-33.09843826293945,-32.21813201904297,61.54148414009503,170146482,1720697928
4.0,0,-0.2825201153755188,1.3359850645065308,9.225000381469727,0.0143812894821167,0.03488794341683388,-1.8895416259765625,-40.31835174560547,-30.646699905395508,-32.89285659790039,60.38815875437647,182146482,1720697928
4.0,0,1.8483519554138184,5.760537147521973,33.174564361572266,0.3145241141319275,-0.023968815803527832,-1.0562257766723633,-39.44565963745117,-30.471576690673828,-31.71208953857422,59.077353301851716,195146482,1720697928
4.0,0,5.923345565795898,2.375084400177002,30.78750991821289,0.15553098917007446,0.0034621621016412973,-0.43330293893814087,-38.22389221191406,-33.09843826293945,-31.543407440185547,59.59495871473687,207146482,1720697928
4.0,0,2.320016860961914,2.1572086811065674,28.70452117919922,-0.03648586571216583,0.029295219108462334,-0.02796361781656742,-39.44565963745117,-31.172073364257812,-32.724178314208984,59.98774931934404,220146482,1720697928
4.0,0,0.3782896399497986,1.6711782217025757,22.220924377441406,-0.19228315353393555,0.08548877388238907,0.08202660828828812,-37.17666244506836,-31.697444915771484,-32.89285659790039,58.89628392278211,232146482,1720697928
4.0,0,-2.3367764949798584,0.560251772403717,7.465234756469727,-0.2777719497680664,0.11398503184318542,0.15340042114257812,-37.17666244506836,-31.697444915771484,-32.89285659790039,58.89628392278211,245146482,1720697928
4.0,0,-1.9058135747909546,-1.8148326873779297,0.033519335091114044,-0.16112370789051056,0.06977588683366776,0.10892495512962341,-40.492889404296875,-31.872568130493164,-33.06153869628906,61.225811815832756,257146482,1720697928
4.0,0,-0.8379833698272705,-1.1420515775680542,1.3814754486083984,0.04447546973824501,0.016778171062469482,0.08042868971824646,-38.92204284667969,-29.946205139160156,-33.56758499145508,59.48515263285446,270146482,1720697928
4.0,0,0.416597455739975,-1.3359850645065308,4.194705486297607,0.09987006336450577,-0.008522245101630688,0.052198752760887146,-38.572967529296875,-30.646699905395508,-33.230220794677734,59.425092454034875,282146482,1720697928
4.0,0,1.6999092102050781,-1.0367051362991333,5.262535572052002,0.19175052642822266,-0.02476777695119381,0.0394153855741024,-39.096580505371094,-30.82182502746582,-32.724178314208984,59.57683569624042,295146482,1720697928
4.0,0,1.833986520767212,0.1412600576877594,10.874629974365234,0.22530686855316162,-0.021838253363966942,0.0394153855741024,-39.096580505371094,-30.82182502746582,-31.71208953857422,59.02697796888496,308146482,1720697928
4.0,0,-0.23702958226203918,-0.2825201153755188,14.542603492736816,0.15526466071605682,-0.006125363986939192,0.033556342124938965,-38.22389221191406,-31.347196578979492,-31.206045150756836,58.4596435427063,320146482,1720697928
4.0,0,-0.7972812652587891,-0.16759668290615082,13.510685920715332,0.05086715519428253,0.013582328334450722,0.007723285350948572,-38.04935073852539,-29.771080017089844,-31.374725341796875,57.6059344797086,333146482,1720697928
