IMU,nth_pos,acc.x,acc.y,acc.z,gyr.x,gyr.y,gyr.z,mag.x,mag.y,mag.z,mag.norm,nsecs,secs
4.0,0,0.050279002636671066,0.20351025462150574,9.775674819946289,0.06684636324644089,0.01384864840656519,-0.009321206249296665,-41.36558151245117,20.13926124572754,-29.51923179626465,54.66339015491545,610035234,1720697285
4.0,0,0.028730858117341995,0.17717362940311432,9.828347206115723,0.06471580266952515,0.015712888911366463,-0.005592723377048969,-40.66742706298828,19.789012908935547,-29.181869506835938,53.824029612687774,622035234,1720697285
4.0,0,0.13647158443927765,0.17477938532829285,9.797223091125488,0.07030852884054184,0.009587526321411133,-0.004261122550815344,-40.31835174560547,16.63677978515625,-28.844507217407227,52.291084572011016,635035234,1720697285
4.0,0,0.6009538173675537,1.8531404733657837,10.292829513549805,0.17683659493923187,0.03621954470872879,-0.13395905494689941,-40.492889404296875,19.613887786865234,-30.362638473510742,54.27954035820011,647035234,1720697285
4.0,0,3.486010789871216,-35.6478157043457,39.22600173950195,0.6229228973388672,0.06018836051225662,-1.1185446977615356,-40.14381408691406,19.263641357421875,-28.675825119018555,52.96146366981024,660035234,1720697285
4.0,0,12.773261070251465,2.6145079135894775,18.526615142822266,1.5393304824829102,0.018908733502030373,-1.634939432144165,-41.016502380371094,17.687524795532227,-29.181869506835938,53.355257555610734,672035234,1720697285
4.0,0,4.944101810455322,-26.956727981567383,28.666213989257812,2.320181369781494,0.19334843754768372,-2.4951536655426025,-42.76188659667969,16.28653335571289,-30.19395637512207,54.82248731712943,685035234,1720697285
4.0,0,9.660751342773438,4.857909679412842,18.090864181518555,2.5462872982025146,0.1113218292593956,-3.0019609928131104,-42.0637321472168,13.484548568725586,-30.868682861328125,53.88938850876276,698035234,1720697285
4.0,0,-2.7174603939056396,-10.393388748168945,18.86420249938965,3.4467155933380127,0.3065345287322998,-3.491457462310791,-42.58734893798828,13.659672737121582,-30.700000762939453,54.24720265318496,710035234,1720697285
4.0,0,-0.20111601054668427,21.081268310546875,-3.2825005054473877,3.155627727508545,0.3901590406894684,-3.4989142417907715,-42.58734893798828,13.659672737121582,-30.700000762939453,54.24720265318496,723035234,1720697285
4.0,0,-4.438917636871338,-9.665539741516113,3.8259928226470947,3.1345884799957275,0.3584669530391693,-3.351106643676758,-42.58734893798828,7.004960060119629,-30.700000762939453,52.964533433745316,735035234,1720697285
4.0,0,-0.6775694489479065,24.900075912475586,-12.485952377319336,2.8435003757476807,0.42611226439476013,-3.1215388774871826,-43.634578704833984,6.654712200164795,-31.71208953857422,54.34996114182532,748035234,1720697285
4.0,0,-1.5059758424758911,1.235426902770996,5.061419486999512,2.453341484069824,0.570191502571106,-3.082656145095825,-41.714656829833984,5.428843975067139,-31.880769729614258,52.7822737279205,760035234,1720697285
4.0,0,0.6799636483192444,7.877044200897217,3.5506551265716553,2.4725165367126465,0.6029488444328308,-2.979856491088867,-41.714656829833984,1.9263640642166138,-32.55549621582031,52.94982348220824,773035234,1720697285
4.0,0,2.346353530883789,0.6536269783973694,10.869841575622559,2.3609282970428467,0.604546844959259,-2.9662740230560303,-42.936424255371094,1.4009920358657837,-31.374725341796875,53.19654779019941,785035234,1720697285
4.0,0,-5.308026313781738,-6.035874843597412,16.52263832092285,2.4671900272369385,0.7329131364822388,-2.875725269317627,-42.23827362060547,-2.4517359733581543,-32.0494499206543,53.07777320073556,798035234,1720697285
4.0,0,-3.4405205249786377,-0.06703867018222809,11.772469520568848,2.5931596755981445,0.743033230304718,-2.8381741046905518,-42.58734893798828,-2.4517359733581543,-30.362638473510742,52.360129047989794,810035234,1720697285
4.0,0,-4.606513977050781,2.727037191390991,7.063002586364746,2.669593334197998,0.7899056077003479,-2.727917432785034,-40.84196472167969,-4.903471946716309,-33.398902893066406,52.98676093062909,823035234,1720697285
4.0,0,-0.10534647852182388,2.858720302581787,5.56181526184082,2.5806424617767334,0.7949656844139099,-2.73191237449646,-42.0637321472168,-6.479588031768799,-32.21813201904297,53.37930923129975,835035234,1720697285
4.0,0,-2.9042110443115234,6.196288585662842,3.1364521980285645,2.5129971504211426,0.9361154437065125,-2.7204606533050537,-38.74750518798828,-9.806943893432617,-31.71208953857422,51.02158297940846,848035234,1720697285
4.0,0,1.2043018341064453,3.9050025939941406,6.849915504455566,2.4291062355041504,0.9366480708122253,-2.722324848175049,-38.74750518798828,-9.806943893432617,-31.71208953857422,51.02158297940846,860035234,1720697285
4.0,0,-4.80763053894043,2.7533740997314453,6.196288585662842,2.3769075870513916,0.9965700507164001,-2.658141613006592,-39.62019729614258,-9.281572341918945,-31.880769729614258,51.694207581471126,873035234,1720697285
4.0,0,-4.891428470611572,-0.03830781206488609,9.933694839477539,2.3697168827056885,1.0791293382644653,-2.618459939956665,-36.129432678222656,-11.032812118530273,-31.543407440185547,49.21428046645165,885035234,1720697285
4.0,0,-0.03830781206488609,1.972852349281311,8.667141914367676,2.379570722579956,1.0690091848373413,-2.5782456398010254,-34.55858612060547,-14.009920120239258,-31.037363052368164,48.516921189161394,898035234,1720697285
4.0,0,-4.137243747711182,1.6185050010681152,7.7788801193237305,2.4160563945770264,1.2224096059799194,-2.5018115043640137,-34.38404846191406,-14.185044288635254,-30.19395637512207,47.90775794883928,910035234,1720697285
4.0,0,-2.2553725242614746,2.961672782897949,6.191500186920166,2.3271055221557617,1.2184147834777832,-2.5116655826568604,-33.33681869506836,-16.987028121948242,-31.880769729614258,49.15573296856032,923035234,1720697285
4.0,0,-6.703866958618164,4.630456924438477,4.094147682189941,2.3060662746429443,1.3238775730133057,-2.461064577102661,-33.33681869506836,-16.987028121948242,-31.880769729614258,49.15573296856032,935035234,1720697285
4.0,0,-2.50437331199646,6.074182510375977,5.770114421844482,2.2426819801330566,1.2943159341812134,-2.446150779724121,-31.067819595336914,-19.613887786865234,-30.362638473510742,47.66344326207724,948035234,1720697285
4.0,0,-5.750960350036621,2.5378923416137695,5.995172023773193,2.1753032207489014,1.3590319156646729,-2.38596248626709,-30.369667053222656,-19.613887786865234,-29.687911987304688,46.780267092068726,960035234,1720697285
4.0,0,-2.9305477142333984,2.6695754528045654,6.550635814666748,2.1550629138946533,1.43812894821167,-2.365189552307129,-29.846052169799805,-21.540252685546875,-29.51923179626465,47.182140283387135,973035234,1720697285
4.0,0,-2.43015193939209,3.222644567489624,6.055028438568115,2.1404151916503906,1.4450533390045166,-2.3215129375457764,-27.7515926361084,-22.94124412536621,-28.844507217407227,46.13520534770831,985035234,1720697285
4.0,0,-2.32480525970459,4.369484901428223,5.363093852996826,2.1420130729675293,1.5284113883972168,-2.2727763652801514,-25.8316707611084,-22.76612091064453,-29.013187408447266,45.02595384026941,998035234,1720697285
4.0,0,-5.810816287994385,2.2888917922973633,5.176342964172363,2.017108917236328,1.5752838850021362,-2.222708225250244,-25.13351821899414,-24.51736068725586,-26.989011764526367,44.28545437453761,10035234,1720697286
4.0,0,-7.527484893798828,3.924156427383423,3.375875949859619,2.045605182647705,1.6413311958312988,-2.1808958053588867,-22.340904235839844,-25.568103790283203,-25.9769229888916,42.750958603012236,23035234,1720697286
4.0,0,-3.040682554244995,6.316000461578369,4.144426345825195,1.991808533668518,1.601649522781372,-2.1587913036346436,-20.77005958557129,-24.69248390197754,-26.145605087280273,41.529589473261325,35035234,1720697286
4.0,0,-3.040682554244995,6.316000461578369,4.144426345825195,1.991808533668518,1.601649522781372,-2.1587913036346436,-20.420982360839844,-25.04273223876953,-25.47088050842285,41.145117722991074,48035234,1720697286
4.0,0,-5.454074382781982,2.705489158630371,5.437314987182617,1.8447997570037842,1.7265536785125732,-2.07649827003479,-20.07190704345703,-26.4437255859375,-25.133516311645508,41.639473068391446,60035234,1720697286
4.0,0,-6.215442180633545,2.6743643283843994,3.6320595741271973,1.7787524461746216,1.7446634769439697,-2.035485029220581,-16.581140518188477,-27.494468688964844,-25.133516311645508,40.77466948437633,73035234,1720697286
4.0,0,-3.5458667278289795,2.631267786026001,4.355119228363037,1.763039469718933,1.8296196460723877,-1.9681061506271362,-16.406600952148438,-27.669591903686523,-23.952747344970703,40.106320901967486,85035234,1720697286
4.0,0,-7.225811004638672,2.8180184364318848,2.583383083343506,1.7105745077133179,1.8277552127838135,-1.9428056478500366,-14.137603759765625,-27.844717025756836,-22.097253799438477,38.25557125164137,98035234,1720697286
4.0,0,-6.871463298797607,5.05184268951416,1.6424474716186523,1.645326018333435,1.9169726371765137,-1.88900887966156,-11.344990730285645,-26.79397201538086,-22.434616088867188,36.7414990179516,111035234,1720697286
4.0,0,-8.274487495422363,1.3192253112792969,3.1172983646392822,1.6029810905456543,1.9057871103286743,-1.8517241477966309,-9.599607467651367,-27.494468688964844,-22.434616088867188,36.76153249085672,123035234,1720697286
4.0,0,-10.898571968078613,3.536289930343628,0.46448221802711487,1.4985836744308472,1.9795578718185425,-1.8248257637023926,-9.599607467651367,-27.494468688964844,-22.434616088867188,36.76153249085672,136035234,1720697286
4.0,0,-5.463651657104492,4.74298620223999,2.5187387466430664,1.458369255065918,1.9529258012771606,-1.7659690380096436,-9.250530242919922,-28.89546012878418,-20.41044044494629,36.566460110134145,148035234,1720697286
4.0,0,-7.704658508300781,3.794867515563965,0.617713451385498,1.3832670450210571,1.9705029726028442,-1.7491908073425293,-7.156070709228516,-27.494468688964844,-19.060989379882812,34.2122269462827,161035234,1720697286
4.0,0,-5.463651657104492,1.8603230714797974,3.275317907333374,1.3233449459075928,2.028826951980591,-1.6967257261276245,-5.236149311065674,-29.070585250854492,-19.567033767700195,35.43141257276221,173035234,1720697286
4.0,0,-6.497962951660156,2.43015193939209,1.714274525642395,1.2927180528640747,1.9939390420913696,-1.6668978929519653,-6.1088409423828125,-26.79397201538086,-18.04890251159668,32.87853031833184,186035234,1720697286
4.0,0,-6.452471733093262,4.64961051940918,0.7063003182411194,1.2293338775634766,2.0786290168762207,-1.589398741722107,-3.4907662868499756,-27.319345474243164,-15.518681526184082,31.61268041026553,198035234,1720697286
4.0,0,-8.853893280029297,0.12450038641691208,0.48363611102104187,1.1289311647415161,2.0999345779418945,-1.57874596118927,-3.4907662868499756,-27.319345474243164,-15.518681526184082,31.61268041026553,211035234,1720697286
4.0,0,-10.759706497192383,1.6592071056365967,-0.6009538173675537,1.0455729961395264,2.1129841804504395,-1.5318737030029297,-0.5236149430274963,-26.093477249145508,-15.350000381469727,30.27814788376853,223035234,1720697286
4.0,0,-9.670328140258789,4.0869646072387695,-1.5873799324035645,1.0224031209945679,2.1065924167633057,-1.4916592836380005,-0.5236149430274963,-26.4437255859375,-12.65109920501709,29.318852408784885,236035234,1720697286
4.0,0,-9.375837326049805,4.0390801429748535,-1.702303409576416,0.9148098230361938,2.0999345779418945,-1.4695546627044678,0.17453831434249878,-25.04273223876953,-12.65109920501709,28.05742705062359,248035234,1720697286
4.0,0,-6.466837406158447,3.529107093811035,-0.5075784921646118,0.867937445640564,2.0858194828033447,-1.4098989963531494,1.5708448886871338,-23.991989135742188,-12.9884614944458,27.327334819674363,261035234,1720697286
4.0,0,-7.458052158355713,0.35195302963256836,0.37110692262649536,0.7795191407203674,2.0868847370147705,-1.4019094705581665,0.8726915717124939,-24.34223747253418,-11.976373672485352,27.14294829401525,273035234,1720697286
4.0,0,-6.026297569274902,0.1987217664718628,0.5554632544517517,0.724124550819397,2.1220390796661377,-1.324676513671875,2.268998146057129,-24.69248390197754,-10.626923561096191,26.977743015486155,286859064,1720697286
4.0,0,-6.833155632019043,-2.6671812534332275,0.4429340660572052,0.6370378732681274,2.1244359016418457,-1.2991098165512085,2.967151403427124,-23.991989135742188,-9.614835739135742,26.016621541449087,298859064,1720697286
4.0,0,-8.513911247253418,4.333570957183838,-2.2793147563934326,0.5914971232414246,2.1707756519317627,-1.2133547067642212,3.8398427963256836,-25.217857360839844,-10.458242416381836,27.56917766296207,311859064,1720697286
4.0,0,-8.79882526397705,1.4102063179016113,-2.784498929977417,0.5214548707008362,2.135355234146118,-1.2024356126785278,6.1088409423828125,-24.34223747253418,-8.602747917175293,26.53054342743555,323859064,1720697286
4.0,0,-8.961633682250977,1.6185050010681152,-2.736614227294922,0.4146605134010315,2.1217727661132812,-1.1515684127807617,5.934302806854248,-21.014881134033203,-7.084615707397461,22.957198404911818,336859064,1720697286
4.0,0,-9.80919361114502,3.6272706985473633,-3.5027706623077393,0.4085351228713989,2.0935428142547607,-1.1134846210479736,5.934302806854248,-21.014881134033203,-7.084615707397461,22.957198404911818,348859064,1720697286
4.0,0,-6.622463226318359,2.839566469192505,-2.219458818435669,0.2852289080619812,2.015777349472046,-1.0849883556365967,7.330609321594238,-21.365129470825195,-5.735165119171143,23.30447830943926,361859064,1720697286
4.0,0,-5.904191493988037,1.7477937936782837,-2.061439037322998,0.21492037177085876,2.0160436630249023,-1.0485024452209473,5.061611175537109,-21.190004348754883,-3.5423078536987305,22.072248116649757,373859064,1720697286
4.0,0,-3.8571176528930664,-0.852348804473877,-0.39026084542274475,0.17417339980602264,2.006988763809204,-1.0248000621795654,8.72691535949707,-19.964136123657227,-3.710988998413086,22.10197326489389,386859064,1720697286
4.0,0,-5.674344539642334,-0.9553011059761047,-1.0558589696884155,0.10839231312274933,2.0346860885620117,-0.9584863185882568,8.901453971862793,-20.4895076751709,-3.2049450874328613,22.568284839516252,398859064,1720697286
4.0,0,-9.50991439819336,1.5706202983856201,-5.415766716003418,0.02077297307550907,2.0344197750091553,-0.9070864915847778,8.552377700805664,-19.088516235351562,-0.843406617641449,20.933847021682364,411859064,1720697286
4.0,0,-12.366239547729492,3.6440305709838867,-7.450869083404541,-0.02077297307550907,2.015244722366333,-0.8737964630126953,8.552377700805664,-19.088516235351562,-0.843406617641449,20.933847021682364,423859064,1720697286
4.0,0,-9.895386695861816,0.07900986075401306,-4.932130813598633,-0.10892495512962341,1.9292232990264893,-0.8620784282684326,8.72691535949707,-17.862648010253906,1.0120879411697388,19.906219320371083,436859064,1720697286
4.0,0,-8.858681678771973,2.008765935897827,-5.35830545425415,-0.16538482904434204,1.8605127334594727,-0.8530234694480896,9.774145126342773,-18.56314468383789,1.0120879411697388,21.00353721411159,448859064,1720697286
4.0,0,-6.433318138122559,-0.30646249651908875,-3.198702335357666,-0.22610582411289215,1.838674545288086,-0.807216465473175,9.250530242919922,-17.687524795532227,2.8675825595855713,20.165412787835084,461859064,1720697286
4.0,0,-2.063833475112915,-1.0845898389816284,-1.5107643604278564,-0.3014744222164154,1.7643711566925049,-0.7760570049285889,9.599607467651367,-16.28653335571289,2.192857265472412,19.0318747176013,473859064,1720697286
4.0,0,-6.636828422546387,-0.1412600576877594,-3.507559061050415,-0.3504773676395416,1.8101781606674194,-0.7052158117294312,9.774145126342773,-17.162153244018555,2.6989011764526367,19.93382764253379,486859064,1720697286
4.0,0,-7.2569355964660645,0.7254542112350464,-4.666370391845703,-0.4034750461578369,1.7715617418289185,-0.6767195463180542,10.297760963439941,-15.936284065246582,4.891758441925049,19.594344370826104,498859064,1720697286
4.0,0,-11.995134353637695,2.4109978675842285,-7.331157207489014,-0.4527443051338196,1.7369401454925537,-0.6298471689224243,9.599607467651367,-15.586036682128906,4.55439567565918,18.863179025819555,511859064,1720697286
4.0,0,-9.38062572479248,1.4533026218414307,-7.103704452514648,-0.528911828994751,1.6597073078155518,-0.6157322525978088,12.217681884765625,-15.060664176940918,6.409890174865723,20.42503483820191,523859064,1720697286
4.0,0,-9.787646293640137,1.1252919435501099,-6.782876968383789,-0.5648650527000427,1.5467875003814697,-0.6420979499816895,10.64683723449707,-16.28653335571289,6.241209030151367,20.43426049561532,536859064,1720697286
4.0,0,-4.922553539276123,0.878685474395752,-4.27850341796875,-0.6205259561538696,1.49618661403656,-0.6013509631156921,9.948683738708496,-15.586036682128906,6.241209030151367,19.515469191068753,548859064,1720697286
4.0,0,-4.1923112869262695,2.2601609230041504,-4.211464881896973,-0.6149332523345947,1.4437215328216553,-0.596823513507843,9.948683738708496,-15.586036682128906,6.241209030151367,19.515469191068753,561859064,1720697286
4.0,0,-5.190708637237549,-0.35195302963256836,-5.389430522918701,-0.7379732131958008,1.4543745517730713,-0.5100031495094299,11.344990730285645,-14.185044288635254,8.940110206604004,20.244749112968428,573859064,1720697286
4.0,0,-6.988780975341797,-0.48603036999702454,-6.457260608673096,-0.7520881295204163,1.4104316234588623,-0.49002912640571594,10.64683723449707,-13.834795951843262,8.602747917175293,19.461859979289642,586859064,1720697286
4.0,0,-12.663125991821289,6.2034711837768555,-11.137995719909668,-0.74063640832901,1.2738094329833984,-0.3470151722431183,8.901453971862793,-14.885540008544922,8.602747917175293,19.360332018993045,599859064,1720697286
4.0,0,-9.196269035339355,1.3599272966384888,-19.98710060119629,-0.7377068400382996,1.0413118600845337,-0.018376091495156288,10.64683723449707,-14.535292625427246,10.289560317993164,20.74861263656663,611859064,1720697286
4.0,0,-6.677530288696289,23.1427059173584,-16.367013931274414,-0.4423578083515167,0.3853653073310852,-0.3613964915275574,10.472298622131348,-13.30942440032959,10.120879173278809,19.7292172054365,624859064,1720697286
4.0,0,-12.919309616088867,16.067733764648438,-16.537004470825195,0.061519961804151535,0.2796361744403839,-0.14221496880054474,10.472298622131348,-13.30942440032959,10.120879173278809,19.7292172054365,636859064,1720697286
4.0,0,-3.790079116821289,-1.7262457609176636,-8.434901237487793,0.011185446754097939,-0.14061705768108368,-0.26365697383880615,8.72691535949707,-15.41091251373291,9.783516883850098,20.232955266454166,649859064,1720697286
4.0,0,-3.790079116821289,-1.7262457609176636,-8.434901237487793,0.011185446754097939,-0.14061705768108368,-0.26365697383880615,9.075992584228516,-15.060664176940918,10.458242416381836,20.459034221569958,661859064,1720697286
4.0,0,-7.369464874267578,-4.922553539276123,-2.7437968254089355,0.20772972702980042,-0.2700486481189728,-0.13182848691940308,9.599607467651367,-14.535292625427246,11.30164909362793,20.764259376998943,674859064,1720697286
4.0,0,-7.9321112632751465,-2.8252012729644775,-0.6536269783973694,0.24528087675571442,-0.16804802417755127,-0.039681706577539444,10.123222351074219,-14.36016845703125,10.120879173278809,20.276248768539823,686859064,1720697286
4.0,0,-7.165955066680908,-3.5793862342834473,-0.7661562561988831,0.17790187895298004,-0.06711268424987793,0.0663137212395668,9.425068855285645,-14.009920120239258,9.44615364074707,19.347857848014062,699859064,1720697286
4.0,0,-6.6679534912109375,-6.349519729614258,-1.9513041973114014,0.046872351318597794,0.023968815803527832,0.14301392436027527,11.51952838897705,-14.009920120239258,8.771429061889648,20.1473413597848,711859064,1720697286
4.0,0,-8.832345008850098,2.2242472171783447,-5.571392059326172,0.05699251592159271,0.06578107923269272,0.08841829746961594,12.043143272399902,-13.134300231933594,11.976373672485352,21.470460377111667,724859064,1720697286
4.0,0,-8.832345008850098,2.2242472171783447,-5.571392059326172,0.05699251592159271,0.06578107923269272,0.08841829746961594,10.9959135055542,-12.083556175231934,10.289560317993164,19.307964553500575,736859064,1720697286
4.0,0,-7.53466796875,2.966461181640625,-6.751751899719238,0.0719064474105835,0.025566738098859787,-0.00719064474105835,11.344990730285645,-13.834795951843262,8.940110206604004,20.00089908493193,749859064,1720697286
4.0,0,-7.786062717437744,0.8116468191146851,-6.040663242340088,0.06844428181648254,-0.007723285350948572,-0.025300417095422745,11.344990730285645,-13.834795951843262,8.940110206604004,20.00089908493193,761859064,1720697286
4.0,0,-7.917746067047119,-0.4405398368835449,-4.776504993438721,0.07217276096343994,-0.015446570701897144,-0.01651185005903244,10.472298622131348,-12.608928680419922,8.434065818786621,18.433328162180455,774859064,1720697286
4.0,0,-8.528276443481445,0.05267323926091194,-3.562626600265503,0.06258523464202881,0.008522245101630688,0.010919126681983471,10.9959135055542,-13.834795951843262,7.928022384643555,19.369182527462982,786859064,1720697286
4.0,0,-10.563379287719727,3.169971466064453,-6.033480644226074,0.13369272649288177,-0.06338419765233994,-0.10359854996204376,9.774145126342773,-13.30942440032959,10.120879173278809,19.367676320586515,799859064,1720697286
4.0,0,-10.563379287719727,3.169971466064453,-6.033480644226074,0.13369272649288177,-0.06338419765233994,-0.10359854996204376,11.344990730285645,-12.433804512023926,9.614835739135742,19.384359045479314,811859064,1720697286
4.0,0,-14.121216773986816,27.41402816772461,-11.8873929977417,0.37604406476020813,-1.0106850862503052,-1.6471903324127197,10.472298622131348,-14.009920120239258,10.120879173278809,20.208391708562253,824859064,1720697286
4.0,0,-33.454689025878906,27.332622528076172,-22.390914916992188,0.7709969282150269,-0.992042601108551,-2.1545302867889404,10.472298622131348,-14.009920120239258,10.120879173278809,20.208391708562253,836859064,1720697286
4.0,0,12.828328132629395,-9.924118041992188,1.8746886253356934,0.48390376567840576,-1.89193856716156,-2.875192642211914,11.170452117919922,-12.608928680419922,8.434065818786621,18.838724723884113,849859064,1720697286
4.0,0,-33.07640075683594,26.930391311645508,-22.048540115356445,1.0021628141403198,-1.8200321197509766,-3.1215388774871826,8.72691535949707,-8.405952453613281,5.735165119171143,13.405640875705659,861859064,1720697286
4.0,0,5.853912353515625,-10.022281646728516,-0.6512327790260315,0.7251898050308228,-2.3518733978271484,-3.519421100616455,10.297760963439941,-8.230828285217285,7.253296852111816,15.046618568493574,874859064,1720697286
4.0,0,-12.974376678466797,-0.3112509846687317,-6.818790435791016,0.8287883996963501,-2.145475387573242,-3.298375368118286,10.123222351074219,-5.253720283508301,3.710988998413086,11.99385871740109,886859064,1720697286
4.0,0,-17.86341094970703,-2.9520957469940186,-11.418122291564941,0.926794171333313,-2.1169791221618652,-3.100233316421509,10.472298622131348,-4.553224086761475,6.072527885437012,12.933541005261054,899859064,1720697286
4.0,0,-2.5642292499542236,-14.24332332611084,-3.4740395545959473,0.7651378512382507,-2.234426259994507,-2.8533542156219482,10.472298622131348,-1.7512400150299072,3.373626470565796,11.140791515158979,911859064,1720697286
4.0,0,-4.438917636871338,-0.5482805371284485,0.06225019320845604,0.8016237616539001,-2.2687814235687256,-2.690366268157959,11.868605613708496,0.0,2.6989011764526367,12.171600830376022,924859064,1720697286
4.0,0,-1.9513041973114014,1.6161108016967773,-0.44532832503318787,0.8666058778762817,-2.1545302867889404,-2.603013277053833,10.297760963439941,-0.17512400448322296,3.2049450874328613,10.786390605320845,936859064,1720697286
4.0,0,1.209090232849121,0.40941473841667175,0.17238515615463257,0.7824486494064331,-2.2504055500030518,-2.5686581134796143,10.64683723449707,2.9771080017089844,1.1807692050933838,11.118117244723125,949859064,1720697286
4.0,0,-3.6799440383911133,0.31364521384239197,-4.242590427398682,0.8453002572059631,-2.2003371715545654,-2.4762449264526367,9.948683738708496,4.0278520584106445,0.5060439705848694,10.74504447815136,961859064,1720697286
4.0,0,-0.49321308732032776,-6.828367233276367,-2.7940759658813477,0.8567519783973694,-2.2317631244659424,-2.3875603675842285,9.948683738708496,4.0278520584106445,0.5060439705848694,10.74504447815136,974859064,1720697286
4.0,0,-3.6176939010620117,-6.172346115112305,-2.118900775909424,0.8623447418212891,-2.3143224716186523,-2.3244423866271973,9.425068855285645,4.553224086761475,-3.036263942718506,10.898746315103992,986859064,1720697286
4.0,0,-4.517927646636963,-2.863509178161621,-0.016759667545557022,0.8543550968170166,-2.3422858715057373,-2.246410608291626,7.156070709228516,7.180084228515625,-2.8675825595855713,10.534988716657292,999859064,1720697286
4.0,0,-4.407792568206787,-2.6408448219299316,0.06225019320845604,0.8825850486755371,-2.3595967292785645,-2.2037994861602783,7.679685592651367,7.705456256866455,-4.723076820373535,11.85997814414551,11859064,1720697287
4.0,0,-3.605722665786743,-3.538684129714966,-1.6975148916244507,0.9206688404083252,-2.3601293563842773,-2.14121413230896,7.85422420501709,9.631820678710938,-4.55439567565918,13.23643937847271,24859064,1720697287
4.0,0,-1.5849857330322266,-7.402984619140625,-2.427757740020752,0.9004284739494324,-2.4237799644470215,-2.0613181591033936,6.4579176902771,10.332316398620605,-5.566483497619629,13.39579044270512,36859064,1720697287
4.0,0,-6.418952941894531,-6.184317111968994,-2.3056514263153076,0.9241309762001038,-2.4512107372283936,-1.9542573690414429,5.061611175537109,11.733307838439941,-7.5906596183776855,14.862992093316473,49859064,1720697287
4.0,0,-7.752542972564697,-3.842752456665039,-1.881871223449707,1.0024291276931763,-2.456803560256958,-1.899928092956543,4.363457679748535,9.982068061828613,-7.5906596183776855,13.277784421958543,61859064,1720697287
4.0,0,-9.423721313476562,-2.971249580383301,-1.2545808553695679,1.031990647315979,-2.4783754348754883,-1.85625159740448,3.1416897773742676,12.959176063537598,-11.132966995239258,17.37105100505178,74859064,1720697287
4.0,0,-4.316811561584473,-12.88339614868164,-0.2729431688785553,0.981922447681427,-2.5361669063568115,-1.8240268230438232,3.665304660797119,13.834795951843262,-8.602747917175293,16.698602007715007,86859064,1720697287
4.0,0,-5.5833635330200195,-7.537062168121338,-1.4844276905059814,1.0570247173309326,-2.5468199253082275,-1.7164335250854492,0.17453831434249878,14.185044288635254,-10.626923561096191,17.725051465851898,99859064,1720697287
4.0,0,-7.369464874267578,-8.995153427124023,-1.4700623750686646,1.0905810594558716,-2.564396858215332,-1.6320099830627441,0.17453831434249878,14.185044288635254,-10.626923561096191,17.725051465851898,111859064,1720697287
4.0,0,-8.128438949584961,-4.932130813598633,-1.058253288269043,1.1518347263336182,-2.5998175144195557,-1.5617015361785889,-1.3963065147399902,16.811904907226562,-13.157143592834473,21.393930120835655,124859064,1720697287
4.0,0,-8.183506965637207,-10.235368728637695,0.1604139655828476,1.1174794435501099,-2.63443922996521,-1.5246829986572266,-2.7926130294799805,15.761160850524902,-13.494505882263184,20.93596350529337,137859064,1720697287
4.0,0,-7.9321112632751465,-7.728600978851318,-0.30646249651908875,1.2261381149291992,-2.6453583240509033,-1.4940561056137085,-1.7453831434249878,16.46165657043457,-15.85604476928711,22.92262321563396,149859064,1720697287
4.0,0,-8.20266056060791,-8.008727073669434,-1.3407734632492065,1.2490415573120117,-2.6480214595794678,-1.3976482152938843,-4.014381408691406,16.28653335571289,-16.362089157104492,23.432549763656368,162859064,1720697287
4.0,0,-7.869860649108887,-8.197872161865234,-0.7805216908454895,1.3547706604003906,-2.664267063140869,-1.3350629806518555,-7.156070709228516,16.63677978515625,-17.374176025390625,25.096887898233923,174859064,1720697287
4.0,0,-5.248170375823975,-11.38699722290039,0.6296846866607666,1.3545043468475342,-2.73564076423645,-1.2831305265426636,-7.505147457122803,16.987028121948242,-20.41044044494629,27.594790122878567,187859064,1720697287
4.0,0,-7.326368808746338,-8.171534538269043,1.757370948791504,1.4104316234588623,-2.7351081371307373,-1.234926700592041,-9.250530242919922,16.28653335571289,-19.398351669311523,26.96515392146327,199859064,1720697287
4.0,0,-7.601706027984619,-8.73657512664795,1.8196210861206055,1.4407920837402344,-2.7638707160949707,-1.1774015426635742,-9.599607467651367,17.337276458740234,-20.073078155517578,28.207482786971497,212859064,1720697287
4.0,0,-4.522716045379639,-11.549805641174316,0.9241759777069092,1.476745367050171,-2.742565155029297,-1.116946816444397,-11.170452117919922,15.41091251373291,-21.591209411621094,28.782903760412125,224859064,1720697287
4.0,0,-3.8762714862823486,-11.681488037109375,1.807649850845337,1.5244166851043701,-2.7638707160949707,-1.0357191562652588,-13.264911651611328,16.46165657043457,-24.627473831176758,32.45699439987137,237859064,1720697287
4.0,0,-4.831572532653809,-8.729393005371094,1.4892162084579468,1.5875345468521118,-2.743364095687866,-0.9771286845207214,-13.264911651611328,16.46165657043457,-24.627473831176758,32.45699439987137,249859064,1720697287
4.0,0,-3.2274329662323,-8.04464054107666,4.122878074645996,1.6000515222549438,-2.7867743968963623,-0.906021237373352,-15.359371185302734,15.060664176940918,-24.627473831176758,32.69933265318721,262859064,1720697287
4.0,0,-4.728620529174805,-6.80203104019165,1.8244094848632812,1.6884697675704956,-2.724189043045044,-0.870334267616272,-16.93021583557129,14.885540008544922,-25.808242797851562,34.26772396728265,274859064,1720697287
4.0,0,-2.03749680519104,-7.302426815032959,2.659998655319214,1.696992039680481,-2.7446956634521484,-0.7851118445396423,-20.07190704345703,14.535292625427246,-26.145605087280273,36.02428138697559,287859064,1720697287
4.0,0,-0.7446081042289734,-9.665539741516113,2.8515377044677734,1.7670342922210693,-2.713003396987915,-0.7243908643722534,-20.77005958557129,14.885540008544922,-28.507143020629883,38.28357193017418,299859064,1720697287
4.0,0,0.6632039546966553,-5.712652206420898,4.821995735168457,1.815504550933838,-2.7257869243621826,-0.6479569673538208,-21.29367446899414,14.36016845703125,-25.9769229888916,36.52992661471705,312859064,1720697287
4.0,0,-2.39902663230896,-5.418160915374756,4.036685943603516,1.8815521001815796,-2.677849292755127,-0.6061447262763977,-21.29367446899414,14.36016845703125,-25.9769229888916,36.52992661471705,324859064,1720697287
4.0,0,0.9983972907066345,-2.6911237239837646,6.19868278503418,1.8980637788772583,-2.6842410564422607,-0.540363609790802,-26.35528564453125,10.682564735412598,-29.181869506835938,40.7467762975811,337859064,1720697287
4.0,0,0.028730858117341995,-2.837172269821167,4.151608943939209,1.943604588508606,-2.6341729164123535,-0.4910943806171417,-26.529823303222656,10.507440567016602,-29.687911987304688,41.17778466522393,349859064,1720697287
4.0,0,4.491590976715088,-3.4668569564819336,6.811607837677002,2.0085866451263428,-2.611269474029541,-0.4103993773460388,-29.671512603759766,8.756199836730957,-30.02527618408203,43.11133152323465,362859064,1720697287
4.0,0,3.8595120906829834,-4.8650922775268555,7.316792011260986,2.0296261310577393,-2.6102042198181152,-0.3496783673763275,-28.624282836914062,8.055704116821289,-28.675825119018555,41.310372583673946,374859064,1720697287
4.0,0,-2.221853017807007,0.7733389735221863,6.380645275115967,2.1057934761047363,-2.499680995941162,-0.2708476185798645,-33.16228103637695,8.055704116821289,-31.71208953857422,46.58634859329465,387859064,1720697287
4.0,0,3.4237606525421143,-2.0015830993652344,8.379834175109863,2.1707756519317627,-2.547086238861084,-0.25806424021720886,-33.16228103637695,5.603968143463135,-31.374725341796875,45.99472505366009,399859064,1720697287
4.0,0,-0.5195496678352356,-4.12766695022583,6.366279125213623,2.1545302867889404,-2.398479461669922,-0.17976611852645874,-34.733123779296875,4.728348255157471,-32.21813201904297,47.61045258644881,412859064,1720697287
4.0,0,6.016720771789551,-6.823578834533691,8.621651649475098,2.1771674156188965,-2.4386937618255615,-0.12170831859111786,-36.129432678222656,5.779092311859131,-32.21813201904297,48.75183939499816,424859064,1720697287
4.0,0,-2.6911237239837646,-3.5219244956970215,5.21225643157959,2.225105047225952,-2.3271055221557617,-0.06098731979727745,-36.129432678222656,2.6268601417541504,-31.206045150756836,47.81269239235157,437859064,1720697287
4.0,0,-4.0079545974731445,-0.7829159498214722,5.846729755401611,2.309528350830078,-2.2751731872558594,-0.0034621621016412973,-36.129432678222656,2.6268601417541504,-31.206045150756836,47.81269239235157,449859064,1720697287
4.0,0,-3.203490734100342,-4.249773025512695,6.943290710449219,2.3276381492614746,-2.269580602645874,0.035420581698417664,-38.74750518798828,0.3502480089664459,-32.38681411743164,50.50146097528302,462859064,1720697287
4.0,0,0.7805216908454895,-8.284064292907715,6.96244478225708,2.2890217304229736,-2.2794344425201416,0.018109772354364395,-41.54011917114258,-0.7004960179328918,-32.724178314208984,52.88614224694417,474859064,1720697287
4.0,0,-5.214650630950928,-0.07422138750553131,5.906585693359375,2.425910472869873,-2.192880153656006,0.13582327961921692,-41.88919448852539,-1.4009920358657837,-32.38681411743164,52.967661098628234,487859064,1720697287
4.0,0,-1.6879379749298096,-0.5099727511405945,5.303237438201904,2.4892947673797607,-2.1529324054718018,0.1832282841205597,-44.68180847167969,-4.202976226806641,-32.0494499206543,55.147948807544026,499859064,1720697287
4.0,0,0.4620879888534546,-8.030275344848633,7.388619422912598,2.490626335144043,-2.116712808609009,0.1976095587015152,-45.20542526245117,-6.129340171813965,-31.206045150756836,55.27129940621936,512859064,1720697287
4.0,0,5.001564025878906,-2.8802685737609863,8.703056335449219,2.5247154235839844,-2.172639846801758,0.22717110812664032,-45.20542526245117,-6.129340171813965,-31.206045150756836,55.27129940621936,524859064,1720697287
4.0,0,-3.378270149230957,-2.5115559101104736,7.156378269195557,2.5790445804595947,-2.0242996215820312,0.27723929286003113,-46.776268005371094,-6.304464340209961,-30.362638473510742,56.12179019062379,537859064,1720697287
4.0,0,0.8044640421867371,-0.7446081042289734,8.492362976074219,2.6554784774780273,-2.0362839698791504,0.28869104385375977,-47.64896011352539,-8.931324005126953,-30.19395637512207,57.11275645569618,549859064,1720697287
4.0,0,4.446100234985352,-6.320788860321045,7.678321838378906,2.646423578262329,-1.9814220666885376,0.3475477993488312,-49.7434196472168,-11.383060455322266,-29.181869506835938,58.78404010820145,562859064,1720697287
4.0,0,7.831552982330322,-5.600122928619385,9.430904388427734,2.7281837463378906,-2.0024611949920654,0.3464825451374054,-50.616111755371094,-12.959176063537598,-29.013187408447266,59.76366837030392,574859064,1720697287
4.0,0,-0.5051842927932739,-1.290494441986084,6.124461650848389,2.76094126701355,-1.8783560991287231,0.4034750461578369,-50.7906494140625,-12.433804512023926,-31.206045150756836,60.89422646274857,587859064,1720697287
4.0,0,-1.716668725013733,4.386244297027588,6.864280700683594,2.870398759841919,-1.814439296722412,0.41386154294013977,-52.7105712890625,-15.060664176940918,-26.989011764526367,61.10347524564928,599859064,1720697287
4.0,0,-1.716668725013733,4.386244297027588,6.864280700683594,2.8874430656433105,-1.7489244937896729,0.44448837637901306,-54.106876373291016,-17.162153244018555,-26.314287185668945,62.566247169984834,612859064,1720697287
4.0,0,-0.5913768410682678,0.49321308732032776,5.379853248596191,2.8874430656433105,-1.7489244937896729,0.44448837637901306,-54.97956848144531,-18.03777313232422,-26.820329666137695,63.776518354167294,624859064,1720697287
4.0,0,-0.5913768410682678,0.49321308732032776,5.379853248596191,2.9313862323760986,-1.691665768623352,0.486566960811615,-56.375877380371094,-20.4895076751709,-26.482967376708984,65.56986378095776,637859064,1720697287
4.0,0,-2.341564893722534,3.1580002307891846,4.960861682891846,3.017673969268799,-1.5925945043563843,0.5054756999015808,-55.6777229309082,-20.4895076751709,-25.133516311645508,64.43230864814343,649859064,1720697287
4.0,0,0.16280819475650787,6.574578285217285,5.097332954406738,3.072535753250122,-1.5129648447036743,0.5299771428108215,-57.5976448059082,-22.41587257385254,-22.60329818725586,65.80933915012946,662859064,1720697287
4.0,0,4.99916934967041,1.0007915496826172,7.074974060058594,3.041110038757324,-1.5704900026321411,0.514530599117279,-58.644874572753906,-23.816864013671875,-23.952747344970703,67.67716328623546,675859064,1720697287
4.0,0,4.175551414489746,2.6408448219299316,6.675136089324951,3.072003126144409,-1.4969857931137085,0.5523480176925659,-58.12125778198242,-25.04273223876953,-20.41044044494629,66.49665497826983,687859064,1720697287
4.0,0,2.9999806880950928,4.051051139831543,5.497171401977539,3.1404473781585693,-1.4168232679367065,0.5614029169082642,-60.21571731567383,-25.743228912353516,-21.759891510009766,69.00825548586467,700859064,1720697287
4.0,0,2.9257590770721436,6.055028438568115,5.116487503051758,3.178264856338501,-1.348379135131836,0.5574080944061279,-60.564796447753906,-27.844717025756836,-18.7236270904541,69.2386961635235,712859064,1720697287
4.0,0,7.522696495056152,3.3136258125305176,7.915351867675781,3.155095100402832,-1.3630266189575195,0.5909644365310669,-60.564796447753906,-27.844717025756836,-18.7236270904541,69.2386961635235,725859064,1720697287
4.0,0,6.316000461578369,3.4500973224639893,7.582552433013916,3.187053680419922,-1.3073657751083374,0.5970898270606995,-63.706485748291016,-29.595956802368164,-16.362089157104492,72.1259658308288,737859064,1720697287
4.0,0,6.545847415924072,5.501959800720215,6.50514554977417,3.2254035472869873,-1.2311981916427612,0.6159985661506653,-61.786563873291016,-31.172073364257812,-15.85604476928711,70.99782946555887,750859064,1720697287
4.0,0,7.616071701049805,5.782085418701172,7.510725498199463,3.2562968730926514,-1.196576476097107,0.5962908864021301,-63.008331298828125,-32.74818801879883,-15.350000381469727,72.65064447951308,762859064,1720697287
4.0,0,10.21381950378418,4.788476467132568,7.266513347625732,3.240583896636963,-1.1688792705535889,0.6050794720649719,-65.62640380859375,-31.872568130493164,-15.181319236755371,74.51951375210264,775859064,1720697287
4.0,0,9.210634231567383,4.321599960327148,8.844316482543945,3.297576427459717,-1.1007012128829956,0.5970898270606995,-65.45186614990234,-32.39794158935547,-12.313736915588379,74.0621463269756,787859064,1720697287
4.0,0,5.300843238830566,8.916143417358398,6.059816837310791,3.176400661468506,-0.9909773468971252,0.5728546380996704,-65.45186614990234,-32.39794158935547,-12.313736915588379,74.0621463269756,800859064,1720697287
4.0,0,16.611225128173828,31.465078353881836,20.602418899536133,2.552945137023926,-0.7733937501907349,0.3275738060474396,-67.37178802490234,-35.37504959106445,-8.434065818786621,76.5603384362835,812859064,1720697287
4.0,0,4.795659065246582,25.034154891967773,1.7837074995040894,1.3947187662124634,-0.43569982051849365,0.2663201689720154,-66.1500244140625,-35.900421142578125,-7.253296852111816,75.61267276998208,825859064,1720697287
4.0,0,7.462840557098389,37.335750579833984,15.483538627624512,0.9909773468971252,-0.30174073576927185,0.1526014655828476,-65.45186614990234,-35.19992446899414,-8.265384674072266,74.77498277457516,837859064,1720697287
4.0,0,7.640014171600342,10.108473777770996,1.807649850845337,0.211458221077919,0.03701850399374962,0.030626820400357246,-65.27732849121094,-36.4257926940918,-6.747252941131592,75.05660137918596,850859064,1720697287
4.0,0,1.9489099979400635,24.909656524658203,11.082929611206055,-0.38003888726234436,0.3107956349849701,-0.10333222150802612,-65.27732849121094,-36.4257926940918,-6.747252941131592,75.05660137918596,862859064,1720697287
4.0,0,-1.5658318996429443,5.540267467498779,1.996794581413269,-0.6338419914245605,0.2559337019920349,-0.16591747105121613,-66.49909973144531,-38.35215759277344,-7.253296852111816,77.10790213939487,875859064,1720697287
4.0,0,1.9896119832992554,2.5139501094818115,10.649571418762207,-0.5544785857200623,0.15153618156909943,-0.08575509488582611,-66.67363739013672,-36.07554626464844,-7.084615707397461,76.13810308147774,887859064,1720697287
4.0,0,3.426154851913452,-10.1276273727417,4.23540735244751,-0.41759002208709717,0.23303015530109406,-0.14541080594062805,-67.54632568359375,-34.499427795410156,-7.253296852111816,76.19269615120396,900859064,1720697287
4.0,0,-13.797994613647461,-2.911393642425537,5.329574108123779,-0.09001621603965759,0.4466189444065094,-0.5837738513946533,-66.1500244140625,-35.550174713134766,-8.602747917175293,75.5886758968692,912859064,1720697287
4.0,0,-39.22719955444336,31.218473434448242,5.025506019592285,0.537966787815094,1.1747382879257202,-1.1981743574142456,-66.67363739013672,-34.32430648803711,-8.771429061889648,75.50145632041746,925859064,1720697287
4.0,0,3.746983051300049,-4.898611545562744,9.689481735229492,0.04607338830828667,0.4804415702819824,-1.6828771829605103,-64.75371551513672,-36.60091781616211,-8.265384674072266,74.83974506778533,937859064,1720697287
4.0,0,-26.461122512817383,17.391746520996094,1.561043381690979,0.6186617612838745,1.1121530532836914,-2.3952834606170654,-65.80094146728516,-38.7024040222168,-9.277472496032715,76.90065975656277,950859064,1720697287
4.0,0,9.29682731628418,-2.9975860118865967,5.164371967315674,0.6002857089042664,1.0618184804916382,-2.584104537963867,-63.18286895751953,-39.22777557373047,-8.09670352935791,74.80942396655897,962859064,1720697287
4.0,0,0.2537892460823059,21.155488967895508,6.332759857177734,0.7954983115196228,1.2394540309906006,-2.5819740295410156,-63.008331298828125,-38.7024040222168,-9.952198028564453,74.61214469348505,975859064,1720697287
4.0,0,10.553802490234375,11.837113380432129,3.7038865089416504,0.6578108668327332,1.3830006122589111,-2.658141613006592,-60.21571731567383,-39.75314712524414,-7.928022384643555,72.58855872059905,987859064,1720697287
4.0,0,16.010271072387695,7.900986194610596,6.80203104019165,0.5062746405601501,1.4208180904388428,-2.6621365547180176,-60.21571731567383,-39.75314712524414,-7.928022384643555,72.58855872059905,859064,1720697288
4.0,0,9.306404113769531,6.189105987548828,9.112470626831055,0.5217211842536926,1.2383887767791748,-2.547618865966797,-57.4231071472168,-41.504390716552734,-8.940110206604004,71.4139569951087,12859064,1720697288
4.0,0,-6.734992027282715,2.5115559101104736,4.980015754699707,0.4855016767978668,1.3497107028961182,-2.5212528705596924,-53.7578010559082,-43.781002044677734,-8.09670352935791,69.80138911543952,25859064,1720697288
4.0,0,-3.30165433883667,6.6416168212890625,4.185128211975098,0.5640661120414734,1.2335950136184692,-2.5063393115997314,-51.6633415222168,-45.53224182128906,-8.09670352935791,69.33860764794655,37859064,1720697288
4.0,0,-0.016759667545557022,0.2825201153755188,5.8682780265808105,0.6301134824752808,1.1515684127807617,-2.5135297775268555,-54.28141403198242,-45.707366943359375,-7.928022384643555,71.40370327327435,50859064,1720697288
4.0,0,7.177926063537598,6.323183059692383,8.286458015441895,0.6162648797035217,1.0394476652145386,-2.4743807315826416,-51.8378791809082,-46.057613372802734,-10.289560317993164,70.10238597302258,62859064,1720697288
4.0,0,-1.6448416709899902,7.345522880554199,4.381455898284912,0.7078790068626404,1.1390514373779297,-2.499680995941162,-51.8378791809082,-46.057613372802734,-10.289560317993164,70.10238597302258,75859064,1720697288
4.0,0,-2.3798727989196777,9.665539741516113,3.737405776977539,0.6913671493530273,1.211490511894226,-2.5116655826568604,-46.9508056640625,-47.10835647583008,-8.265384674072266,67.02157851146774,87859064,1720697288
4.0,0,9.433298110961914,3.993589162826538,8.695873260498047,0.655680239200592,1.0591553449630737,-2.5361669063568115,-47.29988479614258,-47.4586067199707,-9.614835739135742,67.69079346425015,100859064,1720697288
4.0,0,-3.45967435836792,6.91934871673584,6.3782501220703125,0.6508864760398865,1.1449103355407715,-2.558271646499634,-46.252655029296875,-47.10835647583008,-7.928022384643555,66.49329955750754,112859064,1720697288
4.0,0,-1.3431676626205444,10.7166109085083,4.589754581451416,0.7315815091133118,1.1228058338165283,-2.538297414779663,-43.46004104614258,-47.80885314941406,-8.602747917175293,65.18027983156486,125859064,1720697288
4.0,0,2.5450751781463623,2.3559303283691406,6.265721797943115,0.7230592966079712,1.0722050666809082,-2.573984384536743,-41.54011917114258,-48.68447494506836,-8.09670352935791,64.50826466021259,137859064,1720697288
4.0,0,-1.300071358680725,10.489157676696777,5.585757732391357,0.8301199674606323,1.0817925930023193,-2.5121982097625732,-39.96927261352539,-50.610836029052734,-7.253296852111816,64.89691666049188,150859064,1720697288
4.0,0,-3.6224822998046875,6.02869176864624,4.8866400718688965,0.8138744831085205,1.1457092761993408,-2.5300416946411133,-39.271121978759766,-50.610836029052734,-6.578571796417236,64.3968582456544,162859064,1720697288
4.0,0,1.185148000717163,12.39497184753418,8.98078727722168,0.8301199674606323,1.0895158052444458,-2.573984384536743,-38.04935073852539,-50.43571472167969,-7.421977996826172,63.612893099554526,175859064,1720697288
4.0,0,2.3846611976623535,7.376648426055908,4.613697052001953,0.8618121147155762,1.057823657989502,-2.5276448726654053,-34.03497314453125,-50.96108627319336,-6.915934085845947,61.67042934318348,187859064,1720697288
4.0,0,-7.199474334716797,6.102912902832031,4.388638496398926,0.7912371754646301,1.1507694721221924,-2.6008827686309814,-34.03497314453125,-50.96108627319336,-6.915934085845947,61.67042934318348,200859064,1720697288
4.0,0,3.7541656494140625,3.639242172241211,6.921742916107178,0.8711333274841309,1.0820589065551758,-2.504474639892578,-31.94051170349121,-51.31133270263672,-6.915934085845947,60.83485264123931,212859064,1720697288
4.0,0,-4.486802577972412,9.816376686096191,3.3591160774230957,0.9118802547454834,1.109223484992981,-2.5960891246795654,-30.71874237060547,-53.23769760131836,-7.084615707397461,61.87152300083257,225859064,1720697288
4.0,0,-2.4421229362487793,9.251337051391602,6.1555867195129395,0.9441049695014954,1.065546989440918,-2.478908061981201,-27.402515411376953,-51.661582946777344,-6.578571796417236,58.84806377713819,238859064,1720697288
4.0,0,-3.9265506267547607,4.740592002868652,2.248189687728882,0.921734094619751,1.1768687963485718,-2.5657284259796143,-24.260826110839844,-52.71232604980469,-4.891758441925049,58.23320617839508,250859064,1720697288
4.0,0,-0.03830781206488609,11.497132301330566,6.7469635009765625,0.9611494541168213,1.1249364614486694,-2.553744077682495,-23.9117488861084,-53.06257247924805,-5.903846263885498,58.50011738121004,263859064,1720697288
4.0,0,-2.6695754528045654,7.151589870452881,4.458071708679199,1.0072228908538818,1.0775314569473267,-2.4879631996154785,-23.9117488861084,-53.06257247924805,-5.903846263885498,58.50011738121004,275859064,1720697288
4.0,0,-8.102102279663086,9.165143966674805,3.9648585319519043,0.9787266254425049,1.1497042179107666,-2.5468199253082275,-21.642751693725586,-50.08546447753906,-3.036263942718506,54.64596372594175,288859064,1720697288
4.0,0,-6.873857498168945,5.935316562652588,4.063022136688232,1.0234684944152832,1.1995060443878174,-2.4714512825012207,-19.37375259399414,-50.610836029052734,-3.5423078536987305,54.307890384946205,300859064,1720697288
4.0,0,-1.2186672687530518,8.214631080627441,4.5538411140441895,1.0378496646881104,1.1291974782943726,-2.524981737136841,-17.104755401611328,-50.43571472167969,-3.710988998413086,53.38637856403028,313859064,1720697288
4.0,0,-3.529107093811035,8.032669067382812,4.496379375457764,1.1084245443344116,1.1558294296264648,-2.425910472869873,-16.755678176879883,-49.38496780395508,-2.0241758823394775,52.18931963694769,325859064,1720697288
4.0,0,-9.725396156311035,7.83394718170166,2.990403413772583,1.0951085090637207,1.286060094833374,-2.5140624046325684,-17.45383071899414,-51.136207580566406,-1.686813235282898,54.05916454571608,338859064,1720697288
4.0,0,3.557838201522827,6.8475213050842285,6.682318687438965,1.1289311647415161,1.1534326076507568,-2.4064691066741943,-11.51952838897705,-49.7352180480957,-1.3494505882263184,51.06968244943508,350859064,1720697288
4.0,0,-2.935336112976074,3.253769874572754,2.731825828552246,1.101500153541565,1.1896522045135498,-2.4453518390655518,-10.64683723449707,-48.15909957885742,1.1807692050933838,49.336074339775706,363859064,1720697288
4.0,0,-8.887412071228027,8.559401512145996,3.9337332248687744,1.1574275493621826,1.2692818641662598,-2.4352316856384277,-9.425068855285645,-49.38496780395508,1.0120879411697388,50.2864921218931,375859064,1720697288
4.0,0,-9.270490646362305,7.113282203674316,1.5083701610565186,1.1904511451721191,1.2812663316726685,-2.362259864807129,-10.123222351074219,-47.28348159790039,2.6989011764526367,48.43027287088656,388859064,1720697288
4.0,0,-2.7414026260375977,6.447683334350586,5.176342964172363,1.1699445247650146,1.2058976888656616,-2.3809022903442383,-7.85422420501709,-46.407859802246094,4.55439567565918,47.28763907468915,400859064,1720697288
4.0,0,-9.11486530303955,4.59693717956543,0.4261744022369385,1.2074955701828003,1.3699510097503662,-2.365189552307129,-6.806994438171387,-46.75811004638672,4.2170329093933105,47.438796305874085,413859064,1720697288
4.0,0,-4.508350372314453,8.674324989318848,3.2920775413513184,1.1979080438613892,1.3182848691940308,-2.393951892852783,-6.632455825805664,-46.582984924316406,4.048351764678955,47.22661439009716,425859064,1720697288
4.0,0,-5.533084392547607,5.937710762023926,3.3375680446624756,1.2849948406219482,1.3345303535461426,-2.259992837905884,-4.887072563171387,-44.83174514770508,6.072527885437012,45.50433436658414,438859064,1720697288
4.0,0,-10.300012588500977,2.044679641723633,0.1412600576877594,1.2178821563720703,1.3904575109481812,-2.295680046081543,-1.0472298860549927,-43.43075180053711,7.084615707397461,44.0172542546171,450859064,1720697288
4.0,0,-9.557799339294434,8.987970352172852,3.914579391479492,1.2929843664169312,1.4008442163467407,-2.2288334369659424,-2.0944597721099854,-44.131248474121094,7.084615707397461,44.7453420295689,463859064,1720697288
4.0,0,-2.2050933837890625,7.070185661315918,2.0470738410949707,1.2857937812805176,1.3574339151382446,-2.218979597091675,-2.0944597721099854,-44.131248474121094,7.084615707397461,44.7453420295689,475859064,1720697288
4.0,0,-16.922475814819336,3.689521312713623,1.3838696479797363,1.2884570360183716,1.48127281665802,-2.241616725921631,-0.5236149430274963,-42.90538024902344,9.614835739135742,43.97261526464413,488859064,1720697288
4.0,0,-8.731786727905273,3.0789904594421387,0.2442122995853424,1.3009740114212036,1.5281450748443604,-2.1617207527160645,2.0944597721099854,-42.029762268066406,9.783516883850098,43.20422294942643,500859064,1720697288
4.0,0,0.636867344379425,3.8762714862823486,4.017531871795654,1.2583627700805664,1.4090999364852905,-2.178765296936035,3.1416897773742676,-40.62876892089844,10.120879173278809,41.9880849042336,513859064,1720697288
4.0,0,-12.488347053527832,5.571392059326172,0.9696664214134216,1.3385251760482788,1.5313409566879272,-2.1193759441375732,3.1416897773742676,-40.62876892089844,12.819780349731445,42.719010368925694,525859064,1720697288
4.0,0,-6.34712553024292,4.455677509307861,0.5817998647689819,1.3039034605026245,1.5209544897079468,-2.1289634704589844,3.8398427963256836,-37.826786041259766,12.819780349731445,40.12426825659378,538859064,1720697288
4.0,0,-9.026278495788574,3.665578603744507,0.8667142391204834,1.3244102001190186,1.5632994174957275,-2.0370829105377197,3.8398427963256836,-37.826786041259766,12.819780349731445,40.12426825659378,550859064,1720697288
4.0,0,-4.85072660446167,4.405398368835449,0.21069295704364777,1.311893105506897,1.550516128540039,-1.9939390420913696,5.4106879234313965,-34.499427795410156,16.02472496032715,38.42236161494524,563859064,1720697288
4.0,0,-11.25052547454834,7.6998701095581055,0.28730857372283936,1.3409221172332764,1.6786160469055176,-2.0168426036834717,5.934302806854248,-33.623809814453125,17.205495834350586,38.23356670712017,575859064,1720697288
4.0,0,-10.431695938110352,2.7773163318634033,-0.8236179351806641,1.3276060819625854,1.7196292877197266,-1.9878138303756714,5.759764194488525,-33.44868469238281,17.374176025390625,38.12940313967444,588859064,1720697288
4.0,0,-12.600874900817871,0.38068386912345886,-0.30406826734542847,1.2807337045669556,1.7105745077133179,-1.9483983516693115,4.712534427642822,-32.047691345214844,17.711538314819336,36.918302923715096,600859064,1720697288
4.0,0,-4.589754581451416,4.611302852630615,0.308856725692749,1.319616436958313,1.6583757400512695,-1.838674545288086,5.585226058959961,-32.57306671142578,18.55494499206543,37.900994825667226,613859064,1720697288
4.0,0,-8.410959243774414,4.910582542419434,-0.09576953202486038,1.3137574195861816,1.7278852462768555,-1.8961995840072632,7.156070709228516,-28.545211791992188,22.097253799438477,36.80118326524252,625859064,1720697288
4.0,0,-12.043018341064453,4.369484901428223,-0.6991175413131714,1.319616436958313,1.812575101852417,-1.80937922000885,6.981532573699951,-28.370088577270508,21.253847122192383,36.12934735714629,638859064,1720697288
4.0,0,-13.084511756896973,0.6201077103614807,-2.293680191040039,1.2879244089126587,1.851191520690918,-1.84879469871521,7.330609321594238,-27.669591903686523,21.591209411621094,35.85421137047745,650859064,1720697288
4.0,0,-8.715027809143066,1.5897741317749023,-1.2019076347351074,1.2506394386291504,1.8658391237258911,-1.73347806930542,7.505147457122803,-27.844717025756836,23.10934066772461,36.955339677705304,663859064,1720697288
4.0,0,-3.5482609272003174,5.810816287994385,-0.23942382633686066,1.2780704498291016,1.835744857788086,-1.7004543542861938,7.505147457122803,-27.844717025756836,23.10934066772461,36.955339677705304,675859064,1720697288
4.0,0,-15.36622142791748,3.8810603618621826,-3.253769874572754,1.2668850421905518,1.950795292854309,-1.6799477338790894,5.585226058959961,-25.568103790283203,24.96483612060547,36.16857370824936,688859064,1720697288
4.0,0,-5.073390483856201,1.5035816431045532,-2.2290358543395996,1.252237319946289,1.9055207967758179,-1.6381354331970215,6.632455825805664,-25.217857360839844,26.651649475097656,37.28592522516239,701859064,1720697288
4.0,0,-11.94006633758545,-0.9696664214134216,-2.784498929977417,1.22161066532135,1.9249622821807861,-1.63307523727417,6.981532573699951,-22.065624237060547,24.96483612060547,34.04227684185467,713859064,1720697288
4.0,0,-7.503542900085449,6.227414131164551,-1.300071358680725,1.2112241983413696,1.9444036483764648,-1.5190902948379517,5.934302806854248,-21.014881134033203,28.338462829589844,35.77582499992178,726859064,1720697288
4.0,0,-16.120405197143555,1.0750129222869873,-3.404606819152832,1.1997723579406738,2.1169791221618652,-1.583806037902832,3.316227912902832,-21.540252685546875,27.15769386291504,34.82126059290988,738859064,1720697288
4.0,0,-6.2824811935424805,0.12689462304115295,-2.427757740020752,1.1406493186950684,2.063448667526245,-1.4351993799209595,3.316227912902832,-21.540252685546875,27.15769386291504,34.82126059290988,751859064,1720697288
4.0,0,-8.231390953063965,1.1755709648132324,-2.6767585277557373,1.1374534368515015,2.0173752307891846,-1.429872989654541,3.4907662868499756,-18.913393020629883,30.02527618408203,35.6569641830684,763859064,1720697288
4.0,0,-25.259214401245117,0.8212237358093262,0.5051842927932739,1.0594216585159302,2.0203049182891846,-1.2679502964019775,3.665304660797119,-18.388019561767578,30.53131866455078,35.828970694910495,776610414,1720697288
4.0,0,-27.969491958618164,16.613618850708008,21.897703170776367,0.9105486869812012,0.9795255661010742,-0.56060391664505,3.316227912902832,-16.987028121948242,31.543407440185547,35.97975882247864,788610414,1720697288
4.0,0,-39.22719955444336,1.6161108016967773,16.357437133789062,0.3190515637397766,1.0253326892852783,-0.719064474105835,2.967151403427124,-15.235788345336914,32.55549621582031,36.06651588125826,801610414,1720697288
4.0,0,3.5769920349121094,12.450037956237793,13.697437286376953,0.12596943974494934,-0.03275737911462784,-0.19681060314178467,4.014381408691406,-15.586036682128906,32.21813201904297,36.0145502310885,813610414,1720697288
4.0,0,-16.869802474975586,-4.7860822677612305,0.8308007121086121,-0.09188045561313629,0.0537966750562191,-0.22850270569324493,1.9199213981628418,-16.987028121948242,31.880769729614258,36.17497340902509,826610414,1720697288
4.0,0,1.3527445793151855,2.652815818786621,-4.635245323181152,-0.08229293674230576,-0.19654428958892822,0.13289377093315125,2.4435362815856934,-16.111408233642578,32.38681411743164,36.25540061159966,838610414,1720697288
4.0,0,-11.171515464782715,-2.2817089557647705,-10.197060585021973,-0.04447546973824501,-0.17603762447834015,0.12490416318178177,1.9199213981628418,-16.987028121948242,31.206045150756836,35.58177168919583,851610414,1720697288
4.0,0,-9.399779319763184,0.5434920787811279,-5.545055866241455,0.12090936303138733,-0.1451444923877716,0.15180249512195587,3.1416897773742676,-17.162153244018555,31.374725341796875,35.89962547021383,863610414,1720697288
4.0,0,-8.111679077148438,-1.0247340202331543,-1.2114845514297485,0.08522245287895203,-0.1238388791680336,0.11105551570653915,2.4435362815856934,-16.111408233642578,32.724178314208984,36.557081272588725,876610414,1720697288
4.0,0,-9.052614212036133,1.261763572692871,1.3910523653030396,0.05992203950881958,-0.05060083419084549,0.0876193419098854,2.4435362815856934,-16.111408233642578,32.724178314208984,36.557081272588725,888610414,1720697288
4.0,0,-7.7788801193237305,-1.795678734779358,-4.07499361038208,-0.0018642412032932043,-0.017310811206698418,0.05486195534467697,3.4907662868499756,-16.46165657043457,31.374725341796875,35.60259789096199,901610414,1720697288
4.0,0,-9.660751342773438,0.5889825820922852,-4.146820545196533,0.0556609146296978,0.0013316008262336254,0.032491061836481094,3.316227912902832,-14.535292625427246,31.880769729614258,35.19453903419967,913610414,1720697288
4.0,0,-8.616863250732422,-0.44772255420684814,-4.910582542419434,0.07297173142433167,-0.006391684524714947,-0.016778171062469482,1.9199213981628418,-18.03777313232422,32.21813201904297,36.97371212827842,926610414,1720697288
4.0,0,-9.272884368896484,0.023942383006215096,-1.9489099979400635,0.10093534737825394,-0.002130561275407672,-0.00878856610506773,4.537996292114258,-15.761160850524902,32.38681411743164,36.30307604570763,938610414,1720697288
4.0,0,-9.122047424316406,0.24900077283382416,-0.5195496678352356,0.0788307711482048,0.00719064474105835,-0.002929521957412362,4.537996292114258,-15.761160850524902,32.38681411743164,36.30307604570763,951610414,1720697288
4.0,0,-9.849896430969238,0.04070204868912697,-1.3216195106506348,0.05060083419084549,0.017044490203261375,0.000532640318851918,2.0944597721099854,-15.761160850524902,32.724178314208984,36.38231437708782,963610414,1720697288
4.0,0,-8.6839017868042,-0.02154814451932907,-3.375875949859619,0.036752182990312576,0.019175052642822266,-0.010386486537754536,2.0944597721099854,-15.41091251373291,32.38681411743164,35.927548133987464,976610414,1720697288
4.0,0,-9.749338150024414,-0.18196210265159607,-4.1396379470825195,0.0700422003865242,0.0098538463935256,-0.007723285350948572,2.7926130294799805,-15.761160850524902,32.724178314208984,36.429174094792295,988610414,1720697288
4.0,0,-8.638411521911621,-0.5291266441345215,-3.509953260421753,0.06844428181648254,0.001065280637703836,-0.012250727973878384,1.9199213981628418,-16.987028121948242,32.89285659790039,37.070004555718945,1610414,1720697289
4.0,0,-9.85707950592041,-0.23942382633686066,-1.4916104078292847,0.08682037144899368,0.005326403304934502,-0.00719064474105835,2.0944597721099854,-16.46165657043457,32.0494499206543,36.09072095423485,13610414,1720697289
4.0,0,-8.34152603149414,0.24660654366016388,-1.4054179191589355,0.043942827731370926,0.015712888911366463,0.06711268424987793,2.0944597721099854,-16.46165657043457,32.0494499206543,36.09072095423485,26610414,1720697289
4.0,0,-8.55461311340332,0.7086945176124573,-2.32480525970459,0.03302370011806488,0.007723285350948572,0.03222474083304405,2.268998146057129,-15.586036682128906,32.55549621582031,36.16535947425062,38610414,1720697289
4.0,0,-9.088528633117676,0.20111601054668427,-3.6440305709838867,0.061519961804151535,0.010919126681983471,-0.009054886177182198,2.268998146057129,-15.235788345336914,32.89285659790039,36.321035423852585,51610414,1720697289
4.0,0,-8.942479133605957,-0.5937711000442505,-3.5722033977508545,0.06498212367296219,-0.005592723377048969,-0.03835010528564453,0.5236149430274963,-17.337276458740234,31.880769729614258,36.293784676829155,63610414,1720697289
4.0,0,-9.567376136779785,-0.011971191503107548,-2.1859395503997803,0.09480997920036316,0.011984407901763916,-0.03808378428220749,1.3963065147399902,-15.761160850524902,31.71208953857422,35.440379317126,76610414,1720697289
4.0,0,-9.493154525756836,-0.17238515615463257,-1.9249675273895264,0.07137380540370941,0.01384864840656519,-0.0287625789642334,1.2217681407928467,-16.987028121948242,31.880769729614258,36.14464442152399,88610414,1720697289
4.0,0,-9.423721313476562,0.13647158443927765,-2.9233648777008057,0.052997712045907974,0.01864241249859333,-0.0031958422623574734,1.9199213981628418,-17.337276458740234,31.206045150756836,35.75030779074477,101610414,1720697289
4.0,0,-9.028672218322754,0.9888203740119934,-2.7461910247802734,0.07909709215164185,0.013049688190221786,-0.021039292216300964,2.268998146057129,-16.28653335571289,32.21813201904297,36.17191662229195,113610414,1720697289
4.0,0,-8.806008338928223,-0.768550455570221,-2.9209704399108887,0.07563493400812149,0.00719064474105835,-0.010386486537754536,1.9199213981628418,-15.936284065246582,31.880769729614258,35.69362305140856,126610414,1720697289
4.0,0,-9.043037414550781,-0.011971191503107548,-2.298468589782715,0.06977588683366776,0.012783369049429893,-0.001065280637703836,1.9199213981628418,-15.936284065246582,32.21813201904297,35.99526744976119,138610414,1720697289
4.0,0,-9.57455825805664,1.2402154207229614,-1.2569750547409058,0.08948357403278351,0.012517048045992851,0.0013316008262336254,1.2217681407928467,-16.987028121948242,32.55549621582031,36.74115098447526,151610414,1720697289
4.0,0,-8.901777267456055,-1.5801972150802612,-3.8523292541503906,0.057258836925029755,0.023169854655861855,-0.007723285350948572,1.2217681407928467,-16.987028121948242,32.55549621582031,36.74115098447526,163610414,1720697289
4.0,0,-9.636809349060059,-0.6584155559539795,-3.6751556396484375,0.029295219108462334,-0.005060083232820034,-0.009054886177182198,2.0944597721099854,-15.761160850524902,32.724178314208984,36.38231437708782,176610414,1720697289
4.0,0,-9.495549201965332,2.5402867794036865,-1.5682260990142822,0.11291975528001785,0.02982785925269127,-0.0098538463935256,0.5236149430274963,-15.586036682128906,31.880769729614258,35.49059298769067,189610414,1720697289
4.0,0,-8.23617935180664,-1.6951206922531128,-3.6775498390197754,0.08735301345586777,0.015979209914803505,-0.006125363986939192,1.5708448886871338,-16.28653335571289,32.55549621582031,36.43595828668918,201610414,1720697289
4.0,0,-10.199454307556152,-0.2633661925792694,-1.9441214799880981,0.03701850399374962,0.0015979211311787367,-0.000532640318851918,2.618074655532837,-15.586036682128906,33.56758499145508,37.10204329302055,214610414,1720697289
4.0,0,-9.62723159790039,0.7924928665161133,-1.4868218898773193,0.058324117213487625,0.025566738098859787,0.0013316008262336254,2.618074655532837,-16.28653335571289,33.230220794677734,37.099232575778764,226610414,1720697289
4.0,0,-8.50193977355957,-0.4620879888534546,-3.01434588432312,0.08708669990301132,0.02050665207207203,-0.014647609554231167,2.618074655532837,-16.28653335571289,33.230220794677734,37.099232575778764,239610414,1720697289
4.0,0,-8.547430038452148,-2.0781986713409424,-4.283292293548584,0.0575251579284668,0.010652806609869003,-0.007456964813172817,1.7453831434249878,-15.060664176940918,32.0494499206543,35.454720531749665,251610414,1720697289
4.0,0,-9.888203620910645,0.9912146329879761,-1.4365429878234863,0.047937631607055664,0.0031958422623574734,0.001065280637703836,2.967151403427124,-16.28653335571289,32.89285659790039,36.823839715157995,264610414,1720697289
4.0,0,-9.059797286987305,1.2833117246627808,-1.5179469585418701,0.11371871083974838,0.03195841982960701,-0.0098538463935256,1.7453831434249878,-16.46165657043457,32.0494499206543,36.072146312311546,276610414,1720697289
4.0,0,-8.691084861755371,-2.4062094688415527,-3.9576759338378906,0.03835010528564453,-0.002396881580352783,-0.01145176775753498,3.1416897773742676,-16.46165657043457,32.38681411743164,36.4659029831603,289610414,1720697289
4.0,0,-9.852291107177734,0.636867344379425,-2.298468589782715,0.05033451318740845,0.013582328334450722,-0.002929521957412362,3.1416897773742676,-16.46165657043457,32.38681411743164,36.4659029831603,301610414,1720697289
4.0,0,-8.971210479736328,1.649630069732666,-2.1260836124420166,0.08096133172512054,0.016245530918240547,-0.006924324203282595,1.2217681407928467,-16.28653335571289,33.230220794677734,37.02690184446489,314610414,1720697289
4.0,0,-9.189085960388184,-0.6536269783973694,-3.667973041534424,0.08522245287895203,0.021039292216300964,-0.01145176775753498,1.7453831434249878,-16.811904907226562,32.724178314208984,36.83148592260603,326610414,1720697289
4.0,0,-9.373442649841309,-0.2920970618724823,-2.7653450965881348,0.04953555390238762,-0.0015979211311787367,-0.002929521957412362,1.3963065147399902,-16.811904907226562,33.398902893066406,37.41759656836892,339610414,1720697289
4.0,0,-9.694270133972168,2.3846611976623535,-0.7446081042289734,0.07456964999437332,0.02796361781656742,-0.006658004131168127,1.9199213981628418,-16.63677978515625,32.21813201904297,36.31083268931448,351610414,1720697289
4.0,0,-8.31279468536377,-0.9936088919639587,-3.3447508811950684,0.09081517904996872,0.0287625789642334,-0.0098538463935256,2.0944597721099854,-17.512399673461914,32.38681411743164,36.87786101087108,364610414,1720697289
4.0,0,-9.026278495788574,-0.9098105430603027,-3.452491521835327,0.03648586571216583,-0.004527443088591099,-0.009054886177182198,3.4907662868499756,-17.162153244018555,33.398902893066406,37.71222172852011,376610414,1720697289
4.0,0,-9.799616813659668,0.806858241558075,-1.6328704357147217,0.06737900525331497,0.023968815803527832,0.0037284824065864086,1.2217681407928467,-15.586036682128906,31.543407440185547,35.20516737332855,389610414,1720697289
4.0,0,-10.374234199523926,-1.0654360055923462,-2.885057210922241,0.09294573962688446,0.0143812894821167,-0.010386486537754536,2.268998146057129,-17.687524795532227,33.56758499145508,38.01025714380183,401610414,1720697289
4.0,0,-14.135581970214844,4.455677509307861,8.434901237487793,0.26498857140541077,-0.8173365592956543,-0.3352971076965332,2.618074655532837,-16.63677978515625,31.543407440185547,35.75784262870566,414610414,1720697289
4.0,0,-33.169776916503906,4.031897068023682,11.097294807434082,-0.06178628280758858,-0.8335821032524109,-0.7515555024147034,1.7453831434249878,-17.512399673461914,31.374725341796875,35.97365556784037,426610414,1720697289
4.0,0,-3.890637159347534,14.906527519226074,12.090903282165527,0.0663137212395668,-1.7904704809188843,-1.5675605535507202,1.7453831434249878,-17.512399673461914,31.374725341796875,35.97365556784037,439610414,1720697289
4.0,0,-31.556060791015625,-9.253730773925781,-0.1795678734779358,-0.28549522161483765,-1.7739585638046265,-1.5241503715515137,2.967151403427124,-15.586036682128906,31.206045150756836,35.00779600115668,451610414,1720697289
4.0,0,4.936919212341309,9.517096519470215,5.585757732391357,0.021039292216300964,-2.7465598583221436,-2.361194610595703,4.188919544219971,-14.009920120239258,30.02527618408203,33.396738143924125,464610414,1720697289
4.0,0,-34.52252197265625,-10.22818660736084,1.5562547445297241,-0.25992849469184875,-2.880518913269043,-2.166780948638916,7.156070709228516,-13.834795951843262,29.181869506835938,33.07857969953695,476610414,1720697289
4.0,0,3.1101152896881104,6.375855922698975,3.1556060314178467,-0.0719064474105835,-3.3527045249938965,-2.639232873916626,8.377839088439941,-14.009920120239258,28.001100540161133,32.41184476433714,489610414,1720697289
4.0,0,-10.12523365020752,-3.023922920227051,-5.341545104980469,-0.20693077147006989,-3.096770763397217,-2.2317631244659424,8.72691535949707,-11.20793628692627,27.326374053955078,30.797850678907672,501610414,1720697289
4.0,0,4.618485450744629,6.964838981628418,-4.757351398468018,0.025566738098859787,-3.213419198989868,-2.267183542251587,8.72691535949707,-11.20793628692627,27.326374053955078,30.797850678907672,514610414,1720697289
4.0,0,-2.4924020767211914,-3.0550482273101807,-6.50514554977417,-0.07909709215164185,-2.747358798980713,-1.87409508228302,11.170452117919922,-6.654712200164795,25.30219841003418,28.44759109953776,526610414,1720697289
4.0,0,-11.97597885131836,-1.663995623588562,-3.2944717407226562,0.09933742135763168,-2.9484305381774902,-1.979291558265686,11.868605613708496,-7.004960060119629,23.615385055541992,27.34263476659007,539610414,1720697289
4.0,0,-3.557838201522827,2.707883358001709,2.734220027923584,0.10546278208494186,-2.883448362350464,-1.658109426498413,12.392220497131348,-5.779092311859131,21.422527313232422,25.41436037528194,551610414,1720697289
4.0,0,-4.225830554962158,-1.4700623750686646,5.7413835525512695,0.0,-2.939375638961792,-1.8168362379074097,13.090373992919922,-5.078596115112305,20.41044044494629,24.77369792605955,564610414,1720697289
4.0,0,-17.750883102416992,-9.67990493774414,-0.41180896759033203,-0.11105551570653915,-2.7380378246307373,-1.7678333520889282,13.613988876342773,-3.1522321701049805,18.55494499206543,23.228500692855825,576610414,1720697289
4.0,0,-17.925661087036133,-5.133246898651123,-2.4397287368774414,-0.018908733502030373,-2.8142051696777344,-1.718031406402588,12.9158353805542,-2.1014881134033203,16.868131637573242,21.34874518117752,589610414,1720697289
4.0,0,-11.351082801818848,1.5969569683074951,-0.42138591408729553,0.11425135284662247,-2.9217984676361084,-1.6093727350234985,15.184833526611328,-1.9263640642166138,16.699451446533203,22.653073220954468,601610414,1720697289
4.0,0,-9.002335548400879,0.07182714343070984,0.36392420530319214,0.16352058947086334,-2.9574854373931885,-1.6008504629135132,15.70844841003418,-0.3502480089664459,15.518681526184082,22.08410064796883,614610414,1720697289
4.0,0,-2.0015830993652344,-0.22984686493873596,4.6328511238098145,0.18189668655395508,-3.01021671295166,-1.4983173608779907,14.661218643188477,2.1014881134033203,13.494505882263184,20.036698166129778,626610414,1720697289
4.0,0,-3.174759864807129,-5.226621627807617,3.7541656494140625,0.11718087643384933,-3.0437731742858887,-1.4999152421951294,14.661218643188477,2.1014881134033203,13.494505882263184,20.036698166129778,639610414,1720697289
4.0,0,-6.189105987548828,-5.365488052368164,2.2314300537109375,0.09161414206027985,-2.967339277267456,-1.4631630182266235,15.882987022399902,1.9263640642166138,11.976373672485352,19.985336664780736,651610414,1720697289
4.0,0,-10.833927154541016,3.581780433654785,1.4604852199554443,0.21092556416988373,-2.963078260421753,-1.4245465993881226,13.090373992919922,3.6776041984558105,8.602747917175293,16.09005704282859,664610414,1720697289
4.0,0,-11.147573471069336,2.810835838317871,1.4987930059432983,0.2902889847755432,-2.9734644889831543,-1.3952513933181763,12.9158353805542,5.253720283508301,6.072527885437012,15.208417909642419,676610414,1720697289
4.0,0,-9.833135604858398,-9.090922355651855,2.679152727127075,0.2745760977268219,-2.982253313064575,-1.3201490640640259,13.43945026397705,6.129340171813965,5.566483497619629,15.785226411711582,689610414,1720697289
4.0,0,-3.6320595741271973,-8.633623123168945,4.48919677734375,0.2945501208305359,-3.037914276123047,-1.2501068115234375,12.9158353805542,5.954216003417969,6.072527885437012,15.464381226300146,702610414,1720697289
4.0,0,-4.029502868652344,-4.805236339569092,4.551446914672852,0.3134588599205017,-3.051762819290161,-1.213887333869934,12.9158353805542,5.954216003417969,6.072527885437012,15.464381226300146,714610414,1720697289
4.0,0,-7.3622822761535645,-1.5801972150802612,3.890637159347534,0.36752182245254517,-3.0467028617858887,-1.1568949222564697,13.090373992919922,6.829836368560791,1.855494499206543,14.881109364977318,727610414,1720697289
4.0,0,-4.908188343048096,2.868297576904297,4.283292293548584,0.4439557194709778,-3.048567056655884,-1.1829942464828491,10.472298622131348,7.705456256866455,-1.686813235282898,13.110622923732574,739610414,1720697289
4.0,0,-12.083721160888672,-6.902588844299316,4.201888084411621,0.4823058247566223,-3.0120811462402344,-1.1094897985458374,12.741296768188477,10.332316398620605,-1.1807692050933838,16.446629484850423,752610414,1720697289
4.0,0,-8.154775619506836,-5.990383625030518,4.855515480041504,0.5574080944061279,-3.077862024307251,-1.0327895879745483,10.297760963439941,9.281572341918945,-3.5423078536987305,14.308718004377539,764610414,1720697289
4.0,0,-9.11725902557373,-8.724604606628418,4.7860822677612305,0.5411626100540161,-3.0669431686401367,-0.9899120926856995,10.9959135055542,10.332316398620605,-2.530219793319702,15.299310055860046,777610414,1720697289
4.0,0,-0.16520243883132935,-4.122878074645996,6.13403844833374,0.6285156011581421,-3.1108858585357666,-0.8785902261734009,8.203300476074219,9.631820678710938,-5.903846263885498,13.961429332099128,789610414,1720697289
4.0,0,0.4333571195602417,1.6807552576065063,6.296846389770508,0.7347773313522339,-3.137251615524292,-0.8735301494598389,8.377839088439941,10.507440567016602,-8.434065818786621,15.86593713894024,802610414,1720697289
4.0,0,0.4333571195602417,1.6807552576065063,6.296846389770508,0.7347773313522339,-3.137251615524292,-0.8735301494598389,6.632455825805664,11.908432006835938,-8.771429061889648,16.20920081097339,814610414,1720697289
4.0,0,-5.9185566902160645,-2.7725279331207275,6.122067451477051,0.8029553294181824,-3.0573554039001465,-0.8016237616539001,6.981532573699951,11.20793628692627,-9.783516883850098,16.4340145888341,827610414,1720697289
4.0,0,-8.461237907409668,-7.462840557098389,7.012723922729492,0.8005583882331848,-3.0227339267730713,-0.7851118445396423,5.061611175537109,12.083556175231934,-11.976373672485352,17.750091939911417,839610414,1720697289
4.0,0,-3.6751556396484375,-8.185900688171387,6.236990928649902,0.8229293823242188,-3.027261257171631,-0.7235919237136841,5.061611175537109,12.083556175231934,-11.976373672485352,17.750091939911417,852610414,1720697289
4.0,0,-3.1172983646392822,-4.960861682891846,5.731806755065918,0.9265278577804565,-3.0179402828216553,-0.6242544651031494,2.268998146057129,13.484548568725586,-14.000550270080566,19.570304304077208,864610414,1720697289
4.0,0,-2.57859468460083,-1.9824292659759521,7.118070602416992,1.0130819082260132,-3.0347182750701904,-0.5821758508682251,1.3963065147399902,13.30942440032959,-15.181319236755371,20.2376605248599,877610414,1720697289
4.0,0,-2.501979112625122,-2.425363302230835,6.567395210266113,1.0708733797073364,-2.9976999759674072,-0.5741863250732422,-1.9199213981628418,13.484548568725586,-18.38626480102539,22.881736857390614,889610414,1720697289
4.0,0,-3.5458667278289795,-4.510745048522949,6.940896511077881,1.1185446977615356,-3.001162052154541,-0.5472879409790039,-1.3963065147399902,14.009920120239258,-18.89230728149414,23.561553600664507,902610414,1720697289
4.0,0,-7.297637939453125,-8.049428939819336,8.786853790283203,1.1544978618621826,-2.9252607822418213,-0.49455657601356506,-1.3963065147399902,14.009920120239258,-18.89230728149414,23.561553600664507,914610414,1720697289
4.0,0,-6.727809429168701,-10.168330192565918,8.355891227722168,1.1827279329299927,-2.9140753746032715,-0.46179917454719543,-5.4106879234313965,13.834795951843262,-21.08516502380371,25.792659942606548,927610414,1720697289
4.0,0,-4.618485450744629,-4.666370391845703,7.17553186416626,1.321480631828308,-2.929255485534668,-0.3970833718776703,-5.585226058959961,15.060664176940918,-21.591209411621094,26.91093977245596,939610414,1720697289
4.0,0,-0.4333571195602417,0.14844277501106262,7.915351867675781,1.4043062925338745,-2.963078260421753,-0.3534068763256073,-8.377839088439941,11.558184623718262,-23.615385055541992,27.594677582991714,952610414,1720697289
4.0,0,2.3846611976623535,-2.2122762203216553,7.606494903564453,1.4796749353408813,-2.9260597229003906,-0.3158557415008545,-8.72691535949707,12.608928680419922,-25.30219841003418,29.586236302383547,964610414,1720697289
4.0,0,0.3016740083694458,-1.2713404893875122,7.402984619140625,1.5174922943115234,-2.873328447341919,-0.28176674246788025,-10.472298622131348,11.558184623718262,-25.63956069946289,30.010793776381412,977610414,1720697289
4.0,0,0.720665693283081,-3.663184404373169,7.783668518066406,1.5667616128921509,-2.8229939937591553,-0.2538031339645386,-10.472298622131348,11.558184623718262,-25.63956069946289,30.010793776381412,989610414,1720697289
4.0,0,-2.8778743743896484,-7.240176200866699,8.28885269165039,1.5955241918563843,-2.7827794551849365,-0.2189151793718338,-13.613988876342773,10.15719223022461,-28.001100540161133,32.75012791711098,2610414,1720697290
4.0,0,-2.1332662105560303,-4.817207336425781,9.43569278717041,1.6202919483184814,-2.6733217239379883,-0.18802203238010406,-15.010294914245605,9.10644817352295,-27.66373634338379,32.76459461409434,14610414,1720697290
4.0,0,-0.8499546051025391,-4.154003143310547,8.612074851989746,1.7396032810211182,-2.6687943935394287,-0.1262357532978058,-15.533909797668457,9.281572341918945,-30.19395637512207,35.20120651800375,27610414,1720697290
4.0,0,4.005560398101807,-1.2162730693817139,7.335946083068848,1.804851770401001,-2.684507369995117,-0.09907110780477524,-19.37375259399414,7.180084228515625,-28.507143020629883,35.20728763055343,39610414,1720697290
4.0,0,3.682338237762451,-1.9489099979400635,8.647988319396973,1.8751603364944458,-2.6062090396881104,-0.07456964999437332,-20.595521926879883,7.004960060119629,-28.675825119018555,35.99372077378215,52610414,1720697290
4.0,0,-1.1564171314239502,-5.882643699645996,8.803613662719727,1.8988628387451172,-2.5438902378082275,-0.049002911895513535,-21.9918270111084,5.253720283508301,-30.700000762939453,38.127838634629505,64610414,1720697290
4.0,0,-1.2114845514297485,-4.58496618270874,8.434901237487793,1.9678397178649902,-2.5324385166168213,-0.019974011927843094,-23.388134002685547,3.5024800300598145,-33.06153869628906,40.64895471540151,77610414,1720697290
4.0,0,2.863509178161621,-2.942518949508667,8.408564567565918,2.045072555541992,-2.5047414302825928,0.0034621621016412973,-23.0390567779541,2.8019840717315674,-31.71208953857422,39.297657371128096,89610414,1720697290
4.0,0,1.0534647703170776,-1.1300804615020752,7.845918655395508,2.1627862453460693,-2.4405581951141357,0.011984407901763916,-27.227977752685547,1.4009920358657837,-32.724178314208984,42.5933961727102,102610414,1720697290
4.0,0,0.8451660871505737,-2.3870553970336914,6.873857498168945,2.2099246978759766,-2.40753436088562,0.0537966750562191,-27.227977752685547,1.4009920358657837,-32.724178314208984,42.5933961727102,114610414,1720697290
4.0,0,6.581760883331299,-0.720665693283081,7.764514923095703,2.2812986373901367,-2.3697168827056885,0.10173431038856506,-28.624282836914062,-0.7004960179328918,-32.724178314208984,43.48231949814704,127610414,1720697290
4.0,0,4.290474891662598,0.1125291958451271,9.54103946685791,2.302870512008667,-2.2871575355529785,0.09241309762001038,-30.02058982849121,-2.1014881134033203,-31.374725341796875,43.47442301186384,139610414,1720697290
4.0,0,4.6543989181518555,-0.9768491983413696,8.722209930419922,2.338024854660034,-2.2373557090759277,0.11984407901763916,-31.94051170349121,-2.2766120433807373,-32.89285659790039,45.905547218685506,152610414,1720697290
4.0,0,5.133246898651123,1.9776407480239868,7.769303321838379,2.3987457752227783,-2.146008014678955,0.12117567658424377,-33.511356353759766,-4.553224086761475,-32.724178314208984,47.05969295047605,165610414,1720697290
4.0,0,3.3375680446624756,2.2601609230041504,7.810005187988281,2.4647932052612305,-2.088482618331909,0.14620977640151978,-35.60581588745117,-6.304464340209961,-32.724178314208984,48.7687629735284,177610414,1720697290
4.0,0,1.8315922021865845,-2.9018168449401855,7.857889652252197,2.4837019443511963,-2.0269627571105957,0.18961995840072632,-35.60581588745117,-6.304464340209961,-32.724178314208984,48.7687629735284,190610414,1720697290
4.0,0,5.068602085113525,-3.612905502319336,7.886620998382568,2.5300416946411133,-1.943071961402893,0.19627796113491058,-37.00212097167969,-8.405952453613281,-33.06153869628906,50.3277491451927,202610414,1720697290
4.0,0,5.312814712524414,-1.278523325920105,7.12046480178833,2.596355438232422,-1.8812857866287231,0.20000644028186798,-38.572967529296875,-11.032812118530273,-33.230220794677734,52.09457113099226,215610414,1720697290
4.0,0,5.312814712524414,-1.278523325920105,7.12046480178833,2.596355438232422,-1.8812857866287231,0.20000644028186798,-39.794734954833984,-11.908432006835938,-33.736263275146484,53.512308329550855,227610414,1720697290
4.0,0,4.8866400718688965,1.561043381690979,6.8690690994262695,2.7428314685821533,-1.7827471494674683,0.2138551026582718,-40.492889404296875,-11.908432006835938,-32.0494499206543,52.996717685028194,240610414,1720697290
4.0,0,4.889034271240234,-0.08619257807731628,7.300032615661621,2.792633295059204,-1.73347806930542,0.2226436585187912,-42.23827362060547,-14.710416793823242,-34.07362747192383,56.22704162404932,252610414,1720697290
4.0,0,4.23540735244751,-2.9592783451080322,6.6416168212890625,2.849093198776245,-1.6498534679412842,0.21838253736495972,-42.58734893798828,-18.56314468383789,-32.724178314208984,56.82556182264471,265610414,1720697290
4.0,0,2.499584674835205,-0.7541850805282593,7.137224197387695,2.8903729915618896,-1.5672942399978638,0.2388891875743866,-45.37996292114258,-17.512399673461914,-32.724178314208984,58.625054570443595,277610414,1720697290
4.0,0,7.345522880554199,3.536289930343628,7.659168243408203,2.9574854373931885,-1.5145628452301025,0.27484241127967834,-45.20542526245117,-20.13926124572754,-29.51923179626465,57.62382634400742,290610414,1720697290
4.0,0,10.56098461151123,6.567395210266113,6.624857425689697,3.0331203937530518,-1.4514448642730713,0.26285800337791443,-45.72903823852539,-20.31438446044922,-31.374725341796875,59.06092231332532,302610414,1720697290
4.0,0,9.43569278717041,7.623254299163818,4.980015754699707,3.0549585819244385,-1.3931208848953247,0.24661247432231903,-46.0781135559082,-23.816864013671875,-29.013187408447266,59.432319523257654,315610414,1720697290
4.0,0,9.43569278717041,7.623254299163818,4.980015754699707,3.0549585819244385,-1.3931208848953247,0.24661247432231903,-47.125343322753906,-25.918352127075195,-29.350549697875977,61.270006755654734,327610414,1720697290
4.0,0,4.64961051940918,3.4979822635650635,6.074182510375977,3.096770763397217,-1.1963101625442505,0.23542703688144684,-48.17257308959961,-26.61884880065918,-28.001100540161133,61.7512877679922,340610414,1720697290
4.0,0,5.056631088256836,0.4812418818473816,5.892220497131348,3.0512301921844482,-1.10629403591156,0.23436175286769867,-51.13972473144531,-28.545211791992188,-28.844507217407227,65.28480802202567,352610414,1720697290
4.0,0,2.8275954723358154,-3.689521312713623,7.781274318695068,3.0704052448272705,-1.0138808488845825,0.2420850396156311,-49.045265197753906,-29.245708465576172,-27.15769386291504,63.23203173964362,365610414,1720697290
4.0,0,8.899383544921875,4.472437381744385,4.857909679412842,3.176400661468506,-0.9883142113685608,0.26232534646987915,-49.394344329833984,-31.347196578979492,-25.47088050842285,63.806063497208015,377610414,1720697290
4.0,0,13.908130645751953,9.778068542480469,2.7246429920196533,3.2666831016540527,-0.9449039697647095,0.24235135316848755,-49.394344329833984,-31.347196578979492,-25.47088050842285,63.806063497208015,390610414,1720697290
4.0,0,8.552218437194824,12.632000923156738,1.9058135747909546,3.281064510345459,-0.8365116715431213,0.22157837450504303,-52.01241683959961,-33.2735595703125,-22.94066047668457,65.86877238177372,402610414,1720697290
4.0,0,-5.231410980224609,-22.261627197265625,15.090883255004883,2.2115225791931152,-0.36752182245254517,0.3395582437515259,-52.7105712890625,-34.67455291748047,-24.290111541748047,67.60723677504542,415610414,1720697290
4.0,0,16.479541778564453,26.18817710876465,7.089339256286621,1.9553227424621582,-0.3827020823955536,0.19627796113491058,-51.13972473144531,-36.60091781616211,-19.735713958740234,65.91204014483748,427610414,1720697290
4.0,0,-3.375875949859619,-30.445133209228516,19.60162925720215,1.4820717573165894,-0.44182518124580383,0.03595322370529175,-50.965187072753906,-37.12628936767578,-19.229671478271484,65.92110375847362,440610414,1720697290
4.0,0,-7.3120036125183105,-22.046146392822266,14.039813041687012,0.10279957950115204,0.1869567483663559,0.024501455947756767,-52.186954498291016,-38.35215759277344,-19.398351669311523,67.60667318626103,452610414,1720697290
4.0,0,22.862581253051758,20.894515991210938,-0.7422138452529907,0.5273139476776123,-0.24341663718223572,-0.08708669990301132,-52.186954498291016,-38.35215759277344,-19.398351669311523,67.60667318626103,465610414,1720697290
4.0,0,-4.393426895141602,-20.231313705444336,16.158714294433594,-0.8881778120994568,0.34808048605918884,0.019441373646259308,-51.48880386352539,-38.00190734863281,-19.735713958740234,66.96820358119123,477610414,1720697290
4.0,0,19.592052459716797,18.677452087402344,3.1388463973999023,-0.4016108214855194,-0.03302370011806488,-0.16485218703746796,-52.536033630371094,-36.60091781616211,-20.41044044494629,67.20303634326082,490610414,1720697290
4.0,0,7.340734481811523,8.39419937133789,3.897819995880127,-0.44049355387687683,0.025566738098859787,-0.1270347237586975,-51.6633415222168,-36.07554626464844,-21.253847122192383,66.50016475940136,502610414,1720697290
4.0,0,3.1077210903167725,-2.7437968254089355,3.2106735706329346,-0.5374341011047363,0.1794998049736023,-0.049002911895513535,-52.7105712890625,-38.177032470703125,-19.567033767700195,67.96145189999093,515610414,1720697290
4.0,0,11.688671112060547,22.048540115356445,-1.4173890352249146,-0.19814221560955048,0.1219746395945549,0.0575251579284668,-51.48880386352539,-37.301414489746094,-18.7236270904541,66.28021316844729,527610414,1720697290
4.0,0,7.599311828613281,-0.6727809309959412,6.890617847442627,-0.007456964813172817,0.038882747292518616,0.08575509488582611,-52.536033630371094,-35.550174713134766,-19.060989379882812,66.23572350239631,540610414,1720697290
4.0,0,3.356721878051758,0.49560731649398804,8.279275894165039,-0.043676506727933884,0.07270540297031403,0.04048066586256027,-52.186954498291016,-36.60091781616211,-21.422527313232422,67.24604137998266,552610414,1720697290
4.0,0,6.938502311706543,2.1069295406341553,5.691104412078857,0.06897692382335663,-0.010386486537754536,0.010919126681983471,-52.536033630371094,-34.499427795410156,-20.747802734375,66.18698260327888,565610414,1720697290
4.0,0,7.237782001495361,4.06541633605957,5.116487503051758,0.08948357403278351,-0.0034621621016412973,-0.028229938820004463,-51.314266204833984,-36.07554626464844,-20.579120635986328,66.0159008162718,577610414,1720697290
4.0,0,7.2329936027526855,4.905794143676758,3.7493772506713867,0.09640790522098541,-0.0013316008262336254,-0.034621622413396835,-52.885108947753906,-36.250667572021484,-19.398351669311523,66.98687703811315,590610414,1720697290
4.0,0,5.463651657104492,5.037477493286133,3.01434588432312,0.06658004224300385,0.02689833752810955,-0.022370893508195877,-54.106876373291016,-37.12628936767578,-20.916484832763672,68.87245291730378,602610414,1720697290
4.0,0,7.426927089691162,6.126855850219727,-10.520282745361328,0.3153230845928192,0.1201103925704956,-0.08309189230203629,-53.93233871459961,-35.550174713134766,-19.060989379882812,67.34859610638303,615610414,1720697290
4.0,0,-0.03591357171535492,20.68861198425293,-11.614450454711914,0.6381031274795532,0.6311788558959961,-0.2996101677417755,-51.314266204833984,-36.4257926940918,-19.904396057128906,66.00134295552301,627610414,1720697290
4.0,0,12.754106521606445,13.388580322265625,-8.992758750915527,0.8429033160209656,1.1379860639572144,-0.06498212367296219,-50.616111755371094,-36.776039123535156,-21.591209411621094,66.18646498117633,640610414,1720697290
4.0,0,1.2497923374176025,16.747697830200195,0.5219439268112183,1.0511656999588013,1.2937833070755005,-0.05805779621005058,-52.01241683959961,-36.07554626464844,-21.253847122192383,66.77171977179097,652610414,1720697290
4.0,0,10.939274787902832,0.7110887169837952,8.126044273376465,1.0495678186416626,1.3369271755218506,-0.000532640318851918,-52.01241683959961,-36.07554626464844,-21.253847122192383,66.77171977179097,665610414,1720697290
4.0,0,-0.5027900338172913,0.7541850805282593,10.565773010253906,1.077797770500183,1.3249428272247314,-0.09294573962688446,-49.394344329833984,-37.301414489746094,-21.422527313232422,65.49901870407092,678610414,1720697290
4.0,0,5.875460624694824,0.35195302963256836,7.091733455657959,1.037050724029541,1.2831305265426636,-0.17923347651958466,-48.696189880371094,-36.95116424560547,-18.7236270904541,63.93185168124927,690610414,1720697290
4.0,0,2.703094959259033,0.4309628903865814,6.344731330871582,0.9757971167564392,1.3028382062911987,-0.17736923694610596,-47.9980354309082,-39.40290069580078,-20.073078155517578,65.26353082010944,703610414,1720697290
4.0,0,3.0023748874664307,3.7062809467315674,7.654379844665527,1.0093533992767334,1.3715488910675049,-0.1957453191280365,-47.9980354309082,-38.7024040222168,-19.060989379882812,64.53687936727052,715610414,1720697290
4.0,0,4.592148780822754,4.465254306793213,5.930528163909912,0.9643453359603882,1.3545043468475342,-0.17177650332450867,-47.64896011352539,-38.35215759277344,-18.38626480102539,63.86991565091258,728610414,1720697290
4.0,0,3.272923707962036,5.523507595062256,6.141221046447754,0.9507629871368408,1.3563685417175293,-0.16804802417755127,-47.64896011352539,-38.35215759277344,-18.38626480102539,63.86991565091258,740610414,1720697290
4.0,0,7.024694919586182,8.901777267456055,4.6543989181518555,0.9600841999053955,1.2980445623397827,-0.13049687445163727,-45.72903823852539,-39.578025817871094,-18.21758270263672,63.16205653228841,753610414,1720697290
4.0,0,7.077368259429932,9.100500106811523,6.277692794799805,0.9542251825332642,1.2857937812805176,-0.12330623716115952,-45.20542526245117,-41.854637145996094,-18.04890251159668,64.19582545349172,765610414,1720697290
4.0,0,6.284875392913818,6.090941905975342,5.408584117889404,0.9222667217254639,1.2700809240341187,-0.12596943974494934,-44.1581916809082,-40.103397369384766,-19.060989379882812,62.62227789880062,778610414,1720697290
4.0,0,5.085361957550049,5.8946146965026855,6.734992027282715,0.9134781360626221,1.298843502998352,-0.11425135284662247,-43.9836540222168,-39.22777557373047,-16.53076934814453,61.20985650081682,790610414,1720697290
4.0,0,4.137243747711182,3.7326173782348633,7.379042625427246,0.8943031430244446,1.3004413843154907,-0.07643388956785202,-42.412811279296875,-41.15414047241211,-17.036813735961914,61.50416945955893,803610414,1720697290
4.0,0,2.013554334640503,4.975227355957031,7.319186210632324,0.8745954036712646,1.3787394762039185,-0.10652806609869003,-42.76188659667969,-42.90538024902344,-16.699451446533203,62.83567679460216,815610414,1720697290
4.0,0,2.868297576904297,4.525110244750977,6.69668436050415,0.8503603339195251,1.3880606889724731,-0.09747318178415298,-41.191043853759766,-42.380008697509766,-16.868131637573242,61.45975183732735,828610414,1720697290
4.0,0,5.243381977081299,7.94887113571167,6.402193069458008,0.8815197348594666,1.3771415948867798,-0.12676839530467987,-40.84196472167969,-41.67951202392578,-17.542858123779297,60.934388287981946,840610414,1720697290
4.0,0,5.576180934906006,7.912957668304443,6.201076984405518,0.8698016405105591,1.3750110864639282,-0.11664823442697525,-38.92204284667969,-42.55513381958008,-15.350000381469727,59.67819824250945,853610414,1720697290
4.0,0,6.064605236053467,5.712652206420898,7.455657958984375,0.8309189081192017,1.3611624240875244,-0.10546278208494186,-38.92204284667969,-42.55513381958008,-15.350000381469727,59.67819824250945,865610414,1720697290
4.0,0,5.901797294616699,5.097332954406738,5.296054840087891,0.8088143467903137,1.3395905494689941,-0.061519961804151535,-38.92204284667969,-42.55513381958008,-15.350000381469727,59.67819824250945,878610414,1720697290
4.0,0,4.544264316558838,5.15718936920166,7.113282203674316,0.7867097854614258,1.3851312398910522,-0.0431438684463501,-37.70027542114258,-42.73025894165039,-15.181319236755371,58.97167328318554,890610414,1720697290
4.0,0,2.6647870540618896,6.416558742523193,6.426135540008545,0.7928351759910583,1.40164315700531,-0.054062992334365845,-38.572967529296875,-43.60587692260742,-15.350000381469727,60.207714106390874,903610414,1720697290
4.0,0,2.142843246459961,5.21225643157959,5.923345565795898,0.780584454536438,1.4178885221481323,-0.10865862667560577,-38.04935073852539,-44.131248474121094,-15.85604476928711,60.38819701923195,915610414,1720697290
4.0,0,3.9600701332092285,4.27850341796875,5.5091423988342285,0.7691326141357422,1.4144264459609985,-0.11931143701076508,-37.00212097167969,-44.131248474121094,-14.506593704223633,59.38994282862085,928610414,1720697290
4.0,0,4.948890209197998,6.478808403015137,6.600914478302002,0.7595451474189758,1.422416090965271,-0.11877879500389099,-37.00212097167969,-44.131248474121094,-14.506593704223633,59.38994282862085,940610414,1720697290
4.0,0,5.6839213371276855,6.172346115112305,6.897800445556641,0.7552840113639832,1.4200191497802734,-0.08389085531234741,-36.30397033691406,-44.48149871826172,-15.181319236755371,59.38900945641823,953610414,1720697290
4.0,0,5.978412628173828,4.347936630249023,6.502751350402832,0.7081453204154968,1.4229487180709839,-0.05139978975057602,-34.38404846191406,-45.35711669921875,-14.675274848937988,58.77835074063983,965610414,1720697290
4.0,0,3.3591160774230957,3.9121851921081543,6.5889434814453125,0.6908345222473145,1.4205517768859863,-0.02050665207207203,-34.55858612060547,-45.18199157714844,-13.831868171691895,58.5408303208272,978610414,1720697290
4.0,0,2.7916817665100098,7.462840557098389,6.54824161529541,0.6972262263298035,1.4226824045181274,-0.03488794341683388,-34.733123779296875,-43.60587692260742,-12.65109920501709,57.165660153213736,990610414,1720697290
4.0,0,4.434129238128662,6.3782501220703125,5.985595226287842,0.6913671493530273,1.4173558950424194,-0.05672619491815567,-33.86043167114258,-44.48149871826172,-14.169231414794922,57.670613661247316,3610414,1720697291
4.0,0,0.5410978198051453,7.266513347625732,6.289663791656494,0.6812469959259033,1.4415910243988037,-0.0862877368927002,-32.813201904296875,-43.781002044677734,-12.819780349731445,56.19456492814575,15610414,1720697291
4.0,0,1.0869841575622559,6.574578285217285,7.0270891189575195,0.65062016248703,1.452510118484497,-0.05086715519428253,-31.067819595336914,-45.88248825073242,-12.145055770874023,56.72666500125527,28610414,1720697291
4.0,0,1.2665519714355469,5.72222900390625,7.3622822761535645,0.6381031274795532,1.4887298345565796,-0.0700422003865242,-31.94051170349121,-43.60587692260742,-11.976373672485352,55.36336619474511,40610414,1720697291
4.0,0,3.126875162124634,6.124461650848389,7.2856669425964355,0.6319777965545654,1.486066460609436,-0.043942827731370926,-29.322437286376953,-44.48149871826172,-11.807692527770996,54.56950301648905,53610414,1720697291
4.0,0,2.2529780864715576,7.446080684661865,6.165163516998291,0.6269177198410034,1.497252106666565,-0.04873659089207649,-30.544204711914062,-43.60587692260742,-10.626923561096191,54.289524293792454,65610414,1720697291
4.0,0,1.2330327033996582,5.073390483856201,6.342337131500244,0.5912307500839233,1.4754136800765991,-0.06684636324644089,-28.27520751953125,-45.88248825073242,-11.470330238342285,55.10225552668225,78610414,1720697291
4.0,0,2.5091617107391357,5.7413835525512695,6.507539749145508,0.5848391056060791,1.4820717573165894,-0.0644494816660881,-29.49697494506836,-45.35711669921875,-10.964285850524902,55.204665838935746,90610414,1720697291
4.0,0,2.5091617107391357,5.7413835525512695,6.507539749145508,0.5848391056060791,1.4820717573165894,-0.0644494816660881,-27.7515926361084,-47.10835647583008,-11.63901138305664,55.900042304718426,103610414,1720697291
4.0,0,3.4668569564819336,6.526693344116211,7.4963603019714355,0.5576744675636292,1.491925597190857,-0.04633970931172371,-27.57705307006836,-45.18199157714844,-10.120879173278809,53.89191418150767,115610414,1720697291
4.0,0,-0.5291266441345215,4.405398368835449,6.086153507232666,0.5278465747833252,1.4727505445480347,0.002663201652467251,-26.704362869262695,-46.057613372802734,-10.289560317993164,54.22454976659053,128610414,1720697291
4.0,0,-0.7757331728935242,8.703056335449219,7.596917629241943,0.5488858819007874,1.5313409566879272,-0.037817467004060745,-26.704362869262695,-46.057613372802734,-10.289560317993164,54.22454976659053,140610414,1720697291
4.0,0,1.4126006364822388,7.623254299163818,5.846729755401611,0.5275802612304688,1.5153617858886719,-0.0644494816660881,-26.006208419799805,-44.306373596191406,-10.289560317993164,52.39515883320684,153610414,1720697291
4.0,0,1.3192253112792969,4.927342414855957,7.422138690948486,0.4953555166721344,1.5302757024765015,-0.08335821330547333,-24.784440994262695,-44.83174514770508,-9.44615364074707,52.09014980772724,165610414,1720697291
4.0,0,-0.4261744022369385,6.062211036682129,6.763723373413086,0.4841700792312622,1.5047088861465454,-0.042877547442913055,-24.609901428222656,-46.057613372802734,-9.952198028564453,53.160109513668,178610414,1720697291
4.0,0,1.8603230714797974,8.762911796569824,6.069393634796143,0.4958881437778473,1.5206881761550903,-0.011718087829649448,-23.562671661376953,-46.407859802246094,-8.602747917175293,52.75316311817946,191610414,1720697291
4.0,0,1.8603230714797974,8.762911796569824,6.069393634796143,0.44635263085365295,1.5137637853622437,-0.006924324203282595,-23.388134002685547,-46.582984924316406,-7.759340763092041,52.699019589214814,203610414,1720697291
4.0,0,1.9800350666046143,4.877063274383545,7.201868534088135,0.43330293893814087,1.524949312210083,-0.02077297307550907,-23.388134002685547,-46.582984924316406,-7.759340763092041,52.699019589214814,216610414,1720697291
4.0,0,-1.8555346727371216,6.940896511077881,7.582552433013916,0.4327702522277832,1.5353357791900635,-0.06098731979727745,-23.737211227416992,-45.18199157714844,-8.09670352935791,51.67614699041368,228610414,1720697291
4.0,0,-0.5817998647689819,8.87065315246582,6.1292500495910645,0.43197131156921387,1.5625004768371582,-0.1006690263748169,-21.468212127685547,-44.656620025634766,-5.566483497619629,49.86064161843989,241610414,1720697291
4.0,0,0.04788476601243019,9.490760803222656,5.691104412078857,0.4258459508419037,1.5521140098571777,-0.05166611075401306,-21.468212127685547,-45.00687026977539,-6.915934085845947,50.342155771475085,253610414,1720697291
4.0,0,2.111717939376831,7.043848991394043,5.803633689880371,0.3920232951641083,1.5361347198486328,-0.03009418025612831,-21.468212127685547,-45.00687026977539,-5.566483497619629,50.17457764614435,266610414,1720697291
4.0,0,1.4748507738113403,6.3088178634643555,6.351913928985596,0.3763103783130646,1.5494507551193237,-0.015979209914803505,-19.722829818725586,-43.95612335205078,-6.241209030151367,48.580690468098105,278132001,1720697291
4.0,0,-0.04788476601243019,6.981598377227783,7.434109687805176,0.36299437284469604,1.5499835014343262,-0.02982785925269127,-19.37375259399414,-45.35711669921875,-5.229121208190918,49.59792368083361,291132001,1720697291
4.0,0,-0.1795678734779358,8.975998878479004,5.494776248931885,0.36672288179397583,1.5513150691986084,-0.03701850399374962,-19.548290252685547,-44.83174514770508,-4.048351764678955,49.07555579718479,303132001,1720697291
4.0,0,0.36152997612953186,6.4548659324646,7.189897537231445,0.31985053420066833,1.5337378978729248,-0.05353035405278206,-19.548290252685547,-44.83174514770508,-4.723076820373535,49.13581666608553,316132001,1720697291
4.0,0,-1.278523325920105,5.437314987182617,7.247358798980713,0.287625789642334,1.533205270767212,-0.05166611075401306,-17.977445602416992,-45.35711669921875,-4.891758441925049,49.03453768833306,328132001,1720697291
4.0,0,-0.5722229480743408,8.068583488464355,6.086153507232666,0.3097303509712219,1.5720880031585693,-0.06737900525331497,-17.977445602416992,-45.35711669921875,-4.891758441925049,49.03453768833306,341132001,1720697291
4.0,0,-2.480430841445923,10.522676467895508,6.648799896240234,0.3203831613063812,1.5904639959335327,-0.058324117213487625,-16.93021583557129,-45.35711669921875,-3.8796703815460205,48.56904452194857,353132001,1720697291
4.0,0,0.4812418818473816,6.169951915740967,6.852309703826904,0.2745760977268219,1.5667616128921509,-0.033556342124938965,-17.279293060302734,-43.25563049316406,-3.5423078536987305,46.7137183593358,366132001,1720697291
4.0,0,0.826012134552002,3.8619062900543213,8.375045776367188,0.22370894253253937,1.5494507551193237,-0.06178628280758858,-17.279293060302734,-43.25563049316406,-2.530219793319702,46.6478890221999,378132001,1720697291
4.0,0,1.6232936382293701,6.727809429168701,6.957656383514404,0.2402207851409912,1.5619678497314453,-0.059389397501945496,-17.802907943725586,-41.67951202392578,-2.6989011764526367,45.40274574698758,391132001,1720697291
4.0,0,-1.4173890352249146,7.786062717437744,6.550635814666748,0.22237734496593475,1.5539782047271729,-0.043676506727933884,-15.882987022399902,-43.95612335205078,-2.8675825595855713,46.82556018490828,403132001,1720697291
4.0,0,-0.028730858117341995,7.28087854385376,7.046243190765381,0.21465405821800232,1.5494507551193237,-0.04021434485912323,-15.882987022399902,-43.95612335205078,-2.8675825595855713,46.82556018490828,416132001,1720697291
4.0,0,-2.420574903488159,8.305612564086914,7.369464874267578,0.20213700830936432,1.5664952993392944,-0.0575251579284668,-15.882987022399902,-41.854637145996094,-0.5060439705848694,44.76981134511162,428132001,1720697291
4.0,0,-2.47324800491333,5.983201026916504,6.924137115478516,0.1989411562681198,1.609639048576355,-0.06684636324644089,-14.661218643188477,-41.32926559448242,1.0120879411697388,43.86438018122799,441132001,1720697291
4.0,0,-2.863509178161621,7.642408847808838,5.736595153808594,0.17843452095985413,1.6083074808120728,-0.07989604771137238,-13.613988876342773,-41.67951202392578,1.0120879411697388,43.8582573488553,453132001,1720697291
4.0,0,-0.48363611102104187,7.0055413246154785,6.236990928649902,0.15792787075042725,1.5883334875106812,-0.07776549458503723,-13.613988876342773,-41.67951202392578,2.3615384101867676,43.9101272981592,466132001,1720697291
4.0,0,0.24181805551052094,6.488385200500488,6.895406246185303,0.13102951645851135,1.5563750267028809,-0.0806950107216835,-13.43945026397705,-41.504390716552734,2.192857265472412,43.68113889468676,478132001,1720697291
4.0,0,11.30080509185791,7.889015197753906,19.72134017944336,0.1507372111082077,1.503909945487976,-0.10333222150802612,-12.9158353805542,-38.87752914428711,2.6989011764526367,41.055634735109464,491132001,1720697291
4.0,0,3.967252731323242,19.2329158782959,34.9654541015625,0.02769729681313038,0.74809330701828,-0.006391684524714947,-12.043143272399902,-40.80389404296875,3.5423078536987305,42.691252193859896,503132001,1720697291
4.0,0,6.983992576599121,12.299201965332031,18.92645263671875,0.13608960807323456,0.331302285194397,-0.04154594615101814,-11.694067001342773,-40.453643798828125,1.518131971359253,42.13731391910052,516132001,1720697291
4.0,0,5.700681209564209,6.500357151031494,9.387807846069336,-0.013049688190221786,0.028229938820004463,0.13342641294002533,-10.9959135055542,-41.15414047241211,2.8675825595855713,42.6942200020178,528132001,1720697291
4.0,0,-0.6679925322532654,9.03346061706543,7.798034191131592,0.09054885804653168,0.021305613219738007,-0.07536860555410385,-12.741296768188477,-40.453643798828125,3.2049450874328613,42.53362920032777,541132001,1720697291
4.0,0,-1.5921683311462402,8.647988319396973,6.004749774932861,0.07110748440027237,-0.023436175659298897,-0.07909709215164185,-13.43945026397705,-38.00190734863281,4.2170329093933105,40.528349979870775,553132001,1720697291
4.0,0,-0.8643199801445007,8.513911247253418,8.176322937011719,0.0375511460006237,-0.07616756856441498,0.006658004131168127,-13.963065147399902,-39.92827224731445,2.0241758823394775,42.34774375298925,566132001,1720697291
4.0,0,-1.5107643604278564,4.647216320037842,5.947287559509277,0.08895093947649002,-0.07776549458503723,-0.002929521957412362,-14.137603759765625,-39.05265426635742,1.1807692050933838,41.54967943596533,578132001,1720697291
4.0,0,-0.617713451385498,8.442083358764648,4.189917087554932,0.07829813659191132,-0.043942827731370926,-0.03275737911462784,-11.868605613708496,-40.62876892089844,2.3615384101867676,42.392658879861536,591132001,1720697291
4.0,0,-1.7334284782409668,8.724604606628418,4.410186767578125,0.06418316066265106,-0.004793763160705566,-0.015446570701897144,-13.43945026397705,-41.15414047241211,2.8675825595855713,43.38784543114558,603132001,1720697291
4.0,0,-1.4149948358535767,7.486782550811768,13.252108573913574,0.057258836925029755,-0.07670021057128906,0.11851247400045395,-13.43945026397705,-41.15414047241211,2.8675825595855713,43.38784543114558,616132001,1720697291
4.0,0,-17.604833602905273,17.74370002746582,39.22600173950195,-0.06471580266952515,-1.3236112594604492,1.2716788053512573,-13.613988876342773,-40.62876892089844,2.3615384101867676,42.91403524274704,628132001,1720697291
4.0,0,-1.1061381101608276,3.023922920227051,10.778861045837402,-0.2221110314130783,-2.058655023574829,1.6256183385849,-13.963065147399902,-40.27852249145508,2.6989011764526367,42.71546125193364,641132001,1720697291
4.0,0,7.347917079925537,15.95520305633545,19.30713653564453,-0.4490158259868622,-2.7537505626678467,2.679713726043701,-16.057525634765625,-41.67951202392578,1.0120879411697388,44.67717732874795,653132001,1720697291
4.0,0,-9.126835823059082,2.918576240539551,21.567298889160156,-0.6090742349624634,-3.1042280197143555,2.7228574752807617,-16.755678176879883,-44.48149871826172,-0.6747252941131592,47.53747714816599,666132001,1720697291
4.0,0,9.957636833190918,3.7302231788635254,15.327913284301758,-1.2258716821670532,-4.077894687652588,3.868300676345825,-21.9918270111084,-44.48149871826172,-1.686813235282898,49.649667898183985,678132001,1720697291
4.0,0,-8.521093368530273,18.461971282958984,1.975246548652649,-1.2045661211013794,-3.9814865589141846,3.6493852138519287,-21.9918270111084,-44.48149871826172,-1.686813235282898,49.649667898183985,691132001,1720697291
4.0,0,8.9568452835083,-4.410186767578125,-3.380664348602295,-1.591262936592102,-3.828885078430176,3.7508533000946045,-26.529823303222656,-45.18199157714844,-3.036263942718506,52.48297615520275,704132001,1720697291
4.0,0,3.993589162826538,13.568147659301758,0.8930508494377136,-1.5955241918563843,-3.4363291263580322,3.367884874343872,-26.704362869262695,-44.656620025634766,-1.855494499206543,52.06514734641367,716132001,1720697291
4.0,0,2.221853017807007,8.877835273742676,3.3399622440338135,-1.8005906343460083,-3.263753652572632,3.429138422012329,-31.242359161376953,-45.707366943359375,-6.578571796417236,55.75415684721626,729132001,1720697291
4.0,0,1.731034278869629,5.657585144042969,5.020717620849609,-1.9068524837493896,-3.041110038757324,3.1953094005584717,-33.33681869506836,-44.306373596191406,-3.8796703815460205,55.582821664814674,741132001,1720697291
4.0,0,2.114112377166748,10.539437294006348,3.277712106704712,-2.0429420471191406,-2.945767402648926,3.1409800052642822,-33.33681869506836,-44.306373596191406,-3.8796703815460205,55.582821664814674,754132001,1720697291
4.0,0,3.591357469558716,3.2154619693756104,5.322391510009766,-2.182227373123169,-2.759876012802124,3.1071574687957764,-39.96927261352539,-42.55513381958008,-6.578571796417236,58.75167890824308,766132001,1720697291
4.0,0,1.4221774339675903,8.200265884399414,7.039060592651367,-2.2964789867401123,-2.58090877532959,3.1042280197143555,-39.96927261352539,-43.25563049316406,-5.229121208190918,59.126441049884,779132001,1720697291
4.0,0,1.7382169961929321,8.8514986038208,6.062211036682129,-2.4501454830169678,-2.518589735031128,3.1028964519500732,-43.634578704833984,-41.67951202392578,-8.771429061889648,60.976193297783745,791132001,1720697291
4.0,0,6.972021579742432,4.695101261138916,5.731806755065918,-2.5912952423095703,-2.3952834606170654,3.086118221282959,-44.50727081298828,-41.504390716552734,-9.277472496032715,61.55958982877965,804132001,1720697291
4.0,0,6.519510746002197,9.469212532043457,5.272112846374512,-2.698622465133667,-2.2669172286987305,3.117011308670044,-48.17257308959961,-40.27852249145508,-9.783516883850098,63.550557627640444,816132001,1720697291
4.0,0,3.06701922416687,6.629645824432373,6.062211036682129,-2.7963616847991943,-2.0482685565948486,3.1132826805114746,-50.616111755371094,-38.52728271484375,-9.783516883850098,64.35883377779848,829132001,1720697291
4.0,0,1.9058135747909546,3.7062809467315674,6.809213638305664,-2.9617466926574707,-1.915907382965088,3.1239356994628906,-50.7906494140625,-38.00190734863281,-10.964285850524902,64.37430072822772,841132001,1720697291
4.0,0,7.972813129425049,3.634453773498535,5.133246898651123,-3.0467028617858887,-1.7683659791946411,3.143643379211426,-56.026798248291016,-35.550174713134766,-13.663187026977539,67.74584654296733,854132001,1720697291
4.0,0,7.539456367492676,6.263327598571777,4.350330829620361,-3.1327240467071533,-1.6059106588363647,3.195575714111328,-58.12125778198242,-32.047691345214844,-13.325824737548828,67.69573643630505,866132001,1720697291
4.0,0,7.2066569328308105,2.8228068351745605,5.37027645111084,-3.1846563816070557,-1.429872989654541,3.1417789459228516,-59.866641998291016,-31.347196578979492,-14.675274848937988,69.15218904275264,879132001,1720697291
4.0,0,5.844335556030273,2.528315544128418,4.975227355957031,-3.298907995223999,-1.2466447353363037,3.2123539447784424,-59.866641998291016,-31.347196578979492,-14.675274848937988,69.15218904275264,891132001,1720697291
4.0,0,5.525901794433594,1.601745367050171,4.896217346191406,-3.3412528038024902,-1.0338549613952637,3.2107560634613037,-61.96110153198242,-28.545211791992188,-16.02472496032715,70.07709347112262,904132001,1720697291
4.0,0,8.645594596862793,0.4501167833805084,4.268926620483398,-3.4049034118652344,-0.8690026998519897,3.2262024879455566,-65.62640380859375,-24.51736068725586,-16.53076934814453,71.98049865872812,916132001,1720697291
4.0,0,10.788437843322754,2.631267786026001,4.000771999359131,-3.400376081466675,-0.7411690354347229,3.2432470321655273,-65.62640380859375,-19.964136123657227,-13.831868171691895,69.97651166735584,929132001,1720697291
4.0,0,9.232182502746582,2.2266414165496826,4.28808069229126,-3.4584336280822754,-0.5347709059715271,3.3068974018096924,-66.67363739013672,-21.365129470825195,-16.19340705871582,71.86145776635642,941132001,1720697291
4.0,0,4.663976192474365,-2.4133920669555664,5.525901794433594,-3.489060640335083,-0.30919772386550903,3.2885212898254395,-66.67363739013672,-21.365129470825195,-16.19340705871582,71.86145776635642,954132001,1720697291
4.0,0,7.36707067489624,-5.047054290771484,3.4165778160095215,-3.5210189819335938,-0.11185447126626968,3.3204798698425293,-70.33894348144531,-15.586036682128906,-18.7236270904541,74.43833502278925,966132001,1720697291
4.0,0,13.350272178649902,4.556235313415527,3.4405205249786377,-3.440323829650879,-0.0013316008262336254,3.3585636615753174,-70.51348114013672,-9.806943893432617,-18.55494499206543,73.57046387435604,979132001,1720697291
4.0,0,8.803613662719727,-2.7940759658813477,4.8387556076049805,-3.470151901245117,0.20053909718990326,3.3812010288238525,-68.59355926513672,-7.180084228515625,-16.699451446533203,70.9612687372733,991132001,1720697291
4.0,0,6.605702877044678,-2.2601609230041504,3.3710873126983643,-3.5007786750793457,0.39814862608909607,3.4477810859680176,-70.51348114013672,-7.004960060119629,-18.21758270263672,73.16488780468194,4132001,1720697292
4.0,0,8.195477485656738,-2.3056514263153076,3.945704698562622,-3.3846631050109863,0.6016172766685486,3.442720890045166,-66.67363739013672,-4.553224086761475,-15.181319236755371,68.53158560973166,16132001,1720697292
4.0,0,9.29922103881836,-3.7230403423309326,3.454885721206665,-3.3716132640838623,0.750756561756134,3.450444221496582,-70.1644058227539,3.5024800300598145,-16.53076934814453,72.17047558429017,29132001,1720697292
4.0,0,7.618465900421143,-7.003147125244141,3.9576759338378906,-3.3633575439453125,0.9169403314590454,3.5167577266693115,-71.56070709228516,3.5024800300598145,-17.880220413208008,73.84378408460456,41132001,1720697292
4.0,0,9.476394653320312,-1.2928886413574219,3.660790205001831,-3.2919838428497314,1.0804609060287476,3.557504892349243,-67.19725036621094,5.428843975067139,-16.02472496032715,69.29454966834686,54132001,1720697292
4.0,0,4.505956172943115,-2.264949321746826,1.5251296758651733,-3.172938585281372,1.2825978994369507,3.5780115127563477,-69.46624755859375,7.355208396911621,-17.205495834350586,71.94225272633382,66132001,1720697292
4.0,0,4.766928195953369,-5.631248474121094,1.9034193754196167,-3.152165651321411,1.4626303911209106,3.6259491443634033,-68.76809692382812,10.857687950134277,-17.542858123779297,71.79618662086838,79132001,1720697292
4.0,0,10.36944580078125,-2.5857772827148438,2.806046962738037,-3.0525617599487305,1.5486516952514648,3.6991872787475586,-68.76809692382812,10.857687950134277,-17.542858123779297,71.79618662086838,91132001,1720697292
4.0,0,8.777276992797852,-4.300051689147949,2.499584674835205,-2.9718666076660156,1.7103081941604614,3.7234222888946533,-65.97547912597656,16.46165657043457,-18.55494499206543,70.48429588641483,104132001,1720697292
4.0,0,5.049448490142822,-6.871463298797607,0.289702832698822,-2.8783884048461914,1.8671706914901733,3.74446177482605,-61.43748474121094,18.2128963470459,-15.85604476928711,66.01278876399937,116132001,1720697292
4.0,0,6.208259582519531,-4.905794143676758,3.1340579986572266,-2.734309196472168,1.9891453981399536,3.801720380783081,-59.69210433959961,21.715375900268555,-15.85604476928711,65.46845825819673,129132001,1720697292
4.0,0,6.967233180999756,-7.2066569328308105,1.3407734632492065,-2.665332317352295,2.120441198348999,3.866969108581543,-61.96110153198242,23.291492462158203,-17.374176025390625,68.43634792076989,141132001,1720697292
4.0,0,4.367090702056885,-10.778861045837402,-0.03830781206488609,-2.5622663497924805,2.2354915142059326,3.882415294647217,-61.96110153198242,23.291492462158203,-17.374176025390625,68.43634792076989,154132001,1720697292
4.0,0,4.367090702056885,-10.778861045837402,-0.03830781206488609,-2.5622663497924805,2.2354915142059326,3.882415294647217,-56.026798248291016,27.14422035217285,-17.711538314819336,64.72641972146562,166132001,1720697292
4.0,0,7.17553186416626,-3.787684917449951,2.2098820209503174,-2.2496066093444824,2.4227147102355957,3.980421304702759,-51.48880386352539,28.89546012878418,-14.000550270080566,60.679979789184145,179132001,1720697292
4.0,0,1.4796391725540161,-10.1276273727417,-0.5746171474456787,-2.198206663131714,2.567326307296753,4.036614894866943,-47.8234977722168,31.522321701049805,-14.169231414794922,59.00432885373506,191132001,1720697292
4.0,0,4.309628963470459,-11.154756546020508,0.7039060592651367,-2.0445399284362793,2.608872175216675,4.09706974029541,-48.8707275390625,32.57306671142578,-17.880220413208008,61.392629583763366,204132001,1720697292
4.0,0,3.3399622440338135,-7.903380393981934,-0.9936088919639587,-1.8940690755844116,2.6954262256622314,4.107988357543945,-45.9035758972168,34.84967803955078,-14.337912559509277,59.3903533932576,217132001,1720697292
4.0,0,1.5897741317749023,-11.454036712646484,-0.8212237358093262,-1.7808829545974731,2.7750561237335205,4.163916110992432,-45.9035758972168,34.84967803955078,-14.337912559509277,59.3903533932576,229132001,1720697292
4.0,0,2.806046962738037,-8.04703426361084,0.3184336721897125,-1.611769676208496,2.8099441528320312,4.230762004852295,-40.66742706298828,35.550174713134766,-13.663187026977539,55.71657945165017,242132001,1720697292
4.0,0,3.514741897583008,-7.93929386138916,-0.26097196340560913,-1.4921919107437134,2.87625789642334,4.308794021606445,-37.00212097167969,35.02479934692383,-11.470330238342285,52.225108917758355,254132001,1720697292
4.0,0,-0.5291266441345215,-12.071749687194824,-1.4652738571166992,-1.3174859285354614,2.920466899871826,4.317582607269287,-36.129432678222656,36.60091781616211,-11.976373672485352,52.805270731042334,267132001,1720697292
4.0,0,2.0734102725982666,-8.760518074035645,-1.02952241897583,-1.198973298072815,2.934581995010376,4.375640392303467,-29.846052169799805,36.250667572021484,-11.976373672485352,48.45958373616742,279132001,1720697292
4.0,0,3.610511064529419,-7.8267645835876465,-1.0247340202331543,-1.0439749956130981,2.940707206726074,4.443285942077637,-30.02058982849121,36.07554626464844,-10.120879173278809,48.0115928415566,292132001,1720697292
4.0,0,-3.562626600265503,-10.972793579101562,-2.995191812515259,-0.921734094619751,3.0104830265045166,4.478173732757568,-23.9117488861084,34.499427795410156,-7.253296852111816,42.598034793026315,304132001,1720697292
4.0,0,-3.562626600265503,-10.972793579101562,-2.995191812515259,-0.921734094619751,3.0104830265045166,4.478173732757568,-21.817289352416992,34.1491813659668,-7.928022384643555,41.29181809492277,317132001,1720697292
4.0,0,0.9960030913352966,-7.628042697906494,-1.98482346534729,-0.626651406288147,2.991041660308838,4.576179504394531,-19.722829818725586,34.499427795410156,-8.940110206604004,40.73237170574966,329132001,1720697292
4.0,0,-1.958486795425415,-8.861075401306152,-2.8252012729644775,-0.5126663446426392,2.9891774654388428,4.6345038414001465,-15.533909797668457,31.697444915771484,-6.578571796417236,35.90693491055849,342132001,1720697292
4.0,0,-2.214670419692993,-8.458844184875488,-2.9473073482513428,-0.374179869890213,2.9532244205474854,4.697621822357178,-15.533909797668457,31.697444915771484,-6.578571796417236,35.90693491055849,354132001,1720697292
4.0,0,-0.3304048776626587,-6.943290710449219,-3.3232028484344482,-0.23436175286769867,2.9276576042175293,4.747955799102783,-8.72691535949707,30.471576690673828,-4.048351764678955,31.954110685763446,367132001,1720697292
4.0,0,-4.089359283447266,-8.626440048217773,-3.967252731323242,-0.1419486552476883,2.9231300354003906,4.794561862945557,-9.948683738708496,29.245708465576172,-4.891758441925049,31.276461955286145,379132001,1720697292
4.0,0,-3.845146656036377,-6.825973033905029,-5.303237438201904,-0.010919126681983471,2.880518913269043,4.855549335479736,-6.1088409423828125,29.595956802368164,-4.2170329093933105,30.512652511144964,392132001,1720697292
4.0,0,0.3878665864467621,-5.3247857093811035,-3.1053268909454346,0.10626175254583359,2.8155367374420166,4.9144062995910645,-1.7453831434249878,26.969097137451172,-3.373626470565796,27.235269748793222,404132001,1720697292
4.0,0,-5.001564025878906,-6.342337131500244,-5.578575134277344,0.2314322292804718,2.7809150218963623,4.938907146453857,0.8726915717124939,21.540252685546875,-2.530219793319702,21.705899855547436,417132001,1720697292
4.0,0,-3.531501293182373,-6.849915504455566,-4.898611545562744,0.3326338827610016,2.703416109085083,4.998030662536621,0.8726915717124939,21.540252685546875,-2.530219793319702,21.705899855547436,429132001,1720697292
4.0,0,-3.514741897583008,-5.580969333648682,-5.56181526184082,0.42318275570869446,2.6530816555023193,5.066474914550781,0.8726915717124939,19.438764572143555,0.843406617641449,19.47661401253418,442132001,1720697292
4.0,0,-6.596126079559326,-6.734992027282715,-6.122067451477051,0.5062746405601501,2.6008827686309814,5.10455846786499,5.4106879234313965,13.484548568725586,0.1686813235282898,14.530555643057593,454132001,1720697292
4.0,0,-5.7677202224731445,-5.865883827209473,-6.035874843597412,0.5840401649475098,2.531639575958252,5.17593240737915,9.425068855285645,13.30942440032959,2.6989011764526367,16.530479979577773,467132001,1720697292
4.0,0,-2.9592783451080322,-3.533895492553711,-5.480411052703857,0.6849755048751831,2.425910472869873,5.199901580810547,7.85422420501709,11.383060455322266,0.5060439705848694,13.839038394786076,479132001,1720697292
4.0,0,-5.600122928619385,-5.030294418334961,-6.275298595428467,0.7446312308311462,2.359330415725708,5.238251209259033,8.203300476074219,7.530332088470459,3.8796703815460205,11.792026218290596,492132001,1720697292
4.0,0,-9.655962944030762,-4.6543989181518555,-8.990365028381348,0.816537618637085,2.2988758087158203,5.281128883361816,11.170452117919922,5.954216003417969,4.723076820373535,13.51070477011655,504132001,1720697292
4.0,0,-3.124480962753296,-3.256164073944092,-5.56181526184082,0.8748617768287659,2.1558618545532227,5.346377372741699,9.774145126342773,0.3502480089664459,4.723076820373535,10.861125230368396,517132001,1720697292
4.0,0,-4.675947189331055,-2.4636712074279785,-6.9001946449279785,0.9235983490943909,2.115647315979004,5.412691116333008,11.694067001342773,1.2258679866790771,5.903846263885498,13.157102874882955,529132001,1720697292
4.0,0,-6.739780426025391,-2.3104398250579834,-8.525882720947266,0.9835203886032104,2.0274953842163086,5.440921306610107,9.948683738708496,-2.9771080017089844,6.915934085845947,12.476763381039506,542132001,1720697292
4.0,0,-3.737405776977539,-1.8459577560424805,-7.304821014404297,1.0144134759902954,1.933750867843628,5.485929012298584,12.217681884765625,-6.304464340209961,8.434065818786621,16.12921224021601,554132001,1720697292
4.0,0,-5.334362506866455,5.949681758880615,-12.64157772064209,0.9792592525482178,1.6445269584655762,5.067806243896484,12.56675910949707,-8.756199836730957,9.783516883850098,18.174478609123145,567132001,1720697292
4.0,0,-8.961633682250977,30.433162689208984,-10.774072647094727,0.5587397217750549,1.1688792705535889,3.777218818664551,11.170452117919922,-11.908432006835938,8.434065818786621,18.377247335109825,579132001,1720697292
4.0,0,-9.56258773803711,31.673377990722656,-4.343148231506348,0.5944266319274902,0.6665993928909302,2.436030626296997,10.821375846862793,-12.959176063537598,9.783516883850098,19.513062857517042,592132001,1720697292
4.0,0,-14.600065231323242,17.940027236938477,-12.339903831481934,0.31798627972602844,0.4897627830505371,1.1052286624908447,11.170452117919922,-15.41091251373291,11.470330238342285,22.222594376024162,604132001,1720697292
4.0,0,0.7446081042289734,10.728581428527832,-2.346353530883789,0.09081517904996872,-0.04847027361392975,0.2495419979095459,9.425068855285645,-16.111408233642578,11.132966995239258,21.733668634518377,617132001,1720697292
4.0,0,-22.311906814575195,15.141162872314453,-14.695834159851074,-0.1395517736673355,-0.14407920837402344,-0.7744590044021606,9.425068855285645,-16.111408233642578,11.132966995239258,21.733668634518377,629132001,1720697292
4.0,0,-7.563398361206055,4.48919677734375,-2.9281532764434814,-0.05859043821692467,-0.30733346939086914,-1.1038970947265625,11.694067001342773,-17.687524795532227,11.63901138305664,24.18814425290587,642132001,1720697292
4.0,0,-5.042265892028809,-5.719834804534912,-5.875460624694824,-0.02796361781656742,-0.2551347315311432,-0.9696717262268066,10.297760963439941,-15.235788345336914,10.964285850524902,21.410013815410586,654132001,1720697292
4.0,0,-6.804425239562988,-10.53225326538086,-5.085361957550049,-0.007989604957401752,-0.19974012672901154,-0.5832412242889404,11.344990730285645,-14.885540008544922,8.940110206604004,20.741593152949555,667132001,1720697292
4.0,0,-8.844316482543945,-3.823598623275757,-3.478828191757202,-0.021305613219738007,-0.04101330414414406,-0.2665864825248718,11.51952838897705,-14.009920120239258,9.783516883850098,20.608119727343222,679132001,1720697292
4.0,0,-8.707844734191895,0.6679925322532654,-4.199493885040283,0.032491061836481094,-0.013582328334450722,-0.10706070810556412,11.170452117919922,-14.36016845703125,10.120879173278809,20.818876863874422,692132001,1720697292
4.0,0,-9.047825813293457,2.6216909885406494,-5.410978317260742,0.043942827731370926,0.026365695521235466,-0.05060083419084549,11.170452117919922,-14.36016845703125,10.120879173278809,20.818876863874422,704132001,1720697292
4.0,0,-7.5466389656066895,2.5857772827148438,-4.446100234985352,0.07030852884054184,0.02982785925269127,-0.03195841982960701,10.297760963439941,-14.535292625427246,8.940110206604004,19.93098550180528,717132001,1720697292
4.0,0,-8.185900688171387,-0.06943290680646896,-7.431715488433838,0.07243908941745758,0.051932431757450104,-0.02769729681313038,12.217681884765625,-14.009920120239258,8.434065818786621,20.41281652904468,730132001,1720697292
4.0,0,-6.804425239562988,-1.599351167678833,-7.570581436157227,0.07350436598062515,-0.012250727973878384,0.001065280637703836,10.821375846862793,-13.659672737121582,8.771429061889648,19.50965920491925,742132001,1720697292
4.0,0,-8.62883472442627,1.223455786705017,-3.8068387508392334,0.06871060281991959,-0.03488794341683388,0.02902889810502529,10.297760963439941,-13.484548568725586,8.940110206604004,19.178177741086138,755132001,1720697292
4.0,0,-10.106080055236816,8.020697593688965,-4.69031286239624,0.11185447126626968,0.022370893508195877,-0.07962973415851593,10.472298622131348,-13.659672737121582,8.771429061889648,19.318221075039986,767132001,1720697292
4.0,0,-1.2402154207229614,-5.794056415557861,-12.842694282531738,0.2538031339645386,0.20107172429561615,-0.8346474170684814,10.123222351074219,-12.959176063537598,9.783516883850098,19.13470871562027,780132001,1720697292
4.0,0,-2.425363302230835,22.905675888061523,-11.525862693786621,0.49056175351142883,-0.036752182990312576,-1.8136403560638428,10.297760963439941,-12.433804512023926,10.289560317993164,19.144670982834718,792132001,1720697292
4.0,0,-15.706202507019043,27.95751953125,-17.609622955322266,1.5281450748443604,0.2514062225818634,-2.6075406074523926,10.297760963439941,-12.083556175231934,9.952198028564453,18.737728152043818,805132001,1720697292
4.0,0,9.301615715026855,-14.937652587890625,-16.774032592773438,1.060486912727356,-0.13182848691940308,-3.0536270141601562,9.774145126342773,-10.15719223022461,10.120879173278809,17.35323203880632,817132001,1720697292
4.0,0,-8.20505428314209,10.802803039550781,-12.423702239990234,1.6906005144119263,-0.1976095587015152,-3.3569655418395996,9.425068855285645,-10.857687950134277,9.44615364074707,17.20323019534313,830132001,1720697292
4.0,0,-2.7653450965881348,-6.395010471343994,-2.394238233566284,1.6104381084442139,-0.2527378499507904,-3.2070276737213135,10.64683723449707,-7.180084228515625,9.952198028564453,16.246691916393758,842132001,1720697292
4.0,0,-6.60330867767334,-9.201057434082031,1.8220152854919434,1.5308083295822144,-0.173907071352005,-3.02433180809021,11.694067001342773,-5.779092311859131,9.614835739135742,16.20475785908093,855132001,1720697292
4.0,0,-8.968816757202148,-7.335946083068848,0.7829159498214722,1.4104316234588623,-0.036752182990312576,-2.8605449199676514,10.64683723449707,-5.779092311859131,9.277472496032715,15.258589284776821,867132001,1720697292
4.0,0,-9.581741333007812,-6.593731880187988,-3.742194175720215,1.3228123188018799,0.017310811206698418,-2.803818941116333,11.344990730285645,-0.8756200075149536,9.614835739135742,14.896999407880422,880132001,1720697292
4.0,0,-6.323183059692383,0.8308007121086121,-9.323163032531738,1.3638255596160889,-0.02982785925269127,-2.6959588527679443,10.472298622131348,0.7004960179328918,9.10879135131836,13.897115275627748,892132001,1720697292
4.0,0,-3.5482609272003174,-5.853912353515625,-9.778068542480469,1.5036436319351196,-0.06178628280758858,-2.590496301651001,10.472298622131348,0.7004960179328918,9.10879135131836,13.897115275627748,905132001,1720697292
4.0,0,-1.6999092102050781,-11.552199363708496,-6.8690690994262695,1.3726141452789307,-0.22477422654628754,-2.637368679046631,9.075992584228516,3.8527281284332275,9.44615364074707,13.65455872685715,917132001,1720697292
4.0,0,-11.928094863891602,7.668745040893555,-6.117279052734375,1.4743484258651733,-0.2282363772392273,-2.5849034786224365,9.425068855285645,3.8527281284332275,8.09670352935791,13.008921746279086,930132001,1720697292
4.0,0,-3.5003764629364014,-6.102912902832031,-3.1843366622924805,1.5353357791900635,-0.21092556416988373,-2.566261053085327,9.599607467651367,4.728348255157471,8.602747917175293,13.73014976180167,942132001,1720697292
4.0,0,-4.0917534828186035,-12.718193054199219,-5.528295993804932,1.4256118535995483,-0.22557318210601807,-2.5385637283325195,9.250530242919922,6.129340171813965,8.265384674072266,13.836824221163512,955132001,1720697292
4.0,0,-11.91851806640625,2.554651975631714,-7.187503337860107,1.5936599969863892,-0.1270347237586975,-2.4048712253570557,10.123222351074219,8.405952453613281,9.10879135131836,16.003429235746566,967132001,1720697292
4.0,0,-4.335965156555176,-7.1587724685668945,-6.8762526512146,1.5486516952514648,-0.15872682631015778,-2.3430848121643066,10.123222351074219,8.405952453613281,9.10879135131836,16.003429235746566,980132001,1720697292
4.0,0,-5.154795169830322,-6.011932373046875,-3.636847972869873,1.4775443077087402,-0.27723929286003113,-2.337225914001465,7.330609321594238,12.25868034362793,7.421977996826172,16.09654727506697,992132001,1720697292
4.0,0,-5.154795169830322,-6.011932373046875,-3.636847972869873,1.4775443077087402,-0.27723929286003113,-2.337225914001465,7.679685592651367,11.20793628692627,9.10879135131836,16.357429091872223,5132001,1720697293
4.0,0,3.763742446899414,-16.637561798095703,-2.4062094688415527,1.5001815557479858,-0.32251372933387756,-2.284494400024414,8.203300476074219,12.083556175231934,6.578571796417236,16.01824195788544,17132001,1720697293
4.0,0,-7.216233730316162,-4.549052715301514,-5.059025287628174,1.591262936592102,-0.2569989860057831,-2.1830263137817383,5.934302806854248,13.659672737121582,8.09670352935791,16.95167298914823,30132001,1720697293
4.0,0,-4.575389385223389,-6.488385200500488,-4.347936630249023,1.646125078201294,-0.20346862077713013,-2.1009998321533203,6.806994438171387,14.885540008544922,6.241209030151367,17.517624404733958,42132001,1720697293
4.0,0,3.636847972869873,-10.798014640808105,-1.8794770240783691,1.5984536409378052,-0.3097303509712219,-2.106326103210449,6.632455825805664,14.009920120239258,7.084615707397461,17.042861020915797,55132001,1720697293
4.0,0,-10.486763954162598,-3.0574424266815186,-4.764533996582031,1.6756864786148071,-0.16831433773040771,-2.0107171535491943,6.4579176902771,15.936284065246582,6.241209030151367,18.29269091360451,67132001,1720697293
4.0,0,0.9912146329879761,-9.141201972961426,-3.3998184204101562,1.678882360458374,-0.22850270569324493,-1.989944338798523,5.236149311065674,18.2128963470459,5.060439586639404,19.61466037855457,80132001,1720697293
4.0,0,-3.4357316493988037,-6.500357151031494,-3.3327796459198,1.617362380027771,-0.2524715065956116,-1.9252285957336426,3.1416897773742676,19.263641357421875,5.060439586639404,20.16348535880292,92132001,1720697293
4.0,0,-11.24813175201416,-2.2026991844177246,-4.379061698913574,1.7318799495697021,-0.11212079226970673,-1.8163034915924072,3.1416897773742676,19.263641357421875,5.060439586639404,20.16348535880292,105132001,1720697293
4.0,0,2.3631131649017334,-12.737346649169922,-0.4596937298774719,1.6961930990219116,-0.15180249512195587,-1.8080476522445679,1.9199213981628418,19.438764572143555,4.2170329093933105,19.983368905798972,117132001,1720697293
4.0,0,-4.7070722579956055,-6.699078559875488,-1.7645535469055176,1.6887363195419312,-0.17790187895298004,-1.7622405290603638,2.0944597721099854,20.66463279724121,3.710988998413086,21.099413492515545,130132001,1720697293
4.0,0,-8.260122299194336,-6.689501762390137,-3.3710873126983643,1.7262873649597168,-0.0644494816660881,-1.678882360458374,1.3963065147399902,23.466615676879883,3.036263942718506,23.70338840628788,142132001,1720697293
4.0,0,4.6855244636535645,-13.185070037841797,-0.014365429058670998,1.6477229595184326,-0.22610582411289215,-1.6557124853134155,2.268998146057129,23.291492462158203,2.530219793319702,23.53813896432957,155132001,1720697293
4.0,0,-9.313586235046387,-4.980015754699707,-2.3822669982910156,1.6996554136276245,-0.07989604771137238,-1.5422601699829102,0.5236149430274963,22.94124412536621,1.855494499206543,23.022113596818105,167132001,1720697293
4.0,0,-2.214670419692993,-9.70145320892334,-0.852348804473877,1.7153682708740234,-0.020240332931280136,-1.5238840579986572,0.5236149430274963,22.94124412536621,1.855494499206543,23.022113596818105,180132001,1720697293
4.0,0,1.3407734632492065,-9.78525161743164,-0.13407734036445618,1.6876708269119263,-0.09454365819692612,-1.5052415132522583,0.34907662868499756,24.86760902404785,2.3615384101867676,24.98192740219192,192132001,1720697293
4.0,0,-7.113282203674316,-7.2856669425964355,-1.9489099979400635,1.7012532949447632,0.057258836925029755,-1.3726141452789307,-3.665304660797119,25.743228912353516,-0.1686813235282898,26.00339874860981,205132001,1720697293
4.0,0,5.535478591918945,-10.029463768005371,0.016759667545557022,1.6730233430862427,-0.058324117213487625,-1.345449447631836,-1.7453831434249878,26.969097137451172,-1.0120879411697388,27.0444612578489,218132001,1720697293
4.0,0,-8.008727073669434,-6.7158379554748535,-2.7007007598876953,1.671425461769104,0.005060083232820034,-1.2679502964019775,-3.316227912902832,28.194965362548828,-0.843406617641449,28.40184455433001,230132001,1720697293
4.0,0,-6.433318138122559,-7.2186279296875,-1.5538605451583862,1.7031174898147583,0.09987006336450577,-1.1963101625442505,-2.4435362815856934,25.918352127075195,-1.0120879411697388,26.052949325232838,243132001,1720697293
4.0,0,1.1133207082748413,-9.531462669372559,0.3687126934528351,1.676751732826233,0.03408898040652275,-1.20376718044281,-2.7926130294799805,26.268600463867188,-4.385714530944824,26.778210354869596,255132001,1720697293
4.0,0,-2.0997469425201416,-9.988761901855469,0.25857773423194885,1.646125078201294,0.11212079226970673,-1.1156152486801147,-4.188919544219971,28.7203369140625,-3.373626470565796,29.219619350157718,268132001,1720697293
4.0,0,5.0925445556640625,-9.744549751281738,2.145237445831299,1.6139001846313477,0.10173431038856506,-1.0311917066574097,-2.618074655532837,26.79397201538086,-2.8675825595855713,27.073867123094832,280132001,1720697293
4.0,0,1.8962366580963135,-9.931300163269043,1.3814754486083984,1.6112370491027832,0.1331600844860077,-1.0048259496688843,-4.014381408691406,25.743228912353516,-3.8796703815460205,26.341619828661383,293132001,1720697293
4.0,0,-4.5418701171875,-7.745360374450684,0.04549052566289902,1.594192624092102,0.20213700830936432,-0.924397349357605,-5.4106879234313965,27.14422035217285,-3.2049450874328613,27.863164130183442,305132001,1720697293
4.0,0,-1.9034193754196167,-7.010329723358154,1.209090232849121,1.5992525815963745,0.30919772386550903,-0.8804544806480408,-4.887072563171387,27.669591903686523,-5.397802352905273,28.611642116370867,318132001,1720697293
4.0,0,1.8148326873779297,-9.955243110656738,2.607325315475464,1.581675410270691,0.2522051930427551,-0.8889767527580261,-5.4106879234313965,27.844717025756836,-4.55439567565918,28.728841431907796,330132001,1720697293
4.0,0,-7.022300720214844,-8.743758201599121,0.38307812809944153,1.5023120641708374,0.381370484828949,-0.7523544430732727,-4.887072563171387,27.319345474243164,-5.060439586639404,28.21060375441795,343132001,1720697293
4.0,0,3.6200881004333496,-6.509933948516846,2.066227674484253,1.488996148109436,0.31292617321014404,-0.721461296081543,-7.330609321594238,29.420833587646484,-7.421977996826172,31.21552561471941,355132001,1720697293
4.0,0,-7.221022129058838,-8.698267936706543,0.617713451385498,1.4599671363830566,0.3621954321861267,-0.6889702677726746,-3.8398427963256836,27.319345474243164,-5.397802352905273,28.110981841312025,368132001,1720697293
4.0,0,-7.065396785736084,-8.650382995605469,1.209090232849121,1.4351993799209595,0.4924260079860687,-0.6149332523345947,-3.8398427963256836,27.319345474243164,-5.397802352905273,28.110981841312025,380132001,1720697293
4.0,0,1.9680639505386353,-8.06618881225586,3.0574424266815186,1.421617031097412,0.44688525795936584,-0.6114711165428162,-5.4106879234313965,28.89546012878418,-8.940110206604004,30.72700327668072,393132001,1720697293
4.0,0,-1.640053153038025,-8.853893280029297,2.197910785675049,1.3646245002746582,0.4982850253582001,-0.5116010308265686,-6.1088409423828125,29.245708465576172,-7.928022384643555,30.910887082777414,405132001,1720697293
4.0,0,-2.061439037322998,-8.437294960021973,2.293680191040039,1.3084310293197632,0.5318413972854614,-0.4990839958190918,-6.806994438171387,29.946205139160156,-6.915934085845947,31.47920773777072,418132001,1720697293
4.0,0,3.2825005054473877,-7.12046480178833,4.079782009124756,1.2977782487869263,0.49508920311927795,-0.4189216196537018,-4.188919544219971,29.771080017089844,-8.771429061889648,31.31776205477774,430132001,1720697293
4.0,0,-7.405378818511963,-9.869050025939941,0.08619257807731628,1.2410519123077393,0.606943666934967,-0.40187713503837585,-4.712534427642822,28.545211791992188,-9.277472496032715,30.38270219871913,443132001,1720697293
4.0,0,-2.628873586654663,-8.561796188354492,3.124480962753296,1.20376718044281,0.6668657064437866,-0.3246442973613739,-5.759764194488525,28.89546012878418,-9.952198028564453,31.099336732959923,455132001,1720697293
4.0,0,3.016740322113037,-7.608889102935791,5.372670650482178,1.1923154592514038,0.5595386624336243,-0.3321012556552887,-5.061611175537109,27.494468688964844,-10.289560317993164,29.789944070414265,468132001,1720697293
4.0,0,-4.99916934967041,-9.632019996643066,3.3160200119018555,1.0767325162887573,0.7017536759376526,-0.2170509397983551,-6.632455825805664,29.771080017089844,-10.458242416381836,32.24409263888562,480132001,1720697293
4.0,0,7.893803596496582,-3.2130677700042725,7.0797624588012695,1.0719387531280518,0.5994866490364075,-0.24607984721660614,-6.1088409423828125,27.494468688964844,-9.277472496032715,29.653587338843916,493132001,1720697293
4.0,0,-3.737405776977539,-7.0534257888793945,2.782104730606079,0.9960374236106873,0.6636698842048645,-0.1813640296459198,-5.236149311065674,27.669591903686523,-10.795604705810547,30.159055964808434,505132001,1720697293
4.0,0,5.243381977081299,-1.692726492881775,6.574578285217285,0.9004284739494324,0.5438258051872253,0.029295219108462334,-5.236149311065674,27.844717025756836,-10.795604705810547,30.319805520754333,518132001,1720697293
4.0,0,-39.22719955444336,-16.826705932617188,1.3742928504943848,0.6964272856712341,0.5957582592964172,0.24368295073509216,-4.363457679748535,27.14422035217285,-11.30164909362793,29.72500182818787,530132001,1720697293
4.0,0,-33.6390495300293,-16.015060424804688,4.323994159698486,0.3403571844100952,0.31985053420066833,-0.1350243240594864,-4.014381408691406,28.545211791992188,-10.289560317993164,30.607506038254026,543132001,1720697293
4.0,0,-39.22719955444336,-15.938444137573242,2.0758044719696045,0.18935364484786987,0.19734324514865875,-0.12090936303138733,-2.618074655532837,28.545211791992188,-9.952198028564453,30.343527757190582,555132001,1720697293
4.0,0,-9.1052885055542,-8.549824714660645,9.306404113769531,-0.131295844912529,0.10972391068935394,-0.3829684257507324,-3.1416897773742676,28.370088577270508,-12.145055770874023,31.019905225791277,568132001,1720697293
4.0,0,-2.57859468460083,-10.364657402038574,0.9337528944015503,-0.13555696606636047,-0.018109772354364395,-0.24155238270759583,-3.1416897773742676,28.370088577270508,-12.145055770874023,31.019905225791277,580132001,1720697293
4.0,0,6.339942932128906,-11.188275337219238,-3.6488189697265625,-0.1645858734846115,-0.046872351318597794,-0.13608960807323456,-3.1416897773742676,28.7203369140625,-9.44615364074707,30.396673925268832,593132001,1720697293
4.0,0,7.249752998352051,-6.189105987548828,-3.2657408714294434,0.014647609554231167,-0.06258523464202881,0.007723285350948572,-3.8398427963256836,27.669591903686523,-11.132966995239258,30.071475902159104,605132001,1720697293
4.0,0,2.4421229362487793,-7.889015197753906,-2.9975860118865967,0.09214677661657333,-0.050068192183971405,0.14274761080741882,-3.1416897773742676,30.471576690673828,-9.783516883850098,32.15749373457849,618132001,1720697293
4.0,0,-3.2322216033935547,-8.353497505187988,1.0893784761428833,0.19681060314178467,-0.022370893508195877,0.18935364484786987,-4.537996292114258,28.7203369140625,-10.795604705810547,31.016064285602432,630132001,1720697293
4.0,0,-6.438106536865234,-11.35826587677002,5.16916036605835,0.1720428317785263,-0.022104574367403984,0.09214677661657333,-4.537996292114258,28.7203369140625,-10.795604705810547,31.016064285602432,643132001,1720697293
4.0,0,-5.487593650817871,-10.436484336853027,6.720626354217529,0.07483596354722977,0.022370893508195877,-0.016245530918240547,-5.061611175537109,29.946205139160156,-8.602747917175293,31.565842007705864,655132001,1720697293
4.0,0,-1.2833117246627808,-8.319977760314941,4.367090702056885,0.007723285350948572,-0.0007989605655893683,-0.07137380540370941,-3.4907662868499756,26.969097137451172,-10.458242416381836,29.13575954250195,668132001,1720697293
4.0,0,-0.20111601054668427,-8.750940322875977,0.7853101491928101,0.000266320159425959,-0.005060083232820034,-0.032491061836481094,-3.1416897773742676,27.669591903686523,-11.470330238342285,30.11718789247167,680132001,1720697293
4.0,0,-1.9489099979400635,-9.217817306518555,-1.0534647703170776,0.058324117213487625,0.006924324203282595,0.0197076927870512,-4.363457679748535,28.89546012878418,-11.63901138305664,31.455587181803406,693132001,1720697293
4.0,0,-2.449305772781372,-8.454055786132812,-0.36152997612953186,0.09667421877384186,0.0015979211311787367,0.01757713221013546,-5.061611175537109,28.545211791992188,-10.289560317993164,30.762380848686462,706132001,1720697293
4.0,0,-2.8706917762756348,-9.239365577697754,2.2841031551361084,0.12437152117490768,0.030360499396920204,0.01651185005903244,-5.061611175537109,28.545211791992188,-10.289560317993164,30.762380848686462,718132001,1720697293
4.0,0,-3.5410783290863037,-9.734972953796387,4.867486476898193,0.09614157676696777,0.012517048045992851,0.01651185005903244,-3.665304660797119,29.420833587646484,-10.626923561096191,31.495260145327105,731132001,1720697293
4.0,0,-3.06701922416687,-9.54103946685791,4.144426345825195,0.04154594615101814,0.0037284824065864086,-0.018376091495156288,-4.014381408691406,27.494468688964844,-11.30164909362793,29.99647210620636,743132001,1720697293
4.0,0,-2.6480274200439453,-8.968816757202148,1.302465558052063,0.016778171062469482,-0.004527443088591099,-0.014647609554231167,-4.363457679748535,27.14422035217285,-9.952198028564453,29.23858250753674,756132001,1720697293
4.0,0,-2.4924020767211914,-8.719816207885742,-0.14604853093624115,0.0556609146296978,0.01651185005903244,0.015979209914803505,-3.4907662868499756,28.019840240478516,-11.807692527770996,30.60585726951177,768132001,1720697293
4.0,0,-1.795678734779358,-9.050220489501953,0.8308007121086121,0.08682037144899368,0.012517048045992851,-0.005592723377048969,-4.537996292114258,27.319345474243164,-11.132966995239258,29.84766325200986,781132001,1720697293
4.0,0,-1.5778030157089233,-9.320769309997559,2.425363302230835,0.08522245287895203,0.015446570701897144,-0.0015979211311787367,-3.665304660797119,28.89546012878418,-10.964285850524902,31.122301305055156,792791799,1720697293
4.0,0,-2.7007007598876953,-9.1052885055542,3.28010630607605,0.07643388956785202,0.01145176775753498,0.014114969410002232,-3.1416897773742676,26.969097137451172,-11.470330238342285,29.474919691886598,805791799,1720697293
4.0,0,-3.1915197372436523,-9.196269035339355,2.942518949508667,0.052997712045907974,0.009587526321411133,-0.0007989605655893683,-5.061611175537109,28.194965362548828,-10.626923561096191,30.553354707151744,817791799,1720697293
4.0,0,-3.2058849334716797,-9.45484733581543,1.625687837600708,0.047138672322034836,0.006125363986939192,-0.017044490203261375,-4.887072563171387,28.7203369140625,-11.132966995239258,31.187885225068566,830791799,1720697293
4.0,0,-3.023922920227051,-8.949663162231445,0.7470023036003113,0.056459877640008926,0.005326403304934502,-0.028229938820004463,-4.014381408691406,29.245708465576172,-11.976373672485352,31.856871285343153,842791799,1720697293
4.0,0,-2.5163443088531494,-8.741363525390625,1.534706711769104,0.08042868971824646,0.03835010528564453,-0.012517048045992851,-4.887072563171387,26.969097137451172,-10.795604705810547,29.457779271545544,855791799,1720697293
4.0,0,-2.0805928707122803,-8.971210479736328,2.394238233566284,0.07430332899093628,0.01384864840656519,-0.010120166465640068,-3.665304660797119,27.14422035217285,-10.626923561096191,29.379834260205712,867791799,1720697293
4.0,0,-2.1500258445739746,-8.971210479736328,2.8515377044677734,0.06977588683366776,0.018908733502030373,0.002663201652467251,-3.8398427963256836,25.918352127075195,-11.132966995239258,28.468374098297996,880791799,1720697293
4.0,0,-2.995191812515259,-9.256125450134277,1.975246548652649,0.05965571850538254,0.013049688190221786,0.0007989605655893683,-4.188919544219971,27.319345474243164,-10.458242416381836,29.551117043672082,892791799,1720697293
4.0,0,-3.122086763381958,-9.313586235046387,1.3742928504943848,0.06072099879384041,0.01384864840656519,-0.010386486537754536,-5.236149311065674,30.121328353881836,-11.470330238342285,32.6539455071936,905791799,1720697293
4.0,0,-2.3870553970336914,-9.098105430603027,1.5562547445297241,0.07030852884054184,0.018109772354364395,-0.01651185005903244,-5.236149311065674,30.121328353881836,-11.470330238342285,32.6539455071936,917791799,1720697293
4.0,0,-1.881871223449707,-8.997547149658203,2.346353530883789,0.07084116339683533,0.017044490203261375,-0.012517048045992851,-4.363457679748535,27.14422035217285,-9.277472496032715,29.01585699862947,930791799,1720697293
4.0,0,-2.042285203933716,-8.987970352172852,2.341564893722534,0.06258523464202881,0.007456964813172817,-0.0031958422623574734,-2.618074655532837,27.14422035217285,-11.30164909362793,29.519320548833083,942791799,1720697293
4.0,0,-2.6719701290130615,-9.248942375183105,1.743005394935608,0.06285155564546585,0.0143812894821167,0.002396881580352783,-3.1416897773742676,28.370088577270508,-11.807692527770996,30.889379135389103,955791799,1720697293
4.0,0,-2.9784324169158936,-9.155567169189453,1.5275241136550903,0.06764532625675201,0.013316008262336254,-0.004793763160705566,-4.014381408691406,27.14422035217285,-9.277472496032715,28.965418217875012,967791799,1720697293
4.0,0,-2.683941125869751,-9.315980911254883,1.8722944259643555,0.07110748440027237,0.013582328334450722,-0.01145176775753498,-4.537996292114258,27.669591903686523,-10.795604705810547,30.045711964070954,980791799,1720697293
4.0,0,-2.0973527431488037,-8.992758750915527,2.37747859954834,0.06897692382335663,0.015979209914803505,-0.00878856610506773,-4.537996292114258,27.669591903686523,-10.795604705810547,30.045711964070954,992791799,1720697293
4.0,0,-2.0279197692871094,-9.119653701782227,2.214670419692993,0.06285155564546585,0.008522245101630688,-0.00719064474105835,-4.014381408691406,25.392980575561523,-11.976373672485352,28.361104473350334,5791799,1720697294
4.0,0,-2.549863576889038,-9.1052885055542,1.7382169961929321,0.06258523464202881,0.010386486537754536,-0.0018642412032932043,-4.188919544219971,29.070585250854492,-11.132966995239258,31.410013178797513,17791799,1720697294
4.0,0,-2.8706917762756348,-9.148384094238281,1.5801972150802612,0.0700422003865242,0.013582328334450722,-0.005060083232820034,-3.4907662868499756,28.019840240478516,-10.795604705810547,30.22981934010632,30791799,1720697294
4.0,0,-2.7749221324920654,-9.22260570526123,1.9489099979400635,0.07297173142433167,0.015446570701897144,-0.011718087829649448,-4.014381408691406,27.844717025756836,-8.602747917175293,29.41854510449801,42791799,1720697294
4.0,0,-2.267343759536743,-9.08613395690918,2.37747859954834,0.07110748440027237,0.016778171062469482,-0.011984407901763916,-5.236149311065674,29.420833587646484,-12.145055770874023,32.256861103917124,55791799,1720697294
4.0,0,-2.05904483795166,-9.1052885055542,2.188333749771118,0.0644494816660881,0.010386486537754536,-0.0031958422623574734,-3.8398427963256836,26.969097137451172,-10.458242416381836,29.179640634346054,67791799,1720697294
4.0,0,-2.4421229362487793,-9.184297561645508,1.7789191007614136,0.06258523464202881,0.006924324203282595,0.000532640318851918,-4.712534427642822,27.14422035217285,-11.30164909362793,29.77824627970114,80791799,1720697294
4.0,0,-2.7246429920196533,-9.203451156616211,1.5849857330322266,0.0663137212395668,0.010652806609869003,-0.004261122550815344,-2.4435362815856934,28.019840240478516,-12.145055770874023,30.63632968126249,92791799,1720697294
4.0,0,-2.573806047439575,-9.19387435913086,1.8938424587249756,0.07030852884054184,0.015446570701897144,-0.010386486537754536,-4.363457679748535,27.844717025756836,-11.63901138305664,30.493189651828015,105791799,1720697294
4.0,0,-2.341564893722534,-9.026278495788574,2.3152284622192383,0.06950956583023071,0.014114969410002232,-0.009587526321411133,-4.363457679748535,27.844717025756836,-11.63901138305664,30.493189651828015,117791799,1720697294
4.0,0,-2.3080456256866455,-9.08613395690918,2.2290358543395996,0.061519961804151535,0.02050665207207203,-0.005859043914824724,-4.537996292114258,28.370088577270508,-11.132966995239258,30.812307449240212,130791799,1720697294
4.0,0,-2.5402867794036865,-9.19387435913086,1.807649850845337,0.06098731979727745,0.013316008262336254,-0.0018642412032932043,-3.8398427963256836,27.669591903686523,-11.132966995239258,30.071475902159104,142791799,1720697294
4.0,0,-2.6695754528045654,-9.110076904296875,1.6424474716186523,0.06711268424987793,0.015446570701897144,-0.007989604957401752,-3.4907662868499756,27.319345474243164,-11.470330238342285,29.834553158830587,155791799,1720697294
4.0,0,-2.650421619415283,-9.11486530303955,1.6663898229599,0.06711268424987793,0.015446570701897144,-0.007989604957401752,-4.537996292114258,26.268600463867188,-10.458242416381836,28.63577509196031,167791799,1720697294
4.0,0,-2.317622661590576,-9.11725902557373,2.264949321746826,0.06897692382335663,0.018109772354364395,-0.00825592502951622,-3.665304660797119,29.595956802368164,-11.63901138305664,32.012836539098274,180791799,1720697294
4.0,0,-2.3655073642730713,-9.064586639404297,2.2026991844177246,0.06524843722581863,0.013049688190221786,-0.0031958422623574734,-3.665304660797119,29.595956802368164,-11.63901138305664,32.012836539098274,193791799,1720697294
4.0,0,-2.4924020767211914,-9.119653701782227,1.8555346727371216,0.06125364080071449,0.0098538463935256,0.0,-4.188919544219971,27.319345474243164,-11.470330238342285,29.924273756695047,205791799,1720697294
4.0,0,-2.607325315475464,-9.141201972961426,1.7717362642288208,0.06791163980960846,0.012783369049429893,-0.00878856610506773,-4.014381408691406,29.595956802368164,-10.626923561096191,31.701221136029933,218791799,1720697294
4.0,0,-2.4852192401885986,-9.174720764160156,1.9321502447128296,0.07057484239339828,0.015712888911366463,-0.011984407901763916,-4.887072563171387,27.669591903686523,-10.458242416381836,29.981071174894094,230791799,1720697294
4.0,0,-2.3295936584472656,-9.095710754394531,2.140449047088623,0.06711268424987793,0.010919126681983471,-0.0037284824065864086,-4.537996292114258,29.420833587646484,-11.807692527770996,32.02499745776117,243791799,1720697294
4.0,0,-2.3655073642730713,-9.13880729675293,2.1548144817352295,0.0631178766489029,0.0098538463935256,-0.004261122550815344,-5.934302806854248,27.319345474243164,-10.458242416381836,29.848574863539078,255791799,1720697294
4.0,0,-2.604931116104126,-9.160355567932129,1.8603230714797974,0.06604740023612976,0.010386486537754536,-0.002663201652467251,-4.014381408691406,27.844717025756836,-10.964285850524902,30.19369286044588,268791799,1720697294
4.0,0,-2.6097195148468018,-9.141201972961426,1.6975148916244507,0.0681779608130455,0.0098538463935256,-0.00719064474105835,-3.665304660797119,28.194965362548828,-9.952198028564453,30.123691268693342,280791799,1720697294
4.0,0,-2.5115559101104736,-9.205845832824707,1.9106022119522095,0.0681779608130455,0.013049688190221786,-0.010919126681983471,-3.1416897773742676,28.7203369140625,-12.145055770874023,31.340554347237692,293791799,1720697294
4.0,0,-2.3295936584472656,-9.069375038146973,2.121295213699341,0.06391683965921402,0.011718087829649448,-0.006125363986939192,-3.316227912902832,28.545211791992188,-11.976373672485352,31.13294091734679,305791799,1720697294
4.0,0,-2.3631131649017334,-9.088528633117676,2.1260836124420166,0.06791163980960846,0.012783369049429893,-0.004527443088591099,-2.618074655532837,28.545211791992188,-11.976373672485352,31.066331574465522,318791799,1720697294
4.0,0,-2.60014271736145,-9.174720764160156,1.8770828247070312,0.06578107923269272,0.012517048045992851,-0.0007989605655893683,-3.665304660797119,29.245708465576172,-9.952198028564453,31.109358198292956,330791799,1720697294
4.0,0,-2.6911237239837646,-9.217817306518555,1.714274525642395,0.06711268424987793,0.015446570701897144,-0.006391684524714947,-2.4435362815856934,28.370088577270508,-10.795604705810547,30.45287960777632,343791799,1720697294
4.0,0,-2.576200246810913,-9.162749290466309,1.9704581499099731,0.0737706869840622,0.012783369049429893,-0.007456964813172817,-3.665304660797119,27.494468688964844,-10.289560317993164,29.584714267380527,355791799,1720697294
4.0,0,-2.272132158279419,-9.014307022094727,2.1572086811065674,0.06604740023612976,0.011185446754097939,-0.004793763160705566,-4.887072563171387,28.7203369140625,-10.458242416381836,30.953449971445377,368791799,1720697294
4.0,0,-2.341564893722534,-9.153172492980957,2.094958543777466,0.06338419765233994,0.011185446754097939,-0.005592723377048969,-2.967151403427124,28.545211791992188,-11.63901138305664,30.969334666335204,380791799,1720697294
4.0,0,-2.5331039428710938,-9.136412620544434,1.8531404733657837,0.06578107923269272,0.015446570701897144,-0.005060083232820034,-2.967151403427124,28.545211791992188,-11.63901138305664,30.969334666335204,393791799,1720697294
4.0,0,-2.5331039428710938,-9.136412620544434,1.8531404733657837,0.06578107923269272,0.015446570701897144,-0.005060083232820034,-4.363457679748535,27.494468688964844,-11.63901138305664,30.173699762978135,405791799,1720697294
4.0,0,-2.5642292499542236,-9.17232608795166,1.958486795425415,0.06977588683366776,0.019974011927843094,-0.008522245101630688,-2.967151403427124,28.194965362548828,-11.63901138305664,30.64680481259196,418791799,1720697294
4.0,0,-2.3655073642730713,-9.107682228088379,2.0710160732269287,0.06791163980960846,0.016245530918240547,-0.010386486537754536,-3.316227912902832,29.245708465576172,-11.63901138305664,31.650835963663134,430791799,1720697294
4.0,0,-2.449305772781372,-9.107682228088379,2.015948534011841,0.06551475822925568,0.014647609554231167,-0.005060083232820034,-3.8398427963256836,28.019840240478516,-11.132966995239258,30.39405852990877,443791799,1720697294
4.0,0,-2.52592134475708,-9.11486530303955,1.8938424587249756,0.06658004224300385,0.01145176775753498,-0.006391684524714947,-4.014381408691406,28.89546012878418,-10.964285850524902,31.165340337635076,455791799,1720697294
4.0,0,-2.4612767696380615,-9.141201972961426,1.8962366580963135,0.0644494816660881,0.01384864840656519,-0.007989604957401752,-4.014381408691406,28.89546012878418,-10.964285850524902,31.165340337635076,468791799,1720697294
4.0,0,-2.4612767696380615,-9.141201972961426,1.8962366580963135,0.0644494816660881,0.01384864840656519,-0.007989604957401752,-4.537996292114258,27.319345474243164,-10.795604705810547,29.723477731456864,480791799,1720697294
4.0,0,-2.4373345375061035,-9.043037414550781,2.015948534011841,0.06897692382335663,0.016778171062469482,-0.007989604957401752,-4.014381408691406,28.89546012878418,-10.626923561096191,31.04825886458023,493791799,1720697294
4.0,0,-2.454094171524048,-9.141201972961426,1.98482346534729,0.06231892108917236,0.011984407901763916,-0.005592723377048969,-2.967151403427124,28.89546012878418,-11.63901138305664,31.292462183087125,505791799,1720697294
4.0,0,-2.5426809787750244,-9.095710754394531,1.9513041973114014,0.0663137212395668,0.013049688190221786,-0.005592723377048969,-5.236149311065674,26.268600463867188,-11.807692527770996,29.272482518031094,518791799,1720697294
4.0,0,-2.523527145385742,-9.126835823059082,1.8411691188812256,0.06604740023612976,0.012250727973878384,-0.006658004131168127,-5.236149311065674,28.89546012878418,-11.807692527770996,31.651010702540113,530791799,1720697294
4.0,0,-2.403815269470215,-9.141201972961426,2.013554334640503,0.06365051865577698,0.011718087829649448,-0.010386486537754536,-5.061611175537109,28.194965362548828,-11.63901138305664,30.91993799254087,543791799,1720697294
4.0,0,-2.446911573410034,-9.131624221801758,1.996794581413269,0.06658004224300385,0.0143812894821167,-0.007723285350948572,-4.014381408691406,27.844717025756836,-9.952198028564453,29.841075214185597,555791799,1720697294
4.0,0,-2.3798727989196777,-9.148384094238281,1.9776407480239868,0.06498212367296219,0.0098538463935256,-0.006391684524714947,-3.8398427963256836,26.969097137451172,-11.807692527770996,29.69003529705127,568791799,1720697294
4.0,0,-2.5139501094818115,-9.157960891723633,1.9632753133773804,0.06897692382335663,0.015446570701897144,-0.005592723377048969,-3.665304660797119,27.844717025756836,-11.30164909362793,30.27358579250953,580791799,1720697294
4.0,0,-2.607325315475464,-9.143595695495605,1.958486795425415,0.06418316066265106,0.01145176775753498,-0.009054886177182198,-3.665304660797119,27.844717025756836,-11.30164909362793,30.27358579250953,593791799,1720697294
4.0,0,-2.528315544128418,-9.131624221801758,1.946515679359436,0.06764532625675201,0.018376091495156288,-0.007723285350948572,-2.967151403427124,28.545211791992188,-9.614835739135742,30.266783277895776,605791799,1720697294
4.0,0,-5.032688617706299,-9.830741882324219,1.1755709648132324,0.07323804497718811,-0.002929521957412362,-0.020240332931280136,-4.363457679748535,28.545211791992188,-11.30164909362793,31.00961385454755,618791799,1720697294
4.0,0,10.256916999816895,14.001505851745605,20.382150650024414,0.48124057054519653,-0.7563492655754089,-0.10226695239543915,-4.188919544219971,28.7203369140625,-9.783516883850098,30.628777351076046,630791799,1720697294
4.0,0,-39.22719955444336,-33.99818420410156,15.354249000549316,0.1850925236940384,-1.5124322175979614,-0.2775056064128876,-4.887072563171387,28.370088577270508,-11.807692527770996,31.115382159797687,643791799,1720697294
4.0,0,9.055008888244629,6.074182510375977,28.71409797668457,0.14088337123394012,-2.270113229751587,-0.30413761734962463,-4.188919544219971,28.7203369140625,-12.819780349731445,31.72934867942564,656791799,1720697294
4.0,0,-21.725318908691406,-24.342220306396484,6.19868278503418,0.3440856635570526,-3.375075340270996,-0.7680673599243164,-4.188919544219971,28.7203369140625,-12.819780349731445,31.72934867942564,668791799,1720697294
4.0,0,-18.02621841430664,-14.729352951049805,-2.274526357650757,0.06737900525331497,-2.6102042198181152,-0.6474242806434631,-7.330609321594238,28.019840240478516,-13.157143592834473,31.81131414528876,681791799,1720697294
4.0,0,11.777257919311523,-4.285686492919922,-1.3144367933273315,0.7267877459526062,-3.7159652709960938,-1.0152125358581543,-7.505147457122803,28.545211791992188,-13.325824737548828,32.384162171325585,693791799,1720697294
4.0,0,-17.791584014892578,-19.594446182250977,-13.110848426818848,0.4924260079860687,-2.9023571014404297,-0.6711268424987793,-9.425068855285645,29.070585250854492,-14.843955993652344,33.97460638911894,706791799,1720697294
4.0,0,13.78841781616211,2.5690176486968994,-1.1061381101608276,1.0921789407730103,-3.2997069358825684,-0.7318478226661682,-12.043143272399902,28.89546012878418,-16.02472496032715,35.16783652697219,718791799,1720697294
4.0,0,-6.124461650848389,-11.628815650939941,-0.8475603461265564,1.0580899715423584,-2.976128101348877,-0.5851054191589355,-13.43945026397705,28.545211791992188,-16.362089157104492,35.54104530303856,731791799,1720697294
4.0,0,-2.573806047439575,-10.10368537902832,4.867486476898193,1.1089571714401245,-2.9433705806732178,-0.6274503469467163,-13.264911651611328,29.771080017089844,-15.518681526184082,36.09853962170973,743791799,1720697294
4.0,0,0.7422138452529907,-8.020697593688965,6.9744157791137695,1.0897821187973022,-2.982785940170288,-0.7331794500350952,-15.010294914245605,28.7203369140625,-16.868131637573242,36.53355404025713,756791799,1720697294
4.0,0,-1.3790812492370605,-11.889786720275879,4.357513904571533,1.0349202156066895,-2.901291847229004,-0.7233256101608276,-15.70844841003418,27.319345474243164,-17.880220413208008,36.232640955589424,768791799,1720697294
4.0,0,0.36152997612953186,-8.422929763793945,3.169971466064453,1.100967526435852,-2.855484962463379,-0.735576331615448,-18.501060485839844,27.319345474243164,-18.89230728149414,38.02045700225277,781791799,1720697294
4.0,0,-6.275298595428467,-11.801199913024902,-1.769342064857483,1.235459327697754,-2.8850462436676025,-0.7134717702865601,-19.37375259399414,26.093477249145508,-20.073078155517578,38.198695149998066,793791799,1720697294
4.0,0,3.8092329502105713,-7.26890754699707,1.2809175252914429,1.3390578031539917,-2.7763876914978027,-0.6889702677726746,-21.29367446899414,28.019840240478516,-19.904396057128906,40.431633678253476,806791799,1720697294
4.0,0,-1.3383792638778687,-8.817978858947754,1.9297560453414917,1.4394605159759521,-2.772925615310669,-0.7358426451683044,-23.562671661376953,26.4437255859375,-20.747802734375,41.04803816250858,818791799,1720697294
4.0,0,-5.11409330368042,-9.423721313476562,2.7653450965881348,1.4517111778259277,-2.6301779747009277,-0.7222603559494019,-24.9589786529541,26.4437255859375,-22.434616088867188,42.7262593415085,831791799,1720697294
4.0,0,3.38545298576355,-2.1811511516571045,5.303237438201904,1.5782133340835571,-2.7079434394836426,-0.748359739780426,-25.482593536376953,26.969097137451172,-23.615385055541992,43.98160052875513,843791799,1720697294
4.0,0,-2.5091617107391357,-10.462821960449219,4.2449846267700195,1.5462548732757568,-2.564396858215332,-0.7201297283172607,-28.973360061645508,26.268600463867188,-23.952747344970703,45.86097544714939,856791799,1720697294
4.0,0,7.9584479331970215,-5.319997310638428,4.620879650115967,1.7076449394226074,-2.626715660095215,-0.7499576210975647,-28.973360061645508,26.268600463867188,-23.952747344970703,45.86097544714939,868791799,1720697294
4.0,0,-3.8834545612335205,-13.115636825561523,1.7525824308395386,1.6975247859954834,-2.5010125637054443,-0.7374405264854431,-30.02058982849121,25.217857360839844,-24.96483612060547,46.48030965958447,881791799,1720697294
4.0,0,2.1787569522857666,-9.213027954101562,5.0446600914001465,1.8080476522445679,-2.4546730518341064,-0.7859108448028564,-32.46412658691406,24.86760902404785,-25.9769229888916,48.44706411739406,893791799,1720697294
4.0,0,-4.508350372314453,-10.520282745361328,2.9808266162872314,1.8599801063537598,-2.405670166015625,-0.7691326141357422,-33.16228103637695,23.116369247436523,-25.30219841003418,47.68967031863621,906791799,1720697294
4.0,0,1.6855436563491821,-6.066999435424805,4.841149806976318,1.9318864345550537,-2.331366777420044,-0.7736600637435913,-34.733123779296875,22.24074935913086,-26.145605087280273,48.832709170223744,918791799,1720697294
4.0,0,-2.4612767696380615,-8.001543998718262,2.559440851211548,2.0322892665863037,-2.344416379928589,-0.807216465473175,-34.90766143798828,21.014881134033203,-25.9769229888916,48.32153333781497,931791799,1720697294
4.0,0,-2.2888917922973633,-10.419724464416504,3.562626600265503,2.0091192722320557,-2.2075278759002686,-0.7771222591400146,-34.90766143798828,21.014881134033203,-25.9769229888916,48.32153333781497,943791799,1720697294
4.0,0,6.545847415924072,-6.253750324249268,5.56181526184082,2.138817310333252,-2.245877981185913,-0.7880414128303528,-38.04935073852539,20.31438446044922,-25.63956069946289,50.177827578440514,956791799,1720697294
4.0,0,0.3758954107761383,-11.085323333740234,4.230618953704834,2.110853672027588,-2.0725035667419434,-0.8186682462692261,-40.84196472167969,17.512399673461914,-28.001100540161133,52.52439296279596,968791799,1720697294
4.0,0,7.402984619140625,-5.956864833831787,5.26492977142334,2.2567970752716064,-2.1265666484832764,-0.845832884311676,-39.62019729614258,15.936284065246582,-27.49505615234375,50.79077963975382,981791799,1720697294
4.0,0,-0.5075784921646118,-8.657565116882324,4.534687519073486,2.3151214122772217,-2.0013959407806396,-0.821597695350647,-42.76188659667969,15.586036682128906,-29.181869506835938,54.06556198429794,993791799,1720697294
4.0,0,4.156397342681885,-6.70865535736084,5.351122856140137,2.314056158065796,-1.9510616064071655,-0.8777912855148315,-43.80911636352539,15.586036682128906,-29.51923179626465,55.077656648147055,6791799,1720697295
4.0,0,-3.565020799636841,-12.955223083496094,4.077387809753418,2.3180508613586426,-1.8490610122680664,-0.8612794280052185,-46.0781135559082,13.659672737121582,-29.350549697875977,56.31371037077846,18791799,1720697295
4.0,0,5.159583568572998,-4.0390801429748535,4.944101810455322,2.417121648788452,-1.8035202026367188,-0.8740627765655518,-46.42719268798828,11.908432006835938,-30.700000762939453,56.9191094501092,31791799,1720697295
4.0,0,3.167577028274536,-5.0925445556640625,5.552238464355469,2.5164592266082764,-1.842935562133789,-0.8967000246047974,-47.29988479614258,11.383060455322266,-29.181869506835938,56.73124954530688,43791799,1720697295
4.0,0,-0.1125291958451271,-8.322371482849121,5.406189918518066,2.4892947673797607,-1.6208245754241943,-0.9129455089569092,-47.64896011352539,9.631820678710938,-29.85659408569336,57.04920314855447,56791799,1720697295
4.0,0,4.58496618270874,-8.480391502380371,6.600914478302002,2.547086238861084,-1.6466577053070068,-0.9297237396240234,-49.56888198852539,9.456696510314941,-29.350549697875977,58.37771782151172,68791799,1720697295
4.0,0,3.3327796459198,-6.842732906341553,5.315208911895752,2.555341958999634,-1.4959203004837036,-0.9345174431800842,-51.6633415222168,5.954216003417969,-29.687911987304688,59.88259900524123,81791799,1720697295
4.0,0,7.000752925872803,-3.308837413787842,6.167557716369629,2.6972908973693848,-1.533205270767212,-0.9797919392585754,-51.13972473144531,3.6776041984558105,-28.844507217407227,58.82857991540809,93791799,1720697295
4.0,0,-3.3998184204101562,-5.985595226287842,5.497171401977539,2.6709249019622803,-1.3616950511932373,-0.9576873183250427,-51.13972473144531,3.3273561000823975,-29.51923179626465,59.141591034282776,106791799,1720697295
4.0,0,7.668745040893555,-0.050279002636671066,6.576972484588623,2.752152681350708,-1.347846269607544,-1.016810417175293,-51.314266204833984,0.0,-29.013187408447266,58.948443234221635,118791799,1720697295
4.0,0,2.3535361289978027,-8.023092269897461,6.0981245040893555,2.737238645553589,-1.2069629430770874,-1.0130819082260132,-53.93233871459961,-1.5761160850524902,-27.15769386291504,60.4046491347452,131791799,1720697295
4.0,0,8.738969802856445,-0.7470023036003113,6.078970909118652,2.810476779937744,-1.1848584413528442,-1.0178756713867188,-53.93233871459961,-1.5761160850524902,-27.15769386291504,60.4046491347452,143791799,1720697295
4.0,0,5.628854274749756,-5.887432098388672,6.809213638305664,2.8464300632476807,-1.1134846210479736,-1.0434423685073853,-54.6304931640625,-3.6776041984558105,-28.844507217407227,61.88716468383599,156791799,1720697295
4.0,0,4.9129767417907715,-0.16759668290615082,5.985595226287842,2.842435121536255,-1.0144134759902954,-1.0743355751037598,-53.05964660644531,-6.304464340209961,-26.651649475097656,59.710826391545744,169791799,1720697295
4.0,0,4.362302303314209,-5.861095428466797,5.399007320404053,2.8562839031219482,-0.94596928358078,-1.1001685857772827,-54.455955505371094,-7.355208396911621,-26.651649475097656,61.072584686653215,181791799,1720697295
4.0,0,4.496379375457764,-4.347936630249023,4.9656500816345215,2.8522889614105225,-0.8136081099510193,-1.1225395202636719,-55.6777229309082,-8.581076622009277,-28.169780731201172,62.985555909333115,194791799,1720697295
4.0,0,5.9712300300598145,-2.2841031551361084,5.16916036605835,2.958284378051758,-0.8117438554763794,-1.1534326076507568,-55.6777229309082,-12.083556175231934,-27.83241844177246,63.40871136467672,206791799,1720697295
4.0,0,-0.9002335667610168,-6.313606262207031,6.950473308563232,2.877589464187622,-0.6434295177459717,-1.1459757089614868,-55.6777229309082,-12.083556175231934,-27.83241844177246,63.40871136467672,219791799,1720697295
4.0,0,12.038229942321777,2.815624237060547,5.580969333648682,2.941772699356079,-0.7092106342315674,-1.180863618850708,-55.5031852722168,-16.111408233642578,-25.30219841003418,63.09027100127123,231791799,1720697295
4.0,0,5.664767742156982,-4.23540735244751,6.062211036682129,2.923929214477539,-0.5377004146575928,-1.2258716821670532,-56.89949035644531,-15.761160850524902,-24.96483612060547,64.10311409524516,244791799,1720697295
4.0,0,8.339132308959961,1.0079742670059204,7.369464874267578,2.966806650161743,-0.4966871440410614,-1.247443675994873,-56.375877380371094,-18.03777313232422,-24.121429443359375,63.917479364965565,256791799,1720697295
4.0,0,5.552238464355469,-3.6751556396484375,6.701472759246826,2.983318567276001,-0.3976159989833832,-1.2445142269134521,-56.89949035644531,-18.56314468383789,-23.27802276611328,64.21844507052472,269791799,1720697295
4.0,0,5.4780168533325195,3.993589162826538,5.67913293838501,2.9718666076660156,-0.3195841908454895,-1.3063005208969116,-55.6777229309082,-19.789012908935547,-21.759891510009766,62.96909353967543,281791799,1720697295
4.0,0,5.542661666870117,-5.085361957550049,6.576972484588623,2.9154069423675537,-0.28309834003448486,-1.2924517393112183,-54.6304931640625,-23.291492462158203,-20.747802734375,62.90831203241739,294791799,1720697295
4.0,0,8.46842098236084,-0.007182714529335499,5.954470157623291,2.970268726348877,-0.16831433773040771,-1.3489117622375488,-54.805030822753906,-23.116369247436523,-20.916484832763672,63.051227334811394,306791799,1720697295
4.0,0,5.3247857093811035,4.450888633728027,6.287269592285156,3.056556463241577,-0.12357256561517715,-1.3840659856796265,-55.328643798828125,-26.093477249145508,-20.41044044494629,64.48809548068523,319791799,1720697295
4.0,0,7.091733455657959,-2.3319880962371826,7.3120036125183105,2.901824474334717,0.016245530918240547,-1.3936535120010376,-54.28141403198242,-29.595956802368164,-20.073078155517578,65.00246945306507,331791799,1720697295
4.0,0,6.778088569641113,1.3503503799438477,7.8052167892456055,2.9526917934417725,0.07030852884054184,-1.4112305641174316,-54.28141403198242,-29.595956802368164,-20.073078155517578,65.00246945306507,344791799,1720697295
4.0,0,8.25772762298584,3.0646250247955322,6.311212062835693,2.922863721847534,0.12517046928405762,-1.4242802858352661,-54.28141403198242,-29.946205139160156,-17.374176025390625,64.3825217284118,356791799,1720697295
4.0,0,10.642389297485352,7.091733455657959,5.549844264984131,3.014744520187378,0.1808314025402069,-1.5150954723358154,-52.885108947753906,-31.347196578979492,-17.036813735961914,63.79447079528793,369791799,1720697295
4.0,0,1.2665519714355469,-1.8675057888031006,7.043848991394043,2.93351674079895,0.27111393213272095,-1.5049751996994019,-53.05964660644531,-34.32430648803711,-16.19340705871582,65.23580723847017,381791799,1720697295
4.0,0,8.750940322875977,2.782104730606079,6.61049222946167,2.9223310947418213,0.36991873383522034,-1.5465211868286133,-51.13972473144531,-36.60091781616211,-15.687362670898438,64.81505980990644,394791799,1720697295
4.0,0,2.5953543186187744,0.7781273722648621,7.460446357727051,2.848294258117676,0.45327693223953247,-1.5555760860443115,-49.045265197753906,-34.84967803955078,-13.663187026977539,61.69781825569301,406791799,1720697295
4.0,0,9.936088562011719,4.783688068389893,4.668764591217041,2.8754589557647705,0.48390376567840576,-1.5880671739578247,-49.045265197753906,-34.84967803955078,-13.663187026977539,61.69781825569301,419791799,1720697295
4.0,0,6.390222072601318,7.055819988250732,6.0239033699035645,2.930320978164673,0.550483763217926,-1.625085711479187,-48.696189880371094,-38.00190734863281,-12.65109920501709,63.05167866198657,431791799,1720697295
4.0,0,5.576180934906006,0.7015117406845093,5.549844264984131,2.7857091426849365,0.6231892108917236,-1.6871381998062134,-47.29988479614258,-39.75314712524414,-11.976373672485352,62.936677179786564,444791799,1720697295
4.0,0,4.910582542419434,1.6879379749298096,6.141221046447754,2.815803050994873,0.7249234914779663,-1.6874045133590698,-47.8234977722168,-40.9790153503418,-10.795604705810547,63.89766599193504,456791799,1720697295
4.0,0,4.4365234375,2.935336112976074,7.017512321472168,2.6379013061523438,0.7749917507171631,-1.6266835927963257,-44.68180847167969,-42.029762268066406,-9.44615364074707,62.06605145499949,469791799,1720697295
4.0,0,19.19221305847168,39.22600173950195,14.803574562072754,2.2456116676330566,0.5680609345436096,-1.2751410007476807,-44.856346130371094,-41.504390716552734,-8.602747917175293,61.714775448399635,481791799,1720697295
4.0,0,14.406131744384766,-23.260025024414062,13.326330184936523,0.8586162328720093,0.13848648965358734,-0.4559401273727417,-42.23827362060547,-42.73025894165039,-6.747252941131592,60.46050123776049,494791799,1720697295
4.0,0,-8.360679626464844,23.04214859008789,11.214611053466797,0.5906981229782104,0.5267812609672546,-0.6442285180091858,-43.46004104614258,-42.90538024902344,-8.940110206604004,61.72173355109133,506791799,1720697295
4.0,0,26.688573837280273,-5.286478042602539,2.7437968254089355,0.08016236871480942,-0.21119190752506256,0.008522245101630688,-43.634578704833984,-41.67951202392578,-7.421977996826172,60.796742829581724,519791799,1720697295
4.0,0,-11.97597885131836,17.69102668762207,7.173137664794922,0.05246507376432419,0.1850925236940384,-0.143812894821167,-44.1581916809082,-44.306373596191406,-8.265384674072266,63.097679969896724,531791799,1720697295
4.0,0,12.663125991821289,2.011160135269165,8.913748741149902,-0.1581941843032837,-0.0876193419098854,0.15979209542274475,-44.1581916809082,-43.60587692260742,-6.915934085845947,62.44396319098574,544791799,1720697295
4.0,0,1.7382169961929321,6.229808330535889,6.213047981262207,-0.13742120563983917,-0.07456964999437332,0.15499833226203918,-43.28550338745117,-41.32926559448242,-6.409890174865723,60.18994675307626,556791799,1720697295
4.0,0,6.9744157791137695,2.528315544128418,6.157980918884277,-0.08309189230203629,-0.04527442902326584,0.11664823442697525,-42.412811279296875,-41.504390716552734,-6.241209030151367,59.66920226987758,569791799,1720697295
4.0,0,4.766928195953369,7.086945056915283,4.486802577972412,-0.0197076927870512,-0.016245530918240547,0.05699251592159271,-43.46004104614258,-41.854637145996094,-6.578571796417236,60.6948385386765,582791799,1720697295
4.0,0,4.951284408569336,5.753354549407959,5.35830545425415,-0.010386486537754536,0.010652806609869003,0.0556609146296978,-40.31835174560547,-42.20488357543945,-7.5906596183776855,58.85949200036334,594791799,1720697295
4.0,0,4.714254856109619,6.201076984405518,6.675136089324951,0.023968815803527832,0.015180249698460102,0.033556342124938965,-42.58734893798828,-41.32926559448242,-7.084615707397461,59.7660628104842,607791799,1720697295
4.0,0,5.0662078857421875,4.314417362213135,6.184317111968994,0.05486195534467697,0.000266320159425959,0.00825592502951622,-42.58734893798828,-41.32926559448242,-7.084615707397461,59.7660628104842,619791799,1720697295
4.0,0,6.339942932128906,5.643219470977783,5.387036323547363,0.0751022920012474,0.002130561275407672,-0.003994802478700876,-43.46004104614258,-41.854637145996094,-8.265384674072266,60.90075863374595,632791799,1720697295
4.0,0,5.6049113273620605,6.359096527099609,5.233805179595947,0.06178628280758858,0.015712888911366463,-0.006391684524714947,-42.23827362060547,-41.67951202392578,-6.747252941131592,59.722515881812264,644791799,1720697295
4.0,0,5.444497585296631,6.088547706604004,6.450077533721924,0.06072099879384041,0.02476777695119381,-0.000266320159425959,-42.58734893798828,-41.32926559448242,-8.771429061889648,59.98940283027497,657791799,1720697295
4.0,0,4.848332405090332,5.468440055847168,6.7469635009765625,0.0537966750562191,0.003994802478700876,0.004261122550815344,-43.1109619140625,-41.15414047241211,-6.915934085845947,60.00040382746221,669791799,1720697295
4.0,0,1.1276862621307373,9.99833869934082,13.637580871582031,0.006924324203282595,-0.09480997920036316,0.22610582411289215,-42.76188659667969,-43.25563049316406,-4.55439567565918,60.994844328343866,682791799,1720697295
4.0,0,11.477978706359863,4.608908653259277,19.630359649658203,-0.7275867462158203,-1.0881842374801636,1.247443675994873,-42.76188659667969,-43.25563049316406,-4.55439567565918,60.994844328343866,694791799,1720697295
4.0,0,-10.754918098449707,17.075706481933594,9.995944023132324,-0.8178691864013672,-1.3052352666854858,1.5688921213150024,-45.20542526245117,-42.20488357543945,-7.928022384643555,62.350911859465754,707791799,1720697295
4.0,0,20.726919174194336,-9.768491744995117,12.612847328186035,-1.5387978553771973,-1.9310874938964844,2.239219903945923,-45.72903823852539,-40.62876892089844,-7.084615707397461,61.579489945677395,719791799,1720697295
4.0,0,-13.539417266845703,26.552101135253906,14.889766693115234,-1.5784796476364136,-2.1201748847961426,2.747891426086426,-45.9035758972168,-42.55513381958008,-7.928022384643555,63.09462127222351,732791799,1720697295
4.0,0,18.01185417175293,-9.928906440734863,9.251337051391602,-2.3638577461242676,-2.5481514930725098,3.2331268787384033,-51.314266204833984,-40.9790153503418,-9.10879135131836,66.29784080274385,744791799,1720697295
4.0,0,-3.976829767227173,18.830684661865234,1.3096483945846558,-2.391555070877075,-2.437894821166992,3.373211145401001,-50.965187072753906,-39.92827224731445,-8.771429061889648,65.3349461299558,757791799,1720697295
4.0,0,9.936088562011719,-5.825181484222412,1.6232936382293701,-2.4735817909240723,-2.1476058959960938,3.3716132640838623,-53.05964660644531,-38.87752914428711,-11.132966995239258,66.71380160418715,769791799,1720697295
4.0,0,3.5003764629364014,5.418160915374756,4.549052715301514,-2.411529064178467,-1.9286906719207764,3.196108341217041,-53.93233871459961,-34.499427795410156,-7.5906596183776855,64.47112369797108,782791799,1720697295
4.0,0,13.853062629699707,2.5857772827148438,0.6105307340621948,-2.4890284538269043,-1.8615779876708984,3.174802780151367,-58.99394989013672,-35.37504959106445,-13.494505882263184,70.09837334929155,794791799,1720697295
4.0,0,5.937710762023926,6.8786468505859375,4.2449846267700195,-2.3502755165100098,-1.5734195709228516,3.0371153354644775,-62.13563919067383,-33.2735595703125,-13.157143592834473,71.70130997154237,807791799,1720697295
4.0,0,8.889806747436523,-1.393446683883667,4.216253280639648,-2.5526788234710693,-1.4362647533416748,3.065345287322998,-62.13563919067383,-33.2735595703125,-13.157143592834473,71.70130997154237,819791799,1720697295
4.0,0,7.139618396759033,4.673552989959717,4.79805326461792,-2.501278877258301,-1.260493278503418,2.9907753467559814,-62.65925598144531,-28.194965362548828,-12.65109920501709,69.86550467175344,832791799,1720697295
4.0,0,9.145990371704102,3.4955875873565674,5.35830545425415,-2.588898181915283,-1.2104252576828003,3.0562901496887207,-62.65925598144531,-27.844717025756836,-11.63901138305664,69.5483803719949,844791799,1720697295
4.0,0,7.1851091384887695,-2.2003049850463867,2.7749221324920654,-2.664799690246582,-1.047170877456665,3.011814832687378,-66.84817504882812,-25.392980575561523,-13.663187026977539,72.80222970214429,857791799,1720697295
4.0,0,7.1851091384887695,-2.2003049850463867,2.7749221324920654,-2.664799690246582,-1.047170877456665,3.011814832687378,-68.94263458251953,-22.24074935913086,-12.313736915588379,73.48037773488117,869791799,1720697295
4.0,0,8.339132308959961,0.5698286890983582,3.7733194828033447,-2.7143352031707764,-0.7656704783439636,3.0536270141601562,-68.2444839477539,-18.73826789855957,-12.313736915588379,71.83356033192113,882791799,1720697295
4.0,0,7.862678050994873,-1.2593693733215332,2.916182041168213,-2.763338088989258,-0.6503538489341736,3.106358528137207,-68.2444839477539,-18.73826789855957,-12.313736915588379,71.83356033192113,894791799,1720697295
4.0,0,9.689481735229492,0.009576953016221523,4.082176208496094,-2.809145212173462,-0.5249170660972595,3.1287293434143066,-67.89540100097656,-18.73826789855957,-12.65109920501709,71.5608724934009,907791799,1720697295
4.0,0,8.504334449768066,-4.077387809753418,3.0550482273101807,-2.833646535873413,-0.37125030159950256,3.1447086334228516,-71.21163177490234,-13.659672737121582,-14.169231414794922,73.88132563926797,919791799,1720697295
4.0,0,8.173929214477539,0.13407734036445618,3.0071632862091064,-2.827521324157715,-0.21172453463077545,3.195575714111328,-71.03709411621094,-10.682564735412598,-11.63901138305664,72.77260827932865,932791799,1720697295
4.0,0,6.533876419067383,-1.6304762363433838,3.3974239826202393,-2.822194814682007,-0.09853846579790115,3.1886515617370605,-73.13155364990234,-8.581076622009277,-13.663187026977539,74.89019758937418,944791799,1720697295
4.0,0,8.305612564086914,-2.267343759536743,3.1149041652679443,-2.841902494430542,0.02689833752810955,3.253633499145508,-71.03709411621094,-7.180084228515625,-11.30164909362793,72.28796319055816,957791799,1720697295
4.0,0,10.307195663452148,-2.1284778118133545,2.964066982269287,-2.7952964305877686,0.16591747105121613,3.239518642425537,-71.03709411621094,-7.180084228515625,-11.30164909362793,72.28796319055816,969791799,1720697295
4.0,0,8.703056335449219,-3.1891250610351562,3.8092329502105713,-2.796627998352051,0.30919772386550903,3.265085220336914,-72.43340301513672,-2.6268601417541504,-15.350000381469727,74.08860086591375,982791799,1720697295
4.0,0,8.899383544921875,-2.6192967891693115,1.946515679359436,-2.790769100189209,0.4372977018356323,3.3159525394439697,-72.08432006835938,2.2766120433807373,-12.65109920501709,73.22146183468976,994791799,1720697295
4.0,0,11.104476928710938,-5.937710762023926,2.2793147563934326,-2.777186632156372,0.5371677875518799,3.3396549224853516,-72.25886535644531,2.4517359733581543,-14.843955993652344,73.80852024953107,7791799,1720697296
4.0,0,8.279275894165039,-4.719043254852295,3.172365665435791,-2.71113920211792,0.6876387000083923,3.3782715797424316,-68.0699462890625,3.5024800300598145,-11.132966995239258,69.06321675301483,19791799,1720697296
4.0,0,7.8052167892456055,-6.169951915740967,2.171574115753174,-2.6842410564422607,0.8269241452217102,3.3622922897338867,-71.21163177490234,9.806943893432617,-11.470330238342285,72.79313926703426,32791799,1720697296
4.0,0,6.960050582885742,-3.167577028274536,2.7677392959594727,-2.6032795906066895,0.9299900531768799,3.4264752864837646,-71.90978240966797,11.558184623718262,-14.506593704223633,74.26338060512174,44791799,1720697296
4.0,0,5.643219470977783,-6.830761432647705,1.316831111907959,-2.6014153957366943,1.075134515762329,3.446981906890869,-68.59355926513672,13.834795951843262,-12.313736915588379,71.0500251126999,57791799,1720697296
4.0,0,8.31040096282959,-7.769303321838379,1.261763572692871,-2.523916244506836,1.1715424060821533,3.461895704269409,-69.98986053466797,13.484548568725586,-14.337912559509277,72.70480977437961,69791799,1720697296
4.0,0,6.031085968017578,-6.110096454620361,2.0566506385803223,-2.440824508666992,1.268216609954834,3.49971342086792,-70.33894348144531,14.535292625427246,-15.012638092041016,73.37725127228029,82791799,1720697296
4.0,0,6.553030014038086,-8.997547149658203,2.044679641723633,-2.422182083129883,1.4035073518753052,3.539661407470703,-70.33894348144531,14.535292625427246,-15.012638092041016,73.37725127228029,95791799,1720697296
4.0,0,6.323183059692383,-7.074974060058594,1.7382169961929321,-2.333231210708618,1.4780769348144531,3.5761473178863525,-67.89540100097656,20.4895076751709,-15.012638092041016,72.4912732978039,107791799,1720697296
4.0,0,4.34075403213501,-9.675116539001465,-0.18435634672641754,-2.2528023719787598,1.6242866516113281,3.574549436569214,-61.786563873291016,23.466615676879883,-10.458242416381836,66.91514298747678,120791799,1720697296
4.0,0,6.660770893096924,-9.62723159790039,1.5059758424758911,-2.1569271087646484,1.6759527921676636,3.6030454635620117,-58.4703369140625,26.79397201538086,-11.30164909362793,65.30256126248413,132791799,1720697296
4.0,0,4.74298620223999,-7.745360374450684,0.5051842927932739,-2.0826237201690674,1.7723606824874878,3.6730875968933105,-61.26294708251953,25.743228912353516,-13.325824737548828,67.77492253780369,145791799,1720697296
4.0,0,3.5554440021514893,-11.856267929077148,-0.14365428686141968,-2.0314903259277344,1.8730298280715942,3.6978557109832764,-57.77218246459961,28.545211791992188,-11.30164909362793,65.42309573238018,157791799,1720697296
4.0,0,4.714254856109619,-6.720626354217529,0.11971191316843033,-1.9084503650665283,1.9169726371765137,3.7519185543060303,-57.77218246459961,28.545211791992188,-11.30164909362793,65.42309573238018,170791799,1720697296
4.0,0,3.122086763381958,-9.663145065307617,0.22984686493873596,-1.8091129064559937,2.0192394256591797,3.7335424423217773,-52.536033630371094,30.646699905395508,-10.289560317993164,61.68573657046231,182791799,1720697296
4.0,0,2.9497015476226807,-8.779671669006348,-0.1795678734779358,-1.7071123123168945,2.0855531692504883,3.788670778274536,-50.965187072753906,31.872568130493164,-9.44615364074707,60.84850623637633,195791799,1720697296
4.0,0,2.145237445831299,-8.346314430236816,-0.3184336721897125,-1.6184276342391968,2.1510679721832275,3.829684019088745,-51.13972473144531,33.44868469238281,-12.9884614944458,62.472282535946654,207791799,1720697296
4.0,0,1.237821102142334,-10.47239875793457,-1.3766870498657227,-1.512165904045105,2.2045984268188477,3.855250835418701,-46.776268005371094,35.72529602050781,-10.120879173278809,59.72225899531366,220791799,1720697296
4.0,0,1.999189019203186,-7.606494903564453,-0.11492343246936798,-1.4138938188552856,2.249872922897339,3.899193525314331,-46.776268005371094,35.72529602050781,-10.120879173278809,59.72225899531366,232791799,1720697296
4.0,0,-0.11013495922088623,-10.628024101257324,-1.1133207082748413,-1.3158880472183228,2.327371835708618,3.9215645790100098,-42.936424255371094,37.12628936767578,-9.783516883850098,57.598742110103366,245791799,1720697296
4.0,0,1.3335906267166138,-7.68311071395874,-1.5849857330322266,-1.194179654121399,2.3542702198028564,3.979356050491333,-39.44565963745117,36.07554626464844,-8.09670352935791,54.064421855493386,257791799,1720697296
4.0,0,-0.04788476601243019,-10.01988697052002,-1.27373468875885,-1.0903147459030151,2.3851635456085205,3.9809539318084717,-39.44565963745117,38.52728271484375,-10.795604705810547,56.18591156675543,270791799,1720697296
4.0,0,0.6727809309959412,-7.125253200531006,-0.9241759777069092,-0.9563557505607605,2.4054038524627686,4.024896621704102,-35.08220291137695,37.301414489746094,-8.940110206604004,51.98155494554862,283790628,1720697296
4.0,0,0.5051842927932739,-10.244945526123047,-1.5107643604278564,-0.8887104392051697,2.4112627506256104,4.066709041595459,-33.86043167114258,38.177032470703125,-7.084615707397461,51.518990876634405,296790628,1720697296
4.0,0,-1.8986308574676514,-9.016700744628906,-2.116506576538086,-0.7624746561050415,2.4402918815612793,4.101064205169678,-28.973360061645508,37.12628936767578,-5.735165119171143,47.441638614389234,308790628,1720697296
4.0,0,-1.5011874437332153,-8.588132858276367,-2.166785478591919,-0.6623382568359375,2.4623963832855225,4.122369766235352,-28.449745178222656,35.900421142578125,-7.253296852111816,46.37713395785825,321790628,1720697296
4.0,0,-0.6201077103614807,-8.434901237487793,-2.1332662105560303,-0.5456900000572205,2.4613311290740967,4.12982702255249,-27.053438186645508,37.65166091918945,-6.915934085845947,46.87607312875123,333790628,1720697296
4.0,0,-1.8579288721084595,-7.2856669425964355,-1.6232936382293701,-0.44928213953971863,2.4536077976226807,4.183091163635254,-21.468212127685547,35.900421142578125,-5.566483497619629,42.198460975526665,346790628,1720697296
4.0,0,-3.5722033977508545,-10.587321281433105,-3.5219244956970215,-0.3534068763256073,2.4528088569641113,4.222772598266602,-18.15198516845703,34.67455291748047,-4.048351764678955,39.347278655500645,358790628,1720697296
4.0,0,-4.197099685668945,-7.407773017883301,-3.976829767227173,-0.24528087675571442,2.446150779724121,4.2560625076293945,-18.15198516845703,34.67455291748047,-4.048351764678955,39.347278655500645,371790628,1720697296
4.0,0,-3.40700101852417,-6.428529739379883,-3.433337450027466,-0.1475413739681244,2.42537784576416,4.3077287673950195,-15.010294914245605,33.623809814453125,-3.373626470565796,36.976355896897736,383790628,1720697296
4.0,0,-4.058233737945557,-8.69347858428955,-2.7725279331207275,-0.04660603031516075,2.4064691066741943,4.323441505432129,-12.741296768188477,33.79893112182617,-2.8675825595855713,36.234395511020175,396790628,1720697296
4.0,0,-3.737405776977539,-6.725415229797363,-3.0526535511016846,0.049002911895513535,2.3686516284942627,4.370580196380615,-7.679685592651367,30.82182502746582,-2.3615384101867676,31.85183405219365,408790628,1720697296
4.0,0,-4.8387556076049805,-8.250544548034668,-3.8259928226470947,0.1451444923877716,2.332432270050049,4.37910270690918,-8.028762817382812,29.771080017089844,-3.036263942718506,30.983820559956893,421790628,1720697296
4.0,0,-4.3192057609558105,-5.461257457733154,-3.306443214416504,0.2519388794898987,2.296212673187256,4.4307684898376465,-8.028762817382812,29.771080017089844,-3.036263942718506,30.983820559956893,433790628,1720697296
4.0,0,-4.63763952255249,-6.406981468200684,-4.015137672424316,0.3083987534046173,2.286358594894409,4.482168197631836,-5.4106879234313965,26.4437255859375,-0.843406617641449,27.004768123274328,446790628,1720697296
4.0,0,-8.073371887207031,-7.118070602416992,-5.657585144042969,0.3965507447719574,2.2509381771087646,4.518121242523193,-0.17453831434249878,22.94124412536621,-1.855494499206543,23.016820055763763,458790628,1720697296
4.0,0,-6.7709059715271,-5.743777751922607,-4.747774600982666,0.4748488664627075,2.1808958053588867,4.554607391357422,3.1416897773742676,22.76612091064453,0.3373626470565796,22.98434879501643,471790628,1720697296
4.0,0,-4.874669075012207,-6.344731330871582,-3.3399622440338135,0.5624682307243347,2.143611192703247,4.573516368865967,3.665304660797119,18.388019561767578,1.855494499206543,18.841352963547866,483790628,1720697296
4.0,0,-3.6751556396484375,-3.6272706985473633,-4.194705486297607,0.6258523464202881,2.0647802352905273,4.61719274520874,5.585226058959961,18.2128963470459,1.686813235282898,19.124583194638486,496790628,1720697296
4.0,0,-8.015909194946289,-6.893012046813965,-5.205073833465576,0.6836438775062561,2.0219027996063232,4.652080535888672,8.028762817382812,15.761160850524902,2.6989011764526367,17.892995593085164,508790628,1720697296
4.0,0,-5.4780168533325195,-2.5690176486968994,-6.316000461578369,0.7685999870300293,1.9342834949493408,4.663266181945801,7.330609321594238,11.20793628692627,3.036263942718506,13.732245539877864,521790628,1720697296
4.0,0,-7.211445331573486,-3.1340579986572266,-5.449285984039307,0.8112112283706665,1.89939546585083,4.718926906585693,8.552377700805664,9.982068061828613,4.891758441925049,14.025482087342374,533790628,1720697296
4.0,0,-6.227414131164551,-2.0255255699157715,-5.724623203277588,0.8764597177505493,1.8421366214752197,4.7511515617370605,6.981532573699951,8.405952453613281,4.048351764678955,11.652938931472173,546790628,1720697296
4.0,0,-3.6488189697265625,-2.05904483795166,-4.64961051940918,0.9212014675140381,1.7422666549682617,4.788170337677002,8.028762817382812,2.8019840717315674,6.072527885437012,10.449293853435089,558790628,1720697296
4.0,0,-7.237782001495361,-1.9441214799880981,-6.3088178634643555,0.9811235070228577,1.6852740049362183,4.7903008460998535,11.344990730285645,2.9771080017089844,5.903846263885498,13.131160932366248,571790628,1720697296
4.0,0,-4.956072807312012,-0.6272904276847839,-5.078179359436035,1.0410455465316772,1.6088401079177856,4.828118324279785,11.344990730285645,-0.8756200075149536,6.241209030151367,12.977989645005525,583790628,1720697296
4.0,0,-6.6679534912109375,-1.4389371871948242,-6.457260608673096,1.039713978767395,1.5569076538085938,4.883246898651123,11.51952838897705,-1.7512400150299072,6.747252941131592,13.464464272532311,596790628,1720697296
4.0,0,-6.555424213409424,0.1412600576877594,-7.2066569328308105,1.0823252201080322,1.5047088861465454,4.921330451965332,10.821375846862793,-5.603968143463135,7.759340763092041,14.446937504183953,609790628,1720697296
4.0,0,-7.26890754699707,0.6416558623313904,-7.5729756355285645,1.098570704460144,1.4234813451766968,4.9317169189453125,8.72691535949707,-7.355208396911621,7.421977996826172,13.61410664124521,621790628,1720697296
4.0,0,-0.8643199801445007,5.391824722290039,-5.042265892028809,1.0109513998031616,1.1001685857772827,4.50640344619751,8.72691535949707,-7.355208396911621,7.421977996826172,13.61410664124521,634790628,1720697296
4.0,0,-22.860185623168945,20.870574951171875,-6.426135540008545,0.5800453424453735,0.721461296081543,3.0264623165130615,10.472298622131348,-12.608928680419922,9.10879135131836,18.751645281970923,646790628,1720697296
4.0,0,-5.832364082336426,22.776390075683594,4.69031286239624,0.5161284804344177,0.5930950045585632,1.8980637788772583,11.694067001342773,-13.834795951843262,10.289560317993164,20.833334673034276,659790628,1720697296
4.0,0,-11.159544944763184,9.969608306884766,-6.600914478302002,0.32118213176727295,0.2407534420490265,0.854621410369873,9.774145126342773,-15.761160850524902,10.458242416381836,21.291381795147473,671790628,1720697296
4.0,0,-14.386978149414062,8.7677001953125,-9.265702247619629,0.006658004131168127,0.06977588683366776,-0.0431438684463501,9.948683738708496,-15.586036682128906,10.289560317993164,21.160715940797708,684790628,1720697296
4.0,0,-4.505956172943115,8.308006286621094,-0.7613677382469177,-0.10919126868247986,-0.3358297348022461,-0.8572846055030823,10.297760963439941,-17.337276458740234,11.30164909362793,23.1160616910069,696790628,1720697296
4.0,0,-7.302426815032959,0.6703867316246033,-4.343148231506348,-0.06977588683366776,-0.1150503158569336,-0.926794171333313,10.297760963439941,-17.337276458740234,11.30164909362793,23.1160616910069,709790628,1720697296
4.0,0,-7.908168792724609,-4.379061698913574,-8.911355018615723,-0.08708669990301132,-0.12650208175182343,-0.7688663005828857,11.344990730285645,-15.586036682128906,10.626923561096191,22.012833949773853,721790628,1720697296
4.0,0,-5.45646858215332,-4.616091251373291,-6.02869176864624,-0.008522245101630688,-0.1331600844860077,-0.4620654881000519,10.472298622131348,-13.659672737121582,9.10879135131836,19.473720178697466,734790628,1720697296
4.0,0,-9.639203071594238,-2.6216909885406494,-6.4093756675720215,0.012517048045992851,-0.05965571850538254,-0.27297815680503845,12.217681884765625,-14.36016845703125,10.120879173278809,21.399027641268052,746790628,1720697296
4.0,0,-7.151589870452881,0.7278484106063843,-4.479619979858398,0.0287625789642334,-0.006924324203282595,-0.10919126868247986,10.297760963439941,-12.784051895141602,9.952198028564453,19.19692968465487,759790628,1720697296
4.0,0,-9.694270133972168,2.2793147563934326,-5.023111820220947,0.06977588683366776,0.0034621621016412973,-0.038616426289081573,11.344990730285645,-12.784051895141602,9.952198028564453,19.778448956571467,771790628,1720697296
4.0,0,-8.743758201599121,1.7813133001327515,-3.823598623275757,0.0700422003865242,0.0287625789642334,-0.0197076927870512,10.472298622131348,-14.36016845703125,9.783516883850098,20.287944182740382,784790628,1720697296
4.0,0,-7.276090145111084,-0.6703867316246033,-5.533084392547607,0.060454681515693665,0.04021434485912323,-0.03435530140995979,10.472298622131348,-14.009920120239258,8.09670352935791,19.27442627547953,796790628,1720697296
4.0,0,-7.4293212890625,-1.1803593635559082,-8.274487495422363,0.06977588683366776,0.008522245101630688,0.00825592502951622,9.948683738708496,-13.834795951843262,8.602747917175293,19.088875265149735,809790628,1720697296
4.0,0,-8.272092819213867,1.4748507738113403,-4.613697052001953,0.07110748440027237,-0.025034096091985703,0.02583305537700653,11.868605613708496,-13.30942440032959,9.44615364074707,20.180049447076204,821790628,1720697296
4.0,0,-12.47877025604248,-0.3782896399497986,-7.276090145111084,0.07243908941745758,-0.07164012640714645,-0.15473201870918274,11.51952838897705,-13.30942440032959,10.120879173278809,20.304494758861782,834790628,1720697296
4.0,0,-39.22719955444336,39.22600173950195,-27.176998138427734,0.3659239113330841,-0.47804468870162964,-0.9552904367446899,8.72691535949707,-12.608928680419922,8.771429061889648,17.66584563352415,846790628,1720697296
4.0,0,2.008765935897827,-3.45967435836792,-6.157980918884277,0.42930811643600464,-1.0104187726974487,-1.910048246383667,11.868605613708496,-13.659672737121582,10.458242416381836,20.90036585657829,859790628,1720697296
4.0,0,-18.873779296875,22.091636657714844,-19.173059463500977,0.523851752281189,-1.6320099830627441,-2.6549458503723145,11.170452117919922,-11.558184623718262,10.120879173278809,18.994810542745817,871790628,1720697296
4.0,0,-22.319089889526367,10.041435241699219,-21.421249389648438,0.8833839893341064,-1.5752838850021362,-2.847761631011963,11.170452117919922,-10.15719223022461,8.771429061889648,17.46097140219407,884790628,1720697296
4.0,0,5.214650630950928,-7.0055413246154785,-4.264138221740723,0.7289183139801025,-2.5473525524139404,-3.5798757076263428,10.123222351074219,-9.806943893432617,7.759340763092041,16.089224604560833,896790628,1720697296
4.0,0,-28.046106338500977,23.063697814941406,-19.99667739868164,1.111354112625122,-2.4725165367126465,-3.729814052581787,10.123222351074219,-9.806943893432617,7.759340763092041,16.089224604560833,909790628,1720697296
4.0,0,-1.3814754486083984,-4.960861682891846,-1.1492342948913574,1.1262680292129517,-2.795562744140625,-3.902123212814331,11.868605613708496,-4.903471946716309,6.409890174865723,14.352509480917503,921790628,1720697296
4.0,0,5.513930797576904,-9.835530281066895,-1.0702245235443115,1.042110800743103,-2.731379508972168,-3.628079652786255,11.344990730285645,-1.2258679866790771,3.5423078536987305,11.948201200239621,934790628,1720697296
4.0,0,-6.605702877044678,-8.308006286621094,-5.348728656768799,0.9856509566307068,-2.632042407989502,-3.1774659156799316,10.123222351074219,-1.7512400150299072,3.710988998413086,10.923273854750395,946790628,1720697296
4.0,0,-16.431655883789062,-0.7302426099777222,-9.495549201965332,0.9803245663642883,-2.703416109085083,-3.1204733848571777,9.774145126342773,1.7512400150299072,1.0120879411697388,9.981236223119526,959790628,1720697296
4.0,0,2.013554334640503,2.296074390411377,0.8020698428153992,1.0793956518173218,-2.9324514865875244,-3.208625555038452,9.075992584228516,3.1522321701049805,0.6747252941131592,9.631482921426578,971790628,1720697296
4.0,0,-3.124480962753296,-1.3838696479797363,-2.1308720111846924,0.9696717262268066,-2.680778980255127,-2.950561046600342,9.075992584228516,3.1522321701049805,0.6747252941131592,9.631482921426578,984790628,1720697296
4.0,0,-6.016720771789551,-10.036646842956543,-6.536270618438721,0.9739328622817993,-2.670658588409424,-2.714601516723633,8.377839088439941,4.553224086761475,-1.686813235282898,9.683252359965767,996790628,1720697296
4.0,0,-10.541831016540527,-10.924909591674805,-6.445289134979248,1.0069565773010254,-2.6805126667022705,-2.500746250152588,6.981532573699951,6.654712200164795,-3.373626470565796,10.218040277252673,9790628,1720697297
4.0,0,-10.726187705993652,-3.5195302963256836,-4.412580966949463,1.075933575630188,-2.8333802223205566,-2.4719839096069336,7.679685592651367,9.10644817352295,-5.735165119171143,13.22108498131654,21790628,1720697297
4.0,0,-7.922534465789795,0.8738968968391418,-2.2050933837890625,1.1638190746307373,-2.854419708251953,-2.485832452774048,6.4579176902771,8.581076622009277,-4.55439567565918,11.665423132387916,34790628,1720697297
4.0,0,-2.7485857009887695,1.692726492881775,-0.17477938532829285,1.165150761604309,-2.9377777576446533,-2.4647932052612305,4.887072563171387,10.15719223022461,-8.09670352935791,13.878351497269211,46790628,1720697297
4.0,0,0.8834738731384277,-5.525901794433594,-1.1396573781967163,1.1925817728042603,-2.9478979110717773,-2.387294054031372,4.014381408691406,13.134300231933594,-8.940110206604004,16.38751571115168,59790628,1720697297
4.0,0,-1.1468400955200195,-11.44206428527832,-3.3734817504882812,1.1877878904342651,-2.9593498706817627,-2.189950704574585,4.363457679748535,12.784051895141602,-8.940110206604004,16.198682547875773,71790628,1720697297
4.0,0,-8.813190460205078,-5.104515552520752,-2.3583245277404785,1.245579481124878,-2.981454372406006,-2.035485029220581,2.967151403427124,15.235788345336914,-11.63901138305664,19.40102625970301,84790628,1720697297
4.0,0,-14.959199905395508,-3.687126636505127,-1.6855436563491821,1.3542380332946777,-3.0099503993988037,-2.004059314727783,0.6981532573699951,15.761160850524902,-12.482418060302734,20.117464302418114,96790628,1720697297
4.0,0,-10.17790699005127,-7.165955066680908,-1.9776407480239868,1.3518412113189697,-3.0973033905029297,-2.0304250717163086,0.6981532573699951,15.761160850524902,-12.482418060302734,20.117464302418114,109790628,1720697297
4.0,0,-2.964066982269287,-4.261744022369385,0.7565792798995972,1.435732126235962,-3.1841237545013428,-1.9598501920700073,-2.967151403427124,15.586036682128906,-14.675274848937988,21.612316368205406,121790628,1720697297
4.0,0,4.881851673126221,-6.3782501220703125,2.341564893722534,1.539863109588623,-3.17160701751709,-1.814439296722412,-2.618074655532837,15.235788345336914,-15.687362670898438,22.02446160463736,134790628,1720697297
4.0,0,0.47645339369773865,-8.001543998718262,0.7134829759597778,1.4876644611358643,-3.1542961597442627,-1.6698274612426758,-4.537996292114258,17.162153244018555,-16.868131637573242,24.488094643334723,146790628,1720697297
4.0,0,-13.177886962890625,-1.7813133001327515,-2.3918440341949463,1.591262936592102,-3.0198044776916504,-1.5648972988128662,-8.203300476074219,15.936284065246582,-18.38626480102539,25.677110854658412,159790628,1720697297
4.0,0,-9.950454711914062,-11.46121883392334,-0.3591357469558716,1.5462548732757568,-3.0906455516815186,-1.5236177444458008,-7.330609321594238,17.162153244018555,-20.241758346557617,27.531910902758927,171790628,1720697297
4.0,0,-6.383039474487305,-13.939254760742188,-1.0534647703170776,1.5915292501449585,-3.2259361743927,-1.499648928642273,-7.330609321594238,17.162153244018555,-20.241758346557617,27.531910902758927,184790628,1720697297
4.0,0,-4.144426345825195,-10.82913875579834,-0.416597455739975,1.7678333520889282,-3.200369358062744,-1.4019094705581665,-12.043143272399902,15.936284065246582,-22.7719783782959,30.29134280531913,197790628,1720697297
4.0,0,4.120483875274658,-11.030255317687988,4.070204734802246,1.8349459171295166,-3.2914512157440186,-1.2730103731155396,-13.264911651611328,16.46165657043457,-24.627473831176758,32.45699439987137,209790628,1720697297
4.0,0,2.066227674484253,0.6799636483192444,4.898611545562744,1.9222989082336426,-3.250171422958374,-1.1880542039871216,-16.93021583557129,16.63677978515625,-25.133516311645508,34.57033832704799,222790628,1720697297
4.0,0,-3.2633466720581055,-0.5482805371284485,4.1396379470825195,1.926027536392212,-3.101564884185791,-1.0852546691894531,-17.45383071899414,15.060664176940918,-25.30219841003418,34.2295348580525,234790628,1720697297
4.0,0,-3.1651828289031982,-14.205015182495117,2.681546926498413,1.8277552127838135,-3.111684799194336,-1.049834132194519,-18.85013771057129,14.36016845703125,-25.9769229888916,35.161664604973154,247790628,1720697297
4.0,0,-5.832364082336426,-11.585718154907227,1.9896119832992554,1.9555890560150146,-3.1047606468200684,-0.9262615442276001,-20.944597244262695,13.659672737121582,-26.651649475097656,36.545495382510715,259790628,1720697297
4.0,0,-2.5402867794036865,-12.325538635253906,2.296074390411377,2.107391357421875,-3.1364526748657227,-0.8282557129859924,-22.166366577148438,11.383060455322266,-28.507143020629883,37.86263429504994,272790628,1720697297
4.0,0,-1.6735725402832031,-7.968024730682373,2.659998655319214,2.191282272338867,-3.1708080768585205,-0.8018900752067566,-23.737211227416992,12.25868034362793,-27.326374053955078,38.2159804212705,284790628,1720697297
4.0,0,-1.9656695127487183,1.8435633182525635,4.802842140197754,2.3055336475372314,-3.1638834476470947,-0.7299835681915283,-25.657133102416992,12.083556175231934,-28.507143020629883,40.21141643953586,297790628,1720697297
4.0,0,5.408584117889404,-4.790870666503906,7.48438835144043,2.2938156127929688,-3.1052932739257812,-0.6775184869766235,-25.657133102416992,9.631820678710938,-27.83241844177246,39.060260687044845,309790628,1720697297
4.0,0,6.02869176864624,-8.794036865234375,7.022300720214844,2.233361005783081,-3.005423069000244,-0.5486195087432861,-29.671512603759766,7.355208396911621,-31.71208953857422,44.04718349292747,322790628,1720697297
4.0,0,-5.425343990325928,-7.340734481811523,2.341564893722534,2.367586374282837,-2.89782977104187,-0.441558837890625,-30.02058982849121,7.705456256866455,-30.700000762939453,43.62453342583133,334790628,1720697297
4.0,0,-3.1292693614959717,-9.533856391906738,4.893823146820068,2.4855661392211914,-2.9356472492218018,-0.3763103783130646,-31.94051170349121,6.479588031768799,-31.543407440185547,45.35601285254088,347790628,1720697297
4.0,0,-1.74061119556427,-6.181922912597656,5.822787284851074,2.519122362136841,-3.007819890975952,-0.3347644507884979,-35.431278228759766,4.3780999183654785,-30.868682861328125,47.19553810915,359790628,1720697297
4.0,0,-1.264157772064209,-0.826012134552002,5.020717620849609,2.6365697383880615,-2.954289674758911,-0.3201168477535248,-37.874813079833984,2.9771080017089844,-32.21813201904297,49.813378410650735,372790628,1720697297
4.0,0,9.055008888244629,-6.521904945373535,9.624837875366211,2.6634681224823,-2.952958106994629,-0.24181872606277466,-37.874813079833984,2.9771080017089844,-32.21813201904297,49.813378410650735,384790628,1720697297
4.0,0,8.027880668640137,-5.245776176452637,8.298429489135742,2.6711912155151367,-2.837108850479126,-0.1651185005903244,-39.096580505371094,1.4009920358657837,-31.374725341796875,50.14856704005324,397790628,1720697297
4.0,0,1.3814754486083984,-3.0550482273101807,6.268115997314453,2.76094126701355,-2.674919843673706,-0.07030852884054184,-39.271121978759766,1.5761160850524902,-32.55549621582031,51.03494388399462,409790628,1720697297
4.0,0,-0.2442122995853424,-6.150798320770264,5.236199378967285,2.784910202026367,-2.639765501022339,-0.010386486537754536,-43.1109619140625,-3.3273561000823975,-30.868682861328125,53.127223881601,422790628,1720697297
4.0,0,-1.743005394935608,-2.6121137142181396,4.647216320037842,2.8304507732391357,-2.6365697383880615,0.02796361781656742,-44.332733154296875,-4.202976226806641,-32.38681411743164,55.06325423338385,434790628,1720697297
4.0,0,2.0710160732269287,-7.125253200531006,6.543453216552734,2.9439032077789307,-2.6389665603637695,0.06285155564546585,-44.1581916809082,-4.3780999183654785,-29.85659408569336,53.48392152620151,447790628,1720697297
4.0,0,7.36707067489624,-4.316811561584473,5.27450704574585,3.0355172157287598,-2.6126010417938232,0.07936341315507889,-44.1581916809082,-4.3780999183654785,-29.85659408569336,53.48392152620151,459790628,1720697297
4.0,0,4.893823146820068,2.6983065605163574,7.089339256286621,3.134322166442871,-2.523916244506836,0.14913929998874664,-48.34711456298828,-9.631820678710938,-29.181869506835938,57.28697028179757,472790628,1720697297
4.0,0,8.193083763122559,0.4788476526737213,9.155567169189453,3.1287293434143066,-2.4506781101226807,0.22131206095218658,-48.696189880371094,-11.032812118530273,-29.181869506835938,57.832718767337454,484790628,1720697297
4.0,0,5.715046405792236,-3.658396005630493,8.367862701416016,3.090379238128662,-2.3425521850585938,0.2402207851409912,-50.965187072753906,-10.857687950134277,-28.675825119018555,59.47808526877633,497790628,1720697297
4.0,0,1.4197832345962524,-3.409395217895508,5.652796745300293,3.159888744354248,-2.2799670696258545,0.26605385541915894,-50.616111755371094,-15.060664176940918,-29.013187408447266,60.25428962555687,509790628,1720697297
4.0,0,4.359908103942871,-4.623273849487305,5.648007869720459,3.2408502101898193,-2.2509381771087646,0.32863909006118774,-54.6304931640625,-16.63677978515625,-25.808242797851562,62.6684818810965,522790628,1720697297
4.0,0,9.782856941223145,-0.7302426099777222,6.423741340637207,3.3825325965881348,-2.261857271194458,0.3257095515727997,-55.85226058959961,-19.263641357421875,-25.9769229888916,64.53962673649981,534790628,1720697297
4.0,0,9.782856941223145,-0.7302426099777222,6.423741340637207,3.3825325965881348,-2.261857271194458,0.3257095515727997,-57.946720123291016,-19.964136123657227,-24.290111541748047,65.92722216900616,547790628,1720697297
4.0,0,14.061361312866211,1.2282441854476929,12.201037406921387,3.4467155933380127,-2.1635851860046387,0.4010781943798065,-56.724952697753906,-21.190004348754883,-25.133516311645508,65.56241442358892,559790628,1720697297
4.0,0,11.875421524047852,-0.9361472129821777,10.460427284240723,3.4139583110809326,-2.0453388690948486,0.4133288860321045,-60.91387176513672,-23.641740798950195,-22.7719783782959,69.19533713109462,572790628,1720697297
4.0,0,2.3918440341949463,3.349539279937744,3.42854905128479,3.4738802909851074,-1.8658391237258911,0.46552765369415283,-60.91387176513672,-23.641740798950195,-22.7719783782959,69.19533713109462,584790628,1720697297
4.0,0,3.4117894172668457,1.3144367933273315,3.663184404373169,3.5172905921936035,-1.8085802793502808,0.4785773456096649,-61.61202621459961,-26.4437255859375,-20.41044044494629,70.08493758497309,597790628,1720697297
4.0,0,6.2345967292785645,-1.8890539407730103,4.869880676269531,3.6147637367248535,-1.8501262664794922,0.5006818771362305,-62.65925598144531,-26.4437255859375,-20.41044044494629,71.00731696219309,609790628,1720697297
4.0,0,2.7174603939056396,2.4684596061706543,4.762139797210693,3.676283836364746,-1.7577130794525146,0.4796426296234131,-61.786563873291016,-28.370088577270508,-18.89230728149414,70.56458513708446,622790628,1720697297
4.0,0,7.355099678039551,5.0183234214782715,6.18671178817749,3.7364718914031982,-1.7140365839004517,0.4942902624607086,-61.26294708251953,-30.646699905395508,-17.374176025390625,70.66987259708493,634790628,1720697297
4.0,0,7.173137664794922,5.9185566902160645,6.9528679847717285,3.771359920501709,-1.6357383728027344,0.4817731976509094,-64.92825317382812,-31.522321701049805,-15.181319236755371,73.7550491790052,647790628,1720697297
4.0,0,5.31760311126709,8.442083358764648,5.786873817443848,3.748722791671753,-1.4751473665237427,0.5139979720115662,-64.92825317382812,-31.522321701049805,-15.181319236755371,73.7550491790052,660790628,1720697297
4.0,0,2.343959331512451,7.996756076812744,1.300071358680725,3.7609732151031494,-1.3688856363296509,0.5147969126701355,-64.92825317382812,-32.222816467285156,-11.132966995239258,73.33437744609381,672790628,1720697297
4.0,0,2.683941125869751,2.5091617107391357,1.7597651481628418,3.795062303543091,-1.367820382118225,0.4929586350917816,-66.1500244140625,-34.84967803955078,-10.289560317993164,75.47317961354902,685790628,1720697297
4.0,0,4.525110244750977,0.8188294768333435,1.6592071056365967,3.8358094692230225,-1.337459921836853,0.5070735812187195,-66.1500244140625,-36.60091781616211,-7.253296852111816,75.94776645953041,697790628,1720697297
4.0,0,4.482014179229736,6.064605236053467,0.6009538173675537,3.9583168029785156,-1.3044360876083374,0.4929586350917816,-67.19725036621094,-36.60091781616211,-6.241209030151367,76.77271866960771,710790628,1720697297
4.0,0,3.148423194885254,7.398196220397949,0.8355891108512878,4.0171732902526855,-1.2876580953598022,0.5102694630622864,-67.19725036621094,-36.60091781616211,-6.241209030151367,76.77271866960771,722790628,1720697297
4.0,0,5.798844814300537,13.855457305908203,5.121275901794434,3.9284887313842773,-1.1435787677764893,0.4689898192882538,-66.67363739013672,-37.12628936767578,-0.6747252941131592,76.31638447454354,735790628,1720697297
4.0,0,22.61358070373535,34.776309967041016,17.281612396240234,3.1060922145843506,-1.0077555179595947,0.18775571882724762,-66.3245620727539,-38.87752914428711,-0.3373626470565796,76.87992989111729,747790628,1720697297
4.0,0,0.4788476526737213,39.13382339477539,3.2106735706329346,1.9460015296936035,-0.5281128883361816,0.28549522161483765,-67.72086334228516,-37.826786041259766,1.3494505882263184,77.5809389665127,760790628,1720697297
4.0,0,15.074124336242676,30.991018295288086,13.192252159118652,1.357700228691101,-0.4234490692615509,0.1888210028409958,-67.89540100097656,-38.7024040222168,2.530219793319702,78.19247768414056,772790628,1720697297
4.0,0,13.881793022155762,8.779671669006348,4.103724479675293,0.46819087862968445,-0.13023056089878082,0.031425777822732925,-68.0699462890625,-39.22777557373047,3.373626470565796,78.63661564323404,785790628,1720697297
4.0,0,4.848332405090332,27.84259796142578,12.253711700439453,-0.02982785925269127,0.09587526321411133,-0.03222474083304405,-67.89540100097656,-40.103397369384766,1.855494499206543,78.87655429521989,797790628,1720697297
4.0,0,-2.7533740997314453,15.131586074829102,0.48603036999702454,-0.6980251669883728,0.3097303509712219,-0.10146798193454742,-67.72086334228516,-39.22777557373047,1.686813235282898,78.28013188017859,810790628,1720697297
4.0,0,3.823598623275757,25.49863624572754,7.831552982330322,-1.1723413467407227,0.35500478744506836,-0.13901913166046143,-67.54632568359375,-38.7024040222168,2.192857265472412,77.8793349576109,822790628,1720697297
4.0,0,0.4908188283443451,-15.715779304504395,-2.6719701290130615,-1.2655534744262695,0.3739134967327118,-0.09214677661657333,-67.72086334228516,-38.87752914428711,3.373626470565796,78.15982957857736,835790628,1720697297
4.0,0,18.43324089050293,-14.935257911682129,11.140390396118164,-0.5065409541130066,0.0287625789642334,-0.1219746395945549,-67.54632568359375,-36.60091781616211,0.1686813235282898,76.82552799511681,847790628,1720697297
4.0,0,7.687899112701416,-8.916143417358398,8.375045776367188,-0.1720428317785263,0.17470602691173553,-0.026632016524672508,-67.54632568359375,-36.60091781616211,0.1686813235282898,76.82552799511681,860790628,1720697297
4.0,0,1.2881001234054565,4.031897068023682,7.453263759613037,0.1275673657655716,0.03329002112150192,-0.006924324203282595,-68.76809692382812,-39.92827224731445,0.6747252941131592,79.52215624216434,872790628,1720697297
4.0,0,2.655210256576538,6.268115997314453,3.5267128944396973,0.09560894221067429,-0.060454681515693665,-0.0037284824065864086,-69.29170989990234,-37.301414489746094,1.1807692050933838,78.70280045655149,885790628,1720697297
4.0,0,9.62723159790039,11.264890670776367,5.549844264984131,0.09773950278759003,-0.10093534737825394,-0.028229938820004463,-68.0699462890625,-38.52728271484375,0.3373626470565796,78.21753585188542,897790628,1720697297
4.0,0,11.451641082763672,9.167537689208984,6.593731880187988,0.03195841982960701,-0.006658004131168127,0.018376091495156288,-68.94263458251953,-37.65166091918945,0.1686813235282898,78.55420349377457,910790628,1720697297
4.0,0,9.124442100524902,4.1611857414245605,6.157980918884277,0.02902889810502529,0.07749916613101959,0.00825592502951622,-68.94263458251953,-37.65166091918945,0.1686813235282898,78.55420349377457,922790628,1720697297
4.0,0,4.944101810455322,2.2290358543395996,5.870672225952148,0.05592723563313484,0.07084116339683533,-0.017310811206698418,-68.2444839477539,-38.7024040222168,-0.1686813235282898,78.4551726770329,935790628,1720697297
4.0,0,10.699851036071777,34.85531997680664,18.23212432861328,-0.67032790184021,0.211458221077919,-0.2972133159637451,-69.46624755859375,-37.826786041259766,-0.6747252941131592,79.10044592987825,947790628,1720697297
4.0,0,-5.56181526184082,31.398040771484375,-2.703094959259033,-1.9734324216842651,0.6098732352256775,-0.19254949688911438,-67.72086334228516,-40.27852249145508,1.0120879411697388,78.80037454174806,960790628,1720697297
4.0,0,22.60161018371582,30.751596450805664,15.483538627624512,-2.3036694526672363,0.5377004146575928,-0.2881584167480469,-68.76809692382812,-38.52728271484375,1.3494505882263184,78.83668996605947,972790628,1720697297
4.0,0,12.976770401000977,5.138035297393799,-4.977621555328369,-3.3700153827667236,1.0980380773544312,-0.46313077211380005,-69.11717224121094,-37.826786041259766,-1.3494505882263184,78.8027300144007,985790628,1720697297
4.0,0,10.690274238586426,34.30704116821289,15.567337036132812,-3.572951555252075,1.3366608619689941,-0.5108020901679993,-69.11717224121094,-37.826786041259766,-1.3494505882263184,78.8027300144007,997790628,1720697297
4.0,0,-1.98482346534729,5.003958225250244,-3.6296653747558594,-3.970567226409912,1.6003178358078003,-0.4503473937511444,-67.37178802490234,-37.826786041259766,-6.072527885437012,77.50289774455553,10790628,1720697298
4.0,0,10.015098571777344,6.19868278503418,8.070977210998535,-3.6824090480804443,1.3505096435546875,-0.5012145638465881,-67.19725036621094,-37.301414489746094,-7.928022384643555,77.26396002436378,22790628,1720697298
4.0,0,4.130061149597168,-19.182636260986328,0.9576953053474426,-3.6075730323791504,1.5177586078643799,-0.4847027063369751,-67.19725036621094,-35.19992446899414,-8.265384674072266,76.30741591229857,35790628,1720697298
4.0,0,10.31198501586914,-4.893823146820068,7.515513896942139,-3.12846302986145,1.321480631828308,-0.4620654881000519,-65.97547912597656,-34.32430648803711,-11.807692527770996,75.30168301317876,47790628,1720697298
4.0,0,8.62883472442627,3.4237606525421143,7.711841106414795,-3.1423115730285645,1.3539717197418213,-0.45514118671417236,-66.84817504882812,-32.74818801879883,-11.63901138305664,75.34314110686047,60790628,1720697298
4.0,0,7.6735334396362305,4.70228385925293,6.33754825592041,-3.0810582637786865,1.3387914896011353,-0.47138670086860657,-65.10279083251953,-34.1491813659668,-14.337912559509277,74.90070559555909,72790628,1720697298
4.0,0,9.392596244812012,9.411750793457031,7.266513347625732,-3.088515043258667,1.4250792264938354,-0.4471515715122223,-64.75371551513672,-30.9969482421875,-14.000550270080566,73.14280471248803,85790628,1720697298
4.0,0,10.71900463104248,4.3982157707214355,8.015909194946289,-3.055224895477295,1.5393304824829102,-0.42318275570869446,-64.2301025390625,-30.121328353881836,-15.85604476928711,72.69260381707679,97790628,1720697298
4.0,0,10.223396301269531,-1.7262457609176636,7.278484344482422,-3.069606304168701,1.6551798582077026,-0.4247806966304779,-61.96110153198242,-29.245708465576172,-17.711538314819336,70.76855344139388,110790628,1720697298
4.0,0,4.1659746170043945,-1.237821102142334,5.8156046867370605,-2.9486968517303467,1.715101957321167,-0.38936007022857666,-61.96110153198242,-29.245708465576172,-17.711538314819336,70.76855344139388,122790628,1720697298
4.0,0,4.034291744232178,2.9832208156585693,7.975207328796387,-2.916205883026123,1.7007206678390503,-0.41625842452049255,-61.43748474121094,-27.319345474243164,-20.916484832763672,70.41598189492787,135790628,1720697298
4.0,0,5.504354000091553,0.27054890990257263,8.449267387390137,-2.9372451305389404,1.6706264019012451,-0.38509899377822876,-60.73933410644531,-24.86760902404785,-20.241758346557617,68.68328375396543,147790628,1720697298
4.0,0,10.034252166748047,-2.889845609664917,8.750940322875977,-2.901291847229004,1.681545615196228,-0.4048066735267639,-57.07402801513672,-22.59099578857422,-22.434616088867188,65.3537280011389,160790628,1720697298
4.0,0,9.342317581176758,-3.071807622909546,7.795639991760254,-2.856816530227661,1.806982398033142,-0.3552711009979248,-59.866641998291016,-21.890501022338867,-22.434616088867188,67.5760376036907,173790628,1720697298
4.0,0,7.850707054138184,0.31603944301605225,9.73257827758789,-2.763338088989258,1.8277552127838135,-0.3251769244670868,-58.29579544067383,-21.014881134033203,-23.615385055541992,66.31524264043635,185790628,1720697298
4.0,0,3.5937516689300537,1.731034278869629,8.695873260498047,-2.7721266746520996,1.9324190616607666,-0.28043514490127563,-58.29579544067383,-21.014881134033203,-23.615385055541992,66.31524264043635,198790628,1720697298
4.0,0,2.8467493057250977,1.2402154207229614,7.723812580108643,-2.6930294036865234,1.9622470140457153,-0.27164655923843384,-56.20133590698242,-19.613887786865234,-24.96483612060547,64.54872418858409,210790628,1720697298
4.0,0,7.304821014404297,-2.1476316452026367,8.7677001953125,-2.6970245838165283,1.973965048789978,-0.2783045768737793,-54.106876373291016,-16.811904907226562,-26.989011764526367,62.758274143812855,223790628,1720697298
4.0,0,6.004749774932861,-3.869088888168335,7.319186210632324,-2.6224546432495117,2.0245659351348877,-0.24048711359500885,-55.15410614013672,-15.761160850524902,-28.675825119018555,64.13027804189002,235790628,1720697298
4.0,0,8.90417194366455,-5.3559112548828125,9.85947322845459,-2.609937906265259,2.0666444301605225,-0.21092556416988373,-54.28141403198242,-14.185044288635254,-26.820329666137695,62.185347745126805,248790628,1720697298
4.0,0,3.454885721206665,-3.5027706623077393,8.109285354614258,-2.5510809421539307,2.1095221042633057,-0.17417339980602264,-54.28141403198242,-14.185044288635254,-26.820329666137695,62.185347745126805,260790628,1720697298
4.0,0,2.6097195148468018,0.19632753729820251,7.8267645835876465,-2.5068719387054443,2.148404836654663,-0.1526014655828476,-49.9179573059082,-10.15719223022461,-29.350549697875977,58.7913750746119,273790628,1720697298
4.0,0,0.3687126934528351,1.8627172708511353,5.308026313781738,-2.468787908554077,2.218446969985962,-0.1275673657655716,-48.696189880371094,-9.982068061828613,-30.19395637512207,58.16042978898032,285790628,1720697298
4.0,0,4.757351398468018,-3.0550482273101807,7.194685935974121,-2.40380597114563,2.2360241413116455,-0.08948357403278351,-49.394344329833984,-8.581076622009277,-30.19395637512207,58.52444898800647,298790628,1720697298
4.0,0,0.9145990014076233,-0.09576953202486038,6.011932373046875,-2.33909010887146,2.2954137325286865,-0.046872351318597794,-46.252655029296875,-7.180084228515625,-30.53131866455078,55.88401494330975,310790628,1720697298
4.0,0,-0.3495587706565857,0.059855956584215164,6.3303656578063965,-2.284494400024414,2.359330415725708,-0.004261122550815344,-45.37996292114258,-5.253720283508301,-30.362638473510742,54.85282514706728,323790628,1720697298
4.0,0,1.4844276905059814,-2.784498929977417,7.8842267990112305,-2.266650915145874,2.3769075870513916,0.04554075002670288,-43.80911636352539,-2.6268601417541504,-31.880769729614258,54.245023267668834,335790628,1720697298
4.0,0,4.273715019226074,-4.455677509307861,7.570581436157227,-2.2235071659088135,2.387826681137085,0.04207858443260193,-43.46004104614258,-2.2766120433807373,-31.543407440185547,53.748904017347336,348790628,1720697298
4.0,0,3.457279920578003,-5.327179908752441,7.63043737411499,-2.171574592590332,2.4088659286499023,0.09773950278759003,-41.54011917114258,0.0,-32.0494499206543,52.46664407954119,360790628,1720697298
4.0,0,6.03826904296875,-6.383039474487305,8.279275894165039,-2.169177770614624,2.3995447158813477,0.1419486552476883,-39.271121978759766,0.17512400448322296,-30.19395637512207,49.53712437627309,373790628,1720697298
4.0,0,1.1468400955200195,-2.712671995162964,6.849915504455566,-2.0839552879333496,2.477043867111206,0.20187069475650787,-38.22389221191406,1.9263640642166138,-31.880769729614258,49.81124665061716,385790628,1720697298
4.0,0,0.06943290680646896,1.0438878536224365,6.7493577003479,-2.000330686569214,2.505007743835449,0.2439492791891098,-38.22389221191406,1.9263640642166138,-31.880769729614258,49.81124665061716,398790628,1720697298
4.0,0,-0.5770114064216614,-1.1468400955200195,5.568997859954834,-1.950795292854309,2.5627989768981934,0.27430975437164307,-36.653045654296875,3.1522321701049805,-30.362638473510742,47.69981277178486,410790628,1720697298
4.0,0,-0.5770114064216614,-1.1468400955200195,5.568997859954834,-1.950795292854309,2.5627989768981934,0.27430975437164307,-34.55858612060547,4.202976226806641,-28.675825119018555,45.1028139928646,423790628,1720697298
4.0,0,4.189917087554932,-3.641636371612549,6.756540298461914,-1.8517241477966309,2.5723865032196045,0.38563162088394165,-31.765974044799805,8.055704116821289,-29.350549697875977,43.99347955549952,435790628,1720697298
4.0,0,3.5219244956970215,-8.343920707702637,7.989573001861572,-1.8527894020080566,2.5926270484924316,0.4610002040863037,-30.544204711914062,6.479588031768799,-29.85659408569336,43.20126980706255,448790628,1720697298
4.0,0,2.4086036682128906,-5.236199378967285,5.806027889251709,-1.8370765447616577,2.620856761932373,0.5158621668815613,-30.544204711914062,6.479588031768799,-29.85659408569336,43.20126980706255,460790628,1720697298
4.0,0,3.4165778160095215,-8.109285354614258,7.0270891189575195,-1.7899378538131714,2.601149082183838,0.5369014739990234,-28.27520751953125,8.405952453613281,-28.001100540161133,40.67196858261444,473790628,1720697298
4.0,0,-1.3647156953811646,-7.034272193908691,3.737405776977539,-1.738271713256836,2.668261766433716,0.5957582592964172,-25.482593536376953,10.857687950134277,-28.338462829589844,39.62726884995655,485790628,1720697298
4.0,0,-2.272132158279419,-6.608097076416016,4.628062725067139,-1.6812793016433716,2.6568100452423096,0.6623382568359375,-24.43536376953125,11.20793628692627,-26.314287185668945,37.61843362569712,498790628,1720697298
4.0,0,-4.647216320037842,-1.743005394935608,3.1795482635498047,-1.5795449018478394,2.7138023376464844,0.7395710945129395,-23.737211227416992,12.608928680419922,-27.66373634338379,38.57100708821563,510790628,1720697298
4.0,0,-2.5163443088531494,-7.3910136222839355,4.563417911529541,-1.5286777019500732,2.7122044563293457,0.7827149629592896,-21.29367446899414,13.659672737121582,-25.9769229888916,36.26027798635251,523790628,1720697298
4.0,0,-0.7541850805282593,-9.974396705627441,4.726226329803467,-1.5574402809143066,2.6919641494750977,0.8349137306213379,-19.722829818725586,15.235788345336914,-25.808242797851562,35.87735579547596,535790628,1720697298
4.0,0,-3.42854905128479,-5.9999613761901855,2.940124750137329,-1.489528775215149,2.6983561515808105,0.9070864915847778,-17.977445602416992,13.834795951843262,-25.808242797851562,34.36066829573979,548790628,1720697298
4.0,0,-1.2210614681243896,-9.505125999450684,3.5027706623077393,-1.4644945859909058,2.6914315223693848,0.9795255661010742,-19.722829818725586,14.185044288635254,-25.47088050842285,35.19902344388704,560790628,1720697298
4.0,0,-3.4500973224639893,-8.267304420471191,2.7509799003601074,-1.414692759513855,2.71406888961792,1.039713978767395,-15.184833526611328,15.235788345336914,-24.458791732788086,32.57208787846899,573790628,1720697298
4.0,0,-7.551427364349365,-5.437314987182617,1.2402154207229614,-1.3744784593582153,2.755082130432129,1.1268006563186646,-12.741296768188477,16.28653335571289,-22.434616088867188,30.510716332735573,585790628,1720697298
4.0,0,-5.585757732391357,-7.022300720214844,1.2833117246627808,-1.3225460052490234,2.726585865020752,1.16062331199646,-12.741296768188477,16.28653335571289,-22.434616088867188,30.510716332735573,598790628,1720697298
4.0,0,-7.460446357727051,-8.528276443481445,1.0798014402389526,-1.3244102001190186,2.7524189949035645,1.234926700592041,-11.694067001342773,16.987028121948242,-21.08516502380371,29.493974156237233,611790628,1720697298
4.0,0,-10.331138610839844,-4.209070682525635,-1.3048597574234009,-1.2303991317749023,2.7446956634521484,1.2943159341812134,-9.948683738708496,18.03777313232422,-19.735713958740234,28.527810521791793,623790628,1720697298
4.0,0,-4.642427921295166,-9.136412620544434,2.480430841445923,-1.193647027015686,2.7090086936950684,1.376608967781067,-9.250530242919922,14.885540008544922,-20.747802734375,27.159214447875815,636790628,1720697298
4.0,0,-7.343128681182861,-9.988761901855469,-0.5195496678352356,-1.222143292427063,2.716465950012207,1.4391942024230957,-6.1088409423828125,15.235788345336914,-18.38626480102539,24.64755398607866,648790628,1720697298
4.0,0,-6.797242164611816,-8.422929763793945,0.6464443206787109,-1.1491715908050537,2.696225166320801,1.4887298345565796,-6.1088409423828125,15.235788345336914,-18.38626480102539,24.64755398607866,661790628,1720697298
4.0,0,-8.68150806427002,-7.798034191131592,-1.4940046072006226,-1.106027603149414,2.736173391342163,1.5672942399978638,-4.014381408691406,16.28653335571289,-16.362089157104492,23.432549763656368,673790628,1720697298
4.0,0,-6.991175174713135,-9.866656303405762,-1.8866597414016724,-1.1339912414550781,2.694627285003662,1.635472059249878,-3.8398427963256836,15.060664176940918,-14.506593704223633,21.260509378904977,686790628,1720697298
4.0,0,-11.214611053466797,-5.533084392547607,-3.047865152359009,-1.0322569608688354,2.6954262256622314,1.7001880407333374,-1.0472298860549927,15.761160850524902,-14.169231414794922,21.219754962684583,698790628,1720697298
4.0,0,-9.24415397644043,-6.4931745529174805,-2.2338242530822754,-1.0365180969238281,2.6895673274993896,1.7899378538131714,-0.5236149430274963,15.235788345336914,-14.337912559509277,20.927951540382534,711790628,1720697298
4.0,0,-8.449267387390137,-7.498754501342773,-2.5331039428710938,-1.0018965005874634,2.666663885116577,1.832815408706665,1.3963065147399902,14.710416793823242,-12.145055770874023,19.1271642908389,723790628,1720697298
4.0,0,-8.106890678405762,-4.07499361038208,-2.583383083343506,-0.9694054126739502,2.632042407989502,1.8954006433486938,1.3963065147399902,14.710416793823242,-12.145055770874023,19.1271642908389,736790628,1720697298
4.0,0,-10.860264778137207,-2.7174603939056396,-4.256955623626709,-0.8823187351226807,2.6365697383880615,1.979824185371399,4.363457679748535,13.134300231933594,-10.289560317993164,17.246004089154884,748790628,1720697298
4.0,0,-6.481202602386475,-8.60489273071289,-1.561043381690979,-0.8724648952484131,2.556673526763916,2.033620834350586,3.8398427963256836,12.25868034362793,-8.771429061889648,15.554986475580952,761790628,1720697298
4.0,0,-8.06618881225586,-6.557818412780762,-2.703094959259033,-0.8985642790794373,2.5343027114868164,2.097271203994751,5.061611175537109,11.032812118530273,-6.915934085845947,13.970432892894781,773790628,1720697298
4.0,0,-7.395802021026611,-2.784498929977417,-3.3136258125305176,-0.8370442986488342,2.488762140274048,2.1414804458618164,5.585226058959961,10.507440567016602,-5.735165119171143,13.20958653188013,785345594,1720697298
4.0,0,-8.863470077514648,-3.304048538208008,-3.4740395545959473,-0.8064174652099609,2.489561080932617,2.207261562347412,7.679685592651367,9.806943893432617,-6.072527885437012,13.857464207073471,797345594,1720697298
4.0,0,-7.165955066680908,-4.058233737945557,-3.6296653747558594,-0.8096133470535278,2.4107301235198975,2.2751731872558594,6.632455825805664,9.806943893432617,-3.710988998413086,12.407137387670927,810345594,1720697298
4.0,0,-8.331949234008789,-1.9106022119522095,-4.134849548339844,-0.7595451474189758,2.4149911403656006,2.349742889404297,8.901453971862793,6.129340171813965,-1.855494499206543,10.96574455254134,822345594,1720697298
4.0,0,-7.22820520401001,-5.782085418701172,-3.7493772506713867,-0.7454301714897156,2.3582651615142822,2.393951892852783,8.552377700805664,5.779092311859131,-3.2049450874328613,10.807994508681402,835345594,1720697298
4.0,0,-6.332759857177734,-3.924156427383423,-2.9856150150299072,-0.7504902482032776,2.31299090385437,2.4349653720855713,10.297760963439941,3.3273561000823975,-1.518131971359253,10.927941441981018,847345594,1720697298
4.0,0,-6.986386775970459,-1.6352647542953491,-3.919368028640747,-0.7068137526512146,2.2706458568573,2.495952606201172,10.472298622131348,5.603968143463135,0.0,11.877436482004178,860345594,1720697298
4.0,0,-4.877063274383545,-3.667973041534424,-3.169971466064453,-0.7046831250190735,2.201935052871704,2.539895534515381,10.64683723449707,4.3780999183654785,1.855494499206543,11.660435747846252,872345594,1720697298
4.0,0,-5.923345565795898,-2.3798727989196777,-4.369484901428223,-0.6618056297302246,2.1641178131103516,2.575582504272461,9.948683738708496,0.8756200075149536,1.855494499206543,10.158045007135433,885345594,1720697298
4.0,0,-6.497962951660156,0.2753373980522156,-5.2769012451171875,-0.631711483001709,2.1265666484832764,2.639765501022339,10.821375846862793,-0.3502480089664459,3.710988998413086,11.445360991825176,897345594,1720697298
4.0,0,-4.731014728546143,-2.1069295406341553,-4.323994159698486,-0.6530171036720276,2.0368165969848633,2.6805126667022705,10.472298622131348,-2.4517359733581543,4.048351764678955,11.492136429956433,910345594,1720697298
4.0,0,-5.482805252075195,0.4525110125541687,-4.125272274017334,-0.6287819147109985,2.0048582553863525,2.7138023376464844,13.43945026397705,-1.5761160850524902,4.2170329093933105,14.173437546000624,922345594,1720697298
4.0,0,-5.042265892028809,-0.37110692262649536,-4.249773025512695,-0.613335371017456,1.9286906719207764,2.7612075805664062,13.43945026397705,-1.5761160850524902,4.2170329093933105,14.173437546000624,935345594,1720697298
4.0,0,-2.8802685737609863,-2.5666234493255615,-3.6512134075164795,-0.6072099804878235,1.899928092956543,2.8078136444091797,10.472298622131348,-4.202976226806641,5.735165119171143,12.658047501030847,947345594,1720697298
4.0,0,-4.036685943603516,-2.683941125869751,-3.900214195251465,-0.6250534057617188,1.8085802793502808,2.8357770442962646,10.64683723449707,-8.931324005126953,6.578571796417236,15.375347100571307,960345594,1720697298
4.0,0,-2.272132158279419,-0.9361472129821777,-2.729431390762329,-0.6157322525978088,1.7696975469589233,2.899427652359009,10.821375846862793,-9.10644817352295,8.09670352935791,16.296815075297435,972345594,1720697298
4.0,0,-9.385414123535156,-3.2681353092193604,-8.796431541442871,-0.5427604913711548,1.7273526191711426,2.8863778114318848,10.297760963439941,-12.433804512023926,7.928022384643555,17.98601997204449,985345594,1720697298
4.0,0,-20.987892150878906,32.87528610229492,-18.095651626586914,-0.4207858741283417,0.9837867021560669,2.049067497253418,10.297760963439941,-13.484548568725586,9.277472496032715,19.337746168494153,997345594,1720697298
4.0,0,4.386244297027588,2.296074390411377,-2.9736437797546387,-0.2945501208305359,0.7560829520225525,1.3667551279067993,10.297760963439941,-13.484548568725586,9.277472496032715,19.337746168494153,10345594,1720697299
4.0,0,-8.157169342041016,10.711822509765625,-10.067770957946777,-0.15659627318382263,0.22424158453941345,0.47804468870162964,8.901453971862793,-16.63677978515625,9.952198028564453,21.332242498920213,22345594,1720697299
4.0,0,-19.4005126953125,8.896988868713379,-16.678264617919922,0.12676839530467987,0.1526014655828476,0.09667421877384186,11.51952838897705,-16.111408233642578,11.807692527770996,23.058590859068406,35345594,1720697299
4.0,0,7.103704452514648,0.9122047424316406,3.0550482273101807,0.14114968478679657,-0.5773820877075195,-0.6660667657852173,10.472298622131348,-14.710416793823242,11.132966995239258,21.21340035911682,47345594,1720697299
4.0,0,-4.740592002868652,1.8459577560424805,-0.7278484106063843,0.28922373056411743,-0.3033386766910553,-0.623988151550293,9.948683738708496,-14.535292625427246,9.614835739135742,20.067289456481273,60345594,1720697299
4.0,0,-9.507519721984863,-5.415766716003418,-3.244192600250244,0.20373493432998657,-0.2157193422317505,-0.5065409541130066,9.599607467651367,-15.235788345336914,9.952198028564453,20.574935130800636,72345594,1720697299
4.0,0,-5.499565601348877,-8.918537139892578,-1.7884960174560547,0.11531662940979004,-0.11531662940979004,-0.25806424021720886,10.123222351074219,-17.512399673461914,10.120879173278809,22.618487313091173,85345594,1720697299
4.0,0,-12.21779727935791,-3.177154064178467,-19.170665740966797,0.060454681515693665,-0.31425780057907104,-0.6183954477310181,10.9959135055542,-14.185044288635254,9.952198028564453,20.5224716077751,98345594,1720697299
4.0,0,-35.575984954833984,39.22600173950195,-29.595178604125977,0.8610131144523621,-1.0793956518173218,-1.6157644987106323,10.472298622131348,-14.009920120239258,10.458242416381836,20.379443923875527,110345594,1720697299
4.0,0,-11.193063735961914,15.083701133728027,-15.342278480529785,1.0104187726974487,-1.3720815181732178,-2.226702928543091,9.774145126342773,-11.558184623718262,9.44615364074707,17.84251561163298,123345594,1720697299
4.0,0,1.0845898389816284,13.101271629333496,-18.323104858398438,0.9414418339729309,-2.1910159587860107,-2.912477493286133,9.774145126342773,-11.558184623718262,9.44615364074707,17.84251561163298,135345594,1720697299
4.0,0,-32.614315032958984,24.121950149536133,-33.770729064941406,1.523085117340088,-2.2847607135772705,-3.1463065147399902,11.868605613708496,-8.055704116821289,7.421977996826172,16.150663311978743,148345594,1720697299
4.0,0,-2.475642204284668,1.8603230714797974,-14.398948669433594,1.4080346822738647,-3.336991786956787,-3.915705442428589,11.170452117919922,-7.355208396911621,9.10879135131836,16.181723361947363,160345594,1720697299
4.0,0,0.4429340660572052,-1.3096483945846558,1.2426096200942993,1.682078242301941,-3.21927809715271,-3.6885342597961426,10.472298622131348,-4.903471946716309,5.397802352905273,12.761243897220899,173345594,1720697299
4.0,0,8.20266056060791,-20.295955657958984,10.412542343139648,1.4863327741622925,-3.0429742336273193,-3.268547296524048,10.9959135055542,-4.0278520584106445,3.2049450874328613,12.141061693259454,185345594,1720697299
4.0,0,-6.529087543487549,-4.7860822677612305,-1.2450039386749268,1.3542380332946777,-2.8219285011291504,-2.9633445739746094,9.250530242919922,-2.2766120433807373,3.8796703815460205,10.286258524881035,198345594,1720697299
4.0,0,-15.339883804321289,-2.3367764949798584,-7.915351867675781,1.3638255596160889,-2.892503499984741,-2.9313862323760986,9.250530242919922,-2.2766120433807373,3.8796703815460205,10.286258524881035,210345594,1720697299
4.0,0,-2.5091617107391357,-3.0789904594421387,-4.910582542419434,1.422416090965271,-3.1076900959014893,-2.917271137237549,9.425068855285645,1.0507440567016602,0.0,9.483458546309427,223345594,1720697299
4.0,0,-0.9624837636947632,-2.5450751781463623,-4.316811561584473,1.3901911973953247,-3.1076900959014893,-2.751620054244995,8.028762817382812,3.5024800300598145,-2.3615384101867676,9.0722247768419,235345594,1720697299
4.0,0,-14.952017784118652,-1.2019076347351074,-10.728581428527832,1.41655695438385,-3.0554912090301514,-2.6086058616638184,8.552377700805664,4.728348255157471,-1.518131971359253,9.889649449892135,248345594,1720697299
4.0,0,-10.53225326538086,-3.098144292831421,-6.6440110206604,1.4666252136230469,-3.352970838546753,-2.6711912155151367,7.85422420501709,6.129340171813965,-4.55439567565918,10.954458853587967,260345594,1720697299
4.0,0,-3.0622308254241943,-4.572995185852051,-0.05746171623468399,1.501513123512268,-3.3431172370910645,-2.5777130126953125,6.806994438171387,6.829836368560791,-4.55439567565918,10.664162324021277,273345594,1720697299
4.0,0,5.837152481079102,-8.080554008483887,5.291266441345215,1.4098989963531494,-3.1417789459228516,-2.294081926345825,6.283379554748535,8.756199836730957,-6.409890174865723,12.539481100254479,285345594,1720697299
4.0,0,-7.556215763092041,-4.173157215118408,-3.380664348602295,1.3800711631774902,-3.0216686725616455,-2.0607855319976807,5.585226058959961,7.705456256866455,-8.434065818786621,12.71622084157839,298345594,1720697299
4.0,0,-16.280818939208984,-7.49157190322876,-8.92811393737793,1.4213507175445557,-3.218745470046997,-2.0685088634490967,4.712534427642822,9.631820678710938,-10.289560317993164,14.861191131809795,310345594,1720697299
4.0,0,-11.056591987609863,-1.2881001234054565,-6.397404670715332,1.5284113883972168,-3.3883914947509766,-2.107924222946167,3.4907662868499756,8.405952453613281,-11.470330238342285,14.642880922087869,323345594,1720697299
4.0,0,2.7677392959594727,0.579405665397644,0.16759668290615082,1.6131012439727783,-3.526078939437866,-2.0834226608276367,3.8398427963256836,8.756199836730957,-13.494505882263184,16.53835291943237,335345594,1720697299
4.0,0,3.296865940093994,-10.886601448059082,0.598559558391571,1.5901976823806763,-3.5058388710021973,-1.95372474193573,-0.6981532573699951,10.507440567016602,-15.85604476928711,19.03438680298894,348345594,1720697299
4.0,0,-7.146801471710205,-11.770075798034668,-1.0558589696884155,1.5712889432907104,-3.4642927646636963,-1.7747576236724854,-1.7453831434249878,12.25868034362793,-17.542858123779297,21.47262157342813,360345594,1720697299
4.0,0,-16.8291015625,-2.2026991844177246,-3.684732437133789,1.7065796852111816,-3.466423511505127,-1.6850076913833618,-2.268998146057129,12.784051895141602,-18.38626480102539,22.508555457379078,373345594,1720697299
4.0,0,-1.2019076347351074,-0.6967233419418335,2.032708168029785,1.8171025514602661,-3.6778817176818848,-1.7111071348190308,-5.759764194488525,12.433804512023926,-20.073078155517578,24.30437912921981,385345594,1720697299
4.0,0,11.032649993896484,-9.624837875366211,8.315189361572266,1.7886062860488892,-3.5979855060577393,-1.5923281908035278,-7.330609321594238,12.608928680419922,-20.241758346557617,24.94898187209641,398345594,1720697299
4.0,0,8.035063743591309,-5.803633689880371,5.499565601348877,1.7886062860488892,-3.5979855060577393,-1.5923281908035278,-7.330609321594238,12.608928680419922,-20.241758346557617,24.94898187209641,410345594,1720697299
4.0,0,-10.26170539855957,-9.131624221801758,-3.818809986114502,1.8072487115859985,-3.57108736038208,-1.3592982292175293,-9.774145126342773,11.908432006835938,-22.60329818725586,27.354227365331464,423345594,1720697299
4.0,0,-8.743758201599121,-2.918576240539551,-1.3838696479797363,1.9787589311599731,-3.6640329360961914,-1.2945822477340698,-11.868605613708496,12.608928680419922,-23.27802276611328,29.012328854839577,435345594,1720697299
4.0,0,6.375855922698975,-3.2848949432373047,5.966441631317139,2.030158758163452,-3.7639031410217285,-1.2618249654769897,-14.137603759765625,11.032812118530273,-26.482967376708984,31.98346986158256,448345594,1720697299
4.0,0,4.831572532653809,-8.94487476348877,5.956864833831787,1.9417403936386108,-3.69758939743042,-1.1563622951507568,-17.279293060302734,10.332316398620605,-25.808242797851562,32.73218793692055,460345594,1720697299
4.0,0,-6.763723373413086,-5.748566150665283,0.7924928665161133,1.9952707290649414,-3.5668258666992188,-1.006157636642456,-17.45383071899414,10.857687950134277,-26.989011764526367,33.92539388740442,473345594,1720697299
4.0,0,-12.833117485046387,-5.482805252075195,-3.2848949432373047,2.115114688873291,-3.591860294342041,-0.9411755204200745,-17.45383071899414,10.857687950134277,-26.989011764526367,33.92539388740442,485345594,1720697299
4.0,0,2.0231313705444336,-4.185128211975098,3.349539279937744,2.235225200653076,-3.779083251953125,-0.9233320355415344,-23.21359634399414,7.530332088470459,-29.181869506835938,38.04153604283806,498345594,1720697299
4.0,0,10.946456909179688,-3.0263171195983887,8.480391502380371,2.217914342880249,-3.78094744682312,-0.821597695350647,-24.43536376953125,7.705456256866455,-29.013187408447266,38.70692576624351,510345594,1720697299
4.0,0,-0.7063003182411194,-6.938502311706543,4.735803127288818,2.1675798892974854,-3.5726852416992188,-0.6924324631690979,-27.227977752685547,7.004960060119629,-28.338462829589844,39.91867624920265,523345594,1720697299
4.0,0,-6.33754825592041,-6.9265313148498535,1.4963988065719604,2.255465507507324,-3.5308728218078613,-0.6426305770874023,-27.57705307006836,6.304464340209961,-30.700000762939453,41.74601985208684,535345594,1720697299
4.0,0,-2.9856150150299072,-8.284064292907715,2.1811511516571045,2.350541830062866,-3.6991872787475586,-0.5755178928375244,-31.94051170349121,5.779092311859131,-29.51923179626465,43.874585373214074,548345594,1720697299
4.0,0,4.575389385223389,-1.261763572692871,6.244173526763916,2.475179672241211,-3.739401340484619,-0.5307760834693909,-33.511356353759766,3.5024800300598145,-32.0494499206543,46.502103299164546,560345594,1720697299
4.0,0,8.810796737670898,-2.5211329460144043,8.590526580810547,2.482370138168335,-3.6291449069976807,-0.4146605134010315,-34.55858612060547,1.4009920358657837,-31.71208953857422,46.924570069872914,573345594,1720697299
4.0,0,2.2242472171783447,-8.528276443481445,5.853912353515625,2.4256441593170166,-3.468287706375122,-0.33183494210243225,-36.653045654296875,-1.0507440567016602,-31.037363052368164,48.040271898201965,585345594,1720697299
4.0,0,-3.1412405967712402,-4.905794143676758,2.322411060333252,2.5034093856811523,-3.5737504959106445,-0.31479042768478394,-38.74750518798828,-2.1014881134033203,-31.71208953857422,50.114289713478954,598345594,1720697299
4.0,0,1.3527445793151855,-0.6775694489479065,3.9097909927368164,2.68503999710083,-3.6254165172576904,-0.2796361744403839,-38.74750518798828,-2.1014881134033203,-31.71208953857422,50.114289713478954,610345594,1720697299
4.0,0,9.617654800415039,-2.6959123611450195,8.63122844696045,2.725520610809326,-3.6075730323791504,-0.20240333676338196,-42.58734893798828,-3.5024800300598145,-31.374725341796875,53.01248009855915,623345594,1720697299
4.0,0,7.0318779945373535,-6.864280700683594,6.474020004272461,2.656543731689453,-3.431535482406616,-0.10146798193454742,-44.856346130371094,-6.129340171813965,-32.55549621582031,55.76307858222823,636345594,1720697299
4.0,0,-0.24660654366016388,-4.594542980194092,4.151608943939209,2.703416109085083,-3.3937177658081055,-0.06658004224300385,-46.60173034667969,-6.829836368560791,-30.868682861328125,56.31379509249234,648345594,1720697299
4.0,0,-2.320016860961914,-1.9824292659759521,2.786893367767334,2.821129560470581,-3.4935879707336426,-0.03009418025612831,-49.394344329833984,-11.032812118530273,-29.181869506835938,58.42179133620427,661345594,1720697299
4.0,0,4.041474342346191,0.8810796737670898,5.154795169830322,2.9593498706817627,-3.479739189147949,0.0013316008262336254,-51.314266204833984,-12.959176063537598,-27.326374053955078,59.56362043498533,673345594,1720697299
4.0,0,15.500297546386719,-2.6983065605163574,9.881021499633789,2.9460337162017822,-3.445117712020874,0.06578107923269272,-51.314266204833984,-12.959176063537598,-27.326374053955078,59.56362043498533,686345594,1720697299
4.0,0,7.855495452880859,-5.760537147521973,6.845127105712891,2.883448362350464,-3.3175504207611084,0.10919126868247986,-54.106876373291016,-14.009920120239258,-26.651649475097656,61.92045181031511,698345594,1720697299
4.0,0,0.4596937298774719,1.094166874885559,2.942518949508667,3.0168750286102295,-3.28399395942688,0.1502045840024948,-57.5976448059082,-18.2128963470459,-26.651649475097656,66.026575712203,711345594,1720697299
4.0,0,1.2976771593093872,-0.7517908215522766,2.7246429920196533,3.098635196685791,-3.285858154296875,0.18482619524002075,-58.99394989013672,-18.56314468383789,-25.9769229888916,67.07963172352594,723345594,1720697299
4.0,0,15.057364463806152,-2.3080456256866455,7.661562442779541,3.152165651321411,-3.335660219192505,0.18242931365966797,-58.81941223144531,-20.13926124572754,-24.121429443359375,66.6870036601385,736345594,1720697299
4.0,0,15.057364463806152,-2.3080456256866455,7.661562442779541,3.152165651321411,-3.335660219192505,0.18242931365966797,-60.564796447753906,-20.13926124572754,-21.422527313232422,67.32465439025823,748345594,1720697299
4.0,0,4.350330829620361,0.9624837636947632,3.330385446548462,3.162285566329956,-3.0794599056243896,0.28123411536216736,-63.88102340698242,-23.116369247436523,-19.904396057128906,70.7907950308959,761345594,1720697299
4.0,0,2.779710531234741,-0.6440500617027283,1.0223398208618164,3.2344584465026855,-3.0589535236358643,0.3014744222164154,-64.4046401977539,-25.392980575561523,-20.073078155517578,72.08113212311873,773345594,1720697299
4.0,0,2.3295936584472656,-1.8675057888031006,1.7837074995040894,3.2664167881011963,-3.116478681564331,0.2964143455028534,-65.10279083251953,-25.392980575561523,-19.398351669311523,72.52222338138783,786345594,1720697299
4.0,0,14.786815643310547,1.316831111907959,6.615280628204346,3.3923861980438232,-3.184390068054199,0.3060018718242645,-68.41902160644531,-24.51736068725586,-16.19340705871582,74.46133174219688,798345594,1720697299
4.0,0,13.039021492004395,5.954470157623291,6.2250189781188965,3.38439679145813,-3.041110038757324,0.33183494210243225,-67.19725036621094,-28.194965362548828,-12.9884614944458,74.02112307015658,811345594,1720697299
4.0,0,-0.3112509846687317,3.1651828289031982,-1.3240137100219727,3.4049034118652344,-2.8839809894561768,0.36565759778022766,-70.68801879882812,-30.29645347595215,-10.626923561096191,77.63763648706336,823345594,1720697299
4.0,0,4.237801551818848,0.08140409737825394,0.2801258862018585,3.4440524578094482,-2.9431042671203613,0.3534068763256073,-71.03709411621094,-30.646699905395508,-8.602747917175293,77.84276605628325,836345594,1720697299
4.0,0,9.667933464050293,5.130852699279785,1.2282441854476929,3.5564396381378174,-3.0501649379730225,0.3520752489566803,-69.81532287597656,-30.121328353881836,-8.09670352935791,76.46587695254361,848345594,1720697299
4.0,0,10.996736526489258,7.4412922859191895,4.486802577972412,3.594257116317749,-2.979057550430298,0.3640596866607666,-72.60794067382812,-32.222816467285156,-7.084615707397461,79.75220830610266,861345594,1720697299
4.0,0,7.055819988250732,7.649591445922852,2.1811511516571045,3.5308728218078613,-2.8397719860076904,0.3704513609409332,-73.30609130859375,-32.57306671142578,-3.373626470565796,80.2880380473566,873345594,1720697299
4.0,0,1.9153906106948853,6.430923938751221,-4.218647480010986,3.5423245429992676,-2.73857045173645,0.39948025345802307,-73.30609130859375,-32.57306671142578,-3.373626470565796,80.2880380473566,886345594,1720697299
4.0,0,7.841130256652832,-0.1987217664718628,-1.3838696479797363,3.635270357131958,-2.887176752090454,0.37444618344306946,-73.48062896728516,-33.79893112182617,2.8675825595855713,80.93203079215185,898345594,1720697299
4.0,0,12.689462661743164,5.14761209487915,0.40941473841667175,3.691730260848999,-2.9878458976745605,0.3709839880466461,-75.57508850097656,-33.09843826293945,3.5423078536987305,82.58116348360824,911345594,1720697299
4.0,0,17.31273651123047,6.253750324249268,4.673552989959717,3.6451241970062256,-2.8903729915618896,0.3920232951641083,-76.27324676513672,-33.79893112182617,8.602747917175293,83.86884516195423,923345594,1720697299
4.0,0,11.33432388305664,4.28808069229126,2.2577667236328125,3.6533799171447754,-2.743364095687866,0.356336385011673,-75.40055084228516,-33.974056243896484,11.132966995239258,83.44712409125049,936345594,1720697299
4.0,0,19.556137084960938,27.33501625061035,7.350311279296875,3.1303272247314453,-2.2253713607788086,0.24501456320285797,-75.92416381835938,-33.44868469238281,10.626923561096191,83.64343765975246,948345594,1720697299
4.0,0,15.689443588256836,29.39166831970215,-11.434881210327148,2.528177499771118,-1.7875410318374634,0.28602784872055054,-75.92416381835938,-33.44868469238281,10.626923561096191,83.64343765975246,961345594,1720697299
4.0,0,34.81940460205078,39.22600173950195,12.239346504211426,1.6088401079177856,-1.2058976888656616,0.15712890028953552,-74.52786254882812,-34.1491813659668,16.02472496032715,83.53059735280745,973345594,1720697299
4.0,0,16.60883140563965,17.980730056762695,-4.656793117523193,0.9270604848861694,-0.7036178708076477,0.07483596354722977,-74.35332489013672,-32.92331314086914,16.868131637573242,83.04754864132023,986345594,1720697299
4.0,0,16.438840866088867,15.399740219116211,2.8012585639953613,0.3797725737094879,-0.11957775801420212,0.03195841982960701,-74.35332489013672,-33.974056243896484,17.880220413208008,83.68007948076153,998345594,1720697299
4.0,0,20.341447830200195,24.48108673095703,10.814773559570312,-0.009054886177182198,0.13529065251350403,-0.03835010528564453,-74.00424194335938,-34.32430648803711,18.21758270263672,83.58627974149458,11345594,1720697300
4.0,0,4.3982157707214355,12.526655197143555,-5.9448933601379395,-0.8341147899627686,0.811477541923523,-0.06977588683366776,-74.00424194335938,-34.32430648803711,18.21758270263672,83.58627974149458,23345594,1720697300
4.0,0,4.3982157707214355,12.526655197143555,-5.9448933601379395,-0.8341147899627686,0.811477541923523,-0.06977588683366776,-75.57508850097656,-34.499427795410156,17.374176025390625,84.874416125841,36345594,1720697300
4.0,0,4.716649055480957,-7.628042697906494,-0.8451660871505737,-1.2261381149291992,0.9214677810668945,-0.08202660828828812,-74.17878723144531,-35.19992446899414,16.362089157104492,83.72123457842677,48345594,1720697300
4.0,0,3.3926355838775635,-23.928016662597656,3.893031358718872,-0.6612730026245117,0.38936007022857666,-0.0844234973192215,-75.05147552490234,-33.2735595703125,14.843955993652344,83.42779377692807,61345594,1720697300
4.0,0,5.3247857093811035,-12.60805892944336,11.537834167480469,-0.14434552192687988,0.2032022923231125,-0.03115946054458618,-76.27324676513672,-34.1491813659668,16.362089157104492,85.15569694181458,73345594,1720697300
4.0,0,-0.4142032265663147,-3.1867308616638184,2.9018168449401855,0.13608960807323456,0.04048066586256027,-0.02263721451163292,-74.17878723144531,-34.84967803955078,14.337912559509277,83.20197275998038,86345594,1720697300
4.0,0,5.77250862121582,8.336737632751465,2.293680191040039,0.21065925061702728,-0.1201103925704956,-0.034621622413396835,-74.87693786621094,-33.44868469238281,14.337912559509277,83.25230368245069,98345594,1720697300
4.0,0,5.77250862121582,8.336737632751465,2.293680191040039,0.21065925061702728,-0.1201103925704956,-0.034621622413396835,-74.52786254882812,-33.09843826293945,16.02472496032715,83.1065624460353,111345594,1720697300
4.0,0,15.145951271057129,9.442874908447266,1.9249675273895264,0.013049688190221786,0.015446570701897144,0.00719064474105835,-75.74962615966797,-32.92331314086914,14.169231414794922,83.80165589287118,124345594,1720697300
4.0,0,11.89936351776123,5.841940879821777,4.659187316894531,-0.026099376380443573,0.05699251592159271,-0.004527443088591099,-74.87693786621094,-35.19992446899414,14.675274848937988,84.02948410370718,136345594,1720697300
4.0,0,7.165955066680908,-0.7565792798995972,4.158791542053223,0.031425777822732925,0.10200062394142151,0.011185446754097939,-74.70240020751953,-35.02479934692383,14.843955993652344,83.83035366499522,149345594,1720697300
4.0,0,4.568206310272217,-0.2561835050582886,3.4740395545959473,0.10732702910900116,0.04926923289895058,-0.019175052642822266,-74.70240020751953,-35.02479934692383,14.843955993652344,83.83035366499522,161345594,1720697300
4.0,0,4.335965156555176,5.829969882965088,3.196308135986328,0.12650208175182343,-0.01145176775753498,-0.021039292216300964,-76.97139739990234,-34.84967803955078,13.663187026977539,85.5907632685222,174345594,1720697300
4.0,0,10.039040565490723,9.57455825805664,4.256955623626709,0.09028254449367523,-0.03808378428220749,0.006924324203282595,-76.62232208251953,-33.79893112182617,13.663187026977539,84.85299444350493,186345594,1720697300
4.0,0,13.259291648864746,17.882564544677734,-1.4245717525482178,-0.5347709059715271,0.49375757575035095,-0.11797983199357986,-74.52786254882812,-34.499427795410156,16.362089157104492,83.73966071039919,199345594,1720697300
4.0,0,39.22600173950195,39.22600173950195,22.374156951904297,-0.9614157676696777,0.7358426451683044,-0.13395905494689941,-73.48062896728516,-35.19992446899414,15.012638092041016,82.84815519088714,211345594,1720697300
4.0,0,6.555424213409424,21.248865127563477,-11.106871604919434,-2.1950109004974365,1.7680996656417847,-0.20932765305042267,-75.22601318359375,-33.79893112182617,14.337912559509277,83.70720722279715,224345594,1720697300
4.0,0,27.873722076416016,35.61907958984375,10.05340576171875,-2.4243125915527344,1.8647738695144653,-0.2934848368167877,-75.22601318359375,-33.79893112182617,14.337912559509277,83.70720722279715,236345594,1720697300
4.0,0,13.14915657043457,11.030255317687988,-5.8946146965026855,-3.055224895477295,2.5356342792510986,-0.26978233456611633,-75.74962615966797,-33.623809814453125,9.783516883850098,83.45228368585576,249345594,1720697300
4.0,0,14.628795623779297,5.0949387550354,4.994380950927734,-3.1084890365600586,2.5627989768981934,-0.33316653966903687,-75.92416381835938,-33.09843826293945,9.277472496032715,83.34300668248854,261345594,1720697300
4.0,0,-2.6384506225585938,-13.106060028076172,-1.8627172708511353,-3.021402359008789,2.5737180709838867,-0.2953490614891052,-75.22601318359375,-33.79893112182617,7.253296852111816,82.78847214256962,274345594,1720697300
4.0,0,1.6663898229599,-7.343128681182861,2.988009214401245,-2.7084760665893555,2.3326985836029053,-0.29747962951660156,-76.62232208251953,-34.84967803955078,4.891758441925049,84.31731495625233,286345594,1720697300
4.0,0,-1.7861016988754272,0.6584155559539795,3.146028995513916,-2.5574727058410645,2.3007400035858154,-0.29428377747535706,-74.52786254882812,-32.39794158935547,1.855494499206543,81.28635663603636,299345594,1720697300
4.0,0,6.718232154846191,2.1811511516571045,4.79805326461792,-2.4786417484283447,2.083688974380493,-0.3102629780769348,-75.05147552490234,-35.02479934692383,0.6747252941131592,82.82460867387064,311345594,1720697300
4.0,0,11.671911239624023,3.1101152896881104,5.2505645751953125,-2.528177499771118,2.088482618331909,-0.28602784872055054,-75.22601318359375,-32.39794158935547,-1.518131971359253,81.91998781376846,324345594,1720697300
4.0,0,15.746905326843262,2.9066052436828613,7.941688060760498,-2.5319058895111084,2.0498664379119873,-0.29747962951660156,-72.08432006835938,-30.29645347595215,-3.5423078536987305,78.27242322726815,336345594,1720697300
4.0,0,15.227355003356934,1.807649850845337,6.119673252105713,-2.515660285949707,2.203533172607422,-0.2828320264816284,-73.65516662597656,-31.872568130493164,-6.409890174865723,80.51106049473663,349345594,1720697300
4.0,0,10.357474327087402,-0.14604853093624115,4.699889659881592,-2.452542543411255,2.277303695678711,-0.2745760977268219,-73.65516662597656,-31.872568130493164,-6.409890174865723,80.51106049473663,361345594,1720697300
4.0,0,6.811607837677002,0.4429340660572052,5.267324447631836,-2.422182083129883,2.2645204067230225,-0.2588632106781006,-71.21163177490234,-29.420833587646484,-8.09670352935791,77.47411540042638,374345594,1720697300
4.0,0,7.003147125244141,1.534706711769104,5.363093852996826,-2.425910472869873,2.2549328804016113,-0.26924970746040344,-69.98986053466797,-30.646699905395508,-8.940110206604004,76.92675973456744,386345594,1720697300
4.0,0,6.292057991027832,-0.3974435329437256,4.300051689147949,-2.430171489715576,2.2586612701416016,-0.2695160210132599,-69.98986053466797,-28.545211791992188,-11.30164909362793,76.42733127715152,399345594,1720697300
4.0,0,4.508350372314453,5.650402545928955,3.737405776977539,-2.3614609241485596,2.338024854660034,-0.26738545298576355,-68.59355926513672,-27.14422035217285,-14.000550270080566,75.08595393981614,411345594,1720697300
4.0,0,8.57616138458252,1.7214573621749878,6.557818412780762,-2.349742889404297,2.3185834884643555,-0.2577979266643524,-69.29170989990234,-28.194965362548828,-15.012638092041016,76.29991110827164,424345594,1720697300
4.0,0,9.730184555053711,1.0390993356704712,7.321580410003662,-2.343351125717163,2.3374922275543213,-0.24687878787517548,-69.29170989990234,-28.194965362548828,-15.012638092041016,76.29991110827164,436345594,1720697300
4.0,0,7.2856669425964355,3.402212619781494,5.214650630950928,-2.2978105545043945,2.3918213844299316,-0.22051310539245605,-67.89540100097656,-26.4437255859375,-16.699451446533203,74.75244329493782,449345594,1720697300
4.0,0,3.8738772869110107,4.63763952255249,6.363884925842285,-2.2847607135772705,2.3683853149414062,-0.2207794189453125,-64.0555648803711,-23.641740798950195,-18.04890251159668,70.62443048988996,461345594,1720697300
4.0,0,3.864300489425659,4.529898643493652,5.940104961395264,-2.245877981185913,2.384897232055664,-0.211458221077919,-65.45186614990234,-24.69248390197754,-20.073078155517578,72.77770270070133,474345594,1720697300
4.0,0,5.0949387550354,3.3351738452911377,6.61049222946167,-2.1955435276031494,2.39794659614563,-0.186424121260643,-63.88102340698242,-22.76612091064453,-20.579120635986328,70.87017439651183,486345594,1720697300
4.0,0,5.78447961807251,-1.161205530166626,6.828367233276367,-2.171041965484619,2.3785054683685303,-0.17151018977165222,-62.13563919067383,-23.116369247436523,-21.928571701049805,69.82883674862065,499345594,1720697300
4.0,0,5.6049113273620605,-2.3535361289978027,7.369464874267578,-2.1915485858917236,2.4160563945770264,-0.15899313986301422,-61.088409423828125,-20.66463279724121,-23.615385055541992,68.67683179864652,511345594,1720697300
4.0,0,2.418180465698242,-0.3112509846687317,6.790059566497803,-2.1910159587860107,2.5177907943725586,-0.12543679773807526,-60.564796447753906,-19.438764572143555,-24.796154022216797,68.2701207787315,524345594,1720697300
4.0,0,0.514761209487915,-2.195516347885132,6.983992576599121,-2.1438775062561035,2.5082035064697266,-0.10173431038856506,-58.4703369140625,-18.73826789855957,-25.47088050842285,66.47306775346331,536345594,1720697300
4.0,0,5.657585144042969,-0.016759667545557022,9.1052885055542,-2.0975375175476074,2.5351016521453857,-0.10226695239543915,-57.946720123291016,-17.162153244018555,-25.63956069946289,65.64867820359858,549345594,1720697300
4.0,0,5.913768291473389,-6.490779399871826,8.248150825500488,-2.110853672027588,2.5129971504211426,-0.07776549458503723,-56.724952697753906,-15.936284065246582,-26.820329666137695,64.7380528883203,561345594,1720697300
4.0,0,4.4772257804870605,-4.036685943603516,8.039852142333984,-2.073568820953369,2.51619291305542,-0.049002911895513535,-54.805030822753906,-15.761160850524902,-27.326374053955078,63.235562097413144,574345594,1720697300
4.0,0,3.4764339923858643,0.6512327790260315,5.803633689880371,-2.0035266876220703,2.539895534515381,-0.04234490543603897,-54.106876373291016,-14.36016845703125,-28.001100540161133,62.59257256615297,586345594,1720697300
4.0,0,3.48122239112854,-1.4293601512908936,7.93929386138916,-1.9734324216842651,2.5300416946411133,-0.00878856610506773,-52.36149597167969,-11.558184623718262,-28.001100540161133,60.49280555279609,599345594,1720697300
4.0,0,5.331968307495117,-2.865903377532959,8.384622573852539,-1.938544511795044,2.523383617401123,0.010120166465640068,-50.26703643798828,-9.806943893432617,-29.013187408447266,58.86183945804497,611345594,1720697300
4.0,0,2.1811511516571045,-4.23540735244751,6.897800445556641,-1.9185705184936523,2.562532663345337,0.03621954470872879,-49.045265197753906,-8.931324005126953,-29.51923179626465,57.93609956360688,624345594,1720697300
4.0,0,1.4533026218414307,-5.255352973937988,6.792453765869141,-1.9236304759979248,2.6022143363952637,0.09800582379102707,-49.045265197753906,-8.931324005126953,-29.51923179626465,57.93609956360688,636345594,1720697300
4.0,0,-0.6847521066665649,-0.27054890990257263,5.719834804534912,-1.8879436254501343,2.645890951156616,0.0969405472278595,-47.474422454833984,-7.355208396911621,-30.362638473510742,56.831414667023374,649345594,1720697300
4.0,0,1.3982350826263428,-3.2633466720581055,8.355891227722168,-1.8570505380630493,2.6858389377593994,0.1502045840024948,-45.554500579833984,-5.428843975067139,-31.206045150756836,55.4842511343065,662345594,1720697300
4.0,0,2.444517135620117,-4.824389934539795,7.470023155212402,-1.835212230682373,2.6608047485351562,0.186424121260643,-43.9836540222168,-4.202976226806641,-31.037363052368164,53.99578442391293,674345594,1720697300
4.0,0,4.036685943603516,-5.578575134277344,8.070977210998535,-1.7923346757888794,2.6746532917022705,0.22477422654628754,-42.0637321472168,-2.9771080017089844,-31.543407440185547,52.661250337835625,687345594,1720697300
4.0,0,1.6161108016967773,-3.7972617149353027,6.490779399871826,-1.7566478252410889,2.7055466175079346,0.22717110812664032,-39.62019729614258,-2.6268601417541504,-31.543407440185547,50.7114087846823,699345594,1720697300
4.0,0,0.41899168491363525,-2.090169906616211,7.635225772857666,-1.7036501169204712,2.6674628257751465,0.2815004289150238,-39.62019729614258,-2.6268601417541504,-31.543407440185547,50.7114087846823,712345594,1720697300
4.0,0,2.8730859756469727,-0.9768491983413696,6.737386226654053,-1.6751538515090942,2.6605384349823,0.2996101677417755,-36.30397033691406,1.7512400150299072,-32.0494499206543,48.45835680282923,724345594,1720697300
4.0,0,1.9034193754196167,-6.3567023277282715,6.967233180999756,-1.628281593322754,2.642162322998047,0.32624223828315735,-35.78035354614258,1.2258679866790771,-30.868682861328125,47.2716832131137,737345594,1720697300
4.0,0,-0.22745263576507568,-7.668745040893555,5.786873817443848,-1.63307523727417,2.692763090133667,0.3776420056819916,-33.33681869506836,1.9263640642166138,-29.85659408569336,44.793644299315766,749345594,1720697300
4.0,0,-4.4484944343566895,-6.105307102203369,5.05184268951416,-1.5862029790878296,2.727917432785034,0.4058719277381897,-32.289588928222656,2.6268601417541504,-29.51923179626465,43.828107342201506,762345594,1720697300
4.0,0,-4.857909679412842,-7.563398361206055,5.401401519775391,-1.6184276342391968,2.734841823577881,0.4753814935684204,-29.846052169799805,4.3780999183654785,-29.85659408569336,42.442558822665994,774345594,1720697300
4.0,0,-2.9018168449401855,-3.1867308616638184,4.513139247894287,-1.522286057472229,2.76759934425354,0.501747190952301,-29.49697494506836,6.479588031768799,-29.51923179626465,42.23081384265562,787345594,1720697300
4.0,0,-2.370296001434326,-9.550616264343262,5.6623735427856445,-1.5435917377471924,2.7689309120178223,0.5472879409790039,-27.053438186645508,5.779092311859131,-30.53131866455078,41.2000952069772,799345594,1720697300
4.0,0,-0.6919348239898682,-6.007143974304199,5.073390483856201,-1.5185576677322388,2.7561473846435547,0.5933613181114197,-26.35528564453125,6.829836368560791,-29.181869506835938,39.91026502217383,812345594,1720697300
4.0,0,-2.4421229362487793,-3.6751556396484375,4.271320819854736,-1.4687557220458984,2.7476251125335693,0.634108304977417,-23.0390567779541,7.355208396911621,-28.675825119018555,37.51266684783058,824345594,1720697300
4.0,0,1.0151569843292236,-3.167577028274536,6.229808330535889,-1.4048389196395874,2.715400457382202,0.667664647102356,-23.0390567779541,7.355208396911621,-28.675825119018555,37.51266684783058,837345594,1720697300
4.0,0,1.5658318996429443,-4.405398368835449,5.296054840087891,-1.3845986127853394,2.6735880374908447,0.6966935992240906,-21.817289352416992,8.230828285217285,-27.83241844177246,36.309560246107864,849345594,1720697300
4.0,0,-0.9960030913352966,-7.513119697570801,4.795659065246582,-1.3933871984481812,2.6770503520965576,0.7547513842582703,-19.024675369262695,10.682564735412598,-27.83241844177246,35.36522272727866,862345594,1720697300
4.0,0,-3.897819995880127,-6.809213638305664,2.7414026260375977,-1.357966661453247,2.7066118717193604,0.7984278798103333,-18.85013771057129,9.806943893432617,-27.326374053955078,34.615524828797646,874345594,1720697300
4.0,0,-6.3878278732299805,-5.7677202224731445,3.768531084060669,-1.352640151977539,2.7292490005493164,0.8687363862991333,-15.184833526611328,10.682564735412598,-25.808242797851562,31.792479533217243,887345594,1720697300
4.0,0,-2.964066982269287,-6.59133768081665,3.893031358718872,-1.3009740114212036,2.743896722793579,0.916674017906189,-17.279293060302734,11.032812118530273,-25.133516311645508,32.434403865253415,899345594,1720697300
4.0,0,-3.6224822998046875,-7.817187786102295,3.9026083946228027,-1.3182848691940308,2.728450059890747,0.9656769037246704,-17.279293060302734,11.032812118530273,-25.133516311645508,32.434403865253415,912345594,1720697300
4.0,0,-2.171574115753174,-5.9999613761901855,3.8619062900543213,-1.2770051956176758,2.708209753036499,1.0104187726974487,-13.43945026397705,12.083556175231934,-24.121429443359375,30.140910928982606,924345594,1720697300
4.0,0,-2.171574115753174,-5.9999613761901855,3.8619062900543213,-1.2770051956176758,2.708209753036499,1.0104187726974487,-10.64683723449707,11.383060455322266,-22.097253799438477,27.041039808117457,937345594,1720697300
4.0,0,-5.288872241973877,-3.3615105152130127,0.9193874597549438,-1.1797983646392822,2.712470769882202,1.0865862369537354,-9.075992584228516,11.908432006835938,-21.928571701049805,26.552714571178743,949345594,1720697300
4.0,0,-1.197119116783142,-6.550635814666748,3.5554440021514893,-1.1997723579406738,2.633373975753784,1.1233384609222412,-8.377839088439941,12.25868034362793,-21.253847122192383,25.926616614062226,962345594,1720697300
4.0,0,-3.512347459793091,-6.0981245040893555,1.881871223449707,-1.1459757089614868,2.6197915077209473,1.1616885662078857,-8.377839088439941,12.25868034362793,-21.253847122192383,25.926616614062226,974345594,1720697300
4.0,0,-7.4963603019714355,-4.561023712158203,-0.11013495922088623,-1.100967526435852,2.6259167194366455,1.206696629524231,-4.188919544219971,12.25868034362793,-19.229671478271484,23.186257910181315,987345594,1720697300
4.0,0,-8.281669616699219,-4.2138590812683105,-0.14604853093624115,-1.106027603149414,2.6402981281280518,1.2951149940490723,-2.268998146057129,11.383060455322266,-18.04890251159668,21.458921216814538,999345594,1720697300
4.0,0,-9.126835823059082,-8.815585136413574,-1.0079742670059204,-1.1233384609222412,2.6400318145751953,1.3393241167068481,-2.268998146057129,12.433804512023926,-17.374176025390625,21.485107395386592,12345594,1720697301
4.0,0,-7.707052707672119,-4.6328511238098145,-0.25139501690864563,-1.0879179239273071,2.626715660095215,1.4080346822738647,-1.9199213981628418,12.433804512023926,-17.036813735961914,21.17873025212349,24345594,1720697301
4.0,0,-5.6623735427856445,-4.594542980194092,0.5363093614578247,-1.0575573444366455,2.5835719108581543,1.4503796100616455,-0.17453831434249878,10.682564735412598,-15.012638092041016,18.426257227990043,37345594,1720697301
4.0,0,-4.338359355926514,-4.592148780822754,1.601745367050171,-1.0564920902252197,2.5782456398010254,1.5041762590408325,1.2217681407928467,9.982068061828613,-14.000550270080566,17.23803376391543,49345594,1720697301
4.0,0,-6.7421746253967285,-5.21225643157959,-0.5626459717750549,-1.0314580202102661,2.5550756454467773,1.5390641689300537,1.9199213981628418,8.931324005126953,-13.325824737548828,16.15649255239357,62345594,1720697301
4.0,0,-3.562626600265503,-3.2394042015075684,0.8451660871505737,-1.0106850862503052,2.487696886062622,1.5790122747421265,3.665304660797119,9.631820678710938,-11.30164909362793,15.294891306537805,74345594,1720697301
4.0,0,-3.9337332248687744,-3.5937516689300537,0.4908188283443451,-0.9741991758346558,2.4530751705169678,1.6218898296356201,4.537996292114258,8.756199836730957,-9.44615364074707,13.656290291752336,87345594,1720697301
4.0,0,-8.078160285949707,-4.987198352813721,-1.7789191007614136,-0.9672749042510986,2.418720006942749,1.6562451124191284,6.806994438171387,9.281572341918945,-8.602747917175293,14.369760963427149,99345594,1720697301
4.0,0,-10.398177146911621,-3.272923707962036,-3.28010630607605,-0.9257289171218872,2.4136595726013184,1.699389100074768,6.806994438171387,9.281572341918945,-8.602747917175293,14.369760963427149,112345594,1720697301
4.0,0,-8.190689086914062,-5.985595226287842,-2.6121137142181396,-0.9632800817489624,2.405137538909912,1.7830134630203247,6.1088409423828125,8.581076622009277,-6.578571796417236,12.418954083687684,124345594,1720697301
4.0,0,-10.53225326538086,-4.790870666503906,-3.641636371612549,-0.9552904367446899,2.4200515747070312,1.8344132900238037,7.679685592651367,7.705456256866455,-6.072527885437012,12.459021705088626,137345594,1720697301
4.0,0,-6.426135540008545,-4.467648506164551,-3.3950297832489014,-0.9467682242393494,2.3582651615142822,1.8732961416244507,6.806994438171387,5.779092311859131,-5.566483497619629,10.522301067711243,149345594,1720697301
4.0,0,-5.954470157623291,-2.686335325241089,-1.9704581499099731,-0.9201362133026123,2.3252413272857666,1.9358813762664795,8.72691535949707,4.202976226806641,-3.036263942718506,10.151007811285547,162345594,1720697301
4.0,0,-6.893012046813965,-3.093355894088745,-3.3399622440338135,-0.904689610004425,2.324176073074341,1.9779599905014038,8.72691535949707,4.202976226806641,-3.036263942718506,10.151007811285547,174345594,1720697301
4.0,0,-6.066999435424805,-4.003166198730469,-3.272923707962036,-0.9108150005340576,2.2504055500030518,1.9859495162963867,9.075992584228516,3.5024800300598145,-2.6989011764526367,10.095794932059398,187345594,1720697301
4.0,0,-5.037477493286133,-2.626479387283325,-2.523527145385742,-0.8815197348594666,2.1832926273345947,2.0237669944763184,10.821375846862793,2.1014881134033203,-1.3494505882263184,11.105829298161629,200345594,1720697301
4.0,0,-4.252167224884033,-2.032708168029785,-2.343959331512451,-0.8772586584091187,2.1207075119018555,2.0618507862091064,11.170452117919922,1.4009920358657837,0.3373626470565796,11.263018811976211,212345594,1720697301
4.0,0,-8.990365028381348,-1.9106022119522095,-5.075784683227539,-0.8511592745780945,2.1284308433532715,2.1076579093933105,10.821375846862793,1.4009920358657837,0.3373626470565796,10.916902832729336,225345594,1720697301
4.0,0,-10.041435241699219,-2.4157862663269043,-6.220230579376221,-0.8727312088012695,2.1289634704589844,2.169177770614624,10.123222351074219,-1.0507440567016602,2.6989011764526367,10.529376116477174,237345594,1720697301
4.0,0,-9.426115989685059,-3.308837413787842,-5.612093925476074,-0.889509379863739,2.09434175491333,2.2224419116973877,10.123222351074219,-1.0507440567016602,2.6989011764526367,10.529376116477174,250345594,1720697301
4.0,0,-7.177926063537598,-1.3838696479797363,-5.013535022735596,-0.8911072611808777,2.0863521099090576,2.2847607135772705,11.344990730285645,-3.3273561000823975,4.2170329093933105,12.552429240825417,262345594,1720697301
4.0,0,-7.6998701095581055,-0.6943290829658508,-5.059025287628174,-0.8586162328720093,2.0386810302734375,2.312457799911499,10.64683723449707,-4.3780999183654785,4.55439567565918,12.380041274710196,275345594,1720697301
4.0,0,-5.72941255569458,-0.9481183290481567,-4.774110794067383,-0.8745954036712646,1.9734324216842651,2.326572895050049,11.51952838897705,-5.954216003417969,5.735165119171143,14.179010595382325,287986080,1720697301
4.0,0,-4.776504993438721,-0.2825201153755188,-4.824389934539795,-0.8514255881309509,1.9297559261322021,2.3731789588928223,11.868605613708496,-6.654712200164795,6.072527885437012,14.90048954229978,300986080,1720697301
4.0,0,-5.343940258026123,-0.47645339369773865,-5.336756706237793,-0.8564856648445129,1.8447997570037842,2.3779728412628174,10.64683723449707,-7.880580425262451,7.253296852111816,15.101953720024378,312986080,1720697301
4.0,0,-5.837152481079102,0.04788476601243019,-5.10690975189209,-0.8341147899627686,1.802454948425293,2.3793044090270996,11.170452117919922,-9.10644817352295,7.084615707397461,16.059208528981245,325986080,1720697301
4.0,0,-11.35826587677002,-1.5586491823196411,-9.229788780212402,-0.8261251449584961,1.756115198135376,2.426975727081299,11.868605613708496,-10.507440567016602,7.759340763092041,17.648724474049697,337986080,1720697301
4.0,0,-22.414857864379883,24.15546989440918,-21.028593063354492,-0.5645987391471863,1.27593994140625,1.9499962329864502,10.123222351074219,-12.25868034362793,7.759340763092041,17.69073892222482,350986080,1720697301
4.0,0,-10.678301811218262,18.907299041748047,-19.922456741333008,-0.3763103783130646,1.034653902053833,1.4037736654281616,10.472298622131348,-14.710416793823242,10.795604705810547,21.038309857096642,362986080,1720697301
4.0,0,-9.823558807373047,19.364599227905273,-15.380586624145508,-0.24128606915473938,0.23303015530109406,0.3827020823955536,10.472298622131348,-14.710416793823242,10.795604705810547,21.038309857096642,375986080,1720697301
4.0,0,-23.607189178466797,18.43802833557129,-21.926433563232422,0.19121788442134857,0.11771351844072342,0.021039292216300964,8.72691535949707,-16.811904907226562,8.771429061889648,20.874318338312673,387986080,1720697301
4.0,0,-1.8746886253356934,-0.14604853093624115,-2.6240851879119873,0.19095155596733093,-0.3597985506057739,-0.42371538281440735,8.028762817382812,-14.710416793823242,10.458242416381836,19.754296471036216,400986080,1720697301
4.0,0,-8.525882720947266,-0.7422138452529907,-2.9209704399108887,0.2157193422317505,-0.23489437997341156,-0.3589996099472046,8.377839088439941,-16.111408233642578,10.458242416381836,20.955679361516445,412986080,1720697301
4.0,0,-7.8531012535095215,-5.4037957191467285,-0.8020698428153992,0.18775571882724762,-0.16778171062469482,-0.28602784872055054,10.64683723449707,-15.936284065246582,9.952198028564453,21.595521260341634,425986080,1720697301
4.0,0,-7.941688060760498,-4.6017255783081055,-1.094166874885559,0.10706070810556412,-0.06471580266952515,-0.13715487718582153,10.297760963439941,-15.936284065246582,10.626923561096191,21.747196027114875,437986080,1720697301
4.0,0,-9.258519172668457,0.5315209031105042,-4.142032146453857,0.09614157676696777,0.016778171062469482,-0.039681706577539444,10.297760963439941,-15.936284065246582,10.626923561096191,21.747196027114875,450986080,1720697301
4.0,0,-7.254541397094727,0.3758954107761383,-5.978412628173828,0.06285155564546585,0.05805779621005058,0.001065280637703836,11.170452117919922,-14.36016845703125,8.771429061889648,20.197311861255677,462986080,1720697301
4.0,0,-8.437294960021973,3.5267128944396973,-7.984784126281738,0.05699251592159271,0.014114969410002232,-0.007456964813172817,11.868605613708496,-15.060664176940918,9.44615364074707,21.375622172674728,475986080,1720697301
4.0,0,-6.6440110206604,2.834778070449829,-5.997567176818848,0.0881519764661789,-0.014647609554231167,-0.027164656668901443,10.123222351074219,-13.30942440032959,9.10879135131836,19.041808961315347,487986080,1720697301
4.0,0,-8.240967750549316,0.5554632544517517,-4.831572532653809,0.07856445014476776,-0.01384864840656519,-0.03728482499718666,11.170452117919922,-14.36016845703125,8.09670352935791,19.913564389013178,500986080,1720697301
4.0,0,-8.190689086914062,-0.5961652994155884,-4.079782009124756,0.07616756856441498,-0.004527443088591099,-0.021039292216300964,10.64683723449707,-13.484548568725586,9.614835739135742,19.688404188525652,512986080,1720697301
4.0,0,-8.281669616699219,0.04070204868912697,-4.0079545974731445,0.05965571850538254,0.019974011927843094,0.00719064474105835,11.868605613708496,-12.959176063537598,9.44615364074707,19.9507860011609,525986080,1720697301
4.0,0,-8.145198822021484,1.3383792638778687,-5.238593578338623,0.052997712045907974,0.0375511460006237,0.012517048045992851,11.51952838897705,-13.659672737121582,8.434065818786621,19.75903995201527,537986080,1720697301
4.0,0,-7.343128681182861,2.2864975929260254,-6.459654808044434,0.06791163980960846,0.012783369049429893,-0.017044490203261375,11.344990730285645,-13.484548568725586,9.277472496032715,19.9151540462842,550986080,1720697301
4.0,0,-8.169140815734863,1.290494441986084,-5.8682780265808105,0.0751022920012474,-0.0015979211311787367,-0.020240332931280136,9.774145126342773,-13.30942440032959,9.783516883850098,19.193537804049537,562986080,1720697301
4.0,0,-7.565793037414551,0.6632039546966553,-4.70228385925293,0.07829813659191132,-0.015446570701897144,-0.031425777822732925,10.821375846862793,-14.36016845703125,9.44615364074707,20.311239054719923,575986080,1720697301
4.0,0,-8.463632583618164,-0.06943290680646896,-4.412580966949463,0.0700422003865242,0.004261122550815344,-0.014114969410002232,11.344990730285645,-13.484548568725586,10.289560317993164,20.406295996829165,587986080,1720697301
4.0,0,-8.238574028015137,0.5123670101165771,-4.5538411140441895,0.06658004224300385,0.002396881580352783,-0.012250727973878384,10.297760963439941,-13.134300231933594,9.277472496032715,19.095162197723326,600986080,1720697301
4.0,0,-7.798034191131592,1.3048597574234009,-5.059025287628174,0.06578107923269272,0.026099376380443573,0.000532640318851918,12.217681884765625,-13.30942440032959,9.44615364074707,20.38730848125907,612986080,1720697301
4.0,0,-7.857889652252197,1.4389371871948242,-5.853912353515625,0.06711268424987793,0.01757713221013546,-0.012517048045992851,11.344990730285645,-13.484548568725586,9.952198028564453,20.238283286196697,625986080,1720697301
4.0,0,-7.89619779586792,0.8738968968391418,-5.480411052703857,0.06737900525331497,0.007456964813172817,-0.012517048045992851,10.9959135055542,-13.134300231933594,9.614835739135742,19.643447322065494,637986080,1720697301
4.0,0,-8.075765609741211,0.7398195862770081,-5.159583568572998,0.0681779608130455,0.004527443088591099,-0.01384864840656519,10.9959135055542,-13.134300231933594,9.614835739135742,19.643447322065494,650986080,1720697301
4.0,0,-8.135621070861816,0.7086945176124573,-4.69031286239624,0.08309189230203629,0.009321206249296665,-0.013316008262336254,9.774145126342773,-14.009920120239258,9.783516883850098,19.685755696515052,663986080,1720697301
4.0,0,-8.01351547241211,0.6727809309959412,-4.855515480041504,0.06524843722581863,0.017310811206698418,-0.00878856610506773,10.64683723449707,-13.134300231933594,8.940110206604004,19.125651784623425,675986080,1720697301
4.0,0,-8.116467475891113,1.096561074256897,-5.351122856140137,0.06418316066265106,0.017843451350927353,-0.006658004131168127,10.472298622131348,-12.25868034362793,9.44615364074707,18.686200812442937,688986080,1720697301
4.0,0,-7.951265335083008,0.9624837636947632,-5.334362506866455,0.06391683965921402,0.016245530918240547,-0.006924324203282595,10.9959135055542,-14.185044288635254,8.602747917175293,19.903086871604533,700986080,1720697301
4.0,0,-7.900986194610596,0.9672722220420837,-5.2984490394592285,0.06658004224300385,0.011718087829649448,-0.010919126681983471,10.821375846862793,-13.659672737121582,9.44615364074707,19.822175791494917,713986080,1720697301
4.0,0,-7.972813129425049,1.0319167375564575,-5.133246898651123,0.06791163980960846,0.009054886177182198,-0.006924324203282595,10.821375846862793,-13.659672737121582,9.44615364074707,19.822175791494917,725986080,1720697301
4.0,0,-8.075765609741211,1.0630418062210083,-5.104515552520752,0.06604740023612976,0.011718087829649448,-0.008522245101630688,10.821375846862793,-12.959176063537598,8.434065818786621,18.87262265029575,738986080,1720697301
4.0,0,-8.006332397460938,0.9409356117248535,-5.245776176452637,0.07350436598062515,0.01864241249859333,-0.009587526321411133,12.043143272399902,-13.834795951843262,8.940110206604004,20.405010399774728,750986080,1720697301
4.0,0,-7.946476459503174,0.7134829759597778,-5.2769012451171875,0.06844428181648254,0.0098538463935256,-0.006924324203282595,10.64683723449707,-12.083556175231934,9.614835739135742,18.756666527622144,763986080,1720697301
4.0,0,-8.018303871154785,0.9361472129821777,-5.181131362915039,0.06871060281991959,0.009321206249296665,-0.00719064474105835,11.51952838897705,-14.36016845703125,7.759340763092041,19.978021461009227,775986080,1720697301
4.0,0,-8.104496955871582,0.7589734792709351,-4.994380950927734,0.06897692382335663,0.014114969410002232,-0.00825592502951622,10.821375846862793,-13.30942440032959,8.09670352935791,18.968383197559852,788986080,1720697301
4.0,0,-8.008727073669434,0.8427718281745911,-5.121275901794434,0.06791163980960846,0.0143812894821167,-0.002929521957412362,11.51952838897705,-12.959176063537598,8.771429061889648,19.43135986846974,800986080,1720697301
4.0,0,-8.068583488464355,0.8834738731384277,-5.205073833465576,0.06897692382335663,0.014114969410002232,-0.004793763160705566,11.170452117919922,-12.608928680419922,8.434065818786621,18.838724723884113,813986080,1720697301
4.0,0,-8.011120796203613,0.9433298707008362,-5.236199378967285,0.07030852884054184,0.015180249698460102,-0.006924324203282595,10.297760963439941,-13.484548568725586,9.952198028564453,19.670362898590074,825986080,1720697301
4.0,0,-8.011120796203613,0.8738968968391418,-5.334362506866455,0.0681779608130455,0.00878856610506773,-0.006391684524714947,11.344990730285645,-13.834795951843262,9.614835739135742,20.311461296272306,838986080,1720697301
4.0,0,-8.023092269897461,0.8906566500663757,-5.047054290771484,0.06684636324644089,0.01384864840656519,-0.006658004131168127,11.344990730285645,-13.834795951843262,9.614835739135742,20.311461296272306,850986080,1720697301
4.0,0,-8.032669067382812,0.8762912154197693,-5.049448490142822,0.06658004224300385,0.012783369049429893,-0.00719064474105835,11.170452117919922,-12.608928680419922,8.771429061889648,18.992157612404654,863986080,1720697301
4.0,0,-8.068583488464355,0.871502697467804,-5.176342964172363,0.07217276096343994,0.01864241249859333,-0.00825592502951622,10.64683723449707,-13.134300231933594,9.614835739135742,19.45019413710326,875986080,1720697301
4.0,0,-8.027880668640137,0.859531581401825,-5.303237438201904,0.0700422003865242,0.01384864840656519,-0.005859043914824724,10.123222351074219,-15.060664176940918,10.458242416381836,20.944643006260296,888986080,1720697301
4.0,0,-8.037457466125488,0.871502697467804,-5.248170375823975,0.06711268424987793,0.010919126681983471,-0.005859043914824724,10.9959135055542,-13.834795951843262,9.952198028564453,20.28196091236077,900986080,1720697301
4.0,0,-8.051822662353516,0.8379833698272705,-5.140429496765137,0.06924324482679367,0.013582328334450722,-0.006125363986939192,10.472298622131348,-14.36016845703125,10.458242416381836,20.621792138056712,913986080,1720697301
4.0,0,-8.068583488464355,0.7900986075401306,-5.207468032836914,0.06764532625675201,0.010919126681983471,-0.006658004131168127,10.472298622131348,-14.36016845703125,10.458242416381836,20.621792138056712,925986080,1720697301
4.0,0,-7.987178325653076,0.9122047424316406,-5.104515552520752,0.0681779608130455,0.015446570701897144,-0.009587526321411133,12.217681884765625,-13.659672737121582,9.783516883850098,20.774398006661293,938986080,1720697301
4.0,0,-8.003938674926758,0.9313586354255676,-5.233805179595947,0.07057484239339828,0.015979209914803505,-0.006658004131168127,10.64683723449707,-14.535292625427246,8.940110206604004,20.11356371483925,950986080,1720697301
4.0,0,-8.049428939819336,0.9409356117248535,-5.322391510009766,0.06924324482679367,0.015180249698460102,-0.006658004131168127,13.090373992919922,-13.834795951843262,8.940110206604004,21.04008176813669,963986080,1720697301
4.0,0,-8.039852142333984,0.8379833698272705,-5.102121353149414,0.06524843722581863,0.011984407901763916,-0.004527443088591099,10.64683723449707,-13.134300231933594,8.602747917175293,18.970299349427986,975986080,1720697301
4.0,0,-8.025486946105957,0.8571372628211975,-5.142823696136475,0.06711268424987793,0.01651185005903244,-0.005592723377048969,10.123222351074219,-13.659672737121582,10.458242416381836,19.960990067989098,988986080,1720697301
4.0,0,-8.027880668640137,0.8810796737670898,-5.21225643157959,0.07057484239339828,0.011984407901763916,-0.005326403304934502,10.821375846862793,-13.30942440032959,9.10879135131836,19.421972942237517,986080,1720697302
4.0,0,-8.025486946105957,0.9050220251083374,-5.207468032836914,0.0681779608130455,0.014114969410002232,-0.00719064474105835,10.297760963439941,-13.834795951843262,9.614835739135742,19.745645752414585,13986080,1720697302
4.0,0,-8.018303871154785,0.897839367389679,-5.154795169830322,0.06604740023612976,0.011185446754097939,-0.006924324203282595,10.472298622131348,-14.710416793823242,8.09670352935791,19.78944184966842,25986080,1720697302
4.0,0,-7.989573001861572,0.8858681321144104,-5.190708637237549,0.06897692382335663,0.010652806609869003,-0.007989604957401752,11.344990730285645,-13.834795951843262,9.277472496032715,20.15395468919312,38986080,1720697302
4.0,0,-8.056611061096191,0.9409356117248535,-5.0662078857421875,0.06711268424987793,0.013582328334450722,-0.006391684524714947,8.552377700805664,-14.885540008544922,8.265384674072266,19.053583639137763,50986080,1720697302
4.0,0,-8.039852142333984,0.9385414123535156,-5.111698150634766,0.06524843722581863,0.016778171062469482,-0.00719064474105835,8.552377700805664,-14.885540008544922,8.265384674072266,19.053583639137763,63986080,1720697302
4.0,0,-7.989573001861572,0.8858681321144104,-5.1978912353515625,0.07030852884054184,0.014647609554231167,-0.005592723377048969,9.250530242919922,-14.885540008544922,9.277472496032715,19.82985393379919,75986080,1720697302
4.0,0,-8.018303871154785,0.8858681321144104,-5.233805179595947,0.06658004224300385,0.016778171062469482,-0.0015979211311787367,10.821375846862793,-13.659672737121582,10.120879173278809,20.15244475850106,88986080,1720697302
4.0,0,-8.061399459838867,0.9098105430603027,-5.1452178955078125,0.06844428181648254,0.012783369049429893,-0.006391684524714947,10.64683723449707,-13.834795951843262,10.626923561096191,20.43742220781264,100986080,1720697302
4.0,0,-8.020697593688965,0.8810796737670898,-5.142823696136475,0.06551475822925568,0.017044490203261375,-0.007989604957401752,10.123222351074219,-14.710416793823242,8.434065818786621,19.748657150624453,113986080,1720697302
4.0,0,-8.006332397460938,0.9026277661323547,-5.159583568572998,0.06684636324644089,0.012517048045992851,-0.005592723377048969,10.472298622131348,-13.659672737121582,10.120879173278809,19.967170379311774,126986080,1720697302
4.0,0,-8.01351547241211,0.8547430038452148,-5.181131362915039,0.06764532625675201,0.014114969410002232,-0.002929521957412362,10.472298622131348,-13.659672737121582,10.120879173278809,19.967170379311774,138986080,1720697302
4.0,0,-8.030275344848633,0.8475603461265564,-5.2002854347229,0.06871060281991959,0.011984407901763916,-0.009054886177182198,10.297760963439941,-12.784051895141602,8.602747917175293,18.533298018547182,151986080,1720697302
4.0,0,-8.023092269897461,0.8738968968391418,-5.116487503051758,0.06897692382335663,0.011718087829649448,-0.00719064474105835,8.552377700805664,-13.834795951843262,8.602747917175293,18.399783017547804,163986080,1720697302
4.0,0,-8.023092269897461,0.8834738731384277,-5.142823696136475,0.06604740023612976,0.010919126681983471,-0.005326403304934502,11.868605613708496,-13.659672737121582,8.434065818786621,19.964566730451235,176986080,1720697302
4.0,0,-8.061399459838867,0.8834738731384277,-5.195497035980225,0.06897692382335663,0.016245530918240547,-0.005060083232820034,9.948683738708496,-13.834795951843262,8.265384674072266,18.939231002666666,188986080,1720697302
4.0,0,-8.030275344848633,0.8691084980964661,-5.176342964172363,0.06418316066265106,0.012250727973878384,-0.006391684524714947,10.64683723449707,-14.185044288635254,9.277472496032715,20.01604657476247,201986080,1720697302
4.0,0,-8.027880668640137,0.8619257807731628,-5.1452178955078125,0.06844428181648254,0.010120166465640068,-0.006924324203282595,10.472298622131348,-14.36016845703125,9.10879135131836,19.97131834474784,213986080,1720697302
4.0,0,-8.078160285949707,0.8643199801445007,-5.126064300537109,0.06897692382335663,0.014647609554231167,-0.003994802478700876,9.948683738708496,-14.185044288635254,7.5906596183776855,18.915863793267707,226986080,1720697302
4.0,0,-8.080554008483887,0.871502697467804,-5.185919761657715,0.07057484239339828,0.012250727973878384,-0.010919126681983471,10.123222351074219,-12.959176063537598,8.09670352935791,18.329661291397922,238986080,1720697302
4.0,0,-7.956053733825684,-16.862619400024414,-11.305593490600586,0.3613964915275574,0.06551475822925568,-0.31558942794799805,11.694067001342773,-13.484548568725586,10.289560317993164,20.602410166575968,251986080,1720697302
4.0,0,5.281689643859863,21.471529006958008,-15.433259010314941,1.065546989440918,-0.2838973104953766,-1.0690091848373413,9.075992584228516,-13.659672737121582,11.470330238342285,20.013215045335993,263986080,1720697302
4.0,0,-12.069355010986328,16.156320571899414,-25.089223861694336,2.4043385982513428,-0.17843452095985413,-1.7899378538131714,9.075992584228516,-13.659672737121582,11.470330238342285,20.013215045335993,276986080,1720697302
4.0,0,7.709446907043457,-29.44194793701172,-12.797203063964844,2.2567970752716064,-0.6998893618583679,-2.477043867111206,10.64683723449707,-11.032812118530273,8.940110206604004,17.748342368990034,288986080,1720697302
4.0,0,-22.39570426940918,31.85055160522461,-20.183429718017578,3.7378034591674805,-0.48337113857269287,-2.9271249771118164,11.694067001342773,-11.733307838439941,11.976373672485352,20.441507826148502,301986080,1720697302
4.0,0,7.570581436157227,-33.1506233215332,-8.25772762298584,3.783078193664551,-0.8042868971824646,-3.4965174198150635,9.425068855285645,-9.10644817352295,8.771429061889648,15.770139157651629,313986080,1720697302
4.0,0,-21.938404083251953,38.86088180541992,-14.8370943069458,4.619589328765869,-0.7869760990142822,-3.700518846511841,13.43945026397705,-7.180084228515625,9.614835739135742,18.017144591112476,326986080,1720697302
4.0,0,-8.367862701416016,-6.14600944519043,-2.813230037689209,4.532236576080322,-0.7209286689758301,-3.4531073570251465,10.821375846862793,-4.553224086761475,10.120879173278809,15.500523218376825,338986080,1720697302
4.0,0,-1.6879379749298096,-15.124402046203613,3.8499350547790527,4.21771240234375,-0.6530171036720276,-3.28772234916687,10.821375846862793,-4.553224086761475,10.120879173278809,15.500523218376825,351986080,1720697302
4.0,0,-9.502731323242188,-0.33279910683631897,1.302465558052063,4.396679878234863,-0.35926592350006104,-2.9931721687316895,9.948683738708496,0.8756200075149536,8.940110206604004,13.404051217323381,363986080,1720697302
4.0,0,-12.165124893188477,-1.5394952297210693,-7.302426815032959,4.34714412689209,-0.24821040034294128,-2.898362398147583,11.170452117919922,3.8527281284332275,7.421977996826172,13.95379059380404,376986080,1720697302
4.0,0,-4.905794143676758,-1.9393328428268433,-6.933713912963867,4.3404860496521,-0.3920232951641083,-2.875192642211914,9.599607467651367,2.9771080017089844,7.5906596183776855,12.594989044413545,388986080,1720697302
4.0,0,-7.6519856452941895,-7.103704452514648,-8.729393005371094,4.440622329711914,-0.30307236313819885,-2.747358798980713,9.425068855285645,4.553224086761475,7.084615707397461,12.63944430078487,401986080,1720697302
4.0,0,-4.297657489776611,-7.05821418762207,-6.897800445556641,4.487494945526123,-0.27936986088752747,-2.572120189666748,9.774145126342773,5.954216003417969,6.747252941131592,13.285782755177722,413986080,1720697302
4.0,0,-10.841111183166504,1.2162730693817139,-3.4453089237213135,4.557004451751709,-0.21864885091781616,-2.457868814468384,9.948683738708496,8.931324005126953,7.253296852111816,15.21036396153146,426986080,1720697302
4.0,0,-4.38385009765625,-5.820393085479736,0.08619257807731628,4.456335544586182,-0.17603762447834015,-2.3702495098114014,9.250530242919922,7.880580425262451,5.903846263885498,13.510412958966153,438986080,1720697302
4.0,0,-12.117239952087402,-1.692726492881775,-0.5171554684638977,4.216114521026611,-0.11078918725252151,-2.1111199855804443,8.028762817382812,8.756199836730957,4.385714530944824,12.663591903780562,451986080,1720697302
4.0,0,1.601745367050171,-14.57372760772705,4.063022136688232,4.1537957191467285,0.029295219108462334,-1.9800904989242554,7.679685592651367,11.558184623718262,3.710988998413086,14.364562017140557,463986080,1720697302
4.0,0,0.11013495922088623,-9.804405212402344,1.0630418062210083,4.053126811981201,0.07749916613101959,-1.8642412424087524,8.901453971862793,12.784051895141602,4.2170329093933105,16.1385015484639,476986080,1720697302
4.0,0,-8.585738182067871,-1.5394952297210693,-5.707863807678223,4.180161476135254,0.3251769244670868,-1.7308146953582764,8.901453971862793,12.784051895141602,4.2170329093933105,16.1385015484639,488986080,1720697302
4.0,0,-9.904963493347168,-7.6208600997924805,-8.580949783325195,4.19241189956665,0.2788372337818146,-1.6639684438705444,6.283379554748535,12.959176063537598,1.686813235282898,14.500566946348107,501986080,1720697302
4.0,0,-5.0183234214782715,-9.682299613952637,-4.28808069229126,4.221707344055176,0.21811622381210327,-1.5984536409378052,7.156070709228516,14.185044288635254,1.518131971359253,15.960249188170124,513986080,1720697302
4.0,0,-6.088547706604004,-3.2872891426086426,-2.217064619064331,4.377504825592041,0.3595322370529175,-1.501513123512268,6.981532573699951,15.060664176940918,-0.3373626470565796,16.60359045760446,526986080,1720697302
4.0,0,0.6799636483192444,-7.017512321472168,2.7390084266662598,4.277900695800781,0.4764467775821686,-1.3622276782989502,6.981532573699951,14.710416793823242,-1.0120879411697388,16.31448685451956,538986080,1720697302
4.0,0,-2.9975860118865967,-6.8786468505859375,0.8858681321144104,4.215581893920898,0.6362388730049133,-1.2511720657348633,6.806994438171387,15.936284065246582,-0.5060439705848694,17.336562623244944,551986080,1720697302
4.0,0,-11.327140808105469,-4.034291744232178,-3.6727614402770996,4.250470161437988,0.7659368515014648,-1.158226490020752,6.806994438171387,15.936284065246582,-0.5060439705848694,17.336562623244944,563986080,1720697302
4.0,0,-7.244964599609375,-6.706261157989502,-1.4533026218414307,4.15885591506958,0.7715295553207397,-1.073270320892334,5.934302806854248,16.111408233642578,-1.686813235282898,17.252210408096975,576986080,1720697302
4.0,0,-0.7948870658874512,0.10295224189758301,-0.2561835050582886,4.1663126945495605,0.8306525945663452,-0.9635463953018188,4.014381408691406,15.586036682128906,-4.2170329093933105,16.6380036095086,588986080,1720697302
4.0,0,-4.687918663024902,-8.207448959350586,-0.7517908215522766,4.076829433441162,1.0010974407196045,-0.8796555399894714,5.061611175537109,15.235788345336914,-2.8675825595855713,16.3086536517355,601986080,1720697302
4.0,0,0.5698286890983582,-12.220192909240723,1.628082036972046,4.02942419052124,1.0530298948287964,-0.7185318470001221,4.887072563171387,14.36016845703125,-4.723076820373535,15.887270722284795,614986080,1720697302
4.0,0,-5.434920787811279,-5.4037957191467285,1.094166874885559,4.084286212921143,1.1805973052978516,-0.6215912699699402,5.061611175537109,13.484548568725586,-5.566483497619629,15.441460304126455,626986080,1720697302
4.0,0,-7.968024730682373,-2.8443548679351807,1.4149948358535767,3.965240955352783,1.2802010774612427,-0.537966787815094,4.887072563171387,14.710416793823242,-4.048351764678955,16.020892375154347,639986080,1720697302
4.0,0,1.4652738571166992,-4.814813137054443,5.039871692657471,3.8573813438415527,1.2825978994369507,-0.43436819314956665,5.759764194488525,12.433804512023926,-4.2170329093933105,14.33728512579159,651986080,1720697302
4.0,0,-7.2329936027526855,-7.685504913330078,-0.7015117406845093,3.817167043685913,1.4700872898101807,-0.34861311316490173,5.759764194488525,13.834795951843262,-3.8796703815460205,15.479932327846146,664986080,1720697302
4.0,0,-2.2290358543395996,-7.419744491577148,1.0031858682632446,3.736205577850342,1.5771480798721313,-0.2508735954761505,5.759764194488525,13.834795951843262,-5.566483497619629,15.986312931208447,676986080,1720697302
4.0,0,-2.7007007598876953,-2.1739683151245117,3.0598366260528564,3.7103726863861084,1.6671642065048218,-0.1331600844860077,5.934302806854248,11.908432006835938,-5.735165119171143,14.488575554864948,689986080,1720697302
4.0,0,-13.589695930480957,-3.5961458683013916,-1.6232936382293701,3.6075730323791504,1.8421366214752197,-0.0751022920012474,4.887072563171387,9.806943893432617,-5.060439586639404,12.069286456815293,701986080,1720697302
4.0,0,1.0630418062210083,-7.043848991394043,4.611302852630615,3.4690866470336914,1.7553162574768066,0.07297173142433167,6.4579176902771,12.433804512023926,-6.915934085845947,15.624798872861893,714986080,1720697302
4.0,0,2.37747859954834,-1.6951206922531128,5.080573558807373,3.457634687423706,1.8349459171295166,0.15659627318382263,5.759764194488525,11.733307838439941,-7.253296852111816,14.948435089753154,726986080,1720697302
4.0,0,-6.335154056549072,-4.5801777839660645,2.889845609664917,3.2648189067840576,2.059187650680542,0.19494636356830597,7.85422420501709,11.383060455322266,-4.891758441925049,14.669430931237342,739986080,1720697302
4.0,0,2.865903377532959,-3.3998184204101562,5.399007320404053,3.1905157566070557,2.0940754413604736,0.30546924471855164,8.72691535949707,10.507440567016602,-3.036263942718506,13.992292796074008,751986080,1720697302
4.0,0,-11.72697925567627,-3.4405205249786377,-1.4245717525482178,3.1327240467071533,2.2551991939544678,0.3669891953468323,8.72691535949707,10.507440567016602,-3.036263942718506,13.992292796074008,764986080,1720697302
4.0,0,-3.9888007640838623,-0.08140409737825394,4.347936630249023,3.0032925605773926,2.2370893955230713,0.5118674039840698,8.72691535949707,8.055704116821289,-3.373626470565796,12.346447913165129,776986080,1720697302
4.0,0,2.681546926498413,2.142843246459961,5.535478591918945,2.8642733097076416,2.2450790405273438,0.5811105966567993,9.774145126342773,6.654712200164795,-3.036263942718506,12.208112308939695,789986080,1720697302
4.0,0,-10.01988697052002,-6.684712886810303,1.223455786705017,2.6823768615722656,2.4810385704040527,0.5584734082221985,9.425068855285645,4.553224086761475,-2.0241758823394775,10.661194141079372,801986080,1720697302
4.0,0,4.364696502685547,-2.4636712074279785,4.731014728546143,2.616063117980957,2.457336187362671,0.7331794500350952,9.250530242919922,5.428843975067139,-0.5060439705848694,10.737818082877181,814986080,1720697302
4.0,0,-12.287230491638184,3.198702335357666,0.12689462304115295,2.517524480819702,2.635770797729492,0.7651378512382507,10.123222351074219,5.954216003417969,0.0,11.744459075864128,826986080,1720697302
4.0,0,-16.424474716186523,-0.41180896759033203,-0.02154814451932907,2.328437089920044,2.7305805683135986,0.7619420289993286,10.123222351074219,5.954216003417969,0.0,11.744459075864128,839986080,1720697302
4.0,0,2.5666234493255615,-1.4916104078292847,6.09333610534668,2.1806294918060303,2.5612010955810547,0.8801881670951843,10.821375846862793,2.8019840717315674,0.6747252941131592,11.198595634266777,851986080,1720697302
4.0,0,-6.375855922698975,1.4748507738113403,1.5801972150802612,2.071171998977661,2.718330144882202,0.9259952306747437,11.694067001342773,2.2766120433807373,2.8675825595855713,12.253864499169211,864986080,1720697302
4.0,0,-5.4516801834106445,-0.7134829759597778,2.7749221324920654,1.8932701349258423,2.826988697052002,0.9912436604499817,12.741296768188477,3.3273561000823975,3.2049450874328613,13.552992841629692,876986080,1720697302
4.0,0,4.750168800354004,-0.02633661963045597,4.520321846008301,1.7489244937896729,2.749755859375,1.0903147459030151,12.9158353805542,1.4009920358657837,4.723076820373535,13.823495828236965,889986080,1720697302
4.0,0,-20.896909713745117,-2.5187387466430664,-2.0781986713409424,1.594725251197815,3.0253970623016357,1.0317243337631226,12.56675910949707,1.0507440567016602,6.747252941131592,14.302199825216762,901986080,1720697302
4.0,0,-8.719816207885742,0.2657604515552521,1.019945502281189,1.4490480422973633,2.9537570476531982,1.155296802520752,12.392220497131348,-0.17512400448322296,8.940110206604004,15.281471387686908,914986080,1720697302
4.0,0,1.0750129222869873,4.695101261138916,3.6033284664154053,1.293516993522644,2.8504247665405273,1.206696629524231,13.43945026397705,-0.17512400448322296,8.940110206604004,16.142337573012284,926986080,1720697302
4.0,0,-19.967947006225586,-0.9840319752693176,-1.2928886413574219,1.1038970947265625,3.0794599056243896,1.1252027750015259,15.010294914245605,-2.4517359733581543,11.132966995239258,18.848419477844093,939986080,1720697302
4.0,0,6.124461650848389,1.6328704357147217,3.3136258125305176,0.9550241231918335,2.9130101203918457,1.2921854257583618,14.137603759765625,-1.2258679866790771,10.626923561096191,17.728680062607175,951986080,1720697302
4.0,0,1.0821956396102905,4.048656940460205,3.426154851913452,0.7901719212532043,3.1156797409057617,1.2828642129898071,14.312141418457031,-2.1014881134033203,13.157143592834473,19.554131834350354,964986080,1720697302
4.0,0,-23.868162155151367,-1.8507461547851562,-3.30165433883667,0.6159985661506653,3.1689438819885254,1.2415846586227417,14.312141418457031,-2.1014881134033203,13.157143592834473,19.554131834350354,976986080,1720697302
4.0,0,7.640014171600342,4.94649600982666,3.4716453552246094,0.4708540737628937,2.852022647857666,1.3768752813339233,14.486680030822754,-4.3780999183654785,16.362089157104492,22.287880536194262,989986080,1720697302
4.0,0,-14.425285339355469,0.37110692262649536,-0.878685474395752,0.28602784872055054,3.0477681159973145,1.281532645225525,12.9158353805542,-4.903471946716309,16.868131637573242,21.803593870101068,1986080,1720697303
4.0,0,-4.6017255783081055,2.942518949508667,-0.2154814451932907,0.13102951645851135,3.0554912090301514,1.3539717197418213,13.090373992919922,-5.779092311859131,19.735713958740234,24.377329728350432,14986080,1720697303
4.0,0,5.035082817077637,6.18671178817749,1.9345444440841675,-0.035686902701854706,2.919135332107544,1.437596321105957,11.344990730285645,-6.129340171813965,19.735713958740234,23.57490256763098,26986080,1720697303
4.0,0,-25.34540557861328,-2.2817089557647705,-4.996775150299072,-0.23356278240680695,3.1439096927642822,1.2631566524505615,12.56675910949707,-6.654712200164795,21.928571701049805,26.13562484103321,39986080,1720697303
4.0,0,-13.137185096740723,0.9744549989700317,-2.9520957469940186,-0.3757777512073517,3.011814832687378,1.332932472229004,12.56675910949707,-6.654712200164795,21.928571701049805,26.13562484103321,51986080,1720697303
4.0,0,-3.1172983646392822,4.711860656738281,-0.4309628903865814,-0.5526143312454224,2.862675428390503,1.411763310432434,9.250530242919922,-8.581076622009277,23.10934066772461,26.32961852866313,64986080,1720697303
4.0,0,-23.604795455932617,-1.9273617267608643,-4.960861682891846,-0.7358426451683044,3.019005537033081,1.2517046928405762,8.901453971862793,-11.733307838439941,26.145605087280273,30.008316531001938,76986080,1720697303
4.0,0,4.644822120666504,9.45724105834961,0.17717362940311432,-0.8367779850959778,2.781980514526367,1.4011105298995972,9.075992584228516,-11.908432006835938,26.651649475097656,30.56950791219706,89986080,1720697303
4.0,0,-6.160375118255615,5.173948764801025,-2.3631131649017334,-1.0335886478424072,2.7857091426849365,1.3161543607711792,7.156070709228516,-12.433804512023926,28.844507217407227,32.215127490881706,101986080,1720697303
4.0,0,-22.295146942138672,0.3304048776626587,-5.4301323890686035,-1.1795320510864258,2.8373751640319824,1.314023733139038,6.283379554748535,-12.959176063537598,30.02527618408203,33.30072540959433,114986080,1720697303
4.0,0,-3.8355696201324463,10.84589958190918,-1.1827536821365356,-1.088983178138733,2.1270992755889893,1.2258716821670532,5.585226058959961,-16.46165657043457,30.362638473510742,34.98672179907303,126986080,1720697303
4.0,0,-39.22719955444336,-6.248961925506592,-14.039813041687012,-1.06315016746521,1.8272225856781006,1.1521010398864746,2.618074655532837,-15.936284065246582,32.21813201904297,36.03924937490593,139986080,1720697303
4.0,0,-8.542641639709473,29.142667770385742,-2.604931116104126,-0.4855016767978668,1.198440670967102,0.11904511600732803,2.4435362815856934,-17.862648010253906,30.700000762939453,35.602459329969555,152986080,1720697303
4.0,0,-31.17537498474121,-11.784440994262695,-9.394990921020508,-0.4253133237361908,0.6998893618583679,0.35367318987846375,0.6981532573699951,-16.811904907226562,32.38681411743164,36.497031293756955,164986080,1720697303
4.0,0,-5.360699653625488,16.618408203125,-0.6344730854034424,-0.22850270569324493,0.5981550812721252,0.0862877368927002,1.0472298860549927,-17.162153244018555,33.06153869628906,37.26528592902036,177986080,1720697303
4.0,0,-11.908940315246582,1.563437581062317,-2.887451410293579,0.2588632106781006,-0.3664565682411194,-0.09800582379102707,1.0472298860549927,-17.162153244018555,33.06153869628906,37.26528592902036,189986080,1720697303
4.0,0,-39.22719955444336,-13.355060577392578,-10.824350357055664,0.1645858734846115,-0.23675863444805145,0.025300417095422745,0.17453831434249878,-18.03777313232422,31.880769729614258,36.630249818272596,202986080,1720697303
4.0,0,-5.612093925476074,10.649571418762207,-4.300051689147949,0.7281193733215332,-0.8849819302558899,-0.7121401429176331,0.6981532573699951,-18.913393020629883,32.0494499206543,37.2205735278235,214986080,1720697303
4.0,0,1.6855436563491821,-5.25295877456665,-1.8363807201385498,0.3547384738922119,-0.4753814935684204,-0.36539125442504883,2.268998146057129,-15.235788345336914,31.206045150756836,34.80078810949242,227986080,1720697303
4.0,0,0.6632039546966553,-10.82674503326416,-0.6392616629600525,0.3459499180316925,-0.4647286832332611,-0.2026696503162384,2.0944597721099854,-17.862648010253906,31.71208953857422,36.45706486509526,239986080,1720697303
4.0,0,3.6296653747558594,1.4509084224700928,2.7461910247802734,0.15659627318382263,-0.12596943974494934,0.0375511460006237,2.0944597721099854,-17.862648010253906,31.71208953857422,36.45706486509526,252986080,1720697303
4.0,0,-15.780424118041992,-8.121255874633789,-2.607325315475464,0.03595322370529175,-0.09454365819692612,0.26685282588005066,2.967151403427124,-16.63677978515625,33.230220794677734,37.28047750678196,264986080,1720697303
4.0,0,-12.576932907104492,2.7749221324920654,-5.5833635330200195,-0.014647609554231167,0.056459877640008926,0.11558295786380768,2.268998146057129,-16.28653335571289,32.55549621582031,36.472727553500164,277986080,1720697303
4.0,0,-12.737346649169922,2.188333749771118,-5.434920787811279,0.08788565546274185,-0.006125363986939192,0.015712888911366463,2.618074655532837,-16.28653335571289,33.230220794677734,37.099232575778764,289986080,1720697303
4.0,0,-10.168330192565918,-0.40941473841667175,-3.840358018875122,0.08868461847305298,-0.010120166465640068,-0.05033451318740845,1.5708448886871338,-16.63677978515625,31.543407440185547,35.69645007870742,302986080,1720697303
4.0,0,-8.188295364379883,-0.16280819475650787,0.028730858117341995,0.10413118451833725,0.024235136806964874,-0.037817467004060745,2.268998146057129,-15.936284065246582,32.89285659790039,36.62039756153778,314986080,1720697303
4.0,0,-7.247358798980713,-1.8770828247070312,-0.5123670101165771,0.044741787016391754,0.014913929626345634,-0.03115946054458618,2.268998146057129,-15.936284065246582,32.89285659790039,36.62039756153778,327986080,1720697303
4.0,0,-7.407773017883301,0.38307812809944153,-2.5331039428710938,0.040746983140707016,0.029561540111899376,0.027164656668901443,3.316227912902832,-16.28653335571289,32.21813201904297,36.2526766889501,339986080,1720697303
4.0,0,-24.900075912475586,-3.9337332248687744,-2.5857772827148438,0.01384864840656519,-0.06285155564546585,0.09720686078071594,0.6981532573699951,-16.811904907226562,31.374725341796875,35.60197964795772,352986080,1720697303
4.0,0,-15.986329078674316,16.256877899169922,20.317506790161133,-0.07749916613101959,-1.0881842374801636,0.8961673378944397,1.5708448886871338,-18.388019561767578,30.868682861328125,35.96473826766315,364986080,1720697303
4.0,0,-39.22719955444336,4.077387809753418,17.10443687438965,-0.5483531951904297,-1.1228058338165283,0.5480868816375732,3.316227912902832,-16.63677978515625,31.206045150756836,35.51896765308887,377986080,1720697303
4.0,0,3.998378038406372,16.51066780090332,12.677491188049316,-0.9797919392585754,-1.4618314504623413,0.9507629871368408,4.363457679748535,-16.987028121948242,31.880769729614258,36.386568481948196,389986080,1720697303
4.0,0,-20.75564956665039,0.8188294768333435,-3.6512134075164795,-0.9904447197914124,-1.7417340278625488,1.1393177509307861,3.8398427963256836,-19.263641357421875,30.02527618408203,35.879652743278776,402986080,1720697303
4.0,0,-1.7549766302108765,2.4876136779785156,-6.916954517364502,-0.9971027374267578,-1.7662353515625,1.267683982849121,4.188919544219971,-19.263641357421875,30.362638473510742,36.201170428156566,414986080,1720697303
4.0,0,-10.821956634521484,-6.565001010894775,-9.225000381469727,-1.0359854698181152,-1.8996617794036865,1.4756799936294556,3.8398427963256836,-19.263641357421875,29.013187408447266,35.0370848479943,427986080,1720697303
4.0,0,-6.706261157989502,1.9417272806167603,-3.3615105152130127,-0.8551540970802307,-1.884215235710144,1.4519774913787842,4.712534427642822,-22.94124412536621,28.844507217407227,37.15527229568404,439986080,1720697303
4.0,0,0.5003957748413086,4.929736614227295,3.150817394256592,-0.9132118225097656,-1.8605127334594727,1.5885998010635376,5.585226058959961,-21.365129470825195,27.326374053955078,35.13394692276229,452986080,1720697303
4.0,0,-13.644763946533203,2.8970282077789307,3.256164073944092,-0.9771286845207214,-1.6192266941070557,1.4114969968795776,5.585226058959961,-21.365129470825195,27.326374053955078,35.13394692276229,464986080,1720697303
4.0,0,-16.098857879638672,-0.4908188283443451,-4.6807355880737305,-1.0980380773544312,-1.5182913541793823,1.519356608390808,5.236149311065674,-23.466615676879883,25.9769229888916,35.396325217527355,477986080,1720697303
4.0,0,-1.3144367933273315,7.58973503112793,-2.5977485179901123,-0.9608831405639648,-1.7057806253433228,1.5252156257629395,6.806994438171387,-24.34223747253418,25.133516311645508,35.64510261786736,489986080,1720697303
4.0,0,-4.132455348968506,5.183525562286377,-2.808441638946533,-0.989645779132843,-1.6740885972976685,1.5691584348678589,5.4106879234313965,-24.34223747253418,24.458791732788086,34.9292508079105,502986080,1720697303
4.0,0,-16.539398193359375,1.6568129062652588,-1.5251296758651733,-0.9797919392585754,-1.512165904045105,1.4317371845245361,6.632455825805664,-25.568103790283203,23.952747344970703,35.657418682287684,514986080,1720697303
4.0,0,-13.249714851379395,1.8675057888031006,-0.04070204868912697,-0.9856509566307068,-1.4884635210037231,1.5739521980285645,6.632455825805664,-25.568103790283203,23.952747344970703,35.657418682287684,527986080,1720697303
4.0,0,-1.2689461708068848,6.464443206787109,2.9066052436828613,-1.0216041803359985,-1.591795563697815,1.599518895149231,5.759764194488525,-27.494468688964844,22.7719783782959,36.16190939823499,539986080,1720697303
4.0,0,-5.195497035980225,5.082967758178711,-0.1795678734779358,-1.024001121520996,-1.5209544897079468,1.6764854192733765,5.061611175537109,-28.545211791992188,21.759891510009766,36.248336547618386,552986080,1720697303
4.0,0,-9.804405212402344,2.1524202823638916,-2.2074875831604004,-1.0493013858795166,-1.4301393032073975,1.5739521980285645,6.632455825805664,-29.771080017089844,19.567033767700195,36.237763260603565,564986080,1720697303
4.0,0,-17.561737060546875,2.114112377166748,-3.016740322113037,-1.0423771142959595,-1.4005776643753052,1.6650336980819702,6.1088409423828125,-30.646699905395508,18.7236270904541,36.42955344460165,577986080,1720697303
4.0,0,-8.233785629272461,2.8419606685638428,0.26097196340560913,-1.0114840269088745,-1.4676904678344727,1.6546472311019897,5.236149311065674,-31.522321701049805,18.55494499206543,36.950778187892375,589986080,1720697303
4.0,0,-4.640033721923828,4.453282833099365,2.731825828552246,-1.0258653163909912,-1.4644945859909058,1.7614415884017944,5.759764194488525,-32.74818801879883,18.7236270904541,38.16009582683327,602986080,1720697303
4.0,0,-4.692707061767578,4.149214744567871,2.5714118480682373,-1.039713978767395,-1.3928545713424683,1.717498779296875,4.887072563171387,-34.67455291748047,16.53076934814453,38.72304783338226,614986080,1720697303
4.0,0,-13.232954978942871,2.4109978675842285,-1.0893784761428833,-1.0455729961395264,-1.3188174962997437,1.7590447664260864,5.061611175537109,-34.1491813659668,15.687362670898438,37.91938611352133,627986080,1720697303
4.0,0,-15.854645729064941,3.2058849334716797,-1.3599272966384888,-1.0248000621795654,-1.247443675994873,1.7308146953582764,4.537996292114258,-34.67455291748047,15.85604476928711,38.397033558597116,639986080,1720697303
4.0,0,-5.310420513153076,4.5418701171875,1.9920061826705933,-1.0181419849395752,-1.3925882577896118,1.8653064966201782,3.665304660797119,-36.60091781616211,13.325824737548828,39.123384927403485,652986080,1720697303
4.0,0,-3.890637159347534,5.221833229064941,3.682338237762451,-1.0069565773010254,-1.3539717197418213,1.8424029350280762,3.665304660797119,-36.60091781616211,13.325824737548828,39.123384927403485,664986080,1720697303
4.0,0,-9.881021499633789,2.4421229362487793,1.4844276905059814,-1.0250663757324219,-1.267683982849121,1.8426692485809326,3.1416897773742676,-38.52728271484375,12.819780349731445,40.72552634726918,677986080,1720697303
4.0,0,-12.967193603515625,4.326388359069824,0.7757331728935242,-1.0077555179595947,-1.18592369556427,1.8378756046295166,2.268998146057129,-39.05265426635742,10.964285850524902,40.6260227200064,690986080,1720697303
4.0,0,-15.251296997070312,3.1340579986572266,0.4142032265663147,-1.0045596361160278,-1.1750046014785767,1.8938027620315552,1.7453831434249878,-40.27852249145508,10.458242416381836,41.65069712323928,702986080,1720697303
4.0,0,-6.016720771789551,5.8682780265808105,3.2346158027648926,-0.9763297438621521,-1.249840497970581,1.9550563097000122,1.2217681407928467,-42.55513381958008,8.940110206604004,43.50123793983856,715986080,1720697303
4.0,0,-1.8531404733657837,5.26492977142334,3.897819995880127,-0.9741991758346558,-1.2711461782455444,1.9342834949493408,0.0,-40.9790153503418,9.44615364074707,42.05365046804079,727986080,1720697303
4.0,0,-4.197099685668945,8.281669616699219,4.704678058624268,-0.9502303600311279,-1.201370358467102,1.9728997945785522,0.0,-40.9790153503418,9.44615364074707,42.05365046804079,740986080,1720697303
4.0,0,-9.653568267822266,5.195497035980225,1.120503544807434,-0.9723349809646606,-1.100967526435852,1.930288553237915,-1.3963065147399902,-43.781002044677734,8.771429061889648,44.672852827046356,752986080,1720697303
4.0,0,-10.50831127166748,6.4357123374938965,3.375875949859619,-0.9457029700279236,-1.1305291652679443,1.9934064149856567,-1.9199213981628418,-44.656620025634766,5.566483497619629,45.043152074630825,765986080,1720697303
4.0,0,-1.795678734779358,5.554632663726807,3.921762228012085,-0.9457029700279236,-1.1747382879257202,2.0314903259277344,-3.316227912902832,-45.707366943359375,5.903846263885498,46.206235089788606,777986080,1720697303
4.0,0,-1.5251296758651733,8.195477485656738,5.027900218963623,-0.9033580422401428,-1.1901848316192627,2.091412305831909,-4.363457679748535,-45.00687026977539,4.2170329093933105,45.41411125368693,790857593,1720697303
4.0,0,-5.528295993804932,4.2665324211120605,2.3583245277404785,-0.9366480708122253,-1.065014362335205,1.9862158298492432,-4.887072563171387,-46.23273849487305,2.6989011764526367,46.568590858359414,802857593,1720697303
4.0,0,-9.89059829711914,11.832324981689453,3.581780433654785,-0.9108150005340576,-1.10629403591156,2.0469369888305664,-6.283379554748535,-47.63372802734375,2.0241758823394775,48.08898202722356,815857593,1720697303
4.0,0,-8.949663162231445,3.3471450805664062,1.7908902168273926,-0.9180055856704712,-1.0205389261245728,2.036017656326294,-8.203300476074219,-46.407859802246094,2.192857265472412,47.178302355133795,827857593,1720697303
4.0,0,0.12689462304115295,6.888223648071289,6.016720771789551,-0.8727312088012695,-1.1249364614486694,2.1129841804504395,-9.250530242919922,-48.859596252441406,0.843406617641449,49.73473424528821,840857593,1720697303
4.0,0,-0.45490527153015137,4.7597455978393555,4.675947189331055,-0.8761933445930481,-1.075933575630188,2.0850205421447754,-10.123222351074219,-47.63372802734375,1.3494505882263184,48.71624670930947,852857593,1720697303
4.0,0,-8.240967750549316,10.21381950378418,3.433337450027466,-0.8213313817977905,-1.0250663757324219,2.1249685287475586,-12.741296768188477,-49.56009292602539,0.1686813235282898,51.17198361955719,865857593,1720697303
4.0,0,-8.494757652282715,4.467648506164551,2.4564883708953857,-0.8551540970802307,-0.9441049695014954,2.0469369888305664,-12.741296768188477,-49.56009292602539,0.1686813235282898,51.17198361955719,877857593,1720697303
4.0,0,-9.260913848876953,5.540267467498779,5.05184268951416,-0.8026890158653259,-0.9899120926856995,2.163052558898926,-15.533909797668457,-49.910343170166016,-0.5060439705848694,52.2742842080693,890857593,1720697303
4.0,0,-4.048656940460205,5.109303951263428,3.641636371612549,-0.8181356191635132,-0.989645779132843,2.119908571243286,-14.835756301879883,-49.56009292602539,-0.843406617641449,51.73986674323507,902857593,1720697303
4.0,0,-2.7749221324920654,7.295243740081787,5.669556140899658,-0.7654041647911072,-1.0338549613952637,2.1883528232574463,-18.675600051879883,-50.260589599609375,-3.2049450874328613,53.71383971763327,915857593,1720697303
4.0,0,-4.8387556076049805,7.561004161834717,4.23540735244751,-0.7747253775596619,-0.9512956738471985,2.128697156906128,-19.37375259399414,-50.260589599609375,-3.2049450874328613,53.96054882492501,927857593,1720697303
4.0,0,-8.62883472442627,8.197872161865234,4.508350372314453,-0.6988241076469421,-0.9374470114707947,2.2016687393188477,-20.420982360839844,-50.96108627319336,-2.8675825595855713,54.97519317348169,940857593,1720697303
4.0,0,-0.8116468191146851,5.037477493286133,5.501959800720215,-0.7707306146621704,-0.994705855846405,2.167313575744629,-20.420982360839844,-50.96108627319336,-2.8675825595855713,54.97519317348169,952857593,1720697303
4.0,0,-1.290494441986084,4.869880676269531,6.44289493560791,-0.6916335225105286,-1.0077555179595947,2.2402851581573486,-22.864519119262695,-49.910343170166016,-4.891758441925049,55.11585879375383,965857593,1720697303
4.0,0,4.11808967590332,10.601686477661133,8.051822662353516,-0.6873723864555359,-1.0056248903274536,2.2099246978759766,-25.13351821899414,-50.08546447753906,-5.397802352905273,56.29728022059651,977857593,1720697303
4.0,0,-2.9520957469940186,5.899403095245361,2.5642292499542236,-0.6924324631690979,-0.9326532483100891,2.176368474960327,-25.657133102416992,-52.0118293762207,-4.2170329093933105,58.148965946568154,990857593,1720697303
4.0,0,-5.070996284484863,9.014307022094727,6.459654808044434,-0.6799154281616211,-0.9323869347572327,2.166248321533203,-27.402515411376953,-51.31133270263672,-5.229121208190918,58.4045753618788,2857593,1720697304
4.0,0,-6.011932373046875,4.69031286239624,3.1316637992858887,-0.6474242806434631,-0.9313216209411621,2.2421493530273438,-28.449745178222656,-50.260589599609375,-6.578571796417236,58.12738145217606,15857593,1720697304
4.0,0,-1.1899363994598389,6.169951915740967,6.23938512802124,-0.6567455530166626,-0.9323869347572327,2.185689687728882,-30.369667053222656,-49.38496780395508,-6.072527885437012,58.29294397129628,27857593,1720697304
4.0,0,-2.1500258445739746,4.431735038757324,3.8786656856536865,-0.5962908864021301,-0.9180055856704712,2.2163164615631104,-31.765974044799805,-51.48645782470703,-8.771429061889648,61.12994695023048,40857593,1720697304
4.0,0,-0.5817998647689819,7.678321838378906,7.541850566864014,-0.6258523464202881,-0.9627474546432495,2.200603485107422,-33.511356353759766,-50.78596115112305,-7.421977996826172,61.29690540392252,52857593,1720697304
4.0,0,-5.853912353515625,4.738197326660156,2.758162498474121,-0.5957582592964172,-0.8940368294715881,2.219778537750244,-34.209510803222656,-50.43571472167969,-6.747252941131592,61.31539261175838,65857593,1720697304
4.0,0,4.8650922775268555,5.00874662399292,10.194665908813477,-0.5715230703353882,-0.9552904367446899,2.2216429710388184,-36.47850799560547,-50.260589599609375,-7.253296852111816,62.52534468286176,77857593,1720697304
4.0,0,0.5458863377571106,5.681527137756348,4.843544006347656,-0.5195906758308411,-0.9606168270111084,2.2200448513031006,-36.47850799560547,-50.260589599609375,-7.253296852111816,62.52534468286176,90857593,1720697304
4.0,0,4.168368816375732,8.817978858947754,7.352705478668213,-0.5685935616493225,-0.9875151515007019,2.204332113265991,-39.271121978759766,-48.50934982299805,-7.928022384643555,62.91447830707999,102857593,1720697304
4.0,0,-0.050279002636671066,3.634453773498535,6.14600944519043,-0.5078725814819336,-0.9275931715965271,2.208326816558838,-39.96927261352539,-50.260589599609375,-8.265384674072266,64.74554968463131,115857593,1720697304
4.0,0,0.9122047424316406,9.026278495788574,8.128438949584961,-0.48763224482536316,-0.9441049695014954,2.204864740371704,-40.84196472167969,-48.334224700927734,-9.10879135131836,63.931474561819336,127857593,1720697304
4.0,0,3.8547234535217285,5.940104961395264,6.969627380371094,-0.4889638423919678,-0.9736665487289429,2.2085931301116943,-43.80911636352539,-48.15909957885742,-8.940110206604004,65.7150144130353,140857593,1720697304
4.0,0,4.790870666503906,6.452471733093262,6.897800445556641,-0.4708540737628937,-0.9760634303092957,2.2008697986602783,-45.20542526245117,-48.50934982299805,-9.277472496032715,66.95340909411337,152857593,1720697304
4.0,0,3.9792239665985107,8.157169342041016,7.070185661315918,-0.41812267899513245,-0.9763297438621521,2.20592999458313,-45.20542526245117,-48.50934982299805,-9.277472496032715,66.95340909411337,165857593,1720697304
4.0,0,1.8196210861206055,8.348709106445312,5.396613121032715,-0.46446236968040466,-0.9315879940986633,2.1563944816589355,-46.9508056640625,-47.80885314941406,-9.614835739135742,67.69423652171109,177857593,1720697304
4.0,0,6.921742916107178,4.38385009765625,9.718213081359863,-0.43117237091064453,-1.0064239501953125,2.194211721420288,-49.394344329833984,-47.4586067199707,-7.253296852111816,68.88200722104362,190857593,1720697304
4.0,0,3.9265506267547607,5.6144890785217285,8.9783935546875,-0.4207858741283417,-0.9994996190071106,2.1593239307403564,-50.26703643798828,-46.582984924316406,-10.458242416381836,69.32621633377188,203857593,1720697304
4.0,0,10.50831127166748,5.897008895874023,8.281669616699219,-0.4002791941165924,-1.026397943496704,2.162519693374634,-50.7906494140625,-45.00687026977539,-9.952198028564453,68.5882984552202,215857593,1720697304
4.0,0,2.425363302230835,5.449285984039307,6.047845840454102,-0.40054553747177124,-0.9227993488311768,2.115114688873291,-52.36149597167969,-45.18199157714844,-8.434065818786621,69.67260644977598,228857593,1720697304
4.0,0,6.711049556732178,5.964047431945801,9.122047424316406,-0.36752182245254517,-1.0133482217788696,2.1404151916503906,-55.15410614013672,-43.43075180053711,-9.10879135131836,70.7896581850709,240857593,1720697304
4.0,0,-1.441331386566162,8.595314979553223,4.592148780822754,-0.37817463278770447,-0.9262615442276001,2.113783121109009,-54.455955505371094,-44.131248474121094,-8.09670352935791,70.55901636169462,253857593,1720697304
4.0,0,5.185919761657715,2.50437331199646,7.9799957275390625,-0.329171746969223,-0.9334521889686584,2.099135637283325,-57.5976448059082,-42.380008697509766,-10.458242416381836,72.26983228725784,265857593,1720697304
4.0,0,1.8651115894317627,6.095730304718018,6.612886428833008,-0.2913542687892914,-0.9502303600311279,2.088482618331909,-57.77218246459961,-42.55513381958008,-9.277472496032715,72.35078421855566,278857593,1720697304
4.0,0,-2.4564883708953857,6.208259582519531,3.610511064529419,-0.35180893540382385,-0.9054886102676392,2.0578560829162598,-59.866641998291016,-42.20488357543945,-9.614835739135742,73.8763296872449,290857593,1720697304
4.0,0,-4.4772257804870605,9.423721313476562,4.051051139831543,-0.2639232873916626,-0.9108150005340576,2.057323455810547,-59.866641998291016,-42.20488357543945,-9.614835739135742,73.8763296872449,303857593,1720697304
4.0,0,-0.9074163436889648,7.450869083404541,5.372670650482178,-0.2815004289150238,-0.924397349357605,2.038414716720581,-61.43748474121094,-39.22777557373047,-9.783516883850098,73.54658462774509,315857593,1720697304
4.0,0,-1.8172268867492676,9.268095970153809,4.486802577972412,-0.23303015530109406,-0.9504966735839844,2.012315273284912,-63.18286895751953,-39.22777557373047,-9.10879135131836,74.92571912266109,328857593,1720697304
4.0,0,-1.2833117246627808,8.861075401306152,2.604931116104126,-0.31372517347335815,-0.9542251825332642,2.018706798553467,-64.2301025390625,-37.826786041259766,-9.10879135131836,75.09555176088381,340857593,1720697304
4.0,0,9.871444702148438,4.098936080932617,11.33671760559082,-0.20160436630249023,-0.9052222371101379,1.8264236450195312,-65.27732849121094,-37.47653579711914,-7.421977996826172,75.63534959056898,353857593,1720697304
4.0,0,-39.22719955444336,27.299104690551758,-1.2713404893875122,-0.09401101619005203,-0.035420581698417664,1.0764662027359009,-65.97547912597656,-36.07554626464844,-7.759340763092041,75.59375803115454,365857593,1720697304
4.0,0,-3.512347459793091,-3.639242172241211,12.79959774017334,-0.11797983199357986,-0.3502110540866852,0.556875467300415,-65.97547912597656,-36.07554626464844,-7.759340763092041,75.59375803115454,378857593,1720697304
4.0,0,-3.4716453552246094,0.9600895047187805,12.052595138549805,-0.1725754737854004,-0.46552765369415283,0.12836632132530212,-64.4046401977539,-35.900421142578125,-8.265384674072266,74.196458817298,390857593,1720697304
4.0,0,5.66716194152832,-3.229827404022217,9.35189437866211,0.161390021443367,-0.18402723968029022,0.028229938820004463,-66.3245620727539,-35.02479934692383,-8.434065818786621,75.47726525034201,403857593,1720697304
4.0,0,12.040623664855957,3.794867515563965,7.192291736602783,0.1645858734846115,-0.05672619491815567,-0.05459563434123993,-66.84817504882812,-35.550174713134766,-7.253296852111816,76.05986947607805,415857593,1720697304
4.0,0,12.040623664855957,3.794867515563965,7.192291736602783,0.1645858734846115,-0.05672619491815567,-0.05459563434123993,-67.02271270751953,-35.37504959106445,-7.421977996826172,76.14803943392332,428857593,1720697304
4.0,0,12.32075023651123,12.347085952758789,8.166746139526367,0.0537966750562191,0.1257031112909317,-0.13768751919269562,-66.84817504882812,-36.60091781616211,-8.602747917175293,76.69623826545005,440857593,1720697304
4.0,0,1.6975148916244507,31.36931037902832,15.119613647460938,-0.6050794720649719,0.5217211842536926,-0.22530686855316162,-67.72086334228516,-36.07554626464844,-9.44615364074707,77.30970306967845,453857593,1720697304
4.0,0,-3.0382883548736572,32.00857162475586,4.901005744934082,-1.1491715908050537,0.5361025333404541,-0.30733346939086914,-67.19725036621094,-34.499427795410156,-8.940110206604004,76.06317470035141,465857593,1720697304
4.0,0,2.889845609664917,38.18091583251953,12.519471168518066,-2.3995447158813477,0.8719322681427002,-0.4985513687133789,-65.62640380859375,-36.07554626464844,-8.771429061889648,75.40031752538685,478857593,1720697304
4.0,0,9.430904388427734,15.426076889038086,6.4931745529174805,-2.6400318145751953,0.8948357701301575,-0.5680609345436096,-65.80094146728516,-34.84967803955078,-8.602747917175293,74.95512810453931,490857593,1720697304
4.0,0,7.613677501678467,4.766928195953369,1.1803593635559082,-3.57934308052063,1.344916820526123,-0.7046831250190735,-64.92825317382812,-33.623809814453125,-11.132966995239258,73.96067604315365,503857593,1720697304
4.0,0,11.315170288085938,22.766813278198242,13.438858985900879,-3.6672286987304688,1.4828706979751587,-0.7403700947761536,-64.92825317382812,-33.623809814453125,-11.132966995239258,73.96067604315365,515857593,1720697304
4.0,0,3.6990981101989746,0.32561638951301575,0.5243381857872009,-4.16258430480957,1.7217599153518677,-0.777921199798584,-63.88102340698242,-32.57306671142578,-13.157143592834473,72.90336243296942,528857593,1720697304
4.0,0,3.8858487606048584,-0.5171554684638977,6.126855850219727,-3.8315484523773193,1.6996554136276245,-0.6974925398826599,-65.27732849121094,-30.82182502746582,-16.19340705871582,73.98203123152571,540857593,1720697304
4.0,0,1.235426902770996,-22.936803817749023,-1.1396573781967163,-3.641129493713379,1.7625068426132202,-0.6474242806434631,-62.65925598144531,-30.29645347595215,-17.711538314819336,71.81751905242993,553857593,1720697304
4.0,0,7.331157207489014,-10.319167137145996,5.015929222106934,-3.1471054553985596,1.5268135070800781,-0.6484896540641785,-61.43748474121094,-26.61884880065918,-19.567033767700195,69.75669468420362,565857593,1720697304
4.0,0,-0.5626459717750549,2.9544899463653564,6.1771345138549805,-3.0592198371887207,1.6189603805541992,-0.6202596426010132,-61.43748474121094,-26.61884880065918,-19.904396057128906,69.85207674219808,578857593,1720697304
4.0,0,-2.2074875831604004,7.8052167892456055,3.811627149581909,-2.8980960845947266,1.5949915647506714,-0.6021499037742615,-61.43748474121094,-26.61884880065918,-19.904396057128906,69.85207674219808,590857593,1720697304
4.0,0,3.6703672409057617,12.332720756530762,9.734972953796387,-2.93351674079895,1.6245529651641846,-0.5755178928375244,-59.866641998291016,-25.743228912353516,-22.097253799438477,68.81146186837026,603857593,1720697304
4.0,0,11.16433334350586,3.4668569564819336,8.360679626464844,-3.016608715057373,1.7617079019546509,-0.5797790288925171,-56.89949035644531,-22.41587257385254,-23.27802276611328,65.43614971840944,615857593,1720697304
4.0,0,15.169893264770508,-2.604931116104126,10.2952241897583,-2.9976999759674072,1.8152382373809814,-0.5392983555793762,-57.248565673828125,-22.065624237060547,-24.96483612060547,66.23845625624477,628857593,1720697304
4.0,0,7.388619422912598,-6.057422637939453,7.450869083404541,-2.975062608718872,1.9505289793014526,-0.47191932797431946,-55.6777229309082,-20.83975601196289,-23.784067153930664,64.03113392555069,640857593,1720697304
4.0,0,4.984804153442383,-3.2920775413513184,10.941668510437012,-2.88824200630188,1.9497299194335938,-0.4540758728981018,-54.6304931640625,-17.337276458740234,-25.47088050842285,62.72031323446833,653857593,1720697304
4.0,0,-2.2386128902435303,-5.080573558807373,5.027900218963623,-2.850158452987671,1.9827536344528198,-0.4396946132183075,-55.328643798828125,-16.987028121948242,-26.820329666137695,63.78987405877024,665857593,1720697304
4.0,0,0.9193874597549438,1.6592071056365967,6.306423664093018,-2.7662675380706787,2.013913154602051,-0.4878985583782196,-54.28141403198242,-14.535292625427246,-27.15769386291504,62.412234193065956,678857593,1720697304
4.0,0,3.1029326915740967,-1.5562547445297241,7.903380393981934,-2.6400318145751953,1.9926074743270874,-0.37684306502342224,-51.6633415222168,-14.710416793823242,-27.66373634338379,60.4216809428988,691857593,1720697304
4.0,0,4.010348796844482,-5.588151931762695,5.6839213371276855,-2.633906602859497,2.1449427604675293,-0.3616628050804138,-49.56888198852539,-13.30942440032959,-28.338462829589844,58.628349072820484,703857593,1720697304
4.0,0,7.197080135345459,3.2106735706329346,10.01988697052002,-2.5657284259796143,2.1694440841674805,-0.32810643315315247,-50.616111755371094,-10.507440567016602,-29.350549697875977,59.44620966949103,716857593,1720697304
4.0,0,0.8762912154197693,2.57859468460083,6.713443756103516,-2.557206392288208,2.2397525310516357,-0.2556673586368561,-50.616111755371094,-10.507440567016602,-29.350549697875977,59.44620966949103,728857593,1720697304
4.0,0,3.5937516689300537,-3.7302231788635254,8.248150825500488,-2.5771803855895996,2.301006317138672,-0.2569989860057831,-48.17257308959961,-7.004960060119629,-31.374725341796875,57.914071293511036,741857593,1720697304
4.0,0,1.4892162084579468,0.5458863377571106,6.608097076416016,-2.495952606201172,2.3785054683685303,-0.19361475110054016,-44.856346130371094,-6.129340171813965,-31.880769729614258,55.37187081598525,753857593,1720697304
4.0,0,5.387036323547363,-8.387016296386719,6.280086994171143,-2.50793719291687,2.3936855792999268,-0.10546278208494186,-44.50727081298828,-4.728348255157471,-31.206045150756836,54.562548386176054,766857593,1720697304
4.0,0,2.8491435050964355,-8.20266056060791,7.4412922859191895,-2.425910472869873,2.45147705078125,-0.09560894221067429,-42.58734893798828,-1.7512400150299072,-31.71208953857422,53.126318845359144,778857593,1720697304
4.0,0,2.011160135269165,-6.787665367126465,8.73418140411377,-2.380635976791382,2.4986157417297363,-0.017044490203261375,-41.191043853759766,-0.7004960179328918,-32.38681411743164,52.40323002554871,791857593,1720697304
4.0,0,0.12928886711597443,-8.90656566619873,7.570581436157227,-2.377706527709961,2.510866641998291,-0.01651185005903244,-41.191043853759766,-0.7004960179328918,-32.38681411743164,52.40323002554871,803857593,1720697304
4.0,0,0.3782896399497986,-6.160375118255615,5.947287559509277,-2.340421676635742,2.501278877258301,-0.017843451350927353,-37.351200103759766,2.4517359733581543,-32.0494499206543,49.27768662072814,816857593,1720697304
4.0,0,-0.6871464252471924,-7.788456916809082,4.137243747711182,-2.1824936866760254,2.5835719108581543,0.09853846579790115,-37.00212097167969,3.8527281284332275,-30.700000762939453,48.2337072728079,828857593,1720697304
4.0,0,-2.971249580383301,-0.8451660871505737,4.149214744567871,-2.068775177001953,2.6269822120666504,0.19361475110054016,-35.431278228759766,3.3273561000823975,-30.868682861328125,47.109684324285105,841857593,1720697304
4.0,0,4.314417362213135,-7.513119697570801,7.829158782958984,-2.064513921737671,2.58090877532959,0.21172453463077545,-34.733123779296875,5.779092311859131,-30.53131866455078,46.60417593749828,853857593,1720697304
4.0,0,4.1611857414245605,-0.2250583916902542,6.828367233276367,-2.0136468410491943,2.618459939956665,0.25912952423095703,-33.16228103637695,5.954216003417969,-31.037363052368164,45.809469293973635,866857593,1720697304
4.0,0,1.7453995943069458,-4.814813137054443,6.835549831390381,-2.0029940605163574,2.734309196472168,0.3209157884120941,-31.067819595336914,7.004960060119629,-29.687911987304688,43.53907438173463,878857593,1720697304
4.0,0,0.308856725692749,-4.6328511238098145,5.705469608306885,-1.940408706665039,2.7233901023864746,0.38429999351501465,-28.624282836914062,8.055704116821289,-29.013187408447266,41.5452642348452,891857593,1720697304
4.0,0,-2.9760379791259766,-1.6687840223312378,3.3232028484344482,-1.8735624551773071,2.856816530227661,0.5116010308265686,-30.02058982849121,9.806943893432617,-30.02527618408203,43.57670446591675,903857593,1720697304
4.0,0,-1.8387749195098877,-8.801219940185547,5.600122928619385,-1.8882099390029907,2.831249713897705,0.5680609345436096,-26.35528564453125,8.230828285217285,-29.85659408569336,40.66649512883336,916857593,1720697304
4.0,0,-4.841149806976318,-5.7892680168151855,4.572995185852051,-1.8320164680480957,2.882915735244751,0.6362388730049133,-25.13351821899414,10.857687950134277,-29.350549697875977,40.13773652380623,928857593,1720697304
4.0,0,-2.55704665184021,-10.31198501586914,3.1388463973999023,-1.8083139657974243,2.872795820236206,0.6687299609184265,-21.29367446899414,12.959176063537598,-28.338462829589844,37.741612209619554,941857593,1720697304
4.0,0,-6.074182510375977,-10.6328125,1.996794581413269,-1.714302897453308,2.8839809894561768,0.7504902482032776,-20.77005958557129,14.185044288635254,-26.820329666137695,36.768749503607424,953857593,1720697304
4.0,0,-4.99916934967041,-12.761290550231934,2.140449047088623,-1.6890026330947876,2.875725269317627,0.81280916929245,-20.07190704345703,14.535292625427246,-25.47088050842285,35.53761300287816,966857593,1720697304
4.0,0,-5.9927778244018555,-8.444478034973145,1.7597651481628418,-1.5449233055114746,2.79742693901062,0.8900420069694519,-17.104755401611328,14.710416793823242,-24.96483612060547,33.648358981169295,978857593,1720697304
4.0,0,-4.302446365356445,-8.398987770080566,4.529898643493652,-1.5036436319351196,2.81527042388916,0.9393112063407898,-16.23206329345703,14.885540008544922,-26.145605087280273,34.18555024405491,991857593,1720697304
4.0,0,0.8834738731384277,-1.920179009437561,4.695101261138916,-1.4644945859909058,2.7886385917663574,0.9965700507164001,-16.23206329345703,14.885540008544922,-26.145605087280273,34.18555024405491,3857593,1720697305
4.0,0,4.233013153076172,-5.025506019592285,5.015929222106934,-1.3965829610824585,2.825124502182007,1.072737693786621,-14.312141418457031,14.36016845703125,-23.27802276611328,30.869372750283034,16857593,1720697305
4.0,0,-0.2992797791957855,-6.383039474487305,1.9297560453414917,-1.409632682800293,2.870931386947632,1.1662161350250244,-12.741296768188477,15.936284065246582,-22.434616088867188,30.325200612661092,28857593,1720697305
4.0,0,-1.058253288269043,-3.2322216033935547,2.2098820209503174,-1.3230786323547363,2.917271137237549,1.2615586519241333,-10.123222351074219,16.46165657043457,-20.241758346557617,27.985613246320963,41857593,1720697305
4.0,0,-3.667973041534424,-8.20266056060791,1.3359850645065308,-1.3686193227767944,2.91567325592041,1.3334650993347168,-8.203300476074219,16.63677978515625,-19.398351669311523,26.839758341066045,53857593,1720697305
4.0,0,-6.54824161529541,-3.2154619693756104,-0.15801972150802612,-1.3105615377426147,2.952425479888916,1.4181549549102783,-6.806994438171387,17.337276458740234,-18.38626480102539,26.171951811462396,66857593,1720697305
4.0,0,-8.274487495422363,-9.778068542480469,-1.5514663457870483,-1.2775378227233887,2.900226593017578,1.4969857931137085,-6.806994438171387,17.337276458740234,-18.38626480102539,26.171951811462396,78857593,1720697305
4.0,0,-10.062982559204102,-8.585738182067871,-2.4349403381347656,-1.2192137241363525,2.868534564971924,1.586469292640686,-4.014381408691406,16.28653335571289,-16.699451446533203,23.66934949372956,91857593,1720697305
4.0,0,-9.253730773925781,-9.96481990814209,-1.8291980028152466,-1.1355892419815063,2.8349781036376953,1.655978798866272,-2.618074655532837,16.987028121948242,-16.02472496032715,23.499047839687798,103857593,1720697305
4.0,0,-9.35189437866211,-6.466837406158447,-1.1755709648132324,-1.0793956518173218,2.786508083343506,1.7012532949447632,0.0,15.761160850524902,-14.506593704223633,21.420911564532908,116857593,1720697305
4.0,0,-6.062211036682129,-6.227414131164551,-0.21069295704364777,-1.0301264524459839,2.6964914798736572,1.7366738319396973,-0.17453831434249878,15.936284065246582,-13.663187026977539,20.99233891603251,128857593,1720697305
4.0,0,-2.607325315475464,-7.084550857543945,-1.3647156953811646,-0.9856509566307068,2.6794474124908447,1.7859431505203247,1.5708448886871338,14.885540008544922,-11.63901138305664,18.96083966983604,141857593,1720697305
4.0,0,-1.611322283744812,-5.087756156921387,1.0414936542510986,-0.9124128818511963,2.6480214595794678,1.8738287687301636,1.9199213981628418,13.834795951843262,-11.976373672485352,18.398945718362846,153857593,1720697305
4.0,0,-2.762950897216797,-4.70228385925293,-0.6608097553253174,-0.9254626035690308,2.662402868270874,1.955855369567871,2.618074655532837,13.484548568725586,-9.952198028564453,16.962712359879973,166857593,1720697305
4.0,0,-5.425343990325928,0.30406826734542847,-1.0367051362991333,-0.8604804873466492,2.70288348197937,2.0594539642333984,3.8398427963256836,11.908432006835938,-8.771429061889648,15.28048145019296,179857593,1720697305
4.0,0,-5.796450614929199,-4.199493885040283,-1.743005394935608,-0.8972326517105103,2.6578752994537354,2.1521334648132324,4.712534427642822,9.631820678710938,-7.5906596183776855,13.137658229708679,191857593,1720697305
4.0,0,-5.346334457397461,-2.9497015476226807,-2.6935181617736816,-0.854621410369873,2.6573426723480225,2.2123217582702637,6.981532573699951,10.15719223022461,-5.735165119171143,13.594207223061078,204857593,1720697305
4.0,0,-6.569789886474609,-7.426927089691162,-3.5745978355407715,-0.8650078773498535,2.590496301651001,2.30713152885437,6.981532573699951,10.15719223022461,-5.735165119171143,13.594207223061078,216857593,1720697305
4.0,0,-9.706241607666016,-3.2130677700042725,-4.889034271240234,-0.8210650682449341,2.5737180709838867,2.376641273498535,6.981532573699951,8.405952453613281,-4.048351764678955,11.652938931472173,229857593,1720697305
4.0,0,-10.300012588500977,-4.199493885040283,-5.4301323890686035,-0.8098796606063843,2.4951536655426025,2.4506781101226807,8.028762817382812,8.756199836730957,-3.710988998413086,12.4460237547941,241857593,1720697305
4.0,0,-12.919309616088867,-3.8786656856536865,-5.97601842880249,-0.7877750992774963,2.4719839096069336,2.5052740573883057,9.250530242919922,5.078596115112305,-1.518131971359253,10.661574600314582,254857593,1720697305
4.0,0,-10.66633129119873,-4.901005744934082,-5.45646858215332,-0.7251898050308228,2.3707821369171143,2.559070587158203,10.64683723449707,4.728348255157471,-1.855494499206543,11.796409629904756,266857593,1720697305
4.0,0,-11.767681121826172,-2.1739683151245117,-7.470023155212402,-0.6897692084312439,2.318849802017212,2.603013277053833,11.170452117919922,4.202976226806641,1.3494505882263184,12.011037697547527,279857593,1720697305
4.0,0,-6.495568752288818,-2.686335325241089,-4.695101261138916,-0.6634035706520081,2.199538230895996,2.641629695892334,11.170452117919922,4.202976226806641,1.3494505882263184,12.011037697547527,291857593,1720697305
4.0,0,-6.5410590171813965,-3.718251943588257,-5.154795169830322,-0.6215912699699402,2.155595541000366,2.6674628257751465,9.599607467651367,0.5253720283508301,2.8675825595855713,10.03252256599509,304857593,1720697305
4.0,0,-4.537081718444824,-3.0119516849517822,-3.4764339923858643,-0.6245207786560059,2.1057934761047363,2.7191290855407715,11.344990730285645,-0.5253720283508301,2.192857265472412,11.566912009053055,316857593,1720697305
4.0,0,-3.7781078815460205,-1.3766870498657227,-3.790079116821289,-0.6223902702331543,2.0778300762176514,2.805683135986328,11.170452117919922,-1.7512400150299072,3.710988998413086,11.900305939568385,329857593,1720697305
4.0,0,-3.8810603618621826,-1.5538605451583862,-3.433337450027466,-0.6165311932563782,2.040811538696289,2.8688008785247803,11.170452117919922,-3.1522321701049805,5.735165119171143,12.946338753375171,341857593,1720697305
4.0,0,-2.7677392959594727,-2.0470738410949707,-2.734220027923584,-0.6205259561538696,1.9907432794570923,2.9545559883117676,11.868605613708496,-4.903471946716309,5.060439586639404,13.802749188332513,354857593,1720697305
4.0,0,-3.0023748874664307,0.07422138750553131,-4.347936630249023,-0.6072099804878235,1.9595838785171509,3.0192718505859375,10.64683723449707,-5.779092311859131,5.229121208190918,13.19457311385308,366857593,1720697305
4.0,0,-4.400609970092773,-0.2657604515552521,-6.25135612487793,-0.6335756778717041,1.9497299194335938,3.094373941421509,10.297760963439941,-8.931324005126953,8.602747917175293,16.118923694563737,379857593,1720697305
4.0,0,-8.52348804473877,0.2849143445491791,-6.4835968017578125,-0.6362388730049133,1.8629095554351807,3.118875503540039,11.868605613708496,-9.456696510314941,8.771429061889648,17.528002621226353,391857593,1720697305
4.0,0,-39.22719955444336,21.519412994384766,-34.62547302246094,-0.38110417127609253,1.6296131610870361,2.6805126667022705,11.170452117919922,-13.659672737121582,9.783516883850098,20.17629456616314,404857593,1720697305
4.0,0,2.9975860118865967,5.698287010192871,-0.7182714939117432,-0.5369014739990234,0.7395710945129395,1.7057806253433228,10.123222351074219,-15.060664176940918,9.10879135131836,20.304514672893127,416857593,1720697305
4.0,0,-26.896873474121094,35.980613708496094,-17.707786560058594,-0.047937631607055664,0.6074762940406799,1.049834132194519,10.123222351074219,-15.060664176940918,9.10879135131836,20.304514672893127,429857593,1720697305
4.0,0,4.077387809753418,-9.052614212036133,-2.607325315475464,-0.11931143701076508,0.20879501104354858,0.46739187836647034,10.64683723449707,-15.936284065246582,9.952198028564453,21.595521260341634,441857593,1720697305
4.0,0,-13.613638877868652,9.514702796936035,-10.407753944396973,0.09960374981164932,-0.12330623716115952,-0.11611559242010117,10.123222351074219,-15.41091251373291,10.120879173278809,21.0334982947518,454857593,1720697305
4.0,0,-6.845127105712891,-1.0917726755142212,-5.707863807678223,0.12543679773807526,-0.21438774466514587,-0.4610002040863037,9.774145126342773,-14.36016845703125,10.458242416381836,20.27617285152535,466857593,1720697305
4.0,0,-11.343900680541992,6.253750324249268,-6.136432647705078,0.1901526004076004,-0.40187713503837585,-0.8160049915313721,9.948683738708496,-15.586036682128906,11.63901138305664,21.848739862162137,479857593,1720697305
4.0,0,-4.853120803833008,-0.598559558391571,-1.5227354764938354,0.2838973104953766,-0.3576679825782776,-0.7496913075447083,10.123222351074219,-15.41091251373291,9.10879135131836,20.56564939789333,491857593,1720697305
4.0,0,-4.058233737945557,-5.4516801834106445,-5.885037899017334,0.15366673469543457,-0.24101975560188293,-0.6000193953514099,10.123222351074219,-15.41091251373291,9.10879135131836,20.56564939789333,504857593,1720697305
4.0,0,-23.8992862701416,15.095671653747559,-21.447586059570312,-0.2519388794898987,-0.4378303587436676,-1.6272162199020386,11.344990730285645,-13.834795951843262,10.289560317993164,20.639414847253434,516857593,1720697305
4.0,0,-4.280898094177246,27.042919158935547,-7.201868534088135,-0.1257031112909317,-0.7582135200500488,-2.5284438133239746,9.948683738708496,-13.834795951843262,8.602747917175293,19.088875265149735,529857593,1720697305
4.0,0,-14.971171379089355,14.018264770507812,-14.284025192260742,-0.20346862077713013,-1.0053585767745972,-3.660837173461914,10.123222351074219,-10.507440567016602,9.783516883850098,17.56710393477692,541857593,1720697305
4.0,0,-3.847540855407715,14.420496940612793,-11.487555503845215,-0.2407534420490265,-1.1640853881835938,-4.281363010406494,10.123222351074219,-8.405952453613281,8.771429061889648,15.81384315115899,554857593,1720697305
4.0,0,-5.952075958251953,2.815624237060547,-10.738158226013184,-0.24900935590267181,-1.4439878463745117,-4.704545974731445,10.472298622131348,-9.806943893432617,9.44615364074707,17.177747394947584,566857593,1720697305
4.0,0,-0.9217816591262817,-8.030275344848633,-4.290474891662598,-0.22317631542682648,-1.5220197439193726,-4.743961334228516,9.250530242919922,-5.428843975067139,7.253296852111816,12.948164808406405,579857593,1720697305
4.0,0,-6.241779327392578,-7.446080684661865,-1.3886581659317017,-0.17177650332450867,-1.4514448642730713,-4.551677703857422,9.948683738708496,-2.6268601417541504,5.566483497619629,11.698822199967445,591857593,1720697305
4.0,0,-3.2920775413513184,-6.581760883331299,2.4852192401885986,-0.16858068108558655,-1.3981808423995972,-4.314652919769287,10.64683723449707,-0.8756200075149536,6.241209030151367,12.37232975851665,604857593,1720697305
4.0,0,-8.13083267211914,-6.119673252105713,-3.229827404022217,-0.22104574739933014,-1.2828642129898071,-4.195607662200928,10.64683723449707,4.0278520584106445,5.566483497619629,12.67140378299057,616857593,1720697305
4.0,0,-3.763742446899414,-1.9441214799880981,-6.411769866943359,-0.1563299298286438,-1.3009740114212036,-4.076562881469727,8.377839088439941,5.954216003417969,3.373626470565796,10.817681432268795,629857593,1720697305
4.0,0,-4.02232027053833,-2.403815269470215,-7.623254299163818,-0.08309189230203629,-1.3774079084396362,-4.031821250915527,8.377839088439941,5.954216003417969,3.373626470565796,10.817681432268795,641857593,1720697305
4.0,0,-5.870672225952148,-1.0534647703170776,-6.007143974304199,-0.005326403304934502,-1.4229487180709839,-4.0171732902526855,8.72691535949707,9.456696510314941,4.723076820373535,13.707502151419801,654857593,1720697305
4.0,0,-7.8531012535095215,-2.343959331512451,-5.173948764801025,0.08149396628141403,-1.4437215328216553,-4.065377235412598,8.552377700805664,9.982068061828613,4.55439567565918,13.911411398513088,666857593,1720697305
4.0,0,-6.385433673858643,-5.327179908752441,-3.7972617149353027,0.08229293674230576,-1.4439878463745117,-4.0201029777526855,6.1088409423828125,14.185044288635254,2.530219793319702,15.650413136156597,679857593,1720697305
4.0,0,-5.154795169830322,-6.260932922363281,-4.745380401611328,0.12303992360830307,-1.457836627960205,-3.9908077716827393,5.934302806854248,16.811904907226562,1.686813235282898,17.90813880066246,692857593,1720697305
4.0,0,-4.740592002868652,-6.830761432647705,-4.261744022369385,0.16858068108558655,-1.457836627960205,-3.9380764961242676,4.537996292114258,17.862648010253906,3.710988998413086,18.799974564658687,704857593,1720697305
4.0,0,-7.007935523986816,-6.031085968017578,-5.834758281707764,0.21651829779148102,-1.4469175338745117,-3.924227714538574,4.537996292114258,17.862648010253906,3.710988998413086,18.799974564658687,717857593,1720697305
4.0,0,-7.845918655395508,-5.7677202224731445,-4.323994159698486,0.2921532392501831,-1.4980510473251343,-3.9434027671813965,1.5708448886871338,23.641740798950195,-0.1686813235282898,23.694470136678895,729857593,1720697305
4.0,0,-3.581780433654785,-4.8124189376831055,-2.8802685737609863,0.3139914870262146,-1.511633276939392,-3.930619239807129,-0.6981532573699951,23.116369247436523,0.3373626470565796,23.129370045685082,742857593,1720697305
4.0,0,-4.934525012969971,-7.1060991287231445,-5.205073833465576,0.35873326659202576,-1.4975184202194214,-3.8975956439971924,0.17453831434249878,23.641740798950195,-0.5060439705848694,23.647800154096473,754857593,1720697305
4.0,0,-4.606513977050781,-6.598520278930664,-4.441311836242676,0.43569982051849365,-1.4940561056137085,-3.91037917137146,-2.0944597721099854,25.568103790283203,0.0,25.65374618194546,767857593,1720697305
4.0,0,-4.079782009124756,-7.405378818511963,-3.8523292541503906,0.48203951120376587,-1.5188239812850952,-3.8493919372558594,-3.316227912902832,29.946205139160156,-1.1807692050933838,30.152392703111886,779857593,1720697305
4.0,0,-3.5530495643615723,-8.106890678405762,-2.5642292499542236,0.537966787815094,-1.5214871168136597,-3.849658250808716,-6.632455825805664,32.222816467285156,-4.385714530944824,33.18936370755769,792857593,1720697305
4.0,0,-2.8467493057250977,-6.993570327758789,-3.5171360969543457,0.5933613181114197,-1.504442572593689,-3.8392715454101562,-10.123222351074219,30.82182502746582,-2.6989011764526367,32.55378006243306,804857593,1720697305
4.0,0,-2.837172269821167,-7.4676289558410645,-3.380664348602295,0.6165311932563782,-1.4951213598251343,-3.8227596282958984,-10.297760963439941,32.74818801879883,-1.855494499206543,34.37921696623314,817857593,1720697305
4.0,0,-3.3184142112731934,-8.197872161865234,-3.711069345474243,0.6961609721183777,-1.465559959411621,-3.8014540672302246,-14.661218643188477,36.4257926940918,-3.373626470565796,39.41029130898718,829857593,1720697305
4.0,0,-2.37747859954834,-9.076557159423828,-3.4165778160095215,0.7595451474189758,-1.5004478693008423,-3.793997049331665,-16.755678176879883,33.974056243896484,-4.723076820373535,38.17455570771925,842857593,1720697305
4.0,0,-2.5211329460144043,-8.5570068359375,-1.9345444440841675,0.8389084935188293,-1.4964529275894165,-3.7798821926116943,-16.755678176879883,33.974056243896484,-4.723076820373535,38.17455570771925,854857593,1720697305
4.0,0,-1.096561074256897,-8.34152603149414,-1.6951206922531128,0.8532898426055908,-1.4650273323059082,-3.7721588611602783,-19.722829818725586,34.1491813659668,-6.915934085845947,40.037316946866845,867857593,1720697305
4.0,0,-2.6983065605163574,-10.833927154541016,-3.509953260421753,0.8892430663108826,-1.412295937538147,-3.7580437660217285,-20.77005958557129,38.00190734863281,-4.2170329093933105,43.51233967371969,879857593,1720697305
4.0,0,-0.3878665864467621,-7.419744491577148,-2.418180465698242,1.0010974407196045,-1.4232150316238403,-3.751119613647461,-24.43536376953125,39.92827224731445,-6.747252941131592,47.29565888595475,892857593,1720697305
4.0,0,0.9744549989700317,-8.691084861755371,-1.2282441854476929,1.042643427848816,-1.4104316234588623,-3.71623158454895,-28.27520751953125,38.87752914428711,-8.771429061889648,48.866016825859795,904857593,1720697305
4.0,0,-1.4197832345962524,-10.690274238586426,-2.37747859954834,1.1110877990722656,-1.3792721033096313,-3.7223570346832275,-27.926130294799805,38.87752914428711,-6.747252941131592,48.341043098578645,917857593,1720697305
4.0,0,-0.2657604515552521,-8.710238456726074,-0.8643199801445007,1.1411819458007812,-1.3475799560546875,-3.6986546516418457,-27.926130294799805,38.87752914428711,-6.747252941131592,48.341043098578645,929857593,1720697305
4.0,0,1.264157772064209,-7.889015197753906,-1.8962366580963135,1.1686129570007324,-1.2844622135162354,-3.652048349380493,-32.98773956298828,39.40290069580078,-9.614835739135742,52.28025067852336,942857593,1720697305
4.0,0,2.5690176486968994,-8.9999418258667,-2.346353530883789,1.2666187286376953,-1.2794021368026733,-3.667495012283325,-35.25674057006836,38.87752914428711,-6.747252941131592,52.91526670292428,954857593,1720697305
4.0,0,2.8491435050964355,-8.008727073669434,-1.9536983966827393,1.3217469453811646,-1.25809645652771,-3.642993688583374,-38.92204284667969,40.453643798828125,-11.63901138305664,57.33139891836023,967857593,1720697305
4.0,0,1.7669477462768555,-10.82674503326416,-0.5363093614578247,1.3592982292175293,-1.2546343803405762,-3.626481771469116,-37.874813079833984,38.35215759277344,-7.253296852111816,54.38749647739035,979857593,1720697305
4.0,0,1.8555346727371216,-9.177115440368652,-0.4429340660572052,1.414160132408142,-1.1805973052978516,-3.6230196952819824,-42.76188659667969,40.80389404296875,-14.000550270080566,60.74168356443677,992857593,1720697305
4.0,0,2.367901563644409,-7.956053733825684,-0.5746171474456787,1.457836627960205,-1.1078919172286987,-3.5886642932891846,-46.42719268798828,37.12628936767578,-10.120879173278809,60.30155701422723,4857593,1720697306
4.0,0,3.4500973224639893,-8.94726848602295,-1.4556968212127686,1.4977847337722778,-1.0407792329788208,-3.5844030380249023,-45.20542526245117,35.900421142578125,-10.289560317993164,58.636556540362676,17857593,1720697306
4.0,0,5.901797294616699,-7.687899112701416,-0.5387036204338074,1.5643646717071533,-1.0639491081237793,-3.5649616718292236,-47.29988479614258,36.60091781616211,-13.663187026977539,61.34809668154327,29857593,1720697306
4.0,0,4.891428470611572,-8.83952808380127,-0.3974435329437256,1.6226887702941895,-1.0109513998031616,-3.54738450050354,-53.5832633972168,35.900421142578125,-14.675274848937988,66.14658000533252,42857593,1720697306
4.0,0,2.4397287368774414,-7.568187236785889,0.16759668290615082,1.6434617042541504,-0.9062875509262085,-3.5367319583892822,-53.40872573852539,31.172073364257812,-12.482418060302734,63.08724834284554,54857593,1720697306
4.0,0,3.5769920349121094,-6.840338706970215,0.7254542112350464,1.6759527921676636,-0.8572846055030823,-3.519421100616455,-53.40872573852539,31.172073364257812,-12.482418060302734,63.08724834284554,67857593,1720697306
4.0,0,6.404587268829346,-7.355099678039551,0.2849143445491791,1.7297494411468506,-0.8247935771942139,-3.520486354827881,-54.455955505371094,28.7203369140625,-12.482418060302734,62.81814708420163,79857593,1720697306
4.0,0,6.538664817810059,-9.0621919631958,0.8044640421867371,1.7651700973510742,-0.7712632417678833,-3.5029091835021973,-58.12125778198242,33.09843826293945,-14.337912559509277,68.40440744695769,92857593,1720697306
4.0,0,4.905794143676758,-9.318374633789062,0.059855956584215164,1.7862094640731812,-0.6948292851448059,-3.474146604537964,-62.65925598144531,31.347196578979492,-16.699451446533203,72.02569522139022,104857593,1720697306
4.0,0,4.027108669281006,-6.567395210266113,0.7182714939117432,1.8293533325195312,-0.6032151579856873,-3.457634687423706,-60.21571731567383,24.34223747253418,-14.675274848937988,66.58709205921414,117857593,1720697306
4.0,0,7.261724948883057,-5.5833635330200195,0.3974435329437256,1.8264236450195312,-0.5680609345436096,-3.4435198307037354,-61.26294708251953,27.14422035217285,-15.350000381469727,68.74285341382058,129857593,1720697306
4.0,0,7.762120723724365,-6.18671178817749,-0.22745263576507568,1.8767582178115845,-0.5158621668815613,-3.4488463401794434,-61.26294708251953,27.14422035217285,-15.350000381469727,68.74285341382058,142857593,1720697306
4.0,0,6.80203104019165,-4.63763952255249,0.7996755838394165,1.9103145599365234,-0.4253133237361908,-3.4235458374023438,-66.3245620727539,19.964136123657227,-15.518681526184082,70.98129149020626,154857593,1720697306
4.0,0,6.215442180633545,-5.863489627838135,1.4365429878234863,1.925494909286499,-0.331302285194397,-3.3870599269866943,-67.72086334228516,22.41587257385254,-17.880220413208008,73.54106986641244,167857593,1720697306
4.0,0,7.795639991760254,-4.79805326461792,1.6041396856307983,1.9502625465393066,-0.2713802456855774,-3.3931851387023926,-66.1500244140625,14.885540008544922,-17.374176025390625,69.99476426053819,180857593,1720697306
4.0,0,9.057402610778809,-2.2122762203216553,1.795678734779358,1.973965048789978,-0.23489437997341156,-3.3734774589538574,-66.67363739013672,18.56314468383789,-16.19340705871582,71.07876402663318,192857593,1720697306
4.0,0,10.161147117614746,-5.27450704574585,1.6807552576065063,1.9827536344528198,-0.1669827401638031,-3.395049571990967,-68.0699462890625,12.959176063537598,-16.19340705871582,71.15956902772028,205857593,1720697306
4.0,0,6.845127105712891,-6.114884853363037,0.3567414879798889,1.9689050912857056,-0.06205260008573532,-3.369749069213867,-72.08432006835938,11.032812118530273,-17.374176025390625,74.96488601686609,217857593,1720697306
4.0,0,6.09333610534668,-3.3160200119018555,1.5299183130264282,1.9856832027435303,0.04341018572449684,-3.3479108810424805,-72.43340301513672,11.383060455322266,-19.060989379882812,75.75944333099831,230857593,1720697306
4.0,0,9.581741333007812,-2.882662773132324,2.1284778118133545,1.9955370426177979,0.07590124756097794,-3.343916177749634,-72.43340301513672,5.779092311859131,-20.41044044494629,75.47570376921904,242857593,1720697306
4.0,0,9.553009986877441,-2.1260836124420166,1.6663898229599,1.9955370426177979,0.1307632029056549,-3.3372581005096436,-73.48062896728516,2.9771080017089844,-19.398351669311523,76.05630843636803,255857593,1720697306
4.0,0,7.537062168121338,-2.269737958908081,1.8842655420303345,1.9795578718185425,0.24501456320285797,-3.304766893386841,-72.60794067382812,3.1522321701049805,-18.55494499206543,75.00757028598488,267857593,1720697306
4.0,0,8.46842098236084,-2.4588825702667236,1.649630069732666,1.9566543102264404,0.34009087085723877,-3.294646978378296,-72.60794067382812,3.1522321701049805,-18.55494499206543,75.00757028598488,280857593,1720697306
4.0,0,10.968005180358887,0.560251772403717,1.4628795385360718,1.9958033561706543,0.3651249408721924,-3.2837276458740234,-72.08432006835938,-0.5253720283508301,-19.735713958740234,74.73903679434908,292857593,1720697306
4.0,0,10.47479248046875,2.2074875831604004,2.4660654067993164,1.9952707290649414,0.44874951243400574,-3.2925164699554443,-74.87693786621094,-4.0278520584106445,-22.434616088867188,78.26935169962579,305469779,1720697306
4.0,0,5.372670650482178,-2.5211329460144043,3.272923707962036,1.953192114830017,0.5193243026733398,-3.2616231441497803,-73.13155364990234,-5.428843975067139,-19.398351669311523,75.85507585943375,317469779,1720697306
4.0,0,6.531481742858887,-3.3974239826202393,2.755768299102783,1.9073851108551025,0.6535497307777405,-3.2741403579711914,-69.29170989990234,-7.530332088470459,-19.398351669311523,72.34875955882833,330469779,1720697306
4.0,0,13.027050018310547,0.9050220251083374,2.3128342628479004,1.879421353340149,0.7174665331840515,-3.24005126953125,-72.78247833251953,-10.332316398620605,-21.759891510009766,76.66510805387465,342469779,1720697306
4.0,0,12.038229942321777,2.868297576904297,1.7094860076904297,1.8914059400558472,0.7254561185836792,-3.236588954925537,-72.78247833251953,-10.332316398620605,-21.759891510009766,76.66510805387465,355469779,1720697306
4.0,0,11.097294807434082,2.856326103210449,2.2505838871002197,1.8650401830673218,0.7939004302024841,-3.2325942516326904,-67.54632568359375,-16.987028121948242,-20.747802734375,72.6741808077292,367469779,1720697306
4.0,0,4.063022136688232,-0.016759667545557022,3.5482609272003174,1.7979274988174438,0.9411755204200745,-3.194244146347046,-68.94263458251953,-16.63677978515625,-20.747802734375,73.89411764885715,380469779,1720697306
4.0,0,5.152400493621826,0.6919348239898682,3.2465872764587402,1.7577130794525146,1.0237348079681396,-3.1969072818756104,-65.27732849121094,-18.913393020629883,-19.229671478271484,70.6302082374427,392469779,1720697306
4.0,0,12.476375579833984,5.638431072235107,1.702303409576416,1.7734259366989136,1.0146799087524414,-3.168144941329956,-69.81532287597656,-20.31438446044922,-21.253847122192383,75.75341274013549,405469779,1720697306
4.0,0,9.993550300598145,5.9712300300598145,2.4349403381347656,1.7356085777282715,1.1030981540679932,-3.1867873668670654,-66.49909973144531,-24.34223747253418,-20.41044044494629,73.69708860883621,417469779,1720697306
4.0,0,4.795659065246582,0.871502697467804,3.8068387508392334,1.6591746807098389,1.216816782951355,-3.1969072818756104,-63.008331298828125,-27.494468688964844,-20.41044044494629,71.71179610571787,430469779,1720697306
4.0,0,5.42294979095459,1.4916104078292847,3.790079116821289,1.576881766319275,1.2716788053512573,-3.1588234901428223,-63.008331298828125,-27.494468688964844,-21.422527313232422,72.00639067497788,442469779,1720697306
4.0,0,12.014287948608398,5.209862232208252,2.731825828552246,1.5784796476364136,1.298843502998352,-3.144442319869995,-61.26294708251953,-30.29645347595215,-19.398351669311523,71.04449187616449,455469779,1720697306
4.0,0,10.501129150390625,7.460446357727051,2.6743643283843994,1.545189619064331,1.3321335315704346,-3.149768590927124,-59.168487548828125,-32.74818801879883,-21.08516502380371,70.83740481843941,467469779,1720697306
4.0,0,5.6049113273620605,2.2864975929260254,3.3686931133270264,1.437596321105957,1.404039978981018,-3.1465728282928467,-58.644874572753906,-30.82182502746582,-21.591209411621094,69.68060372538567,480469779,1720697306
4.0,0,4.635245323181152,1.9560925960540771,4.726226329803467,1.3752774000167847,1.5316073894500732,-3.1393821239471436,-58.644874572753906,-30.82182502746582,-21.591209411621094,69.68060372538567,492469779,1720697306
4.0,0,1.1827536821365356,8.916143417358398,7.821976184844971,1.2879244089126587,1.537998914718628,-2.976128101348877,-54.455955505371094,-33.2735595703125,-20.579120635986328,67.05282292814054,505469779,1720697306
4.0,0,-3.6440305709838867,-1.9177848100662231,34.21366500854492,0.710808515548706,1.2458457946777344,-1.8168362379074097,-55.6777229309082,-37.65166091918945,-21.08516502380371,70.44317273395367,517469779,1720697306
4.0,0,-2.4086036682128906,25.888898849487305,30.083602905273438,0.6165311932563782,0.7222603559494019,-1.2991098165512085,-51.8378791809082,-35.550174713134766,-19.735713958740234,65.88231208427689,530469779,1720697306
4.0,0,9.871444702148438,2.2266414165496826,25.1131649017334,0.15659627318382263,-0.046872351318597794,-0.4841700792312622,-52.536033630371094,-36.250667572021484,-20.41044044494629,67.0129226954428,542469779,1720697306
4.0,0,-8.580949783325195,14.360640525817871,20.839448928833008,-0.07483596354722977,-0.10785967111587524,0.16618378460407257,-51.8378791809082,-37.301414489746094,-21.422527313232422,67.36086339556869,555469779,1720697306
4.0,0,16.56573486328125,1.654418706893921,9.282461166381836,-0.1539330631494522,-0.5225201845169067,0.5755178928375244,-51.8378791809082,-37.301414489746094,-21.422527313232422,67.36086339556869,567469779,1720697306
4.0,0,6.5147223472595215,2.03749680519104,1.7645535469055176,-0.11931143701076508,-0.3946864902973175,0.5643324255943298,-54.106876373291016,-37.826786041259766,-20.241758346557617,69.05178197589312,580469779,1720697306
4.0,0,10.994342803955078,-2.008765935897827,-8.31040096282959,-0.10972391068935394,-0.2932184934616089,0.481506884098053,-51.8378791809082,-35.19992446899414,-20.747802734375,66.00508858339535,592469779,1720697306
4.0,0,9.931300163269043,-0.22026991844177246,-6.210653781890869,0.013049688190221786,0.01145176775753498,0.17550499737262726,-52.01241683959961,-37.12628936767578,-19.904396057128906,66.93159082307629,605469779,1720697306
4.0,0,9.260913848876953,1.0319167375564575,2.1835453510284424,0.051932431757450104,0.11638191342353821,0.05139978975057602,-53.93233871459961,-35.19992446899414,-20.073078155517578,67.45858217074169,617469779,1720697306
4.0,0,5.549844264984131,4.99916934967041,8.001543998718262,0.08602141588926315,0.15419937670230865,-0.05539459362626076,-53.93233871459961,-36.250667572021484,-19.398351669311523,67.81669489240677,630469779,1720697306
4.0,0,5.549844264984131,4.99916934967041,8.001543998718262,0.08602141588926315,0.15419937670230865,-0.05539459362626076,-51.48880386352539,-35.550174713134766,-20.073078155517578,65.71027554400081,643469779,1720697306
4.0,0,6.014326572418213,8.530671119689941,9.660751342773438,0.07323804497718811,-0.015712888911366463,-0.014913929626345634,-53.23418426513672,-36.250667572021484,-22.097253799438477,68.09021882229884,655469779,1720697306
