pos.x,pos.y,pos.z,orient.x,orient.y,orient.z,orient.w,n_secs_ee
0.26166522826184135,-0.5597023497545862,0.6468614640226321,0.006030520075554224,-0.0012688110302138977,0.96317919713664,-0.26878961503265986,1720697285601406675
0.26164905811134065,-0.5597039211771766,0.646864714334258,0.00602858717970329,-0.0012674540075424394,0.9631819200281864,-0.2687799074108253,1720697285626407729
0.25986121266093715,-0.5586052837326186,0.648512725912979,0.004819369165428515,0.0018541450962829443,0.9643745464767649,-0.2644902076345044,1720697285651407297
0.25197091282372897,-0.5527816752096805,0.657213266310462,-9.542778737213286e-05,0.016692494836263935,0.9691593417628421,-0.24586891178734496,1720697285676408302
0.23698417248795087,-0.5392658083814899,0.6751318727201724,-0.009875746259577108,0.04533225402187684,0.976346430145168,-0.21117553059930802,1720697285701418699
0.21927670850453462,-0.5200664958891732,0.6974322454410862,-0.023182985744876646,0.08100757031540208,0.9819611546374193,-0.16927082887105532,1720697285726408216
0.20336089099604582,-0.5012718970204662,0.7164678961315554,-0.037658312718973706,0.11341572480883738,0.9844474921348715,-0.1287705714773693,1720697285751408830
0.18918197289619143,-0.48502208633379024,0.7313263043415559,-0.05263954278786862,0.14090696309853207,0.9844435450836071,-0.0908031542880148,1720697285776421017
0.1755654859394521,-0.4682505251212955,0.7452948817267604,-0.06821494765726209,0.16705859499090406,0.9820828192276515,-0.054327552251598576,1720697285801422313
0.1622620901622613,-0.44824968948649735,0.7604211564148704,-0.08528587234629628,0.19525284562019293,0.9768578707070703,-0.018744244263163626,1720697285826879357
0.15023825141916056,-0.42843675243326856,0.7738878866351873,-0.1026338363361473,0.22117696619985172,0.9697092260909643,0.014527976308402408,1720697285851415965
0.13861013339591338,-0.40819285587841764,0.7862532937975152,-0.12110071337300816,0.24612384012679506,0.960470224574572,0.04748284161104329,1720697285876416823
0.12778106868518332,-0.38721172909071655,0.7977820086667018,-0.14046667212551567,0.2702148521518778,0.9492250239759966,0.07889804532617017,1720697285901406592
0.11779548660529518,-0.3653784207137044,0.8085445924532328,-0.16050018407524574,0.29349309839625354,0.9361047250538457,0.10867122819515386,1720697285926408130
0.10867036220210771,-0.34316539452653366,0.8182918206835028,-0.18134112272261924,0.31554746803578493,0.9213254151376261,0.13676502494200177,1720697285951418007
0.10014395068889059,-0.32060753305893486,0.8270651658214535,-0.20272246860433335,0.3365962048861079,0.9049144030081238,0.16351305393663568,1720697285976418839
0.09254452974112119,-0.29756533258528217,0.8349246489678583,-0.22458930706758573,0.3565908613540279,0.8870857476133521,0.1883652758099392,1720697286001409523
0.08580293640078877,-0.27425176943767193,0.8418128460610625,-0.24701021181013677,0.3753296793611523,0.8680308090568729,0.21127257649831596,1720697286026407630
0.07994515521153771,-0.25073697773446346,0.8477820236733926,-0.26969533086150976,0.3928715358769845,0.8479156946583241,0.2322829299824938,1720697286051369386
0.07490439399915808,-0.22706486659818087,0.852817185868372,-0.29275269515418834,0.40919243327866206,0.8268255215596749,0.25142984891420145,1720697286076408309
0.07077796744859423,-0.20325596872189283,0.8569241782584656,-0.3159725127491294,0.4243402489930156,0.8049776819548563,0.2685286871567601,1720697286101408340
0.0675180213252893,-0.1794418381906131,0.8600935438666566,-0.33931907618766116,0.43826538099083945,0.7825578519460276,0.2835299432471391,1720697286126397140
0.06511806939129423,-0.15564094856884397,0.8623663489382036,-0.36272834751426736,0.45099968014212544,0.7596754874543494,0.2965140606822313,1720697286151420866
0.06360321777357777,-0.1319303091307689,0.8637445748294714,-0.3860584882515268,0.4624995281773479,0.7365414283763445,0.3075056981098245,1720697286176420054
0.06292837789585254,-0.10830582515671341,0.8642454537750277,-0.40934762637353567,0.47279401743223115,0.7132971126519932,0.3163977985779502,1720697286201408674
0.06310436972991337,-0.08484425119443864,0.8638956562943235,-0.43239527710113695,0.48198017731418924,0.6900978749498736,0.32325586770619086,1720697286226407802
0.06409922707374825,-0.06175153314059349,0.8626971536057992,-0.45516684603920254,0.4898916302150438,0.6672051305920668,0.3281259615202594,1720697286251407498
0.06593080457100181,-0.03880673278699292,0.8606743109687187,-0.47763489167578493,0.49673407770872835,0.6445635277081624,0.33114653107820585,1720697286276408178
0.0685222279226414,-0.01633454608710211,0.8578322868692853,-0.4997737234089866,0.5023600540752965,0.6224379798189621,0.3323124474621322,1720697286301422770
0.0718955593755574,0.005835357482853416,0.8542142445107228,-0.5214635120766798,0.5069269876860338,0.6009235897736601,0.33164992685323486,1720697286326408200
0.0760120502044445,0.027521676004244038,0.8498163114683704,-0.5425592950477811,0.5104995384387813,0.5801796392749556,0.3292585895338625,1720697286351417480
0.08082436730678921,0.04867268379807189,0.8447170013452083,0.5630431734007209,-0.512881483037312,-0.5604376776585758,-0.3253376380085091,1720697286376407483
0.08636792151063337,0.06939421664328835,0.8388953481344588,0.58289314530012,-0.5143618800604243,-0.5415713082018224,-0.3199499267626198,1720697286401408662
0.09255548395470094,0.08951529146652291,0.8323864108159096,0.6019898450785666,-0.5148819832588977,-0.5238784565649166,-0.3131391583383152,1720697286426406921
0.09936177278460408,0.1090315383851315,0.8252205187844189,0.6203676023327662,-0.5144425539931018,-0.5073854661449132,-0.3050457102826699,1720697286451416143
0.1067808703461043,0.12790629172430928,0.817425950017904,0.6381338071608726,-0.5128586574567516,-0.49199202326513547,-0.2961504527660001,1720697286476416341
0.11479493166036894,0.14620570278358186,0.8089972718109679,0.6548196840749707,-0.510762599057773,-0.47810608848968295,-0.2859148770190168,1720697286501416830
0.12333071852761973,0.16377287020818795,0.7999737290586669,0.6705804542486622,-0.5079953290577452,-0.4655940889078734,-0.2747448714884743,1720697286526407344
0.13235778432885836,0.18061133273489194,0.7904056387880628,0.6853531756717033,-0.5045185764879375,-0.4545921453452832,-0.2628650071151916,1720697286551417277
0.14179518226501195,0.1966350422414254,0.7803480509042011,0.6990616467415603,-0.5004912636803657,-0.4451333524300894,-0.25035496318019834,1720697286576407904
0.15072812070869712,0.2106550570426945,0.7709154356443856,0.7102930624691878,-0.4967968588186762,-0.43787263179620317,-0.23862984892905884,1720697286601410972
0.15594447210167317,0.21840044177860335,0.7653827923724241,0.7164731694797584,-0.4942489543456405,-0.43427052989711346,-0.23193377375179888,1720697286626407928
0.15644962081878533,0.21874920446558632,0.7646969046114724,0.717790972617722,-0.49277633805137244,-0.43387961828721655,-0.23172414013245055,1720697286651408100
0.15498000979469873,0.2162982276410195,0.7662061005781357,0.7165471845566161,-0.4927894299368625,-0.43466757601939815,-0.23405727590465866,1720697286676410194
0.15405010836673036,0.21495924198091687,0.7671943092178545,0.7153407178290747,-0.4934447095802168,-0.43523720660786874,-0.23530522728417838,1720697286701418518
0.15407386649771893,0.21532051115247053,0.7672605021420026,0.7148080689279929,-0.49430772943014273,-0.4353176058701101,-0.23496356151660222,1720697286726407455
0.1541612353936857,0.21556834890601886,0.7672091815594801,0.714672450365125,-0.4946207457239843,-0.43532809686568874,-0.23469779433956184,1720697286751416872
0.15413053875831872,0.21546089086896558,0.7672416504289122,0.714640194080687,-0.4945964359322703,-0.4353594419665151,-0.23478908590055497,1720697286776418533
0.15328502338878272,0.2151413987087224,0.7684592178920162,0.7153523857738102,-0.49206198316465005,-0.43540990578803546,-0.2378322577646763,1720697286801408458
0.1485630790521043,0.21190833987929852,0.7743309081834572,0.7185321839764118,-0.47936045081774276,-0.43650141288512895,-0.25177683636741605,1720697286826407084
0.1394297475360377,0.2041960337754769,0.7856041306710497,0.7233033117039521,-0.45439839449953146,-0.43877018641933485,-0.27898950135065254,1720697286851407556
0.12794487272894986,0.1927686627586426,0.8001269307314127,0.7268596800559858,-0.4210135877602632,-0.44217401714820354,-0.3144911810991863,1720697286876407300
0.11732456136179734,0.1803779549146998,0.8141004320454522,0.7272952756276405,-0.38750470486738553,-0.44588296662122084,-0.3493852684822502,1720697286901421531
0.10857060363810003,0.168872972423192,0.826300199456892,0.7251726836780072,-0.3572243397393951,-0.4495141706165818,-0.3800688889660359,1720697286926408989
0.10069981065454399,0.15655688282858382,0.8376727185886788,0.7205227148673845,-0.3276359822535011,-0.45373016018941803,-0.40942718794359817,1720697286951416017
0.09353903607297477,0.14279088485454478,0.848525764946694,0.7133299266958715,-0.2983527991812689,-0.45844789786083145,-0.4381455783729293,1720697286976424295
0.08725436683667673,0.12797942173929944,0.8588427568565817,0.7037196779287002,-0.269516060478281,-0.4635283912691368,-0.46613424946858395,1720697287001407724
0.08187735369133618,0.11245452063974945,0.8685316223924442,0.6918152696542266,-0.24102255727344252,-0.46912263903122087,-0.4931771579331334,1720697287026408133
0.07751944400428298,0.09630878485535362,0.8775727994138097,-0.67765299548299,0.21315320013169675,0.47508615399319826,0.5192737979818534,1720697287051415977
0.07422393224531396,0.07927050119761256,0.8859347542107461,-0.661160408016813,0.18598909201203295,0.4813935765452218,0.5445504540302768,1720697287076407880
0.07204719749092556,0.061697354605001586,0.89358900775005,-0.642475572419915,0.15961391436536027,0.48809605908454806,0.5687800755044107,1720697287101406666
0.07104392677973537,0.043773991684439004,0.9004622194916794,-0.621803815347474,0.1343063266730426,0.4951241930211263,0.591754898011074,1720697287126407300
0.07123228129798014,0.025301974718431243,0.9065301821421388,-0.5990031130071289,0.10986823886216392,0.5025124973553418,0.6136818644043449,1720697287151416721
0.07267561665984118,0.006410463448782287,0.9117919798889063,-0.5742269295170672,0.08655402290878624,0.51018347293784,0.6344167860931728,1720697287176417934
0.07538125523537298,-0.012632570344312886,0.9162074650398992,-0.5476893445080115,0.06451063610471768,0.5181127188661006,0.6537843454006269,1720697287201408052
0.07939188035641752,-0.03188687569075332,0.9197230700555801,-0.5192515630001369,0.04361113819605124,0.5262903585048085,0.6719332864890978,1720697287226407304
0.08469887067282746,-0.05094904896027933,0.9223481736565788,-0.4891811970313132,0.024148781697354627,0.5345953527647583,0.6887135846023865,1720697287251408236
0.09129586041242004,-0.06989996553938982,0.9240590980855512,-0.4575733734615764,0.006120399128346177,0.5430791094959789,0.7040271510691596,1720697287276419052
0.09918122120570833,-0.088548650967336,0.9248287867623693,-0.42458025761975066,-0.010360586757912226,0.5516743719546157,0.7178298199504242,1720697287301406684
0.10831071900230572,-0.10676556165634152,0.9246588147035911,-0.390395177077074,-0.025206976411041138,0.5603108331488548,0.7300739581105531,1720697287326359268
0.11871722223497291,-0.12453272737635075,0.9235493462185774,-0.35485756372153926,-0.03851905121001029,0.5690505416546451,0.7407927329598,1720697287351418629
0.1302918728207888,-0.1417237683749327,0.9214727255273043,-0.31818386460624076,-0.05019912807389528,0.5777250153041499,0.7499819214732298,1720697287376407554
0.14304296022357305,-0.15825617992933752,0.9184141628058624,-0.28040980207796085,-0.06018367813724363,0.5863242352889979,0.757609502908486,1720697287401417381
0.1569050201591045,-0.17393699087702386,0.9143992527796215,-0.24191196463715797,-0.06851389390431117,0.5948468759918619,0.7635061504861514,1720697287426408225
0.17178352833219956,-0.1886071884413869,0.9094655753952368,-0.2027218063892398,-0.07504473350550729,0.603181119981072,0.7677530160707612,1720697287451407775
0.1876397916773253,-0.20239219027421318,0.9035680027708002,-0.1629334478790182,-0.0799018744084604,0.611287832560461,0.7703217300529719,1720697287476407380
0.2042755841344296,-0.21490802113608617,0.8968324590880821,-0.12280714098087699,-0.08291504568379185,0.6191019103960059,0.7712044643720454,1720697287501407024
0.22180413648322767,-0.22631934394347542,0.8891571671912104,-0.0822639410374659,-0.0842093376793278,0.6266242181541498,0.7703788163464087,1720697287526407803
0.23987093695124712,-0.23624672567699612,0.8807484410422826,-0.04176768648848927,-0.08369314965431648,0.6337892454662175,0.7678294793752726,1720697287551407422
0.2585400035525633,-0.2450105386358044,0.8714854308537529,-0.0011909676257659426,-0.08148518531585795,0.6404497106955276,0.7636641370656145,1720697287576374281
0.27777643476111635,-0.25228874142601077,0.8614071132460062,0.03958029228235619,-0.0775453825093611,0.6466650180670181,0.7577891979453807,1720697287601408555
0.29764423627010356,-0.25817816990899173,0.8504331229076167,0.08069388845378622,-0.07189888452319562,0.6523968404514132,0.7501315946815874,1720697287626860779
0.3170528364687396,-0.26235595064545364,0.8391543219933506,0.12013165558394069,-0.0649080152630008,0.6574019993624102,0.7410654128453069,1720697287651407679
0.3369258849498892,-0.2651781472464599,0.8270432909270741,0.15983392911300395,-0.05609706447122628,0.6618221248864481,0.7302723529429257,1720697287676415869
0.3568093239875923,-0.2664281919030222,0.8143548064168504,0.19896219771390053,-0.04585578626363506,0.6655622131465284,0.7178706228691168,1720697287701416766
0.3766156995202042,-0.2661831162283513,0.801089409747134,0.2374960230663059,-0.034129033525785474,0.6685156070964349,0.7039302033346556,1720697287726409034
0.3961891648053518,-0.2643615802432936,0.7873673749431573,0.27517149332599034,-0.021102143430452202,0.6707676817596695,0.688408356943859,1720697287751418388
0.41541033082907797,-0.2610229810660113,0.7732314012666308,0.3119585034321749,-0.006789029375962935,0.6721546660173591,0.671449109141998,1720697287776407595
0.4325468968081173,-0.25683687762367224,0.760025932463729,0.34447488309597485,0.007276124648209428,0.672612208599527,0.6548869595349908,1720697287801419897
0.442835514330664,-0.2537925537951887,0.7517708673225905,0.36410125584738956,0.016375511260660044,0.6723827952102716,0.6442542159943759,1720697287826415789
0.44499214234929596,-0.2525256305875638,0.7501558548100711,0.3688020594667453,0.018885966057844247,0.6723088224235397,0.6415833605312895,1720697287851408438
0.4421998469842566,-0.2526716668789029,0.7527108491502102,0.3638544229110332,0.016994934946094473,0.6725863684731208,0.6441651248386523,1720697287876407215
0.4392238972188682,-0.25458332208042445,0.7547667897711137,0.35784151636563966,0.01661530979496596,0.6717608059005118,0.6483909316927959,1720697287901407587
0.4375341069164966,-0.26225795689061393,0.7532838129386293,0.35290936124809086,0.025391491909557255,0.6661109419298725,0.6565869842780692,1720697287926407724
0.4356682709004606,-0.27810655744853124,0.747995513534957,0.3473739724700013,0.04497984199851289,0.6532955119574271,0.6712027347385312,1720697287951407616
0.4325667961159583,-0.29736966971878454,0.7410505514144079,0.3408296635198898,0.07021720761399065,0.6363490248170859,0.6884508717651219,1720697287976381008
0.427584624218709,-0.3151503385785884,0.7351290596620794,0.33269325546603457,0.09620130541377221,0.618583523178211,0.7052764929136158,1720697288001417863
0.4213624397587523,-0.3313025595501375,0.7299984731006923,0.32386614169279015,0.12131644905377935,0.6004543638053701,0.72100457588083,1720697288026407658
0.4148495815890329,-0.34768691965919585,0.723872974495676,0.3160031995542427,0.14587559267080072,0.5814586594155343,0.7353693743453787,1720697288051408805
0.4078139758015535,-0.3644242337647249,0.7167854606936741,0.3088803163923211,0.1701728049012387,0.5614654610672077,0.7485924810242301,1720697288076408975
0.399681673983758,-0.3805565654890876,0.7098220310353258,0.30139738160213114,0.1944930167947343,0.5405497886982943,0.7610111764748873,1720697288101409098
0.39068750311484707,-0.3962347316515393,0.7027192753159,0.29371894234996526,0.21881639261129773,0.5187377942308984,0.7725022136316881,1720697288126407522
0.3809574359960831,-0.41184120233325877,0.6950553354189887,0.28633779723418357,0.24295276504825036,0.4960178067273886,0.7829118438495078,1720697288151407354
0.37037728028221095,-0.42705100674955154,0.6871252896369267,0.27905854735457203,0.2672373219430723,0.47258947465804846,0.7920667455154777,1720697288176409117
0.3589504401607906,-0.4417621429477241,0.6790267889473884,0.27168637243871024,0.2914553928543407,0.4484252394358075,0.8000969151572547,1720697288201419116
0.34659687948456386,-0.456218517807902,0.6705351290973274,0.2643058202798024,0.3158610721351743,0.423297579725909,0.8069655354933238,1720697288226783350
0.3338518587737653,-0.46984610131857785,0.6619856855846283,0.25732078647569706,0.33940451027476215,0.3983510570928419,0.8123466172550318,1720697288251414552
0.3201226586516326,-0.4831899842144175,0.6530796815216698,0.2502439892783268,0.3632225888281147,0.372480566670354,0.8165203758927287,1720697288276408398
0.3056813692822975,-0.49601479329495046,0.643974174620721,0.24315673932916038,0.3869383907086382,0.3461739614980825,0.8193394109252551,1720697288301416540
0.2904618657743518,-0.5082488821697897,0.6346652046429437,0.23618171475285238,0.41051604314578005,0.3194849521633309,0.8207460881889895,1720697288326407137
0.2745121838647757,-0.5199295515516015,0.625094853570691,0.22939490131840862,0.4339170682124083,0.2925099362519082,0.8206898892742437,1720697288351407816
0.2579746771645686,-0.5309750059896071,0.6152305859442652,0.22281916685682804,0.4571278621025078,0.26547997995845307,0.8190885891111407,1720697288376406924
0.24078389064979844,-0.5413939053206362,0.6051312430500662,0.21650844192074378,0.4800025252105318,0.23848262250514518,0.8159949197952356,1720697288401408040
0.22294514905902396,-0.5511264383305581,0.594868457609049,0.21033337475206781,0.5026116393182406,0.21148258272878792,0.8114286959983597,1720697288426407309
0.20445488597491657,-0.5601747965716278,0.5843958382864852,0.20427465687466131,0.5250388223216326,0.18445360378524162,0.8053464891985869,1720697288451407296
0.18540115932937182,-0.5684450669682852,0.5737688561303093,0.1984257773759931,0.5471775361668144,0.15767066687038875,0.7977242102354636,1720697288476408131
0.16583096441280235,-0.5759227806054101,0.5630050314566634,0.1927564770236454,0.5690142359345833,0.1312164540492291,0.7885746521769271,1720697288501407961
0.1457333157819163,-0.5826059656190743,0.5520924714640549,0.18735298837874154,0.5904594831282236,0.10520044427671253,0.7779391512538036,1720697288526408386
0.1251574696792262,-0.5884521610456827,0.5410697185137342,0.18219392851201976,0.6115340630524023,0.0797012085854831,0.7658192864442569,1720697288551417014
0.10411777012566298,-0.5934764166848323,0.5298666300954313,0.17730490300816906,0.6322645621331324,0.05482889795896875,0.7521956439573864,1720697288576418271
0.08266933198759147,-0.5976106090967164,0.518581532094024,0.1726984028972133,0.6525085808444957,0.030682665949932967,0.7372017278677926,1720697288601408325
0.06089106478228484,-0.6008114309822197,0.507237043005772,0.16828023715862267,0.6724055162786847,0.007340834445009211,0.7207625792238969,1720697288626411976
0.03881170619383634,-0.6030511996085747,0.4959291847845768,0.16403137647493982,0.6918556109162921,-0.015191240764470152,0.7029927079134012,1720697288651409112
0.016458643515056326,-0.6043506692552002,0.4844889750362149,0.16010945330784193,0.7108734885109025,-0.03664664390385691,0.6838719688541034,1720697288676421815
-0.006250006969604038,-0.6046935976907081,0.47279868566023997,0.15652847513977186,0.7294234051811933,-0.057050272164054956,0.6634648437485574,1720697288701482970
-0.02909293921872158,-0.6040445418655658,0.4613438181904971,0.15325180363900368,0.747342686491004,-0.07629045574131764,0.6420066666262768,1720697288726408443
-0.05206193322723296,-0.6023555513742482,0.44985105604503495,0.15014537394547195,0.7648072433580442,-0.09437923807077057,0.6193696849305952,1720697288751407852
-0.0735562009728577,-0.5999354891244848,0.43910020336264766,0.14798150371539,0.7802162016906546,-0.10969651628970246,0.5977715512563668,1720697288776407926
-0.08383302301157297,-0.5984686812237126,0.4337371514480519,0.1466284777495018,0.7877154996630025,-0.11669974587878293,0.5868437189025354,1720697288801408543
-0.08371736897838997,-0.5982009801438342,0.43425197726075415,0.14491266804088637,0.7887082343206315,-0.11807381510110046,0.5856604937534843,1720697288826824053
-0.08179472975229748,-0.5984472564067025,0.4350174238741882,0.14509350780911642,0.7874952044816019,-0.1166584548165865,0.5875287072390014,1720697288851417433
-0.08111024783014048,-0.5985976226770906,0.43544326026264957,0.14601003903074875,0.7863229427974913,-0.11571537724850296,0.5890562363652297,1720697288876407785
-0.08082767871523208,-0.598724020922745,0.4355085451894173,0.14651014590146402,0.7857440210208539,-0.11520087641942198,0.5898049411882785,1720697288901399980
-0.08071476652293419,-0.5987747113106896,0.4354745556889491,0.14659109356501157,0.785615752677497,-0.11505041489530021,0.5899850357973525,1720697288926418248
-0.08075897594360515,-0.5987669872818028,0.43549938198020194,0.14662478635205817,0.7855833929863156,-0.11510376053789856,0.590009346537286,1720697288951407589
-0.08064918553460174,-0.5987992593148532,0.4355283318106479,0.14661632311209621,0.7855226687034158,-0.11503799992550849,0.5901051171810762,1720697288976407859
-0.0805608972735323,-0.5988099734643093,0.4356147895821411,0.14660768607842262,0.785481468752092,-0.11500114032145466,0.5901692861836783,1720697289001408071
-0.08053347868209723,-0.5988223316288024,0.4356440026628572,0.14667074424246293,0.7854307263187035,-0.11493124601066107,0.5902347631479129,1720697289026407755
-0.08041162653712564,-0.5988437141347656,0.43566983126173897,0.14665807369125397,0.7854018602991661,-0.11482678190279241,0.5902966520467724,1720697289051424647
-0.08036188164279556,-0.5988495462388901,0.43572403437205365,0.14662346210279678,0.7853944860621105,-0.11482748236103843,0.5903149252042067,1720697289076408053
-0.08037826229771458,-0.5988615557616666,0.4357839005323214,0.14660060381259116,0.7853886370975154,-0.11488593566066714,0.5903170109926223,1720697289101408720
-0.08042254670358673,-0.5988605271307236,0.43582951545487747,0.14660938242231075,0.7853908055768036,-0.11493524858219965,0.5903023463738868,1720697289126407544
-0.08046476070673958,-0.5988613354728008,0.4358310911260582,0.14662804097991353,0.7853858313962245,-0.11496613390897598,0.5902983156798582,1720697289151416623
-0.08045062035947176,-0.5988670421723182,0.4358515428905021,0.14660847160333368,0.7853934141412713,-0.11496905723294124,0.5902925181269207,1720697289176420585
-0.08048556782946886,-0.5988658544599778,0.4358334414575504,0.14664698629423065,0.7853826830557937,-0.11496526465759772,0.5902979675461463,1720697289201407462
-0.08048589713841928,-0.5988602706647065,0.4358589377543378,0.14662992381304726,0.7853982766290349,-0.11498722910248792,0.5902771803602558,1720697289226407841
-0.0804400285054809,-0.598864837430463,0.4358685249164791,0.14658462897039512,0.7854229223335566,-0.11496840094867809,0.5902593043789582,1720697289251408039
-0.08049329867265503,-0.598860026057652,0.43588436225252736,0.14661606907695116,0.78541777080642,-0.11499776543682914,0.5902526302647305,1720697289276411620
-0.08047950096526577,-0.5988505496541326,0.4358947054626522,0.14660708443166207,0.7854282002773922,-0.11499411490894139,0.5902416950197378,1720697289301407619
-0.08045789010621116,-0.5988701161963663,0.4358707567670423,0.14658011282691585,0.7854408051844834,-0.11497695665374891,0.5902349629710535,1720697289326376640
-0.08046299133985421,-0.5988395209195339,0.43591630846383533,0.1465693558254594,0.7854648992578356,-0.11499921688782741,0.5902012335483334,1720697289351419805
-0.08046472385661349,-0.5988532534647674,0.43586665040067607,0.14659987708822747,0.7854689569986611,-0.11494833257285153,0.5901981654223207,1720697289376417469
-0.08031274085925152,-0.5989339111679362,0.4359787863892556,0.1463156962034587,0.7853051951155863,-0.11518735704374146,0.5904399549033296,1720697289401409330
-0.07534601886896286,-0.6009642709274052,0.43927039401372,0.13867716459836116,0.7804590535570622,-0.12100189060971346,0.5975038512082148,1720697289426406863
-0.0626215058059923,-0.6049814465510717,0.4477186589242887,0.11973278892209915,0.769543496099353,-0.13402723508862363,0.6127834585908956,1720697289451406795
-0.04428611719767306,-0.6101645743861686,0.46025875357813106,0.09230917581076442,0.7512681657033746,-0.1531196186221307,0.6353184568819308,1720697289476406917
-0.023944296330617232,-0.6147943390648326,0.47437710173873976,0.06217664827395442,0.7282517189604537,-0.17380919670280748,0.6599801977196633,1720697289501407123
-0.005431172088274094,-0.6181075464734342,0.4871940546706124,0.035305416418473894,0.7044341571757432,-0.1920876108257052,0.6823696912545947,1720697289526407105
0.01139098809005129,-0.6203452744183683,0.49909150562899757,0.01127904800221396,0.6803274449133363,-0.20839625527305367,0.7025655496549937,1720697289551416653
0.028024006690065273,-0.6214454568395432,0.5110655277985903,-0.011733261264445067,0.655199044093437,-0.22347961687414636,0.7215493081147896,1720697289576415983
0.04472840674039963,-0.6216094858962148,0.5229858285813059,-0.03383540445498254,0.6286313985761239,-0.23738879587972417,0.7398136858158064,1720697289601407396
0.06095861112998019,-0.6209429738865799,0.5348902838195309,-0.05484612766807221,0.6004448971552858,-0.25065086612635246,0.7573849556666048,1720697289626407619
0.07698181061667136,-0.6194760328332812,0.5466729314617924,-0.07471278339575264,0.5707170858360614,-0.26295531820406076,0.7743090523558757,1720697289651407880
0.09271847481315287,-0.617224868428192,0.5582980421524459,-0.09326323765349757,0.5395627198407434,-0.274289088932573,0.7905311730431545,1720697289676407803
0.10800380235154919,-0.6142197680781707,0.5697758916716847,-0.11040807726322341,0.5070977441831542,-0.28475886318592014,0.8059617386430058,1720697289701407493
0.12292541102667637,-0.6105137771010427,0.5810188676467506,-0.12609152819219693,0.4733850130905076,-0.2942519362040183,0.8206237590635813,1720697289726408338
0.13735786547336726,-0.6061568047469255,0.5920445636683667,-0.1401124502571296,0.43848368712404756,-0.30277705656719217,0.8345217860700529,1720697289751416545
0.15137739189397184,-0.6011373004665974,0.6029205543871432,-0.15255131004855474,0.40254830111496187,-0.31030883000876963,0.8475797266868269,1720697289776416568
0.16495190134460222,-0.5955641208085853,0.6134436055023549,-0.1632858223135912,0.36577492663711714,-0.316803426120355,0.8597569612823095,1720697289801409654
0.17802117833016315,-0.5894923087404546,0.6235678452963969,-0.17211039279718862,0.3283544527447608,-0.32216542195691805,0.8710745128570845,1720697289826407413
0.19063508097881993,-0.5828985528507067,0.6334303223610427,-0.17902281428690173,0.29016113196319915,-0.326478971508832,0.8815717955023106,1720697289851406934
0.20276669908270392,-0.5758766612797306,0.6429436375306032,-0.1839637835706424,0.25144652044674254,-0.3296971836541741,0.8911968024965673,1720697289876416849
0.21435892795041273,-0.5685327090660419,0.6520308269817061,-0.1869117390839466,0.21238361475078782,-0.33183048940496407,0.8999142894072,1720697289901417155
0.22556857606994915,-0.5608315781160319,0.6607508348166186,-0.1878184963083659,0.17307478597054515,-0.33285755139108963,0.9077307868457709,1720697289926407662
0.2363055857008414,-0.5527972330012214,0.6691336494823166,-0.1867051651938632,0.13362594156699267,-0.3328199438092849,0.9146125813879072,1720697289951418074
0.24656258428635588,-0.5445537854676928,0.677059806945156,-0.18354005069906162,0.09424314171495791,-0.33167830820372246,0.9205546045163192,1720697289976417025
0.25645678740274763,-0.5361471473342367,0.684534378917736,-0.17821128494007707,0.054854278983215383,-0.329415643215813,0.9255901252724936,1720697290001408147
0.26590738628944066,-0.5275802042838682,0.6916153251318506,-0.1707078561394388,0.01592431841864652,-0.326013795868743,0.9296882535766663,1720697290026416926
0.27499976408696514,-0.5189105828576203,0.6982332586285017,-0.1611525492257632,-0.02257856206385101,-0.32155658735850084,0.932802993959347,1720697290051406767
0.2836785506353245,-0.5101619698023359,0.7044514642959075,-0.1496453661357666,-0.06042219445859747,-0.3159959303561451,0.9349342195091878,1720697290076417076
0.29217324722274274,-0.5013224305062918,0.7102553864157595,-0.1360446074729994,-0.09743453844276419,-0.30943438229579406,0.9360815875494953,1720697290101420989
0.3003770615683942,-0.49250097501745715,0.7155966636219846,-0.12044695463279088,-0.13344323003349373,-0.30202981803619544,0.9361962531942419,1720697290126408850
0.30838274572071667,-0.4836209352448429,0.7205363203103563,-0.10294277428691578,-0.16845966597195566,-0.29327431024962614,0.9354219930653418,1720697290151408310
0.31619722314666326,-0.4747557996854113,0.7250671597706438,-0.08359201171335182,-0.20219291812449616,-0.28352485850655873,0.9336723483357807,1720697290176409064
0.32390565576621355,-0.46590985118257644,0.7291773472452541,-0.06237285674290573,-0.23450282527162325,-0.27274133401567896,0.9309834673079341,1720697290201409175
0.33148122923597545,-0.4570695135169509,0.7329263021061365,-0.03948743805547106,-0.26537502248336947,-0.26096863944486764,0.9273145145548306,1720697290226418798
0.338966961567752,-0.4482008847527535,0.7363580055831429,-0.015088903498055995,-0.29461659597466316,-0.2482374673096997,0.9226871334267073,1720697290251408156
0.34646291923809924,-0.4393786581911977,0.7394118388458255,0.010873526572618107,-0.32202615011646846,-0.23462176007125427,0.9171333353237724,1720697290276421031
0.3539733858138085,-0.4305606973104115,0.7421279279275287,0.03833150807129479,-0.3476377986553935,-0.22005839592787757,0.9106332735062243,1720697290301418972
0.3615271144297048,-0.4216807239905106,0.7445761286950574,0.06711509020759268,-0.37139963928636616,-0.204541446096493,0.9031725579495533,1720697290326407979
0.369161961858106,-0.4127774975084732,0.746732428113244,0.09707714164390195,-0.3930076474831691,-0.18828656329146687,0.8948012000851828,1720697290351418940
0.37685096113609723,-0.40385267778984035,0.7486315876819689,0.12803365407011796,-0.41244217277455736,-0.17125615892683468,0.8855338308455992,1720697290376408256
0.3844160504363761,-0.395057468368624,0.7503053701677782,0.15871816126726834,-0.4290727448921839,-0.15402814542036955,0.875774203372642,1720697290401409320
0.38990187061430254,-0.38836234589965324,0.7516284044119919,0.18098967976812202,-0.4397051247137652,-0.14118847060636816,0.868313281532489,1720697290426407575
0.3921205605979061,-0.385752798536632,0.752106581491842,0.19107758450627965,-0.44420895569082997,-0.13566023780382655,0.8647335197980457,1720697290451423936
0.3917660112939658,-0.3865198385502149,0.7518268621868056,0.1894832184236983,-0.4432809314356237,-0.1370144760075673,0.8653468432517303,1720697290476407571
0.3904162249279605,-0.3885219777236387,0.7512940611056969,0.18357135985057785,-0.44054205078626085,-0.1406326707336438,0.8674368618256707,1720697290501422021
0.38968591937846797,-0.38939186415140614,0.7511507468124018,0.1799564607615134,-0.4389606703062002,-0.1424205788019693,0.8687033906277984,1720697290526408437
0.3895767792460095,-0.38916363240635776,0.7513662712555808,0.17878391474913366,-0.4385765049635134,-0.14257661537442975,0.8691138417200222,1720697290551416963
0.38950886894644854,-0.38903844322673076,0.751486109589129,0.1787144951838006,-0.4386866223344994,-0.142494649548673,0.8690859862211268,1720697290576418259
0.38965608267597696,-0.38902959890482885,0.751309154454328,0.17896314738575383,-0.43858486940665015,-0.142420402473044,0.8690983449326968,1720697290601409226
0.3932129592894682,-0.3845528752050422,0.7486960977260205,0.18378855897127175,-0.4346890391737067,-0.1398592129350968,0.8704634428686125,1720697290626412446
0.4020472071149372,-0.3731736555025762,0.7419976082635602,0.195701979111908,-0.4244632719471268,-0.13376187370536116,0.8738646504364694,1720697290651415389
0.4117297840541,-0.35877570461989483,0.7336830665962282,0.2096694389206122,-0.4118535522318038,-0.12630727704248534,0.877759562558491,1720697290676422613
0.4203754380520207,-0.34445601318437413,0.7248933459425695,0.22306621407229418,-0.39899121445290536,-0.1191370269303775,0.8813931266710897,1720697290701419314
0.4283984056609095,-0.33028813856762396,0.7155436364896135,0.23598798630106463,-0.38580262423238215,-0.11214913814617337,0.8848099096811961,1720697290726407001
0.43564775360384733,-0.3158492897977656,0.7060482186838103,0.24834788651183318,-0.37242751508298844,-0.10509557899394345,0.8880180136405702,1720697290751417113
0.4419854093581544,-0.30092154448290315,0.6965484835333613,0.2601680492944093,-0.35897855256912264,-0.09783198718304538,0.8909971308626846,1720697290776406467
0.4475496590411157,-0.28581285022201597,0.686680141030435,0.2715974540687532,-0.34520348768508163,-0.09062035599883761,0.8937881886174549,1720697290801407863
0.4523756092336107,-0.2704170830280576,0.6764857684932104,0.2826151558115954,-0.3311046819722492,-0.08327165110989201,0.8964174225231657,1720697290826408415
0.4563903507636116,-0.2547788742043714,0.666014429795232,0.29328152017150766,-0.31668047686937895,-0.07590307934649262,0.898853796810912,1720697290851419258
0.45957334394843574,-0.23891171883115056,0.6553083342779206,0.3034885815001922,-0.30203929253056,-0.06839471516166354,0.9011043833011771,1720697290876422277
0.46194403115264315,-0.22293467551120344,0.6443285474938326,0.3132541178464407,-0.2871238453817911,-0.060829945805610144,0.903178538694708,1720697290901407516
0.4635139517430116,-0.20687052214138213,0.6330017183100455,0.3226676444122034,-0.27183437700330065,-0.05330248480436977,0.905069338693112,1720697290926408219
0.46424134195254496,-0.19072935609696698,0.6214428191769445,0.33163158349214444,-0.25636653060826453,-0.045654052264675456,0.906759285767832,1720697290951421610
0.46408545163458886,-0.17456456014194988,0.6096969462855325,0.34013288052392027,-0.2407000854599682,-0.03795379275322739,0.9082580041275219,1720697290976407362
0.46312656650992023,-0.15846690210051734,0.597646651518021,0.34820647853129494,-0.22473065541238615,-0.030243774507368627,0.909578855806522,1720697291001408355
0.46132971317216587,-0.14249042580383206,0.5853426471850828,0.35579746487807273,-0.20857134242024342,-0.022557691554594212,0.91071252855063,1720697291026407971
0.45866201562178527,-0.12657906286824733,0.5728048656007814,0.3629580726975933,-0.19221195803850408,-0.014803833101355305,0.9116451322615396,1720697291051422051
0.45516281610515436,-0.11086869806567334,0.5601062193308545,0.3696249905156837,-0.17568952548319422,-0.007015600677214329,0.9123931928554205,1720697291076407756
0.4508186776953603,-0.09529961756162998,0.547253809250287,0.3758587924491881,-0.15900478127956086,0.0008151920995678187,0.9129331756107442,1720697291101408502
0.44564483533361365,-0.07999256162870773,0.5343325349368461,0.38152450185391956,-0.14234411203379976,0.00877179684522733,0.9132908977070415,1720697291126408415
0.4396716679988949,-0.06501024760373499,0.5211461389325726,0.38676045221926203,-0.12546479486292775,0.016725054686393265,0.9134523580323675,1720697291151408298
0.43299537152755885,-0.05044903158004627,0.5075531515329464,0.3915876543731517,-0.10817387970890831,0.02439684875552406,0.9134343514791065,1720697291176408687
0.42542384364812824,-0.03618106602347295,0.4939899695809347,0.3958869611688928,-0.09103888077741462,0.032323692248813735,0.9132034905116488,1720697291201409716
0.4171668030771461,-0.022332654593302033,0.48014734543708965,0.3996899152333627,-0.07361878561298951,0.04019427616637412,0.9128048346876112,1720697291226407186
0.40816862561896333,-0.00899500292247751,0.46611637216337515,0.4030427809147617,-0.05609052561910761,0.04796347244294632,0.9122005673093404,1720697291251418098
0.3983969146554899,0.003894553541276758,0.4520771108148578,0.405866541089287,-0.038639817277876035,0.055867943454059814,0.9114044591942506,1720697291276407281
0.3880839765773434,0.016222221131535142,0.43767297140780537,0.4082639880894011,-0.0208267276197582,0.06363044098245174,0.910405365991638,1720697291301407122
0.3769605876448914,0.027975778494459452,0.42324751370368485,0.41012134416157736,-0.003080042977588276,0.07137084466355292,0.9092289034838081,1720697291326407989
0.3652945241969908,0.03909201761048946,0.4086935990717733,0.4114739264042973,0.014676805663667867,0.07908815754911407,0.9078650024097351,1720697291351416307
0.35302553375063145,0.049535290419955094,0.3939977583583823,0.4123689171623386,0.03251214638306337,0.086755286662127,0.9062937474859345,1720697291376407448
0.34022838827361124,0.05928654348641614,0.3792892355809442,0.4127361740344928,0.05030038872684032,0.09433632137487061,0.9045547965749531,1720697291401370263
0.32682707867171285,0.06836232792927333,0.3644299416144636,0.41260064436705834,0.06812744733826616,0.10193688123005358,0.9026229730248118,1720697291426409191
0.31296793767633774,0.07668545283457953,0.3495248512709082,0.41196428606223884,0.08592179982821702,0.10949496798721088,0.9005074809844665,1720697291451382821
0.29890718539829686,0.08395584919615066,0.3346317349419293,0.4109067215941705,0.1035858434915945,0.11642055453457943,0.8982604820756208,1720697291476419041
0.2885351672286701,0.08869157731260591,0.323856534692359,0.40986682632023996,0.11621786863481494,0.12136216191973363,0.896534336958894,1720697291501411976
0.28507521568326594,0.09029946031279777,0.3204638764894961,0.4094083654366611,0.12003621312720279,0.1234341012318355,0.8959576555293509,1720697291526416576
0.28523506701839496,0.09027060253920655,0.3203613217633602,0.40939301430149766,0.12014829701623367,0.1232869179599287,0.8959699115624221,1720697291551414934
0.28599044072714397,0.08993928615229571,0.32087312333367557,0.4094866149508357,0.11955512597466952,0.12278586198245021,0.8960752848541876,1720697291576418535
0.2865051569837437,0.08965327613128368,0.3213277283380151,0.40958424060311277,0.11892817009118152,0.12250955065917415,0.8961519124599476,1720697291601417708
0.2880600202716206,0.08632224681910147,0.32581324307177156,0.41074244654378567,0.10712189293873564,0.12629870826940187,0.8965847304911723,1720697291626409841
0.29171696071987335,0.0766062036315826,0.33875828895955246,0.41257748688176205,0.07302747431939682,0.1371362670485421,0.8975747598795603,1720697291651410396
0.29600207744824225,0.0604199747727735,0.3597905033596724,0.41110915857408303,0.017370675399010545,0.1550283548339675,0.8981390363246468,1720697291676426202
0.2982840573997315,0.04151019159745598,0.3842302543127622,0.4023059455914586,-0.046451487455948494,0.17570053919699352,0.8972856323271748,1720697291701426809
0.29789018264877093,0.023550488810216725,0.4071144875834449,0.3870397831706841,-0.1055144050332207,0.19504455410699673,0.8949997421714032,1720697291726408714
0.29532179010199233,0.007057818470198155,0.42865247524977007,0.3666917538178827,-0.15925488311512176,0.2129065700134814,0.891541267878862,1720697291751420311
0.2908590370286932,-0.008431380798476853,0.4494722462941878,0.3416476792412511,-0.20912833040787465,0.22965030626124944,0.8870191325580279,1720697291776419564
0.284454726144745,-0.023113732554225268,0.4702174558859744,0.3114963013156641,-0.25637962193714986,0.24601762636028196,0.8813142863031767,1720697291801390757
0.2762767628318289,-0.03680668035294517,0.49064885736431957,0.27667071937852755,-0.3002771975977476,0.2618937891015008,0.8744704459679984,1720697291826407695
0.2663554136526342,-0.04925333260286391,0.5108472104613845,0.2372577085237684,-0.3407059824651338,0.277380100809075,0.8664228141811975,1720697291851420320
0.25498981381887065,-0.060241488290740657,0.5305528032526127,0.19388120399933406,-0.37684744377456986,0.29238632227807815,0.8572667737647603,1720697291876421386
0.24235776871003553,-0.06964192368731877,0.5497816788348537,0.14699885712428276,-0.4084872917963213,0.3068874485314128,0.8469649121297418,1720697291901416863
0.22861232789371017,-0.07732160270606472,0.5684887513091682,0.0969971929895126,-0.435271821765106,0.320699107005606,0.8356327354138586,1720697291926408599
0.2139687208781235,-0.08314166848315549,0.5866450890353686,0.04432486521201238,-0.45702105597166315,0.3340156976189509,0.823164974028055,1720697291951418962
0.19869533857578742,-0.08698672377261005,0.6041715236300876,-0.010547320416728892,-0.4734017868107749,0.34682844906135873,0.8096230784742274,1720697291976408696
0.18297722518345502,-0.08882743820230436,0.6209944529274509,-0.06715174569783575,-0.484269165149582,0.3590571703186509,0.7950169603082838,1720697292001407815
0.16710636922434902,-0.08866887510914978,0.6371374754022872,-0.12490121096390953,-0.48947563613162287,0.3705780209475311,0.779413381668485,1720697292026407014
0.15131743086795837,-0.08640170568870906,0.6525948007597286,-0.18311816087745839,-0.48896148680079665,0.3814856149421622,0.7627929792378872,1720697292051408363
0.13581857328590385,-0.0820754610194291,0.6672756108773107,-0.24144293798999447,-0.4826979439614743,0.39175129543777193,0.7451435600694356,1720697292076417200
0.12085475948726973,-0.07573053913510758,0.6811620559083834,-0.2992837808143119,-0.470678256116383,0.40129356675718386,0.7265360769019176,1720697292101415285
0.10676893855507616,-0.06761004406635567,0.6941900601978075,-0.3558099235285802,-0.45292136956006107,0.4100283794767685,0.7072045385445992,1720697292126407872
0.09366080560319977,-0.05757614793685776,0.7063343042627844,-0.41084598204931183,-0.4296557808673689,0.41809342064010224,0.6868765395750873,1720697292151410431
0.08170262523676226,-0.04570746163018562,0.7175980429036254,-0.4639663783126985,-0.4009592834334598,0.425472034178657,0.6655376780887766,1720697292176419525
0.07118335528529884,-0.032261043803093775,0.7279557249115206,-0.5144466861551062,-0.3670869910749092,0.4320954067412553,0.6433391854696154,1720697292201408658
0.062333592715382344,-0.017526892406425448,0.7373434018396008,-0.5616746847848059,-0.32834933180685255,0.4379203335120415,0.6204305329934888,1720697292226408438
0.055216952779927525,-0.0014579072452774629,0.7457631347345857,-0.6055167502273803,-0.2848637152917275,0.44300223085491974,0.5966164197889885,1720697292251419087
0.04999267106132066,0.015752371086455632,0.7533044437721249,-0.6453926010485509,-0.23705305491338133,0.4472547427609124,0.5720467067870328,1720697292276421594
0.04685680266868546,0.03360142259762619,0.7597934607276672,-0.6807163592852389,-0.18548252276339428,0.45073263391265733,0.5468652161885367,1720697292301422253
0.04586339842993658,0.05195701908808259,0.7652895063473399,-0.7112871912000429,-0.13046874071343795,0.4534059920118672,0.5210292177403665,1720697292326407957
0.04703823661088587,0.07087789337913379,0.7698257292539334,0.7369341234667044,0.0724037963978029,-0.45529588245899405,-0.49435963362053703,1720697292351421539
0.05047272949023693,0.08985445149806102,0.7733262936883538,0.7571854340748265,0.01149456109160614,-0.4565964745772106,-0.4669665436558499,1720697292376407712
0.05618715819024217,0.10867032648069308,0.7758653768825522,0.7719133143810301,-0.0510561716005724,-0.4567773054272402,-0.4392010879647449,1720697292401408364
0.06434950716886367,0.1273154700646186,0.7774817681519497,0.7809627545583231,-0.11647274624561678,-0.4561396448399541,-0.4104484130557223,1720697292426917441
0.07437152180132017,0.14466870598351175,0.7780356883738205,0.7840237978570048,-0.18020350459185935,-0.45465982069567307,-0.3822536183892424,1720697292451407954
0.08673722611459274,0.1615757512348696,0.7776893676306909,0.7812951623356528,-0.24559298084971792,-0.4523738045781643,-0.35301543592275525,1720697292476407155
0.10113916187148012,0.1773494711201932,0.7763583146965926,0.7726872379870364,-0.31063966624666195,-0.44927254864944804,-0.3234371763359256,1720697292501367869
0.11757587442656935,0.19187382296987027,0.774133229996903,0.7581626723038933,-0.37524698038162635,-0.44531971547372357,-0.2933758971863442,1720697292526407767
0.1354998803008147,0.2045983232210291,0.7710691665223927,0.7382699608874074,-0.43739102428167564,-0.44063687323371437,-0.2636014087138921,1720697292551416241
0.15159932208747767,0.2140594361839318,0.7678394388503691,0.7178771933659133,-0.4872999530283149,-0.4361012898639109,-0.2387608761977438,1720697292576394768
0.1594885873549627,0.21790469096859455,0.7662021947986581,0.7068381895849795,-0.5105150943266072,-0.43390282584435114,-0.22689744364626657,1720697292601417699
0.1594806856948368,0.2176141061663503,0.766372810764205,0.7062057740743596,-0.5113987201705638,-0.43413019951564297,-0.2264414351227529,1720697292626495062
0.1563825076386221,0.21602325986432447,0.7670974614930369,0.710390164740062,-0.5027369530266115,-0.43505072096786407,-0.23093774071694761,1720697292651407881
0.15459177903910698,0.21517353559645486,0.7674726582104938,0.7131464875075085,-0.4971069918042799,-0.43541965445521663,-0.23391547740391666,1720697292676417173
0.1543006910612501,0.21539821072826681,0.7674073343273979,0.7140937994897476,-0.49550847609102167,-0.4353472380379735,-0.23455101360888986,1720697292701417312
0.1542962851821256,0.21552358901909327,0.7673712306959273,0.7142498133029178,-0.495316660870898,-0.4353174718932495,-0.2345363688746817,1720697292726408076
0.15428214872101143,0.2154432563757557,0.7673899911162269,0.7142796366692719,-0.4953055325180473,-0.4352141713509108,-0.23466072349664005,1720697292751417800
0.15236060178743904,0.21359563556216737,0.7685151121472631,0.7174201829598218,-0.49187624769444005,-0.43134436906859763,-0.23939104684333365,1720697292776407990
0.14520335217233216,0.2051861655095507,0.7728198401429046,0.7269124206183987,-0.47909648467118254,-0.42030276917547554,-0.2557547132504945,1720697292801407358
0.13416745296605376,0.1887030486720303,0.780078423454865,0.7393450636289033,-0.4582912185510505,-0.4043359373681366,-0.28257828232048665,1720697292826408345
0.1236960415042355,0.1694686063182198,0.7873858295035105,0.7504947254672807,-0.43589296006172634,-0.38663790580189455,-0.31187517408659254,1720697292851408455
0.11561642070022508,0.15221975736067803,0.7933453332299301,0.7597993407211414,-0.41491556415360875,-0.3688162299056186,-0.33841487115819446,1720697292876415909
0.1092068247039241,0.1357423714274816,0.7985019114746493,0.7673281010164378,-0.39471953209933575,-0.35149777589855263,-0.36311622093781465,1720697292901407429
0.1039122434886666,0.11786299484499918,0.8033440023260705,0.7726631522700189,-0.3746911760098096,-0.3346836586969524,-0.3880528628238237,1720697292926408678
0.09981757981462025,0.0991191070959581,0.8076660824792468,0.7762589912755653,-0.35476007253037506,-0.31817654714418736,-0.4127117083988382,1720697292951407712
0.09719483605121551,0.08045585714353955,0.811377740906665,0.7783023229556317,-0.3357031943040247,-0.30157381066952066,-0.4365799996955953,1720697292976408190
0.0958870984485731,0.06138635992594579,0.814554447633656,0.7787872965092588,-0.3170815632680336,-0.2852106630048629,-0.46000489860394567,1720697293001423252
0.09593445259736169,0.04187820059306938,0.8171699114566604,0.7776912545576982,-0.2991900081755638,-0.26906170961264436,-0.482998393385217,1720697293026407832
0.09735059797860784,0.022140660764369872,0.8191683257325709,-0.7752443525848767,0.2819841030182539,0.25313052672708647,0.5053771817851638,1720697293051407107
0.1001872804233957,0.0022903940525028643,0.820557086867628,-0.7714242851482389,0.26577691669344927,0.23735590398579767,0.5271900773720389,1720697293076416356
0.10443013347420808,-0.017492697399898817,0.8212773125377395,-0.7664319923737136,0.250622909974122,0.22173627344335747,0.5482729093267473,1720697293101416144
0.1100664285326063,-0.037270853271051015,0.8213326983651226,-0.7603075680667102,0.2365435343542175,0.20647358810051683,0.5686371564649978,1720697293126407977
0.11710337681902679,-0.05690479538979094,0.8206806312824088,-0.7532230063313843,0.22356115247973235,0.19141831621275424,0.5882470076875187,1720697293151418924
0.12551747091523363,-0.07628610326490307,0.8193222386242406,-0.7452448844398359,0.21180907679166025,0.17672091488472425,0.6070557597512986,1720697293176408342
0.13528154384346935,-0.09530990825715854,0.8172415831620018,-0.7365292400933146,0.2012902405496155,0.16236788015522927,0.6250148710558329,1720697293201407408
0.1463475292028142,-0.11393712155520108,0.8143879954732897,-0.7272401927697183,0.19185842179581938,0.14848037647842408,0.642079142946651,1720697293226375310
0.1588478833061144,-0.13222980852128038,0.8107154823821942,-0.7172836046726544,0.18388098422748647,0.134754766920748,0.658432355598864,1720697293251408419
0.17263184368621914,-0.14992866040513766,0.8062378808509072,-0.7069087378742892,0.17732044526352245,0.12145213646627603,0.6738596846201015,1720697293276416860
0.18764929361010413,-0.16681565364607187,0.8009648028285388,-0.69635009049248,0.17218415105363669,0.10840222499497006,0.6882573117760488,1720697293301419148
0.20388577517568865,-0.18300916765514985,0.7948324926290914,-0.6856297778535625,0.1684282886182545,0.09581551738872203,0.7016859026239104,1720697293326408010
0.22128082185716566,-0.19836542209925836,0.7878275235804926,-0.6748848875421973,0.16598857796214245,0.08366617916787278,0.7141275453423644,1720697293351407745
0.2397129183331083,-0.21266648735430527,0.7800002446431187,-0.6643858198933486,0.16465870654914272,0.07180967796536519,0.725480780470935,1720697293376407470
0.2591464523314235,-0.2259527294096849,0.7713172338877369,-0.6541189781483467,0.16475296364474706,0.06040544391251672,0.7357553980380757,1720697293401407760
0.2796305643566021,-0.23825537190025148,0.7616749496719257,-0.6440916922369561,0.16623891107768915,0.049626647768952356,0.7450152429757761,1720697293426407696
0.301061966527249,-0.24953922770436404,0.7510327672381405,-0.6344448803431864,0.16891489476460136,0.0393249883336201,0.7532602454832886,1720697293451407924
0.32328850085404337,-0.2595651997360664,0.7394417776372708,-0.6254381390572084,0.172766057842966,0.029576130331105788,0.760331688136628,1720697293476418666
0.34610072124139507,-0.2681346433273544,0.7270535761120969,-0.6172256707483703,0.17757512236657813,0.02030433483784616,0.7662162105257965,1720697293501418466
0.36568265870768635,-0.27477760017006814,0.7156238207498059,-0.6103660916060509,0.18258171280314106,0.013700192143611735,0.7706681887184998,1720697293526416689
0.37360114938451666,-0.2773160649499205,0.7108422923060793,-0.6079509187820119,0.18485886316886174,0.010563904009506075,0.7720824340652374,1720697293551417192
0.37223040707128585,-0.27569475897350343,0.712533561749402,-0.6095457545371886,0.18409841874748925,0.008850047348245575,0.7710275105353229,1720697293576409076
0.3697815149918695,-0.2737995051989741,0.7146607674875156,-0.611038480072701,0.18297800211728102,0.008898772431472622,0.7701115753323181,1720697293601405960
0.36944423105042307,-0.2745274482742694,0.7143539317882918,-0.6104555684284029,0.18320924753231205,0.010124376252229231,0.770503645415713,1720697293626774829
0.3696324881197882,-0.27550059497185586,0.7136520588177903,-0.6096978334468687,0.18367175253891072,0.010945898212073486,0.7709821181595655,1720697293651408147
0.3693733289067776,-0.27517584174733206,0.713967426676906,-0.6099816977102784,0.18343204329102222,0.010861839011803322,0.7708158239202466,1720697293676384612
0.36936770309700767,-0.2750987431195663,0.7139915705224853,-0.6100261063056808,0.1833792062429925,0.0109362159096164,0.7707921999636469,1720697293701407922
0.36944293284583574,-0.27541784400876274,0.7137835251199348,-0.6097881556156379,0.18354923470583065,0.011112985995937859,0.770937471687579,1720697293726367339
0.36935653359996456,-0.2753345906021704,0.713871668936144,-0.6098479962913779,0.18349586330396417,0.011155761395875369,0.7709022237335957,1720697293751423350
0.3692461181648387,-0.27520054177059466,0.7140000067908379,-0.6099359645838647,0.18344342182875625,0.01121002373813524,0.7708443198614737,1720697293776417897
0.36924318428169506,-0.27532033844665155,0.7139300184903782,-0.6098740299067377,0.18347950538586336,0.011227857819925798,0.7708844751047008,1720697293801420571
0.36921242451280206,-0.27531102201067614,0.713948950871357,-0.6098730863027071,0.18347671624141834,0.011249147218233169,0.7708855750938263,1720697293826407749
0.36910628978439297,-0.2752681485436234,0.7140261782968967,-0.6099325232058279,0.18341368865428762,0.011201025671649642,0.7708542488524683,1720697293851407338
0.36903775697956925,-0.2753049847238779,0.7140420156928826,-0.6099368494365857,0.18340342316339872,0.011154299484773372,0.770853945747392,1720697293876419495
0.3690273798008967,-0.2752976003849437,0.7140535049372956,-0.6099373342786282,0.18341031120859874,0.01114808971645998,0.7708520130940307,1720697293901407676
0.3690061107060523,-0.2752756088415208,0.7140734032158385,-0.609953977439737,0.18339856751517067,0.011133514525610623,0.7708418486908559,1720697293926408857
0.3690194092111252,-0.27528509961396785,0.7140588719102297,-0.6099449236351364,0.18338532392436027,0.011155787172674283,0.7708518414802179,1720697293951408533
0.3690187621260944,-0.2752853225563199,0.7140636311028978,-0.6099498743562981,0.1833921188156699,0.01114213966491961,0.7708465049883295,1720697293976417087
0.3689965726444142,-0.2752668386331073,0.7140921000806941,-0.6099666696436834,0.18338792680121443,0.011124599456108891,0.7708344657021293,1720697294001416104
0.3690031945476141,-0.27525079646256245,0.7140879090861194,-0.6099707673690481,0.18338223354760136,0.011133613564628497,0.7708324474380287,1720697294026407373
0.36899037222303815,-0.2752710313875041,0.7140864002624013,-0.6099634942156119,0.18340770432932219,0.011112870637918947,0.7708324421189822,1720697294051407271
0.36900710395440234,-0.2752690447906889,0.7140717475644718,-0.6099599461181973,0.1834133066277705,0.011109504532949557,0.7708339652560632,1720697294076407513
0.3689986906655907,-0.27525895075755946,0.7140872823313728,-0.6099707751405803,0.1834302432484776,0.011092498266732193,0.7708216108921743,1720697294101407978
0.3689819169642031,-0.2752416307749932,0.7141097512961928,-0.609974959045815,0.18343831826258314,0.01107937383799174,0.7708165671581076,1720697294126408057
0.36901597703730266,-0.27528099787817756,0.7140707002436639,-0.609960094166342,0.18346709647019546,0.011067621713420244,0.7708216497913067,1720697294151408055
0.3689993574016456,-0.2752461817794897,0.7140985082359943,-0.6099826959899164,0.18343711364988752,0.011055895968262786,0.7708110683513896,1720697294176419422
0.36901820968568627,-0.27528458557243274,0.714079236129725,-0.6099469282762815,0.18346600845479352,0.011072265501090578,0.7708322601997581,1720697294201408144
0.36900451097437087,-0.2752505899944913,0.7140933064861011,-0.6099843852508113,0.1834517902544249,0.011046619211479316,0.7708063716697163,1720697294226406997
0.36900465651470743,-0.2752508244879343,0.714103509497305,-0.6099783146554526,0.18345216034386047,0.011055765825846766,0.7708109564330726,1720697294251416058
0.3690229145827866,-0.2752690343417809,0.7140779947631479,-0.6099544850435535,0.18347164921624903,0.011080616787720817,0.7708248179974013,1720697294276407757
0.36902329859854366,-0.27526527393480715,0.7140771920777313,-0.6099516744161297,0.1834654094243355,0.011078765483974287,0.7708285538153552,1720697294301406543
0.36901547168393956,-0.2752646020687206,0.7140828257075984,-0.6099686823196095,0.18345653817368662,0.011063075783429025,0.7708174320452387,1720697294326406708
0.3690224267755233,-0.27525752123230934,0.7140817974533193,-0.6099643995476917,0.18346415061292246,0.011084651438528215,0.770818699323511,1720697294351407211
0.3690186069557177,-0.27524568740407784,0.7140846748730836,-0.6099697750232078,0.18344631359938682,0.01107879923011934,0.7708187749351669,1720697294376407940
0.3690192714805612,-0.2752471726987221,0.7140883339963432,-0.6099736697972679,0.1834357576532995,0.011068560554713221,0.7708183521008436,1720697294401409588
0.3690196568831476,-0.2752548239146643,0.7140801618688946,-0.6099617556122037,0.183457665101842,0.011082431701594897,0.7708223670298094,1720697294426406946
0.3690208697959918,-0.2752561223474453,0.7140841520268747,-0.6099594529394201,0.1834540841687358,0.011083177773780355,0.7708250306924967,1720697294451407210
0.36902912360862244,-0.2752519742841087,0.7140796718569683,-0.609962717026072,0.18344770338129873,0.011081977407279784,0.770823983629884,1720697294476416586
0.3690246293119372,-0.27523896695644157,0.7140864516863163,-0.6099653606574031,0.1834466752562608,0.011080936784144783,0.7708221513264223,1720697294501417195
0.3690284537368204,-0.2752306332824298,0.7140936393395184,-0.6099708458870948,0.18343442717674116,0.011089537177084172,0.7708206018648702,1720697294526407721
0.36904062505697877,-0.2752327664907323,0.7140875197366656,-0.6099700971709893,0.1834466318971804,0.011095189572026825,0.7708182085103822,1720697294551408141
0.36904032949482407,-0.275233692798322,0.7140823534138868,-0.6099652622587152,0.1834557834189649,0.011095560277006969,0.770819851138987,1720697294576408771
0.3690263785426624,-0.2752285821996819,0.7140892680176797,-0.6099785498546577,0.18344841088135308,0.011073973989020823,0.770811401292434,1720697294601423761
0.3689292398640422,-0.2733924812847735,0.714373744731273,-0.6096229020553842,0.1795256901396401,0.013362308088607272,0.771979204766555,1720697294626410692
0.36889219011911956,-0.2637091854305381,0.7154622073312082,-0.6081079039883144,0.16034486035704887,0.022951289300868417,0.7771534862454426,1720697294651411017
0.36688095927009495,-0.24498628030649944,0.7190946033296663,-0.6058262614750729,0.1269780128307106,0.03758852180447086,0.7844987114031835,1720697294676416608
0.3634668278470048,-0.22474321977179282,0.7229071962498416,-0.6005521135585288,0.08967675699941079,0.05329417402022987,0.7927515179234627,1720697294701417236
0.3605289269050392,-0.20745398757230527,0.7246729457411174,-0.590956162148124,0.05418289739382206,0.06886581263977369,0.8019305006661328,1720697294726407021
0.35734068781476624,-0.1916404370121516,0.7256828305525463,-0.5786720536160018,0.020248211562110804,0.08361886596338311,0.8110095865940014,1720697294751408945
0.3528373734493999,-0.17546813866461153,0.7271790692973198,-0.565264574248867,-0.013282812112102811,0.09702123290690128,0.8190765583062835,1720697294776420947
0.3478078136235218,-0.1597900757102993,0.7283348830671096,-0.5496079597253021,-0.04596083362906071,0.10985563750734029,0.8268920312148186,1720697294801416879
0.34261721386481037,-0.1452639936481599,0.7287693770120744,-0.5314896763834606,-0.07719360904008868,0.1220542054159756,0.8346631904914971,1720697294826406918
0.3368594153081944,-0.1312288815232924,0.7288389875823014,-0.5111276986899637,-0.10756445909035521,0.13355001602721256,0.8422248844528593,1720697294851406710
0.33067232951439307,-0.11771463717013836,0.7284467046489649,-0.48879542569446516,-0.13666435706292754,0.14426503978976707,0.8494642332807192,1720697294876408295
0.3242532174738422,-0.10485477984546536,0.7276571028855603,-0.4647704631339181,-0.1639993701690908,0.15400342511879297,0.8563734980918694,1720697294901407820
0.3173129786847216,-0.09273380812087362,0.7264589337065068,-0.43841875889326554,-0.190712578494979,0.16340813069399246,0.8629689954322695,1720697294926406785
0.31022769948737844,-0.08129861769031838,0.7247520804521572,-0.41036823012519025,-0.21547666182080413,0.17197478670507763,0.8692481789755011,1720697294951407097
0.30288891433990295,-0.07048382332669045,0.7225463530608179,-0.3806051503012513,-0.23852357564497148,0.17976499329570847,0.8751747086217091,1720697294976407165
0.2954328056209233,-0.060372699340317144,0.719811321044705,-0.3492760940518747,-0.25975506879163834,0.18684833783637506,0.8806935976880387,1720697295001417194
0.28784033453470986,-0.05084115173226926,0.7165704141875916,-0.31656849146024757,-0.2790259669925575,0.19311386777929096,0.8857967791936104,1720697295026408135
0.2802178396976876,-0.04195747980572941,0.7127546919069557,-0.28245055387301976,-0.29623026214840337,0.19856382539767004,0.8905289010738261,1720697295051408373
0.27248360350364487,-0.0336510213165721,0.7084407553295676,-0.24721390887965802,-0.31138086578774615,0.20318149374559083,0.8947874162487,1720697295076415398
0.2646841491508861,-0.02587121056892787,0.7036027848124933,-0.2108179016045201,-0.32444714861282864,0.2070784125375919,0.8985590638244004,1720697295101407575
0.2568778531554354,-0.018637192235018134,0.6981701285544731,-0.1734321882950702,-0.33523406892879737,0.21023868815235372,0.9018531416459129,1720697295126416024
0.24914917835323636,-0.011964827517844653,0.6921733550678346,-0.13544364526966,-0.343653097377964,0.21266465269799892,0.904616666390487,1720697295151417981
0.24141175479133495,-0.005790183589408852,0.6856343071659468,-0.0968700462289122,-0.34982098253984784,0.21428507227178756,0.9068204795437401,1720697295176407709
0.23380149189537686,-0.00011890170022445246,0.6784945264628162,-0.057786330536423736,-0.35360088863888983,0.21508153437571523,0.908497157468041,1720697295201408319
0.2262734583354726,0.0051148553839565625,0.6707393559711301,-0.018420160942454647,-0.355059421366263,0.2151197238865161,0.9095696836223697,1720697295226407980
0.21883030739236403,0.009963628061891973,0.6624761155126595,0.02107938470945129,-0.35409355330920594,0.21433398980891327,0.9100738189057656,1720697295251418292
0.2114756687270872,0.014391538250300984,0.653625100718851,0.06051651421086224,-0.3507714162940938,0.21279853163330364,0.9099527185263595,1720697295276411884
0.2042930543257169,0.018440688991803986,0.6442037523723894,0.09978560264879294,-0.34501495252420916,0.2104598291082343,0.9092382396107567,1720697295301407525
0.1972235279433193,0.02211595873649127,0.6342271294772471,0.1387449251516114,-0.3369802131689713,0.2073146931498994,0.9078627647841008,1720697295326408231
0.19019647075812973,0.025542011324292287,0.6236904815221986,0.17731052107801107,-0.32663556090428225,0.20362599231078757,0.9057630179706148,1720697295351418707
0.18338606936449584,0.028626082347395575,0.6125859141736488,0.2151477978214796,-0.31395033654007254,0.19913042813670914,0.9030468890755529,1720697295376409681
0.1766408030803055,0.031444934657264896,0.6010085908810948,0.25212726850410966,-0.2991417578128914,0.19393960536024257,0.8996296341728541,1720697295401409541
0.1700989206732367,0.03408316464921487,0.5887637895629597,0.28832659798465443,-0.2819220867088651,0.18812434386651336,0.8955428192806352,1720697295426416858
0.16363874696268696,0.03644081997831467,0.5761248258438358,0.32330996941603496,-0.2628740355552006,0.18159495131368247,0.8907250859634004,1720697295451407370
0.15778063314001786,0.038468397172443276,0.5643192340510867,0.3536169409837379,-0.2438851776749485,0.1752206010017664,0.885874043046946,1720697295476420058
0.15474413665555245,0.039357998048109424,0.5589193575619216,0.3679766967091215,-0.2347888950038046,0.1719698037668851,0.8831159108827757,1720697295501418900
0.15494160261918177,0.03929666212458165,0.5579575366971707,0.3702377745658476,-0.23306438591492823,0.1708080904114016,0.8828530900170404,1720697295526407084
0.15552400032043862,0.03915103806572438,0.5584035865806127,0.36859785173459286,-0.23393234398889023,0.1709577374342715,0.8832806655553269,1720697295551407336
0.15572088468147885,0.03907802190925211,0.5590827402092057,0.3667105730791793,-0.23526282355422873,0.17156484893176366,0.8835950781077567,1720697295576407513
0.15582975762643642,0.039061974462412906,0.5593866513096333,0.36579419800346097,-0.23582986299280193,0.17191325571020474,0.8837560256874737,1720697295601407717
0.15581230239863023,0.03907018861497979,0.5594918822333781,0.3654956596971158,-0.23600632114494102,0.17204835705022997,0.8838061450106113,1720697295626369897
0.15581531270374502,0.03907267293962762,0.5595138114196911,0.36546052812968516,-0.23603211388621048,0.17209023079065783,0.883805632512034,1720697295651423702
0.15548765317169044,0.038638161172032,0.5603668396744783,0.3639748197991044,-0.23897391429200107,0.17344530705189953,0.8833631893518323,1720697295676415284
0.15356662478707012,0.035988942999666686,0.5652020934364096,0.3557842671181318,-0.25504317724890296,0.17918006172761122,0.8810590437021164,1720697295701421074
0.14931147933740405,0.03044928594657654,0.5753302291022571,0.3367513388748009,-0.2882172920349459,0.19052994850839072,0.8759153309877968,1720697295726408063
0.14281976102361474,0.023642371708503668,0.5888193139963205,0.30700901022263183,-0.33114759690848233,0.20595396377093078,0.868141521591324,1720697295751408066
0.13526058568494678,0.01764852658858622,0.6024030978633803,0.2715163944964897,-0.37276689412073566,0.22229105391828718,0.8590170996639729,1720697295776406893
0.12763443157481125,0.013023791202602233,0.6146351618848188,0.23436211013382893,-0.40856345059807486,0.2375761535719355,0.8495339189361291,1720697295801407816
0.11985964007895575,0.009534714957770234,0.6260421365770239,0.19558703469299693,-0.4395787236973297,0.25174699432576453,0.8397259721960317,1720697295826407260
0.11185691633287388,0.007055896604125669,0.6369551075572495,0.15473857521819687,-0.4667205746542813,0.26519946139652767,0.8293956379248757,1720697295851375367
0.1036119125717622,0.005547412397633407,0.6475045985901652,0.11132500409514018,-0.49031115087226756,0.2783066279841455,0.8183808035466276,1720697295876421585
0.09520979715816949,0.0050389140910304595,0.6576821756893853,0.06564307446926501,-0.5102044117542637,0.2909446346507538,0.8066806459613666,1720697295901417295
0.08682462483156825,0.005530115651998402,0.6674662348568192,0.018110134428815677,-0.5260831521616398,0.30319464738124274,0.7943434684328984,1720697295926417557
0.07853023280413951,0.007030208465592089,0.6768245504135493,-0.030946945165917936,-0.5377937332472015,0.3151492613643413,0.7813457174173579,1720697295951407812
0.07039196758647362,0.009549661114245118,0.6858101008323564,-0.08119742099756935,-0.5453232460606633,0.3266339825117965,0.767684686311827,1720697295976416892
0.06258100921537206,0.013011751951559746,0.6942926273237305,-0.13208235525269751,-0.5485297911594653,0.33750154334998106,0.7534998526063788,1720697296001407571
0.055127993976966355,0.01746534757938225,0.702450973053812,-0.18364522612863937,-0.5473311402514441,0.34796226393802393,0.7386645495123885,1720697296026407136
0.04810483215977458,0.022897713723360507,0.7102685711952316,-0.23538204945110688,-0.5417392015676443,0.3581510884276339,0.723077953016927,1720697296051407437
0.0417515264567956,0.029119841131108427,0.7174946556173472,-0.2866499393910251,-0.5316289275083885,0.3677782701521056,0.7070655130094575,1720697296076407366
0.03609915620948833,0.03610570449533759,0.7242643787521181,-0.33724956103697223,-0.5171365780331012,0.3768839309380788,0.6905005400731019,1720697296101408744
0.03121365112937001,0.04380556024933874,0.7305995033555576,-0.38671202769694646,-0.4983622563735585,0.3854064573318272,0.6734617522203485,1720697296126409108
0.027091885466820037,0.05226698697083204,0.7365203557335862,-0.4350018887433895,-0.47531089785403513,0.39345028278092403,0.6557818098655113,1720697296151417917
0.023906713447753643,0.06127280796486033,0.741961197740111,-0.4814977462913882,-0.44808294067393584,0.40096475884113364,0.6376588905996556,1720697296176406841
0.021674871813326203,0.07078215702508449,0.7469729668704497,-0.5258822437180455,-0.41692252689301634,0.4079576533990205,0.6190266757938474,1720697296201407375
0.020458353162991653,0.08071908161018013,0.7515465755988282,-0.5678961318890635,-0.38192988296092045,0.41435889960713357,0.5999418723536992,1720697296226407849
0.020293786093569313,0.09097446770857094,0.755686776879307,-0.607207826662628,-0.34332256108595016,0.42027175737551564,0.5803446598716385,1720697296251407737
0.02118059697376861,0.10144845391480543,0.7593736777731857,-0.6434099165323295,-0.30149716135287447,0.42572754252691647,0.5602492307339763,1720697296276407403
0.023168784317910425,0.11207017030371588,0.7626285929941772,-0.6763238809767086,-0.25664342519478517,0.4305286063168326,0.5397826224210795,1720697296301407679
0.026315381490140267,0.12284070571295613,0.7655052153030786,-0.7058539183144683,-0.2088067242843468,0.43455648037977196,0.5189707730245486,1720697296326407854
0.030624932948812654,0.1335046798161188,0.7679193259508885,0.7316262898137363,0.15836613352265175,-0.4380370271181488,-0.49776169266021925,1720697296351407073
0.0361015691603194,0.14383610720454412,0.7698806953452815,0.7533643475356292,0.10570143915244483,-0.44096754418623246,-0.4762530741083786,1720697296376396554
0.04272133700298948,0.15388380201053475,0.7714522895116307,0.77098347046445,0.05099626354985588,-0.443318658506262,-0.45437037358828125,1720697296401415965
0.050456713098603806,0.16350611578090915,0.7726139433912691,0.7842503278481425,-0.005239359739785274,-0.4450636017564557,-0.43225266080287933,1720697296426417431
0.0592774141929937,0.17263995592132575,0.7733751635775701,0.7931149920942238,-0.06269756419879942,-0.44617928882291163,-0.4098312664797522,1720697296451407572
0.06912992778984157,0.18114298679884105,0.7737205031274383,0.7974832510081812,-0.12108994874189534,-0.44672190288932795,-0.38703647134868974,1720697296476407180
0.08000429036719445,0.18897403629047094,0.7737202340764788,0.7972742295728814,-0.18013300428563211,-0.4466179649474324,-0.36392072902242734,1720697296501408166
0.09180967476653976,0.19595009210761227,0.7733132247144721,0.7924080599762889,-0.2391890592954642,-0.4458861372784318,-0.34068110159045306,1720697296526408675
0.10447035292906272,0.20210719958786322,0.7725736268924523,0.7829015562954403,-0.29792484983641304,-0.444603901767864,-0.31722753274726917,1720697296551407983
0.11792090515381765,0.20723278735613707,0.7714959820954944,0.7687956983708604,-0.3560390182717766,-0.4426728591728341,-0.2936496745890907,1720697296576399373
0.13212060584978194,0.21137615304517493,0.7700646460363907,0.7501779364057081,-0.41321012261655893,-0.4400751836358462,-0.269859761811868,1720697296601407524
0.14642008957784283,0.21434100131362066,0.7683816493287782,0.7280505455271428,-0.466901828926461,-0.43699887822194017,-0.24693534727843539,1720697296626417199
0.15607353774621896,0.2157076280590855,0.7670805120171543,0.7113047132968826,-0.5012074904047604,-0.4347508624289063,-0.23200936192559926,1720697296651417820
0.15894293972755036,0.2156686207847722,0.7668017982263959,0.705296805147206,-0.5122271852040844,-0.43431469485667723,-0.22704729291184297,1720697296676420101
0.15718784186480275,0.21555255230067727,0.767013465524819,0.7081812793434357,-0.5067019934729018,-0.434919138050966,-0.22929829645046837,1720697296701407273
0.1551180160952441,0.215407815260855,0.7673037538094261,0.7120524505740979,-0.4992873387854357,-0.4353977630434321,-0.23264188981512962,1720697296726407669
0.15430753354698937,0.21531355454622492,0.7674126102488544,0.7137943236123009,-0.495954148268299,-0.4354594498231209,-0.23431221469242441,1720697296751389446
0.15420041522466527,0.21537661004114633,0.767407374386079,0.7142313388667632,-0.4952113205084396,-0.43539320049814884,-0.234674462992583,1720697296776412812
0.15417570414719123,0.2153509636512346,0.7674159045408115,0.7142614179398641,-0.49516874103963365,-0.43538813170283236,-0.2346821670090768,1720697296801419877
0.15363233800268267,0.21502270733579965,0.7681454017703953,0.7147195438901938,-0.4935153171091975,-0.4354051373567368,-0.2367297440613716,1720697296826415182
0.1498455372209525,0.2121291448027809,0.7724841698624533,0.7172643446574619,-0.4833716380265981,-0.4362458794343463,-0.24813958191134886,1720697296851417156
0.14106532428385646,0.20409282226050524,0.7823302245236136,0.7217772138687916,-0.4600590114504709,-0.4385889493486364,-0.2739034374232631,1720697296876407799
0.12887581636339512,0.1909969931037268,0.7963571781272447,0.7254620788987578,-0.4256268270398209,-0.4422691240039673,-0.3113592750130791,1720697296901417598
0.11628153268605038,0.17471944137947854,0.811318248075543,0.7255601735351817,-0.3867265540867138,-0.4468746520521176,-0.3525734707789454,1720697296926407682
0.10534781005246405,0.1579721995919146,0.8250975239288267,0.7216380586870206,-0.34877561281305086,-0.45174700673151585,-0.39181465780445834,1720697296951417872
0.09591465409105898,0.14037163021185148,0.8376677780489049,0.7140469763157272,-0.3119954134517148,-0.45717541253034677,-0.42870318377307176,1720697296976416747
0.08810824993307714,0.12206600120592115,0.8487513573882766,0.7033216982714307,-0.27748100606086107,-0.4629325598124125,-0.4626406003385026,1720697297001408042
0.08182862814924786,0.10336015645089035,0.8586600155279521,0.689786091625689,-0.24473971984406845,-0.4689304353828392,-0.4943701691061714,1720697297026416518
0.07674652262781703,0.08329653960405277,0.8677230025321521,-0.673134723518438,0.21227184672313437,0.4755953097768299,0.5250137221071348,1720697297051417315
0.07309322838245283,0.06216240116187295,0.8757557881330871,-0.6536066438753465,0.18079991226990064,0.4826386599409269,0.554228897420216,1720697297076418660
0.07096837171946482,0.04016800836252019,0.8828825825454116,-0.6307910876526353,0.15000906572715686,0.49021055971721295,0.5824890480338731,1720697297101407724
0.07047243424891832,0.018612272424016096,0.8888897871386107,-0.6055825002929989,0.12071575824213751,0.4981199322608884,0.6087479561652047,1720697297126408288
0.07160623046881362,-0.0045705175256786565,0.8937851941923127,-0.5771764084144241,0.09248912847721266,0.5063800309658772,0.6339498552112373,1720697297151417834
0.07442626770955792,-0.02790066496500418,0.8974425512261441,-0.546395181460696,0.06588453817333638,0.5148784155507159,0.6572760078583452,1720697297176416954
0.07899146756935908,-0.05119294070317567,0.8998846752879583,-0.513098074708296,0.040814652345288666,0.5238248621506874,0.6787282546626348,1720697297201407802
0.08530782458513615,-0.07459019517409234,0.9010577076969024,-0.47741639933715496,0.017547752952860842,0.532830232649582,0.6984680387711695,1720697297226406870
0.09333471445163315,-0.09759296606021817,0.9009349973810877,-0.43973025929182236,-0.0038629858523818047,0.5419839829824822,0.7161534322991794,1720697297251416898
0.10305935686417256,-0.12013154293183112,0.8995173311157262,-0.40027168609065644,-0.023088322236155836,0.5511657832821635,0.7317552774182238,1720697297276415971
0.11447518242465585,-0.14207475076192433,0.8967733979078879,-0.359026862159422,-0.040295447900171796,0.5604018067565659,0.7452689475018133,1720697297301406847
0.1275183986123874,-0.1633563921600541,0.8926796565968849,-0.31611385021002164,-0.05535782001493881,0.569544736925289,0.7567207794882423,1720697297326408860
0.14208595321307632,-0.18359462712616506,0.8872823137167478,-0.2717750092419901,-0.0682761344516277,0.5785759720912835,0.7659807819615879,1720697297351408182
0.1580957222646054,-0.20275412994198022,0.8805603222092635,-0.2263015745133989,-0.0789545586529745,0.5874116936438342,0.7729820678457896,1720697297376407774
0.175423659738982,-0.22050705563048406,0.8726158121587493,-0.18004926214916434,-0.08723442783088535,0.5959348004948838,0.7777108275957605,1720697297401418348
0.1940030799635878,-0.23687413635683446,0.8634036662157956,-0.13298453063283244,-0.09324989346822286,0.6041099705272805,0.7801735162706169,1720697297426407259
0.21372428655753892,-0.2517829934880781,0.8529186746829762,-0.08507989206415742,-0.09704323814118346,0.6118355489700059,0.7803853425801873,1720697297451418443
0.23435543807713005,-0.2649034571955063,0.8413015137007446,-0.03685532135130988,-0.09847716405788333,0.6190656992495943,0.7782683299863995,1720697297476419234
0.2557442753163136,-0.2761711421804263,0.8286180777272381,0.011317470547077284,-0.09762966072535235,0.6257368474038622,0.7738176542365419,1720697297501420387
0.2777545850975073,-0.28554107556461067,0.8149013349062965,0.05943823150353719,-0.09449699183365871,0.6317483494592157,0.7670928484386216,1720697297526408015
0.3003316326847324,-0.2929815652208704,0.8001050580608304,0.10775886016002788,-0.08922320981235578,0.636988391055155,0.7580719204328549,1720697297551423619
0.32311335005609365,-0.2983205179272648,0.7844649027047719,0.15562639648549284,-0.08178987056317787,0.6413320310409908,0.7468494277637471,1720697297576407409
0.3459486810785605,-0.3015968226181674,0.7680413384794529,0.2027679821103444,-0.07224764223125849,0.6447533252872505,0.7334565925492497,1720697297601414955
0.3687341739324085,-0.3027473565044101,0.7509263529653667,0.24901263216773212,-0.060758258696849726,0.6472587238750944,0.7178838954793518,1720697297626407824
0.39132730931732435,-0.3019159590694125,0.7331014983719637,0.29440357909145,-0.04733439210084662,0.6486653755106175,0.700227976130815,1720697297651418571
0.41352378889370683,-0.2989968314614757,0.7147479823648741,0.33868849129160433,-0.03216043996253205,0.6489840810378465,0.6804964911941095,1720697297676419072
0.4350742663128258,-0.29403705804973096,0.6960230524356161,0.38160594865452174,-0.01531201797301568,0.6481396950429362,0.6588303102975198,1720697297701417581
0.4559241613341682,-0.28710568355827293,0.6769421835729686,0.4231627947828203,0.0030799850951012636,0.6460034310711581,0.6352978276743109,1720697297726407007
0.471411699761663,-0.2810632617898222,0.6618306690723829,0.45380965117542366,0.017741315152359414,0.6433226809371677,0.6163424165417467,1720697297751408774
0.4781234719143383,-0.277623856909473,0.655257096655019,0.467707742129665,0.02500521485994987,0.6417515313844996,0.6072719153290628,1720697297776407936
0.4777061005972585,-0.2771793179692066,0.6559258881665754,0.46731383309575686,0.0251334227697219,0.6418736868279064,0.6074407482340811,1720697297801408283
0.47253328404604994,-0.279630039970824,0.661199949046742,0.4568731017935142,0.019919519589874528,0.6429744001154669,0.6143729342940143,1720697297826362750
0.4690270157273855,-0.2810613390335901,0.6647501424069142,0.44973464312434963,0.016449341795378318,0.6437738400061349,0.6188888533913567,1720697297851418662
0.46892916264543666,-0.2814740155351065,0.6648136201409087,0.44861022772220593,0.015831174540796987,0.6440786419679957,0.6194036974835976,1720697297876417535
0.46939491853195886,-0.2820823003676632,0.6640156155820165,0.44918329552464037,0.01571796846821859,0.6437781692035399,0.6193036261364808,1720697297901408239
0.468762158054924,-0.2822121205690063,0.6647480774828628,0.44787625065099196,0.015166734739250363,0.6439533965177915,0.6200813312569239,1720697297926408205
0.4643897276980943,-0.28424019086801167,0.6690662040346088,0.4386820547936496,0.010680530511390576,0.6448186675357304,0.6258217534310084,1720697297951417900
0.4516851949694743,-0.2895374993146508,0.6808024818582257,0.4141222738507644,-0.0012844551262831503,0.6461710925519809,0.6410647483880864,1720697297976421058
0.43188854732635207,-0.29496810147593033,0.6988430821473989,0.376000577269452,-0.01775321740200929,0.6478144057180261,0.6623027139527035,1720697298001418254
0.4100943004067225,-0.29888935458899246,0.718068657732923,0.33236524818066787,-0.03403031518094784,0.648895964014525,0.6836002540492132,1720697298026408161
0.3901793674527404,-0.301681547308104,0.7342655928245407,0.29212464123010434,-0.04783975407617409,0.6485714370701718,0.7012343709009463,1720697298051409497
0.3711165480212315,-0.30326619311256076,0.7489232194249269,0.25336803138952324,-0.05967984845115119,0.6472391098335631,0.7164666712838093,1720697298076408825
0.35152297900027973,-0.30267419134395224,0.7637007635723094,0.21372118930379536,-0.06995371556478618,0.6451844633906896,0.7301826751714398,1720697298101370793
0.33160932494769,-0.30005649809055207,0.7783474513585226,0.1730634355378,-0.07863825666297633,0.6425247484988714,0.7423119421343857,1720697298126407417
0.31192654292819655,-0.29624983320904436,0.7920917206708036,0.13229376180896213,-0.08584455541460256,0.639081604361049,0.7527973006456721,1720697298151408219
0.29249210154542843,-0.29106689948303166,0.8050813344780529,0.09134701569836279,-0.09148175073041308,0.6349606789343167,0.7616506733493861,1720697298176407817
0.2732291506988268,-0.28410267756910723,0.8175938911516705,0.04994430934238818,-0.09550856114299712,0.6303513481636558,0.768791817451882,1720697298201418357
0.2543466315099818,-0.2758053262518838,0.8293036192341189,0.008554418203152099,-0.09792033935284823,0.6250933715955181,0.7743363002323835,1720697298226417317
0.23597432541611468,-0.26617449253499426,0.8401920549207099,-0.032815381899945276,-0.09865696615270364,0.6193866107860674,0.778171048111695,1720697298251408210
0.2181566077272458,-0.25514828985858107,0.8503289060055776,-0.07423546147942636,-0.09774736147406415,0.6132792657045967,0.7802711655832387,1720697298276421948
0.2010521551615938,-0.24289540168729934,0.8595472941616409,-0.11518799955147789,-0.0951323376297299,0.6067526244347953,0.7807258262910995,1720697298301408052
0.1846698768701036,-0.2293293792891124,0.8679609660142553,-0.155895353979913,-0.09082856303418022,0.5999304166556036,0.7794423044177532,1720697298326407982
0.1691981041867694,-0.21484693427268858,0.8753956258807217,-0.19600098601485408,-0.08486723821569153,0.5927947807575055,0.7765149794212002,1720697298351407780
0.1546039807574905,-0.19924014141967494,0.8819592858977119,-0.23566308946124462,-0.07716264416916177,0.5853715793813524,0.7719125265617768,1720697298376415662
0.14104431279459673,-0.1826307599534267,0.8875891251467372,-0.2745307402156297,-0.06771623447987818,0.5777644688458872,0.7656602397955339,1720697298401408343
0.12857278543456702,-0.1653509068980341,0.8922108055664673,-0.3125153804838299,-0.05669394242592214,0.5700580928062617,0.7577293083148763,1720697298426415097
0.11721928006133366,-0.14726527598400718,0.8958940019212533,-0.34947304028796705,-0.04396544231193038,0.5622470684692495,0.7482071023399447,1720697298451406936
0.10694096277728313,-0.12834952290630558,0.8986435205093499,-0.38556794367201297,-0.02963584257251598,0.5543217073810376,0.7370118875389486,1720697298476415857
0.09796429047734753,-0.10897951899395858,0.900406706747169,-0.4202619258509197,-0.013680984173998446,0.5464114374277258,0.7243115941363036,1720697298501415357
0.09023544463506963,-0.0893673305360203,0.9011485613765926,-0.4535572173112962,0.0036681236764366603,0.5385393020379303,0.7101040879012224,1720697298526406700
0.08377826764239574,-0.06953447150273409,0.9009375538387967,-0.48534824858175,0.02242063757870754,0.5307563794332623,0.6944293040332379,1720697298551407105
0.07859902799856716,-0.04951038054939724,0.8997881665121069,-0.5155707157855866,0.042558279771841956,0.5230568099307135,0.677338322725287,1720697298576408783
0.07471450071765211,-0.029472823499716822,0.8977048522318962,-0.5440666214169398,0.06406928222558769,0.5154627591558646,0.658926993268964,1720697298601407820
0.07207988457443695,-0.009568876524407657,0.8946912614460225,-0.5708107030271624,0.0866986370063701,0.5081023441590777,0.6391326118349183,1720697298626408463
0.07069259188792891,0.010178695043551542,0.8908005580808025,-0.5957071357370366,0.11043232821177473,0.5009569276259475,0.6180451973612237,1720697298651409116
0.07052840046724955,0.029568145223128273,0.8860483184021948,-0.6186207236811757,0.13515480594472376,0.4940494037952302,0.5957824815079746,1720697298676421621
0.07156641090812442,0.04861627836372446,0.8804716199596534,-0.6395078263185412,0.16086768468089366,0.48740751616277805,0.5723506279290467,1720697298701410381
0.07376389603615036,0.0672483712416076,0.8740970446953691,-0.6583544812581148,0.18749343053137935,0.48108786110443685,0.5476952258445309,1720697298726408278
0.0770802647329395,0.08525596636506064,0.8669675755294641,-0.674996084759926,0.21488794890925916,0.4750497449525094,0.5220452037830617,1720697298751417340
0.081448997092548,0.1025755859124773,0.8591154774122867,0.6893892088444663,-0.24288515880441772,-0.46935046833841587,-0.4954386503209688,1720697298776417046
0.08683438654554429,0.11924860714309875,0.8505622576348533,0.7015302124414767,-0.2714341743189896,-0.4639673981376955,-0.46788150584194066,1720697298801416481
0.09313992359273493,0.13497451805648214,0.8413923497957653,0.7112769221624149,-0.3003382771791575,-0.45897737982287173,-0.4395700445562106,1720697298826418413
0.10031443048885669,0.14985272078624978,0.8316114774635553,0.7186569554141298,-0.32954320740402326,-0.45434629577849694,-0.41049104545790166,1720697298851418123
0.10827486864916055,0.1637315815528031,0.8213084401612584,0.7236165634349476,-0.35890094532677913,-0.45013390708044915,-0.3807212185610756,1720697298876417138
0.11693286713993634,0.17664023997379616,0.8107395963142294,0.7259596106613629,-0.38767719229182185,-0.44648972679354365,-0.35119220112775695,1720697298901407128
0.12631338955418878,0.1886666967982164,0.7994281076972338,0.7261753226364434,-0.41722559845976664,-0.442942763133438,-0.31999048325139623,1720697298926407672
0.13626394405480882,0.19957389536060888,0.7877223247514797,0.7239054851467674,-0.44646349511790234,-0.4397975543616518,-0.2884602351781613,1720697298951408215
0.1467227491154956,0.20943485127984662,0.7756712951852778,0.7191768253403336,-0.4752941393864793,-0.4370770960258421,-0.25660044249354325,1720697298976407370
0.15506767410842243,0.2167643806126478,0.7663856248398832,0.7141545090933975,-0.4967500263859664,-0.43497307313820666,-0.23242455565583953,1720697299001407922
0.15772533351780543,0.21831635919235412,0.763196119798075,0.7118754072291767,-0.5041098889220259,-0.43473469648037966,-0.2238579195593238,1720697299026407732
0.15629054754692873,0.21668169728237355,0.7645940166193922,0.7125749977520752,-0.5011993651464387,-0.43521375088400366,-0.2272114873788586,1720697299051421715
0.15426354060431274,0.21471195944039495,0.766888269440761,0.7138049993698357,-0.4963096213170773,-0.435611216494818,-0.23324247196133233,1720697299076416304
0.15130632450336257,0.21197319927917463,0.7708611713317952,0.7153382485343821,-0.4887723713007754,-0.43599013025582095,-0.24352692983793747,1720697299101420915
0.14305699125991883,0.20175361798411717,0.7812346617778616,0.7175116013058309,-0.4692731929397592,-0.4383732765122648,-0.26979370418815835,1720697299126407509
0.12998694300352037,0.18168216787501146,0.797231301466316,0.7176869473301444,-0.4385171887003213,-0.44266573493615086,-0.31092630631669466,1720697299151415203
0.11570960221217606,0.15567205162639278,0.8146736100744287,0.7134537993418644,-0.40207752450549705,-0.4482734505186541,-0.3582851574546316,1720697299176415971
0.10367972660535416,0.13017087189793236,0.8297510340190752,0.7053767328658257,-0.36743547264318055,-0.45380812167356693,-0.4018619500252855,1720697299201416250
0.09348658592841783,0.10503022559136721,0.843056692580851,0.6939087565180487,-0.3335369053265398,-0.4598071178086815,-0.44251687518697347,1720697299226407541
0.08446695426084591,0.07784638042482135,0.8548851369964972,0.678721374449692,-0.29960892049468674,-0.4664455382688875,-0.4816641469469957,1720697299251407555
0.07695202864829132,0.0494049767408072,0.8648624815291842,-0.6603113574990861,0.2666906181189827,0.4734241166858023,0.5183962105429563,1720697299276408155
0.07113465853911738,0.020850660918105106,0.8730478171361414,-0.6392630102766115,0.23509171727708023,0.48064853970117516,0.5523148281939623,1720697299301419056
0.06681919704493205,-0.008822199325391664,0.8796854864544207,-0.6150422493982509,0.20394664984954944,0.48828929903270507,0.58455312497705,1720697299326407574
0.06398619382998119,-0.04044864145409117,0.8846519954692422,-0.587089626479841,0.17266006916260718,0.496484987482197,0.6156435073980131,1720697299351417132
0.06291103614008427,-0.07288003672771265,0.8877963904530616,-0.5560315314767452,0.1420590397818699,0.5050052734279876,0.6446842940771876,1720697299376417797
0.06370298464143061,-0.1054256329277485,0.8890679352886852,-0.5223582290576211,0.1127289417245593,0.5137279253914613,0.6712061418867025,1720697299401418480
0.06633533805730901,-0.13833223337450187,0.8884189603026669,-0.4858260723387888,0.08434669347595554,0.5226316304339902,0.6954961118550184,1720697299426408105
0.07084206636870712,-0.1714234465813488,0.885739105808111,-0.44661174899098477,0.05689755546742905,0.5317273995935032,0.7173329675726436,1720697299451418461
0.07724675675068385,-0.20434494191298114,0.8810558602107049,-0.40501215481461245,0.030935584567353586,0.5407424654929526,0.7366177638860629,1720697299476420346
0.08554223574147303,-0.23685146680260574,0.8743587369996217,-0.3611732460671305,0.006213372100182665,0.5497827316088663,0.7531628166320812,1720697299501407986
0.09566007550443827,-0.26871069621828403,0.8656169584045289,-0.3154613112034536,-0.016906342793371956,0.5586218616114217,0.7669028311572076,1720697299526408107
0.10761988666937314,-0.2996335446872553,0.854908594973462,-0.2680626366172229,-0.03827292076071261,0.5672460114265058,0.7777593258245042,1720697299551404403
0.12130760426989534,-0.32959775314473827,0.842167224915358,-0.21875906421891944,-0.058239600451192405,0.5755080150334083,0.7858391345521388,1720697299576422209
0.13663151091763756,-0.35820408011473975,0.8275094382478951,-0.1682938833315022,-0.07649944410457563,0.5833425492767754,0.7909086382687741,1720697299601417959
0.1534340816491519,-0.3851494667405144,0.8110916894053501,-0.11683220021606208,-0.09285262338085372,0.5906137344966921,0.793034705386743,1720697299626407048
0.1716592199455588,-0.41038429655026,0.7928939425471772,-0.06420195709228153,-0.10753691730666337,0.5972359236171462,0.7922267173371995,1720697299651417534
0.19113964303227035,-0.43368929575217635,0.7730315211780754,-0.011150421446187744,-0.12056117724307341,0.603121246920932,0.7884068950458746,1720697299676415345
0.21170141556265246,-0.45501914413552536,0.7515165439406196,0.042604716099057714,-0.131673222282233,0.6081063430231372,0.7816992236627582,1720697299701407656
0.23325490046062108,-0.4741821086213319,0.7284795154193839,0.09667166868480435,-0.14117533890543865,0.6121534557052724,0.7720053489625075,1720697299726407607
0.2554524152989482,-0.49094312515035343,0.7042165503039369,0.1505500347071819,-0.14884255769060556,0.6150712481675434,0.7595182287130475,1720697299751407930
0.27829497404854986,-0.5052422172572051,0.6787425526072122,0.20439554479766872,-0.15471126610761765,0.6168668744339655,0.7441519634001595,1720697299776416777
0.3014455860827091,-0.5169841740691856,0.6523022905855891,0.2577169435189283,-0.1590026586598893,0.6173355414176251,0.7260833016017899,1720697299801406635
0.3247718923725341,-0.5262052452699244,0.625000904728972,0.3102043085938504,-0.16160200748652465,0.6164945881806374,0.7054023680496988,1720697299826407151
0.3481744739863878,-0.5328715141756492,0.5968778554266752,0.3620762765683546,-0.1626337274235941,0.6142048612035554,0.6820582300101843,1720697299851407679
0.3713837315297017,-0.5369870428368156,0.5681113897409011,0.4130312407298732,-0.1622970821182829,0.610273330297654,0.6562250480166416,1720697299876407179
0.3942180639755964,-0.5384888540656345,0.5390953729206037,0.46244163604472915,-0.16047634166710398,0.604842862758178,0.6281402617154143,1720697299901395838
0.4163378412373323,-0.5376577294657972,0.5098283030958187,0.5103434890517506,-0.15743719926528377,0.5976619062618886,0.5979659666514427,1720697299926408052
0.43475955052423,-0.5352063538449754,0.4843517813844876,0.5500612204757606,-0.15406139033720262,0.5900432984144934,0.5705669528917966,1720697299951418545
0.4454302193834596,-0.5327783164322627,0.4696880474675115,0.5728615652109501,-0.1514879695631689,0.5850661210584628,0.5536954543531061,1720697299976420335
0.4485228494924556,-0.5314449046413221,0.4660040160437743,0.5798372808890702,-0.15048385385107396,0.5835255738920244,0.5483076162477423,1720697300001388963
0.4454599170887636,-0.5319474151097359,0.47082275113586614,0.5731738042006913,-0.1511181820802842,0.5852538427713595,0.5532748184620501,1720697300026407389
0.44016641684646085,-0.5330847843971078,0.47846258759358773,0.5618427770391005,-0.15224533580787178,0.5878868155807379,0.5617322704635009,1720697300051417163
0.4379371895421915,-0.5335617798985464,0.48166537124860404,0.5565356662111536,-0.1526758936936536,0.5891195330208214,0.565593758392966,1720697300076407740
0.43831152611441127,-0.5342419377758153,0.48023441916194715,0.5567139706556313,-0.15293143567460626,0.5889053762386107,0.5655722665553935,1720697300101407647
0.4384977822188999,-0.5345316814018435,0.4794784153379114,0.5572787537576993,-0.15306753019097422,0.588630642191814,0.565265149186073,1720697300126407135
0.4382487000439056,-0.53421933085707,0.4803455999221262,0.5568093729691801,-0.15296492960861305,0.5888469496199381,0.565530125109878,1720697300151419337
0.43840610336101454,-0.5341470064115912,0.48020527553353265,0.5569620860579054,-0.15292529823542886,0.5888672270467382,0.5653693277530334,1720697300176417575
0.4360299743708936,-0.5351105175882092,0.482808222632434,0.5518359544047516,-0.15374110892326362,0.5897936697417681,0.5691960804378225,1720697300201416899
0.4256258862768717,-0.5375806007484768,0.49641561982874993,0.5297853308577121,-0.15612622929704847,0.5938727691945008,0.5850360995209827,1720697300226416710
0.4080226390430917,-0.5387336880001008,0.5205790722967909,0.49273777993487955,-0.15883482903454185,0.6002572240284604,0.6096492781198555,1720697300251416028
0.38900453107873134,-0.5375961127967017,0.5468957442032913,0.451501559879802,-0.16052182001718546,0.6063924859489924,0.6345606666892274,1720697300276407248
0.371541829789772,-0.5358435607690215,0.5693285147604246,0.41299361253892897,-0.16176917824026082,0.6107174452635192,0.6559658611729091,1720697300301408327
0.35471414118462496,-0.5340031481558805,0.5891872269330175,0.376132627736673,-0.16260512998258864,0.6134097388110737,0.6751387341776365,1720697300326407105
0.33741999345996665,-0.5302734421680304,0.6097142175994821,0.3382264740612555,-0.16245934398490988,0.6153892964232137,0.6931852765630742,1720697300351416492
0.3200637096683312,-0.5245010028443033,0.6307029273389367,0.29928105535304206,-0.16115585157739995,0.61687663104847,0.7098752450081791,1720697300376407530
0.3027353473140844,-0.5174236648869766,0.6510574716904463,0.2601144325072537,-0.1590950547838217,0.6174653149446467,0.7250971178987476,1720697300401411906
0.285475214736815,-0.5091746950629835,0.6706857773701366,0.22082870902403948,-0.15622547238447246,0.6171727554752542,0.7388681025380014,1720697300426407850
0.2684167725795269,-0.49936235733097806,0.6899466692989998,0.18105864209369596,-0.15234536152019537,0.6162645493824881,0.7511502273985323,1720697300451415545
0.2515912868031291,-0.4881672074405106,0.7086217941595557,0.14106008292597913,-0.14755062525931215,0.6146900226193637,0.7618970022796441,1720697300476407507
0.23516873797739637,-0.47570484297062265,0.7265419934600283,0.10115360690426549,-0.1418093041450524,0.6124805128431651,0.7710549205183292,1720697300501407663
0.2191009141148336,-0.4619302204769673,0.7437839010285137,0.0611397299618908,-0.1350817599405048,0.6096736568059212,0.7786609555823758,1720697300526408560
0.2034877403567607,-0.44695026314640784,0.760231071202023,0.021128208967145113,-0.12736428840321173,0.6062950530324848,0.7846899040345304,1720697300551419009
0.18845450746165884,-0.43076318700026417,0.7758453592451464,-0.018646719333538366,-0.11872213808768863,0.6024162968983744,0.7890829861410229,1720697300576408581
0.1740461559982549,-0.4135328362573692,0.7905262245147127,-0.057938494374101146,-0.10915165618217519,0.598041171323705,0.7918811806225233,1720697300601418629
0.16035862371301463,-0.39523054550498793,0.8042781762542759,-0.09687377327219213,-0.09867814473463976,0.5933013183968285,0.7930142756548096,1720697300626409173
0.14732655467371214,-0.3758650462368397,0.8171592113237494,-0.1354001667833383,-0.08713176984085684,0.5881271429834777,0.7925789003030147,1720697300651409286
0.13509545064333087,-0.35562357707519854,0.8290298385236115,-0.17334281216896252,-0.0747458104055964,0.5826051657311202,0.7905292873509371,1720697300676409160
0.12367853096712716,-0.3344861820538381,0.8399405496527316,-0.2107673502031394,-0.06122843737070218,0.5767850948364975,0.7868590451408319,1720697300701417778
0.11324181769767297,-0.3127441881335811,0.8497098902170517,-0.24733761117997752,-0.0469259674581934,0.5707906947123074,0.7815497696907961,1720697300726408979
0.1036745802042726,-0.2902182058274363,0.8584843400495606,-0.28309105107492144,-0.031645672618872384,0.5645111637634493,0.7747161765396613,1720697300751417859
0.0950655862630065,-0.2672766120203983,0.8660834979761283,-0.31780364387729515,-0.015711638533576343,0.5581068638204887,0.7663359034453248,1720697300776408195
0.08747348865746615,-0.24384352321149977,0.8726421823421852,-0.3516583358676275,0.0013328641072470626,0.5515568245393849,0.7563859514772288,1720697300801408498
0.0808628397452017,-0.21993880245446562,0.8781030757062318,-0.38453806853930017,0.019209910191657787,0.5448803872889755,0.7448938291745402,1720697300826406927
0.07531487878749046,-0.1958814200992633,0.8824576476887442,-0.4160838130980589,0.03769902747326313,0.5382179959217178,0.7319661417520346,1720697300851415463
0.07075021667839473,-0.17156924592945305,0.8857304915544171,-0.44653634001649256,0.05698065528349485,0.5315196753309314,0.7175272376044273,1720697300876416194
0.06725394198350776,-0.14722157149244447,0.8878795214943647,-0.47559547682362846,0.07702808694943176,0.5248158705689167,0.7017434846472081,1720697300901408878
0.06477600016842924,-0.12285371903742406,0.88896651048765,-0.5032809243907397,0.09764331213905077,0.5182156106146929,0.6845631275887999,1720697300926408483
0.06332448094913419,-0.0984640266339454,0.8889788955825375,-0.5295870577334444,0.11894148250764008,0.5116439232860136,0.6660412658271363,1720697300951407576
0.06288566456442175,-0.07428792343399067,0.8879290879193864,-0.5544747758126314,0.14083329068393066,0.5052004286680776,0.646139485015626,1720697300976409512
0.06343542224257508,-0.05044152856815208,0.8858350940270132,-0.5777127780009345,0.16320823788399702,0.49886968963224065,0.6250920332138903,1720697301001419434
0.06494309270882087,-0.027027431730561702,0.882745343644858,-0.5992390446463968,0.18593177583192597,0.49276055215657716,0.6029336450602216,1720697301026382882
0.06738509755566799,-0.004052881662350814,0.8786608495967294,-0.619157588840032,0.2091526344042307,0.48682551973395366,0.5795687785235968,1720697301051400268
0.0707309592088204,0.018441169205565676,0.8736537631836032,-0.637292437672995,0.2325821810742624,0.48111319695718785,0.5552422621209459,1720697301076418687
0.0749467098553688,0.040368444221617915,0.8677600342435724,-0.653630372732119,0.25624603120536266,0.47564591218245944,0.5299681816464908,1720697301101416840
0.07999704845917457,0.06165730280011953,0.8609330692623243,-0.6682732313317055,0.2803417558617435,0.47035870887299747,0.5035693330547069,1720697301126408189
0.08583522358859667,0.08226937754028694,0.8532596450173073,0.6811035925622012,-0.3046445493984642,-0.4653334370839841,-0.4761873444898295,1720697301151416227
0.0924214929291248,0.10215747038158225,0.8447883277501493,0.6920357522564379,-0.3289893297695811,-0.4605752058650897,-0.44802122521032217,1720697301176417315
0.09965154109368965,0.12113034965290473,0.835568153337791,0.7010486461249185,-0.35329007178220095,-0.4561257130996962,-0.4191255835615859,1720697301201423465
0.1075387112020672,0.13929661470167334,0.8256162305119819,0.708153617234298,-0.377582519784895,-0.45191884572948515,-0.389511555702008,1720697301226408872
0.11599564467642387,0.15651972980126916,0.8150213435699267,0.713281491124512,-0.4016816037291464,-0.4480524093148993,-0.35934724453081274,1720697301251412837
0.1250559149111486,0.17301585319814158,0.8037446858028552,0.7164910201503671,-0.4257076838099612,-0.4444128471532681,-0.32849780406293444,1720697301276419745
0.134537757590011,0.1883899025624411,0.7918991413679879,0.7177105788902233,-0.4495224921792845,-0.44108292477161276,-0.2970974712933545,1720697301301427130
0.14441210653268177,0.20275165802916595,0.7795612256769906,0.7169808791574583,-0.47287022961718533,-0.4380370946625074,-0.2654348668958511,1720697301326408962
0.15320573175715255,0.2146034273861824,0.7687175559846396,0.7149100357079795,-0.49245163377746565,-0.43543123695120606,-0.2383163173621624,1720697301351420156
0.15663497248861694,0.21886225730430106,0.7642117817676591,0.713689835706619,-0.5001108160740587,-0.43477523166571663,-0.22695040864651614,1720697301376416854
0.15556946307254246,0.21692539894591223,0.7651709551808415,0.7138299180251191,-0.4985023977249188,-0.4352465848973667,-0.22913449746805506,1720697301401853179
0.15430156150633018,0.21503489234754514,0.7666969214095068,0.7141303281722676,-0.4959943138170341,-0.4355718874621768,-0.23299065624693138,1720697301426407172
0.1540672741661276,0.2151023535572617,0.7671367418662615,0.7143684413670855,-0.4951252118724775,-0.43549955587035627,-0.2342410967010648,1720697301451416828
0.15419072835995598,0.21560618345271484,0.7671279007265228,0.7144738840246726,-0.4950467687559968,-0.435395787216232,-0.23427819844215778,1720697301476408081
0.15413213868430262,0.2154605531857477,0.7671995483543995,0.7144529606573204,-0.4949384988951511,-0.43543356842021536,-0.23450044096385325,1720697301501407130
0.1541224948720063,0.21543706071586893,0.7672237929526131,0.7144543451723068,-0.4949033433955601,-0.4354429502938588,-0.23455299273231778,1720697301526407079
0.15416585854276638,0.21556276230908372,0.7672078800872358,0.7144685406346161,-0.4949099290902328,-0.4354354893321785,-0.2345097037680723,1720697301551416209
0.1541092651913813,0.21543981459484923,0.7672761740286435,0.7144571396224356,-0.49481088018000885,-0.4354705238617488,-0.23468832809832382,1720697301576424091
0.15409028760334198,0.215412211816853,0.7673027755148105,0.7144691389242057,-0.4947469138130357,-0.435483194188168,-0.234763132491137,1720697301601409274
0.15409525530781454,0.21544523000192672,0.767297774374211,0.7144734209050717,-0.4947508136060511,-0.4354850530225225,-0.2347384328360518,1720697301626409742
0.1540611271590726,0.21539266059051054,0.7673255987521678,0.7144863519070305,-0.4947115062892017,-0.43547011547861364,-0.23480961864603214,1720697301651409529
0.15404993808071113,0.21536953587758487,0.7673486022938352,0.7144880540619175,-0.49470511299521125,-0.43544744033168215,-0.2348599550536357,1720697301676408844
0.15404958529780663,0.21539883895912504,0.7673498213232383,0.7145010082386999,-0.4946982197319927,-0.4354443361345802,-0.23484082002112244,1720697301701410702
0.1540227455391994,0.21536791240410125,0.7673659817145291,0.7145147561716275,-0.4946608017046802,-0.4354534804196833,-0.23486085425261338,1720697301726407431
0.153998281913764,0.21532120211964012,0.7673909881419239,0.714521709590974,-0.49463356543656967,-0.4354540281032416,-0.23489604482698248,1720697301751407647
0.153980845656748,0.21528939189745966,0.7674054827115072,0.7145163356089804,-0.4946186922056388,-0.4354652253973479,-0.23492295106765385,1720697301776379441
0.15398352405347862,0.21527965851665587,0.7674087008126929,0.7145084847533079,-0.4946253130730743,-0.435460967371672,-0.23494078142932753,1720697301801409172
0.15398302373051606,0.21527350375104287,0.7674119825467219,0.7145111605315996,-0.49461643663377886,-0.4354621484756263,-0.23494914201265168,1720697301826407852
0.1539826351537769,0.21527670520954933,0.7674192109863008,0.714514562808591,-0.4946111043484716,-0.4354586553796725,-0.2349564947911865,1720697301851415515
0.1539691161314665,0.21525961029237645,0.7674249102508861,0.7145148838502432,-0.4946082636092046,-0.4354627952963929,-0.2349538257586217,1720697301876407823
0.15397545953734623,0.2152564039848991,0.7674214702518958,0.7145066709540144,-0.494613922773311,-0.43546190826970826,-0.23496853195079753,1720697301901420350
0.15397708436304236,0.21524676321912783,0.7674213633656285,0.714507046976456,-0.4946055495499394,-0.43545312041380535,-0.23500129807570605,1720697301926408653
0.153982858197236,0.2152734175582643,0.7674188981106115,0.7145117318911075,-0.494603334287533,-0.43546631572015554,-0.23496726277236704,1720697301951407661
0.1539645892817192,0.2152482255670364,0.7674305230860645,0.7145049671985761,-0.49461764248715967,-0.435462097544328,-0.2349655319218116,1720697301976422319
0.15397708714836714,0.21526684181518135,0.7674237305712976,0.7145202037080018,-0.49459475519582585,-0.43546120709933206,-0.23496902718751977,1720697302001901202
0.1539797375479119,0.21527526296808075,0.7674224468425518,0.7145127265158132,-0.49461307466661375,-0.43546666691413916,-0.23494308251673954,1720697302026407066
0.15397729737027555,0.2152785210883697,0.7674172537784895,0.714512679414681,-0.4945922888663487,-0.4354750432205171,-0.23497145673823522,1720697302051408210
0.1539789933427596,0.21529037654697558,0.7674111821363052,0.7145216356554619,-0.4945986030019449,-0.4354657556190112,-0.2349481427292663,1720697302076407911
0.1539818068241223,0.21527871918310448,0.767422803308504,0.7145088167617197,-0.4946026700150093,-0.43546843153980497,-0.23497360429642591,1720697302101424480
0.15398264364294217,0.21528769470420714,0.7674249582110015,0.7145129478385296,-0.4946033649705735,-0.4354655677584044,-0.23496488679743352,1720697302126407542
0.1539769925688153,0.21527807568582757,0.7674233158987056,0.714520035556441,-0.49459445974537086,-0.4354626049762139,-0.23496756977280317,1720697302151421453
0.15398115648479374,0.21527372965288546,0.7674179754486272,0.7145191420058665,-0.4946007550735746,-0.43545099953924205,-0.23497854325049605,1720697302176408502
0.15398614000621022,0.2152855276198084,0.7674155547084769,0.7145120659978587,-0.49461404254479274,-0.43545222972138714,-0.23496981102184591,1720697302201409168
0.15398549618391957,0.21527114322700935,0.7674280846351249,0.7145297221794913,-0.4946009946325452,-0.4353965654949335,-0.23504672511186386,1720697302226407557
0.15381519640820848,0.21349794519685072,0.7682760576306324,0.715340305925336,-0.4934371720689793,-0.43209865811205567,-0.24103683037448062,1720697302251423230
0.15235824096625833,0.2050261329238912,0.7720315594672771,0.717839495034301,-0.4878659085162564,-0.420338763949677,-0.26459145526219324,1720697302276408660
0.14905669551478606,0.18761132073550196,0.7792606709458537,0.7203434483891216,-0.4768839484004341,-0.3982151980008728,-0.30840180317567306,1720697302301408034
0.14470579349460475,0.16411956384804452,0.7884090400853943,0.7198153932059326,-0.46259299359800077,-0.36713395416244604,-0.3648097883539802,1720697302326413833
0.1403306461355167,0.13928896275367889,0.7974467481963237,0.7147093998934609,-0.4484165473620407,-0.3322465156240127,-0.42157481733559293,1720697302351417812
0.13640715686405225,0.11532099526963999,0.8056288249098931,0.7055647434092087,-0.43589510562184697,-0.2962051411769647,-0.473747152068644,1720697302376408644
0.13214387620898166,0.0902868880856652,0.8132846760960726,-0.6921670711638411,0.42440848315603275,0.259107598564004,0.5231113049706154,1720697302401408049
0.1272263650935405,0.06358530821529879,0.8203506658260549,-0.6744395476568865,0.4140143446821807,0.22137250933906896,0.5698400047931723,1720697302426407296
0.12209318367398049,0.03698788147185045,0.8263090367783398,-0.6538266038481014,0.4052799187408061,0.18468757022839133,0.6116775792597245,1720697302451407362
0.11718972749754297,0.01149667015250197,0.8311428509969282,-0.6312939380032293,0.39870120032002093,0.14922040582689342,0.6482581177190201,1720697302476407648
0.11190257471433088,-0.014936360251511918,0.8350545572675596,-0.6058608042757632,0.3936884617151344,0.11341695835422295,0.6819667693607754,1720697302501408668
0.10575255432077744,-0.043335492466561425,0.8378877542217859,-0.5769291478169125,0.39002301001193596,0.0774852424025671,0.7134639775561875,1720697302526409930
0.0992361554228765,-0.07246778709506002,0.8394678824040513,-0.5453695539295551,0.3883839785251351,0.04182446859839201,0.7416068019497445,1720697302551411744
0.09259971654947988,-0.10156795297891334,0.8397048146015555,-0.5120665869547519,0.38881877168506873,0.006959717135925036,0.7658716182541391,1720697302576417526
0.085314457454511,-0.1319559053834587,0.8383871025362387,-0.47606789357799617,0.39130154643458376,-0.027288915964404085,0.787081809933123,1720697302601789020
0.07795172068132131,-0.16152584371043588,0.8355277409151435,-0.4398737740163123,0.39565423222309004,-0.05900359037961192,0.8040443817221274,1720697302626410456
0.07002449790807502,-0.19164382654469106,0.8309645545751084,-0.4025070045567967,0.4014272440171812,-0.08907488379068784,0.8178691485324292,1720697302651417183
0.061991147511925526,-0.22205939305180777,0.8245665947750306,-0.3632520710106217,0.41056352314697164,-0.11818627325480843,0.827959860851829,1720697302676406996
0.05363411436062748,-0.25227268169992206,0.8163612539323015,-0.3237866680378179,0.4213746123053761,-0.14473510801716544,0.8346600375079194,1720697302701420080
0.0450680051074301,-0.28216965505389713,0.8063023992964469,-0.2839815206955072,0.43412862459879115,-0.16865958467653142,0.8381174009076348,1720697302726407808
0.036322494030263996,-0.3116756411647905,0.794355209800343,-0.24426923625944127,0.44881161772331996,-0.1900035597998101,0.8383312706067965,1720697302751415900
0.027451023613374315,-0.34055530504355763,0.7805184595741359,-0.20502825924752593,0.46525700800305425,-0.20857936241128577,0.8354603395674008,1720697302776409685
0.01853842405782405,-0.368606652946206,0.7648273557758292,-0.1665615053178851,0.4834601070103104,-0.22418865725279874,0.8296161979102182,1720697302801415483
0.009649788327044911,-0.3956885889616946,0.7473522199756572,-0.12920859657843595,0.503181907501914,-0.2365888937696556,0.8210595604935228,1720697302826407946
0.0008189311202035365,-0.42161867307906564,0.7281496376779426,-0.09316318171165851,0.5242554103706532,-0.24567182510331262,0.8100137286619691,1720697302851418556
-0.007869553151788888,-0.44618036961828533,0.707366678833974,-0.05887394842023039,0.5464524254203662,-0.25139998185422274,0.7966942036147293,1720697302876406892
-0.016426549307193367,-0.4693919534340629,0.6850025308325624,-0.026494744536190242,0.5696208430516683,-0.25370132836653647,0.7813230827629013,1720697302901421369
-0.024709614293410648,-0.4909187966525738,0.6613643033518002,0.0036193474029844897,0.5935069351474691,-0.25252240977545526,0.7641785464257888,1720697302926374819
-0.032744665315056654,-0.5108533543720555,0.6363742008451453,0.03157498766139671,0.6180436462276905,-0.2477112782414381,0.745428865917974,1720697302951418575
-0.04050150514400272,-0.5289936898259021,0.6103293108841126,0.056947442177924176,0.6426709755649139,-0.23934472596077777,0.7255653713833055,1720697302976408228
-0.04793218931994733,-0.5453188259854752,0.5833382251984428,0.07945437652615081,0.6673669471682433,-0.22761853842652716,0.7046262561406234,1720697303001407550
-0.05496297484834628,-0.559681631620965,0.5557063421965829,0.0990257119745784,0.6917688138516805,-0.21247941604791054,0.6830097468602524,1720697303026408201
-0.061598983205912644,-0.57213258380992,0.5274990716145836,0.11554675679255448,0.7156676236406873,-0.19401348288037895,0.6609293214314513,1720697303051408138
-0.06780986910299583,-0.5826202560423386,0.49895174346242493,0.12900072500561316,0.7387262418833489,-0.17225711293971818,0.6387251674567107,1720697303076424971
-0.07363818526466079,-0.5911271268709655,0.4703096711823523,0.1390802194411888,0.7607158788171788,-0.14767935549091737,0.6165702330127406,1720697303101418096
-0.07873707290072382,-0.5974374272829566,0.44371415315650686,0.14577991198413365,0.7793005044062747,-0.12256451701569412,0.5970065998485556,1720697303126407722
-0.08169073877369892,-0.6004768960554399,0.427372931948075,0.14796956667462138,0.7906231859949727,-0.10608529429423176,0.5846074712486913,1720697303151420152
-0.08251759931999231,-0.6010344676494498,0.42232054143192166,0.14766049323893507,0.7952411037957269,-0.10034856850215797,0.5794118831796222,1720697303176417270
-0.0818989036022773,-0.6005383415975107,0.42570978754034217,0.14720709953356978,0.7929812184936417,-0.10408749719510764,0.5819593197904054,1720697303201936710
-0.08052072760473936,-0.5991842064570231,0.43304842909013225,0.14585139832583782,0.7886356326484973,-0.1116890206705859,0.5867765939308994,1720697303226415869
-0.08002559570205367,-0.5985844099274429,0.436296475595482,0.14568813540964612,0.7861483240682443,-0.11506668285798247,0.5894959187828291,1720697303251416472
-0.08018460078236178,-0.5990532275510243,0.4353763834777039,0.14677726324915666,0.7852286570570878,-0.11441761943668852,0.5905768362303515,1720697303276422126
-0.08028039280513266,-0.5991353777738533,0.4351582686942159,0.14688916320433676,0.7852176118995163,-0.11429443426440415,0.5905875531977712,1720697303301422624
-0.08025680698844145,-0.599025838616669,0.43536622693747834,0.1467817127654577,0.7852758082211105,-0.1144205521144251,0.590512464791515,1720697303326409338
-0.07827766097347008,-0.5994429181153248,0.43607831831442423,0.14741194964079227,0.7836142073600085,-0.11265130667930073,0.5928981145442213,1720697303351406642
-0.06803585367170989,-0.6009003576256338,0.4410774023407864,0.14872891032114027,0.7759764472837696,-0.10546723146344754,0.6038351824653652,1720697303376416010
-0.04871566597043642,-0.6026320032223348,0.45114102291133895,0.14968079732899364,0.7627692910486157,-0.09243125052308314,0.6222821960098874,1720697303401408558
-0.027474754549774272,-0.603903760996673,0.4618389631590084,0.15231536070932797,0.746945596528844,-0.07578586531038273,0.642750969923277,1720697303426407091
-0.007067353614374217,-0.6045451713372496,0.47208255822042955,0.15596101722565867,0.7303479771081014,-0.05809958285107106,0.6624895711726893,1720697303451416725
0.012992334637543068,-0.6044579605303024,0.48207876272534067,0.15954158460256412,0.7137444212146551,-0.03978354187124456,0.6808323242646744,1720697303476415943
0.032795883793424074,-0.6035365981999694,0.49205296637723384,0.16298923296071174,0.6971026936119951,-0.020971052303088433,0.697884345334584,1720697303501408698
0.05214233226313447,-0.6018159273382758,0.502072515091111,0.16659691896147985,0.6802422935907745,-0.0016939684048378248,0.7138018065779522,1720697303526408739
0.07139949294276865,-0.5993975979180108,0.512015450212797,0.1703013091436163,0.6630766754339862,0.018377762594481543,0.7286899508305321,1720697303551418606
0.09040245290433835,-0.5962655414182814,0.5220030349071503,0.17409500693031182,0.6456473647613641,0.039024024881477215,0.7425008649292544,1720697303576409543
0.10900420751601364,-0.592427879491897,0.5319197501735762,0.17816934575416798,0.6278298436485383,0.060197212408146974,0.7552891282655088,1720697303601408174
0.127311506971778,-0.5879482692213777,0.5416020412545927,0.18251254057264987,0.6097866455251464,0.08202286287491521,0.766890911041922,1720697303626409426
0.14524105671961257,-0.5828269740898369,0.551201093511174,0.1869721391795673,0.5914385709991107,0.10415882626257218,0.7774270221806994,1720697303651409445
0.16274300483191745,-0.5770435895581785,0.5608045496150535,0.19160348785420545,0.5727970148134556,0.1266282274269193,0.7868652840744811,1720697303676418328
0.17996707733929687,-0.5706778279909029,0.5702150149915967,0.19647655454680388,0.5538913731760313,0.14963018134197467,0.7951176762380239,1720697303701418981
0.196668548177264,-0.5637240300998946,0.5795283627866893,0.2014349940727974,0.5347330012319546,0.17268495724476915,0.8022870222668013,1720697303726408404
0.2130061028470359,-0.5561840691674986,0.5887324427746599,0.20658274547561664,0.5153867086616643,0.19607565450650452,0.808241577448537,1720697303751409245
0.22886088857094888,-0.5480944143009603,0.5977730372344897,0.21187868483320632,0.4958299433747166,0.21955629163001839,0.8130529656621704,1720697303776411085
0.24449112604914153,-0.5393858978791203,0.6067594274121144,0.21743215289758672,0.47572469359062663,0.24345233578080092,0.8167865296375161,1720697303801856111
0.2591429145062069,-0.5303770490824491,0.6153952472194517,0.22291023832447937,0.4561223714669766,0.26664714955700364,0.8192452047650876,1720697303826409072
0.27353952922134633,-0.5207419927675778,0.6240133931365879,0.22855887216994986,0.436006404993082,0.2901049930423862,0.8206694521969768,1720697303851373814
0.28743693834179296,-0.5106713004022119,0.6324026981926176,0.23444158348109068,0.4156567749489582,0.3135251350727384,0.8209558934873,1720697303876408175
0.30081809749018573,-0.5001359321140306,0.6406017194406609,0.2405802217646163,0.3951360006442549,0.33684651884391287,0.820075070120589,1720697303901400461
0.31367968840518545,-0.48913482512314055,0.64864797201901,0.24671365306634058,0.3746223860506692,0.3599326479812307,0.81807024770345,1720697303926407708
0.32594814229791597,-0.4777850228889663,0.6564425328966913,0.2529414952492291,0.35398566449821955,0.3826542216389785,0.8150401805878688,1720697303951415655
0.33764159475460115,-0.4660813386395659,0.6640670352362126,0.25919218602126154,0.33320079393098884,0.4049828781903791,0.8110397709125706,1720697303976407218
0.34875458929281256,-0.4539641607923674,0.6715516651610397,0.26552120397972706,0.31219512172419084,0.4269326546086222,0.8060776666287244,1720697304001407114
0.359262782606353,-0.4414702972720954,0.6788928196082294,0.27183285470460405,0.2911537844435719,0.44841708590108237,0.800161539927603,1720697304026407230
0.36920150135284346,-0.4286978186656235,0.6859685379731255,0.2782318156479169,0.2700864235290574,0.4694475534311353,0.7932587063273038,1720697304051415769
0.3785513014975124,-0.41564202820165136,0.6927738403669478,0.2847110867910088,0.24903075366229124,0.48993692184679904,0.7854203291231756,1720697304076419103
0.38730209660190057,-0.40228058085995144,0.6994011499130584,0.291180092326041,0.22801514874630105,0.5098673309569206,0.7766972065084736,1720697304101459788
0.39519710460595125,-0.3889173492673704,0.7057851595540211,0.29769786761457273,0.206948748599142,0.5289056108528273,0.7673376374708744,1720697304126406714
0.4025340357492493,-0.37521030035900493,0.7119614491405842,0.30425501435760205,0.18583054137486826,0.5473886536241019,0.757140381972968,1720697304151407690
0.4093302346929557,-0.3610786646705447,0.7180152721828603,0.3107317583555874,0.16469307967549054,0.5654430210156466,0.7460537204792604,1720697304176407582
0.41549878513257077,-0.34681591996486993,0.7238119335951382,0.3171658226461579,0.14370663215004476,0.5826783153732816,0.7343297798775644,1720697304201408043
0.42100338929657927,-0.33250238704638446,0.729299909691361,0.32361213311481946,0.12282458173599063,0.599037821121527,0.7220408563843382,1720697304226407977
0.42582678408226626,-0.3180809697391806,0.7345351066952417,0.3301530678356341,0.10193155681655199,0.6146296072478323,0.7091116663953912,1720697304251372388
0.43003757423896527,-0.3034536303017372,0.7396136795956958,0.33657009953147116,0.0811277708464722,0.6294571721274357,0.6956453991482944,1720697304276416161
0.43351318185886545,-0.28876343072918026,0.7444930831894796,0.3429480087481183,0.06026785632238551,0.6434219227298995,0.6817350498108221,1720697304301407982
0.4363310990617922,-0.27400337999467006,0.7491008641167435,0.3493222570495762,0.039579735964756495,0.6565325183716983,0.6673623135533392,1720697304326408293
0.4383228152788066,-0.2597807546479248,0.7534925541301318,0.3549242192684037,0.020549297154342665,0.6682942354503119,0.653444213247818,1720697304351415397
0.438550863692864,-0.25213099285513196,0.7563121850578394,0.3568785349732844,0.01119527981499307,0.6741677738919989,0.6465370752174178,1720697304376407639
0.4389717665093626,-0.25241448112234577,0.7558223493321155,0.357923719569607,0.009647229457904702,0.6742676831836887,0.6458797359782583,1720697304401824663
0.43977453773264547,-0.25411850517305734,0.7545353088100444,0.3585047194618763,0.010804226302734962,0.6733530618166,0.646493069537308,1720697304426416570
0.43764547633298695,-0.25515322364891585,0.756186345637549,0.3538691300049708,0.010328993288357739,0.6730941611349665,0.6493182586168281,1720697304451414296
0.42746691617277094,-0.25802398643576063,0.7642614106605408,0.3345094739746098,0.0027081358968876444,0.6727461271122512,0.6599308496173371,1720697304476407368
0.4092319915413586,-0.26190309908914955,0.7781126298024066,0.3004371219027187,-0.011192179690016344,0.671701423708485,0.6770741970305704,1720697304501409191
0.3853164886324397,-0.2645889407181289,0.7955663104072165,0.25479870967517465,-0.02788434699352233,0.6697342760872994,0.6969620363939717,1720697304526407255
0.3612500787118537,-0.2651358161970074,0.8120869181893631,0.2080799818329229,-0.04269996390145117,0.6666487123323134,0.7144640848838336,1720697304551417449
0.33975107885111044,-0.2645901695984809,0.825755076486503,0.1651634004244446,-0.054498022953597534,0.6627706501133451,0.7283447549084962,1720697304576387669
0.31927665459045806,-0.2628322228714133,0.8379161339533634,0.12398312981947601,-0.06411005174693495,0.6579410247137519,0.7400214137332719,1720697304601407670
0.2984538694008527,-0.25853668421438514,0.8500010095776345,0.08184813343931689,-0.07184471690150036,0.6525656423802343,0.7498648558845222,1720697304626410801
0.2776430176775518,-0.2520513323022236,0.8616468293508703,0.03899069957783769,-0.07762075383503847,0.64667156521121,0.757806459901072,1720697304651408753
0.25739478885151296,-0.24429757393334395,0.8722154955229431,-0.0037601824317667005,-0.0817016738519872,0.6400582696249149,0.7639608033156041,1720697304676409391
0.2377885857366009,-0.2352411946954691,0.8817940522061332,-0.04639512482858769,-0.08390381004853815,0.6328401491795208,0.7683234921814642,1720697304701407145
0.21872844987121348,-0.22444550303074423,0.8906099375434916,-0.08918731904720198,-0.08409907291834129,0.625196283134309,0.7707804976843232,1720697304726409648
0.20040551970911835,-0.212170087921884,0.8985176896829029,-0.1319272293716576,-0.08241955599280823,0.6171893689277652,0.7712843222980831,1720697304751407927
0.18308753165695293,-0.19870458020731857,0.9053516021762233,-0.17402598136976014,-0.07878740758667885,0.6088758180794904,0.7699206065381636,1720697304776397395
0.16674683412370214,-0.18400122663884644,0.911188852748494,-0.21558519420048936,-0.07326102647569002,0.600287916857682,0.7666878523336145,1720697304801407969
0.15145656387790263,-0.16813264364764355,0.9160499715823524,-0.2565803281706828,-0.06575175537107036,0.5914518725412498,0.7615956435858184,1720697304826407663
0.1373350615837541,-0.15120492675791214,0.9198860037394989,-0.2967861820541663,-0.05628956334367659,0.5824404270165956,0.7546605834260958,1720697304851407767
0.12449855982779612,-0.13355209756170738,0.9226100006288861,-0.3358888965333345,-0.045048823602738076,0.5733454413715882,0.7459385078785294,1720697304876416793
0.11297635430018868,-0.11524134626667067,0.9242805338123133,-0.37366943496558186,-0.03189096248804645,0.5641730917125103,0.7355697400462013,1720697304901418602
0.10276882349393951,-0.09621284582484856,0.9249192531259571,-0.4102782159808197,-0.017037116906648865,0.5550822574936968,0.7233707276043221,1720697304926407958
0.09394723473992148,-0.07660710155087011,0.9245010427145868,-0.4457745000435458,-0.00015405452887130744,0.5459331811209611,0.7093955406747895,1720697304951420257
0.08654294348028807,-0.056709946536790755,0.9230568006616615,-0.479592771113813,0.018334334364004095,0.5369489825867718,0.6937870106724636,1720697304976408068
0.0805051966963551,-0.03630458136092947,0.9205150485477227,-0.5123038667123205,0.03882763423357155,0.5279900489460632,0.6762127410699702,1720697305001790008
0.07606716740018186,-0.01650270601374255,0.9170598645346193,-0.5421143553784452,0.0600321277281837,0.5195326670825291,0.6577187675345396,1720697305026406939
0.07299315767502941,0.0034579476090492306,0.9125920893581814,-0.5703815155439368,0.08301471572818381,0.5111689912774883,0.6375576413585881,1720697305051408009
0.0713168405350212,0.023255789226855176,0.907163059324324,-0.596683552999976,0.10744471900096741,0.5030822879815895,0.6158998144644443,1720697305076407405
0.07101482752127515,0.04278394152069201,0.9008153920959729,-0.6208935794318436,0.13312021248693295,0.49533696641114255,0.5927996809668113,1720697305101416667
0.07205546321666323,0.061747593280928076,0.8935946971008892,-0.6427524265876724,0.15981682590627028,0.48792051576653,0.5685608767467448,1720697305126408103
0.0743725988389202,0.08017623744494835,0.8855245825196315,-0.6623053737241058,0.1874924860056782,0.4809309211837691,0.5430502819048292,1720697305151384957
0.0779749745790786,0.09806110518348349,0.8766220838735419,-0.6794203947054762,0.21631400019384933,0.47422820020631445,0.5164337273140382,1720697305176414985
0.08271387612591923,0.11507356754911024,0.8669892861058561,0.6940281448835123,-0.245719481074942,-0.46803437642843726,-0.4887644557566105,1720697305201416917
0.08853754607968041,0.1312505796677595,0.8566667918455544,0.7061117582807334,-0.2757089162375238,-0.46230494986861853,-0.4600705507330321,1720697305226407796
0.09538304349526952,0.1464421384590342,0.8456853594636606,0.7155638721845662,-0.3062156746112898,-0.4570021588958783,-0.43052216227633255,1720697305251417474
0.1031308801921496,0.16060290072527125,0.8341226242303523,0.7223727148185244,-0.33699321060860143,-0.4522287957031332,-0.40012792107814155,1720697305276416410
0.1117245760925714,0.173719441497176,0.8220089645746647,0.726483908593253,-0.36800433193232934,-0.44794315207609664,-0.36897272899530276,1720697305301407377
0.12090316158710962,0.1857517855817447,0.8094158844840958,0.7280063807605096,-0.3987113066702819,-0.4443011316509742,-0.3370942122299401,1720697305326407890
0.13083540937343097,0.19649333739983804,0.7964009869660861,0.726687223436582,-0.42953325257637465,-0.440979349313098,-0.3049001110275106,1720697305351378210
0.14147032310751334,0.20610187161008162,0.7829307155360736,0.722576887990218,-0.46038650352657157,-0.4380193906099882,-0.2721505498113218,1720697305376418900
0.15120437383216032,0.21382053791041739,0.7709240934614777,0.716842525141936,-0.48689081755732266,-0.43573340429593355,-0.2433321316784354,1720697305401407784
0.15695577692180182,0.21753888607785143,0.7637905880923956,0.7123829490254034,-0.5022722493118924,-0.4348123823347612,-0.2262107726820528,1720697305426407950
0.1581636793068665,0.21784921604554136,0.7621363777827214,0.7111019236482751,-0.5058798958715571,-0.43479436790938597,-0.22220135636620855,1720697305451408980
0.15619840816492284,0.21631523482294154,0.7644761329660873,0.7125033959728433,-0.5010486427811313,-0.4352864578709058,-0.22762879406734132,1720697305476409350
0.15381052676926787,0.21450934846416597,0.7671675698267653,0.714841276772735,-0.4943329608813426,-0.4356241753501426,-0.23424015594837552,1720697305501408352
0.14825574167026004,0.2106563047306826,0.7724074675602061,0.724179681460495,-0.47443504559888383,-0.43565431828921575,-0.2463341052784198,1720697305526408376
0.13724267754121305,0.20013771015563014,0.7819299342682555,0.740309278970861,-0.4355722798811296,-0.4357833143358027,-0.2689086525482242,1720697305551407916
0.1239328223946006,0.18525050798699721,0.7933665569804721,0.7577897782709769,-0.3852951727784219,-0.4348141838653103,-0.2970503447081217,1720697305576420532
0.1119811842007579,0.17018404120644948,0.8039512052239014,0.7717583192559535,-0.33475865168614527,-0.43230066617295193,-0.3247181482561791,1720697305601875694
0.10213111975518666,0.15697030346108384,0.8128733408984461,0.7818098942795748,-0.2881600648792898,-0.4289967971773886,-0.3488535713259451,1720697305626406930
0.0929877319373939,0.14265408968148888,0.8213847740356836,0.7886811560800173,-0.2414777997438421,-0.42489259547213387,-0.37301044032052755,1720697305651407201
0.08448375421653669,0.1267916254629058,0.8294863062207443,0.7923449662412931,-0.1945411233108421,-0.4199840782565992,-0.39743751688031986,1720697305676407067
0.07688635033989792,0.11037946735538343,0.8370055528172431,0.7931084437871426,-0.14777520080461165,-0.4142373321410484,-0.42136554092777967,1720697305701409470
0.07030695406155707,0.09371650033650114,0.8439653653690045,0.7910872794122432,-0.10157141900623096,-0.407559033170062,-0.44470192002585335,1720697305726407114
0.06464552416414329,0.07631977994168321,0.8503792400834163,0.7861349561281804,-0.05565830558455972,-0.40000204142024753,-0.4678593278245439,1720697305751407462
0.05997363277020309,0.05836757935418478,0.856251997698573,0.7783065310559413,-0.010306938473266022,-0.3915848001728878,-0.49070770832394184,1720697305776407695
0.05634414189923782,0.04003613981051614,0.8615552351906367,-0.7677175119679729,-0.034156566782791165,0.38230870020992697,0.5131113022601573,1720697305801426818
0.053776294982763574,0.021407286951317106,0.8662603960783638,-0.7544811610584078,-0.077492096177655,0.3722419553133535,0.5349664282386711,1720697305826409116
0.05227731041818656,0.002367735411947649,0.8704001236500533,-0.7385327973054765,-0.11982844676429806,0.36129123428694504,0.5564881801778182,1720697305851407176
0.0518786158538332,-0.017005557731090463,0.8739298592853542,-0.7199757325536147,-0.1609233515920611,0.34950260637292224,0.5775695175342946,1720697305876417173
0.052597284468903764,-0.03644037521063855,0.8768432574321627,-0.6990259570896203,-0.2004404484180634,0.33698824838771374,0.5980177743190302,1720697305901416155
0.05444932467988191,-0.05602214182521979,0.8791546487024366,-0.6757442034092371,-0.238216828666388,0.32380301359151636,0.6178787279782308,1720697305926408406
0.05744384772255289,-0.07565011246029117,0.8808494823409156,-0.6502257718157605,-0.27424513621811086,0.30987945568460623,0.6371583585514049,1720697305951416222
0.061589308801087025,-0.09521536171411475,0.8819229221714441,-0.6225388805959587,-0.30848799282506034,0.295254747411773,0.655824011881165,1720697305976423024
0.06686811560079449,-0.11467272765019185,0.8823542132669389,-0.5929511352886836,-0.3406192782424466,0.2799229765535325,0.6738179172794877,1720697306001407663
0.07330715037031388,-0.13400666603940703,0.8821791682258002,-0.5614535488529766,-0.37068509071618594,0.2638847984765037,0.691178189133704,1720697306026407866
0.08089573334954259,-0.15320127826609387,0.8813662396968728,-0.5280992442689748,-0.3985019790865671,0.24707114454630616,0.7079994423721006,1720697306051407232
0.0896298545171508,-0.1721105455161776,0.8798794091790313,-0.4932205196776569,-0.42393871992675286,0.2297153453883605,0.7240444328968177,1720697306076407256
0.09946486156378986,-0.19070931496223506,0.8777219618564969,-0.4569652464239315,-0.4468731382309747,0.21172449231532195,0.7393645252797397,1720697306101424175
0.11038611901345516,-0.20867404746995716,0.8749530433547787,-0.4195838412724601,-0.4672791352009728,0.19317094587871667,0.7538465331996957,1720697306126409238
0.12237434311137564,-0.2263682913870934,0.871506576032443,-0.3809967518073599,-0.4850296632222426,0.1739548992491602,0.7676766206769445,1720697306151417337
0.13541457454821593,-0.2433838768585879,0.8674119523111019,-0.3416762834961592,-0.500020464057612,0.1543558490879158,0.7806478877651634,1720697306176416825
0.14972568925246926,-0.26009102143717566,0.8625656593471757,-0.30092260069715604,-0.5125188781714738,0.1338710316767431,0.7929997066741692,1720697306201876133
0.16443610253333613,-0.27545608873116556,0.8572816776091037,-0.2612506033803314,-0.5218458851980615,0.11372779992089219,0.8040466291580469,1720697306226406643
0.1804112843802122,-0.2903881726761623,0.8512755397712212,-0.22033465112480505,-0.5286367796245582,0.09269676638312856,0.814495614625394,1720697306251407259
0.19730269623627686,-0.3045602611485546,0.844593591651962,-0.17927026264763804,-0.5326316057706673,0.07129963669843228,0.8240643829647529,1720697306276406808
0.21504246083068904,-0.31793411066193106,0.8372273104851246,-0.13829357016361551,-0.5337857526023915,0.049559458175836804,0.8327613817147246,1720697306301407057
0.233592824257814,-0.33035427838858866,0.8292107852114706,-0.09756494224023307,-0.5321729601746631,0.02751118756079712,0.8405451546845006,1720697306326408264
0.2528614557026075,-0.34173083080375394,0.8206414977462154,-0.05718115229966948,-0.5278011150310795,0.005143433230126727,0.8474254208414086,1720697306351419120
0.2726910638226888,-0.3519275270953873,0.8115834065025317,-0.017547620928541507,-0.5207808557208818,-0.01742178433861474,0.8533322112429796,1720697306376408547
0.2933258264700771,-0.36124819575413886,0.8017656736658272,0.021474176986322598,-0.5110423206863188,-0.040255295937818805,0.8583438223341858,1720697306401407653
0.3145338732626073,-0.3695033672806034,0.7913024287708278,0.059444723192173816,-0.4986824328743175,-0.06322821611335261,0.8624293296927469,1720697306426407596
0.3362326389828277,-0.3766398630451606,0.7802309561289898,0.09644024813713449,-0.4837746462768769,-0.08655133167876036,0.8655462073994454,1720697306451416483
0.35844372385186507,-0.38269929891410603,0.7684825959563425,0.13226466114705224,-0.4662880365457598,-0.110170211414289,0.8677234875828166,1720697306476408154
0.3792156124907397,-0.3874251306483938,0.7569798775208486,0.16372299087411935,-0.44809470288066283,-0.13173803169830997,0.8689367126055721,1720697306501407882
0.39261534653644886,-0.39014511792050177,0.7492138026342158,0.18309728829229893,-0.4354407606167308,-0.14568027900395455,0.8692778516233228,1720697306526408115
0.39544624134811607,-0.390330784564896,0.7479184416350311,0.1876224662703465,-0.4325831154234283,-0.1494160158710597,0.8691055819648225,1720697306551408180
0.3921099835942268,-0.38883369895021547,0.750663934488532,0.18354833188768582,-0.43591535150443034,-0.14667453834695254,0.8687775296269611,1720697306576407791
0.3895741230765784,-0.38816263276694957,0.7522817482291153,0.17987646703559537,-0.4384713214989799,-0.14379231867291223,0.8687411155922103,1720697306601408293
0.3897517853645082,-0.38907159730995594,0.7513884233864231,0.17943133231034644,-0.4383088263521392,-0.14307786844705586,0.8690330795129673,1720697306626409744
0.3902114058771984,-0.3897274747117041,0.7506258890390619,0.17970433261290691,-0.43786008718843866,-0.14312253523012633,0.8691955112612949,1720697306651407939
