IMU,nth_pos,acc.x,acc.y,acc.z,gyr.x,gyr.y,gyr.z,mag.x,mag.y,mag.z,mag.norm,nsecs,secs
4.0,0,0.07182714343070984,0.14365428686141968,9.823558807373047,0.07030852884054184,0.013316008262336254,-0.005060083232820034,-41.54011917114258,18.56314468383789,-29.687911987304688,54.328113895770166,29524271,1720698538
4.0,0,0.05746171623468399,0.13886581361293793,9.778068542480469,0.0681779608130455,0.013049688190221786,-0.007989604957401752,-40.492889404296875,17.862648010253906,-29.013187408447266,52.91987651010279,42524271,1720698538
4.0,0,0.10055800527334213,0.18675057590007782,9.816376686096191,0.0681779608130455,0.015180249698460102,-0.004527443088591099,-40.66742706298828,18.03777313232422,-30.868682861328125,54.14865155375452,54524271,1720698538
4.0,0,0.10055800527334213,0.15801972150802612,9.775674819946289,0.06604740023612976,0.015180249698460102,-0.006924324203282595,-41.016502380371094,18.03777313232422,-29.181869506835938,53.47238759403012,67524271,1720698538
4.0,0,0.08140409737825394,0.24181805551052094,9.770886421203613,0.06604740023612976,0.012517048045992851,-0.006125363986939192,-41.016502380371094,18.73826789855957,-28.844507217407227,53.53019473131247,79524271,1720698538
4.0,0,0.07661562412977219,0.24660654366016388,9.739761352539062,0.06871060281991959,0.015712888911366463,-0.006391684524714947,-40.66742706298828,18.388019561767578,-30.19395637512207,53.885377319920416,92524271,1720698538
4.0,0,0.1412600576877594,0.2346353530883789,9.734972953796387,0.06764532625675201,0.015180249698460102,-0.005592723377048969,-41.88919448852539,17.512399673461914,-29.687911987304688,54.24721997841478,104524271,1720698538
4.0,0,0.14604853093624115,0.2346353530883789,9.775674819946289,0.0719064474105835,0.012783369049429893,-0.002663201652467251,-41.016502380371094,18.388019561767578,-28.169780731201172,53.0472362839657,117524271,1720698538
4.0,0,0.059855956584215164,0.15801972150802612,9.763703346252441,0.06844428181648254,0.013049688190221786,-0.00719064474105835,-42.23827362060547,17.862648010253906,-31.71208953857422,55.756637051474975,129524271,1720698538
4.0,0,0.07900986075401306,0.19632753729820251,9.782856941223145,0.06711268424987793,0.013582328334450722,-0.004527443088591099,-40.492889404296875,18.2128963470459,-29.350549697875977,53.22441595005382,142524271,1720698538
4.0,0,0.06943290680646896,0.13886581361293793,9.835530281066895,0.06711268424987793,0.015180249698460102,-0.007456964813172817,-40.492889404296875,18.2128963470459,-29.350549697875977,53.22441595005382,154524271,1720698538
4.0,0,0.09337528795003891,0.18435634672641754,9.845107078552246,0.0681779608130455,0.015180249698460102,-0.006658004131168127,-41.191043853759766,18.2128963470459,-29.350549697875977,53.757478127959885,167524271,1720698538
4.0,0,-0.004788476508110762,0.1699909120798111,9.835530281066895,0.06791163980960846,0.015712888911366463,-0.0034621621016412973,-41.36558151245117,17.337276458740234,-30.53131866455078,54.2572935951138,179524271,1720698538
4.0,0,0.019153906032443047,0.18435634672641754,9.780463218688965,0.06764532625675201,0.013316008262336254,-0.0034621621016412973,-40.66742706298828,17.337276458740234,-29.85659408569336,53.34638684417268,192524271,1720698538
4.0,0,0.09098105132579803,0.1699909120798111,9.80919361114502,0.06711268424987793,0.013316008262336254,-0.004793763160705566,-41.36558151245117,19.088516235351562,-28.844507217407227,53.92113113191877,204524271,1720698538
4.0,0,0.1125291958451271,0.1891448199748993,9.756521224975586,0.0644494816660881,0.013582328334450722,-0.004261122550815344,-40.84196472167969,18.56314468383789,-28.675825119018555,53.244336498228265,217524271,1720698538
4.0,0,0.11731767654418945,0.2346353530883789,9.792434692382812,0.0681779608130455,0.013316008262336254,-0.004261122550815344,-40.492889404296875,17.512399673461914,-29.350549697875977,52.98880072429621,229524271,1720698538
4.0,0,0.09337528795003891,0.23224110901355743,9.768491744995117,0.06658004224300385,0.010919126681983471,-0.005326403304934502,-41.191043853759766,19.263641357421875,-30.02527618408203,54.49134960743896,242524271,1720698538
4.0,0,0.09576953202486038,0.17717362940311432,9.782856941223145,0.06950956583023071,0.009054886177182198,-0.006658004131168127,-42.23827362060547,16.811904907226562,-29.350549697875977,54.112537111340956,254524271,1720698538
4.0,0,0.09098105132579803,0.15562549233436584,9.794828414916992,0.06711268424987793,0.013049688190221786,-0.008522245101630688,-41.016502380371094,17.337276458740234,-28.169780731201172,52.69223063194164,267524271,1720698538
4.0,0,0.09098105132579803,0.18435634672641754,9.818770408630371,0.06791163980960846,0.010386486537754536,-0.00719064474105835,-41.36558151245117,18.73826789855957,-29.51923179626465,54.162893788488,279524271,1720698538
4.0,0,0.10774072259664536,0.16520243883132935,9.766098022460938,0.06684636324644089,0.013582328334450722,-0.010120166465640068,-41.36558151245117,18.73826789855957,-29.51923179626465,54.162893788488,292524271,1720698538
4.0,0,0.09337528795003891,0.20351025462150574,9.782856941223145,0.06578107923269272,0.010120166465640068,-0.006391684524714947,-41.016502380371094,17.337276458740234,-29.51923179626465,53.42583334275075,304524271,1720698538
4.0,0,0.05267323926091194,0.23702958226203918,9.797223091125488,0.06924324482679367,0.010120166465640068,-0.0034621621016412973,-41.88919448852539,18.913393020629883,-29.350549697875977,54.53325424012219,317524271,1720698538
4.0,0,0.04070204868912697,0.21069295704364777,9.756521224975586,0.06658004224300385,0.012783369049429893,-0.004527443088591099,-41.191043853759766,17.512399673461914,-29.687911987304688,53.70994651134349,329524271,1720698538
4.0,0,0.08858681470155716,0.15323124825954437,9.869050025939941,0.06737900525331497,0.016245530918240547,-0.004527443088591099,-41.016502380371094,17.687524795532227,-29.85659408569336,53.72725761947481,342524271,1720698538
4.0,0,0.11013495922088623,0.2154814451932907,9.792434692382812,0.06658004224300385,0.012517048045992851,-0.005326403304934502,-41.88919448852539,17.862648010253906,-29.350549697875977,54.17779597218053,354524271,1720698538
4.0,0,0.10534647852182388,0.17717362940311432,9.792434692382812,0.06764532625675201,0.017310811206698418,-0.006924324203282595,-41.016502380371094,16.987028121948242,-30.53131866455078,53.880181990516654,367524271,1720698538
4.0,0,0.16280819475650787,0.1316830962896347,9.794828414916992,0.0663137212395668,0.016778171062469482,-0.006125363986939192,-41.714656829833984,18.388019561767578,-29.85659408569336,54.494477410400236,379524271,1720698538
4.0,0,0.07182714343070984,0.1508370041847229,9.804405212402344,0.06977588683366776,0.011984407901763916,-0.007989604957401752,-40.14381408691406,16.811904907226562,-31.037363052368164,53.45543808911173,392524271,1720698538
4.0,0,0.09576953202486038,0.18435634672641754,9.75173282623291,0.07057484239339828,0.012517048045992851,-0.005592723377048969,-40.84196472167969,18.2128963470459,-28.675825119018555,53.12323994196609,404524271,1720698538
4.0,0,0.03591357171535492,0.13647158443927765,9.80919361114502,0.06658004224300385,0.0098538463935256,-0.006391684524714947,-39.44565963745117,18.2128963470459,-30.362638473510742,53.0052777811323,417524271,1720698538
4.0,0,0.03591357171535492,0.18435634672641754,9.811588287353516,0.06711268424987793,0.010386486537754536,-0.00719064474105835,-41.191043853759766,18.56314468383789,-30.02527618408203,54.24766948216175,429524271,1720698538
4.0,0,0.09576953202486038,0.17717362940311432,9.770886421203613,0.06498212367296219,0.013049688190221786,-0.00719064474105835,-41.016502380371094,18.03777313232422,-29.51923179626465,53.6572434339837,442524271,1720698538
4.0,0,0.14365428686141968,0.20111601054668427,9.778068542480469,0.06604740023612976,0.013582328334450722,-0.005859043914824724,-41.191043853759766,18.913393020629883,-29.350549697875977,53.99882681024338,454524271,1720698538
4.0,0,0.14604853093624115,0.2154814451932907,9.80919361114502,0.06578107923269272,0.012517048045992851,-0.005859043914824724,-41.54011917114258,18.913393020629883,-28.675825119018555,53.90362587583579,467524271,1720698538
4.0,0,0.13886581361293793,0.17238515615463257,9.799616813659668,0.06498212367296219,0.010919126681983471,-0.00719064474105835,-41.191043853759766,18.913393020629883,-29.013187408447266,53.816201769660914,479524271,1720698538
4.0,0,0.13407734036445618,0.217875674366951,9.799616813659668,0.06524843722581863,0.010386486537754536,-0.007456964813172817,-41.191043853759766,18.913393020629883,-29.013187408447266,53.816201769660914,492524271,1720698538
4.0,0,0.09337528795003891,0.21069295704364777,9.761309623718262,0.06924324482679367,0.012517048045992851,-0.00825592502951622,-42.936424255371094,17.862648010253906,-29.687911987304688,55.172301383406115,504524271,1720698538
4.0,0,0.1221061497926712,0.15323124825954437,9.811588287353516,0.06711268424987793,0.015712888911366463,-0.007723285350948572,-41.714656829833984,18.03777313232422,-29.85659408569336,54.377293647274065,517524271,1720698538
4.0,0,0.03112509660422802,0.18435634672641754,9.804405212402344,0.06871060281991959,0.012250727973878384,-0.006924324203282595,-40.84196472167969,16.111408233642578,-31.374725341796875,53.963107285174054,529524271,1720698538
4.0,0,0.09098105132579803,0.18196210265159607,9.802011489868164,0.07217276096343994,0.012783369049429893,-0.005859043914824724,-41.016502380371094,18.73826789855957,-29.181869506835938,53.712732748121994,542524271,1720698538
4.0,0,0.15323124825954437,0.16280819475650787,9.816376686096191,0.06524843722581863,0.016245530918240547,-0.006125363986939192,-42.412811279296875,17.687524795532227,-30.19395637512207,54.985180690696964,555524271,1720698538
4.0,0,0.04788476601243019,0.20590448379516602,9.804405212402344,0.06871060281991959,0.009587526321411133,-0.005326403304934502,-41.191043853759766,17.862648010253906,-29.350549697875977,53.639827136821346,567524271,1720698538
4.0,0,0.12689462304115295,0.21308720111846924,9.775674819946289,0.06897692382335663,0.010120166465640068,-0.00878856610506773,-40.84196472167969,18.2128963470459,-30.02527618408203,53.86365087520126,580524271,1720698538
4.0,0,0.09576953202486038,0.21069295704364777,9.770886421203613,0.07030852884054184,0.010386486537754536,-0.005060083232820034,-42.76188659667969,17.687524795532227,-29.85659408569336,55.07126010087041,592524271,1720698538
4.0,0,0.15323124825954437,0.14604853093624115,9.813982009887695,0.06871060281991959,0.013582328334450722,-0.00878856610506773,-41.36558151245117,17.337276458740234,-28.844507217407227,53.32633575903269,605524271,1720698538
4.0,0,0.11492343246936798,0.217875674366951,9.766098022460938,0.06737900525331497,0.013049688190221786,-0.004261122550815344,-40.31835174560547,18.03777313232422,-29.51923179626465,53.12547216634565,617524271,1720698538
4.0,0,0.14844277501106262,0.20111601054668427,9.768491744995117,0.06578107923269272,0.010919126681983471,-0.003994802478700876,-41.016502380371094,18.73826789855957,-29.85659408569336,54.08227400687803,630524271,1720698538
4.0,0,0.13647158443927765,0.1795678734779358,9.816376686096191,0.06524843722581863,0.012250727973878384,-0.007989604957401752,-40.31835174560547,18.73826789855957,-30.19395637512207,53.74353145173222,642524271,1720698538
4.0,0,0.09816376864910126,0.18196210265159607,9.761309623718262,0.06551475822925568,0.01384864840656519,-0.004793763160705566,-41.36558151245117,18.388019561767578,-30.19395637512207,54.41420401742512,655524271,1720698538
4.0,0,0.06225019320845604,0.14365428686141968,9.818770408630371,0.06658004224300385,0.011984407901763916,-0.004261122550815344,-41.88919448852539,16.811904907226562,-29.350549697875977,53.84050082488667,667524271,1720698538
4.0,0,0.07422138750553131,0.15562549233436584,9.833135604858398,0.0681779608130455,0.015180249698460102,-0.004793763160705566,-41.714656829833984,17.337276458740234,-28.169780731201172,53.23748957155621,680524271,1720698538
4.0,0,0.10295224189758301,0.2250583916902542,9.768491744995117,0.06924324482679367,0.012250727973878384,-0.007723285350948572,-41.714656829833984,17.337276458740234,-28.169780731201172,53.23748957155621,692524271,1720698538
4.0,0,0.07900986075401306,0.16520243883132935,9.821165084838867,0.06711268424987793,0.014114969410002232,-0.004527443088591099,-40.31835174560547,18.73826789855957,-30.19395637512207,53.74353145173222,705524271,1720698538
4.0,0,0.11731767654418945,0.20111601054668427,9.787646293640137,0.06658004224300385,0.014647609554231167,-0.004261122550815344,-41.36558151245117,18.388019561767578,-29.51923179626465,54.04272053763385,717524271,1720698538
4.0,0,0.1795678734779358,0.20111601054668427,9.768491744995117,0.06604740023612976,0.010652806609869003,-0.002130561275407672,-40.31835174560547,18.03777313232422,-29.85659408569336,53.313665766418886,730524271,1720698538
4.0,0,0.12928886711597443,0.22745263576507568,9.746943473815918,0.06844428181648254,0.011185446754097939,-0.005592723377048969,-39.96927261352539,19.088516235351562,-27.83241844177246,52.31211830579514,742524271,1720698538
4.0,0,0.10295224189758301,0.18196210265159607,9.80679988861084,0.06711268424987793,0.012783369049429893,-0.0034621621016412973,-39.96927261352539,19.088516235351562,-27.83241844177246,52.31211830579514,755524271,1720698538
4.0,0,0.019153906032443047,0.17477938532829285,9.821165084838867,0.0631178766489029,0.016245530918240547,-0.005859043914824724,-40.492889404296875,19.263641357421875,-29.350549697875977,53.59306613941285,767524271,1720698538
4.0,0,0.050279002636671066,0.20590448379516602,9.84271240234375,0.06764532625675201,0.010919126681983471,-0.005060083232820034,-41.36558151245117,19.088516235351562,-29.51923179626465,54.285060852615096,780524271,1720698538
4.0,0,0.059855956584215164,0.16280819475650787,9.794828414916992,0.06365051865577698,0.011984407901763916,-0.002396881580352783,-40.84196472167969,19.263641357421875,-29.350549697875977,53.85729967461969,792524271,1720698538
4.0,0,0.059855956584215164,0.19393329322338104,9.825953483581543,0.07137380540370941,0.016245530918240547,-0.002663201652467251,-41.016502380371094,18.73826789855957,-30.19395637512207,54.26924684330851,805524271,1720698538
4.0,0,0.08379834145307541,0.1891448199748993,9.792434692382812,0.06578107923269272,0.010386486537754536,-0.004527443088591099,-42.23827362060547,17.512399673461914,-29.013187408447266,54.15275564890385,817524271,1720698538
4.0,0,0.028730858117341995,0.22266416251659393,9.811588287353516,0.06365051865577698,0.012250727973878384,-0.007456964813172817,-42.23827362060547,17.512399673461914,-29.013187408447266,54.15275564890385,830524271,1720698538
4.0,0,0.09816376864910126,0.2442122995853424,9.823558807373047,0.06684636324644089,0.0098538463935256,-0.005592723377048969,-40.66742706298828,19.088516235351562,-28.844507217407227,53.38742054647152,842524271,1720698538
4.0,0,0.1412600576877594,0.21308720111846924,9.845107078552246,0.06658004224300385,0.012517048045992851,-0.00719064474105835,-40.31835174560547,19.438764572143555,-29.181869506835938,53.432355024718795,855524271,1720698538
4.0,0,0.09337528795003891,0.20351025462150574,9.818770408630371,0.06737900525331497,0.01384864840656519,-0.006924324203282595,-39.96927261352539,17.687524795532227,-28.844507217407227,52.367899358881445,867524271,1720698538
4.0,0,0.16280819475650787,0.20111601054668427,9.835530281066895,0.06551475822925568,0.014913929626345634,-0.007723285350948572,-40.84196472167969,17.512399673461914,-29.350549697875977,53.256032449080216,880524271,1720698538
4.0,0,0.033519335091114044,0.16280819475650787,9.763703346252441,0.06977588683366776,0.011718087829649448,-0.002396881580352783,-41.54011917114258,17.512399673461914,-30.02527618408203,54.16440577543706,892524271,1720698538
4.0,0,0.0,0.1699909120798111,9.80679988861084,0.06764532625675201,0.014913929626345634,-0.005326403304934502,-40.66742706298828,17.687524795532227,-28.844507217407227,52.90268191624217,905524271,1720698538
4.0,0,0.050279002636671066,0.17477938532829285,9.749338150024414,0.06684636324644089,0.01145176775753498,-0.004793763160705566,-40.14381408691406,18.2128963470459,-30.02527618408203,53.33622233270145,917524271,1720698538
4.0,0,0.13647158443927765,0.21069295704364777,9.799616813659668,0.06604740023612976,0.014114969410002232,-0.006391684524714947,-40.84196472167969,19.613887786865234,-30.362638473510742,54.54044821520799,930524271,1720698538
4.0,0,0.13647158443927765,0.20351025462150574,9.813982009887695,0.06871060281991959,0.012517048045992851,-0.006391684524714947,-41.54011917114258,18.913393020629883,-30.02527618408203,54.6334617815487,942524271,1720698538
4.0,0,0.10774072259664536,0.17238515615463257,9.861867904663086,0.0663137212395668,0.0143812894821167,-0.006391684524714947,-41.54011917114258,18.913393020629883,-30.02527618408203,54.6334617815487,955524271,1720698538
4.0,0,0.1412600576877594,0.22745263576507568,9.823558807373047,0.06578107923269272,0.012517048045992851,-0.007456964813172817,-41.714656829833984,17.687524795532227,-29.51923179626465,54.07722416752716,967524271,1720698538
4.0,0,0.11492343246936798,0.1795678734779358,9.782856941223145,0.06498212367296219,0.0143812894821167,-0.0015979211311787367,-40.14381408691406,18.2128963470459,-28.675825119018555,52.58838606621707,980524271,1720698538
4.0,0,0.09337528795003891,0.18196210265159607,9.816376686096191,0.0681779608130455,0.012250727973878384,-0.005592723377048969,-42.23827362060547,18.913393020629883,-28.338462829589844,54.26653360539986,992524271,1720698538
4.0,0,0.10774072259664536,0.18435634672641754,9.849896430969238,0.06524843722581863,0.009321206249296665,-0.009321206249296665,-41.36558151245117,18.03777313232422,-28.844507217407227,53.55817575358124,5524271,1720698539
4.0,0,0.09098105132579803,0.1221061497926712,9.799616813659668,0.06764532625675201,0.014114969410002232,-0.006924324203282595,-41.191043853759766,17.512399673461914,-29.350549697875977,53.524209509836915,17524271,1720698539
4.0,0,0.04549052566289902,0.22266416251659393,9.78525161743164,0.06791163980960846,0.016245530918240547,-0.009321206249296665,-41.191043853759766,17.512399673461914,-29.350549697875977,53.524209509836915,30524271,1720698539
4.0,0,0.04070204868912697,0.16759668290615082,9.766098022460938,0.06498212367296219,0.012250727973878384,-0.006391684524714947,-40.66742706298828,18.388019561767578,-29.181869506835938,53.3248571985094,43524271,1720698539
4.0,0,0.09576953202486038,0.20590448379516602,9.864261627197266,0.06737900525331497,0.014114969410002232,-0.005060083232820034,-41.54011917114258,19.964136123657227,-29.013187408447266,54.46019900362397,55524271,1720698539
4.0,0,0.15801972150802612,0.15562549233436584,9.861867904663086,0.06578107923269272,0.01145176775753498,-0.006658004131168127,-41.88919448852539,20.31438446044922,-29.013187408447266,54.85566401477727,68524271,1720698539
4.0,0,-5.590546131134033,5.657585144042969,6.837944030761719,0.0394153855741024,0.12064303457736969,-0.5669956207275391,-40.84196472167969,19.263641357421875,-29.687911987304688,54.041891888055254,80524271,1720698539
4.0,0,-6.902588844299316,6.478808403015137,7.63043737411499,-0.08016236871480942,0.027164656668901443,-0.826657772064209,-40.84196472167969,19.263641357421875,-29.687911987304688,54.041891888055254,93524271,1720698539
4.0,0,-13.479560852050781,7.230599403381348,3.5434725284576416,-0.22184470295906067,0.08202660828828812,-1.2740757465362549,-41.36558151245117,17.337276458740234,-29.51923179626465,53.69429704085558,105524271,1720698539
4.0,0,1.355138897895813,6.9744157791137695,6.933713912963867,-0.3057355582714081,0.03595322370529175,-1.4698209762573242,-41.36558151245117,16.63677978515625,-28.844507217407227,53.102724714444584,118524271,1720698539
4.0,0,1.355138897895813,6.9744157791137695,6.933713912963867,-0.3057355582714081,0.03595322370529175,-1.4698209762573242,-41.714656829833984,18.03777313232422,-29.85659408569336,54.377293647274065,130524271,1720698539
4.0,0,0.7709447145462036,-3.153211832046509,11.116448402404785,-0.441558837890625,0.05432931333780289,-1.850658893585205,-42.412811279296875,18.388019561767578,-29.181869506835938,54.66760770265332,143524271,1720698539
4.0,0,3.7805020809173584,-3.1843366622924805,12.933674812316895,-0.3784409463405609,0.06018836051225662,-1.8437345027923584,-41.54011917114258,19.263641357421875,-28.675825119018555,54.02751452136807,155524271,1720698539
4.0,0,0.8643199801445007,-4.307234764099121,12.433279037475586,-0.3083987534046173,0.042877547442913055,-1.7981938123703003,-43.634578704833984,17.862648010253906,-30.02527618408203,55.897834149607114,168524271,1720698539
4.0,0,-0.7853101491928101,-1.2833117246627808,10.419724464416504,-0.27857089042663574,0.07403700798749924,-1.7880736589431763,-44.68180847167969,19.613887786865234,-28.675825119018555,56.599218622452234,180524271,1720698539
4.0,0,-1.0821956396102905,0.38307812809944153,9.208239555358887,-0.2721792161464691,-0.002396881580352783,-1.701785922050476,-44.50727081298828,20.4895076751709,-29.181869506835938,57.02892764120299,193524271,1720698539
4.0,0,0.08619257807731628,-0.03112509660422802,8.667141914367676,-0.29002267122268677,-0.025566738098859787,-1.6690285205841064,-45.20542526245117,18.388019561767578,-27.15769386291504,55.84970969051513,205524271,1720698539
4.0,0,0.9600895047187805,0.7063003182411194,8.087737083435059,-0.31319254636764526,-0.035420581698417664,-1.6309447288513184,-44.856346130371094,19.438764572143555,-29.51923179626465,57.10816405821923,218524271,1720698539
4.0,0,-0.1987217664718628,-2.5139501094818115,10.786043167114258,-0.3544721305370331,-0.024501455947756767,-1.637869119644165,-45.72903823852539,19.263641357421875,-29.013187408447266,57.480412839206146,230524271,1720698539
4.0,0,-0.7709447145462036,0.4692707061767578,9.54343318939209,-0.31425780057907104,-0.0375511460006237,-1.6549135446548462,-46.252655029296875,20.4895076751709,-28.844507217407227,58.23344072476816,243524271,1720698539
4.0,0,0.533915102481842,-1.3096483945846558,9.952848434448242,-0.30067548155784607,-0.07536860555410385,-1.6543809175491333,-46.42719268798828,19.964136123657227,-28.338462829589844,57.94065435940082,255524271,1720698539
4.0,0,1.4628795385360718,0.25857773423194885,10.108473777770996,-0.3060018718242645,-0.09001621603965759,-1.6405322551727295,-47.64896011352539,17.337276458740234,-29.181869506835938,58.50287226129263,268524271,1720698539
4.0,0,-0.3184336721897125,-0.9361472129821777,9.505125999450684,-0.32730749249458313,-0.09267941862344742,-1.6399996280670166,-48.8707275390625,20.66463279724121,-28.675825119018555,60.313166100766374,280524271,1720698539
4.0,0,-0.39026084542274475,-0.7063003182411194,9.737366676330566,-0.279103547334671,-0.11025655269622803,-1.6341404914855957,-48.8707275390625,20.66463279724121,-28.675825119018555,60.313166100766374,293524271,1720698539
4.0,0,0.6009538173675537,-0.2250583916902542,8.750940322875977,-0.2833646535873413,-0.12916527688503265,-1.6365375518798828,-47.125343322753906,20.31438446044922,-28.001100540161133,58.45967696416547,305524271,1720698539
4.0,0,1.5059758424758911,0.011971191503107548,9.823558807373047,-0.29854491353034973,-0.15340042114257812,-1.6445269584655762,-50.965187072753906,19.964136123657227,-28.338462829589844,61.636722009438195,318524271,1720698539
4.0,0,-0.9361472129821777,-3.351933479309082,10.888995170593262,-0.30120810866355896,-0.15340042114257812,-1.6413311958312988,-50.616111755371094,17.862648010253906,-28.338462829589844,60.697062850804315,330524271,1720698539
4.0,0,-0.19393329322338104,-1.3455618619918823,9.75412654876709,-0.26365697383880615,-0.17097754776477814,-1.6296131610870361,-50.7906494140625,20.13926124572754,-28.169780731201172,61.47207868512194,343524271,1720698539
4.0,0,-0.636867344379425,-2.7940759658813477,10.26409912109375,-0.27670666575431824,-0.18029874563217163,-1.6463913917541504,-50.965187072753906,18.913393020629883,-26.989011764526367,60.692449983003286,355524271,1720698539
4.0,0,1.3359850645065308,0.3974435329437256,9.653568267822266,-0.2569989860057831,-0.2101266235113144,-1.6261509656906128,-51.13972473144531,19.088516235351562,-28.169780731201172,61.426211376897015,368524271,1720698539
4.0,0,2.3056514263153076,0.416597455739975,9.43569278717041,-0.2522051930427551,-0.21838253736495972,-1.6338741779327393,-52.885108947753906,19.789012908935547,-27.83241844177246,62.953024523399456,380524271,1720698539
4.0,0,0.8691084980964661,-0.9912146329879761,8.916143417358398,-0.24528087675571442,-0.23116591572761536,-1.6487882137298584,-54.28141403198242,20.4895076751709,-27.83241844177246,64.35009984763272,393524271,1720698539
4.0,0,0.4261744022369385,-3.244192600250244,10.419724464416504,-0.2615264058113098,-0.2207794189453125,-1.6442606449127197,-55.328643798828125,19.088516235351562,-28.844507217407227,65.25056224508674,405524271,1720698539
4.0,0,0.34237605333328247,-1.7118803262710571,9.715819358825684,-0.2402207851409912,-0.24687878787517548,-1.637869119644165,-53.23418426513672,19.438764572143555,-26.820329666137695,62.69827769457515,418524271,1720698539
4.0,0,3.5027706623077393,1.972852349281311,9.45724105834961,-0.20719709992408752,-0.27058130502700806,-1.6333415508270264,-56.375877380371094,19.789012908935547,-27.15769386291504,65.63067056086253,430524271,1720698539
4.0,0,3.5027706623077393,1.972852349281311,9.45724105834961,-0.20719709992408752,-0.27058130502700806,-1.6333415508270264,-56.026798248291016,17.337276458740234,-27.49505615234375,64.77315331047292,443524271,1720698539
4.0,0,1.2593693733215332,-1.1348689794540405,9.59610652923584,-0.19601164758205414,-0.27058130502700806,-1.628281593322754,-55.85226058959961,17.512399673461914,-28.001100540161133,64.88621415024784,455524271,1720698539
4.0,0,0.050279002636671066,-2.3008627891540527,9.737366676330566,-0.18402723968029022,-0.2764403223991394,-1.6493208408355713,-55.85226058959961,18.2128963470459,-26.651649475097656,64.50965064283214,468524271,1720698539
4.0,0,-0.3471645414829254,0.07182714343070984,8.092525482177734,-0.18802203238010406,-0.27430975437164307,-1.6418638229370117,-57.07402801513672,16.63677978515625,-27.15769386291504,65.35875956170074,480524271,1720698539
4.0,0,-1.237821102142334,-2.444517135620117,9.241759300231934,-0.18615780770778656,-0.31612205505371094,-1.645592451095581,-57.07402801513672,16.63677978515625,-27.15769386291504,65.35875956170074,493524271,1720698539
4.0,0,2.241007089614868,0.22984686493873596,9.007123947143555,-0.16352058947086334,-0.32810643315315247,-1.6413311958312988,-59.168487548828125,16.63677978515625,-27.83241844177246,67.47100026495478,505524271,1720698539
4.0,0,0.8020698428153992,-2.035102367401123,9.150778770446777,-0.1539330631494522,-0.3222474157810211,-1.6490545272827148,-59.69210433959961,18.2128963470459,-26.989011764526367,67.99458559226335,518524271,1720698539
4.0,0,-0.6320788860321045,-2.5642292499542236,8.9568452835083,-0.16218899190425873,-0.31612205505371094,-1.6328089237213135,-59.5175666809082,16.987028121948242,-27.49505615234375,67.726493935924,531524271,1720698539
4.0,0,-0.5650402307510376,-5.0925445556640625,9.960031509399414,-0.14620977640151978,-0.3408898115158081,-1.6474566459655762,-59.69210433959961,15.761160850524902,-25.63956069946289,66.85019509849771,543524271,1720698539
4.0,0,1.640053153038025,-0.31603944301605225,9.991155624389648,-0.09960374981164932,-0.35180893540382385,-1.6429290771484375,-59.69210433959961,15.761160850524902,-25.63956069946289,66.85019509849771,556524271,1720698539
4.0,0,1.4556968212127686,-2.446911573410034,9.677511215209961,-0.12410520017147064,-0.37684306502342224,-1.6376028060913086,-61.43748474121094,14.36016845703125,-27.326374053955078,68.75688829766449,568524271,1720698539
4.0,0,0.20351025462150574,-3.900214195251465,9.268095970153809,-0.1075933501124382,-0.3475477993488312,-1.6514513492584229,-62.13563919067383,15.060664176940918,-26.314287185668945,69.13828876370931,581524271,1720698539
4.0,0,1.5442836284637451,-4.8387556076049805,10.996736526489258,-0.09720686078071594,-0.3840336799621582,-1.6570441722869873,-61.786563873291016,13.659672737121582,-25.9769229888916,68.40297261467764,593524271,1720698539
4.0,0,1.9273617267608643,-1.3647156953811646,9.155567169189453,-0.0700422003865242,-0.37817463278770447,-1.6541146039962769,-62.83379364013672,14.710416793823242,-26.651649475097656,69.81971358579722,606524271,1720698539
4.0,0,2.839566469192505,-1.0151569843292236,9.912145614624023,-0.05885675922036171,-0.3984149992465973,-1.642662763595581,-62.65925598144531,13.484548568725586,-24.458791732788086,68.60209838830379,618524271,1720698539
4.0,0,2.5977485179901123,-0.6967233419418335,9.29682731628418,-0.03701850399374962,-0.38110417127609253,-1.658642053604126,-62.65925598144531,13.484548568725586,-24.458791732788086,68.60209838830379,631524271,1720698539
4.0,0,3.177154064178467,-1.9489099979400635,10.13720417022705,-0.03595322370529175,-0.4026761054992676,-1.655446171760559,-65.10279083251953,12.433804512023926,-26.482967376708984,71.37450826381817,643524271,1720698539
4.0,0,0.9457241296768188,-3.098144292831421,9.315980911254883,-0.018908733502030373,-0.3816367983818054,-1.6336078643798828,-65.62640380859375,13.30942440032959,-24.96483612060547,71.46473743914116,656524271,1720698539
4.0,0,3.198702335357666,0.07422138750553131,10.055800437927246,0.001065280637703836,-0.4146605134010315,-1.645592451095581,-64.75371551513672,12.433804512023926,-25.808242797851562,70.80754595360116,668524271,1720698539
4.0,0,2.3295936584472656,0.10774072259664536,8.885018348693848,0.02902889810502529,-0.3946864902973175,-1.6602399349212646,-65.27732849121094,11.908432006835938,-26.989011764526367,71.63342183531816,681524271,1720698539
4.0,0,2.403815269470215,0.6919348239898682,8.940085411071777,0.018908733502030373,-0.4189216196537018,-1.6392006874084473,-67.37178802490234,9.456696510314941,-24.290111541748047,72.23846931705529,693524271,1720698539
4.0,0,1.9608811140060425,-2.214670419692993,9.445270538330078,0.024501455947756767,-0.41119831800460815,-1.6434617042541504,-67.54632568359375,10.332316398620605,-25.808242797851562,73.04333146720636,706524271,1720698539
4.0,0,1.0103685855865479,-1.9680639505386353,8.885018348693848,0.05086715519428253,-0.41625842452049255,-1.6783496141433716,-68.76809692382812,9.456696510314941,-25.30219841003418,73.88289049430834,718524271,1720698539
4.0,0,3.074201822280884,1.0486763715744019,8.528276443481445,0.06498212367296219,-0.41679105162620544,-1.666098952293396,-67.89540100097656,6.829836368560791,-24.796154022216797,72.60359079410757,731524271,1720698539
4.0,0,2.7198545932769775,-1.7741304636001587,9.576952934265137,0.0876193419098854,-0.4066708981990814,-1.6658326387405396,-68.94263458251953,7.180084228515625,-24.796154022216797,73.61718363942548,743524271,1720698539
4.0,0,3.093355894088745,-0.6320788860321045,10.113262176513672,0.09480997920036316,-0.4245143532752991,-1.6541146039962769,-68.94263458251953,7.180084228515625,-24.796154022216797,73.61718363942548,756524271,1720698539
4.0,0,3.847540855407715,-1.8603230714797974,9.08613395690918,0.0825592502951622,-0.4266449213027954,-1.6381354331970215,-70.86255645751953,5.253720283508301,-23.615385055541992,74.87850089200508,768524271,1720698539
4.0,0,1.5251296758651733,-2.501979112625122,8.9999418258667,0.12783367931842804,-0.3970833718776703,-1.666098952293396,-71.03709411621094,5.428843975067139,-24.458791732788086,75.32578297242543,781524271,1720698539
4.0,0,2.3655073642730713,0.11492343246936798,8.274487495422363,0.13901913166046143,-0.4146605134010315,-1.6674305200576782,-70.51348114013672,4.202976226806641,-24.290111541748047,74.69822990121038,793524271,1720698539
4.0,0,3.871483087539673,0.3878665864467621,9.476394653320312,0.16298793256282806,-0.4484831690788269,-1.648521900177002,-71.38616943359375,2.9771080017089844,-23.446704864501953,75.19704999172941,806524271,1720698539
4.0,0,3.7733194828033447,-0.7517908215522766,9.359077453613281,0.16538482904434204,-0.4322376251220703,-1.6501197814941406,-71.90978240966797,2.4517359733581543,-23.952747344970703,75.83377823147711,818524271,1720698539
4.0,0,4.350330829620361,-3.0598366260528564,10.192272186279297,0.16804802417755127,-0.4327702522277832,-1.6780833005905151,-71.90978240966797,2.4517359733581543,-23.952747344970703,75.83377823147711,831524271,1720698539
4.0,0,5.2002854347229,0.40941473841667175,10.141992568969727,0.19441372156143188,-0.4072035551071167,-1.6706264019012451,-72.95701599121094,1.4009920358657837,-22.94066047668457,76.49158688465604,843524271,1720698539
4.0,0,3.306443214416504,0.19632753729820251,9.658356666564941,0.22131206095218658,-0.4173237085342407,-1.6642347574234009,-71.03709411621094,-0.5253720283508301,-22.7719783782959,74.59964983500365,856524271,1720698539
4.0,0,4.094147682189941,2.087775707244873,9.258519172668457,0.24101975560188293,-0.3920232951641083,-1.6546472311019897,-72.95701599121094,-0.3502480089664459,-21.928571701049805,76.18209181203727,868524271,1720698539
4.0,0,4.716649055480957,0.09576953202486038,9.739761352539062,0.23223118484020233,-0.3957517743110657,-1.6642347574234009,-71.73524475097656,-0.8756200075149536,-21.759891510009766,74.96802604048919,881524271,1720698539
4.0,0,4.443706035614014,-1.8004671335220337,10.374234199523926,0.2519388794898987,-0.3992139399051666,-1.6466577053070068,-71.73524475097656,-0.8756200075149536,-21.759891510009766,74.96802604048919,893524271,1720698539
4.0,0,2.636056423187256,-1.2019076347351074,8.319977760314941,0.2663201689720154,-0.38749587535858154,-1.6591746807098389,-72.78247833251953,-4.0278520584106445,-23.446704864501953,76.57193162922806,906524271,1720698539
4.0,0,4.146820545196533,2.2338242530822754,8.770094871520996,0.2972133159637451,-0.38323473930358887,-1.6602399349212646,-74.00424194335938,-3.8527281284332275,-22.94066047668457,77.57412740565897,918524271,1720698539
4.0,0,2.5354981422424316,1.3216195106506348,8.942479133605957,0.29934385418891907,-0.3872295022010803,-1.6650336980819702,-74.52786254882812,-4.728348255157471,-22.7719783782959,78.0725468559893,931524271,1720698539
4.0,0,4.604119777679443,-0.916993260383606,9.371048927307129,0.29561537504196167,-0.38669687509536743,-1.6722244024276733,-72.95701599121094,-6.304464340209961,-21.591209411621094,76.34561399854783,943524271,1720698539
4.0,0,4.067810535430908,-1.652024269104004,9.830741882324219,0.3107956349849701,-0.386430561542511,-1.678882360458374,-73.48062896728516,-6.129340171813965,-21.422527313232422,76.78474015620439,956524271,1720698539
4.0,0,4.793264865875244,1.9824292659759521,8.200265884399414,0.3454172611236572,-0.35314056277275085,-1.6770180463790894,-73.82970428466797,-8.230828285217285,-21.08516502380371,77.22147339376068,968524271,1720698539
4.0,0,1.833986520767212,0.7493965029716492,9.421327590942383,0.3566026985645294,-0.33796030282974243,-1.6751538515090942,-72.78247833251953,-7.880580425262451,-21.08516502380371,76.18383610808621,981524271,1720698539
4.0,0,4.766928195953369,0.6344730854034424,10.434089660644531,0.3597985506057739,-0.3669891953468323,-1.6778169870376587,-74.52786254882812,-7.880580425262451,-22.097253799438477,78.13318417556555,994524271,1720698539
4.0,0,3.7757136821746826,0.5961652994155884,8.449267387390137,0.36858710646629333,-0.3334328532218933,-1.6517176628112793,-73.30609130859375,-10.15719223022461,-21.591209411621094,77.0917109733731,6122629,1720698540
4.0,0,5.966441631317139,-0.25139501690864563,9.323163032531738,0.38110417127609253,-0.3504773676395416,-1.6722244024276733,-73.65516662597656,-11.908432006835938,-21.253847122192383,77.57976760119439,19122629,1720698540
4.0,0,2.652815818786621,-0.05746171623468399,9.22260570526123,0.39548543095588684,-0.3190515637397766,-1.6724907159805298,-73.65516662597656,-11.908432006835938,-21.253847122192383,77.57976760119439,31122629,1720698540
4.0,0,4.831572532653809,2.9305477142333984,10.05101203918457,0.4383630156517029,-0.33236756920814514,-1.661038875579834,-73.65516662597656,-11.908432006835938,-21.928571701049805,77.76732334605511,44122629,1720698540
4.0,0,3.665578603744507,2.990403413772583,7.563398361206055,0.4266449213027954,-0.29188692569732666,-1.682078242301941,-73.30609130859375,-14.710416793823242,-19.567033767700195,77.28549796474239,56122629,1720698540
4.0,0,5.389430522918701,0.7182714939117432,9.821165084838867,0.4253133237361908,-0.3028060495853424,-1.704182744026184,-73.82970428466797,-15.936284065246582,-21.422527313232422,78.50933104450668,69122629,1720698540
4.0,0,5.454074382781982,2.7437968254089355,9.143595695495605,0.4420914947986603,-0.27990248799324036,-1.6884697675704956,-72.43340301513672,-15.586036682128906,-19.735713958740234,76.6747730174084,81122629,1720698540
4.0,0,3.30165433883667,2.887451410293579,8.547430038452148,0.4610002040863037,-0.2596621513366699,-1.6780833005905151,-72.43340301513672,-15.586036682128906,-19.735713958740234,76.6747730174084,94122629,1720698540
4.0,0,3.375875949859619,1.4197832345962524,7.58973503112793,0.47804468870162964,-0.2351607233285904,-1.6959267854690552,-72.43340301513672,-15.586036682128906,-20.747802734375,76.94149550219585,106122629,1720698540
4.0,0,3.7278289794921875,3.4644627571105957,9.17232608795166,0.48630064725875854,-0.25060728192329407,-1.6290805339813232,-73.48062896728516,-18.73826789855957,-21.422527313232422,78.80006468114226,119122629,1720698540
4.0,0,4.096541881561279,1.2976771593093872,9.088528633117676,0.47298464179039,-0.22370894253253937,-1.6698274612426758,-71.90978240966797,-20.31438446044922,-19.229671478271484,77.15874083585723,131122629,1720698540
4.0,0,5.442103385925293,0.2250583916902542,9.014307022094727,0.4847027063369751,-0.23595966398715973,-1.6208245754241943,-72.43340301513672,-21.190004348754883,-20.41044044494629,78.18056175169227,144122629,1720698540
4.0,0,3.900214195251465,0.4716649353504181,8.949663162231445,0.4847027063369751,-0.19920749962329865,-1.6740885972976685,-72.25886535644531,-23.116369247436523,-19.229671478271484,78.2655122959466,156122629,1720698540
4.0,0,2.1236894130706787,2.6216909885406494,7.80042839050293,0.5065409541130066,-0.1557973027229309,-1.67621910572052,-72.25886535644531,-23.116369247436523,-19.229671478271484,78.2655122959466,169122629,1720698540
4.0,0,5.353517055511475,2.7533740997314453,9.629626274108887,0.5246506929397583,-0.19414740800857544,-1.686339259147644,-70.51348114013672,-24.86760902404785,-19.904396057128906,77.37398777026017,181122629,1720698540
4.0,0,5.353517055511475,2.7533740997314453,9.629626274108887,0.5246506929397583,-0.19414740800857544,-1.686339259147644,-69.11717224121094,-24.86760902404785,-19.229671478271484,75.92997920687436,194122629,1720698540
4.0,0,5.238593578338623,1.3479561805725098,9.548221588134766,0.5233191251754761,-0.14541080594062805,-1.7025848627090454,-69.81532287597656,-24.86760902404785,-19.229671478271484,76.56603393158098,206122629,1720698540
4.0,0,3.3615105152130127,2.111717939376831,8.710238456726074,0.53530353307724,-0.1288989633321762,-1.7065796852111816,-69.46624755859375,-26.969097137451172,-18.55494499206543,76.79308389392682,219122629,1720698540
4.0,0,3.409395217895508,3.1125094890594482,8.875441551208496,0.56060391664505,-0.12863264977931976,-1.696459412574768,-69.46624755859375,-30.121328353881836,-18.89230728149414,78.03699921250556,231122629,1720698540
4.0,0,3.30165433883667,2.856326103210449,8.760518074035645,0.5392983555793762,-0.10120166838169098,-1.7012532949447632,-68.2444839477539,-30.29645347595215,-18.38626480102539,76.89759044241373,244122629,1720698540
4.0,0,4.386244297027588,4.2401957511901855,8.885018348693848,0.5693925023078918,-0.11611559242010117,-1.6977910995483398,-68.94263458251953,-30.9969482421875,-19.060989379882812,77.95651980205167,256122629,1720698540
4.0,0,5.133246898651123,3.150817394256592,8.79882526397705,0.5512827634811401,-0.08841829746961594,-1.6977910995483398,-66.67363739013672,-30.471576690673828,-18.89230728149414,75.70211478727295,269122629,1720698540
4.0,0,3.11969256401062,5.042265892028809,9.315980911254883,0.572588324546814,-0.054062992334365845,-1.686339259147644,-66.84817504882812,-32.047691345214844,-18.38626480102539,76.37923645370088,281122629,1720698540
4.0,0,1.4963988065719604,4.070204734802246,7.374253273010254,0.5491521954536438,-0.02290353551506996,-1.6983237266540527,-66.84817504882812,-32.047691345214844,-18.38626480102539,76.37923645370088,294122629,1720698540
4.0,0,2.573806047439575,4.817207336425781,7.766909122467041,0.5723220109939575,-0.024501455947756767,-1.7156345844268799,-65.80094146728516,-33.09843826293945,-18.7236270904541,75.99897844608893,306122629,1720698540
4.0,0,3.794867515563965,3.6320595741271973,9.160355567932129,0.5456900000572205,-0.02157193422317505,-1.7084438800811768,-66.3245620727539,-34.67455291748047,-17.205495834350586,76.79388804504948,319122629,1720698540
4.0,0,3.28010630607605,4.02232027053833,8.276881217956543,0.5789800882339478,-0.004527443088591099,-1.7220262289047241,-64.57917785644531,-35.02479934692383,-18.55494499206543,75.77263863404288,331122629,1720698540
4.0,0,0.004788476508110762,3.3327796459198,7.702264308929443,0.5704578161239624,0.04261122643947601,-1.727618932723999,-64.92825317382812,-36.4257926940918,-17.205495834350586,76.41037573853127,344122629,1720698540
4.0,0,2.908999443054199,4.6328511238098145,7.094127655029297,0.5627345442771912,0.046872351318597794,-1.7121723890304565,-62.65925598144531,-38.7024040222168,-17.374176025390625,75.66981187903437,356122629,1720698540
4.0,0,4.4772257804870605,4.853120803833008,9.38062572479248,0.5707241296768188,0.04207858443260193,-1.6985900402069092,-62.65925598144531,-38.7024040222168,-17.374176025390625,75.66981187903437,369122629,1720698540
4.0,0,4.4245524406433105,3.6296653747558594,8.487574577331543,0.5720556974411011,0.04527442902326584,-1.7220262289047241,-62.65925598144531,-38.7024040222168,-17.036813735961914,75.59306489037903,381122629,1720698540
4.0,0,2.8778743743896484,3.2705295085906982,8.003938674926758,0.556875467300415,0.08735301345586777,-1.7033838033676147,-60.73933410644531,-38.52728271484375,-16.53076934814453,73.8030118377661,394122629,1720698540
4.0,0,2.4421229362487793,4.343148231506348,8.691084861755371,0.5574080944061279,0.12730103731155396,-1.7063133716583252,-61.43748474121094,-40.27852249145508,-16.19340705871582,75.22732440802642,406122629,1720698540
4.0,0,1.3718984127044678,4.323994159698486,8.185900688171387,0.5659303665161133,0.13236112892627716,-1.7103081941604614,-57.77218246459961,-41.15414047241211,-15.687362670898438,72.64558962741177,419122629,1720698540
4.0,0,3.6033284664154053,5.959259033203125,7.364676475524902,0.5851054191589355,0.12863264977931976,-1.7220262289047241,-57.77218246459961,-41.15414047241211,-15.687362670898438,72.64558962741177,431122629,1720698540
4.0,0,4.103724479675293,4.908188343048096,7.829158782958984,0.5664629936218262,0.14221496880054474,-1.7438645362854004,-57.07402801513672,-42.20488357543945,-15.012638092041016,72.5539535378439,444122629,1720698540
4.0,0,2.322411060333252,5.813210487365723,8.73418140411377,0.5608702898025513,0.15979209542274475,-1.7294831275939941,-55.6777229309082,-42.55513381958008,-17.036813735961914,72.11935431940034,456122629,1720698540
4.0,0,-0.8451660871505737,4.388638496398926,8.173929214477539,0.5712567567825317,0.1952126920223236,-1.6751538515090942,-54.805030822753906,-45.18199157714844,-14.169231414794922,72.42769418700647,469122629,1720698540
4.0,0,-12.05738353729248,8.327159881591797,8.590526580810547,0.416524738073349,0.29375115036964417,-1.0133482217788696,-54.97956848144531,-46.407859802246094,-14.675274848937988,73.42891864737446,481122629,1720698540
4.0,0,-16.125194549560547,16.78121566772461,13.455618858337402,0.3233126699924469,0.15340042114257812,-0.7302498817443848,-54.6304931640625,-46.057613372802734,-15.012638092041016,73.01488776564584,494122629,1720698540
4.0,0,-16.604042053222656,11.851479530334473,10.776466369628906,0.06658004224300385,0.03089314140379429,-0.45247796177864075,-54.6304931640625,-44.306373596191406,-14.675274848937988,71.85338695208347,507122629,1720698540
4.0,0,-6.96244478225708,9.885809898376465,10.786043167114258,-0.023169854655861855,-0.05139978975057602,-0.08682037144899368,-53.7578010559082,-46.23273849487305,-15.518681526184082,72.58234468114851,519122629,1720698540
4.0,0,3.3974239826202393,6.043057441711426,7.675927639007568,-0.11238711327314377,-0.12357256561517715,0.023169854655861855,-54.106876373291016,-45.18199157714844,-13.494505882263184,71.77094205009814,532122629,1720698540
4.0,0,13.29041576385498,2.9856150150299072,7.024694919586182,0.010652806609869003,-0.09720686078071594,0.1288989633321762,-53.7578010559082,-45.88248825073242,-14.843955993652344,72.21805128904194,544122629,1720698540
4.0,0,10.319167137145996,1.0558589696884155,6.124461650848389,0.03169209882616997,-0.0031958422623574734,0.16804802417755127,-53.7578010559082,-45.88248825073242,-14.843955993652344,72.21805128904194,557122629,1720698540
4.0,0,3.9313390254974365,4.1611857414245605,7.49157190322876,0.10466382652521133,0.039681706577539444,0.18189668655395508,-54.28141403198242,-46.057613372802734,-15.012638092041016,72.754071785658,569122629,1720698540
4.0,0,-0.08619257807731628,5.549844264984131,9.392596244812012,0.10359854996204376,0.06098731979727745,0.14434552192687988,-53.23418426513672,-45.35711669921875,-15.350000381469727,71.6014589331265,582122629,1720698540
4.0,0,-1.4102063179016113,6.30402946472168,9.38301944732666,0.07137380540370941,0.02796361781656742,0.08282557129859924,-54.805030822753906,-45.18199157714844,-14.843955993652344,72.56270940298471,594122629,1720698540
4.0,0,0.009576953016221523,6.2250189781188965,9.002335548400879,0.05033451318740845,-0.007989604957401752,-0.002396881580352783,-52.536033630371094,-46.057613372802734,-13.325824737548828,71.12605840439865,607122629,1720698540
4.0,0,0.8475603461265564,4.470042705535889,7.963236331939697,0.04154594615101814,-0.023169854655861855,-0.017310811206698418,-52.885108947753906,-44.306373596191406,-14.337912559509277,70.46605726323293,619122629,1720698540
4.0,0,4.048656940460205,3.1364521980285645,7.80042839050293,0.06231892108917236,0.004261122550815344,0.000532640318851918,-52.885108947753906,-44.306373596191406,-14.337912559509277,70.46605726323293,632122629,1720698540
4.0,0,3.9648585319519043,3.665578603744507,7.762120723724365,0.08602141588926315,0.023968815803527832,0.018376091495156288,-56.026798248291016,-44.656620025634766,-15.012638092041016,73.20242575592171,644122629,1720698540
4.0,0,1.161205530166626,5.482805252075195,8.303217887878418,0.0881519764661789,0.04048066586256027,0.00719064474105835,-54.6304931640625,-43.95612335205078,-14.675274848937988,71.63794563903446,657122629,1720698540
4.0,0,1.094166874885559,8.384622573852539,10.106080055236816,0.07670021057128906,0.02290353551506996,0.017044490203261375,-54.28141403198242,-44.656620025634766,-15.012638092041016,71.8753429481072,669122629,1720698540
4.0,0,-9.232182502746582,-1.7884960174560547,4.922553539276123,-0.32730749249458313,0.11345238983631134,-0.05086715519428253,-52.885108947753906,-44.306373596191406,-13.325824737548828,70.2671124680455,682122629,1720698540
4.0,0,-9.205845832824707,5.3774590492248535,3.457279920578003,-0.20799605548381805,0.011718087829649448,-0.18535883724689484,-54.106876373291016,-44.48149871826172,-14.506593704223633,71.53040654153125,694122629,1720698540
4.0,0,-11.703036308288574,-13.848274230957031,-0.24181805551052094,-0.5603376030921936,-0.08895093947649002,-0.3515426218509674,-52.7105712890625,-44.48149871826172,-14.506593704223633,70.48013418504168,707122629,1720698540
4.0,0,-2.8491435050964355,10.87702465057373,7.2641191482543945,-0.10120166838169098,-0.14913929998874664,-0.4096004366874695,-52.7105712890625,-45.53224182128906,-13.831868171691895,71.01344906431984,719122629,1720698540
4.0,0,3.605722665786743,-3.0071632862091064,7.608889102935791,-0.43436819314956665,-0.1669827401638031,-0.40880143642425537,-54.106876373291016,-43.08050537109375,-15.85604476928711,70.95701635235991,732122629,1720698540
4.0,0,8.042245864868164,13.144368171691895,11.715007781982422,-0.2663201689720154,-0.10519646853208542,-0.3446182906627655,-54.106876373291016,-44.48149871826172,-15.518681526184082,71.74250675442309,744122629,1720698540
4.0,0,8.473209381103516,4.422158241271973,10.927303314208984,-0.5190579891204834,-0.02290353551506996,-0.30813243985176086,-52.01241683959961,-44.131248474121094,-14.506593704223633,69.73736343080589,757122629,1720698540
4.0,0,3.4213664531707764,10.695062637329102,10.23058032989502,-0.4948228895664215,0.02263721451163292,-0.2996101677417755,-53.23418426513672,-44.306373596191406,-15.687362670898438,71.01426943360126,769122629,1720698540
4.0,0,-1.0462820529937744,2.9592783451080322,7.474811553955078,-0.5273139476776123,0.025566738098859787,-0.30999666452407837,-54.97956848144531,-44.656620025634766,-16.02472496032715,72.6206477014216,782122629,1720698540
4.0,0,-0.7709447145462036,4.826784133911133,7.36707067489624,-0.4689898192882538,-0.007456964813172817,-0.2737771272659302,-52.186954498291016,-43.25563049316406,-17.036813735961914,69.89120696798491,794122629,1720698540
4.0,0,-0.7470023036003113,1.1564171314239502,6.311212062835693,-0.4695224463939667,-0.03701850399374962,-0.34115612506866455,-53.5832633972168,-45.707366943359375,-17.374176025390625,72.5409643012255,807122629,1720698540
4.0,0,1.3599272966384888,6.136432647705078,8.566584587097168,-0.35873326659202576,-0.05459563434123993,-0.3651249408721924,-54.805030822753906,-44.48149871826172,-16.868131637573242,72.57223295895079,819122629,1720698540
4.0,0,1.3623214960098267,3.787684917449951,8.79882526397705,-0.4277102053165436,-0.032491061836481094,-0.34621623158454895,-54.805030822753906,-45.53224182128906,-16.19340705871582,73.0684807623959,832122629,1720698540
4.0,0,3.1149041652679443,4.479619979858398,8.657565116882324,-0.391490638256073,-0.032491061836481094,-0.32810643315315247,-52.885108947753906,-43.95612335205078,-17.374176025390625,70.92839714189066,844122629,1720698540
4.0,0,2.3798727989196777,5.645613670349121,9.165143966674805,-0.40001288056373596,-0.017843451350927353,-0.3246442973613739,-52.885108947753906,-44.656620025634766,-17.374176025390625,71.36463026661725,857122629,1720698540
4.0,0,0.47645339369773865,4.922553539276123,9.064586639404297,-0.43436819314956665,0.0,-0.3310359716415405,-53.5832633972168,-44.656620025634766,-17.711538314819336,71.96581423069394,869122629,1720698540
4.0,0,0.7781273722648621,4.774110794067383,8.65995979309082,-0.38936007022857666,-0.016245530918240547,-0.3395582437515259,-52.536033630371094,-42.90538024902344,-17.374176025390625,70.01977203966057,882122629,1720698540
4.0,0,-0.20590448379516602,3.430943250656128,7.999150276184082,-0.42051956057548523,-0.00878856610506773,-0.3395582437515259,-52.536033630371094,-42.90538024902344,-17.374176025390625,70.01977203966057,894122629,1720698540
4.0,0,-0.15323124825954437,3.7014923095703125,8.372651100158691,-0.4370313882827759,0.004793763160705566,-0.3496783673763275,-53.40872573852539,-44.131248474121094,-17.880220413208008,71.5525077053386,907122629,1720698540
4.0,0,0.8547430038452148,4.7070722579956055,8.7461519241333,-0.3858979344367981,-0.012783369049429893,-0.3454172611236572,-53.23418426513672,-43.25563049316406,-18.04890251159668,70.92736302449708,919122629,1720698540
4.0,0,0.9576953053474426,3.306443214416504,8.078160285949707,-0.42265012860298157,-0.011185446754097939,-0.342754065990448,-52.01241683959961,-43.08050537109375,-18.21758270263672,69.95070956075078,932122629,1720698540
4.0,0,2.420574903488159,4.666370391845703,8.952056884765625,-0.40800249576568604,-0.013316008262336254,-0.3339654803276062,-53.93233871459961,-44.656620025634766,-18.38626480102539,72.39451363655708,944122629,1720698540
4.0,0,1.9536983966827393,4.458071708679199,9.373442649841309,-0.391490638256073,-0.019974011927843094,-0.3395582437515259,-52.536033630371094,-43.25563049316406,-18.04890251159668,70.40488108679503,957122629,1720698540
4.0,0,1.393446683883667,3.792473316192627,8.430112838745117,-0.40746986865997314,-0.0098538463935256,-0.3504773676395416,-52.536033630371094,-43.25563049316406,-18.04890251159668,70.40488108679503,969122629,1720698540
4.0,0,1.4604852199554443,5.533084392547607,9.24415397644043,-0.41199731826782227,-0.001065280637703836,-0.3451509475708008,-50.09249496459961,-41.854637145996094,-19.060989379882812,68.00286772292355,982122629,1720698540
4.0,0,1.4030234813690186,4.867486476898193,9.35189437866211,-0.4026761054992676,-0.003994802478700876,-0.34808048605918884,-53.40872573852539,-42.380008697509766,-20.916484832763672,71.31659316017038,995122629,1720698540
4.0,0,1.2569750547409058,4.493985176086426,8.861075401306152,-0.4021434485912323,0.007989604957401752,-0.35553741455078125,-51.48880386352539,-41.854637145996094,-19.060989379882812,69.03788010983237,7122629,1720698541
4.0,0,1.0151569843292236,3.663184404373169,8.719816207885742,-0.43809667229652405,0.012783369049429893,-0.34994468092918396,-49.9179573059082,-42.029762268066406,-18.55494499206543,67.84238617238655,20122629,1720698541
4.0,0,0.8164352178573608,3.0550482273101807,8.79882526397705,-0.3978823125362396,0.010120166465640068,-0.3395582437515259,-50.7906494140625,-42.20488357543945,-21.08516502380371,69.3219045439437,32122629,1720698541
4.0,0,-0.1221061497926712,4.2138590812683105,8.492362976074219,-0.40746986865997314,0.02370249480009079,-0.3496783673763275,-52.536033630371094,-41.854637145996094,-19.398351669311523,69.91524531688893,45122629,1720698541
4.0,0,0.15323124825954437,1.0510705709457397,8.231390953063965,-0.4327702522277832,0.01864241249859333,-0.35314056277275085,-50.616111755371094,-42.73025894165039,-20.241758346557617,69.2646704995638,57122629,1720698541
4.0,0,0.5099727511405945,2.762950897216797,8.954451560974121,-0.3840336799621582,0.0015979211311787367,-0.35127630829811096,-50.44157409667969,-42.55513381958008,-19.398351669311523,68.78653835773011,70122629,1720698541
4.0,0,1.999189019203186,5.178737163543701,9.57455825805664,-0.4133288860321045,0.005592723377048969,-0.3483467996120453,-50.44157409667969,-42.20488357543945,-21.08516502380371,69.06655325878266,82122629,1720698541
4.0,0,0.9936088919639587,2.087775707244873,8.808402061462402,-0.40933412313461304,0.012783369049429893,-0.3526079058647156,-50.44157409667969,-42.20488357543945,-21.08516502380371,69.06655325878266,95122629,1720698541
4.0,0,2.0039772987365723,4.441311836242676,9.13880729675293,-0.4016108214855194,0.014114969410002232,-0.36059749126434326,-50.616111755371094,-41.67951202392578,-19.567033767700195,68.42544338366474,107122629,1720698541
4.0,0,1.7453995943069458,4.063022136688232,9.744549751281738,-0.4253133237361908,0.024235136806964874,-0.34781414270401,-49.9179573059082,-41.32926559448242,-21.253847122192383,68.20290810271412,120122629,1720698541
4.0,0,-0.2657604515552521,3.993589162826538,8.41574764251709,-0.37178295850753784,0.036752182990312576,-0.34941205382347107,-49.56888198852539,-41.67951202392578,-20.916484832763672,68.05699906625448,132122629,1720698541
4.0,0,1.3431676626205444,4.218647480010986,9.141201972961426,-0.4189216196537018,0.03701850399374962,-0.3582006096839905,-50.26703643798828,-41.32926559448242,-22.265933990478516,68.7797569296785,145122629,1720698541
4.0,0,-0.08619257807731628,1.1827536821365356,8.633623123168945,-0.41759002208709717,0.03515426442027092,-0.35873326659202576,-50.26703643798828,-41.32926559448242,-22.265933990478516,68.7797569296785,157122629,1720698541
4.0,0,0.768550455570221,4.520321846008301,8.827555656433105,-0.3720493018627167,0.019974011927843094,-0.3547384738922119,-50.44157409667969,-41.15414047241211,-22.7719783782959,68.96795396874865,170122629,1720698541
4.0,0,-0.1604139655828476,1.235426902770996,9.004730224609375,-0.41759002208709717,0.033556342124938965,-0.3566026985645294,-49.21980285644531,-40.9790153503418,-22.60329818725586,67.91743355908625,182122629,1720698541
4.0,0,2.066227674484253,4.072599411010742,9.696664810180664,-0.4021434485912323,0.024501455947756767,-0.3584669530391693,-49.045265197753906,-40.80389404296875,-21.759891510009766,67.4083725208911,195122629,1720698541
4.0,0,1.8148326873779297,3.8762714862823486,9.186692237854004,-0.38003888726234436,0.02263721451163292,-0.3539395034313202,-49.56888198852539,-41.32926559448242,-22.265933990478516,68.27118039583007,207122629,1720698541
4.0,0,0.9457241296768188,3.869088888168335,9.368654251098633,-0.3997465670108795,0.04021434485912323,-0.3539395034313202,-48.52165222167969,-41.32926559448242,-22.94066047668457,67.7401862413104,220122629,1720698541
4.0,0,1.958486795425415,4.156397342681885,9.265702247619629,-0.41066569089889526,0.03329002112150192,-0.3621954321861267,-48.52165222167969,-41.32926559448242,-22.94066047668457,67.7401862413104,232122629,1720698541
4.0,0,0.4046262502670288,2.2386128902435303,9.165143966674805,-0.39069169759750366,0.04048066586256027,-0.3640596866607666,-49.56888198852539,-39.92827224731445,-23.615385055541992,67.88981806993988,245122629,1720698541
4.0,0,-0.13886581361293793,3.043076753616333,8.743758201599121,-0.3928222358226776,0.04740498960018158,-0.36672288179397583,-49.21980285644531,-40.27852249145508,-23.615385055541992,67.84272089652295,257122629,1720698541
4.0,0,-0.2082987278699875,1.8938424587249756,8.731786727905273,-0.42424800992012024,0.0556609146296978,-0.36432600021362305,-49.7434196472168,-39.05265426635742,-22.7719783782959,67.21666908370523,270122629,1720698541
4.0,0,1.2282441854476929,1.649630069732666,9.655962944030762,-0.4053393006324768,0.044741787016391754,-0.3709839880466461,-49.9179573059082,-40.27852249145508,-24.290111541748047,68.58696198549465,282122629,1720698541
4.0,0,1.6041396856307983,3.2585582733154297,9.960031509399414,-0.3922896087169647,0.04873659089207649,-0.35926592350006104,-47.9980354309082,-39.75314712524414,-23.784067153930664,66.7068659282589,295122629,1720698541
4.0,0,-0.019153906032443047,1.6472358703613281,8.705450057983398,-0.4058719277381897,0.06125364080071449,-0.356336385011673,-48.8707275390625,-39.578025817871094,-24.290111541748047,67.41496611693812,307122629,1720698541
4.0,0,2.0997469425201416,2.834778070449829,9.495549201965332,-0.3952191174030304,0.038882747292518616,-0.3616628050804138,-47.9980354309082,-39.05265426635742,-23.784067153930664,66.29180236542862,320122629,1720698541
4.0,0,1.302465558052063,3.019134521484375,9.849896430969238,-0.3997465670108795,0.04847027361392975,-0.3659239113330841,-49.56888198852539,-40.27852249145508,-24.627473831176758,68.45396922744733,332122629,1720698541
4.0,0,0.39265507459640503,2.523527145385742,8.896988868713379,-0.3659239113330841,0.045008108019828796,-0.3659239113330841,-49.56888198852539,-39.22777557373047,-23.27802276611328,67.3628887589822,345122629,1720698541
4.0,0,1.4580910205841064,3.6009342670440674,9.675116539001465,-0.38483262062072754,0.05459563434123993,-0.3704513609409332,-49.56888198852539,-39.22777557373047,-23.27802276611328,67.3628887589822,357122629,1720698541
4.0,0,1.975246548652649,2.786893367767334,9.823558807373047,-0.4002791941165924,0.05432931333780289,-0.37444618344306946,-46.9508056640625,-39.75314712524414,-24.796154022216797,66.32902918903132,370122629,1720698541
4.0,0,1.1109265089035034,2.2888917922973633,9.538644790649414,-0.3611301779747009,0.05539459362626076,-0.36858710646629333,-47.8234977722168,-38.87752914428711,-24.290111541748047,66.2461978550066,382122629,1720698541
4.0,0,0.014365429058670998,3.3375680446624756,9.579346656799316,-0.3845663070678711,0.07164012640714645,-0.36059749126434326,-47.29988479614258,-38.00190734863281,-25.133516311645508,65.6743306479037,395122629,1720698541
4.0,0,0.9409356117248535,1.3455618619918823,9.524279594421387,-0.4223838150501251,0.06977588683366776,-0.3645923137664795,-47.125343322753906,-37.826786041259766,-25.63956069946289,65.6433606571153,407122629,1720698541
4.0,0,1.1061381101608276,2.320016860961914,9.399779319763184,-0.37870728969573975,0.06178628280758858,-0.37258192896842957,-47.125343322753906,-37.826786041259766,-25.63956069946289,65.6433606571153,420122629,1720698541
4.0,0,-0.4309628903865814,1.7669477462768555,8.698267936706543,-0.39628443121910095,0.06844428181648254,-0.3723156154155731,-46.42719268798828,-38.177032470703125,-25.30219841003418,65.21634207418758,432122629,1720698541
4.0,0,1.2330327033996582,0.9529067873954773,9.399779319763184,-0.4085351228713989,0.06764532625675201,-0.3672555088996887,-46.60173034667969,-39.05265426635742,-25.47088050842285,65.921140997609,445122629,1720698541
4.0,0,2.241007089614868,3.811627149581909,9.869050025939941,-0.36192911863327026,0.055128276348114014,-0.3803052008152008,-46.42719268798828,-37.826786041259766,-25.30219841003418,65.01193127018742,457122629,1720698541
4.0,0,1.4437257051467896,1.8794770240783691,9.655962944030762,-0.37497881054878235,0.0719064474105835,-0.36539125442504883,-46.9508056640625,-36.95116424560547,-25.47088050842285,64.95023052680129,470122629,1720698541
4.0,0,-0.002394238254055381,2.935336112976074,9.80679988861084,-0.3840336799621582,0.08655405789613724,-0.3576679825782776,-47.64896011352539,-38.35215759277344,-25.47088050842285,66.25765726159972,483122629,1720698541
4.0,0,2.011160135269165,2.5163443088531494,10.010310173034668,-0.3909580111503601,0.07057484239339828,-0.36991873383522034,-47.64896011352539,-38.35215759277344,-25.47088050842285,66.25765726159972,495122629,1720698541
4.0,0,0.6871464252471924,1.5562547445297241,10.058194160461426,-0.39175698161125183,0.07936341315507889,-0.3707176744937897,-45.0308837890625,-37.47653579711914,-24.96483612060547,63.68291978784807,508122629,1720698541
4.0,0,-0.5626459717750549,1.7070918083190918,8.762911796569824,-0.4066708981990814,0.09108150005340576,-0.36991873383522034,-46.9508056640625,-36.250667572021484,-27.15769386291504,65.23825095657904,520122629,1720698541
4.0,0,0.6512327790260315,0.055067479610443115,8.975998878479004,-0.40001288056373596,0.08122765272855759,-0.37604406476020813,-45.72903823852539,-35.72529602050781,-25.63956069946289,63.4415383391266,533122629,1720698541
4.0,0,1.537100911140442,2.403815269470215,9.763703346252441,-0.36991873383522034,0.08016236871480942,-0.3858979344367981,-45.37996292114258,-36.776039123535156,-26.651649475097656,64.20380446736421,545122629,1720698541
4.0,0,0.33279910683631897,0.31603944301605225,9.308797836303711,-0.3752451241016388,0.08362453430891037,-0.37311455607414246,-45.37996292114258,-36.776039123535156,-26.651649475097656,64.20380446736421,558122629,1720698541
4.0,0,1.1779651641845703,0.7733389735221863,9.926511764526367,-0.36805447936058044,0.0876193419098854,-0.3632607161998749,-44.856346130371094,-36.250667572021484,-27.49505615234375,63.891946287504844,570122629,1720698541
4.0,0,2.839566469192505,3.6990981101989746,10.596898078918457,-0.38429999351501465,0.07723285257816315,-0.36991873383522034,-45.37996292114258,-37.47653579711914,-26.314287185668945,64.4691668952445,583122629,1720698541
4.0,0,0.5746171474456787,0.04549052566289902,9.330347061157227,-0.3901590406894684,0.09747318178415298,-0.37364718317985535,-45.554500579833984,-36.60091781616211,-27.83241844177246,64.72621744225027,595122629,1720698541
4.0,0,-0.1987217664718628,1.225849986076355,9.553009986877441,-0.37684306502342224,0.09800582379102707,-0.3664565682411194,-45.20542526245117,-34.499427795410156,-26.820329666137695,62.87345286184053,608122629,1720698541
4.0,0,0.7565792798995972,1.355138897895813,9.636809349060059,-0.40693724155426025,0.10333222150802612,-0.3739134967327118,-45.20542526245117,-35.550174713134766,-29.51923179626465,64.64310049135226,620122629,1720698541
4.0,0,0.9624837636947632,1.5394952297210693,8.968816757202148,-0.367788165807724,0.08948357403278351,-0.39069169759750366,-44.50727081298828,-35.550174713134766,-28.169780731201172,63.54721570453766,633122629,1720698541
4.0,0,0.6536269783973694,1.8914482593536377,9.775674819946289,-0.3733808696269989,0.10386486351490021,-0.38003888726234436,-44.68180847167969,-36.07554626464844,-27.66373634338379,63.74316712455469,645122629,1720698541
4.0,0,1.3216195106506348,0.5267323851585388,9.608078002929688,-0.36379337310791016,0.09480997920036316,-0.36858710646629333,-44.68180847167969,-35.02479934692383,-28.001100540161133,63.30293997163445,658122629,1720698541
4.0,0,2.2362186908721924,2.995191812515259,10.38860034942627,-0.3496783673763275,0.0844234973192215,-0.37258192896842957,-43.46004104614258,-36.60091781616211,-28.169780731201172,63.41875825938098,670122629,1720698541
4.0,0,0.24181805551052094,1.6687840223312378,10.022281646728516,-0.3803052008152008,0.11052287369966507,-0.36485862731933594,-44.332733154296875,-36.4257926940918,-28.338462829589844,63.994515998381374,683122629,1720698541
4.0,0,-1.3144367933273315,0.45490527153015137,9.248942375183105,-0.3933548927307129,0.12650208175182343,-0.3701850473880768,-44.332733154296875,-36.4257926940918,-28.338462829589844,63.994515998381374,695122629,1720698541
4.0,0,1.8794770240783691,2.2817089557647705,10.290435791015625,-0.3613964915275574,0.09667421877384186,-0.3803052008152008,-43.634578704833984,-35.02479934692383,-29.687911987304688,63.341022617309996,708122629,1720698541
4.0,0,1.0558589696884155,1.9441214799880981,9.727789878845215,-0.38323473930358887,0.10493014752864838,-0.3872295022010803,-42.23827362060547,-35.37504959106445,-29.013187408447266,62.2674147176281,720122629,1720698541
4.0,0,0.5961652994155884,0.9720607399940491,9.660751342773438,-0.3803052008152008,0.12277359515428543,-0.3789736032485962,-43.634578704833984,-33.623809814453125,-30.02527618408203,62.73798096143411,733122629,1720698541
4.0,0,0.5770114064216614,0.6344730854034424,9.43808650970459,-0.37923991680145264,0.1219746395945549,-0.3723156154155731,-41.016502380371094,-34.84967803955078,-29.181869506835938,61.22446434958281,745122629,1720698541
4.0,0,1.3431676626205444,0.9983972907066345,9.909751892089844,-0.38003888726234436,0.10466382652521133,-0.3771093785762787,-41.016502380371094,-34.84967803955078,-29.181869506835938,61.22446434958281,758122629,1720698541
4.0,0,-0.19153906404972076,-0.37350115180015564,9.493154525756836,-0.38003888726234436,0.12463784217834473,-0.37684306502342224,-42.936424255371094,-33.2735595703125,-30.02527618408203,62.06596091455249,770122629,1720698541
4.0,0,-0.8403776288032532,-0.3184336721897125,9.356682777404785,-0.3808378577232361,0.1294316053390503,-0.36858710646629333,-41.88919448852539,-35.02479934692383,-28.338462829589844,61.51836847425187,783122629,1720698541
4.0,0,1.3790812492370605,1.1827536821365356,10.204242706298828,-0.37817463278770447,0.12064303457736969,-0.3765767216682434,-42.23827362060547,-33.623809814453125,-30.362638473510742,61.93966548150519,795122629,1720698541
4.0,0,1.067830204963684,0.4620879888534546,9.445270538330078,-0.37551143765449524,0.1219746395945549,-0.3835010528564453,-43.1109619140625,-32.39794158935547,-29.85659408569336,61.64087821227806,808122629,1720698541
4.0,0,0.35195302963256836,0.42138591408729553,9.684693336486816,-0.37444618344306946,0.13768751919269562,-0.3720493018627167,-42.412811279296875,-33.79893112182617,-30.868682861328125,62.4026432708139,820122629,1720698541
4.0,0,0.25857773423194885,0.5937711000442505,9.830741882324219,-0.38243576884269714,0.1382201611995697,-0.371516615152359,-42.76188659667969,-33.44868469238281,-31.206045150756836,62.61957127694833,833122629,1720698541
4.0,0,1.120503544807434,-0.17238515615463257,9.227394104003906,-0.3616628050804138,0.12170831859111786,-0.377908319234848,-41.36558151245117,-32.74818801879883,-29.181869506835938,60.292094509080066,845122629,1720698541
4.0,0,0.1316830962896347,0.20590448379516602,9.713424682617188,-0.3664565682411194,0.13795384764671326,-0.374179869890213,-40.84196472167969,-31.522321701049805,-30.02527618408203,59.692881130682636,858122629,1720698541
4.0,0,-0.6560212969779968,-1.8315922021865845,9.672721862792969,-0.4021434485912323,0.14647608995437622,-0.3701850473880768,-40.31835174560547,-32.39794158935547,-30.53131866455078,60.06128142244389,870122629,1720698541
4.0,0,1.4987930059432983,0.08379834145307541,10.012704849243164,-0.3403571844100952,0.12543679773807526,-0.37604406476020813,-41.54011917114258,-32.92331314086914,-31.374725341796875,61.59463807181307,883122629,1720698541
4.0,0,0.34477031230926514,2.0039772987365723,9.895386695861816,-0.3475477993488312,0.1344916969537735,-0.3845663070678711,-40.84196472167969,-32.57306671142578,-30.700000762939453,60.59340561610979,895122629,1720698541
4.0,0,0.44532832503318787,0.1604139655828476,9.70384693145752,-0.3763103783130646,0.15473201870918274,-0.3752451241016388,-42.412811279296875,-31.697444915771484,-29.85659408569336,60.78643586524447,908122629,1720698541
4.0,0,1.716668725013733,0.6129249930381775,9.770886421203613,-0.34062349796295166,0.1307632029056549,-0.3701850473880768,-39.096580505371094,-31.172073364257812,-31.037363052368164,58.852006510263884,920122629,1720698541
4.0,0,1.161205530166626,1.8842655420303345,10.015098571777344,-0.3382266163825989,0.13369272649288177,-0.3739134967327118,-39.62019729614258,-30.646699905395508,-32.21813201904297,59.556597280848024,933122629,1720698541
4.0,0,-0.42138591408729553,1.0558589696884155,9.797223091125488,-0.3627280592918396,0.15792787075042725,-0.3733808696269989,-39.44565963745117,-30.471576690673828,-31.037363052368164,58.71792703675573,946122629,1720698541
4.0,0,0.12689462304115295,1.0079742670059204,10.410147666931152,-0.3496783673763275,0.15606361627578735,-0.37817463278770447,-39.44565963745117,-30.471576690673828,-31.037363052368164,58.71792703675573,958122629,1720698541
4.0,0,3.4405205249786377,0.9433298707008362,11.628815650939941,-0.2508735954761505,0.1094575896859169,-0.3901590406894684,-41.191043853759766,-30.471576690673828,-32.0494499206543,60.43497596586354,971122629,1720698541
4.0,0,3.2394042015075684,-9.055008888244629,13.831514358520508,-0.17470602691173553,0.08948357403278351,-0.3201168477535248,-37.70027542114258,-30.471576690673828,-32.0494499206543,58.11191782295738,983122629,1720698541
4.0,0,12.174701690673828,5.8156046867370605,23.310302734375,0.0751022920012474,0.0751022920012474,-0.1344916969537735,-38.22389221191406,-28.89546012878418,-33.230220794677734,58.31175804196966,996122629,1720698541
4.0,0,10.865053176879883,-7.644803047180176,16.235328674316406,-0.1600584238767624,0.026099376380443573,0.03329002112150192,-36.82758331298828,-29.946205139160156,-33.56758499145508,58.136295522421406,8122629,1720698542
4.0,0,1.7238515615463257,4.438917636871338,11.468401908874512,-0.026099376380443573,0.052997712045907974,0.1275673657655716,-37.874813079833984,-30.29645347595215,-32.21813201904297,58.22700910959946,21122629,1720698542
4.0,0,-5.1452178955078125,-0.7110887169837952,4.843544006347656,0.00719064474105835,0.048203952610492706,0.09720686078071594,-37.874813079833984,-30.29645347595215,-32.21813201904297,58.22700910959946,33122629,1720698542
4.0,0,-5.231410980224609,3.2825005054473877,5.964047431945801,0.16831433773040771,0.005592723377048969,0.018376091495156288,-37.70027542114258,-30.471576690673828,-34.07362747192383,59.25234039209815,46122629,1720698542
4.0,0,-1.5562547445297241,0.787704348564148,8.626440048217773,0.17550499737262726,-0.024501455947756767,-0.035420581698417664,-39.096580505371094,-29.420833587646484,-33.398902893066406,59.24200174424755,58122629,1720698542
4.0,0,0.9888203740119934,-0.05746171623468399,11.432487487792969,0.17097754776477814,-0.03595322370529175,-0.04873659089207649,-37.351200103759766,-31.522321701049805,-33.06153869628906,59.007069539012,71122629,1720698542
4.0,0,4.989592552185059,3.7805020809173584,15.224961280822754,0.34168878197669983,-0.02263721451163292,0.19175052642822266,-38.74750518798828,-30.82182502746582,-33.06153869628906,59.53502664216349,83122629,1720698542
4.0,0,7.443686485290527,0.3208279311656952,26.73166847229004,0.20346862077713013,-0.04980187490582466,0.6546149849891663,-38.74750518798828,-31.872568130493164,-33.06153869628906,60.08573123872527,96122629,1720698542
4.0,0,2.320016860961914,1.5275241136550903,24.409257888793945,0.03515426442027092,0.018109772354364395,0.8620784282684326,-38.572967529296875,-28.89546012878418,-31.880769729614258,57.78585396637343,108122629,1720698542
4.0,0,2.3343822956085205,1.278523325920105,20.346237182617188,0.04101330414414406,0.010652806609869003,1.2929843664169312,-39.794734954833984,-30.121328353881836,-32.38681411743164,59.49639552615705,121122629,1720698542
4.0,0,-1.7741304636001587,1.9153906106948853,19.343050003051758,-0.001065280637703836,0.03488794341683388,1.450113296508789,-39.44565963745117,-30.82182502746582,-32.724178314208984,59.80649470247783,133122629,1720698542
4.0,0,0.48363611102104187,0.4908188283443451,16.41729164123535,-0.11877879500389099,0.07137380540370941,1.6304121017456055,-41.54011917114258,-30.471576690673828,-32.724178314208984,61.032535037539525,146122629,1720698542
4.0,0,0.15801972150802612,0.9600895047187805,3.8092329502105713,-0.07350436598062515,0.04953555390238762,1.630678415298462,-41.54011917114258,-30.471576690673828,-32.724178314208984,61.032535037539525,158122629,1720698542
4.0,0,0.22984686493873596,-0.2082987278699875,0.2825201153755188,0.030626820400357246,0.022370893508195877,1.6320099830627441,-40.84196472167969,-29.771080017089844,-32.0494499206543,59.846056912109276,171122629,1720698542
4.0,0,-1.8172268867492676,-1.1923305988311768,3.5458667278289795,0.1744397133588791,-0.047937631607055664,1.632542610168457,-40.84196472167969,-28.7203369140625,-32.724178314208984,59.697534966900726,183122629,1720698542
4.0,0,1.6328704357147217,-0.787704348564148,11.224187850952148,0.27936986088752747,-0.09241309762001038,1.6125686168670654,-41.714656829833984,-30.9969482421875,-32.55549621582031,61.3252291362858,196122629,1720698542
4.0,0,2.499584674835205,1.3527445793151855,14.202620506286621,0.23755759000778198,-0.07856445014476776,1.6405322551727295,-43.1109619140625,-28.89546012878418,-33.56758499145508,61.80845747443034,208122629,1720698542
4.0,0,1.1803593635559082,1.27373468875885,13.479560852050781,0.1201103925704956,-0.01651185005903244,1.6352057456970215,-43.1109619140625,-28.89546012878418,-33.56758499145508,61.80845747443034,221122629,1720698542
4.0,0,1.9944003820419312,2.190727949142456,9.80919361114502,0.04554075002670288,0.007989604957401752,1.6615715026855469,-44.332733154296875,-29.420833587646484,-32.0494499206543,62.113959124649334,233122629,1720698542
4.0,0,-0.2753373980522156,-0.09337528795003891,7.9057745933532715,0.06018836051225662,0.009054886177182198,1.643195390701294,-44.856346130371094,-29.245708465576172,-31.543407440185547,62.14812792642015,246122629,1720698542
4.0,0,-0.24900077283382416,-0.7853101491928101,8.863470077514648,0.10706070810556412,-0.030626820400357246,1.63307523727417,-45.20542526245117,-29.245708465576172,-31.880769729614258,62.57176212450167,258122629,1720698542
4.0,0,-0.45490527153015137,0.13886581361293793,8.533064842224121,0.11691455543041229,-0.013582328334450722,1.6469240188598633,-45.72903823852539,-29.070585250854492,-31.374725341796875,62.61483255045012,271122629,1720698542
4.0,0,-0.2346353530883789,0.5363093614578247,8.070977210998535,0.10519646853208542,-0.019175052642822266,1.6240203380584717,-46.60173034667969,-28.194965362548828,-32.21813201904297,63.2825834957491,283122629,1720698542
4.0,0,0.19632753729820251,0.7589734792709351,9.363865852355957,0.09640790522098541,-0.010919126681983471,1.637869119644165,-46.60173034667969,-28.194965362548828,-32.21813201904297,63.2825834957491,296122629,1720698542
4.0,0,-1.3407734632492065,-1.7094860076904297,10.168330192565918,0.08495613932609558,-0.004261122550815344,1.6253520250320435,-47.125343322753906,-27.319345474243164,-31.374725341796875,62.86110093453397,308122629,1720698542
4.0,0,0.3758954107761383,0.42856863141059875,9.988761901855469,0.10333222150802612,-0.012517048045992851,1.6234877109527588,-48.34711456298828,-26.093477249145508,-31.206045150756836,63.183307095066354,321122629,1720698542
4.0,0,-0.7134829759597778,0.34477031230926514,8.686296463012695,0.08282557129859924,-0.007989604957401752,1.6389343738555908,-47.8234977722168,-25.918352127075195,-32.0494499206543,63.134896502400444,333122629,1720698542
4.0,0,1.4437257051467896,1.5155527591705322,8.930508613586426,0.09134781360626221,-0.017843451350927353,1.6381354331970215,-47.9980354309082,-26.4437255859375,-32.21813201904297,63.56956865425128,346122629,1720698542
4.0,0,0.1604139655828476,1.6855436563491821,9.85707950592041,0.10892495512962341,-0.02583305537700653,1.6392006874084473,-47.474422454833984,-27.319345474243164,-32.38681411743164,63.632327894225,358122629,1720698542
4.0,0,1.223455786705017,-0.14604853093624115,9.021490097045898,0.09987006336450577,-0.018908733502030373,1.6064432859420776,-49.56888198852539,-26.268600463867188,-30.362638473510742,63.7887391864407,371122629,1720698542
4.0,0,0.6799636483192444,-0.8092525005340576,9.313586235046387,0.10120166838169098,-0.03595322370529175,1.635472059249878,-49.56888198852539,-25.217857360839844,-31.71208953857422,64.02086389893977,383122629,1720698542
4.0,0,0.6608097553253174,-0.598559558391571,8.990365028381348,0.09427734464406967,-0.017044490203261375,1.6226887702941895,-49.7434196472168,-26.093477249145508,-30.53131866455078,63.93308042435571,396122629,1720698542
4.0,0,0.8619257807731628,-0.24660654366016388,9.825953483581543,0.08096133172512054,-0.02290353551506996,1.6208245754241943,-50.26703643798828,-25.568103790283203,-31.374725341796875,64.53585262442829,408122629,1720698542
4.0,0,0.617713451385498,-0.08619257807731628,9.804405212402344,0.08948357403278351,-0.029295219108462334,1.6258846521377563,-52.01241683959961,-25.217857360839844,-31.71208953857422,65.9309370346765,421122629,1720698542
4.0,0,0.5674344897270203,0.22266416251659393,9.035855293273926,0.09401101619005203,-0.03169209882616997,1.620558261871338,-50.965187072753906,-24.86760902404785,-29.687911987304688,64.00953358758098,434122629,1720698542
4.0,0,1.4006292819976807,0.2920970618724823,8.770094871520996,0.07670021057128906,-0.02290353551506996,1.6474566459655762,-50.26703643798828,-22.76612091064453,-30.362638473510742,62.98381560884703,446122629,1720698542
4.0,0,0.17477938532829285,0.32322216033935547,9.387807846069336,0.07536860555410385,-0.0197076927870512,1.5891324281692505,-52.7105712890625,-24.86760902404785,-31.037363052368164,66.03120633031592,459122629,1720698542
4.0,0,0.8451660871505737,-1.1827536821365356,10.055800437927246,0.06791163980960846,-0.026365695521235466,1.6269499063491821,-52.7105712890625,-24.86760902404785,-30.700000762939453,65.87330529916295,471122629,1720698542
4.0,0,1.1803593635559082,1.3958408832550049,9.260913848876953,0.1057291105389595,-0.03648586571216583,1.632542610168457,-52.536033630371094,-22.94124412536621,-32.55549621582031,65.92568426258026,484122629,1720698542
4.0,0,0.8930508494377136,1.4269659519195557,9.306404113769531,0.08548877388238907,-0.03009418025612831,1.6181613206863403,-52.536033630371094,-22.94124412536621,-32.55549621582031,65.92568426258026,496122629,1720698542
4.0,0,1.2043018341064453,0.7039060592651367,9.981578826904297,0.09614157676696777,-0.036752182990312576,1.630678415298462,-53.05964660644531,-23.116369247436523,-29.687911987304688,65.04663514241642,508935729,1720698542
4.0,0,0.46448221802711487,2.7701337337493896,9.418932914733887,0.09614157676696777,-0.03009418025612831,1.6269499063491821,-54.455955505371094,-20.66463279724121,-31.71208953857422,66.31843455292292,520935729,1720698542
4.0,0,0.34237605333328247,0.8475603461265564,9.564981460571289,0.09081517904996872,-0.03275737911462784,1.6242866516113281,-54.28141403198242,-21.190004348754883,-31.206045150756836,66.1007219897243,533935729,1720698542
4.0,0,-0.7254542112350464,-0.2250583916902542,8.432506561279297,0.0862877368927002,-0.03009418025612831,1.6218898296356201,-54.28141403198242,-20.83975601196289,-29.51923179626465,65.20853000790038,545935729,1720698542
4.0,0,0.29688555002212524,0.04788476601243019,9.165143966674805,0.0825592502951622,-0.03329002112150192,1.6197593212127686,-54.28141403198242,-20.83975601196289,-29.51923179626465,65.20853000790038,558935729,1720698542
4.0,0,0.033519335091114044,0.22984686493873596,8.722209930419922,0.07723285257816315,-0.01864241249859333,1.6328089237213135,-56.375877380371094,-20.83975601196289,-30.53131866455078,67.41436345795402,570935729,1720698542
4.0,0,0.6919348239898682,0.0,9.512308120727539,0.09188045561313629,-0.024235136806964874,1.6128349304199219,-54.455955505371094,-21.715375900268555,-30.362638473510742,66.02195434524818,583935729,1720698542
4.0,0,0.2944912910461426,0.09098105132579803,9.48597240447998,0.07590124756097794,-0.03382266312837601,1.6338741779327393,-56.20133590698242,-21.365129470825195,-29.687911987304688,67.05543254055218,595935729,1720698542
4.0,0,0.826012134552002,0.3399818241596222,8.506728172302246,0.07909709215164185,-0.015180249698460102,1.6154981851577759,-54.6304931640625,-20.83975601196289,-29.51923179626465,65.49939892723005,608935729,1720698542
4.0,0,0.4884245991706848,0.289702832698822,9.047825813293457,0.06098731979727745,-0.030626820400357246,1.6197593212127686,-56.026798248291016,-19.088516235351562,-30.868682861328125,66.75514328960158,620935729,1720698542
4.0,0,0.7350311875343323,-0.5554632544517517,10.204242706298828,0.08495613932609558,-0.04341018572449684,1.6266835927963257,-56.375877380371094,-17.687524795532227,-30.868682861328125,66.66306072625572,633935729,1720698542
4.0,0,2.1308720111846924,0.2753373980522156,9.608078002929688,0.07909709215164185,-0.06178628280758858,1.6269499063491821,-56.20133590698242,-16.46165657043457,-29.350549697875977,65.5059620365955,645935729,1720698542
4.0,0,2.2003049850463867,-1.5490721464157104,10.29761791229248,0.07030852884054184,-0.036752182990312576,1.6253520250320435,-56.20133590698242,-17.862648010253906,-30.02527618408203,66.17538486173014,658935729,1720698542
4.0,0,0.6296846866607666,-0.03112509660422802,8.547430038452148,0.05859043821692467,-0.030360499396920204,1.6128349304199219,-57.248565673828125,-16.46165657043457,-29.687911987304688,66.55641612135898,670935729,1720698542
4.0,0,0.9217816591262817,0.23942382633686066,10.240157127380371,0.08176029473543167,-0.05672619491815567,1.6162971258163452,-57.248565673828125,-15.41091251373291,-29.687911987304688,66.30434838215734,683935729,1720698542
4.0,0,-0.9265702366828918,-0.6991175413131714,8.343920707702637,0.05912308022379875,-0.032491061836481094,1.6304121017456055,-57.4231071472168,-15.586036682128906,-28.507143020629883,65.97723074740297,695935729,1720698542
4.0,0,0.10055800527334213,0.09576953202486038,9.050220489501953,0.08229293674230576,-0.04527442902326584,1.6234877109527588,-57.77218246459961,-15.586036682128906,-29.181869506835938,66.57425263638834,708935729,1720698542
4.0,0,0.2250583916902542,-0.7470023036003113,8.377439498901367,0.05859043821692467,-0.02689833752810955,1.6439943313598633,-57.77218246459961,-16.63677978515625,-30.868682861328125,67.58167717611059,720935729,1720698542
4.0,0,-0.18435634672641754,0.03591357171535492,9.713424682617188,0.08149396628141403,-0.03382266312837601,1.624819278717041,-56.724952697753906,-15.936284065246582,-30.53131866455078,66.36148602741652,733935729,1720698542
4.0,0,0.4812418818473816,1.3407734632492065,9.426115989685059,0.07350436598062515,-0.054062992334365845,1.640265941619873,-57.77218246459961,-14.535292625427246,-29.85659408569336,66.63569620576985,745935729,1720698542
4.0,0,-0.1604139655828476,1.0414936542510986,9.600895881652832,0.07483596354722977,-0.02796361781656742,1.6218898296356201,-57.77218246459961,-14.535292625427246,-29.85659408569336,66.63569620576985,758935729,1720698542
4.0,0,-0.40941473841667175,-0.2920970618724823,8.032669067382812,0.05859043821692467,-0.031425777822732925,1.6181613206863403,-58.12125778198242,-13.834795951843262,-29.51923179626465,66.63983216538284,770935729,1720698542
4.0,0,1.1348689794540405,1.1276862621307373,9.406962394714355,0.08682037144899368,-0.043676506727933884,1.6288142204284668,-58.81941223144531,-12.784051895141602,-28.844507217407227,66.74699120353988,783935729,1720698542
4.0,0,-0.8188294768333435,0.14844277501106262,8.535459518432617,0.0663137212395668,-0.04261122643947601,1.6298794746398926,-58.99394989013672,-11.20793628692627,-29.687911987304688,66.98713367220387,795935729,1720698542
4.0,0,1.9680639505386353,0.579405665397644,10.206637382507324,0.08602141588926315,-0.059389397501945496,1.6245529651641846,-58.644874572753906,-11.20793628692627,-29.013187408447266,66.3822581196476,808935729,1720698542
4.0,0,-0.3280106484889984,0.720665693283081,8.473209381103516,0.055128276348114014,-0.019175052642822266,1.6376028060913086,-58.644874572753906,-11.20793628692627,-29.013187408447266,66.3822581196476,820935729,1720698542
4.0,0,0.18196210265159607,-0.9002335667610168,9.73257827758789,0.06737900525331497,-0.030626820400357246,1.6139001846313477,-58.99394989013672,-11.20793628692627,-28.675825119018555,66.54477369191585,833935729,1720698542
4.0,0,0.5578575134277344,1.158811330795288,7.769303321838379,0.06072099879384041,-0.04234490543603897,1.65091872215271,-61.088409423828125,-10.857687950134277,-30.362638473510742,69.07657322586913,845935729,1720698542
4.0,0,-0.5530690550804138,-0.17477938532829285,9.478789329528809,0.06737900525331497,-0.04580707103013992,1.6232213973999023,-58.99394989013672,-8.756199836730957,-28.675825119018555,66.17597831144822,858935729,1720698542
4.0,0,-1.1731767654418945,-1.0630418062210083,8.966422080993652,0.05486195534467697,-0.042877547442913055,1.6256183385849,-58.4703369140625,-9.281572341918945,-30.19395637512207,66.4575269293481,870935729,1720698542
4.0,0,-0.09337528795003891,-0.3950493037700653,9.035855293273926,0.0537966750562191,-0.0013316008262336254,1.6064432859420776,-59.69210433959961,-7.705456256866455,-28.338462829589844,66.52510693084359,883935729,1720698542
4.0,0,0.17477938532829285,-0.20590448379516602,8.463632583618164,0.05273139104247093,-0.02476777695119381,1.6320099830627441,-58.99394989013672,-6.654712200164795,-29.013187408447266,66.07825937253997,895935729,1720698542
4.0,0,0.8547430038452148,-0.8236179351806641,9.292038917541504,0.05779147893190384,-0.04767131060361862,1.6237540245056152,-59.866641998291016,-8.581076622009277,-28.507143020629883,66.86035374826388,908935729,1720698542
4.0,0,-1.3982350826263428,-0.8691084980964661,8.379834175109863,0.05273139104247093,-0.07030852884054184,1.6186939477920532,-60.21571731567383,-6.129340171813965,-29.85659408569336,67.49012989453209,921935729,1720698542
4.0,0,1.2282441854476929,0.7733389735221863,9.016700744628906,0.0556609146296978,-0.07137380540370941,1.6296131610870361,-59.5175666809082,-6.479588031768799,-27.15769386291504,65.74090158059599,933935729,1720698542
4.0,0,2.269737958908081,0.7110887169837952,9.80679988861084,0.047937631607055664,-0.06365051865577698,1.6162971258163452,-59.5175666809082,-5.428843975067139,-28.507143020629883,66.21533276908471,946935729,1720698542
4.0,0,-1.9489099979400635,-0.47405916452407837,9.414144515991211,0.050068192183971405,-0.01864241249859333,1.6290805339813232,-60.04117965698242,-6.304464340209961,-29.350549697875977,67.12782055740009,958935729,1720698542
4.0,0,2.8467493057250977,-0.011971191503107548,9.799616813659668,0.06098731979727745,-0.08309189230203629,1.6146992444992065,-60.390254974365234,-4.903471946716309,-27.326374053955078,66.46621436442538,971935729,1720698542
4.0,0,-0.38068386912345886,0.8810796737670898,8.640806198120117,0.05885675922036171,-0.02263721451163292,1.6176286935806274,-58.4703369140625,-4.728348255157471,-28.507143020629883,65.22112218648708,983935729,1720698542
4.0,0,1.5801972150802612,1.769342064857483,8.770094871520996,0.05432931333780289,-0.05246507376432419,1.6338741779327393,-60.564796447753906,-5.078596115112305,-28.844507217407227,67.27475235088833,996935729,1720698542
4.0,0,1.0917726755142212,1.2713404893875122,10.13720417022705,0.050068192183971405,-0.0412796251475811,1.6069759130477905,-61.786563873291016,-2.8019840717315674,-26.651649475097656,67.34791021071094,8935729,1720698543
4.0,0,1.8531404733657837,-0.09098105132579803,10.920121192932129,0.04847027361392975,-0.025034096091985703,1.634939432144165,-61.786563873291016,-2.8019840717315674,-26.651649475097656,67.34791021071094,21935729,1720698543
4.0,0,-0.8212237358093262,1.2665519714355469,7.613677501678467,0.06231892108917236,-0.02050665207207203,1.6296131610870361,-59.5175666809082,-2.9771080017089844,-28.169780731201172,65.91464527792095,33935729,1720698543
4.0,0,-0.32561638951301575,1.3192253112792969,8.322371482849121,0.049002911895513535,-0.007723285350948572,1.6317436695098877,-59.34302520751953,-2.4517359733581543,-28.001100540161133,65.66328716660146,46935729,1720698543
4.0,0,-0.21308720111846924,0.25139501690864563,9.670328140258789,0.0537966750562191,-0.047937631607055664,1.625085711479187,-60.04117965698242,-0.7004960179328918,-27.66373634338379,66.11139279843856,58935729,1720698543
4.0,0,1.393446683883667,-0.8762912154197693,10.446061134338379,0.046872351318597794,-0.06018836051225662,1.61443293094635,-58.81941223144531,-0.17512400448322296,-25.808242797851562,64.23254097404603,71935729,1720698543
4.0,0,-0.8116468191146851,0.007182714529335499,9.0621919631958,0.04633970931172371,-0.02476777695119381,1.609106421470642,-59.34302520751953,1.0507440567016602,-28.001100540161133,65.62591207223869,83935729,1720698543
4.0,0,-9.89299201965332,5.293660640716553,17.185842514038086,0.0862877368927002,0.07084116339683533,1.2122894525527954,-59.34302520751953,1.0507440567016602,-28.001100540161133,65.62591207223869,96935729,1720698543
4.0,0,-14.554574012756348,6.60330867767334,0.49560731649398804,0.0862877368927002,0.20559915900230408,0.7094769477844238,-58.81941223144531,0.5253720283508301,-26.482967376708984,64.50850201405008,108935729,1720698543
4.0,0,-16.879379272460938,4.010348796844482,1.3383792638778687,0.04447546973824501,-0.06205260008573532,0.2471451312303543,-58.644874572753906,2.4517359733581543,-26.651649475097656,64.46349930527018,121935729,1720698543
4.0,0,-5.717440605163574,0.9433298707008362,6.998358726501465,0.000532640318851918,-0.26126009225845337,0.015180249698460102,-57.77218246459961,1.2258679866790771,-27.15769386291504,63.84879133543225,133935729,1720698543
4.0,0,5.734200954437256,-1.3192253112792969,16.390954971313477,0.030360499396920204,-0.23169854283332825,-0.04527442902326584,-59.168487548828125,-0.17512400448322296,-26.145605087280273,64.68796837598775,146935729,1720698543
4.0,0,5.41337251663208,-0.6225019693374634,15.79239559173584,0.06338419765233994,-0.00719064474105835,-0.10386486351490021,-59.168487548828125,-0.17512400448322296,-26.145605087280273,64.68796837598775,158935729,1720698543
4.0,0,2.7437968254089355,-0.39026084542274475,11.736556053161621,0.10040270537137985,0.1669827401638031,-0.10519646853208542,-58.81941223144531,1.9263640642166138,-26.820329666137695,64.67429332556259,171935729,1720698543
4.0,0,-2.446911573410034,1.2450039386749268,7.953659534454346,0.09054885804653168,0.13715487718582153,-0.08682037144899368,-59.69210433959961,2.1014881134033203,-25.63956069946289,64.99962034998254,183935729,1720698543
4.0,0,-2.401421070098877,0.5698286890983582,6.629645824432373,0.07723285257816315,0.04447546973824501,-0.07110748440027237,-59.69210433959961,1.7512400150299072,-26.314287185668945,65.25837779296808,196935729,1720698543
4.0,0,0.08379834145307541,0.059855956584215164,7.9799957275390625,0.05699251592159271,-0.048203952610492706,-0.048203952610492706,-58.81941223144531,0.17512400448322296,-26.820329666137695,64.64583518734946,208935729,1720698543
4.0,0,2.887451410293579,-0.5746171474456787,12.02386474609375,0.05246507376432419,-0.052198752760887146,-0.023436175659298897,-59.5175666809082,-0.5253720283508301,-24.796154022216797,64.47841509899283,221935729,1720698543
4.0,0,1.9489099979400635,-0.4716649353504181,12.416519165039062,0.07483596354722977,0.02902889810502529,-0.027164656668901443,-60.91387176513672,-0.17512400448322296,-27.83241844177246,66.9714413623776,233935729,1720698543
4.0,0,0.023942383006215096,-4.922553539276123,4.364696502685547,-0.3597985506057739,0.1025332659482956,-0.1976095587015152,-59.168487548828125,0.5253720283508301,-28.169780731201172,65.53413218337414,246935729,1720698543
4.0,0,3.069413423538208,-36.413970947265625,10.503522872924805,-0.2950827479362488,-0.23462806642055511,0.2657875418663025,-60.390254974365234,1.4009920358657837,-27.66373634338379,66.4396567046343,258935729,1720698543
4.0,0,-2.121295213699341,-24.897682189941406,10.141992568969727,-0.7243908643722534,-0.08229293674230576,0.2652548849582672,-60.21571731567383,1.2258679866790771,-26.820329666137695,65.93000415260272,271935729,1720698543
4.0,0,4.458071708679199,22.436405181884766,9.869050025939941,-0.46819087862968445,-0.18296195566654205,0.3526079058647156,-60.21571731567383,1.2258679866790771,-26.820329666137695,65.93000415260272,283935729,1720698543
4.0,0,-2.401421070098877,-3.296865940093994,7.640014171600342,-0.6737899780273438,-0.13928544521331787,0.10466382652521133,-60.21571731567383,0.8756200075149536,-25.808242797851562,65.51919351267655,296935729,1720698543
4.0,0,1.0390993356704712,4.824389934539795,7.508331298828125,-0.6564791798591614,-0.268983393907547,0.23169854283332825,-58.81941223144531,0.8756200075149536,-26.482967376708984,64.51230523494019,308935729,1720698543
4.0,0,-0.9888203740119934,0.4812418818473816,7.170743465423584,-0.5797790288925171,-0.3182525932788849,0.11797983199357986,-60.04117965698242,3.5024800300598145,-26.989011764526367,65.9212968394035,321935729,1720698543
4.0,0,3.7206461429595947,-0.7781273722648621,11.482767105102539,-0.6106721758842468,-0.3528742492198944,0.2101266235113144,-59.34302520751953,3.5024800300598145,-27.66373634338379,65.56786038614894,333935729,1720698543
4.0,0,1.9297560453414917,3.557838201522827,10.4005708694458,-0.5896328687667847,-0.31558942794799805,0.1494056135416031,-60.04117965698242,3.8527281284332275,-26.651649475097656,65.80347398410765,346935729,1720698543
4.0,0,2.3559303283691406,2.4684596061706543,9.59371280670166,-0.5864369869232178,-0.342754065990448,0.19441372156143188,-60.04117965698242,3.8527281284332275,-26.651649475097656,65.80347398410765,358935729,1720698543
4.0,0,1.625687837600708,-1.996794581413269,9.34950065612793,-0.5384994149208069,-0.3784409463405609,0.1637869030237198,-59.5175666809082,3.6776041984558105,-26.820329666137695,65.38497992396388,371935729,1720698543
4.0,0,2.018342971801758,-1.74061119556427,9.699058532714844,-0.5435594916343689,-0.4327702522277832,0.19601164758205414,-59.866641998291016,4.728348255157471,-26.145605087280273,65.49782261078309,383935729,1720698543
4.0,0,2.3535361289978027,0.9433298707008362,10.434089660644531,-0.5273139476776123,-0.45194533467292786,0.1752386838197708,-61.26294708251953,4.728348255157471,-26.145605087280273,66.77648259557893,396935729,1720698543
4.0,0,2.1596028804779053,-4.223435878753662,10.934486389160156,-0.5704578161239624,-0.44315674901008606,0.14807401597499847,-61.96110153198242,5.779092311859131,-25.808242797851562,67.36943971355618,408935729,1720698543
4.0,0,0.6679925322532654,-4.8650922775268555,9.232182502746582,-0.5233191251754761,-0.4586033225059509,0.1595257818698883,-61.96110153198242,5.779092311859131,-25.808242797851562,67.36943971355618,421935729,1720698543
4.0,0,1.6951206922531128,3.950493097305298,8.458844184875488,-0.4434230625629425,-0.46925613284111023,0.1920168399810791,-60.564796447753906,5.779092311859131,-25.808242797851562,66.08750164002049,433935729,1720698543
4.0,0,0.5770114064216614,1.6807552576065063,9.035855293273926,-0.46446236968040466,-0.5046766996383667,0.14807401597499847,-60.21571731567383,7.530332088470459,-24.458791732788086,65.42836545590674,446935729,1720698543
4.0,0,2.0039772987365723,-0.5913768410682678,9.900175094604492,-0.4335692524909973,-0.5400972962379456,0.14993825554847717,-62.65925598144531,7.180084228515625,-26.145605087280273,68.27392353641972,458935729,1720698543
4.0,0,2.2242472171783447,-2.094958543777466,10.000733375549316,-0.44448837637901306,-0.5608702898025513,0.1502045840024948,-61.786563873291016,7.004960060119629,-24.96483612060547,67.00665626070912,471935729,1720698543
4.0,0,2.4660654067993164,-3.308837413787842,10.572956085205078,-0.44315674901008606,-0.5821758508682251,0.15233513712882996,-63.008331298828125,8.230828285217285,-23.10934066772461,67.61536787905962,484935729,1720698543
4.0,0,1.300071358680725,-1.5299183130264282,8.801219940185547,-0.4258459508419037,-0.5864369869232178,0.12836632132530212,-62.65925598144531,6.129340171813965,-24.121429443359375,67.4210243876572,496935729,1720698543
4.0,0,1.225849986076355,-1.4102063179016113,9.38301944732666,-0.3928222358226776,-0.6335756778717041,0.13582327961921692,-63.18286895751953,8.055704116821289,-23.952747344970703,68.04927188363486,509935729,1720698543
4.0,0,1.2330327033996582,-2.2625551223754883,8.133227348327637,-0.37604406476020813,-0.6375705003738403,0.11105551570653915,-61.786563873291016,9.10644817352295,-23.952747344970703,66.88976737123049,521935729,1720698543
4.0,0,2.755768299102783,-0.21069295704364777,9.885809898376465,-0.36485862731933594,-0.6732573509216309,0.12090936303138733,-62.65925598144531,7.530332088470459,-23.784067153930664,67.44308794749556,534935729,1720698543
4.0,0,1.19951331615448,0.7781273722648621,9.019095420837402,-0.32730749249458313,-0.6631371974945068,0.12330623716115952,-63.53194808959961,8.055704116821289,-24.96483612060547,68.73460438095238,546935729,1720698543
4.0,0,3.0885672569274902,-1.920179009437561,9.950454711914062,-0.3057355582714081,-0.6889702677726746,0.12863264977931976,-63.53194808959961,8.055704116821289,-24.96483612060547,68.73460438095238,559935729,1720698543
4.0,0,2.731825828552246,-0.007182714529335499,9.119653701782227,-0.286294162273407,-0.696959912776947,0.10093534737825394,-63.35740661621094,10.682564735412598,-23.446704864501953,68.39609734086609,571935729,1720698543
4.0,0,3.914579391479492,-4.355119228363037,10.527464866638184,-0.31931787729263306,-0.7526207566261292,0.1270347237586975,-64.2301025390625,9.456696510314941,-22.265933990478516,68.63459038659029,584935729,1720698543
4.0,0,1.5873799324035645,-0.25139501690864563,8.643199920654297,-0.26978233456611633,-0.7331794500350952,0.0844234973192215,-64.0555648803711,10.682564735412598,-23.10934066772461,68.92948721386706,596935729,1720698543
4.0,0,2.908999443054199,-1.5658318996429443,9.643991470336914,-0.2657875418663025,-0.7664694786071777,0.1006690263748169,-66.1500244140625,9.281572341918945,-21.759891510009766,70.25287320563291,609935729,1720698543
4.0,0,2.52592134475708,-0.5650402307510376,8.530671119689941,-0.2008054107427597,-0.755816638469696,0.07643388956785202,-66.1500244140625,9.281572341918945,-21.759891510009766,70.25287320563291,621935729,1720698543
4.0,0,2.683941125869751,-1.0798014402389526,9.823558807373047,-0.19920749962329865,-0.7952319979667664,0.1094575896859169,-65.62640380859375,10.15719223022461,-21.253847122192383,69.72603135374814,634935729,1720698543
4.0,0,2.193122148513794,-0.8308007121086121,8.738969802856445,-0.16724906861782074,-0.8024227023124695,0.08016236871480942,-66.67363739013672,10.15719223022461,-22.265933990478516,71.02333625859545,646935729,1720698543
4.0,0,4.70228385925293,-4.254561424255371,10.493946075439453,-0.14674241840839386,-0.8309189081192017,0.06977588683366776,-66.67363739013672,10.15719223022461,-21.253847122192383,70.71257663475923,659935729,1720698543
4.0,0,4.312023162841797,-5.2002854347229,9.835530281066895,-0.14674241840839386,-0.8026890158653259,0.04847027361392975,-65.45186614990234,9.281572341918945,-19.735713958740234,68.98980195002898,671935729,1720698543
4.0,0,5.26492977142334,-6.112490653991699,9.950454711914062,-0.15233513712882996,-0.8580836057662964,0.07110748440027237,-68.0699462890625,9.10644817352295,-18.89230728149414,71.22755267837938,684935729,1720698543
4.0,0,3.6320595741271973,-2.274526357650757,8.60728645324707,-0.09933742135763168,-0.8487623929977417,0.015446570701897144,-68.2444839477539,9.631820678710938,-18.04890251159668,71.24496080955625,696935729,1720698543
4.0,0,1.640053153038025,1.1061381101608276,8.22420883178711,-0.06578107923269272,-0.8471644520759583,0.046872351318597794,-68.41902160644531,8.756199836730957,-18.55494499206543,71.42912246991818,709935729,1720698543
4.0,0,0.32322216033935547,0.8164352178573608,7.740571975708008,-0.01145176775753498,-0.8500940203666687,0.022370893508195877,-67.72086334228516,10.15719223022461,-19.567033767700195,71.21904728576841,721935729,1720698543
4.0,0,2.6719701290130615,0.787704348564148,8.973605155944824,0.004793763160705566,-0.860214114189148,0.0375511460006237,-68.41902160644531,8.405952453613281,-19.229671478271484,71.56537444461452,734935729,1720698543
4.0,0,3.3136258125305176,-0.83319491147995,9.189085960388184,0.016778171062469482,-0.9076191186904907,0.03382266312837601,-70.1644058227539,8.756199836730957,-18.55494499206543,73.10267343742939,746935729,1720698543
4.0,0,3.3136258125305176,-0.83319491147995,9.189085960388184,0.016778171062469482,-0.9076191186904907,0.03382266312837601,-68.0699462890625,9.806943893432617,-16.868131637573242,70.81121098574214,759935729,1720698543
4.0,0,4.953678607940674,-3.8259928226470947,9.284855842590332,0.02982785925269127,-0.9403765797615051,0.010120166465640068,-68.94263458251953,8.931324005126953,-18.7236270904541,71.99603894024838,771935729,1720698543
4.0,0,2.1045353412628174,-2.4086036682128906,7.192291736602783,0.08788565546274185,-0.8990969061851501,-0.037817467004060745,-68.94263458251953,9.982068061828613,-18.04890251159668,71.9617358590169,784935729,1720698543
4.0,0,6.220230579376221,-3.91697359085083,9.833135604858398,0.10599542409181595,-0.9417081475257874,-0.019175052642822266,-69.29170989990234,8.581076622009277,-16.02472496032715,71.63635771658934,796935729,1720698543
4.0,0,2.061439037322998,2.0063717365264893,7.187503337860107,0.1368885636329651,-0.9078854322433472,-0.024501455947756767,-69.64078521728516,8.230828285217285,-16.02472496032715,71.9331447247714,809935729,1720698543
4.0,0,5.329574108123779,0.4237801730632782,9.469212532043457,0.19254949688911438,-0.949697732925415,-0.023169854655861855,-69.64078521728516,8.230828285217285,-16.02472496032715,71.9331447247714,821935729,1720698543
4.0,0,4.17076301574707,-1.2569750547409058,8.52348804473877,0.2013380527496338,-0.933185875415802,-0.038616426289081573,-70.51348114013672,9.10644817352295,-16.19340705871582,72.91985225579344,834935729,1720698543
4.0,0,6.416558742523193,-5.341545104980469,10.13720417022705,0.17923347651958466,-0.9792592525482178,-0.034621622413396835,-70.68801879882812,11.383060455322266,-16.362089157104492,73.44445539738201,846935729,1720698543
4.0,0,4.479619979858398,-1.7477937936782837,8.228997230529785,0.23276382684707642,-0.9366480708122253,-0.08176029473543167,-70.68801879882812,8.581076622009277,-15.012638092041016,72.77231740283439,859935729,1720698543
4.0,0,7.1108880043029785,-5.193102836608887,9.852291107177734,0.22743742167949677,-0.9763297438621521,-0.052997712045907974,-69.98986053466797,8.581076622009277,-15.350000381469727,72.165351557144,871935729,1720698543
4.0,0,4.539475917816162,-1.4269659519195557,7.6208600997924805,0.26685282588005066,-0.9462355971336365,-0.07217276096343994,-70.51348114013672,9.456696510314941,-14.843955993652344,72.67684060916591,884935729,1720698543
4.0,0,3.5267128944396973,0.12689462304115295,8.674324989318848,0.31798627972602844,-0.9278594851493835,-0.0644494816660881,-70.51348114013672,9.456696510314941,-14.843955993652344,72.67684060916591,896935729,1720698543
4.0,0,2.832383871078491,0.5123670101165771,6.7948479652404785,0.3454172611236572,-0.9465019106864929,-0.09241309762001038,-70.86255645751953,8.055704116821289,-13.494505882263184,72.58441957830448,909935729,1720698543
4.0,0,5.523507595062256,1.3407734632492065,8.82037353515625,0.4040077030658722,-0.9361154437065125,-0.07430332899093628,-73.30609130859375,8.756199836730957,-13.831868171691895,75.11174765403688,921935729,1720698543
4.0,0,3.172365665435791,1.5059758424758911,7.824370384216309,0.43889564275741577,-0.9164077043533325,-0.10093534737825394,-72.08432006835938,9.982068061828613,-14.675274848937988,74.23715090438566,934935729,1720698543
4.0,0,8.964028358459473,-4.316811561584473,9.069375038146973,0.3970833718776703,-0.9941732287406921,-0.13209480047225952,-71.90978240966797,7.705456256866455,-13.494505882263184,73.56964422463052,947935729,1720698543
4.0,0,6.392616271972656,-2.480430841445923,7.845918655395508,0.43490082025527954,-0.9640790224075317,-0.12303992360830307,-71.90978240966797,7.705456256866455,-13.494505882263184,73.56964422463052,959935729,1720698543
4.0,0,3.4141836166381836,0.6272904276847839,7.17553186416626,0.47804468870162964,-0.9227993488311768,-0.1387528032064438,-72.60794067382812,7.355208396911621,-12.145055770874023,73.98320430431345,972935729,1720698543
4.0,0,4.941707611083984,-1.4509084224700928,7.4676289558410645,0.4940238893032074,-0.9536925554275513,-0.15739521384239197,-73.30609130859375,6.654712200164795,-12.819780349731445,74.71556053210246,984935729,1720698543
4.0,0,3.9289448261260986,3.612905502319336,7.074974060058594,0.5488858819007874,-0.9001621603965759,-0.14461186528205872,-71.90978240966797,7.004960060119629,-11.470330238342285,73.1550049376411,997935729,1720698543
4.0,0,6.062211036682129,0.3974435329437256,8.60489273071289,0.5795127153396606,-0.9390448927879333,-0.15126986801624298,-73.48062896728516,6.479588031768799,-11.976373672485352,74.73166277309952,9935729,1720698544
4.0,0,4.9129767417907715,-1.3192253112792969,7.0797624588012695,0.5715230703353882,-0.9100160598754883,-0.1869567483663559,-73.48062896728516,6.479588031768799,-9.952198028564453,74.43409259263547,22935729,1720698544
4.0,0,6.426135540008545,-1.6568129062652588,8.908960342407227,0.6253197193145752,-0.9544914960861206,-0.17923347651958466,-75.05147552490234,7.004960060119629,-11.807692527770996,76.29688752982828,34935729,1720698544
4.0,0,5.750960350036621,-2.861114501953125,7.3622822761535645,0.596823513507843,-0.9153424501419067,-0.1989411562681198,-72.43340301513672,6.129340171813965,-11.30164909362793,73.5655758866233,47935729,1720698544
4.0,0,10.491552352905273,-3.713463544845581,9.462029457092285,0.6298471689224243,-0.9499640464782715,-0.2026696503162384,-74.00424194335938,5.954216003417969,-11.132966995239258,75.07345381653701,59935729,1720698544
4.0,0,2.47324800491333,0.002394238254055381,6.311212062835693,0.6796491146087646,-0.9070864915847778,-0.2119908481836319,-74.35332489013672,4.553224086761475,-8.771429061889648,75.00724458070867,72935729,1720698544
4.0,0,5.832364082336426,-0.4237801730632782,7.963236331939697,0.7076126933097839,-0.9097496867179871,-0.19814221560955048,-74.35332489013672,4.553224086761475,-8.771429061889648,75.00724458070867,84935729,1720698544
4.0,0,3.2465872764587402,1.74061119556427,7.405378818511963,0.7486260533332825,-0.8540887832641602,-0.23116591572761536,-73.82970428466797,5.779092311859131,-8.602747917175293,74.55354058954526,97935729,1720698544
4.0,0,8.801219940185547,0.5889825820922852,9.028672218322754,0.7701979875564575,-0.9012274742126465,-0.20772972702980042,-74.00424194335938,4.903471946716309,-8.434065818786621,74.64452645023029,109935729,1720698544
4.0,0,5.760537147521973,-1.067830204963684,7.407773017883301,0.7824486494064331,-0.8317179083824158,-0.24554719030857086,-73.82970428466797,4.728348255157471,-9.277472496032715,74.56040509478348,122935729,1720698544
4.0,0,9.098105430603027,-0.39983779191970825,8.62883472442627,0.7808507680892944,-0.8905746340751648,-0.24687878787517548,-74.52786254882812,5.078596115112305,-9.277472496032715,75.27460348957074,134935729,1720698544
4.0,0,5.540267467498779,-0.4501167833805084,6.078970909118652,0.8327831625938416,-0.8101459741592407,-0.26924970746040344,-73.82970428466797,4.728348255157471,-8.602747917175293,74.47945880382076,147935729,1720698544
4.0,0,8.47081470489502,-0.5530690550804138,8.377439498901367,0.8522245287895203,-0.8415717482566833,-0.2703149616718292,-73.82970428466797,4.728348255157471,-8.602747917175293,74.47945880382076,159935729,1720698544
4.0,0,5.542661666870117,0.8427718281745911,6.955262184143066,0.8719322681427002,-0.8069500923156738,-0.3115946054458618,-76.62232208251953,2.9771080017089844,-8.602747917175293,77.16119934978761,172935729,1720698544
4.0,0,8.377439498901367,1.1468400955200195,8.126044273376465,0.899629533290863,-0.8133417963981628,-0.29295217990875244,-74.00424194335938,1.7512400150299072,-6.747252941131592,74.3318242037226,184935729,1720698544
4.0,0,5.7413835525512695,0.636867344379425,7.096521854400635,0.9339848160743713,-0.7526207566261292,-0.31132829189300537,-75.22601318359375,2.2766120433807373,-7.253296852111816,75.6091683403484,197935729,1720698544
4.0,0,7.460446357727051,0.8858681321144104,7.465234756469727,0.954757809638977,-0.7683336734771729,-0.3022734224796295,-74.35332489013672,4.202976226806641,-7.759340763092041,74.87515809972696,209935729,1720698544
4.0,0,6.866674900054932,-1.2426096200942993,5.961653232574463,0.9366480708122253,-0.7619420289993286,-0.3504773676395416,-74.35332489013672,3.1522321701049805,-7.421977996826172,74.789299015687,222935729,1720698544
4.0,0,7.719024181365967,1.4724565744400024,7.388619422912598,0.9994996190071106,-0.7534197568893433,-0.3275738060474396,-76.97139739990234,2.6268601417541504,-8.265384674072266,77.458459807231,234935729,1720698544
4.0,0,4.647216320037842,1.0414936542510986,6.088547706604004,1.0080218315124512,-0.7172002196311951,-0.3669891953468323,-78.01862335205078,-0.17512400448322296,-6.915934085845947,78.32474961623481,247935729,1720698544
4.0,0,5.293660640716553,2.2386128902435303,7.103704452514648,1.0394476652145386,-0.6769858598709106,-0.36432600021362305,-77.49501037597656,-0.7004960179328918,-6.072527885437012,77.73572488092759,259935729,1720698544
4.0,0,4.043868541717529,1.0486763715744019,6.3088178634643555,1.0602205991744995,-0.6604740023612976,-0.3608638048171997,-77.32047271728516,-1.9263640642166138,-4.891758441925049,77.49900438319507,272935729,1720698544
4.0,0,6.943290710449219,1.649630069732666,6.972021579742432,1.0945758819580078,-0.626651406288147,-0.3608638048171997,-74.87693786621094,-2.9771080017089844,-4.55439567565918,75.07437323244675,284935729,1720698544
4.0,0,8.901777267456055,1.3335906267166138,7.675927639007568,1.0999022722244263,-0.6442285180091858,-0.39814862608909607,-75.22601318359375,-1.5761160850524902,-4.55439567565918,75.38023428845419,297935729,1720698544
4.0,0,8.540247917175293,-1.467668056488037,6.296846389770508,1.1206752061843872,-0.6383694410324097,-0.39255592226982117,-74.70240020751953,0.0,-4.048351764678955,74.81201607211901,309935729,1720698544
4.0,0,11.061380386352539,0.5817998647689819,7.316792011260986,1.1081582307815552,-0.6394347548484802,-0.4295744299888611,-74.52786254882812,0.8756200075149536,-4.55439567565918,74.67202639854527,322935729,1720698544
4.0,0,9.213027954101562,1.0989553928375244,6.888223648071289,1.1337249279022217,-0.6034814715385437,-0.4151931405067444,-76.97139739990234,-1.9263640642166138,-3.5423078536987305,77.0769410468006,334935729,1720698544
4.0,0,7.850707054138184,2.7940759658813477,6.490779399871826,1.1662161350250244,-0.5824421644210815,-0.441558837890625,-76.62232208251953,-2.9771080017089844,-4.2170329093933105,76.79600757806428,347935729,1720698544
4.0,0,7.422138690948486,3.098144292831421,7.108493804931641,1.1939133405685425,-0.5677946209907532,-0.47271832823753357,-76.62232208251953,-2.9771080017089844,-4.2170329093933105,76.79600757806428,359935729,1720698544
4.0,0,7.3383402824401855,3.5243186950683594,6.842732906341553,1.2027019262313843,-0.5270476341247559,-0.453010618686676,-75.74962615966797,-4.903471946716309,-1.0120879411697388,75.91491436116061,372935729,1720698544
4.0,0,7.599311828613281,1.2210614681243896,5.523507595062256,1.1923154592514038,-0.5273139476776123,-0.4870995879173279,-75.74962615966797,-4.202976226806641,-2.0241758823394775,75.89313645182416,384935729,1720698544
4.0,0,5.863489627838135,4.666370391845703,6.543453216552734,1.250373125076294,-0.4791100025177002,-0.4721856415271759,-74.35332489013672,-4.553224086761475,-2.0241758823394775,74.52010507108221,397935729,1720698544
4.0,0,5.758142948150635,1.3431676626205444,5.592940330505371,1.2375898361206055,-0.4636634290218353,-0.5057420134544373,-75.22601318359375,-2.9771080017089844,-3.8796703815460205,75.38480001844871,409935729,1720698544
4.0,0,5.765325546264648,5.27450704574585,5.698287010192871,1.2642219066619873,-0.39548543095588684,-0.5198569893836975,-75.22601318359375,-2.9771080017089844,-3.8796703815460205,75.38480001844871,422935729,1720698544
4.0,0,3.5793862342834473,1.0869841575622559,7.575369834899902,1.2879244089126587,-0.3483467996120453,-0.5225201845169067,-77.32047271728516,-5.779092311859131,-4.891758441925049,77.69029997256783,434935729,1720698544
4.0,0,-9.983973503112793,12.53383731842041,28.120328903198242,0.9901784062385559,0.08202660828828812,-0.18669043481349945,-76.44778442382812,-7.705456256866455,-2.6989011764526367,76.88251990536494,447935729,1720698544
4.0,0,-5.822787284851074,-1.2713404893875122,24.43320083618164,0.34621623158454895,-0.32997068762779236,-0.3163883686065674,-77.49501037597656,-8.055704116821289,-0.6747252941131592,77.91550716136682,460935729,1720698544
4.0,0,-0.9576953053474426,2.214670419692993,9.835530281066895,0.020240332931280136,-0.018109772354364395,-0.09587526321411133,-75.05147552490234,-6.654712200164795,0.6747252941131592,75.348951068708,472935729,1720698544
4.0,0,10.886601448059082,4.254561424255371,4.043868541717529,0.1368885636329651,-0.03089314140379429,-0.13049687445163727,-75.74962615966797,-7.004960060119629,-0.3373626470565796,76.07357716269792,485935729,1720698544
4.0,0,8.954451560974121,4.462860107421875,6.19868278503418,0.06178628280758858,0.05965571850538254,0.021305613219738007,-76.97139739990234,-6.829836368560791,-0.3373626470565796,77.27455270702406,497935729,1720698544
4.0,0,6.517116546630859,4.453282833099365,8.025486946105957,0.010386486537754536,0.0988047793507576,0.08868461847305298,-76.62232208251953,-7.180084228515625,-1.855494499206543,76.98036574791344,510935729,1720698544
4.0,0,4.510745048522949,1.9034193754196167,6.914559841156006,0.004527443088591099,0.06072099879384041,0.0394153855741024,-76.97139739990234,-7.180084228515625,-0.5060439705848694,77.3072164013324,522935729,1720698544
4.0,0,5.408584117889404,1.5107643604278564,6.617674827575684,0.03728482499718666,0.006924324203282595,0.039681706577539444,-75.05147552490234,-8.055704116821289,-1.0120879411697388,75.48935467523516,535935729,1720698544
4.0,0,4.7597455978393555,4.142032146453857,37.37405776977539,-0.20906133949756622,0.49455657601356506,-0.23436175286769867,-76.27324676513672,-6.129340171813965,-1.518131971359253,76.53418652941778,547935729,1720698544
4.0,0,-39.22719955444336,6.840338706970215,20.006256103515625,-0.7965636849403381,1.329736590385437,-0.8612794280052185,-76.27324676513672,-6.129340171813965,-1.518131971359253,76.53418652941778,560935729,1720698544
4.0,0,22.106000900268555,1.5514663457870483,25.984668731689453,-1.07060706615448,0.8671385049819946,-1.5281450748443604,-76.09870147705078,-7.355208396911621,-2.3615384101867676,76.48979226483804,572935729,1720698544
4.0,0,-23.355792999267578,10.221002578735352,12.648760795593262,-1.2517046928405762,1.8067160844802856,-1.7321463823318481,-75.05147552490234,-8.405952453613281,-2.0241758823394775,75.54787424620277,585935729,1720698544
4.0,0,9.794828414916992,14.097274780273438,27.131507873535156,-1.4367973804473877,1.8538546562194824,-2.359863042831421,-75.74962615966797,-7.004960060119629,-2.3615384101867676,76.10947505032546,597935729,1720698544
4.0,0,-8.185900688171387,10.254522323608398,14.24332332611084,-1.8240268230438232,2.150801658630371,-2.668261766433716,-72.25886535644531,-9.456696510314941,-3.373626470565796,72.95309511632799,610935729,1720698544
4.0,0,-14.480352401733398,15.744511604309082,1.4006292819976807,-1.8325490951538086,2.2786355018615723,-3.01021671295166,-72.25886535644531,-9.456696510314941,-3.373626470565796,72.95309511632799,622935729,1720698544
4.0,0,23.604795455932617,-3.4429147243499756,1.0750129222869873,-1.4575703144073486,1.9172389507293701,-2.81154203414917,-73.30609130859375,-10.857687950134277,-6.409890174865723,74.38251879722961,635935729,1720698544
4.0,0,19.182636260986328,7.38622522354126,6.780482769012451,-1.5441243648529053,2.0855531692504883,-2.84429931640625,-74.87693786621094,-8.931324005126953,-7.928022384643555,75.8233335566063,647935729,1720698544
4.0,0,2.0829873085021973,3.8619062900543213,8.834739685058594,-1.4690220355987549,1.9699703454971313,-2.8280539512634277,-74.35332489013672,-11.908432006835938,-10.458242416381836,76.02369702612118,660935729,1720698544
4.0,0,2.5211329460144043,4.9919867515563965,7.443686485290527,-1.4277424812316895,1.9555890560150146,-3.0227339267730713,-73.65516662597656,-13.30942440032959,-9.10879135131836,75.40022830502778,672935729,1720698544
4.0,0,-7.309609413146973,3.0837788581848145,3.349539279937744,-1.2743420600891113,1.9864821434020996,-2.9734644889831543,-73.13155364990234,-14.885540008544922,-10.964285850524902,75.43221463543648,685935729,1720698544
4.0,0,5.229015827178955,5.885037899017334,9.050220489501953,-1.1704771518707275,1.8163034915924072,-3.086118221282959,-73.13155364990234,-14.885540008544922,-10.964285850524902,75.43221463543648,697935729,1720698544
4.0,0,5.786873817443848,5.523507595062256,6.019114971160889,-1.139850378036499,1.8314838409423828,-3.1516330242156982,-73.30609130859375,-17.862648010253906,-12.482418060302734,76.47658450476384,710935729,1720698544
4.0,0,10.467610359191895,6.277692794799805,5.97601842880249,-1.1212078332901,1.8197658061981201,-3.1588234901428223,-69.98986053466797,-19.438764572143555,-14.675274848937988,74.10674623571978,722935729,1720698544
4.0,0,-1.9177848100662231,5.35830545425415,6.730203628540039,-0.9305226802825928,1.9156410694122314,-3.105825901031494,-67.37178802490234,-19.263641357421875,-15.181319236755371,71.69740688328991,735935729,1720698544
4.0,0,-1.7070918083190918,5.025506019592285,7.860283851623535,-0.8841829895973206,1.847995638847351,-3.2427144050598145,-65.45186614990234,-21.540252685546875,-15.012638092041016,70.52168865494177,747935729,1720698544
4.0,0,5.7102580070495605,6.100518703460693,7.1108880043029785,-0.7763233184814453,1.7854105234146118,-3.249105930328369,-64.2301025390625,-22.065624237060547,-15.518681526184082,69.66510835031238,760935729,1720698544
4.0,0,8.183506965637207,6.021509170532227,8.200265884399414,-0.6820459365844727,1.8418703079223633,-3.2874560356140137,-62.310176849365234,-24.69248390197754,-16.362089157104492,68.99271600563083,772935729,1720698544
4.0,0,4.6543989181518555,5.255352973937988,8.726998329162598,-0.591763436794281,1.8424029350280762,-3.285858154296875,-62.310176849365234,-25.04273223876953,-18.38626480102539,69.62579486307718,785935729,1720698544
4.0,0,-1.3647156953811646,4.343148231506348,8.145198822021484,-0.5259823203086853,1.8546537160873413,-3.3670859336853027,-60.564796447753906,-24.34223747253418,-18.04890251159668,67.72297967307871,797935729,1720698544
4.0,0,0.2944912910461426,6.095730304718018,7.757331371307373,-0.43436819314956665,1.8362774848937988,-3.36655330657959,-59.168487548828125,-26.093477249145508,-19.060989379882812,67.4173626739248,810935729,1720698544
4.0,0,-4.108512878417969,7.0534257888793945,5.9448933601379395,-0.3432866930961609,1.8266899585723877,-3.3889241218566895,-57.77218246459961,-27.494468688964844,-20.747802734375,67.26100053906423,822935729,1720698544
4.0,0,-1.1252919435501099,5.365488052368164,7.80042839050293,-0.23782391846179962,1.8173688650131226,-3.382798910140991,-55.6777229309082,-26.4437255859375,-21.08516502380371,65.14494330119861,835935729,1720698544
4.0,0,-3.3399622440338135,5.482805252075195,6.938502311706543,-0.1414160132408142,1.817635178565979,-3.385195732116699,-53.7578010559082,-27.319345474243164,-21.591209411621094,64.05020011962594,847935729,1720698544
4.0,0,-1.3383792638778687,4.522716045379639,8.480391502380371,-0.08282557129859924,1.7830134630203247,-3.3931851387023926,-54.28141403198242,-29.595956802368164,-21.759891510009766,65.54300456102494,860935729,1720698544
4.0,0,-3.5554440021514893,5.0949387550354,7.49157190322876,0.0197076927870512,1.804319143295288,-3.437394380569458,-51.13972473144531,-29.245708465576172,-21.08516502380371,62.57129608168995,872935729,1720698544
4.0,0,5.025506019592285,4.917765140533447,7.709446907043457,0.10359854996204376,1.7675670385360718,-3.467755079269409,-49.394344329833984,-29.946205139160156,-23.10934066772461,62.21429160657393,885935729,1720698544
4.0,0,-1.467668056488037,6.854703903198242,7.996756076812744,0.24315032362937927,1.7768882513046265,-3.46109676361084,-49.394344329833984,-29.946205139160156,-23.10934066772461,62.21429160657393,897935729,1720698544
4.0,0,-2.138054609298706,4.199493885040283,6.9265313148498535,0.2894900441169739,1.8085802793502808,-3.427806854248047,-46.776268005371094,-31.172073364257812,-21.928571701049805,60.337216236623455,910935729,1720698544
4.0,0,-3.9337332248687744,5.655190944671631,7.489177703857422,0.40880143642425537,1.8384082317352295,-3.4211490154266357,-87.79277038574219,-32.39794158935547,-23.446704864501953,96.47250966070075,922935729,1720698544
4.0,0,0.007182714529335499,6.521904945373535,8.339132308959961,0.48203951120376587,1.8101781606674194,-3.3846631050109863,-41.54011917114258,-32.92331314086914,-22.60329818725586,57.62321700379508,935935729,1720698544
4.0,0,-4.412580966949463,4.795659065246582,5.856306552886963,0.5691261887550354,1.847995638847351,-3.403571844100952,-39.271121978759766,-34.499427795410156,-23.784067153930664,57.429203285994056,947935729,1720698544
4.0,0,-0.4812418818473816,4.582571983337402,7.6208600997924805,0.6586098074913025,1.8280216455459595,-3.376939535140991,-38.572967529296875,-34.499427795410156,-22.097253799438477,56.27053374283656,960935729,1720698544
4.0,0,-7.230599403381348,5.9999613761901855,4.642427921295166,0.7419679760932922,1.9209673404693604,-3.3825325965881348,-38.572967529296875,-34.499427795410156,-22.097253799438477,56.27053374283656,973935729,1720698544
4.0,0,-5.047054290771484,6.497962951660156,6.162769317626953,0.8426370024681091,1.9041892290115356,-3.332730531692505,-33.86043167114258,-34.32430648803711,-22.265933990478516,53.107990597547264,985935729,1720698544
4.0,0,-9.80919361114502,4.180339813232422,5.554632663726807,0.92812579870224,1.9188368320465088,-3.2901194095611572,-31.765974044799805,-35.72529602050781,-20.916484832763672,52.18115771547273,998935729,1720698544
4.0,0,-9.136412620544434,4.944101810455322,6.086153507232666,1.0074892044067383,1.9057871103286743,-3.263221025466919,-29.671512603759766,-37.47653579711914,-22.94066047668457,53.02040455008189,11745969,1720698545
4.0,0,-9.48836612701416,5.525901794433594,5.312814712524414,1.1001685857772827,1.8874109983444214,-3.250171422958374,-28.624282836914062,-36.4257926940918,-22.94066047668457,51.695859064601315,24745969,1720698545
4.0,0,-2.145237445831299,6.811607837677002,6.727809429168701,1.209093689918518,1.8234941959381104,-3.1769332885742188,-25.13351821899414,-36.776039123535156,-21.253847122192383,49.3548053301178,36745969,1720698545
4.0,0,-4.206676483154297,5.8395466804504395,5.6839213371276855,1.2660861015319824,1.9009933471679688,-3.1793301105499268,-23.21359634399414,-37.301414489746094,-21.08516502380371,48.73244055286759,49745969,1720698545
4.0,0,-3.6488189697265625,5.293660640716553,5.72941255569458,1.3411884307861328,1.9161736965179443,-3.134322166442871,-21.468212127685547,-37.65166091918945,-22.097253799438477,48.649977671215034,61745969,1720698545
4.0,0,-10.661542892456055,5.207468032836914,2.9975860118865967,1.406436800956726,1.9872812032699585,-3.0901129245758057,-19.199214935302734,-36.776039123535156,-18.89230728149414,45.585153089203686,74745969,1720698545
4.0,0,-8.700661659240723,5.389430522918701,4.819601535797119,1.4916592836380005,1.9678397178649902,-3.026196002960205,-17.104755401611328,-38.177032470703125,-18.21758270263672,45.62826739144805,86745969,1720698545
4.0,0,-7.118070602416992,4.206676483154297,5.375064849853516,1.5688921213150024,1.95372474193573,-2.9391093254089355,-17.104755401611328,-38.177032470703125,-18.21758270263672,45.62826739144805,99745969,1720698545
4.0,0,-2.6671812534332275,6.215442180633545,5.140429496765137,1.6506524085998535,1.9353487491607666,-2.868534564971924,-13.264911651611328,-36.4257926940918,-19.229671478271484,43.273277200603296,111745969,1720698545
4.0,0,-6.411769866943359,5.492382049560547,5.72941255569458,1.727618932723999,2.0085866451263428,-2.831249713897705,-11.694067001342773,-35.900421142578125,-17.711538314819336,41.70479625563081,124745969,1720698545
4.0,0,-2.475642204284668,5.62406587600708,5.391824722290039,1.7723606824874878,2.0637149810791016,-2.776654005050659,-9.425068855285645,-37.12628936767578,-17.036813735961914,41.92190724923106,136745969,1720698545
4.0,0,-14.48992919921875,4.740592002868652,0.7900986075401306,1.8280216455459595,2.135355234146118,-2.764137029647827,-6.4579176902771,-35.900421142578125,-16.362089157104492,39.97828036189026,149745969,1720698545
4.0,0,-14.121216773986816,4.072599411010742,0.897839367389679,1.9220325946807861,2.1356215476989746,-2.658141613006592,-6.283379554748535,-37.12628936767578,-14.843955993652344,40.47450123698765,161745969,1720698545
4.0,0,-12.679885864257812,4.757351398468018,2.758162498474121,1.9606491327285767,2.1321592330932617,-2.5920944213867188,-4.188919544219971,-36.4257926940918,-14.169231414794922,39.30842834847141,174745969,1720698545
4.0,0,-1.300071358680725,7.221022129058838,5.240987777709961,2.0589213371276855,2.0314903259277344,-2.443753957748413,-2.967151403427124,-35.19992446899414,-12.9884614944458,37.6369340152257,186745969,1720698545
4.0,0,-8.521093368530273,5.597728729248047,2.681546926498413,2.095407009124756,2.0701067447662354,-2.4043385982513428,-2.0944597721099854,-36.4257926940918,-10.458242416381836,37.955236391962394,199745969,1720698545
4.0,0,-3.3734817504882812,5.4037957191467285,5.070996284484863,2.1516005992889404,2.09434175491333,-2.3484113216400146,1.3963065147399902,-36.07554626464844,-10.120879173278809,37.49435831449851,211745969,1720698545
4.0,0,-10.539437294006348,4.5538411140441895,2.2098820209503174,2.2032666206359863,2.1603891849517822,-2.3065989017486572,2.7926130294799805,-35.02479934692383,-7.759340763092041,35.98253223304995,224745969,1720698545
4.0,0,-12.081326484680176,5.25295877456665,0.8762912154197693,2.2336273193359375,2.206728935241699,-2.2128543853759766,2.7926130294799805,-35.02479934692383,-7.759340763092041,35.98253223304995,236745969,1720698545
4.0,0,-13.721379280090332,4.309628963470459,-0.217875674366951,2.2789018154144287,2.2418830394744873,-2.1398825645446777,5.585226058959961,-32.92331314086914,-5.397802352905273,33.82714248266385,249745969,1720698545
4.0,0,-5.791662216186523,3.6727614402770996,2.011160135269165,2.3300349712371826,2.1979403495788574,-2.021636486053467,6.1088409423828125,-33.79893112182617,-4.891758441925049,34.69315470365051,261745969,1720698545
4.0,0,-4.6328511238098145,5.425343990325928,2.085381507873535,2.3774402141571045,2.2104573249816895,-1.9063197374343872,7.679685592651367,-33.974056243896484,-1.0120879411697388,34.84592358463296,274745969,1720698545
4.0,0,3.1029326915740967,7.900986194610596,1.71906316280365,2.422981023788452,2.2016687393188477,-1.8173688650131226,7.505147457122803,-33.09843826293945,-0.5060439705848694,33.942450328444714,286745969,1720698545
4.0,0,-1.807649850845337,6.141221046447754,2.1332662105560303,2.4570698738098145,2.2549328804016113,-1.7342770099639893,8.377839088439941,-33.2735595703125,0.3373626470565796,34.31372564771357,299745969,1720698545
4.0,0,-10.888995170593262,3.634453773498535,-0.48603036999702454,2.457868814468384,2.3971476554870605,-1.7095091342926025,9.425068855285645,-31.172073364257812,2.3615384101867676,32.65129315075185,311745969,1720698545
4.0,0,-17.413293838500977,3.9816181659698486,-0.23224110901355743,2.485299825668335,2.4701197147369385,-1.5952578783035278,10.821375846862793,-29.771080017089844,5.060439586639404,32.07845740388803,324745969,1720698545
4.0,0,-17.48272705078125,3.3591160774230957,-2.731825828552246,2.499148368835449,2.474647045135498,-1.4884635210037231,11.170452117919922,-30.82182502746582,7.084615707397461,33.54035894655814,336745969,1720698545
4.0,0,-15.450019836425781,2.090169906616211,-2.0781986713409424,2.547618865966797,2.367586374282837,-1.3465147018432617,13.43945026397705,-28.89546012878418,7.084615707397461,32.64595256955404,349745969,1720698545
4.0,0,-4.441311836242676,7.453263759613037,-1.3144367933273315,2.590496301651001,2.343883752822876,-1.2365245819091797,13.43945026397705,-28.89546012878418,8.265384674072266,32.922378760691906,361745969,1720698545
4.0,0,-6.91934871673584,6.91934871673584,-0.768550455570221,2.5854361057281494,2.369450569152832,-1.1904511451721191,11.51952838897705,-27.669591903686523,11.807692527770996,32.213777382532804,374745969,1720698545
4.0,0,-3.6009342670440674,6.964838981628418,-0.4980015456676483,2.5886318683624268,2.393951892852783,-1.0868526697158813,10.821375846862793,-26.268600463867188,12.482418060302734,31.03147283294044,386745969,1720698545
4.0,0,-11.130813598632812,3.229827404022217,-3.512347459793091,2.5710549354553223,2.5121982097625732,-1.021337866783142,12.392220497131348,-27.14422035217285,14.000550270080566,32.96044956067636,399745969,1720698545
4.0,0,-14.882584571838379,4.2138590812683105,-4.151608943939209,2.5843708515167236,2.539362668991089,-0.9302563667297363,11.344990730285645,-24.34223747253418,16.699451446533203,31.624753255237174,411745969,1720698545
4.0,0,-10.963216781616211,5.25295877456665,-3.122086763381958,2.6070079803466797,2.5188560485839844,-0.7952319979667664,12.043143272399902,-22.94124412536621,18.04890251159668,31.576903961159992,424745969,1720698545
4.0,0,-11.293621063232422,6.840338706970215,-2.703094959259033,2.616063117980957,2.5121982097625732,-0.702019989490509,12.043143272399902,-22.94124412536621,18.04890251159668,31.576903961159992,436745969,1720698545
4.0,0,-4.968044281005859,8.568979263305664,-1.649630069732666,2.5998175144195557,2.5042083263397217,-0.530243456363678,11.51952838897705,-23.116369247436523,19.567033767700195,32.402698528897204,449745969,1720698545
4.0,0,-4.898611545562744,8.626440048217773,-3.256164073944092,2.587033987045288,2.536433219909668,-0.47138670086860657,9.599607467651367,-21.190004348754883,22.097253799438477,32.0851581468759,461745969,1720698545
4.0,0,-4.819601535797119,6.907377243041992,-2.968855381011963,2.5534777641296387,2.5891644954681396,-0.3704513609409332,9.250530242919922,-21.540252685546875,23.784067153930664,33.39515901916128,474745969,1720698545
4.0,0,-6.8475213050842285,7.900986194610596,-4.419764041900635,2.531106948852539,2.627248525619507,-0.31239354610443115,8.203300476074219,-21.190004348754883,23.446704864501953,32.65054964321535,487745969,1720698545
4.0,0,-13.587301254272461,2.736614227294922,-6.229808330535889,2.4916915893554688,2.7084760665893555,-0.17497234046459198,9.075992584228516,-21.715375900268555,24.627473831176758,34.06528525029889,499745969,1720698545
4.0,0,-15.01666259765625,4.426946640014648,-6.074182510375977,2.4815711975097656,2.7060792446136475,-0.10919126868247986,9.075992584228516,-21.715375900268555,24.627473831176758,34.06528525029889,512745969,1720698545
4.0,0,-11.439669609069824,6.8475213050842285,-4.587360382080078,2.4762449264526367,2.653347969055176,0.06258523464202881,4.887072563171387,-18.56314468383789,28.338462829589844,34.227800021836735,524745969,1720698545
4.0,0,-10.651966094970703,8.990365028381348,-5.308026313781738,2.438427448272705,2.6110031604766846,0.14727506041526794,4.363457679748535,-16.987028121948242,30.53131866455078,35.21023014317237,537745969,1720698545
4.0,0,-21.524200439453125,1.3623214960098267,-5.432526588439941,2.3966150283813477,2.5878329277038574,0.28789210319519043,5.236149311065674,-17.162153244018555,29.013187408447266,34.11336698680787,549745969,1720698545
4.0,0,-7.810005187988281,29.93276596069336,32.65980529785156,2.3050010204315186,1.5824743509292603,0.22717110812664032,5.236149311065674,-16.811904907226562,30.02527618408203,34.807680418950724,562745969,1720698545
4.0,0,-39.22719955444336,-0.39983779191970825,30.09317970275879,1.2234748601913452,1.979824185371399,0.42265012860298157,1.7453831434249878,-16.111408233642578,30.362638473510742,34.416764122467306,574745969,1720698545
4.0,0,3.6727614402770996,28.776350021362305,25.884109497070312,1.0516983270645142,0.9566220641136169,-0.25806424021720886,2.4435362815856934,-15.060664176940918,32.38681411743164,35.80084082374444,587745969,1720698545
4.0,0,-39.22719955444336,-14.43486213684082,12.746923446655273,0.3422214090824127,1.0106850862503052,0.3965507447719574,2.0944597721099854,-14.36016845703125,32.38681411743164,35.48953266145346,599745969,1720698545
4.0,0,8.159564018249512,20.3606014251709,19.398117065429688,0.2593958377838135,0.22317631542682648,-0.2633906304836273,1.2217681407928467,-15.936284065246582,33.230220794677734,36.87418394027346,612745969,1720698545
4.0,0,-31.292694091796875,-9.1052885055542,10.058194160461426,-0.262591689825058,-0.13342641294002533,0.11025655269622803,0.34907662868499756,-15.761160850524902,32.38681411743164,36.020019080032185,624745969,1720698545
4.0,0,-20.36539077758789,11.638392448425293,15.885769844055176,-0.4114646911621094,-0.3872295022010803,-0.09747318178415298,0.34907662868499756,-15.761160850524902,32.38681411743164,36.020019080032185,637745969,1720698545
4.0,0,-12.665519714355469,4.364696502685547,20.863391876220703,-0.6064110398292542,-1.2530364990234375,-0.14168232679367065,1.5708448886871338,-16.28653335571289,32.55549621582031,36.43595828668918,649745969,1720698545
4.0,0,-10.50831127166748,1.6472358703613281,3.845146656036377,-1.2655534744262695,-0.7600777745246887,-0.08202660828828812,1.9199213981628418,-15.235788345336914,32.89285659790039,36.3009002622396,662745969,1720698545
4.0,0,-0.8499546051025391,-18.888145446777344,-37.378849029541016,-0.8588825464248657,-0.5635334849357605,-0.27617400884628296,1.0472298860549927,-16.111408233642578,31.374725341796875,35.28523141455251,674745969,1720698545
4.0,0,19.661483764648438,-4.800447940826416,-36.51213073730469,-0.1502045840024948,-0.5526143312454224,-0.09853846579790115,2.268998146057129,-16.28653335571289,32.89285659790039,36.774169419629295,687745969,1720698545
4.0,0,-18.96476173400879,-16.41250228881836,-16.73093605041504,0.16085737943649292,-0.2063981294631958,0.15100352466106415,2.618074655532837,-16.63677978515625,30.868682861328125,35.164077381825045,699745969,1720698545
4.0,0,-2.6097195148468018,7.735783576965332,1.2114845514297485,0.25060728192329407,-0.19334843754768372,0.023169854655861855,2.618074655532837,-16.63677978515625,30.868682861328125,35.164077381825045,712745969,1720698545
4.0,0,-23.027782440185547,0.1604139655828476,4.036685943603516,0.13608960807323456,0.09587526321411133,0.15366673469543457,2.618074655532837,-15.586036682128906,32.21813201904297,35.88574766052803,724745969,1720698545
4.0,0,-17.451602935791016,2.3032569885253906,5.42294979095459,0.161390021443367,-0.000532640318851918,0.07936341315507889,2.4435362815856934,-17.512399673461914,33.06153869628906,37.49293737290683,737745969,1720698545
4.0,0,-9.531462669372559,3.201096534729004,-0.26097196340560913,0.06578107923269272,0.06365051865577698,-0.02157193422317505,2.4435362815856934,-15.761160850524902,32.724178314208984,36.40407816791534,749745969,1720698545
4.0,0,-9.083740234375,-2.109323740005493,-6.423741340637207,-0.013582328334450722,0.048203952610492706,-0.015712888911366463,2.0944597721099854,-15.41091251373291,31.71208953857422,35.32052673935463,762745969,1720698545
4.0,0,-9.347105979919434,-0.3304048776626587,-7.730995178222656,0.0375511460006237,0.02583305537700653,-0.025566738098859787,2.0944597721099854,-15.41091251373291,31.71208953857422,35.32052673935463,774745969,1720698545
4.0,0,-7.7262067794799805,-1.6687840223312378,-4.218647480010986,0.15286777913570404,-0.027430977672338486,-0.0287625789642334,1.7453831434249878,-15.761160850524902,31.71208953857422,35.45584827043374,787745969,1720698545
4.0,0,-9.208239555358887,-0.2753373980522156,2.57859468460083,0.13901913166046143,-0.007456964813172817,-0.0031958422623574734,2.268998146057129,-16.28653335571289,31.880769729614258,35.871757691619294,799745969,1720698545
4.0,0,-9.100500106811523,1.2450039386749268,3.0574424266815186,0.006658004131168127,0.03009418025612831,0.0007989605655893683,2.967151403427124,-16.28653335571289,31.206045150756836,35.32523758092339,812745969,1720698545
4.0,0,-10.185089111328125,-0.27054890990257263,-4.640033721923828,-0.02982785925269127,0.042877547442913055,0.0031958422623574734,2.967151403427124,-16.987028121948242,31.880769729614258,36.24564236455755,824745969,1720698545
4.0,0,-10.984764099121094,-0.1987217664718628,-6.466837406158447,0.04660603031516075,0.04154594615101814,-0.013582328334450722,2.4435362815856934,-15.761160850524902,31.71208953857422,35.4970658480119,837745969,1720698545
4.0,0,-8.612074851989746,0.023942383006215096,-5.207468032836914,0.08309189230203629,-0.002130561275407672,-0.033556342124938965,0.34907662868499756,-16.811904907226562,32.724178314208984,36.79176330977449,849745969,1720698545
4.0,0,-8.327159881591797,-0.30406826734542847,-1.8291980028152466,0.10386486351490021,-0.015979209914803505,-0.006391684524714947,0.6981532573699951,-16.811904907226562,31.71208953857422,35.89964049239147,862745969,1720698545
4.0,0,-9.387807846069336,0.308856725692749,0.2849143445491791,0.08708669990301132,0.021838253363966942,0.002396881580352783,2.618074655532837,-16.28653335571289,31.880769729614258,35.89552844298828,874745969,1720698545
4.0,0,-9.112470626831055,-0.560251772403717,-1.2713404893875122,0.03302370011806488,0.017044490203261375,-0.002396881580352783,2.618074655532837,-15.936284065246582,31.206045150756836,35.13739772181841,887745969,1720698545
4.0,0,-9.550616264343262,0.6823578476905823,-3.11969256401062,0.02902889810502529,0.03089314140379429,-0.006125363986939192,2.967151403427124,-15.586036682128906,33.230220794677734,36.82358077333816,899745969,1720698545
4.0,0,-9.40456771850586,-0.27054890990257263,-5.078179359436035,0.05459563434123993,0.018109772354364395,-0.00878856610506773,1.0472298860549927,-15.41091251373291,31.71208953857422,35.27392149793845,912745969,1720698545
4.0,0,-9.229788780212402,-0.09576953202486038,-3.2082793712615967,0.07483596354722977,-0.019441373646259308,-0.019441373646259308,2.4435362815856934,-15.761160850524902,32.0494499206543,35.798775134522025,924745969,1720698545
4.0,0,-8.896988868713379,-0.8499546051025391,-1.9536983966827393,0.09028254449367523,0.018376091495156288,-0.011984407901763916,2.618074655532837,-15.235788345336914,32.55549621582031,36.0394769005342,937745969,1720698545
4.0,0,-9.531462669372559,0.7948870658874512,-0.4884245991706848,0.04234490543603897,0.004527443088591099,-0.000532640318851918,2.0944597721099854,-16.111408233642578,31.71208953857422,35.631739501610376,950745969,1720698545
4.0,0,-9.002335548400879,-0.5770114064216614,-3.1388463973999023,0.07110748440027237,0.043942827731370926,0.0007989605655893683,2.7926130294799805,-16.111408233642578,31.374725341796875,35.38007282463814,962745969,1720698545
4.0,0,-9.11725902557373,-0.720665693283081,-4.393426895141602,0.03009418025612831,-0.007456964813172817,-0.005060083232820034,2.7926130294799805,-16.111408233642578,31.374725341796875,35.38007282463814,975745969,1720698545
4.0,0,-9.725396156311035,0.5171554684638977,-2.937730312347412,0.09907110780477524,0.0197076927870512,-0.007456964813172817,1.7453831434249878,-16.46165657043457,33.06153869628906,36.97428620442189,987745969,1720698545
4.0,0,-8.480391502380371,-0.6488385796546936,-2.501979112625122,0.06498212367296219,-0.005859043914824724,-0.01757713221013546,1.5708448886871338,-15.235788345336914,32.89285659790039,36.28411243696417,745969,1720698546
4.0,0,-9.653568267822266,0.5075784921646118,-1.0486763715744019,0.07164012640714645,0.022104574367403984,-0.0098538463935256,1.9199213981628418,-16.63677978515625,31.206045150756836,35.41589747198257,12745969,1720698546
4.0,0,-8.57616138458252,-0.8092525005340576,-3.1364521980285645,0.05060083419084549,0.01757713221013546,-0.005592723377048969,2.967151403427124,-15.936284065246582,30.868682861328125,34.866096983349664,25745969,1720698546
4.0,0,-8.57616138458252,-0.8092525005340576,-3.1364521980285645,0.05060083419084549,0.01757713221013546,-0.005592723377048969,2.967151403427124,-15.936284065246582,31.880769729614258,35.76524312529946,37745969,1720698546
4.0,0,-8.880229949951172,-0.4525110125541687,-3.4979822635650635,0.07563493400812149,0.014114969410002232,-0.004527443088591099,2.618074655532837,-14.885540008544922,32.21813201904297,35.58709944691217,50745969,1720698546
4.0,0,-9.375837326049805,0.30406826734542847,-2.114112377166748,0.07030852884054184,0.0007989605655893683,-0.010652806609869003,3.1416897773742676,-15.761160850524902,31.374725341796875,35.25135169446085,62745969,1720698546
4.0,0,-9.129230499267578,-0.12928886711597443,-1.9034193754196167,0.0751022920012474,0.020240332931280136,-0.002663201652467251,1.5708448886871338,-16.28653335571289,31.206045150756836,35.23543637252329,75745969,1720698546
4.0,0,-8.849104881286621,-0.10534647852182388,-2.5474693775177,0.04660603031516075,0.009054886177182198,-0.011718087829649448,2.7926130294799805,-16.111408233642578,31.71208953857422,35.67958499907273,87745969,1720698546
4.0,0,-9.440481185913086,0.014365429058670998,-2.916182041168213,0.07084116339683533,0.0197076927870512,-0.002663201652467251,2.967151403427124,-15.936284065246582,30.868682861328125,34.866096983349664,100745969,1720698546
4.0,0,-8.762911796569824,-0.39983779191970825,-3.2705295085906982,0.06365051865577698,0.00719064474105835,-0.007723285350948572,2.967151403427124,-15.936284065246582,32.89285659790039,36.67027614334437,112745969,1720698546
4.0,0,-9.696664810180664,0.07900986075401306,-2.293680191040039,0.0788307711482048,0.010120166465640068,-0.004793763160705566,1.3963065147399902,-16.46165657043457,32.38681411743164,36.35713874334869,125745969,1720698546
4.0,0,-16.414897918701172,0.814041018486023,3.842752456665039,0.2546020746231079,-0.5214548707008362,-0.22317631542682648,1.5708448886871338,-15.586036682128906,31.543407440185547,35.21900972569409,137745969,1720698546
4.0,0,-32.03730010986328,1.0821956396102905,10.1898775100708,-0.026632016524672508,-0.7467617392539978,-0.6508864760398865,3.1416897773742676,-16.63677978515625,33.06153869628906,37.144555418570576,150745969,1720698546
4.0,0,-4.668764591217041,13.987140655517578,15.354249000549316,0.09587526321411133,-1.6093727350234985,-1.4029747247695923,2.7926130294799805,-15.060664176940918,31.71208953857422,35.21759384009023,162745969,1720698546
4.0,0,-36.55044174194336,-12.58890438079834,-0.7398195862770081,-0.26605385541915894,-1.8112435340881348,-1.4538419246673584,2.7926130294799805,-15.060664176940918,31.71208953857422,35.21759384009023,175745969,1720698546
4.0,0,4.845938205718994,17.793977737426758,5.576180934906006,0.05486195534467697,-2.5867676734924316,-2.2240397930145264,6.283379554748535,-15.41091251373291,31.037363052368164,35.21782202776699,187745969,1720698546
4.0,0,-24.138710021972656,-4.661581516265869,-5.308026313781738,-0.17683659493923187,-2.3619935512542725,-1.847995638847351,6.4579176902771,-13.134300231933594,29.51923179626465,32.948438344154745,200745969,1720698546
4.0,0,-2.6216909885406494,4.628062725067139,-5.288872241973877,0.037817467004060745,-2.572652816772461,-2.064513921737671,7.505147457122803,-12.083556175231934,28.844507217407227,32.16123699126326,212745969,1720698546
4.0,0,-6.648799896240234,-4.4365234375,-5.27450704574585,-0.025566738098859787,-2.4219157695770264,-1.6929973363876343,8.377839088439941,-11.558184623718262,27.66373634338379,31.12976273703355,225745969,1720698546
4.0,0,-8.9999418258667,-2.5450751781463623,-1.7214573621749878,0.029561540111899376,-2.4647932052612305,-1.7071123123168945,9.948683738708496,-10.332316398620605,26.145605087280273,29.82156494341072,237745969,1720698546
4.0,0,-14.159524917602539,-6.639222621917725,-1.7789191007614136,-0.03595322370529175,-2.289820671081543,-1.5899313688278198,9.948683738708496,-10.332316398620605,26.145605087280273,29.82156494341072,250745969,1720698546
4.0,0,-14.152342796325684,-0.9816376566886902,0.5889825820922852,-0.017310811206698418,-2.361194610595703,-1.642662763595581,12.56675910949707,-8.055704116821289,24.290111541748047,28.510126657811618,262745969,1720698546
4.0,0,-8.284064292907715,0.13647158443927765,0.49560731649398804,-0.022370893508195877,-2.3050010204315186,-1.5688921213150024,11.344990730285645,-6.829836368560791,24.121429443359375,27.517246190026853,275745969,1720698546
4.0,0,-9.236970901489258,0.3974435329437256,-1.0630418062210083,-0.027430977672338486,-2.3465468883514404,-1.581142783164978,11.51952838897705,-7.355208396911621,22.265933990478516,26.12604909539125,287745969,1720698546
4.0,0,-12.603269577026367,-2.2050933837890625,-1.7214573621749878,0.012517048045992851,-2.308729410171509,-1.5084375143051147,12.9158353805542,-5.954216003417969,21.591209411621094,25.85443512532056,300745969,1720698546
4.0,0,-5.873066425323486,-0.6560212969779968,0.4309628903865814,0.023169854655861855,-2.370515823364258,-1.491392970085144,12.9158353805542,-5.954216003417969,21.591209411621094,25.85443512532056,312745969,1720698546
4.0,0,-8.032669067382812,-0.21308720111846924,2.3798727989196777,0.02370249480009079,-2.3422858715057373,-1.4650273323059082,12.9158353805542,-3.5024800300598145,17.542858123779297,22.064406656187078,325745969,1720698546
4.0,0,-8.36307430267334,-3.1867308616638184,0.6296846866607666,0.023169854655861855,-2.390756130218506,-1.4266771078109741,14.137603759765625,-2.9771080017089844,18.04890251159668,23.119210496794647,337745969,1720698546
4.0,0,-8.777276992797852,-1.7286399602890015,0.7086945176124573,0.06125364080071449,-2.447216033935547,-1.3667551279067993,14.312141418457031,-2.4517359733581543,18.21758270263672,23.29653881572068,350745969,1720698546
4.0,0,-6.055028438568115,-3.5410783290863037,1.161205530166626,0.08122765272855759,-2.470918655395508,-1.3417210578918457,13.963065147399902,-2.8019840717315674,16.19340705871582,21.56489590093211,362745969,1720698546
4.0,0,-13.639975547790527,-5.841940879821777,0.6991175413131714,0.06471580266952515,-2.400876522064209,-1.3545043468475342,13.963065147399902,-2.8019840717315674,13.831868171691895,19.85293127394125,375745969,1720698546
4.0,0,-13.639975547790527,-5.841940879821777,0.6991175413131714,0.08415716886520386,-2.448547601699829,-1.3366608619689941,14.137603759765625,1.2258679866790771,12.9884614944458,19.237326331421553,387745969,1720698546
4.0,0,-10.386205673217773,-4.412580966949463,2.142843246459961,0.08415716886520386,-2.448547601699829,-1.3366608619689941,13.090373992919922,1.5761160850524902,11.30164909362793,17.365750931750014,400745969,1720698546
4.0,0,-3.6200881004333496,-0.3112509846687317,1.7861016988754272,0.15899313986301422,-2.4845008850097656,-1.2298665046691895,14.312141418457031,2.8019840717315674,11.470330238342285,18.554163481460975,412745969,1720698546
4.0,0,-12.658337593078613,-7.592129230499268,2.375084400177002,0.13182848691940308,-2.4607982635498047,-1.1963101625442505,13.963065147399902,2.4517359733581543,8.771429061889648,16.670817777822258,425745969,1720698546
4.0,0,-7.17553186416626,-7.493966102600098,2.2386128902435303,0.14487817883491516,-2.47225022315979,-1.1680803298950195,13.963065147399902,2.4517359733581543,8.771429061889648,16.670817777822258,438745969,1720698546
4.0,0,-7.465234756469727,0.6153191924095154,2.8443548679351807,0.23169854283332825,-2.4951536655426025,-1.1635527610778809,13.613988876342773,4.903471946716309,7.421977996826172,16.262548620766378,450745969,1720698546
4.0,0,-8.228997230529785,-0.023942383006215096,3.91697359085083,0.2684507369995117,-2.509535074234009,-1.1273332834243774,12.9158353805542,3.8527281284332275,6.072527885437012,14.783027853880489,463745969,1720698546
4.0,0,-4.304840564727783,-2.394238233566284,4.0390801429748535,0.2916206121444702,-2.564396858215332,-1.0413118600845337,12.392220497131348,6.479588031768799,4.55439567565918,14.70696127286078,475745969,1720698546
4.0,0,-6.447683334350586,-10.410147666931152,3.6320595741271973,0.2551347315311432,-2.53403639793396,-1.0349202156066895,13.264911651611328,5.954216003417969,4.048351764678955,15.093035524737621,488745969,1720698546
4.0,0,-12.375818252563477,-5.475622653961182,3.7254345417022705,0.28309834003448486,-2.494354724884033,-1.0317243337631226,12.043143272399902,7.880580425262451,3.5423078536987305,14.821902463886222,500745969,1720698546
4.0,0,-6.30402946472168,0.8954451084136963,4.254561424255371,0.36246174573898315,-2.5558745861053467,-0.9840530753135681,12.043143272399902,7.880580425262451,3.5423078536987305,14.821902463886222,513745969,1720698546
4.0,0,-3.4405205249786377,-0.22266416251659393,4.968044281005859,0.42504701018333435,-2.573984384536743,-0.9414418339729309,10.821375846862793,8.405952453613281,1.686813235282898,13.80606934511768,525745969,1720698546
4.0,0,-10.10129165649414,-12.409337043762207,4.80763053894043,0.3640596866607666,-2.493555784225464,-0.9009611010551453,10.123222351074219,8.055704116821289,-0.6747252941131592,12.9548930450844,538745969,1720698546
4.0,0,-4.0869646072387695,-4.941707611083984,5.075784683227539,0.3795062303543091,-2.5598695278167725,-0.8684700727462769,10.64683723449707,12.083556175231934,-1.855494499206543,16.21142599447824,550745969,1720698546
4.0,0,-3.043076753616333,-0.4046262502670288,5.760537147521973,0.45247796177864075,-2.5361669063568115,-0.8434359431266785,8.552377700805664,10.332316398620605,-2.8675825595855713,13.71579222044726,563745969,1720698546
4.0,0,-5.9209513664245605,0.06464443355798721,4.845938205718994,0.5448910593986511,-2.5835719108581543,-0.8218640089035034,10.472298622131348,9.10644817352295,-4.723076820373535,14.659600656883644,575745969,1720698546
4.0,0,-7.237782001495361,-4.482014179229736,6.167557716369629,0.5824421644210815,-2.56972336769104,-0.7638062238693237,8.377839088439941,9.456696510314941,-5.397802352905273,13.738761476968172,588745969,1720698546
4.0,0,-1.237821102142334,-9.43808650970459,5.501959800720215,0.5598049759864807,-2.591028928756714,-0.7294509410858154,6.981532573699951,10.857687950134277,-8.434065818786621,15.419619026932844,600745969,1720698546
4.0,0,-9.89299201965332,-8.5570068359375,6.007143974304199,0.550483763217926,-2.520986557006836,-0.719064474105835,6.806994438171387,12.083556175231934,-7.928022384643555,15.975013053287038,613745969,1720698546
4.0,0,-9.047825813293457,-4.486802577972412,6.615280628204346,0.6122700572013855,-2.5260469913482666,-0.6977588534355164,7.330609321594238,11.558184623718262,-8.09670352935791,15.90239204849756,625745969,1720698546
4.0,0,-0.25139501690864563,4.630456924438477,6.253750324249268,0.7803180813789368,-2.600616455078125,-0.6471579670906067,6.1088409423828125,13.484548568725586,-10.289560317993164,18.02847856307546,638745969,1720698546
4.0,0,-1.2881001234054565,-4.64961051940918,6.50514554977417,0.7385058403015137,-2.5351016521453857,-0.5984213948249817,4.363457679748535,11.383060455322266,-12.65109920501709,17.568840011442475,650745969,1720698546
4.0,0,-9.213027954101562,-13.57772445678711,6.349519729614258,0.6708605289459229,-2.487164258956909,-0.5749852657318115,4.014381408691406,12.784051895141602,-12.313736915588379,18.198224028141997,663745969,1720698546
4.0,0,-2.195516347885132,-4.716649055480957,6.174740314483643,0.7470280528068542,-2.5236499309539795,-0.5534133315086365,3.316227912902832,12.083556175231934,-12.9884614944458,18.047432764883844,675745969,1720698546
4.0,0,-0.24660654366016388,3.3136258125305176,7.182714939117432,0.9102823734283447,-2.5385637283325195,-0.5281128883361816,-0.17453831434249878,12.433804512023926,-16.02472496032715,20.283534413916428,688745969,1720698546
4.0,0,-4.972832679748535,-4.977621555328369,6.318394660949707,0.8982979655265808,-2.5140624046325684,-0.5206559300422668,-0.17453831434249878,13.484548568725586,-16.362089157104492,21.203336419312155,700745969,1720698546
4.0,0,-2.4924020767211914,-8.691084861755371,7.649591445922852,0.9068201780319214,-2.50793719291687,-0.4639297425746918,-0.17453831434249878,13.484548568725586,-16.362089157104492,21.203336419312155,713745969,1720698546
4.0,0,-1.2330327033996582,-7.187503337860107,7.405378818511963,0.9350500702857971,-2.4743807315826416,-0.40560561418533325,-1.7453831434249878,14.009920120239258,-20.241758346557617,24.678999271714236,725745969,1720698546
4.0,0,-4.6328511238098145,-1.3527445793151855,8.027880668640137,0.9960374236106873,-2.499148368835449,-0.41119831800460815,-4.188919544219971,13.30942440032959,-18.55494499206543,23.21580945120395,738745969,1720698546
4.0,0,-2.0566506385803223,-3.30165433883667,8.360679626464844,1.0514320135116577,-2.467456340789795,-0.3957517743110657,-5.236149311065674,13.30942440032959,-19.229671478271484,23.965356301088246,750745969,1720698546
4.0,0,-0.05746171623468399,-3.847540855407715,7.094127655029297,1.0929780006408691,-2.4349653720855713,-0.3382266163825989,-5.585226058959961,13.30942440032959,-20.916484832763672,25.413281286701384,763745969,1720698546
4.0,0,-4.412580966949463,-11.487555503845215,8.827555656433105,1.077797770500183,-2.3763749599456787,-0.3083987534046173,-5.585226058959961,13.30942440032959,-20.916484832763672,25.413281286701384,775745969,1720698546
4.0,0,1.833986520767212,0.02154814451932907,7.28087854385376,1.1065603494644165,-2.3673200607299805,-0.2846962511539459,-8.377839088439941,11.20793628692627,-22.94066047668457,26.871544926001338,788745969,1720698546
4.0,0,2.0255255699157715,3.5506551265716553,8.039852142333984,1.2493078708648682,-2.4024744033813477,-0.25167256593704224,-10.64683723449707,10.332316398620605,-24.121429443359375,28.31881465828049,800745969,1720698546
4.0,0,0.05746171623468399,-1.6161108016967773,8.391804695129395,1.2991098165512085,-2.396348714828491,-0.24155238270759583,-10.9959135055542,11.733307838439941,-25.133516311645508,29.83746418248334,813745969,1720698546
4.0,0,-0.8427718281745911,-6.0502400398254395,8.494757652282715,1.3217469453811646,-2.368917942047119,-0.21412141621112823,-13.090373992919922,9.982068061828613,-26.145605087280273,30.89647616550323,825745969,1720698546
4.0,0,-1.5706202983856201,-6.327971458435059,8.370256423950195,1.3270734548568726,-2.3215129375457764,-0.1600584238767624,-13.43945026397705,11.383060455322266,-25.47088050842285,30.967057377183735,838745969,1720698546
4.0,0,-2.7916817665100098,-5.810816287994385,8.552218437194824,1.3808701038360596,-2.276238441467285,-0.14114968478679657,-16.057525634765625,9.806943893432617,-26.989011764526367,32.900258875361956,850745969,1720698546
4.0,0,-0.9983972907066345,-2.214670419692993,7.752542972564697,1.4210844039916992,-2.2847607135772705,-0.15100352466106415,-16.755678176879883,8.405952453613281,-28.001100540161133,33.696801321190534,863745969,1720698546
4.0,0,0.4620879888534546,-2.8204126358032227,8.55461311340332,1.4993826150894165,-2.2453453540802,-0.12916527688503265,-17.802907943725586,6.304464340209961,-29.013187408447266,34.61870658282064,875745969,1720698546
4.0,0,1.0271282196044922,-6.928925514221191,8.55461311340332,1.4807401895523071,-2.198206663131714,-0.09427734464406967,-19.37375259399414,7.880580425262451,-29.181869506835938,35.90302696606967,888745969,1720698546
4.0,0,-1.187542200088501,-6.904983043670654,9.071768760681152,1.5126985311508179,-2.1574597358703613,-0.07723285257816315,-21.119136810302734,6.129340171813965,-30.19395637512207,37.35320270253772,900745969,1720698546
4.0,0,1.3264079093933105,-0.6512327790260315,7.4676289558410645,1.568093180656433,-2.1308276653289795,-0.04980187490582466,-21.468212127685547,6.479588031768799,-30.53131866455078,37.88179790370427,913745969,1720698546
4.0,0,3.9073967933654785,3.3112316131591797,7.656774044036865,1.6828771829605103,-2.1683788299560547,-0.06125364080071449,-22.340904235839844,4.553224086761475,-31.71208953857422,39.0577069803359,925745969,1720698546
4.0,0,4.199493885040283,-2.705489158630371,8.657565116882324,1.7127050161361694,-2.118044376373291,-0.03089314140379429,-24.260826110839844,4.0278520584106445,-29.85659408569336,38.68109985745895,938745969,1720698546
4.0,0,0.6608097553253174,-3.739799976348877,9.095710754394531,1.7662353515625,-2.0469369888305664,0.01384864840656519,-25.8316707611084,3.8527281284332275,-31.71208953857422,41.082543144801434,951745969,1720698546
4.0,0,3.222644567489624,-4.268926620483398,9.028672218322754,1.7710291147232056,-2.033620834350586,0.03488794341683388,-28.973360061645508,1.0507440567016602,-32.724178314208984,43.71992111926318,963745969,1720698546
4.0,0,3.069413423538208,0.22266416251659393,7.740571975708008,1.8365437984466553,-1.9987329244613647,0.009054886177182198,-28.973360061645508,1.0507440567016602,-32.724178314208984,43.71992111926318,976745969,1720698546
4.0,0,2.9736437797546387,-0.42856863141059875,8.377439498901367,1.8799539804458618,-1.977427363395691,0.035686902701854706,-29.322437286376953,0.7004960179328918,-33.06153869628906,44.19684789722982,988745969,1720698546
4.0,0,5.56181526184082,-1.8172268867492676,9.363865852355957,1.9041892290115356,-1.9204347133636475,0.07616756856441498,-30.195127487182617,-1.2258679866790771,-32.55549621582031,44.41968944225372,1745969,1720698547
4.0,0,1.2809175252914429,-8.801219940185547,11.025466918945312,1.8804866075515747,-1.8147056102752686,0.11771351844072342,-31.765974044799805,-3.1522321701049805,-32.0494499206543,45.23473129007917,13745969,1720698547
4.0,0,2.6911237239837646,0.7829159498214722,7.757331371307373,1.9137767553329468,-1.799791693687439,0.1113218292593956,-33.33681869506836,-1.9263640642166138,-34.2423095703125,47.828758335596376,26745969,1720698547
4.0,0,5.78447961807251,4.551446914672852,8.473209381103516,2.034952402114868,-1.8107107877731323,0.09987006336450577,-33.86043167114258,-4.553224086761475,-34.74835205078125,48.73098247301621,38745969,1720698547
4.0,0,5.7892680168151855,5.3774590492248535,7.055819988250732,2.1036629676818848,-1.774491310119629,0.12596943974494934,-33.86043167114258,-4.553224086761475,-34.74835205078125,48.73098247301621,51745969,1720698547
4.0,0,2.1763625144958496,-4.699889659881592,9.088528633117676,2.0980701446533203,-1.7201619148254395,0.1470087319612503,-36.30397033691406,-7.004960060119629,-33.06153869628906,49.59952689929236,63745969,1720698547
4.0,0,5.9448933601379395,-1.2186672687530518,8.485180854797363,2.1611881256103516,-1.6759527921676636,0.1651185005903244,-36.30397033691406,-8.405952453613281,-32.38681411743164,49.371490027677034,76745969,1720698547
4.0,0,5.408584117889404,1.3766870498657227,8.49954605102539,2.1790316104888916,-1.625085711479187,0.16804802417755127,-38.22389221191406,-9.281572341918945,-33.904945373535156,51.93032680186696,88745969,1720698547
4.0,0,2.9544899463653564,0.14604853093624115,7.424532890319824,2.2056636810302734,-1.568093180656433,0.16272161900997162,-38.74750518798828,-10.507440567016602,-32.724178314208984,51.79427875646798,101745969,1720698547
4.0,0,5.082967758178711,0.1699909120798111,7.2329936027526855,2.2674498558044434,-1.563033103942871,0.17044490575790405,-38.74750518798828,-10.507440567016602,-32.724178314208984,51.79427875646798,113745969,1720698547
4.0,0,6.074182510375977,1.7453995943069458,7.625648498535156,2.2836954593658447,-1.488996148109436,0.211458221077919,-40.66742706298828,-11.733307838439941,-33.56758499145508,54.021226373654535,126745969,1720698547
4.0,0,-0.2825201153755188,-6.732597827911377,9.636809349060059,2.2277681827545166,-1.3936535120010376,0.1976095587015152,-42.936424255371094,-14.710416793823242,-34.41099166870117,56.95655570440191,138745969,1720698547
4.0,0,5.67913293838501,1.5466779470443726,6.490779399871826,2.297011613845825,-1.3616950511932373,0.20400124788284302,-41.88919448852539,-14.36016845703125,-31.374725341796875,54.27054858102148,151745969,1720698547
4.0,0,8.920931816101074,9.392596244812012,5.753354549407959,2.4749133586883545,-1.3755437135696411,0.1850925236940384,-44.332733154296875,-17.162153244018555,-31.71208953857422,57.145317881728666,163745969,1720698547
4.0,0,7.563398361206055,3.588963031768799,6.126855850219727,2.453874111175537,-1.3185511827468872,0.20666444301605225,-43.80911636352539,-16.28653335571289,-31.543407440185547,56.38684596816184,176745969,1720698547
4.0,0,4.474831581115723,-2.5378923416137695,8.219420433044434,2.440025568008423,-1.2517046928405762,0.21545302867889404,-44.856346130371094,-20.4895076751709,-29.85659408569336,57.648312406664644,188745969,1720698547
4.0,0,7.1060991287231445,-0.8092525005340576,8.964028358459473,2.4594666957855225,-1.1710097789764404,0.242617666721344,-45.9035758972168,-20.13926124572754,-29.51923179626465,58.17313099289747,201745969,1720698547
4.0,0,6.895406246185303,5.786873817443848,6.014326572418213,2.5518798828125,-1.1851247549057007,0.18748940527439117,-46.42719268798828,-21.715375900268555,-29.013187408447266,58.896577277251346,213745969,1720698547
4.0,0,8.173929214477539,4.031897068023682,5.260141372680664,2.557739019393921,-1.1209415197372437,0.18669043481349945,-46.9508056640625,-23.641740798950195,-29.85659408569336,60.45433211033903,226745969,1720698547
4.0,0,7.084550857543945,2.935336112976074,5.343940258026123,2.6205904483795166,-1.0988370180130005,0.1952126920223236,-46.9508056640625,-23.641740798950195,-29.85659408569336,60.45433211033903,238745969,1720698547
4.0,0,5.102121353149414,-4.323994159698486,8.762911796569824,2.51619291305542,-0.9643453359603882,0.23169854283332825,-49.9179573059082,-25.918352127075195,-28.675825119018555,63.133718287726985,251745969,1720698547
4.0,0,1.7908902168273926,-3.900214195251465,8.506728172302246,2.543091297149658,-0.8756607174873352,0.20053909718990326,-50.7906494140625,-28.89546012878418,-27.83241844177246,64.72465681851298,263745969,1720698547
4.0,0,7.400590419769287,8.334343910217285,5.56181526184082,2.655212163925171,-0.8737964630126953,0.19041892886161804,-49.9179573059082,-30.121328353881836,-25.9769229888916,63.82708994907762,276745969,1720698547
4.0,0,11.46121883392334,14.442044258117676,3.7517714500427246,2.73857045173645,-0.8833839893341064,0.20107172429561615,-51.13972473144531,-30.29645347595215,-24.458791732788086,64.27580440458475,288745969,1720698547
4.0,0,7.663956642150879,3.8331754207611084,5.686315536499023,2.741499900817871,-0.8455665707588196,0.20932765305042267,-50.09249496459961,-32.39794158935547,-23.784067153930664,64.22278817825033,301745969,1720698547
4.0,0,4.987198352813721,1.7070918083190918,6.474020004272461,2.7311131954193115,-0.7262550592422485,0.19867484271526337,-50.09249496459961,-32.39794158935547,-23.784067153930664,64.22278817825033,313745969,1720698547
4.0,0,5.813210487365723,0.7996755838394165,5.952075958251953,2.7263195514678955,-0.6665993928909302,0.21039293706417084,-53.05964660644531,-33.623809814453125,-22.265933990478516,66.64576881473965,326745969,1720698547
4.0,0,-0.8906566500663757,-17.85383415222168,12.500317573547363,1.9723671674728394,-0.331302285194397,0.27617400884628296,-53.05964660644531,-35.37504959106445,-21.591209411621094,67.32681899085689,338745969,1720698547
4.0,0,22.795543670654297,39.22600173950195,1.237821102142334,1.9289569854736328,-0.4058719277381897,0.17417339980602264,-50.7906494140625,-35.19992446899414,-21.759891510009766,65.51501834734151,351745969,1720698547
4.0,0,6.040663242340088,-18.485912322998047,16.381378173828125,1.2386550903320312,-0.45567381381988525,-0.0013316008262336254,-51.48880386352539,-36.60091781616211,-20.747802734375,66.49207040382018,363745969,1720698547
4.0,0,-1.5538605451583862,-7.2856669425964355,11.422910690307617,-0.15606361627578735,0.2050665318965912,-0.007723285350948572,-51.48880386352539,-36.60091781616211,-20.747802734375,66.49207040382018,376745969,1720698547
4.0,0,21.114788055419922,25.158655166625977,-2.248189687728882,0.1651185005903244,-0.18242931365966797,-0.21811622381210327,-52.885108947753906,-38.35215759277344,-18.38626480102539,67.86587856773207,388745969,1720698547
4.0,0,3.864300489425659,-7.8842267990112305,8.006332397460938,-0.4266449213027954,0.1502045840024948,-0.12676839530467987,-53.40872573852539,-36.776039123535156,-18.89230728149414,67.54175236879192,401745969,1720698547
4.0,0,8.082948684692383,7.2066569328308105,2.7988643646240234,-0.29055529832839966,0.11957775801420212,-0.08841829746961594,-51.8378791809082,-35.550174713134766,-18.7236270904541,65.58623980326384,413745969,1720698547
4.0,0,10.187483787536621,15.715779304504395,2.2625551223754883,-0.11957775801420212,0.05992203950881958,0.0143812894821167,-54.28141403198242,-37.301414489746094,-20.073078155517578,68.85343781456997,426745969,1720698547
4.0,0,7.034272193908691,1.5969569683074951,6.61049222946167,-0.09001621603965759,0.058324117213487625,0.07563493400812149,-51.314266204833984,-36.776039123535156,-19.567033767700195,66.0946274686731,439745969,1720698547
4.0,0,5.719834804534912,1.8220152854919434,6.806819438934326,-0.06338419765233994,0.04048066586256027,0.07350436598062515,-51.314266204833984,-36.07554626464844,-20.579120635986328,66.0159008162718,451745969,1720698547
4.0,0,7.352705478668213,2.142843246459961,5.736595153808594,0.02476777695119381,-0.0015979211311787367,0.03701850399374962,-53.5832633972168,-36.60091781616211,-19.735713958740234,67.82545028779522,464745969,1720698547
4.0,0,7.189897537231445,2.604931116104126,4.805236339569092,0.05486195534467697,-0.009321206249296665,-0.017044490203261375,-52.01241683959961,-35.72529602050781,-19.904396057128906,66.16474335813768,476745969,1720698547
4.0,0,7.489177703857422,4.841149806976318,3.5410783290863037,0.0663137212395668,0.004793763160705566,-0.04554075002670288,-52.01241683959961,-35.37504959106445,-20.916484832763672,66.28864892895137,489745969,1720698547
4.0,0,7.709446907043457,5.681527137756348,4.146820545196533,0.07483596354722977,0.032491061836481094,-0.02263721451163292,-52.7105712890625,-35.72529602050781,-19.567033767700195,66.61508771921396,501745969,1720698547
4.0,0,7.0534257888793945,6.057422637939453,5.822787284851074,0.06791163980960846,0.047138672322034836,0.009321206249296665,-52.7105712890625,-35.72529602050781,-19.567033767700195,66.61508771921396,513361970,1720698547
4.0,0,6.605702877044678,4.343148231506348,6.725415229797363,0.048203952610492706,0.021039292216300964,0.014114969410002232,-51.48880386352539,-35.900421142578125,-19.398351669311523,65.69804570150728,525361970,1720698547
4.0,0,6.972021579742432,3.790079116821289,6.2345967292785645,0.05699251592159271,-0.00878856610506773,0.011984407901763916,-52.01241683959961,-35.72529602050781,-20.579120635986328,66.37084064105001,538361970,1720698547
4.0,0,-4.1133012771606445,7.4963603019714355,-2.3343822956085205,0.3475477993488312,0.22610582411289215,-0.25433576107025146,-52.536033630371094,-35.900421142578125,-21.08516502380371,67.03326973904069,550361970,1720698547
4.0,0,14.760478973388672,14.298391342163086,-14.051783561706543,0.46632662415504456,0.5347709059715271,-0.12863264977931976,-51.8378791809082,-35.550174713134766,-20.747802734375,66.19253702958802,563361970,1720698547
4.0,0,3.2825005054473877,21.59602928161621,-8.592921257019043,0.7057484984397888,0.9227993488311768,-0.09720686078071594,-50.09249496459961,-35.550174713134766,-19.398351669311523,64.41559610373193,575361970,1720698547
4.0,0,9.691876411437988,4.558629512786865,5.88982629776001,0.7635399103164673,1.0532962083816528,0.043942827731370926,-51.8378791809082,-35.19992446899414,-20.41044044494629,65.89982154569182,588361970,1720698547
4.0,0,4.27850341796875,4.4245524406433105,9.313586235046387,0.835712730884552,0.9374470114707947,0.055128276348114014,-50.616111755371094,-36.07554626464844,-19.229671478271484,65.0631698635046,600361970,1720698547
4.0,0,1.6735725402832031,0.11971191316843033,10.991947174072266,0.7840465903282166,0.9379796385765076,-0.1502045840024948,-49.9179573059082,-36.07554626464844,-20.241758346557617,64.83036542275309,613361970,1720698547
4.0,0,4.9656500816345215,1.1372631788253784,6.7469635009765625,0.7776548862457275,0.9025590419769287,-0.17870083451271057,-49.045265197753906,-36.60091781616211,-20.747802734375,64.61839166683122,625361970,1720698547
4.0,0,12.296807289123535,3.689521312713623,2.8706917762756348,0.7869760990142822,0.9366480708122253,-0.1845598816871643,-49.394344329833984,-36.95116424560547,-19.060989379882812,64.56400782959435,638361970,1720698547
4.0,0,8.49954605102539,4.774110794067383,1.5801972150802612,0.7297172546386719,0.9313216209411621,-0.1275673657655716,-48.17257308959961,-37.47653579711914,-18.89230728149414,63.89058465724011,650361970,1720698547
4.0,0,8.212237358093262,7.824370384216309,3.529107093811035,0.7454301714897156,0.976862370967865,-0.13023056089878082,-48.52165222167969,-36.776039123535156,-18.89230728149414,63.74752593125335,663361970,1720698547
4.0,0,7.230599403381348,7.204262733459473,8.353497505187988,0.7598114609718323,0.976862370967865,-0.09161414206027985,-47.64896011352539,-39.05265426635742,-19.735713958740234,64.6918202758988,675361970,1720698547
4.0,0,2.264949321746826,4.283292293548584,8.686296463012695,0.712672770023346,0.9616820812225342,-0.09800582379102707,-48.34711456298828,-38.35215759277344,-18.7236270904541,64.48957815034946,688361970,1720698547
4.0,0,5.348728656768799,7.055819988250732,6.658376693725586,0.7478269934654236,0.9254626035690308,-0.11078918725252151,-48.17257308959961,-39.22777557373047,-17.880220413208008,64.64609390025574,700361970,1720698547
4.0,0,4.034291744232178,3.9121851921081543,5.597728729248047,0.748359739780426,0.9536925554275513,-0.11797983199357986,-48.17257308959961,-39.22777557373047,-17.880220413208008,64.64609390025574,713361970,1720698547
4.0,0,4.23540735244751,4.187522888183594,4.173157215118408,0.6684635877609253,0.924397349357605,-0.09587526321411133,-45.20542526245117,-39.40290069580078,-18.38626480102539,62.72299251259957,725361970,1720698547
4.0,0,7.125253200531006,6.691895961761475,5.470834255218506,0.710808515548706,0.9779276847839355,-0.08788565546274185,-45.37996292114258,-40.62876892089844,-18.89230728149414,63.772699277750775,738361970,1720698547
4.0,0,5.576180934906006,4.762139797210693,5.808422088623047,0.6988241076469421,0.9859172701835632,-0.06524843722581863,-43.634578704833984,-39.22777557373047,-18.89230728149414,61.641821108965566,750361970,1720698547
4.0,0,4.300051689147949,4.063022136688232,6.897800445556641,0.6772521734237671,0.9584863185882568,-0.07164012640714645,-45.20542526245117,-40.103397369384766,-19.060989379882812,63.36508715267297,763361970,1720698547
4.0,0,5.4516801834106445,6.23938512802124,7.118070602416992,0.6945629715919495,0.9486324191093445,-0.06551475822925568,-45.20542526245117,-40.103397369384766,-19.060989379882812,63.36508715267297,775361970,1720698547
4.0,0,3.837963819503784,4.1396379470825195,5.303237438201904,0.6631371974945068,0.9563557505607605,-0.07403700798749924,-43.80911636352539,-41.504390716552734,-17.374176025390625,62.79900570762594,788361970,1720698547
4.0,0,2.4349403381347656,5.032688617706299,5.540267467498779,0.6562128663063049,0.9835203886032104,-0.08575509488582611,-42.23827362060547,-39.22777557373047,-17.880220413208008,60.35389313819781,800361970,1720698547
4.0,0,2.116506576538086,4.017531871795654,6.48599100112915,0.6594087481498718,1.0373170375823975,-0.07829813659191132,-42.58734893798828,-40.9790153503418,-17.542858123779297,61.64992992535003,813361970,1720698547
4.0,0,2.861114501953125,4.987198352813721,6.157980918884277,0.6460927128791809,1.0197399854660034,-0.08655405789613724,-41.54011917114258,-41.32926559448242,-17.542858123779297,61.16732433647106,825361970,1720698547
4.0,0,6.205865383148193,5.16916036605835,7.237782001495361,0.6538160443305969,1.0104187726974487,-0.11105551570653915,-43.28550338745117,-41.32926559448242,-15.85604476928711,61.91249594233746,838361970,1720698547
4.0,0,3.995983600616455,2.882662773132324,6.986386775970459,0.640500009059906,1.019473671913147,-0.09108150005340576,-43.28550338745117,-41.32926559448242,-15.85604476928711,61.91249594233746,850361970,1720698547
4.0,0,4.989592552185059,4.273715019226074,6.19868278503418,0.6191943883895874,1.0058913230895996,-0.06524843722581863,-41.36558151245117,-41.504390716552734,-17.036813735961914,61.02441154889878,863361970,1720698547
4.0,0,6.08136510848999,6.682318687438965,5.418160915374756,0.6205259561538696,0.9829877018928528,-0.05086715519428253,-39.096580505371094,-41.67951202392578,-15.181319236755371,59.12864604854246,876361970,1720698547
4.0,0,4.592148780822754,3.9073967933654785,6.849915504455566,0.612003743648529,1.006690263748169,-0.035686902701854706,-39.96927261352539,-43.25563049316406,-16.699451446533203,61.21653372439978,888361970,1720698547
4.0,0,4.520321846008301,5.719834804534912,6.045451641082764,0.6106721758842468,0.99843430519104,-0.060454681515693665,-39.096580505371094,-42.029762268066406,-15.85604476928711,59.552142524419544,901361970,1720698547
4.0,0,3.8595120906829834,5.901797294616699,6.885829448699951,0.6136016845703125,1.0077555179595947,-0.07723285257816315,-38.04935073852539,-44.48149871826172,-16.868131637573242,60.9170804026961,913361970,1720698547
4.0,0,4.144426345825195,5.7629313468933105,5.949681758880615,0.6106721758842468,1.034653902053833,-0.08362453430891037,-37.351200103759766,-42.029762268066406,-15.85604476928711,58.42111965057602,926361970,1720698547
4.0,0,5.573786735534668,5.837152481079102,6.021509170532227,0.5976224541664124,1.0437086820602417,-0.08708669990301132,-38.04935073852539,-43.43075180053711,-15.85604476928711,59.87818842707933,938361970,1720698547
4.0,0,5.248170375823975,7.4173502922058105,5.073390483856201,0.6072099804878235,1.018674612045288,-0.06524843722581863,-38.92204284667969,-43.60587692260742,-16.02472496032715,60.60684558366726,951361970,1720698547
4.0,0,6.507539749145508,6.385433673858643,6.414164066314697,0.5920297503471375,1.0205389261245728,-0.049002911895513535,-36.47850799560547,-43.60587692260742,-17.036813735961914,59.3498700086942,963361970,1720698547
4.0,0,3.715857744216919,7.261724948883057,6.318394660949707,0.5848391056060791,1.0184082984924316,-0.05060083419084549,-38.04935073852539,-45.18199157714844,-14.506593704223633,60.82439243757603,976361970,1720698547
4.0,0,4.254561424255371,8.808402061462402,6.545847415924072,0.5800453424453735,1.0109513998031616,-0.06338419765233994,-36.30397033691406,-43.08050537109375,-14.843955993652344,58.26020283859181,988361970,1720698547
4.0,0,3.3591160774230957,8.580949783325195,5.480411052703857,0.5816432237625122,1.0431760549545288,-0.06950956583023071,-34.90766143798828,-44.131248474121094,-14.843955993652344,58.19325518043579,1361970,1720698548
4.0,0,3.5769920349121094,7.352705478668213,5.56181526184082,0.5699251890182495,1.0695418119430542,-0.07243908941745758,-34.90766143798828,-43.781002044677734,-15.181319236755371,58.015458464736525,13361970,1720698548
4.0,0,3.35432767868042,7.915351867675781,5.686315536499023,0.5712567567825317,1.0698081254959106,-0.06897692382335663,-34.209510803222656,-44.48149871826172,-14.843955993652344,58.04513232959344,26361970,1720698548
4.0,0,4.869880676269531,6.61049222946167,5.600122928619385,0.551815390586853,1.0532962083816528,-0.039681706577539444,-34.38404846191406,-44.306373596191406,-14.000550270080566,57.80426401003299,38361970,1720698548
4.0,0,3.900214195251465,8.28885269165039,6.045451641082764,0.5448910593986511,1.0373170375823975,-0.04207858443260193,-34.38404846191406,-44.306373596191406,-14.000550270080566,57.80426401003299,51361970,1720698548
4.0,0,3.900214195251465,8.28885269165039,6.045451641082764,0.5448910593986511,1.0373170375823975,-0.04207858443260193,-33.86043167114258,-43.08050537109375,-13.157143592834473,56.352188985942846,63361970,1720698548
4.0,0,3.1364521980285645,9.744549751281738,5.671950340270996,0.536635160446167,1.062617540359497,-0.034621622413396835,-31.94051170349121,-45.35711669921875,-12.9884614944458,56.97512137012179,76361970,1720698548
4.0,0,0.8355891108512878,9.205845832824707,6.675136089324951,0.5265149474143982,1.0951085090637207,-0.05699251592159271,-33.511356353759766,-44.131248474121094,-14.169231414794922,57.19567479660767,88361970,1720698548
4.0,0,2.7677392959594727,7.307215213775635,6.33754825592041,0.5113347172737122,1.0738029479980469,-0.05432931333780289,-32.813201904296875,-43.08050537109375,-12.819780349731445,55.65054294844166,101361970,1720698548
4.0,0,1.8746886253356934,7.5945234298706055,4.8339667320251465,0.5166611075401306,1.0980380773544312,-0.05592723563313484,-32.63866424560547,-43.60587692260742,-12.65109920501709,55.917843458257,113361970,1720698548
4.0,0,4.405398368835449,9.059797286987305,7.197080135345459,0.49801871180534363,1.0972390174865723,-0.04207858443260193,-31.591434478759766,-45.00687026977539,-12.9884614944458,56.50077199383089,126361970,1720698548
4.0,0,2.8180184364318848,2.9257590770721436,6.258538722991943,0.4602012634277344,1.0844557285308838,-0.03009418025612831,-30.893281936645508,-44.656620025634766,-12.65109920501709,55.75534855084466,138361970,1720698548
4.0,0,2.6719701290130615,8.722209930419922,7.194685935974121,0.486566960811615,1.0703407526016235,-0.017044490203261375,-31.067819595336914,-44.83174514770508,-13.494505882263184,56.18893553364055,151361970,1720698548
4.0,0,4.216253280639648,6.047845840454102,6.055028438568115,0.46872350573539734,1.0658133029937744,-0.031425777822732925,-28.973360061645508,-46.23273849487305,-12.482418060302734,55.97081795569226,163361970,1720698548
4.0,0,1.3814754486083984,6.1771345138549805,6.138826847076416,0.44741788506507874,1.0836567878723145,-0.02370249480009079,-28.973360061645508,-44.83174514770508,-11.807692527770996,54.669576265788926,176361970,1720698548
4.0,0,0.5698286890983582,6.545847415924072,7.072579860687256,0.45114636421203613,1.1257354021072388,-0.04926923289895058,-27.926130294799805,-45.88248825073242,-10.458242416381836,54.72153429647731,188361970,1720698548
4.0,0,1.7238515615463257,6.804425239562988,6.823578834533691,0.4527443051338196,1.1084245443344116,-0.04847027361392975,-28.27520751953125,-45.18199157714844,-13.157143592834473,54.900001372245285,201361970,1720698548
4.0,0,2.6935181617736816,4.857909679412842,6.663165092468262,0.43303659558296204,1.1105551719665527,-0.07270540297031403,-27.926130294799805,-44.83174514770508,-11.470330238342285,54.04926088308278,213361970,1720698548
4.0,0,2.650421619415283,7.244964599609375,5.537873268127441,0.4341018795967102,1.1244038343429565,-0.06524843722581863,-26.006208419799805,-44.656620025634766,-10.289560317993164,52.69166575489533,226361970,1720698548
4.0,0,4.2401957511901855,5.67913293838501,7.048637390136719,0.4109320044517517,1.1110877990722656,-0.024501455947756767,-28.449745178222656,-46.057613372802734,-10.626923561096191,55.169042539070425,238361970,1720698548
4.0,0,0.7853101491928101,5.001564025878906,7.606494903564453,0.3896264135837555,1.0916463136672974,-0.026632016524672508,-28.449745178222656,-46.057613372802734,-10.626923561096191,55.169042539070425,251361970,1720698548
4.0,0,2.3655073642730713,6.768511772155762,7.7262067794799805,0.4053393006324768,1.090847373008728,-0.019974011927843094,-26.180747985839844,-45.53224182128906,-10.120879173278809,53.488772706153114,263361970,1720698548
4.0,0,2.758162498474121,5.72941255569458,6.270510196685791,0.3853653073310852,1.0887168645858765,-0.022370893508195877,-26.529823303222656,-44.131248474121094,-8.771429061889648,52.233481447942886,276361970,1720698548
4.0,0,-0.46448221802711487,5.8682780265808105,6.359096527099609,0.3821694254875183,1.1073592901229858,-0.04341018572449684,-25.657133102416992,-45.00687026977539,-8.940110206604004,52.57216393702811,288361970,1720698548
4.0,0,0.050279002636671066,5.746171951293945,7.314397811889648,0.38509899377822876,1.1592917442321777,-0.06285155564546585,-24.9589786529541,-46.057613372802734,-9.614835739135742,53.260674341278836,301361970,1720698548
4.0,0,1.4868218898773193,5.161977767944336,6.385433673858643,0.3621954321861267,1.134523868560791,-0.04607338830828667,-24.9589786529541,-46.057613372802734,-9.614835739135742,53.260674341278836,313361970,1720698548
4.0,0,2.3607187271118164,7.323974609375,6.502751350402832,0.38190311193466187,1.137187123298645,-0.06231892108917236,-22.68998146057129,-45.88248825073242,-8.771429061889648,51.932417183753635,326361970,1720698548
4.0,0,2.171574115753174,6.572184085845947,7.781274318695068,0.3504773676395416,1.1286648511886597,-0.03595322370529175,-24.086286544799805,-46.23273849487305,-8.434065818786621,52.80860511781338,339361970,1720698548
4.0,0,1.4556968212127686,5.475622653961182,6.6679534912109375,0.3488794267177582,1.1305291652679443,-0.039681706577539444,-23.388134002685547,-45.18199157714844,-8.09670352935791,51.516733039347564,351361970,1720698548
4.0,0,2.497190475463867,6.976809978485107,5.765325546264648,0.34994468092918396,1.1065603494644165,-0.022104574367403984,-24.43536376953125,-44.83174514770508,-7.421977996826172,51.59513671775151,364361970,1720698548
4.0,0,2.549863576889038,7.2329936027526855,7.479599952697754,0.3270411789417267,1.1262680292129517,-0.01651185005903244,-23.388134002685547,-46.582984924316406,-7.759340763092041,52.699019589214814,376361970,1720698548
4.0,0,-0.3591357469558716,5.693498611450195,6.912165641784668,0.32304635643959045,1.1275995969772339,-0.014913929626345634,-23.388134002685547,-46.582984924316406,-7.759340763092041,52.699019589214814,389361970,1720698548
4.0,0,-1.704697608947754,9.794828414916992,7.618465900421143,0.32997068762779236,1.1252027750015259,-0.024501455947756767,-21.29367446899414,-44.83174514770508,-7.421977996826172,50.18358001145038,401361970,1720698548
4.0,0,-0.09576953202486038,6.368673324584961,6.363884925842285,0.3083987534046173,1.1289311647415161,-0.03488794341683388,-21.468212127685547,-44.656620025634766,-6.578571796417236,49.98375186952101,414361970,1720698548
4.0,0,-1.1013495922088623,8.834739685058594,5.892220497131348,0.30999666452407837,1.1355892419815063,-0.040746983140707016,-20.77005958557129,-44.306373596191406,-6.578571796417236,49.37335033511585,426361970,1720698548
4.0,0,0.3974435329437256,7.2329936027526855,6.222624778747559,0.327840119600296,1.1774015426635742,-0.0631178766489029,-21.119136810302734,-43.95612335205078,-6.241209030151367,49.16412726685007,439361970,1720698548
4.0,0,0.014365429058670998,6.615280628204346,6.423741340637207,0.28496259450912476,1.148106336593628,-0.04048066586256027,-19.548290252685547,-44.48149871826172,-4.048351764678955,48.755805111151005,451361970,1720698548
4.0,0,1.0486763715744019,7.929717063903809,6.474020004272461,0.2982785999774933,1.1616885662078857,-0.06285155564546585,-20.420982360839844,-45.35711669921875,-5.903846263885498,50.09131617911307,464361970,1720698548
4.0,0,2.4373345375061035,8.966422080993652,5.621671676635742,0.2870931625366211,1.1382523775100708,-0.03089314140379429,-19.897367477416992,-42.73025894165039,-4.385714530944824,47.33935734353398,476361970,1720698548
4.0,0,2.4086036682128906,7.704658508300781,6.533876419067383,0.2665864825248718,1.137187123298645,-0.02370249480009079,-18.501060485839844,-43.43075180053711,-4.723076820373535,47.44288034796909,489361970,1720698548
4.0,0,0.4429340660572052,7.448474884033203,7.139618396759033,0.2577979266643524,1.1212078332901,-0.029295219108462334,-19.548290252685547,-43.08050537109375,-4.723076820373535,47.54338071154835,501361970,1720698548
4.0,0,0.25139501690864563,7.915351867675781,6.600914478302002,0.2476777583360672,1.1212078332901,-0.02290353551506996,-19.548290252685547,-43.08050537109375,-4.723076820373535,47.54338071154835,514361970,1720698548
4.0,0,-0.3208279311656952,8.566584587097168,6.08136510848999,0.24927568435668945,1.1542315483093262,-0.037817467004060745,-18.85013771057129,-43.08050537109375,-4.385714530944824,47.228086206020244,526361970,1720698548
4.0,0,-0.7374253869056702,7.532273769378662,7.261724948883057,0.23968815803527832,1.155296802520752,-0.06418316066265106,-18.675600051879883,-43.25563049316406,-2.192857265472412,47.16604954462113,539361970,1720698548
4.0,0,0.14844277501106262,8.564190864562988,5.901797294616699,0.24528087675571442,1.1544978618621826,-0.05273139104247093,-18.326522827148438,-43.25563049316406,-5.229121208190918,47.267903665226044,551361970,1720698548
4.0,0,0.09098105132579803,6.5889434814453125,5.686315536499023,0.21065925061702728,1.137719750404358,-0.025300417095422745,-16.23206329345703,-44.306373596191406,-2.8675825595855713,47.27322339066928,564361970,1720698548
4.0,0,1.71906316280365,7.05821418762207,6.521904945373535,0.21358877420425415,1.137719750404358,-0.04607338830828667,-16.057525634765625,-44.83174514770508,-3.036263942718506,47.717380494215995,576361970,1720698548
4.0,0,1.8028613328933716,6.411769866943359,6.007143974304199,0.193881094455719,1.1252027750015259,-0.019175052642822266,-16.406600952148438,-42.73025894165039,-4.385714530944824,45.98136661703816,589361970,1720698548
4.0,0,-1.7765247821807861,7.273695945739746,7.359888076782227,0.1901526004076004,1.1571612358093262,-0.04021434485912323,-15.010294914245605,-43.781002044677734,-1.686813235282898,46.313393660359516,601361970,1720698548
4.0,0,-2.9736437797546387,6.426135540008545,6.9001946449279785,0.18775571882724762,1.1544978618621826,-0.05592723563313484,-16.23206329345703,-43.25563049316406,-1.855494499206543,46.23821263803917,614361970,1720698548
4.0,0,-0.6751751899719238,8.698267936706543,6.1292500495910645,0.18615780770778656,1.167814016342163,-0.06524843722581863,-14.486680030822754,-42.55513381958008,-0.5060439705848694,44.9561941585136,626361970,1720698548
4.0,0,-1.2689461708068848,7.891409397125244,6.469231605529785,0.18189668655395508,1.1853910684585571,-0.07030852884054184,-15.359371185302734,-43.43075180053711,-1.3494505882263184,46.086456818221876,639361970,1720698548
4.0,0,-0.2633661925792694,5.841940879821777,7.596917629241943,0.1707112193107605,1.1664824485778809,-0.06897692382335663,-15.359371185302734,-43.43075180053711,-1.3494505882263184,46.086456818221876,651361970,1720698548
4.0,0,-0.7613677382469177,6.375855922698975,5.93292236328125,0.15526466071605682,1.1611559391021729,-0.05486195534467697,-14.137603759765625,-40.80389404296875,0.5060439705848694,43.18663785985343,664361970,1720698548
4.0,0,-1.8148326873779297,5.66716194152832,7.302426815032959,0.13475801050662994,1.1675477027893066,-0.04527442902326584,-15.184833526611328,-41.504390716552734,-0.5060439705848694,44.19784721548476,676361970,1720698548
4.0,0,-0.15562549233436584,5.923345565795898,6.9528679847717285,0.14248129725456238,1.1494379043579102,-0.050068192183971405,-13.43945026397705,-41.854637145996094,1.518131971359253,43.98561354242285,689361970,1720698548
4.0,0,-0.4812418818473816,6.890617847442627,6.074182510375977,0.12916527688503265,1.1315944194793701,-0.02769729681313038,-14.661218643188477,-41.32926559448242,0.0,43.852702615490486,701361970,1720698548
4.0,0,-2.1284778118133545,6.519510746002197,7.522696495056152,0.12037672102451324,1.1563622951507568,-0.049002911895513535,-13.43945026397705,-41.504390716552734,1.518131971359253,43.652468393352564,714361970,1720698548
4.0,0,-1.833986520767212,6.904983043670654,6.208259582519531,0.11957775801420212,1.148106336593628,-0.05086715519428253,-14.137603759765625,-41.504390716552734,0.5060439705848694,43.849086299723204,726361970,1720698548
4.0,0,-1.2426096200942993,8.60728645324707,6.344731330871582,0.11957775801420212,1.1824615001678467,-0.0737706869840622,-12.56675910949707,-40.62876892089844,1.3494505882263184,42.54928102135164,739361970,1720698548
4.0,0,5.068602085113525,18.65829849243164,33.1123161315918,0.1288989633321762,0.8247935771942139,-0.06871060281991959,-11.694067001342773,-39.75314712524414,1.855494499206543,41.478991902284534,751361970,1720698548
4.0,0,10.671119689941406,6.3878278732299805,13.900946617126465,-0.013049688190221786,0.1262357532978058,0.0719064474105835,-13.613988876342773,-40.27852249145508,1.686813235282898,42.5505041816259,764361970,1720698548
4.0,0,1.1013495922088623,15.174681663513184,8.803613662719727,0.12224096059799194,0.10546278208494186,0.02370249480009079,-11.868605613708496,-39.578025817871094,2.3615384101867676,41.386722393982964,776361970,1720698548
4.0,0,0.9960030913352966,4.565812110900879,8.274487495422363,0.046872351318597794,0.02689833752810955,-0.0412796251475811,-11.868605613708496,-40.9790153503418,2.6989011764526367,42.748421793764024,789361970,1720698548
4.0,0,-2.221853017807007,9.392596244812012,5.492382049560547,0.07643388956785202,-0.036752182990312576,-0.042877547442913055,-13.43945026397705,-39.75314712524414,2.8675825595855713,42.061319041314654,802361970,1720698548
4.0,0,0.3471645414829254,8.161957740783691,7.481994152069092,0.03382266312837601,-0.039681706577539444,0.025300417095422745,-13.613988876342773,-40.62876892089844,2.0241758823394775,42.896792947207516,814361970,1720698548
4.0,0,-0.8571372628211975,3.967252731323242,6.335154056549072,0.06871060281991959,-0.044741787016391754,-0.0031958422623574734,-13.963065147399902,-42.029762268066406,1.686813235282898,44.32057584814798,827361970,1720698548
4.0,0,-1.0103685855865479,9.148384094238281,4.824389934539795,0.08868461847305298,-0.027430977672338486,-0.043676506727933884,-13.090373992919922,-40.80389404296875,3.2049450874328613,42.97193657909537,839361970,1720698548
4.0,0,5.068602085113525,23.434804916381836,26.34140968322754,-0.21811622381210327,-0.2032022923231125,0.3289054334163666,-13.090373992919922,-40.80389404296875,3.2049450874328613,42.97193657909537,852361970,1720698548
4.0,0,1.6735725402832031,4.613697052001953,27.507404327392578,-1.555842399597168,-1.1563622951507568,1.4599671363830566,-12.9158353805542,-40.62876892089844,2.0241758823394775,42.680357960166916,864361970,1720698548
4.0,0,6.014326572418213,39.22600173950195,6.002355575561523,-1.081259846687317,-1.1853910684585571,1.272744059562683,-16.406600952148438,-42.380008697509766,-0.6747252941131592,45.4499389023413,877361970,1720698548
4.0,0,23.544939041137695,-8.640806198120117,6.778088569641113,-1.9364140033721924,-1.765702724456787,2.066378116607666,-15.359371185302734,-42.029762268066406,0.6747252941131592,44.75339600232146,889361970,1720698548
4.0,0,-6.938502311706543,23.09003448486328,7.024694919586182,-1.6650336980819702,-1.2567648887634277,1.5499835014343262,-17.45383071899414,-42.73025894165039,-3.710988998413086,46.306399939253964,902361970,1720698548
4.0,0,12.651154518127441,5.873066425323486,4.302446365356445,-2.0671772956848145,-1.6690285205841064,1.9619807004928589,-17.45383071899414,-42.73025894165039,-3.710988998413086,46.306399939253964,914361970,1720698548
4.0,0,-3.248981475830078,-0.08619257807731628,8.578556060791016,-2.0280280113220215,-1.3001750707626343,1.719895601272583,-20.595521926879883,-43.08050537109375,-4.723076820373535,47.98346508038553,927361970,1720698548
4.0,0,-0.5506747961044312,9.988761901855469,6.720626354217529,-2.0368165969848633,-1.4098989963531494,1.6746212244033813,-21.817289352416992,-42.90538024902344,-5.229121208190918,48.417037059389855,939361970,1720698548
4.0,0,2.169179677963257,7.309609413146973,4.189917087554932,-2.0690414905548096,-1.291652798652649,1.586469292640686,-21.817289352416992,-42.90538024902344,-6.578571796417236,48.58130685645452,952361970,1720698548
4.0,0,-2.3631131649017334,5.717440605163574,8.801219940185547,-2.1428122520446777,-1.206696629524231,1.568625807762146,-22.864519119262695,-41.854637145996094,-6.578571796417236,48.144309030857855,964361970,1720698548
4.0,0,2.3535361289978027,6.945684909820557,7.364676475524902,-2.133490800857544,-1.209626317024231,1.5292104482650757,-24.260826110839844,-43.25563049316406,-9.277472496032715,50.45501708310281,977361970,1720698548
4.0,0,0.5195496678352356,8.612074851989746,6.627251625061035,-2.1646504402160645,-1.1616885662078857,1.4061704874038696,-25.8316707611084,-41.67951202392578,-8.771429061889648,49.8136016028819,989361970,1720698548
4.0,0,4.857909679412842,8.147592544555664,5.899403095245361,-2.175036907196045,-1.122006893157959,1.422149658203125,-28.27520751953125,-43.08050537109375,-11.132966995239258,52.71963825196907,2361970,1720698549
4.0,0,2.4349403381347656,12.636789321899414,6.229808330535889,-2.221376657485962,-1.0615521669387817,1.3238775730133057,-28.624282836914062,-41.32926559448242,-9.783516883850098,51.21694021633371,14361970,1720698549
4.0,0,3.5698091983795166,6.220230579376221,8.109285354614258,-2.2621235847473145,-1.001363754272461,1.3001750707626343,-29.147897720336914,-42.55513381958008,-12.313736915588379,53.02987339928235,27361970,1720698549
4.0,0,-1.0917726755142212,2.5091617107391357,6.6655592918396,-2.3358943462371826,-0.9576873183250427,1.2453131675720215,-28.624282836914062,-41.32926559448242,-15.181319236755371,52.515999621783834,39361970,1720698549
4.0,0,6.215442180633545,9.181903839111328,7.860283851623535,-2.2991421222686768,-0.8524908423423767,1.2040334939956665,-33.86043167114258,-40.62876892089844,-15.85604476928711,55.21448951778433,52361970,1720698549
4.0,0,3.7565598487854004,6.107701301574707,7.6998701095581055,-2.398479461669922,-0.8258588314056396,1.1928480863571167,-34.38404846191406,-38.35215759277344,-15.350000381469727,53.747309629071715,64361970,1720698549
4.0,0,4.048656940460205,4.098936080932617,9.411750793457031,-2.3769075870513916,-0.745696485042572,1.1262680292129517,-34.209510803222656,-38.87752914428711,-14.843955993652344,53.871104790065225,77361970,1720698549
4.0,0,7.968024730682373,6.196288585662842,7.934505462646484,-2.409132242202759,-0.7427669167518616,1.0711396932601929,-35.25674057006836,-37.47653579711914,-16.868131637573242,54.14852127177949,89361970,1720698549
4.0,0,4.901005744934082,4.589754581451416,7.941688060760498,-2.4386937618255615,-0.631711483001709,1.037583351135254,-35.78035354614258,-36.95116424560547,-18.04890251159668,54.5104129581293,102361970,1720698549
4.0,0,3.0382883548736572,2.0734102725982666,9.320769309997559,-2.5034093856811523,-0.5411626100540161,1.0354528427124023,-35.78035354614258,-36.95116424560547,-18.04890251159668,54.5104129581293,114361970,1720698549
4.0,0,5.540267467498779,4.491590976715088,9.217817306518555,-2.475712299346924,-0.506807267665863,0.9563557505607605,-37.17666244506836,-36.95116424560547,-20.41044044494629,56.25014532262976,127361970,1720698549
4.0,0,4.455677509307861,2.193122148513794,8.940085411071777,-2.518589735031128,-0.417856365442276,0.9478334784507751,-38.39842987060547,-35.72529602050781,-20.916484832763672,56.464462540964206,139361970,1720698549
4.0,0,4.256955623626709,0.8738968968391418,9.148384094238281,-2.574517250061035,-0.34861311316490173,0.8879114389419556,-39.44565963745117,-30.82182502746582,-21.591209411621094,54.517201745080776,152361970,1720698549
4.0,0,4.374273300170898,1.975246548652649,8.14998722076416,-2.5231173038482666,-0.2982785999774933,0.870334267616272,-39.794734954833984,-30.121328353881836,-22.94066047668457,54.928947332298016,164361970,1720698549
4.0,0,5.8395466804504395,0.9576953053474426,9.991155624389648,-2.5675926208496094,-0.22557318210601807,0.8213313817977905,-40.492889404296875,-29.070585250854492,-23.27802276611328,55.014901281702805,177361970,1720698549
4.0,0,-1.0654360055923462,-1.4389371871948242,8.597709655761719,-2.609937906265259,-0.10652806609869003,0.8040205836296082,-40.492889404296875,-29.070585250854492,-23.27802276611328,55.014901281702805,189361970,1720698549
4.0,0,4.498773574829102,-0.23224110901355743,8.463632583618164,-2.5907626152038574,-0.07110748440027237,0.7646052241325378,-42.76188659667969,-27.14422035217285,-24.796154022216797,56.393589158060394,202361970,1720698549
4.0,0,0.19153906404972076,0.560251772403717,9.03346061706543,-2.5729191303253174,0.023436175659298897,0.739304780960083,-42.58734893798828,-26.268600463867188,-26.651649475097656,56.69243405993191,214361970,1720698549
4.0,0,-0.46687644720077515,-3.0382883548736572,8.489969253540039,-2.664799690246582,0.1238388791680336,0.6932314038276672,-42.76188659667969,-23.641740798950195,-25.808242797851562,55.2591734431931,227361970,1720698549
4.0,0,2.221853017807007,-2.4924020767211914,8.324766159057617,-2.6032795906066895,0.11851247400045395,0.6663330793380737,-41.54011917114258,-21.715375900268555,-28.001100540161133,54.60037255095338,239361970,1720698549
4.0,0,-0.560251772403717,-2.4397287368774414,8.111679077148438,-2.623253583908081,0.24048711359500885,0.6066773533821106,-42.936424255371094,-21.715375900268555,-27.326374053955078,55.33375820657633,252361970,1720698549
4.0,0,2.5450751781463623,-1.4628795385360718,9.734972953796387,-2.6317760944366455,0.3651249408721924,0.6226565837860107,-42.412811279296875,-20.13926124572754,-29.181869506835938,55.28126185291827,264361970,1720698549
4.0,0,0.7015117406845093,-2.966461181640625,7.759726524353027,-2.609937906265259,0.39362120628356934,0.5749852657318115,-45.0308837890625,-17.862648010253906,-28.675825119018555,56.295271870902404,277361970,1720698549
4.0,0,4.817207336425781,-0.3878665864467621,10.139598846435547,-2.588898181915283,0.44874951243400574,0.5590060353279114,-43.1109619140625,-16.987028121948242,-30.19395637512207,55.30632118622954,289361970,1720698549
4.0,0,3.2920775413513184,0.5267323851585388,8.612074851989746,-2.5998175144195557,0.5760505199432373,0.5227864980697632,-42.936424255371094,-14.009920120239258,-29.687911987304688,54.04800188516365,302361970,1720698549
4.0,0,3.2944717407226562,-3.0550482273101807,9.950454711914062,-2.552412509918213,0.6122700572013855,0.5102694630622864,-42.936424255371094,-14.009920120239258,-29.687911987304688,54.04800188516365,315361970,1720698549
4.0,0,4.58496618270874,-1.692726492881775,8.796431541442871,-2.5598695278167725,0.6535497307777405,0.453010618686676,-42.936424255371094,-11.558184623718262,-31.037363052368164,54.22588002861443,327361970,1720698549
4.0,0,6.2824811935424805,-3.2872891426086426,8.636016845703125,-2.560668468475342,0.789372980594635,0.43942826986312866,-41.714656829833984,-9.982068061828613,-33.56758499145508,54.46592548906476,340361970,1720698549
4.0,0,2.45169997215271,-5.770114421844482,7.407773017883301,-2.530574321746826,0.8503603339195251,0.3909580111503601,-41.191043853759766,-10.15719223022461,-31.037363052368164,52.566039921308544,352361970,1720698549
4.0,0,3.995983600616455,-3.814021348953247,9.22021198272705,-2.503675699234009,0.889509379863739,0.391490638256073,-42.0637321472168,-7.530332088470459,-32.89285659790039,53.925907305167215,365361970,1720698549
4.0,0,4.616091251373291,-2.813230037689209,7.8842267990112305,-2.464526891708374,0.9957711100578308,0.3739134967327118,-42.0637321472168,-7.530332088470459,-32.89285659790039,53.925907305167215,377361970,1720698549
4.0,0,-0.4142032265663147,-5.150006294250488,8.15238094329834,-2.456270933151245,1.083923101425171,0.33796030282974243,-39.271121978759766,-5.078596115112305,-31.880769729614258,50.8369613423516,390361970,1720698549
4.0,0,0.9960030913352966,-4.276109218597412,6.593731880187988,-2.43949294090271,1.0911136865615845,0.34808048605918884,-39.96927261352539,-4.3780999183654785,-32.21813201904297,51.5239608623598,402361970,1720698549
4.0,0,3.7852907180786133,-2.197910785675049,7.010329723358154,-2.399811029434204,1.227735996246338,0.3134588599205017,-39.794734954833984,0.0,-32.38681411743164,51.30815392120979,415361970,1720698549
4.0,0,-0.6584155559539795,-3.1412405967712402,5.949681758880615,-2.3553357124328613,1.2924517393112183,0.3022734224796295,-40.31835174560547,0.8756200075149536,-33.230220794677734,52.25498801016952,427361970,1720698549
4.0,0,0.004788476508110762,-5.233805179595947,6.476414203643799,-2.3353617191314697,1.3441178798675537,0.2601948082447052,-37.70027542114258,2.4517359733581543,-32.38681411743164,49.76170721337979,440361970,1720698549
4.0,0,3.3734817504882812,-0.8451660871505737,7.719024181365967,-2.2325620651245117,1.399246096611023,0.2777719497680664,-37.70027542114258,2.4517359733581543,-32.38681411743164,49.76170721337979,452361970,1720698549
4.0,0,1.3216195106506348,-3.742194175720215,6.363884925842285,-2.264786720275879,1.5055079460144043,0.23303015530109406,-37.00212097167969,5.954216003417969,-32.0494499206543,49.31304984316731,465361970,1720698549
4.0,0,0.8834738731384277,-6.670347690582275,6.622463226318359,-2.233893632888794,1.5502498149871826,0.22184470295906067,-35.60581588745117,5.603968143463135,-32.0494499206543,48.232207332658405,477361970,1720698549
4.0,0,1.640053153038025,-4.1133012771606445,8.087737083435059,-2.165449380874634,1.6176286935806274,0.21119190752506256,-35.431278228759766,7.180084228515625,-31.880769729614258,48.20075274313725,490361970,1720698549
4.0,0,4.7860822677612305,-6.447683334350586,9.08613395690918,-2.159590244293213,1.6818119287490845,0.19494636356830597,-33.33681869506836,7.530332088470459,-29.51923179626465,45.16009774028516,502361970,1720698549
4.0,0,0.2801258862018585,-7.632831573486328,6.845127105712891,-2.120973825454712,1.7702301740646362,0.17310811579227448,-33.33681869506836,7.530332088470459,-29.51923179626465,45.16009774028516,515361970,1720698549
4.0,0,4.259349822998047,-2.47324800491333,7.766909122467041,-2.0320229530334473,1.7800840139389038,0.1752386838197708,-32.813201904296875,11.558184623718262,-30.362638473510742,46.175617657820496,527361970,1720698549
4.0,0,4.225830554962158,-5.911374092102051,7.951265335083008,-2.0115160942077637,1.8533220291137695,0.16485218703746796,-32.11505126953125,12.959176063537598,-31.374725341796875,46.72997060306777,540361970,1720698549
4.0,0,-1.692726492881775,-7.707052707672119,7.422138690948486,-1.9550563097000122,1.976361870765686,0.14407920837402344,-29.322437286376953,12.25868034362793,-30.02527618408203,43.72182272173889,552361970,1720698549
4.0,0,0.37110692262649536,-5.5833635330200195,6.679924488067627,-1.8858131170272827,1.964377522468567,0.13795384764671326,-29.147897720336914,13.134300231933594,-30.19395637512207,43.974819905038466,565361970,1720698549
4.0,0,1.367110013961792,-9.344712257385254,7.419744491577148,-1.9121787548065186,2.042675733566284,0.10626175254583359,-28.10066795349121,13.834795951843262,-29.85659408569336,43.27199242996983,577361970,1720698549
4.0,0,-4.256955623626709,-8.04464054107666,4.031897068023682,-1.8565179109573364,2.133490800857544,0.1113218292593956,-26.180747985839844,16.46165657043457,-27.326374053955078,41.26921880866729,590361970,1720698549
4.0,0,1.122897744178772,-7.549033164978027,5.303237438201904,-1.7699638605117798,2.113783121109009,0.10226695239543915,-24.43536376953125,16.46165657043457,-28.338462829589844,40.87959900899588,602361970,1720698549
4.0,0,0.826012134552002,-4.034291744232178,5.449285984039307,-1.7033838033676147,2.131093978881836,0.10732702910900116,-24.609901428222656,18.03777313232422,-27.83241844177246,41.299540241968174,615361970,1720698549
4.0,0,-1.7621593475341797,-8.39419937133789,3.3878471851348877,-1.6791486740112305,2.2706458568573,0.09294573962688446,-23.562671661376953,21.190004348754883,-27.15769386291504,41.73435175097273,627361970,1720698549
4.0,0,-1.7621593475341797,-8.39419937133789,3.3878471851348877,-1.6791486740112305,2.2706458568573,0.09294573962688446,-23.562671661376953,21.190004348754883,-27.15769386291504,41.73435175097273,640361970,1720698549
4.0,0,-1.74061119556427,-6.5602126121521,4.5418701171875,-1.5537118911743164,2.3350954055786133,0.08122765272855759,-19.024675369262695,19.789012908935547,-25.808242797851562,37.67769500817036,652361970,1720698549
4.0,0,-2.1045353412628174,-10.893783569335938,3.7493772506713867,-1.5411949157714844,2.4237799644470215,0.06471580266952515,-18.85013771057129,21.365129470825195,-24.96483612060547,37.88191509864981,665361970,1720698549
4.0,0,-2.528315544128418,-9.148384094238281,2.659998655319214,-1.4479827880859375,2.4323019981384277,0.04953555390238762,-18.15198516845703,22.065624237060547,-21.928571701049805,36.017337427621165,677361970,1720698549
4.0,0,1.8028613328933716,-6.6440110206604,4.539475917816162,-1.3768752813339233,2.4405581951141357,0.05459563434123993,-16.406600952148438,22.76612091064453,-21.928571701049805,35.61369221197385,690361970,1720698549
4.0,0,1.0390993356704712,-8.827555656433105,3.1149041652679443,-1.3193501234054565,2.5148613452911377,0.05672619491815567,-16.406600952148438,22.76612091064453,-21.928571701049805,35.61369221197385,702361970,1720698549
4.0,0,-3.1125094890594482,-13.144368171691895,4.302446365356445,-1.2370572090148926,2.5516135692596436,0.07403700798749924,-16.581140518188477,24.34223747253418,-22.434616088867188,37.02419134981907,715361970,1720698549
4.0,0,-0.7637620568275452,-8.39419937133789,3.864300489425659,-1.2035008668899536,2.554276704788208,0.02902889810502529,-13.43945026397705,24.69248390197754,-20.073078155517578,34.543683232754,727361970,1720698549
4.0,0,-2.3391706943511963,-10.503522872924805,3.2920775413513184,-1.1510357856750488,2.6608047485351562,0.03169209882616997,-12.392220497131348,25.392980575561523,-19.060989379882812,34.08360173896492,740361970,1720698549
4.0,0,-4.3311767578125,-13.568147659301758,3.1627886295318604,-1.1148161888122559,2.6906325817108154,0.032491061836481094,-10.472298622131348,24.86760902404785,-17.542858123779297,32.18414032027342,752361970,1720698549
4.0,0,2.6887295246124268,-7.944082260131836,4.005560398101807,-1.016810417175293,2.6632018089294434,0.05060083419084549,-7.85422420501709,26.79397201538086,-18.38626480102539,33.43142993587193,765361970,1720698549
4.0,0,0.1316830962896347,-8.707844734191895,3.9552814960479736,-0.9422407746315002,2.7225911617279053,0.014647609554231167,-7.85422420501709,26.79397201538086,-18.38626480102539,33.43142993587193,777361970,1720698549
4.0,0,-6.083759307861328,-12.452433586120605,3.2633466720581055,-0.9022927284240723,2.7665340900421143,0.003994802478700876,-9.948683738708496,25.743228912353516,-15.687362670898438,31.745605846084818,790361970,1720698549
4.0,0,-6.210653781890869,-9.761309623718262,1.8244094848632812,-0.8410391211509705,2.7558810710906982,-0.0197076927870512,-7.330609321594238,26.268600463867188,-16.53076934814453,31.891120058688475,802361970,1720698549
4.0,0,-1.9441214799880981,-9.026278495788574,2.2505838871002197,-0.7688663005828857,2.8150041103363037,0.018109772354364395,-6.1088409423828125,26.4437255859375,-13.663187026977539,30.385378724937187,815361970,1720698549
4.0,0,-4.089359283447266,-9.03106689453125,0.13886581361293793,-0.7006884217262268,2.815803050994873,0.011718087829649448,-7.505147457122803,27.494468688964844,-11.976373672485352,30.914504252609735,828361970,1720698549
4.0,0,-4.391032695770264,-9.926511764526367,1.5490721464157104,-0.635439932346344,2.8464300632476807,0.007456964813172817,-5.759764194488525,28.194965362548828,-10.964285850524902,30.795235338984842,840361970,1720698549
4.0,0,-21.299142837524414,3.7302231788635254,4.752562999725342,-0.35686904191970825,2.3745105266571045,0.06658004224300385,-5.236149311065674,28.019840240478516,-12.145055770874023,30.984368420017102,853361970,1720698549
4.0,0,39.22600173950195,17.240909576416016,36.014129638671875,0.23569335043430328,0.6926987767219543,-0.1387528032064438,-5.934302806854248,28.370088577270508,-9.10879135131836,30.381704290040492,865361970,1720698549
4.0,0,-39.22719955444336,-32.38925552368164,-5.126064300537109,-0.514530599117279,1.0823252201080322,0.22504054009914398,-4.363457679748535,28.89546012878418,-9.614835739135742,30.764142199445033,878361970,1720698549
4.0,0,36.4953727722168,18.622385025024414,17.5976505279541,0.07243908941745758,-0.33316653966903687,-0.022370893508195877,-2.967151403427124,28.194965362548828,-10.289560317993164,30.160157671733206,890361970,1720698549
4.0,0,-39.22719955444336,-31.991811752319336,-14.791604042053223,-0.11691455543041229,0.10439750552177429,0.051932431757450104,-2.967151403427124,28.194965362548828,-10.289560317993164,30.160157671733206,903361970,1720698549
4.0,0,1.4820334911346436,-3.3615105152130127,-0.5865883827209473,0.05699251592159271,0.011718087829649448,0.044741787016391754,-4.014381408691406,28.194965362548828,-10.289560317993164,30.281122525880622,915361970,1720698549
4.0,0,-1.6616014242172241,-7.549033164978027,0.4070205092430115,0.2889573574066162,-0.3797725737094879,-0.0844234973192215,-2.7926130294799805,26.61884880065918,-10.458242416381836,28.735633513889756,928361970,1720698549
4.0,0,-8.853893280029297,-15.610433578491211,-0.13647158443927765,0.06178628280758858,0.026632016524672508,0.03808378428220749,-2.967151403427124,27.844717025756836,-10.964285850524902,30.072376326245863,940361970,1720698549
4.0,0,14.717382431030273,9.567376136779785,15.945626258850098,0.45700541138648987,-0.6357062458992004,-0.1131860762834549,-5.4106879234313965,29.245708465576172,-8.602747917175293,30.961173737193878,953361970,1720698549
4.0,0,-39.22719955444336,-24.576854705810547,9.67990493774414,0.1619226634502411,-0.8495613932609558,-0.04341018572449684,-5.4106879234313965,29.245708465576172,-8.602747917175293,30.961173737193878,965361970,1720698549
4.0,0,33.6270751953125,16.982332229614258,37.75952911376953,0.36938607692718506,-2.207261562347412,-0.3952191174030304,-5.061611175537109,28.194965362548828,-11.30164909362793,30.794532821966165,978361970,1720698549
4.0,0,-39.22719955444336,-35.67893981933594,-3.687126636505127,-0.05912308022379875,-2.118577003479004,-0.48949646949768066,-5.061611175537109,27.494468688964844,-11.63901138305664,30.282541210336234,990361970,1720698549
4.0,0,8.449267387390137,5.688709735870361,4.920159339904785,0.15899313986301422,-2.2658519744873047,-0.5898991823196411,-7.330609321594238,26.268600463867188,-12.145055770874023,29.85430593790062,3361970,1720698550
4.0,0,-14.9855375289917,-19.07010841369629,-10.84589958190918,0.3408898115158081,-2.571587562561035,-0.7523544430732727,-8.203300476074219,27.14422035217285,-12.313736915588379,30.914898577456118,16123811,1720698550
4.0,0,-7.764514923095703,-11.4444580078125,-7.5203022956848145,0.38509899377822876,-2.2674498558044434,-0.5241180658340454,-8.72691535949707,28.370088577270508,-13.157143592834473,32.46738987193867,29123811,1720698550
4.0,0,8.367862701416016,-3.4453089237213135,-0.7110887169837952,0.7763233184814453,-2.584104537963867,-0.5169274806976318,-8.72691535949707,28.370088577270508,-13.157143592834473,32.46738987193867,41123811,1720698550
4.0,0,-10.21381950378418,-13.25450325012207,-0.4046262502670288,0.689236581325531,-2.315920352935791,-0.4263785779476166,-10.64683723449707,28.89546012878418,-15.687362670898438,34.56003626618941,54123811,1720698550
4.0,0,0.6488385796546936,-6.933713912963867,6.835549831390381,0.7518218159675598,-2.349210262298584,-0.4671255648136139,-11.694067001342773,28.545211791992188,-14.675274848937988,34.1605622198092,66123811,1720698550
4.0,0,-4.1396379470825195,-11.868239402770996,4.948890209197998,0.6820459365844727,-2.331366777420044,-0.5329066514968872,-12.217681884765625,27.669591903686523,-15.518681526184082,33.995698890668685,79123811,1720698550
4.0,0,-0.07900986075401306,-9.201057434082031,3.100538492202759,0.6809806823730469,-2.345747947692871,-0.5720556974411011,-13.090373992919922,29.245708465576172,-16.699451446533203,36.13227135876055,91123811,1720698550
4.0,0,-1.209090232849121,-5.150006294250488,1.3479561805725098,0.7478269934654236,-2.268515110015869,-0.5669956207275391,-14.312141418457031,28.019840240478516,-15.85604476928711,35.23298163382557,104123811,1720698550
4.0,0,1.7238515615463257,-9.972002029418945,0.5027900338172913,0.784312903881073,-2.2573297023773193,-0.56060391664505,-15.533909797668457,27.844717025756836,-16.699451446533203,35.993086814855054,116123811,1720698550
4.0,0,0.24181805551052094,-8.212237358093262,0.878685474395752,0.8791228532791138,-2.2437474727630615,-0.5259823203086853,-18.326522827148438,28.545211791992188,-18.7236270904541,38.7461580883327,129123811,1720698550
4.0,0,-2.1069295406341553,-7.84352445602417,3.790079116821289,0.9688727855682373,-2.171574592590332,-0.5025461316108704,-15.882987022399902,27.844717025756836,-19.735713958740234,37.64433487869603,141123811,1720698550
4.0,0,2.3032569885253906,-7.8052167892456055,5.612093925476074,0.9797919392585754,-2.218446969985962,-0.5214548707008362,-18.15198516845703,26.61884880065918,-19.904396057128906,37.87139632265079,154123811,1720698550
4.0,0,1.1899363994598389,-7.814793586730957,3.8834545612335205,0.978193998336792,-2.175036907196045,-0.5486195087432861,-19.548290252685547,28.370088577270508,-21.591209411621094,40.65929047022206,166123811,1720698550
4.0,0,0.7158772945404053,-10.534648895263672,3.172365665435791,1.0133482217788696,-2.1500027179718018,-0.5552775859832764,-21.468212127685547,27.494468688964844,-20.747802734375,40.58695922032484,179123811,1720698550
4.0,0,-2.3583245277404785,-8.50193977355957,2.7653450965881348,1.073270320892334,-2.119109630584717,-0.5459563136100769,-21.29367446899414,27.319345474243164,-20.579120635986328,40.28979294663875,191123811,1720698550
4.0,0,-1.8531404733657837,-8.15238094329834,2.4349403381347656,1.129996418952942,-2.0767645835876465,-0.5552775859832764,-23.562671661376953,26.093477249145508,-21.759891510009766,41.34684908552193,204123811,1720698550
4.0,0,0.9553011059761047,-6.289663791656494,3.869088888168335,1.184059500694275,-2.10845685005188,-0.5667293071746826,-26.180747985839844,24.86760902404785,-21.928571701049805,42.245612796112276,216123811,1720698550
4.0,0,3.11969256401062,-5.322391510009766,4.989592552185059,1.2226759195327759,-2.069840431213379,-0.5622019171714783,-27.053438186645508,23.991989135742188,-22.7719783782959,42.732505890361686,229123811,1720698550
4.0,0,1.8220152854919434,-9.584136009216309,4.122878074645996,1.2343939542770386,-2.0280280113220215,-0.5640661120414734,-27.053438186645508,23.991989135742188,-22.7719783782959,42.732505890361686,241123811,1720698550
4.0,0,-0.34237605333328247,-10.225790977478027,3.8547234535217285,1.2482426166534424,-1.9657090902328491,-0.5627345442771912,-27.57705307006836,25.217857360839844,-25.63956069946289,45.31910478774347,254123811,1720698550
4.0,0,0.3950493037700653,-9.548221588134766,3.4165778160095215,1.3057678937911987,-1.9659754037857056,-0.5914971232414246,-29.671512603759766,25.217857360839844,-24.96483612060547,46.25561622760448,266123811,1720698550
4.0,0,2.5714118480682373,-8.315189361572266,3.739799976348877,1.368353009223938,-1.977427363395691,-0.5920297503471375,-30.544204711914062,23.641740798950195,-24.458791732788086,45.71775194075013,279123811,1720698550
4.0,0,2.269737958908081,-6.7469635009765625,4.38385009765625,1.41655695438385,-1.9209673404693604,-0.5893665552139282,-32.813201904296875,23.816864013671875,-25.63956069946289,47.97224513736388,292123811,1720698550
4.0,0,-1.3527445793151855,-8.456449508666992,4.094147682189941,1.440525770187378,-1.8780897855758667,-0.5835075378417969,-32.813201904296875,23.816864013671875,-25.63956069946289,47.97224513736388,304123811,1720698550
4.0,0,-1.0247340202331543,-7.596917629241943,3.3208084106445312,1.455439805984497,-1.8400061130523682,-0.5976224541664124,-35.60581588745117,22.41587257385254,-24.627473831176758,48.75200442611114,317123811,1720698550
4.0,0,3.5674149990081787,-6.979204177856445,4.980015754699707,1.4985836744308472,-1.8173688650131226,-0.6053457856178284,-35.954891204833984,21.715375900268555,-25.9769229888916,49.38736964054896,329123811,1720698550
4.0,0,3.2896833419799805,-4.781293869018555,4.0390801429748535,1.6040464639663696,-1.8325490951538086,-0.6088079214096069,-36.47850799560547,21.190004348754883,-26.482967376708984,49.81009326393131,342123811,1720698550
4.0,0,4.7597455978393555,-3.742194175720215,5.4037957191467285,1.604845404624939,-1.777154564857483,-0.6029488444328308,-38.04935073852539,20.31438446044922,-25.30219841003418,50.00628512508202,354123811,1720698550
4.0,0,3.3375680446624756,-6.593731880187988,4.819601535797119,1.607242226600647,-1.737739086151123,-0.6327767372131348,-38.22389221191406,21.190004348754883,-27.49505615234375,51.63390681469698,367123811,1720698550
4.0,0,3.225038766860962,-8.920931816101074,4.872274875640869,1.665566325187683,-1.6834098100662231,-0.6064110398292542,-40.31835174560547,19.438764572143555,-29.181869506835938,53.432355024718795,379123811,1720698550
4.0,0,1.958486795425415,-8.274487495422363,5.612093925476074,1.6900678873062134,-1.6131012439727783,-0.6447611451148987,-40.66742706298828,16.63677978515625,-26.482967376708984,51.302725333251914,392123811,1720698550
4.0,0,3.304048538208008,-5.260141372680664,4.486802577972412,1.7529194355010986,-1.6360046863555908,-0.653283417224884,-41.88919448852539,16.111408233642578,-27.326374053955078,52.545340508034215,404123811,1720698550
4.0,0,2.9233648777008057,-8.31040096282959,5.607305526733398,1.760642647743225,-1.5803438425064087,-0.6615393161773682,-42.936424255371094,16.46165657043457,-28.001100540161133,53.838501988264525,417123811,1720698550
4.0,0,2.9233648777008057,-8.31040096282959,5.607305526733398,1.760642647743225,-1.5803438425064087,-0.6615393161773682,-43.28550338745117,15.761160850524902,-27.326374053955078,53.5609905976153,429123811,1720698550
4.0,0,0.6871464252471924,-8.248150825500488,5.346334457397461,1.7981938123703003,-1.4517111778259277,-0.6514191031455994,-45.37996292114258,13.659672737121582,-29.687911987304688,55.92226579972853,442123811,1720698550
4.0,0,4.470042705535889,-5.104515552520752,5.590546131134033,1.8440008163452148,-1.4612987041473389,-0.6671320199966431,-44.856346130371094,13.834795951843262,-28.507143020629883,54.91949171647024,454123811,1720698550
4.0,0,5.0949387550354,-5.528295993804932,5.916162490844727,1.9009933471679688,-1.4698209762573242,-0.6788501143455505,-46.252655029296875,12.083556175231934,-27.49505615234375,55.14796949951705,467123811,1720698550
4.0,0,7.735783576965332,-5.8946146965026855,6.275298595428467,1.9286906719207764,-1.4178885221481323,-0.668996274471283,-47.9980354309082,11.733307838439941,-28.844507217407227,57.214399539568475,479123811,1720698550
4.0,0,4.450888633728027,-4.599331378936768,4.752562999725342,1.9324190616607666,-1.3640918731689453,-0.6881713271141052,-47.9980354309082,8.581076622009277,-27.49505615234375,55.97699879450531,492123811,1720698550
4.0,0,0.15801972150802612,-8.774883270263672,6.426135540008545,1.927891731262207,-1.2477099895477295,-0.6961609721183777,-47.9980354309082,8.581076622009277,-27.49505615234375,55.97699879450531,504123811,1720698550
4.0,0,4.728620529174805,-4.259349822998047,6.031085968017578,1.9734324216842651,-1.2602269649505615,-0.721461296081543,-49.21980285644531,8.055704116821289,-28.001100540161133,57.19742121376912,517123811,1720698550
4.0,0,4.1923112869262695,-5.319997310638428,5.935316562652588,2.0405452251434326,-1.2426499128341675,-0.7270541191101074,-50.44157409667969,7.880580425262451,-27.83241844177246,58.147222302598195,529123811,1720698550
4.0,0,3.4907991886138916,-7.213839530944824,6.107701301574707,2.0661118030548096,-1.1755372285842896,-0.7225266695022583,-51.314266204833984,5.253720283508301,-29.013187408447266,59.182096419065765,542123811,1720698550
4.0,0,3.6200881004333496,-3.4429147243499756,5.9448933601379395,2.0655791759490967,-1.13532292842865,-0.7275867462158203,-50.26703643798828,3.5024800300598145,-31.037363052368164,59.18074200163021,554123811,1720698550
4.0,0,2.2888917922973633,-7.608889102935791,6.598520278930664,2.052795886993408,-1.0442413091659546,-0.7411690354347229,-52.01241683959961,2.8019840717315674,-29.687911987304688,59.954272061300614,567123811,1720698550
4.0,0,7.1803202629089355,-3.5554440021514893,6.950473308563232,2.1164464950561523,-1.0349202156066895,-0.7699315547943115,-52.01241683959961,2.8019840717315674,-29.687911987304688,59.954272061300614,579123811,1720698550
4.0,0,7.1803202629089355,-3.5554440021514893,6.950473308563232,2.1164464950561523,-1.0349202156066895,-0.7699315547943115,-54.455955505371094,1.0507440567016602,-29.013187408447266,61.71158883607951,592123811,1720698550
4.0,0,2.650421619415283,-8.183506965637207,7.266513347625732,2.113250494003296,-0.94596928358078,-0.7693989276885986,-53.23418426513672,-0.5253720283508301,-28.169780731201172,60.23031576031007,604123811,1720698550
4.0,0,5.499565601348877,-5.1452178955078125,6.248961925506592,2.1390836238861084,-0.9009611010551453,-0.7954983115196228,-54.28141403198242,-1.2258679866790771,-29.51923179626465,61.80096849948117,617123811,1720698550
4.0,0,7.419744491577148,-4.194705486297607,5.006352424621582,2.171574592590332,-0.8530234694480896,-0.7978952527046204,-54.106876373291016,-2.4517359733581543,-28.001100540161133,60.97234382585163,629123811,1720698550
4.0,0,7.17553186416626,0.3184336721897125,7.374253273010254,2.214984893798828,-0.8104122877120972,-0.8263914585113525,-54.28141403198242,-5.428843975067139,-28.169780731201172,61.396097617528376,642123811,1720698550
4.0,0,6.663165092468262,-3.660790205001831,6.6655592918396,2.2040657997131348,-0.8362453579902649,-0.8112112283706665,-54.97956848144531,-4.728348255157471,-26.820329666137695,61.35503492809935,654123811,1720698550
4.0,0,4.438917636871338,-4.577783584594727,6.65358829498291,2.257063388824463,-0.7017536759376526,-0.8327831625938416,-57.4231071472168,-6.479588031768799,-28.169780731201172,64.2879058761921,667123811,1720698550
4.0,0,7.972813129425049,-2.3631131649017334,7.757331371307373,2.2325620651245117,-0.7014873623847961,-0.8375769257545471,-55.15410614013672,-7.705456256866455,-27.326374053955078,62.03289610505557,679123811,1720698550
4.0,0,5.6839213371276855,-5.41337251663208,6.960050582885742,2.182227373123169,-0.6194607019424438,-0.8660731911659241,-56.20133590698242,-10.507440567016602,-26.314287185668945,62.939956904090096,692123811,1720698550
4.0,0,7.465234756469727,-0.4620879888534546,7.003147125244141,2.2823638916015625,-0.5667293071746826,-0.8974990248680115,-56.20133590698242,-10.507440567016602,-26.314287185668945,62.939956904090096,704123811,1720698550
4.0,0,8.597709655761719,-1.1037437915802002,7.319186210632324,2.2858259677886963,-0.5859043598175049,-0.8905746340751648,-55.5031852722168,-13.659672737121582,-24.290111541748047,62.10635839717096,717123811,1720698550
4.0,0,2.274526357650757,-7.812399387359619,6.1555867195129395,2.281564950942993,-0.5278465747833252,-0.9086844325065613,-56.724952697753906,-13.834795951843262,-24.796154022216797,63.434778252036594,729123811,1720698550
4.0,0,6.809213638305664,-2.655210256576538,6.756540298461914,2.313523530960083,-0.4322376251220703,-0.9172066450119019,-55.6777229309082,-16.987028121948242,-24.121429443359375,63.01119990587234,742123811,1720698550
4.0,0,4.587360382080078,-3.06701922416687,8.41574764251709,2.2312304973602295,-0.36299437284469604,-0.9473008513450623,-56.375877380371094,-17.687524795532227,-24.796154022216797,64.07758842288544,754123811,1720698550
4.0,0,8.726998329162598,-1.5538605451583862,5.0662078857421875,2.279168128967285,-0.3603311777114868,-0.943306028842926,-56.375877380371094,-18.73826789855957,-22.434616088867188,63.503340331825726,767123811,1720698550
4.0,0,9.450058937072754,1.652024269104004,7.443686485290527,2.35400390625,-0.3329002261161804,-0.9987006187438965,-57.07402801513672,-17.337276458740234,-24.796154022216797,64.59779472375894,780123811,1720698550
4.0,0,5.039871692657471,-2.3128342628479004,7.719024181365967,2.287956476211548,-0.2564663290977478,-0.9787266254425049,-57.4231071472168,-21.190004348754883,-24.121429443359375,65.78961070816544,792123811,1720698550
4.0,0,3.8092329502105713,-1.6328704357147217,6.967233180999756,2.3180508613586426,-0.19867484271526337,-1.0221368074417114,-56.20133590698242,-22.76612091064453,-22.60329818725586,64.71317878137005,805123811,1720698550
4.0,0,7.886620998382568,0.46448221802711487,7.379042625427246,2.2906196117401123,-0.13555696606636047,-1.006690263748169,-54.97956848144531,-24.69248390197754,-21.759891510009766,64.07780107168746,817123811,1720698550
4.0,0,6.007143974304199,3.2082793712615967,5.2505645751953125,2.2943482398986816,-0.1182461604475975,-1.047170877456665,-56.375877380371094,-23.991989135742188,-21.759891510009766,65.01805881156099,830123811,1720698550
4.0,0,8.030275344848633,0.34237605333328247,7.903380393981934,2.361194610595703,-0.08389085531234741,-1.0516983270645142,-56.375877380371094,-23.991989135742188,-21.759891510009766,65.01805881156099,842123811,1720698550
4.0,0,3.021528720855713,-3.924156427383423,7.671139240264893,2.271977424621582,-0.012783369049429893,-1.080727219581604,-55.5031852722168,-28.019840240478516,-22.265933990478516,66.0415538803586,855123811,1720698550
4.0,0,4.34075403213501,-1.3455618619918823,6.80203104019165,2.2746405601501465,0.03382266312837601,-1.059954285621643,-54.28141403198242,-28.545211791992188,-19.398351669311523,64.32415621714341,867123811,1720698550
4.0,0,5.375064849853516,1.9896119832992554,6.502751350402832,2.285027027130127,0.08468981087207794,-1.0929780006408691,-53.40872573852539,-27.669591903686523,-18.55494499206543,62.94747242573091,880123811,1720698550
4.0,0,9.071768760681152,4.357513904571533,6.636828422546387,2.2900869846343994,0.0751022920012474,-1.1148161888122559,-53.7578010559082,-31.872568130493164,-18.55494499206543,65.19239033244683,892123811,1720698550
4.0,0,8.803613662719727,2.403815269470215,6.519510746002197,2.346813201904297,0.14168232679367065,-1.1603569984436035,-52.536033630371094,-30.9969482421875,-16.02472496032715,63.068513855920735,905123811,1720698550
4.0,0,4.429340839385986,-2.0829873085021973,7.647197246551514,2.2485413551330566,0.20772972702980042,-1.1379860639572144,-53.5832633972168,-32.74818801879883,-17.374176025390625,65.15728606511608,917123811,1720698550
4.0,0,3.2657408714294434,-0.055067479610443115,7.848312854766846,2.2549328804016113,0.2708476185798645,-1.1742056608200073,-52.36149597167969,-33.623809814453125,-15.85604476928711,64.21604941567473,930123811,1720698550
4.0,0,6.404587268829346,6.119673252105713,5.626460075378418,2.224306106567383,0.30546924471855164,-1.2048324346542358,-53.5832633972168,-35.19992446899414,-16.02472496032715,66.08322486813532,942123811,1720698550
4.0,0,8.671930313110352,5.497171401977539,5.152400493621826,2.2597265243530273,0.3158557415008545,-1.2048324346542358,-51.13972473144531,-35.19992446899414,-13.663187026977539,63.56877227039279,955123811,1720698550
4.0,0,7.584946632385254,3.486010789871216,5.657585144042969,2.249872922897339,0.3201168477535248,-1.2170830965042114,-51.6633415222168,-37.12628936767578,-14.843955993652344,65.32844134827566,967123811,1720698550
4.0,0,7.295243740081787,2.4588825702667236,7.22820520401001,2.2221755981445312,0.40374138951301575,-1.2495741844177246,-47.8234977722168,-38.177032470703125,-12.145055770874023,62.38649795521452,980123811,1720698550
4.0,0,3.821204423904419,4.738197326660156,6.138826847076416,2.251737117767334,0.4697887599468231,-1.2796684503555298,-48.52165222167969,-38.177032470703125,-12.482418060302734,62.989263396414835,992123811,1720698550
4.0,0,5.499565601348877,5.207468032836914,5.600122928619385,2.181694746017456,0.4796426296234131,-1.2903212308883667,-48.34711456298828,-38.35215759277344,-12.65109920501709,62.99509337784036,5123811,1720698551
4.0,0,7.537062168121338,4.283292293548584,5.947287559509277,2.1606554985046387,0.5052093863487244,-1.2951149940490723,-47.125343322753906,-39.578025817871094,-10.120879173278809,62.36706106726215,17123811,1720698551
4.0,0,6.114884853363037,3.0861730575561523,5.899403095245361,2.1872875690460205,0.5680609345436096,-1.3193501234054565,-42.58734893798828,-40.62876892089844,-8.434065818786621,59.460176755786385,30123811,1720698551
4.0,0,4.862698078155518,4.771716594696045,6.213047981262207,2.152399778366089,0.6191943883895874,-1.3539717197418213,-42.58734893798828,-40.62876892089844,-8.434065818786621,59.460176755786385,42123811,1720698551
4.0,0,11.12363052368164,28.309473037719727,12.13399887084961,1.8123087882995605,0.5920297503471375,-1.0871189832687378,-45.72903823852539,-41.32926559448242,-9.10879135131836,62.30748921824436,55123811,1720698551
4.0,0,32.96147918701172,-3.7805020809173584,8.145198822021484,1.0146799087524414,-0.051133476197719574,-0.40001288056373596,-44.50727081298828,-42.55513381958008,-6.915934085845947,61.965044290332045,67123811,1720698551
4.0,0,-7.788456916809082,9.315980911254883,9.124442100524902,0.41199731826782227,0.431438684463501,-0.49002912640571594,-43.28550338745117,-41.32926559448242,-6.409890174865723,60.18994675307626,80123811,1720698551
4.0,0,21.090845108032227,2.9329419136047363,3.871483087539673,0.20480021834373474,-0.000266320159425959,-0.19974012672901154,-43.1109619140625,-40.453643798828125,-6.578571796417236,59.48386285908833,92123811,1720698551
4.0,0,21.090845108032227,2.9329419136047363,3.871483087539673,0.20480021834373474,-0.000266320159425959,-0.19974012672901154,-42.58734893798828,-42.380008697509766,-6.409890174865723,60.422132690106324,105123811,1720698551
4.0,0,3.3351738452911377,12.337509155273438,6.785271167755127,0.027164656668901443,0.0287625789642334,0.011185446754097939,-42.58734893798828,-42.380008697509766,-6.409890174865723,60.422132690106324,117123811,1720698551
4.0,0,6.126855850219727,4.745380401611328,6.780482769012451,-0.12250728160142899,-0.0988047793507576,0.15659627318382263,-43.28550338745117,-42.029762268066406,-5.397802352905273,60.5745160117376,130123811,1720698551
4.0,0,5.748566150665283,4.010348796844482,4.723832130432129,-0.028229938820004463,-0.007456964813172817,0.061519961804151535,-42.0637321472168,-41.15414047241211,-6.578571796417236,59.2140054974872,142123811,1720698551
4.0,0,1.692726492881775,13.441252708435059,19.912879943847656,-0.018908733502030373,0.28602784872055054,0.17337442934513092,-41.54011917114258,-41.32926559448242,-5.735165119171143,58.877685198011584,155123811,1720698551
4.0,0,39.22600173950195,-30.95989418029785,4.1396379470825195,-0.9821887612342834,0.10333222150802612,0.779252827167511,-43.80911636352539,-41.504390716552734,-7.253296852111816,60.78209802672192,167123811,1720698551
4.0,0,-4.79805326461792,39.22600173950195,5.396613121032715,-0.4239816963672638,0.5765831470489502,0.3989476263523102,-45.20542526245117,-44.656620025634766,-7.253296852111816,63.955879327062945,180123811,1720698551
4.0,0,39.22600173950195,-39.22719955444336,11.796411514282227,-1.2439815998077393,0.7582135200500488,0.9414418339729309,-43.9836540222168,-45.88248825073242,-8.434065818786621,64.11628510339858,192123811,1720698551
4.0,0,5.681527137756348,32.858524322509766,8.741363525390625,-1.0538289546966553,0.8146734237670898,0.9358490705490112,-43.80911636352539,-40.80389404296875,-9.952198028564453,60.68972475817048,205123811,1720698551
4.0,0,22.685407638549805,-27.95751953125,10.467610359191895,-1.150503158569336,1.499648928642273,0.88311767578125,-47.29988479614258,-42.20488357543945,-9.277472496032715,64.0671740851694,217123811,1720698551
4.0,0,3.0047690868377686,-4.3718791007995605,-0.12689462304115295,-1.3955177068710327,1.0852546691894531,1.2730103731155396,-43.46004104614258,-40.453643798828125,-8.265384674072266,59.946551595110556,230123811,1720698551
4.0,0,13.000714302062988,4.465254306793213,7.266513347625732,-0.702019989490509,1.4788758754730225,0.9065538644790649,-43.46004104614258,-40.453643798828125,-8.265384674072266,59.946551595110556,243123811,1720698551
4.0,0,-0.7637620568275452,21.938404083251953,8.559401512145996,-0.748359739780426,1.1286648511886597,1.044774055480957,-45.20542526245117,-39.40290069580078,-11.30164909362793,61.02332610271008,255123811,1720698551
4.0,0,15.591279983520508,-14.149948120117188,4.2665324211120605,-0.9172066450119019,1.164884328842163,1.1688792705535889,-45.72903823852539,-38.87752914428711,-9.783516883850098,60.81385050465059,268123811,1720698551
4.0,0,-3.198702335357666,16.0916748046875,7.762120723724365,-0.6144006252288818,1.2844622135162354,0.9531598687171936,-44.332733154296875,-39.578025817871094,-11.807692527770996,60.590700271580815,280123811,1720698551
4.0,0,10.168330192565918,-12.294412612915039,3.8858487606048584,-0.6458263993263245,1.3142900466918945,0.9872488379478455,-45.37996292114258,-39.22777557373047,-12.145055770874023,61.20181199004553,293123811,1720698551
4.0,0,-1.4556968212127686,3.201096534729004,9.490760803222656,-0.4578043818473816,1.3803374767303467,0.8713996410369873,-46.42719268798828,-38.52728271484375,-14.169231414794922,61.972597598963866,305123811,1720698551
4.0,0,6.045451641082764,1.61371648311615,7.7477545738220215,-0.4495484530925751,1.327339768409729,0.9486324191093445,-46.42719268798828,-38.52728271484375,-14.169231414794922,61.972597598963866,318123811,1720698551
4.0,0,5.049448490142822,4.841149806976318,7.122859001159668,-0.3595322370529175,1.332399845123291,0.9864498972892761,-45.72903823852539,-38.52728271484375,-13.494505882263184,61.299250734543655,330123811,1720698551
4.0,0,5.911374092102051,7.410167217254639,8.466026306152344,-0.23968815803527832,1.3169533014297485,0.9757971167564392,-45.37996292114258,-40.27852249145508,-13.157143592834473,62.08712295107088,343123811,1720698551
4.0,0,4.115695476531982,1.972852349281311,7.400590419769287,-0.13422536849975586,1.4293403625488281,0.8959010243415833,-45.9035758972168,-36.95116424560547,-14.337912559509277,60.64736231544937,355123811,1720698551
4.0,0,4.115695476531982,1.972852349281311,7.400590419769287,-0.16991227865219116,1.3933871984481812,0.9675412178039551,-45.554500579833984,-38.7024040222168,-13.663187026977539,61.316973831975474,368123811,1720698551
4.0,0,4.745380401611328,5.537873268127441,7.295243740081787,-0.009054886177182198,1.4370636940002441,0.9299900531768799,-45.37996292114258,-38.52728271484375,-14.169231414794922,61.19199021930717,380123811,1720698551
4.0,0,4.8387556076049805,-2.580988883972168,7.347917079925537,-0.06871060281991959,1.3489117622375488,1.019473671913147,-46.42719268798828,-37.47653579711914,-15.181319236755371,61.56660953803306,393123811,1720698551
4.0,0,0.4716649353504181,7.216233730316162,8.358285903930664,0.13742120563983917,1.4471838474273682,0.9616820812225342,-45.20542526245117,-38.35215759277344,-14.337912559509277,60.99175519481401,405123811,1720698551
4.0,0,2.6432390213012695,-2.1069295406341553,6.938502311706543,0.17550499737262726,1.4338678121566772,0.9648779630661011,-46.9508056640625,-37.65166091918945,-15.012638092041016,62.02745380040021,418123811,1720698551
4.0,0,2.8443548679351807,3.5003764629364014,8.73418140411377,0.25486841797828674,1.3688856363296509,1.0056248903274536,-45.9035758972168,-37.301414489746094,-15.012638092041016,61.02387324293652,430123811,1720698551
4.0,0,-1.209090232849121,-0.16520243883132935,9.0621919631958,0.3065345287322998,1.4282751083374023,1.0154788494110107,-44.68180847167969,-39.578025817871094,-14.843955993652344,61.50794392175229,443123811,1720698551
4.0,0,8.612074851989746,1.8722944259643555,9.03346061706543,0.32863909006118774,1.3073657751083374,1.0855209827423096,-44.68180847167969,-39.578025817871094,-14.843955993652344,61.50794392175229,455123811,1720698551
4.0,0,-0.11971191316843033,5.202679634094238,8.626440048217773,0.47058776021003723,1.3941861391067505,1.0357191562652588,-47.474422454833984,-38.177032470703125,-17.205495834350586,63.30352030175748,468123811,1720698551
4.0,0,4.443706035614014,-1.197119116783142,6.579366683959961,0.5371677875518799,1.3260080814361572,1.0860536098480225,-47.125343322753906,-36.776039123535156,-15.518681526184082,61.75843677761235,480123811,1720698551
4.0,0,-0.08140409737825394,6.842732906341553,8.006332397460938,0.6250534057617188,1.3318672180175781,1.078330397605896,-47.125343322753906,-36.4257926940918,-17.880220413208008,62.187930008203985,493123811,1720698551
4.0,0,5.46604585647583,1.237821102142334,7.197080135345459,0.6008183360099792,1.2530364990234375,1.1411819458007812,-45.37996292114258,-37.47653579711914,-16.53076934814453,61.13180927568382,505123811,1720698551
4.0,0,0.6033480167388916,2.0207371711730957,8.262516021728516,0.6634035706520081,1.2799347639083862,1.1819288730621338,-45.37996292114258,-37.47653579711914,-16.53076934814453,61.13180927568382,518123811,1720698551
4.0,0,1.9345444440841675,5.5091423988342285,7.865072250366211,0.8144071102142334,1.2711461782455444,1.1315944194793701,-45.9035758972168,-37.65166091918945,-17.036813735961914,61.766000942258046,530123811,1720698551
4.0,0,2.3535361289978027,0.6464443206787109,6.706261157989502,0.8642089366912842,1.1987069845199585,1.163020133972168,-48.34711456298828,-37.301414489746094,-16.699451446533203,63.30648219667298,543123811,1720698551
4.0,0,4.158791542053223,8.923325538635254,9.564981460571289,0.9371806979179382,1.1744719743728638,1.1949785947799683,-47.64896011352539,-36.60091781616211,-17.036813735961914,62.45241073937536,555123811,1720698551
4.0,0,2.918576240539551,-0.08379834145307541,8.537853240966797,0.9150761365890503,1.1150826215744019,1.2471773624420166,-45.72903823852539,-38.52728271484375,-14.506593704223633,61.5299740980722,568123811,1720698551
4.0,0,5.080573558807373,3.1316637992858887,7.754937171936035,0.9960374236106873,1.0298601388931274,1.2250727415084839,-45.9035758972168,-39.40290069580078,-14.000550270080566,62.09462352941463,580123811,1720698551
4.0,0,1.0223398208618164,5.161977767944336,8.413352966308594,1.2035008668899536,1.057291030883789,1.2178821563720703,-45.9035758972168,-39.40290069580078,-14.000550270080566,62.09462352941463,593123811,1720698551
4.0,0,-2.2505838871002197,0.308856725692749,4.85072660446167,1.1262680292129517,1.0258653163909912,1.2487752437591553,-47.474422454833984,-39.92827224731445,-15.518681526184082,63.94464159244959,605123811,1720698551
4.0,0,5.1236701011657715,9.323163032531738,8.916143417358398,1.2636892795562744,0.9414418339729309,1.2711461782455444,-46.252655029296875,-39.40290069580078,-15.687362670898438,62.75340650570754,618123811,1720698551
4.0,0,3.0861730575561523,0.6440500617027283,8.14998722076416,1.0969727039337158,0.8487623929977417,1.3566348552703857,-47.8234977722168,-40.62876892089844,-16.53076934814453,64.89260465136641,630123811,1720698551
4.0,0,1.8196210861206055,4.328782558441162,9.122047424316406,1.2932506799697876,0.8570182919502258,1.325209140777588,-48.34711456298828,-40.80389404296875,-13.663187026977539,64.72313292301834,643123811,1720698551
4.0,0,0.8236179351806641,2.810835838317871,6.7709059715271,1.3331987857818604,0.7701979875564575,1.3433189392089844,-47.8234977722168,-39.578025817871094,-13.157143592834473,63.45563406295584,655123811,1720698551
4.0,0,1.628082036972046,2.889845609664917,7.434109687805176,1.393919825553894,0.690568208694458,1.3806037902832031,-48.696189880371094,-40.80389404296875,-13.325824737548828,64.91420709575713,668123811,1720698551
4.0,0,-0.1987217664718628,7.798034191131592,7.144406795501709,1.442389965057373,0.6743227243423462,1.3835333585739136,-47.29988479614258,-40.103397369384766,-15.012638092041016,63.803925308539895,680123811,1720698551
4.0,0,6.871463298797607,3.1029326915740967,8.786853790283203,1.3835333585739136,0.5741863250732422,1.4527764320373535,-49.7434196472168,-40.80389404296875,-13.663187026977539,65.77270138137176,693123811,1720698551
4.0,0,2.7150661945343018,4.381455898284912,6.955262184143066,1.3864628076553345,0.6037477850914001,1.4589018821716309,-50.7906494140625,-41.15414047241211,-13.325824737548828,66.71529772744107,705123811,1720698551
4.0,0,1.4796391725540161,8.133227348327637,5.813210487365723,1.5262808799743652,0.44049355387687683,1.4796749353408813,-50.7906494140625,-41.15414047241211,-13.325824737548828,66.71529772744107,718123811,1720698551
4.0,0,-0.21308720111846924,4.158791542053223,6.332759857177734,1.565962553024292,0.416524738073349,1.4924582242965698,-50.965187072753906,-40.9790153503418,-10.795604705810547,66.28178538187146,730123811,1720698551
4.0,0,5.152400493621826,5.296054840087891,8.547430038452148,1.5662288665771484,0.3169209957122803,1.5371999740600586,-52.01241683959961,-40.9790153503418,-12.482418060302734,67.38235648307341,743123811,1720698551
4.0,0,0.6871464252471924,4.836360931396484,7.824370384216309,1.5297430753707886,0.2857615351676941,1.5675605535507202,-52.7105712890625,-42.73025894165039,-11.470330238342285,68.81749654423984,756123811,1720698551
4.0,0,-0.6201077103614807,5.0662078857421875,3.6248764991760254,1.6213572025299072,0.24980832636356354,1.607242226600647,-53.7578010559082,-42.029762268066406,-9.783516883850098,68.93561701539606,768123811,1720698551
4.0,0,4.80763053894043,5.233805179595947,6.414164066314697,1.635472059249878,0.09401101619005203,1.6115033626556396,-54.455955505371094,-42.029762268066406,-10.120879173278809,69.52973609581187,781123811,1720698551
4.0,0,1.235426902770996,2.9066052436828613,6.481202602386475,1.6583757400512695,0.05805779621005058,1.6386680603027344,-54.455955505371094,-42.029762268066406,-10.120879173278809,69.52973609581187,793123811,1720698551
4.0,0,0.2729431688785553,2.7150661945343018,7.134829998016357,1.609639048576355,0.025300417095422745,1.6953941583633423,-54.97956848144531,-42.20488357543945,-7.5906596183776855,69.72534160163292,806123811,1720698551
4.0,0,7.039060592651367,7.043848991394043,10.386205673217773,1.6131012439727783,-0.11877879500389099,1.7164335250854492,-57.07402801513672,-43.25563049316406,-8.940110206604004,72.16938280004881,818123811,1720698551
4.0,0,0.7853101491928101,4.084570407867432,3.562626600265503,1.6165634393692017,-0.1270347237586975,1.747859239578247,-56.89949035644531,-43.08050537109375,-6.747252941131592,71.68687026299627,831123811,1720698551
4.0,0,3.694309711456299,7.182714939117432,6.445289134979248,1.6961930990219116,-0.24687878787517548,1.7957969903945923,-57.77218246459961,-42.90538024902344,-6.578571796417236,72.26184558891987,843123811,1720698551
4.0,0,3.5267128944396973,6.703866958618164,6.725415229797363,1.6618378162384033,-0.29108792543411255,1.8035202026367188,-57.77218246459961,-42.90538024902344,-6.578571796417236,72.26184558891987,856123811,1720698551
4.0,0,5.9209513664245605,4.201888084411621,7.5203022956848145,1.5795449018478394,-0.38749587535858154,1.8575831651687622,-60.21571731567383,-43.60587692260742,-3.8796703815460205,74.44767932111903,868123811,1720698551
4.0,0,4.465254306793213,6.615280628204346,8.195477485656738,1.645592451095581,-0.42930811643600464,1.8799539804458618,-61.43748474121094,-42.380008697509766,-4.723076820373535,74.78594201572031,881123811,1720698551
4.0,0,2.9832208156585693,3.4931933879852295,3.737405776977539,1.5880671739578247,-0.49056175351142883,1.9273591041564941,-62.13563919067383,-39.92827224731445,-4.385714530944824,73.98877667752187,893123811,1720698551
4.0,0,3.9073967933654785,6.490779399871826,4.333570957183838,1.5827407836914062,-0.5981550812721252,1.9505289793014526,-63.53194808959961,-42.380008697509766,-3.710988998413086,76.46008765759379,906123811,1720698551
4.0,0,2.1596028804779053,11.384603500366211,4.041474342346191,1.627482533454895,-0.5949592590332031,1.9838188886642456,-60.73933410644531,-42.380008697509766,-1.3494505882263184,74.07531884363009,918123811,1720698551
4.0,0,8.564190864562988,9.102893829345703,8.961633682250977,1.5281450748443604,-0.6732573509216309,2.0421431064605713,-65.62640380859375,-39.92827224731445,-1.0120879411697388,76.8252310345041,931123811,1720698551
4.0,0,4.426946640014648,4.968044281005859,6.893012046813965,1.5244166851043701,-0.7379732131958008,2.0304250717163086,-65.80094146728516,-39.40290069580078,-2.8675825595855713,76.7500847619093,943123811,1720698551
4.0,0,-7.659168243408203,-23.84661293029785,-30.46668243408203,0.8303862810134888,-0.471653014421463,1.6538482904434204,-66.3245620727539,-38.52728271484375,-0.6747252941131592,76.70563409394775,956123811,1720698551
4.0,0,39.22600173950195,32.614315032958984,27.981462478637695,1.1339912414550781,-0.9145435094833374,1.0373170375823975,-65.62640380859375,-37.47653579711914,0.6747252941131592,75.5762586162075,968123811,1720698551
4.0,0,10.290435791015625,-3.8738772869110107,-14.090091705322266,0.4045403301715851,-0.002396881580352783,0.8700679540634155,-68.94263458251953,-36.250667572021484,0.1686813235282898,77.8924015291924,981123811,1720698551
4.0,0,27.100383758544922,12.48116397857666,8.463632583618164,0.33316653966903687,-0.1344916969537735,0.30253973603248596,-68.94263458251953,-36.250667572021484,0.1686813235282898,77.8924015291924,993123811,1720698551
4.0,0,9.145990371704102,2.401421070098877,-4.34075403213501,0.12090936303138733,0.07483596354722977,-0.030360499396920204,-68.0699462890625,-38.52728271484375,3.710988998413086,78.30479257703001,6123811,1720698552
4.0,0,14.097274780273438,1.6592071056365967,4.465254306793213,-0.5547448992729187,0.3845663070678711,-0.5211885571479797,-68.41902160644531,-37.826786041259766,1.3494505882263184,78.19110740157437,18123811,1720698552
4.0,0,2.5115559101104736,-1.4102063179016113,4.692707061767578,-0.26738545298576355,0.2921532392501831,-0.47298464179039,-68.41902160644531,-37.47653579711914,-0.3373626470565796,78.01132652693205,31123811,1720698552
4.0,0,-1.4796391725540161,9.550616264343262,10.958428382873535,0.014647609554231167,0.15419937670230865,-0.3640596866607666,-67.89540100097656,-39.05265426635742,2.530219793319702,78.36642964007969,43123811,1720698552
4.0,0,-10.079743385314941,3.6440305709838867,4.221041679382324,-0.1075933501124382,0.2095939666032791,-0.17097754776477814,-67.89540100097656,-39.05265426635742,2.530219793319702,78.36642964007969,56123811,1720698552
4.0,0,1.702303409576416,5.111698150634766,8.865863800048828,0.019441373646259308,-0.09480997920036316,-0.19601164758205414,-68.0699462890625,-37.826786041259766,0.3373626470565796,77.87488133899613,68123811,1720698552
4.0,0,4.180339813232422,3.42854905128479,4.142032146453857,0.05432931333780289,-0.10226695239543915,-0.04048066586256027,-68.2444839477539,-38.35215759277344,-0.843406617641449,78.28734837787553,81123811,1720698552
4.0,0,12.612847328186035,6.3567023277282715,6.244173526763916,0.11611559242010117,-0.07616756856441498,-0.05539459362626076,-68.59355926513672,-38.35215759277344,1.1807692050933838,78.59617408370747,93123811,1720698552
4.0,0,10.6328125,6.972021579742432,5.616883277893066,0.1006690263748169,0.036752182990312576,-0.021838253363966942,-69.29170989990234,-38.35215759277344,0.1686813235282898,79.19758522999335,106123811,1720698552
4.0,0,4.5011677742004395,9.050220489501953,5.434920787811279,0.06524843722581863,0.1006690263748169,0.0037284824065864086,-67.37178802490234,-38.52728271484375,0.0,77.60998218697047,118123811,1720698552
4.0,0,3.1364521980285645,5.030294418334961,5.916162490844727,0.029295219108462334,0.04527442902326584,-0.01384864840656519,-67.37178802490234,-38.52728271484375,0.0,77.60998218697047,131123811,1720698552
4.0,0,3.4453089237213135,5.231410980224609,6.703866958618164,0.0431438684463501,-0.002929521957412362,0.0,-68.76809692382812,-37.47653579711914,0.6747252941131592,78.31983876451922,143123811,1720698552
4.0,0,5.133246898651123,3.203490734100342,6.047845840454102,0.051932431757450104,-0.024235136806964874,-0.01757713221013546,-68.2444839477539,-38.35215759277344,1.1807692050933838,78.2917096328332,156123811,1720698552
4.0,0,-4.455677509307861,3.0382883548736572,7.2066569328308105,0.08415716886520386,-0.05592723563313484,0.0631178766489029,-68.76809692382812,-39.578025817871094,1.3494505882263184,79.35548058612684,168123811,1720698552
4.0,0,-9.471606254577637,-0.8116468191146851,7.774091720581055,0.06658004224300385,-0.2732445001602173,0.06844428181648254,-67.37178802490234,-39.578025817871094,0.6747252941131592,78.13983109487096,181123811,1720698552
4.0,0,-8.896988868713379,4.458071708679199,8.466026306152344,0.17790187895298004,-0.6080089211463928,0.1238388791680336,-68.0699462890625,-37.47653579711914,2.6989011764526367,77.75147838278616,193123811,1720698552
4.0,0,3.3710873126983643,3.074201822280884,6.655982494354248,0.07936341315507889,-0.7118738293647766,0.17044490575790405,-69.11717224121094,-38.52728271484375,0.3373626470565796,79.13058084941844,206123811,1720698552
4.0,0,8.343920707702637,8.875441551208496,5.779691219329834,0.20666444301605225,-0.7257224321365356,0.20613181591033936,-69.29170989990234,-37.65166091918945,1.855494499206543,78.8823902443532,218123811,1720698552
4.0,0,13.956014633178711,6.007143974304199,2.9497015476226807,0.17044490575790405,-0.6077426075935364,0.19787588715553284,-68.2444839477539,-39.40290069580078,1.518131971359253,78.81752912405236,231123811,1720698552
4.0,0,10.702245712280273,10.18030071258545,4.716649055480957,0.1131860762834549,-0.486566960811615,0.20240333676338196,-69.81532287597656,-38.87752914428711,1.686813235282898,79.9280108568484,243123811,1720698552
4.0,0,4.721437454223633,8.595314979553223,5.240987777709961,0.037817467004060745,-0.45114636421203613,0.18748940527439117,-69.81532287597656,-38.87752914428711,1.686813235282898,79.9280108568484,256123811,1720698552
4.0,0,3.167577028274536,5.339150905609131,6.1771345138549805,0.02769729681313038,-0.49375757575035095,0.21651829779148102,-69.46624755859375,-38.52728271484375,3.036263942718506,79.49295542368004,269123811,1720698552
4.0,0,3.045470952987671,2.6767585277557373,5.528295993804932,0.041812267154455185,-0.5598049759864807,0.1869567483663559,-68.0699462890625,-38.177032470703125,3.373626470565796,78.11776207513805,281123811,1720698552
4.0,0,5.717440605163574,3.8571176528930664,5.595334529876709,0.10652806609869003,-0.5920297503471375,0.18775571882724762,-69.81532287597656,-38.177032470703125,3.036263942718506,79.62966793397942,294123811,1720698552
4.0,0,8.731786727905273,4.774110794067383,5.396613121032715,0.11771351844072342,-0.5808442831039429,0.19334843754768372,-70.1644058227539,-39.22777557373047,3.710988998413086,80.471321974163,306123811,1720698552
4.0,0,7.252147197723389,8.609681129455566,5.293660640716553,0.12676839530467987,-0.56060391664505,0.18935364484786987,-68.94263458251953,-37.65166091918945,3.2049450874328613,78.61937487773542,319123811,1720698552
4.0,0,7.017512321472168,7.647197246551514,4.716649055480957,0.07616756856441498,-0.5515490770339966,0.19627796113491058,-68.94263458251953,-37.65166091918945,3.2049450874328613,78.61937487773542,331123811,1720698552
4.0,0,6.143615245819092,5.966441631317139,4.312023162841797,0.0375511460006237,-0.5337056517601013,0.19441372156143188,-70.51348114013672,-37.826786041259766,3.710988998413086,80.10485755594354,344123811,1720698552
4.0,0,6.040663242340088,3.636847972869873,4.853120803833008,0.018376091495156288,-0.5419615507125854,0.186424121260643,-70.1644058227539,-38.177032470703125,4.723076820373535,80.01772995643137,356123811,1720698552
4.0,0,5.825181484222412,4.414975166320801,5.178737163543701,0.0644494816660881,-0.5478205680847168,0.19494636356830597,-71.56070709228516,-37.47653579711914,4.723076820373535,80.91806343179336,369123811,1720698552
4.0,0,5.782085418701172,4.996775150299072,4.996775150299072,0.08016236871480942,-0.5400972962379456,0.20373493432998657,-71.56070709228516,-38.52728271484375,4.385714530944824,81.39115925507063,381123811,1720698552
4.0,0,6.5602126121521,6.181922912597656,4.8124189376831055,0.06578107923269272,-0.5675283074378967,0.1989411562681198,-71.56070709228516,-38.52728271484375,4.385714530944824,81.39115925507063,394123811,1720698552
4.0,0,5.877854824066162,7.259330749511719,4.513139247894287,0.053264033049345016,-0.5659303665161133,0.19974012672901154,-70.86255645751953,-38.52728271484375,5.060439586639404,80.81745770497032,406123811,1720698552
4.0,0,7.398196220397949,5.427738189697266,4.364696502685547,0.03195841982960701,-0.5648650527000427,0.2138551026582718,-71.90978240966797,-37.12628936767578,7.421977996826172,81.26785296661626,419123811,1720698552
4.0,0,8.504334449768066,4.34075403213501,4.623273849487305,0.03728482499718666,-0.5579407811164856,0.20932765305042267,-71.03709411621094,-38.00190734863281,5.566483497619629,80.75518213179112,431123811,1720698552
4.0,0,6.150798320770264,5.059025287628174,4.391032695770264,0.034621622413396835,-0.5398309826850891,0.20346862077713013,-72.43340301513672,-36.60091781616211,5.229121208190918,81.32385115049965,444123811,1720698552
4.0,0,5.21225643157959,5.743777751922607,4.27850341796875,0.05486195534467697,-0.5515490770339966,0.20932765305042267,-71.73524475097656,-37.65166091918945,6.915934085845947,81.31065768849675,456123811,1720698552
4.0,0,6.725415229797363,5.892220497131348,4.539475917816162,0.029561540111899376,-0.5622019171714783,0.2207794189453125,-72.43340301513672,-37.65166091918945,7.253296852111816,81.95642596863098,469123811,1720698552
4.0,0,7.551427364349365,6.397404670715332,5.140429496765137,0.021305613219738007,-0.5768494606018066,0.21278981864452362,-71.56070709228516,-36.4257926940918,7.759340763092041,80.67205552121852,481123811,1720698552
4.0,0,7.489177703857422,5.832364082336426,4.64961051940918,0.02476777695119381,-0.5667293071746826,0.22477422654628754,-71.90978240966797,-37.12628936767578,7.421977996826172,81.26785296661626,494123811,1720698552
4.0,0,7.920140266418457,4.5275044441223145,4.300051689147949,0.018109772354364395,-0.556875467300415,0.22530686855316162,-73.13155364990234,-36.95116424560547,7.928022384643555,82.31929431965307,506123811,1720698552
4.0,0,8.197872161865234,4.666370391845703,4.575389385223389,0.011185446754097939,-0.5587397217750549,0.21172453463077545,-71.90978240966797,-36.4257926940918,6.072527885437012,80.83768164982315,519123811,1720698552
4.0,0,7.769303321838379,5.949681758880615,5.087756156921387,0.013049688190221786,-0.5624682307243347,0.22797006368637085,-71.90978240966797,-36.4257926940918,6.072527885437012,80.83768164982315,531054691,1720698552
4.0,0,6.519510746002197,5.420555591583252,4.089359283447266,0.012783369049429893,-0.5640661120414734,0.23569335043430328,-73.13155364990234,-39.05265426635742,7.253296852111816,83.22225819887997,544054691,1720698552
4.0,0,7.261724948883057,5.061419486999512,3.7326173782348633,-0.014114969410002232,-0.5707241296768188,0.23063325881958008,-74.17878723144531,-38.00190734863281,7.253296852111816,83.66150699387958,556054691,1720698552
4.0,0,8.063794136047363,5.954470157623291,4.561023712158203,-0.002396881580352783,-0.5669956207275391,0.23089958727359772,-71.03709411621094,-37.301414489746094,8.940110206604004,80.7315913005403,569054691,1720698552
4.0,0,7.596917629241943,4.606513977050781,3.687126636505127,-0.005060083232820034,-0.5574080944061279,0.24421559274196625,-71.90978240966797,-35.72529602050781,9.10879135131836,80.8101705346583,581054691,1720698552
4.0,0,7.716629505157471,5.10690975189209,4.3311767578125,-0.006924324203282595,-0.5547448992729187,0.23089958727359772,-71.90978240966797,-35.72529602050781,9.10879135131836,80.8101705346583,594054691,1720698552
4.0,0,6.167557716369629,5.365488052368164,3.713463544845581,-0.0034621621016412973,-0.5590060353279114,0.2402207851409912,-73.30609130859375,-36.07554626464844,8.771429061889648,82.1715646012928,606054691,1720698552
4.0,0,7.89619779586792,5.214650630950928,4.314417362213135,-0.015446570701897144,-0.5717893838882446,0.2420850396156311,-71.56070709228516,-37.12628936767578,9.44615364074707,81.16973561842386,619054691,1720698552
4.0,0,7.051031589508057,4.699889659881592,3.4740395545959473,-0.030360499396920204,-0.5704578161239624,0.2277037501335144,-72.78247833251953,-36.95116424560547,10.626923561096191,82.31408868293913,631054691,1720698552
4.0,0,7.424532890319824,5.707863807678223,3.7278289794921875,-0.030626820400357246,-0.5648650527000427,0.23809023201465607,-73.82970428466797,-35.900421142578125,11.63901138305664,82.91641610049793,644054691,1720698552
4.0,0,7.960842132568359,4.441311836242676,3.4931933879852295,-0.025300417095422745,-0.56060391664505,0.25859689712524414,-72.95701599121094,-36.4257926940918,10.458242416381836,82.21276902145169,656054691,1720698552
4.0,0,8.164352416992188,5.042265892028809,3.9816181659698486,-0.024235136806964874,-0.5566091537475586,0.24634616076946259,-72.78247833251953,-35.900421142578125,10.626923561096191,81.84779101974303,669054691,1720698552
4.0,0,6.502751350402832,5.138035297393799,3.248981475830078,-0.0287625789642334,-0.5478205680847168,0.23782391846179962,-74.17878723144531,-36.60091781616211,11.63901138305664,83.53194745777455,681054691,1720698552
4.0,0,7.091733455657959,5.205073833465576,3.711069345474243,-0.04234490543603897,-0.5571417808532715,0.25433576107025146,-73.13155364990234,-36.60091781616211,11.30164909362793,82.55651758928242,694054691,1720698552
4.0,0,8.597709655761719,4.4772257804870605,4.197099685668945,-0.03994802385568619,-0.5741863250732422,0.24847672879695892,-72.25886535644531,-35.72529602050781,10.795604705810547,81.32764277487651,706054691,1720698552
4.0,0,8.346314430236816,4.661581516265869,4.027108669281006,-0.051932431757450104,-0.5661966800689697,0.24501456320285797,-73.30609130859375,-34.67455291748047,11.470330238342285,81.90040365436343,719054691,1720698552
4.0,0,7.63043737411499,5.054236888885498,3.452491521835327,-0.04101330414414406,-0.5640661120414734,0.26179271936416626,-73.48062896728516,-34.499427795410156,11.30164909362793,81.95938398910796,731054691,1720698552
4.0,0,8.545036315917969,4.549052715301514,3.514741897583008,-0.0556609146296978,-0.5637997984886169,0.2631243169307709,-73.30609130859375,-35.37504959106445,12.482418060302734,82.34675413849854,744054691,1720698552
4.0,0,8.276881217956543,5.937710762023926,4.297657489776611,-0.047138672322034836,-0.5683272480964661,0.2700486481189728,-74.52786254882812,-35.900421142578125,11.63901138305664,83.53866841341446,756054691,1720698552
4.0,0,7.582552433013916,5.030294418334961,3.2274329662323,-0.0631178766489029,-0.5558102130889893,0.2703149616718292,-73.13155364990234,-33.79893112182617,12.313736915588379,81.49981595717145,769054691,1720698552
4.0,0,8.193083763122559,5.090150356292725,3.483616590499878,-0.06604740023612976,-0.5643324255943298,0.268983393907547,-74.00424194335938,-36.07554626464844,13.157143592834473,83.37375661097757,782054691,1720698552
4.0,0,8.964028358459473,4.395821571350098,3.4453089237213135,-0.08335821330547333,-0.565131425857544,0.26738545298576355,-74.00424194335938,-36.07554626464844,13.157143592834473,83.37375661097757,794054691,1720698552
4.0,0,8.645594596862793,5.190708637237549,3.718251943588257,-0.06018836051225662,-0.5592723488807678,0.2796361744403839,-74.70240020751953,-33.974056243896484,12.482418060302734,83.00901068594919,807054691,1720698552
4.0,0,7.211445331573486,4.185128211975098,2.5426809787750244,-0.07483596354722977,-0.5475542545318604,0.26765176653862,-74.17878723144531,-34.84967803955078,13.663187026977539,83.08835787475012,819054691,1720698552
4.0,0,7.189897537231445,6.002355575561523,3.433337450027466,-0.08042868971824646,-0.5542122721672058,0.26099374890327454,-74.52786254882812,-35.19992446899414,14.675274848937988,83.71858019945024,832054691,1720698552
4.0,0,8.219420433044434,5.4037957191467285,3.3615105152130127,-0.07989604771137238,-0.5659303665161133,0.2870931625366211,-74.70240020751953,-35.72529602050781,14.506593704223633,84.06656073265248,844054691,1720698552
4.0,0,10.28564739227295,2.013554334640503,1.4916104078292847,-0.10359854996204376,-0.558207094669342,0.2577979266643524,-73.82970428466797,-34.84967803955078,15.687362670898438,83.1349423635463,857054691,1720698552
4.0,0,21.459556579589844,3.6967039108276367,1.6592071056365967,-0.027430977672338486,-0.5219874978065491,0.19414740800857544,-73.82970428466797,-34.84967803955078,15.687362670898438,83.1349423635463,869054691,1720698552
4.0,0,28.92000389099121,-2.6767585277557373,-1.1420515775680542,-0.010120166465640068,-0.16431954503059387,0.08921726047992706,-73.82970428466797,-34.499427795410156,13.663187026977539,82.63000927451482,882054691,1720698552
4.0,0,23.4156494140625,4.484408378601074,2.094958543777466,0.12463784217834473,0.07643388956785202,0.045008108019828796,-75.22601318359375,-34.499427795410156,15.012638092041016,84.11030186720019,894054691,1720698552
4.0,0,8.590526580810547,4.668764591217041,1.9489099979400635,0.07084116339683533,0.2383565604686737,-0.017310811206698418,-75.40055084228516,-35.02479934692383,14.843955993652344,84.45307967240622,907054691,1720698552
4.0,0,2.1500258445739746,6.861886501312256,5.023111820220947,0.06365051865577698,0.1619226634502411,-0.004527443088591099,-75.22601318359375,-36.250667572021484,16.362089157104492,85.09278418585484,919054691,1720698552
4.0,0,0.23942382633686066,4.434129238128662,4.1396379470825195,0.019441373646259308,0.05166611075401306,-0.03621954470872879,-75.22601318359375,-36.250667572021484,16.362089157104492,85.09278418585484,932054691,1720698552
4.0,0,4.369484901428223,3.5219244956970215,3.9792239665985107,0.0932120606303215,-0.06711268424987793,-0.0034621621016412973,-74.52786254882812,-34.1491813659668,14.675274848937988,83.28224646318436,944054691,1720698552
4.0,0,9.794828414916992,-0.3663184642791748,1.1827536821365356,0.06950956583023071,-0.0681779608130455,-0.04980187490582466,-75.05147552490234,-35.02479934692383,13.831868171691895,83.96892952084333,957054691,1720698552
4.0,0,13.517868995666504,4.149214744567871,3.3950297832489014,0.09587526321411133,-0.025034096091985703,-0.023436175659298897,-73.82970428466797,-34.499427795410156,15.687362670898438,82.98872875602166,969054691,1720698552
4.0,0,13.252108573913574,3.5027706623077393,2.892239809036255,0.09214677661657333,-0.011984407901763916,-0.028496257960796356,-73.30609130859375,-34.32430648803711,13.831868171691895,82.11736488677442,982054691,1720698552
4.0,0,7.182714939117432,7.762120723724365,3.4979822635650635,0.0769665315747261,0.05699251592159271,0.0007989605655893683,-73.13155364990234,-35.550174713134766,14.000550270080566,82.51093545250838,994054691,1720698552
4.0,0,6.854703903198242,3.7565598487854004,3.770925283432007,0.04767131060361862,0.03089314140379429,0.007989604957401752,-74.35332489013672,-34.32430648803711,16.19340705871582,83.47934696841008,7054691,1720698553
4.0,0,6.825973033905029,3.076596260070801,3.3471450805664062,0.03595322370529175,-0.009054886177182198,-0.02290353551506996,-74.87693786621094,-34.84967803955078,15.012638092041016,83.94304727708759,19054691,1720698553
4.0,0,7.783668518066406,3.0502593517303467,2.8778743743896484,0.0788307711482048,-0.0037284824065864086,-0.007723285350948572,-73.48062896728516,-35.550174713134766,14.337912559509277,82.87818465752231,32054691,1720698553
4.0,0,10.259310722351074,5.16916036605835,3.4381263256073,0.10679438710212708,0.005060083232820034,-0.005592723377048969,-74.00424194335938,-35.02479934692383,15.181319236755371,83.26966343556232,44054691,1720698553
4.0,0,9.236970901489258,5.437314987182617,2.815624237060547,0.07643388956785202,0.02050665207207203,-0.0098538463935256,-74.00424194335938,-35.02479934692383,14.843955993652344,83.20881818921018,57054691,1720698553
4.0,0,7.769303321838379,6.2034711837768555,3.562626600265503,0.04873659089207649,0.03728482499718666,-0.013582328334450722,-74.00424194335938,-35.02479934692383,14.843955993652344,83.20881818921018,69054691,1720698553
4.0,0,7.857889652252197,4.34075403213501,3.38545298576355,0.055128276348114014,0.017310811206698418,0.0013316008262336254,-74.70240020751953,-35.02479934692383,15.518681526184082,83.95245465361818,82054691,1720698553
4.0,0,7.69508171081543,2.171574115753174,2.942518949508667,0.058324117213487625,0.005326403304934502,-0.013582328334450722,-75.40055084228516,-32.57306671142578,14.843955993652344,83.46610552702522,94054691,1720698553
4.0,0,8.961633682250977,4.302446365356445,3.8571176528930664,0.07962973415851593,0.005326403304934502,-0.01384864840656519,-72.95701599121094,-35.02479934692383,15.85604476928711,82.46742937281192,107054691,1720698553
4.0,0,8.410959243774414,4.884245872497559,2.8467493057250977,0.08948357403278351,0.005060083232820034,-0.002929521957412362,-73.30609130859375,-33.623809814453125,14.843955993652344,82.00418671582497,119054691,1720698553
4.0,0,8.803613662719727,5.154795169830322,3.1412405967712402,0.07350436598062515,0.014913929626345634,-0.006658004131168127,-73.30609130859375,-33.623809814453125,14.843955993652344,82.00418671582497,132054691,1720698553
4.0,0,8.60728645324707,5.1715545654296875,3.5674149990081787,0.06285155564546585,0.015979209914803505,-0.005592723377048969,-74.17878723144531,-36.60091781616211,15.350000381469727,84.12931814667589,144054691,1720698553
4.0,0,8.006332397460938,4.027108669281006,3.1580002307891846,0.060454681515693665,0.024235136806964874,-0.001065280637703836,-75.22601318359375,-34.84967803955078,15.012638092041016,84.25456914281366,157054691,1720698553
4.0,0,8.114073753356934,3.6464247703552246,3.3878471851348877,0.06897692382335663,0.017310811206698418,-0.00825592502951622,-73.82970428466797,-33.44868469238281,13.663187026977539,82.19685165592495,169054691,1720698553
4.0,0,8.308006286621094,4.355119228363037,3.3399622440338135,0.0769665315747261,0.008522245101630688,-0.007989604957401752,-74.70240020751953,-34.32430648803711,14.169231414794922,83.4228609646968,182054691,1720698553
4.0,0,8.65995979309082,4.802842140197754,3.177154064178467,0.0751022920012474,0.012783369049429893,-0.0034621621016412973,-75.74962615966797,-33.974056243896484,14.169231414794922,84.22000641105952,195054691,1720698553
4.0,0,8.600103378295898,4.86030387878418,3.2322216033935547,0.0644494816660881,0.013049688190221786,-0.006125363986939192,-74.87693786621094,-34.499427795410156,16.02472496032715,83.98546393564344,207054691,1720698553
4.0,0,8.219420433044434,4.6543989181518555,3.2848949432373047,0.06285155564546585,0.018376091495156288,-0.005859043914824724,-75.40055084228516,-34.32430648803711,12.819780349731445,83.83166377580785,220054691,1720698553
4.0,0,8.181112289428711,4.17076301574707,3.3399622440338135,0.06684636324644089,0.016245530918240547,-0.000532640318851918,-72.78247833251953,-35.19992446899414,14.675274848937988,82.16865294465062,232054691,1720698553
4.0,0,8.34152603149414,4.072599411010742,3.378270149230957,0.06871060281991959,0.0143812894821167,-0.009587526321411133,-75.74962615966797,-35.02479934692383,13.831868171691895,84.59351635758377,245054691,1720698553
4.0,0,8.391804695129395,4.333570957183838,3.1819424629211426,0.07483596354722977,0.011718087829649448,-0.007989604957401752,-74.70240020751953,-35.37504959106445,15.85604476928711,84.16208698731467,257054691,1720698553
4.0,0,8.477997779846191,4.896217346191406,3.2944717407226562,0.06897692382335663,0.011718087829649448,-0.00719064474105835,-73.65516662597656,-35.02479934692383,16.19340705871582,83.15074607098794,270054691,1720698553
4.0,0,8.425324440002441,4.726226329803467,3.169971466064453,0.06604740023612976,0.014913929626345634,-0.00825592502951622,-74.35332489013672,-34.32430648803711,15.181319236755371,83.28893919285566,282054691,1720698553
4.0,0,8.315189361572266,4.295263290405273,3.330385446548462,0.06072099879384041,0.012783369049429893,-0.004527443088591099,-74.52786254882812,-33.79893112182617,13.663187026977539,82.96657592554446,295054691,1720698553
4.0,0,8.34152603149414,4.1396379470825195,3.2944717407226562,0.07057484239339828,0.014913929626345634,-0.005060083232820034,-75.05147552490234,-34.67455291748047,15.85604476928711,84.1811306304317,307054691,1720698553
4.0,0,8.25772762298584,4.2665324211120605,3.2394042015075684,0.06924324482679367,0.015180249698460102,-0.00719064474105835,-74.87693786621094,-35.550174713134766,14.337912559509277,84.11864527510505,320054691,1720698553
4.0,0,8.442083358764648,4.740592002868652,3.452491521835327,0.07030852884054184,0.013049688190221786,-0.009054886177182198,-74.87693786621094,-35.550174713134766,14.337912559509277,84.11864527510505,332054691,1720698553
4.0,0,8.351102828979492,4.6543989181518555,3.229827404022217,0.06658004224300385,0.011185446754097939,-0.004793763160705566,-74.00424194335938,-35.72529602050781,15.181319236755371,83.56672217535196,345054691,1720698553
4.0,0,8.458844184875488,4.376667499542236,3.299260139465332,0.05992203950881958,0.015446570701897144,-0.00825592502951622,-74.00424194335938,-34.32430648803711,13.831868171691895,82.74120145740598,357054691,1720698553
4.0,0,8.47081470489502,4.189917087554932,3.2872891426086426,0.06524843722581863,0.010652806609869003,-0.006391684524714947,-74.17878723144531,-35.550174713134766,14.337912559509277,83.49780316766768,370054691,1720698553
4.0,0,8.420536041259766,4.357513904571533,3.299260139465332,0.07084116339683533,0.017044490203261375,-0.0034621621016412973,-74.70240020751953,-35.72529602050781,14.506593704223633,84.06656073265248,382054691,1720698553
4.0,0,8.243362426757812,4.568206310272217,3.3112316131591797,0.0681779608130455,0.01864241249859333,-0.009054886177182198,-73.82970428466797,-35.19992446899414,15.687362670898438,83.28237067322658,395054691,1720698553
4.0,0,8.276881217956543,4.575389385223389,3.244192600250244,0.06737900525331497,0.01145176775753498,-0.006125363986939192,-73.82970428466797,-35.19992446899414,15.687362670898438,83.28237067322658,407054691,1720698553
4.0,0,8.375045776367188,4.419764041900635,3.272923707962036,0.06285155564546585,0.013582328334450722,-0.002929521957412362,-73.65516662597656,-34.32430648803711,16.19340705871582,82.85811981184672,420054691,1720698553
4.0,0,8.451661109924316,4.307234764099121,3.2848949432373047,0.06524843722581863,0.013049688190221786,-0.006658004131168127,-74.70240020751953,-33.974056243896484,14.843955993652344,83.39681123381962,432054691,1720698553
4.0,0,8.454055786132812,4.364696502685547,3.256164073944092,0.06977588683366776,0.015979209914803505,-0.010120166465640068,-74.70240020751953,-34.67455291748047,16.19340705871582,83.93449617982367,445054691,1720698553
4.0,0,8.384622573852539,4.5418701171875,3.3232028484344482,0.06658004224300385,0.017310811206698418,-0.00825592502951622,-75.40055084228516,-36.4257926940918,14.169231414794922,84.92849085906914,457054691,1720698553
4.0,0,8.279275894165039,4.572995185852051,3.299260139465332,0.06764532625675201,0.013049688190221786,-0.004261122550815344,-75.05147552490234,-35.02479934692383,14.169231414794922,84.02516091411728,470054691,1720698553
4.0,0,8.339132308959961,4.395821571350098,3.349539279937744,0.0631178766489029,0.013316008262336254,-0.006924324203282595,-73.82970428466797,-34.499427795410156,15.012638092041016,82.86383442404075,482054691,1720698553
4.0,0,8.322371482849121,4.273715019226074,3.153211832046509,0.06844428181648254,0.013582328334450722,-0.0031958422623574734,-75.40055084228516,-33.623809814453125,15.518681526184082,84.0037685468317,495054691,1720698553
4.0,0,8.50193977355957,4.426946640014648,3.330385446548462,0.07243908941745758,0.0143812894821167,-0.004261122550815344,-75.40055084228516,-34.32430648803711,14.506593704223633,84.10613737477281,507054691,1720698553
4.0,0,8.454055786132812,4.577783584594727,3.325597047805786,0.06711268424987793,0.014913929626345634,-0.006658004131168127,-75.40055084228516,-33.623809814453125,13.831868171691895,83.70856724898358,520054691,1720698553
4.0,0,8.319977760314941,4.561023712158203,3.251375675201416,0.06764532625675201,0.01384864840656519,-0.005859043914824724,-75.40055084228516,-33.623809814453125,13.831868171691895,83.70856724898358,532054691,1720698553
4.0,0,8.336737632751465,4.4245524406433105,3.2848949432373047,0.06871060281991959,0.014647609554231167,-0.007723285350948572,-74.87693786621094,-34.499427795410156,15.350000381469727,83.8593396953628,545054691,1720698553
4.0,0,8.36307430267334,4.321599960327148,3.220250368118286,0.06711268424987793,0.010652806609869003,-0.004793763160705566,-74.17878723144531,-33.79893112182617,15.012638092041016,82.88690802888345,557054691,1720698553
4.0,0,8.389410972595215,4.419764041900635,3.325597047805786,0.06737900525331497,0.01384864840656519,-0.005060083232820034,-75.05147552490234,-33.2735595703125,14.506593704223633,83.36842931136205,570054691,1720698553
4.0,0,8.39659309387207,4.498773574829102,3.3375680446624756,0.06737900525331497,0.019974011927843094,-0.006125363986939192,-74.87693786621094,-33.44868469238281,14.000550270080566,83.19486606597735,582054691,1720698553
4.0,0,8.375045776367188,4.537081718444824,3.277712106704712,0.06684636324644089,0.015180249698460102,-0.007456964813172817,-74.87693786621094,-33.44868469238281,14.000550270080566,83.19486606597735,595054691,1720698553
4.0,0,8.348709106445312,4.4245524406433105,3.3351738452911377,0.06418316066265106,0.011718087829649448,-0.00825592502951622,-75.22601318359375,-34.499427795410156,14.675274848937988,84.05074223111187,607054691,1720698553
4.0,0,8.379834175109863,4.338359355926514,3.2585582733154297,0.06711268424987793,0.011984407901763916,-0.004793763160705566,-74.70240020751953,-33.974056243896484,15.85604476928711,83.58288850089768,620054691,1720698553
4.0,0,8.391804695129395,4.426946640014648,3.3662989139556885,0.06737900525331497,0.013049688190221786,-0.00878856610506773,-73.30609130859375,-35.02479934692383,14.506593704223633,82.52854568654158,632054691,1720698553
4.0,0,8.391804695129395,4.470042705535889,3.30165433883667,0.06871060281991959,0.013316008262336254,-0.007723285350948572,-74.35332489013672,-34.32430648803711,14.169231414794922,83.11042086879925,645054691,1720698553
4.0,0,8.387016296386719,4.568206310272217,3.378270149230957,0.0663137212395668,0.01384864840656519,-0.006391684524714947,-74.87693786621094,-34.499427795410156,15.012638092041016,83.79824368633112,657054691,1720698553
4.0,0,8.454055786132812,4.4772257804870605,3.3734817504882812,0.06871060281991959,0.009054886177182198,-0.006391684524714947,-74.87693786621094,-34.499427795410156,15.012638092041016,83.79824368633112,670054691,1720698553
4.0,0,8.367862701416016,4.352725028991699,3.306443214416504,0.06791163980960846,0.00878856610506773,-0.007989604957401752,-74.52786254882812,-34.1491813659668,14.337912559509277,83.22346196011583,682054691,1720698553
4.0,0,8.444478034973145,4.376667499542236,3.3615105152130127,0.06684636324644089,0.014647609554231167,-0.002929521957412362,-75.22601318359375,-34.499427795410156,15.012638092041016,84.11030186720019,695054691,1720698553
4.0,0,8.353497505187988,4.453282833099365,3.225038766860962,0.0681779608130455,0.0143812894821167,-0.005326403304934502,-73.48062896728516,-34.84967803955078,14.675274848937988,82.63937672066535,707054691,1720698553
4.0,0,8.36307430267334,4.5275044441223145,3.2848949432373047,0.06791163980960846,0.014114969410002232,-0.005592723377048969,-73.82970428466797,-32.74818801879883,15.350000381469727,82.21247815865448,720054691,1720698553
4.0,0,8.420536041259766,4.474831581115723,3.383058786392212,0.06551475822925568,0.011185446754097939,-0.005060083232820034,-72.60794067382812,-33.974056243896484,14.506593704223633,81.46527362905624,733054691,1720698553
4.0,0,8.346314430236816,4.367090702056885,3.325597047805786,0.06737900525331497,0.012783369049429893,-0.004261122550815344,-73.82970428466797,-33.79893112182617,14.675274848937988,82.51397864381127,745054691,1720698553
4.0,0,8.382227897644043,4.455677509307861,3.3399622440338135,0.06897692382335663,0.012250727973878384,-0.00719064474105835,-75.40055084228516,-34.67455291748047,14.506593704223633,84.24968218484034,758054691,1720698553
4.0,0,8.343920707702637,4.400609970092773,3.2154619693756104,0.0644494816660881,0.01145176775753498,-0.00878856610506773,-73.65516662597656,-34.67455291748047,17.205495834350586,83.2071948669908,770054691,1720698553
4.0,0,8.351102828979492,4.486802577972412,3.2872891426086426,0.06524843722581863,0.01145176775753498,-0.007723285350948572,-74.17878723144531,-34.84967803955078,13.663187026977539,83.08835787475012,783054691,1720698553
4.0,0,8.41574764251709,4.493985176086426,3.3878471851348877,0.06897692382335663,0.012783369049429893,-0.009321206249296665,-74.35332489013672,-34.67455291748047,13.831868171691895,83.19893099892835,795054691,1720698553
4.0,0,8.300824165344238,4.352725028991699,3.220250368118286,0.0681779608130455,0.011718087829649448,-0.0098538463935256,-73.65516662597656,-32.92331314086914,13.157143592834473,81.74434871227835,808054691,1720698553
4.0,0,8.458844184875488,4.455677509307861,3.3423564434051514,0.07084116339683533,0.014647609554231167,-0.006658004131168127,-73.48062896728516,-34.1491813659668,15.012638092041016,82.40721281463244,820054691,1720698553
4.0,0,8.379834175109863,4.446100234985352,3.2585582733154297,0.06791163980960846,0.017843451350927353,-0.007989604957401752,-74.87693786621094,-33.09843826293945,15.012638092041016,83.2312545991506,833054691,1720698553
4.0,0,8.36546802520752,4.513139247894287,3.203490734100342,0.06764532625675201,0.016778171062469482,-0.007723285350948572,-73.30609130859375,-33.623809814453125,14.506593704223633,81.94379091964088,845054691,1720698553
4.0,0,8.358285903930664,4.450888633728027,3.2633466720581055,0.06524843722581863,0.011185446754097939,-0.002929521957412362,-73.30609130859375,-34.32430648803711,14.506593704223633,82.2337053751563,858054691,1720698553
4.0,0,8.410959243774414,4.38385009765625,3.2848949432373047,0.06711268424987793,0.011185446754097939,-0.00878856610506773,-73.30609130859375,-34.32430648803711,14.506593704223633,82.2337053751563,870054691,1720698553
4.0,0,8.425324440002441,4.453282833099365,3.35432767868042,0.07030852884054184,0.013582328334450722,-0.006125363986939192,-73.30609130859375,-34.32430648803711,14.843955993652344,82.29388840229922,883054691,1720698553
4.0,0,8.375045776367188,4.386244297027588,3.256164073944092,0.06471580266952515,0.012783369049429893,-0.00719064474105835,-74.35332489013672,-33.974056243896484,14.843955993652344,83.08427317743806,895054691,1720698553
4.0,0,8.36307430267334,4.470042705535889,3.3112316131591797,0.06391683965921402,0.011718087829649448,-0.005326403304934502,-75.22601318359375,-34.84967803955078,14.000550270080566,84.08013158186434,908054691,1720698553
4.0,0,8.382227897644043,4.470042705535889,3.3375680446624756,0.06658004224300385,0.0143812894821167,-0.006658004131168127,-74.35332489013672,-34.32430648803711,14.506593704223633,83.16860104031059,920054691,1720698553
4.0,0,8.422929763793945,4.4245524406433105,3.308837413787842,0.06737900525331497,0.014114969410002232,-0.006125363986939192,-74.35332489013672,-33.623809814453125,15.181319236755371,83.0027105727579,933054691,1720698553
4.0,0,8.389410972595215,4.455677509307861,3.3399622440338135,0.06764532625675201,0.013049688190221786,-0.00719064474105835,-73.82970428466797,-34.84967803955078,14.675274848937988,82.94991854193553,945054691,1720698553
4.0,0,8.370256423950195,4.446100234985352,3.2370100021362305,0.06711268424987793,0.015446570701897144,-0.009587526321411133,-76.62232208251953,-34.499427795410156,14.337912559509277,85.24533122753535,958054691,1720698553
4.0,0,8.375045776367188,4.38385009765625,3.2920775413513184,0.06418316066265106,0.019175052642822266,-0.005592723377048969,-74.87693786621094,-32.74818801879883,13.663187026977539,82.85941299857959,970054691,1720698553
4.0,0,8.387016296386719,4.484408378601074,3.327991247177124,0.06950956583023071,0.017044490203261375,-0.005060083232820034,-74.52786254882812,-33.79893112182617,15.350000381469727,83.26099058254164,983054691,1720698553
4.0,0,8.422929763793945,4.386244297027588,3.296865940093994,0.06578107923269272,0.010919126681983471,-0.005326403304934502,-74.70240020751953,-34.67455291748047,14.506593704223633,83.62544156948283,995054691,1720698553
4.0,0,8.379834175109863,4.458071708679199,3.3160200119018555,0.0681779608130455,0.011984407901763916,-0.004527443088591099,-75.57508850097656,-32.74818801879883,14.000550270080566,83.54671285161429,8054691,1720698554
4.0,0,8.327159881591797,4.407792568206787,3.198702335357666,0.06658004224300385,0.0143812894821167,-0.0031958422623574734,-75.05147552490234,-33.974056243896484,13.831868171691895,83.53610628493239,20054691,1720698554
4.0,0,8.427718162536621,4.470042705535889,3.325597047805786,0.06658004224300385,0.009587526321411133,-0.0034621621016412973,-74.70240020751953,-35.02479934692383,15.181319236755371,83.8907481181624,33054691,1720698554
4.0,0,8.410959243774414,4.48919677734375,3.35432767868042,0.06737900525331497,0.015446570701897144,-0.0098538463935256,-74.70240020751953,-34.67455291748047,13.831868171691895,83.51103995227595,45054691,1720698554
4.0,0,8.47081470489502,4.381455898284912,3.2944717407226562,0.06658004224300385,0.013582328334450722,-0.005326403304934502,-75.22601318359375,-34.84967803955078,14.000550270080566,84.08013158186434,58054691,1720698554
4.0,0,8.456449508666992,4.453282833099365,3.3902413845062256,0.06924324482679367,0.014114969410002232,-0.005592723377048969,-75.22601318359375,-34.84967803955078,14.000550270080566,84.08013158186434,70054691,1720698554
4.0,0,8.317583084106445,4.453282833099365,3.2178561687469482,0.06844428181648254,0.015712888911366463,-0.006125363986939192,-74.35332489013672,-35.02479934692383,15.518681526184082,83.64199284941522,83054691,1720698554
4.0,0,8.34152603149414,4.4484944343566895,3.2394042015075684,0.06924324482679367,0.01145176775753498,-0.004261122550815344,-74.35332489013672,-34.32430648803711,15.181319236755371,83.28893919285566,95054691,1720698554
4.0,0,8.406169891357422,4.450888633728027,3.3136258125305176,0.0681779608130455,0.01384864840656519,-0.0031958422623574734,-73.65516662597656,-34.32430648803711,14.169231414794922,82.48641527834198,108054691,1720698554
4.0,0,8.39659309387207,4.379061698913574,3.2825005054473877,0.06658004224300385,0.012783369049429893,-0.005859043914824724,-74.35332489013672,-35.37504959106445,14.506593704223633,83.60772880953002,120054691,1720698554
4.0,0,8.403776168823242,4.455677509307861,3.2825005054473877,0.06764532625675201,0.013582328334450722,-0.006125363986939192,-74.35332489013672,-35.37504959106445,14.506593704223633,83.60772880953002,133054691,1720698554
4.0,0,8.39419937133789,4.410186767578125,3.2681353092193604,0.06365051865577698,0.011984407901763916,-0.00719064474105835,-74.00424194335938,-33.974056243896484,15.85604476928711,82.95949902814235,145054691,1720698554
4.0,0,8.442083358764648,4.460465908050537,3.3375680446624756,0.07057484239339828,0.013316008262336254,-0.005592723377048969,-75.74962615966797,-33.623809814453125,14.169231414794922,84.07932902119272,158054691,1720698554
4.0,0,8.334343910217285,4.412580966949463,3.2705295085906982,0.06684636324644089,0.011984407901763916,-0.006125363986939192,-74.00424194335938,-34.67455291748047,15.518681526184082,83.18522658471005,170054691,1720698554
4.0,0,8.336737632751465,4.453282833099365,3.244192600250244,0.06711268424987793,0.012783369049429893,-0.00878856610506773,-74.52786254882812,-35.19992446899414,14.675274848937988,83.71858019945024,183054691,1720698554
4.0,0,8.473209381103516,4.496379375457764,3.3686931133270264,0.06578107923269272,0.0143812894821167,-0.005326403304934502,-74.70240020751953,-34.67455291748047,13.494505882263184,83.45582607462467,195054691,1720698554
4.0,0,8.36307430267334,4.446100234985352,3.248981475830078,0.0700422003865242,0.0143812894821167,-0.007456964813172817,-74.70240020751953,-34.67455291748047,13.494505882263184,83.45582607462467,208054691,1720698554
4.0,0,8.351102828979492,4.426946640014648,3.2705295085906982,0.06658004224300385,0.015180249698460102,-0.00719064474105835,-75.74962615966797,-35.37504959106445,14.843955993652344,84.9102056671706,221054691,1720698554
4.0,0,8.384622573852539,4.405398368835449,3.3399622440338135,0.06524843722581863,0.015712888911366463,-0.005326403304934502,-73.65516662597656,-34.32430648803711,15.518681526184082,82.72890101346812,233054691,1720698554
4.0,0,8.413352966308594,4.438917636871338,3.3686931133270264,0.06764532625675201,0.015180249698460102,-0.004793763160705566,-74.35332489013672,-33.623809814453125,14.169231414794922,82.82357531248425,246054691,1720698554
4.0,0,8.308006286621094,4.400609970092773,3.2058849334716797,0.0681779608130455,0.014913929626345634,-0.004261122550815344,-74.35332489013672,-35.02479934692383,13.831868171691895,83.34551018878919,258054691,1720698554
4.0,0,8.387016296386719,4.443706035614014,3.2633466720581055,0.06338419765233994,0.011718087829649448,-0.008522245101630688,-74.35332489013672,-35.37504959106445,13.831868171691895,83.49330292249527,271054691,1720698554
4.0,0,8.41574764251709,4.48919677734375,3.308837413787842,0.06578107923269272,0.009321206249296665,-0.005859043914824724,-74.87693786621094,-34.84967803955078,15.012638092041016,83.94304727708759,283054691,1720698554
4.0,0,8.370256423950195,4.467648506164551,3.2705295085906982,0.06897692382335663,0.011718087829649448,-0.006658004131168127,-74.35332489013672,-35.37504959106445,14.506593704223633,83.60772880953002,296054691,1720698554
4.0,0,8.343920707702637,4.443706035614014,3.299260139465332,0.07030852884054184,0.0143812894821167,-0.007456964813172817,-73.82970428466797,-34.499427795410156,13.663187026977539,82.63000927451482,308054691,1720698554
4.0,0,8.384622573852539,4.450888633728027,3.3232028484344482,0.0663137212395668,0.010652806609869003,-0.005060083232820034,-75.05147552490234,-35.37504959106445,15.181319236755371,84.34803237659764,321054691,1720698554
4.0,0,8.387016296386719,4.419764041900635,3.3734817504882812,0.06924324482679367,0.009054886177182198,-0.005326403304934502,-75.05147552490234,-35.37504959106445,15.181319236755371,84.34803237659764,333054691,1720698554
4.0,0,8.449267387390137,4.410186767578125,3.325597047805786,0.06764532625675201,0.014114969410002232,-0.00878856610506773,-74.52786254882812,-34.84967803955078,14.675274848937988,83.57192140575229,346054691,1720698554
4.0,0,8.410959243774414,4.426946640014648,3.299260139465332,0.06604740023612976,0.013049688190221786,-0.0037284824065864086,-73.48062896728516,-35.19992446899414,14.675274848937988,82.78768753832053,358054691,1720698554
4.0,0,8.391804695129395,4.450888633728027,3.3447508811950684,0.0681779608130455,0.015712888911366463,-0.006125363986939192,-75.22601318359375,-34.1491813659668,15.350000381469727,84.02822239685328,371054691,1720698554
4.0,0,8.391804695129395,4.455677509307861,3.3112316131591797,0.06764532625675201,0.012250727973878384,-0.006125363986939192,-74.52786254882812,-34.499427795410156,16.02472496032715,83.674396468465,383054691,1720698554
4.0,0,8.382227897644043,4.520321846008301,3.375875949859619,0.06977588683366776,0.015180249698460102,-0.004527443088591099,-75.05147552490234,-34.67455291748047,14.169231414794922,83.87976941657732,396054691,1720698554
4.0,0,8.372651100158691,4.426946640014648,3.2633466720581055,0.06871060281991959,0.016245530918240547,-0.006658004131168127,-75.05147552490234,-34.67455291748047,14.169231414794922,83.87976941657732,408054691,1720698554
4.0,0,8.391804695129395,4.441311836242676,3.2058849334716797,0.06338419765233994,0.013316008262336254,-0.00719064474105835,-74.52786254882812,-34.1491813659668,15.350000381469727,83.40378526046544,421054691,1720698554
4.0,0,8.449267387390137,4.48919677734375,3.3423564434051514,0.07057484239339828,0.013582328334450722,-0.006924324203282595,-74.35332489013672,-34.32430648803711,12.819780349731445,82.89102307438539,433054691,1720698554
4.0,0,8.413352966308594,4.453282833099365,3.296865940093994,0.06871060281991959,0.013582328334450722,-0.0034621621016412973,-75.22601318359375,-34.1491813659668,14.000550270080566,83.79221357219875,446054691,1720698554
4.0,0,8.379834175109863,4.414975166320801,3.277712106704712,0.06924324482679367,0.01651185005903244,-0.006125363986939192,-73.30609130859375,-35.02479934692383,15.181319236755371,82.64981576509678,458054691,1720698554
4.0,0,24.1961727142334,10.714216232299805,18.512250900268555,0.17417339980602264,0.4098667502403259,-0.37604406476020813,-74.87693786621094,-35.550174713134766,15.012638092041016,84.23627513629398,471054691,1720698554
4.0,0,2.0518622398376465,10.089320182800293,0.6464443206787109,-0.43490082025527954,1.1563622951507568,-0.46552765369415283,-74.35332489013672,-33.2735595703125,14.169231414794922,82.68200413380998,483054691,1720698554
4.0,0,12.313567161560059,26.18817710876465,12.72776985168457,0.01757713221013546,1.3419873714447021,-0.8588825464248657,-76.44778442382812,-34.32430648803711,15.518681526184082,85.2247102400937,496054691,1720698554
4.0,0,7.663956642150879,-10.470004081726074,-0.3878665864467621,-0.7651378512382507,1.7803503274917603,-1.0306590795516968,-75.57508850097656,-33.44868469238281,13.325824737548828,83.71371521152763,508054691,1720698554
4.0,0,7.9799957275390625,20.90409278869629,8.011120796203613,-0.3989476263523102,1.8698338270187378,-1.1766024827957153,-75.05147552490234,-35.37504959106445,12.482418060302734,83.90428399472495,521054691,1720698554
4.0,0,7.970418930053711,-5.655190944671631,1.7358226776123047,-0.69562828540802,2.065046548843384,-1.2863264083862305,-74.35332489013672,-36.4257926940918,11.132966995239258,83.54159592519323,533054691,1720698554
4.0,0,9.734972953796387,-1.209090232849121,3.770925283432007,-0.5382331013679504,1.8956669569015503,-1.2357256412506104,-72.60794067382812,-35.72529602050781,9.783516883850098,81.51028786149412,546054691,1720698554
4.0,0,8.020697593688965,4.187522888183594,4.7334089279174805,-0.5310423970222473,1.8724972009658813,-1.2202790975570679,-73.13155364990234,-37.301414489746094,9.614835739135742,82.65630483196637,558054691,1720698554
4.0,0,8.181112289428711,5.602517127990723,4.187522888183594,-0.5203896164894104,1.8538546562194824,-1.2567648887634277,-71.56070709228516,-37.12628936767578,8.771429061889648,81.0939833128697,571054691,1720698554
4.0,0,8.437294960021973,3.1101152896881104,3.9385221004486084,-0.6218576431274414,1.794198989868164,-1.247443675994873,-72.60794067382812,-38.177032470703125,7.759340763092041,82.39906690151926,583054691,1720698554
4.0,0,7.003147125244141,7.874650001525879,3.9840123653411865,-0.5619356036186218,1.720428228378296,-1.2700809240341187,-72.95701599121094,-38.87752914428711,4.723076820373535,82.8039607105714,596054691,1720698554
4.0,0,7.711841106414795,4.06541633605957,4.843544006347656,-0.612003743648529,1.7337443828582764,-1.2831305265426636,-72.95701599121094,-38.87752914428711,4.723076820373535,82.8039607105714,608054691,1720698554
4.0,0,8.755729675292969,5.255352973937988,5.56181526184082,-0.5318413972854614,1.669294834136963,-1.2812663316726685,-70.1644058227539,-40.62876892089844,2.0241758823394775,81.10387164920371,621054691,1720698554
4.0,0,8.212237358093262,2.988009214401245,5.492382049560547,-0.5930950045585632,1.6996554136276245,-1.3257417678833008,-70.1644058227539,-39.22777557373047,5.060439586639404,80.54483391089148,633054691,1720698554
4.0,0,5.331968307495117,3.735011577606201,5.245776176452637,-0.5994866490364075,1.6908668279647827,-1.3284050226211548,-69.64078521728516,-40.453643798828125,1.1807692050933838,80.54644919671013,646054691,1720698554
4.0,0,2.961672782897949,6.818790435791016,3.9864065647125244,-0.6034814715385437,1.7366738319396973,-1.3664888143539429,-67.54632568359375,-42.90538024902344,1.1807692050933838,80.02981933993793,658054691,1720698554
4.0,0,7.709446907043457,4.043868541717529,7.371859073638916,-0.6769858598709106,1.655446171760559,-1.3989797830581665,-67.54632568359375,-42.90538024902344,1.1807692050933838,80.02981933993793,671054691,1720698554
4.0,0,7.316792011260986,4.122878074645996,5.310420513153076,-0.6492885947227478,1.6442606449127197,-1.4152253866195679,-65.97547912597656,-42.73025894165039,1.3494505882263184,78.61590101253516,683054691,1720698554
4.0,0,5.707863807678223,6.663165092468262,7.187503337860107,-0.6136016845703125,1.6376028060913086,-1.4285414218902588,-67.02271270751953,-42.73025894165039,-1.0120879411697388,79.49178177582796,696054691,1720698554
4.0,0,2.7773163318634033,9.9169340133667,5.006352424621582,-0.5715230703353882,1.6466577053070068,-1.447716474533081,-64.2301025390625,-43.08050537109375,-2.3615384101867676,77.37579000482067,708054691,1720698554
4.0,0,4.194705486297607,3.4955875873565674,5.425343990325928,-0.6548812985420227,1.6314773559570312,-1.4623640775680542,-63.88102340698242,-44.48149871826172,-2.3615384101867676,77.87788995221264,721054691,1720698554
4.0,0,4.6543989181518555,5.674344539642334,5.150006294250488,-0.6487559676170349,1.622422456741333,-1.5079048871994019,-62.484718322753906,-43.781002044677734,-3.036263942718506,76.35663077061366,734054691,1720698554
4.0,0,2.8539319038391113,5.229015827178955,5.6144890785217285,-0.6953619122505188,1.6591746807098389,-1.5377326011657715,-62.484718322753906,-43.781002044677734,-3.036263942718506,76.35663077061366,746054691,1720698554
4.0,0,6.464443206787109,5.037477493286133,7.83394718170166,-0.6873723864555359,1.5936599969863892,-1.5523803234100342,-59.34302520751953,-45.53224182128906,-5.735165119171143,75.01780991869065,759054691,1720698554
4.0,0,7.987178325653076,3.1891250610351562,8.29124641418457,-0.6985577940940857,1.5704900026321411,-1.5843387842178345,-58.4703369140625,-45.707366943359375,-5.229121208190918,74.39951209751871,771054691,1720698554
4.0,0,0.7230599522590637,10.5059175491333,6.361490726470947,-0.6495549082756042,1.5779470205307007,-1.5739521980285645,-57.946720123291016,-45.53224182128906,-5.397802352905273,73.89278509137678,784054691,1720698554
4.0,0,-0.3280106484889984,9.066980361938477,4.872274875640869,-0.6255860328674316,1.6104381084442139,-1.6053780317306519,-57.248565673828125,-46.23273849487305,-7.759340763092041,73.9937277715058,796054691,1720698554
4.0,0,5.688709735870361,2.4924020767211914,7.812399387359619,-0.6977588534355164,1.551048755645752,-1.6165634393692017,-57.07402801513672,-46.75811004638672,-7.928022384643555,74.2065971994002,809054691,1720698554
4.0,0,2.9808266162872314,2.5402867794036865,5.62406587600708,-0.6953619122505188,1.550516128540039,-1.6546472311019897,-55.5031852722168,-46.23273849487305,-7.421977996826172,72.61649565685961,821054691,1720698554
4.0,0,3.691915512084961,5.25295877456665,8.509122848510742,-0.7403700947761536,1.552912950515747,-1.686339259147644,-53.23418426513672,-46.057613372802734,-9.952198028564453,71.09309649728917,834054691,1720698554
4.0,0,0.9912146329879761,7.903380393981934,7.529879570007324,-0.6990904211997986,1.5494507551193237,-1.7052479982376099,-52.7105712890625,-46.933231353759766,-8.434065818786621,71.07929373003437,846054691,1720698554
4.0,0,4.972832679748535,4.924948215484619,8.698267936706543,-0.7238582372665405,1.509236454963684,-1.7140365839004517,-49.394344329833984,-46.057613372802734,-11.30164909362793,68.47504854768839,859054691,1720698554
4.0,0,-0.6464443206787109,7.556215763092041,7.1587724685668945,-0.7025526165962219,1.5214871168136597,-1.7190966606140137,-49.394344329833984,-46.057613372802734,-11.30164909362793,68.47504854768839,871054691,1720698554
4.0,0,-0.6464443206787109,7.556215763092041,7.1587724685668945,-0.7025526165962219,1.5214871168136597,-1.7190966606140137,-48.52165222167969,-46.23273849487305,-12.482418060302734,68.17351101189612,884054691,1720698554
4.0,0,3.043076753616333,4.388638496398926,7.817187786102295,-0.6921661496162415,1.5068395137786865,-1.7851442098617554,-48.17257308959961,-46.933231353759766,-12.482418060302734,68.40420867176614,896054691,1720698554
4.0,0,0.9816376566886902,1.158811330795288,6.423741340637207,-0.7491586804389954,1.4871318340301514,-1.7939326763153076,-46.60173034667969,-46.75811004638672,-12.313736915588379,67.15407838129403,909054691,1720698554
4.0,0,2.2050933837890625,4.6328511238098145,8.810796737670898,-0.7765896320343018,1.468489408493042,-1.8376092910766602,-44.1581916809082,-47.10835647583008,-11.976373672485352,65.67021142591756,921054691,1720698554
4.0,0,-2.2266414165496826,5.595334529876709,7.865072250366211,-0.7254561185836792,1.4834033250808716,-1.8477293252944946,-44.50727081298828,-47.10835647583008,-14.000550270080566,66.30316593451336,934054691,1720698554
4.0,0,1.7238515615463257,6.502751350402832,8.868258476257324,-0.7235919237136841,1.452510118484497,-1.8455986976623535,-44.50727081298828,-47.10835647583008,-14.000550270080566,66.30316593451336,946054691,1720698554
4.0,0,-3.5003764629364014,4.453282833099365,6.993570327758789,-0.7281193733215332,1.4639619588851929,-1.8653064966201782,-41.88919448852539,-45.88248825073242,-15.181319236755371,63.956077090018454,959054691,1720698554
4.0,0,0.9672722220420837,6.921742916107178,8.006332397460938,-0.6812469959259033,1.458369255065918,-1.8677033185958862,-38.74750518798828,-44.83174514770508,-13.831868171691895,60.848788881957375,971054691,1720698554
4.0,0,3.608116865158081,6.885829448699951,8.952056884765625,-0.691899836063385,1.417089581489563,-1.894335389137268,-37.52573776245117,-45.707366943359375,-16.699451446533203,61.45092404615471,984054691,1720698554
4.0,0,2.090169906616211,-0.15801972150802612,8.717421531677246,-0.7733937501907349,1.3856638669967651,-1.9358813762664795,-36.129432678222656,-45.707366943359375,-15.350000381469727,60.250492199286185,996054691,1720698554
4.0,0,-2.868297576904297,1.8675057888031006,8.329554557800293,-0.7598114609718323,1.4061704874038696,-1.9561216831207275,-34.55858612060547,-45.53224182128906,-17.205495834350586,59.69514223815457,9054691,1720698555
4.0,0,-3.1125094890594482,4.362302303314209,7.149195671081543,-0.7371742129325867,1.455439805984497,-1.9539910554885864,-32.46412658691406,-44.83174514770508,-17.205495834350586,57.964074864917954,20621578,1720698555
4.0,0,-0.289702832698822,4.520321846008301,9.126835823059082,-0.739304780960083,1.3925882577896118,-1.9736987352371216,-31.41689682006836,-44.131248474121094,-16.868131637573242,56.7373101462339,33621578,1720698555
4.0,0,-0.06225019320845604,6.986386775970459,8.267304420471191,-0.7297172546386719,1.3957840204238892,-1.9915422201156616,-30.71874237060547,-43.08050537109375,-17.880220413208008,55.850455305980894,45621578,1720698555
4.0,0,-2.5115559101104736,4.482014179229736,6.993570327758789,-0.7243908643722534,1.4256118535995483,-2.0077877044677734,-28.624282836914062,-44.48149871826172,-17.880220413208008,55.835970289547866,58621578,1720698555
4.0,0,0.5674344897270203,4.75495719909668,9.749338150024414,-0.6868396997451782,1.332932472229004,-1.9883464574813843,-26.529823303222656,-42.73025894165039,-19.229671478271484,53.84688309348051,70621578,1720698555
4.0,0,-0.9361472129821777,-0.10774072259664536,8.375045776367188,-0.7654041647911072,1.3230786323547363,-2.0642476081848145,-23.21359634399414,-42.55513381958008,-18.38626480102539,51.84462559376518,83621578,1720698555
4.0,0,-6.509933948516846,0.5841941237449646,7.446080684661865,-0.755816638469696,1.412295937538147,-2.0541274547576904,-24.260826110839844,-42.90538024902344,-18.04890251159668,52.49021070415721,95621578,1720698555
4.0,0,-3.3639047145843506,5.027900218963623,8.228997230529785,-0.7326468229293823,1.3981808423995972,-2.0701067447662354,-21.29367446899414,-42.380008697509766,-19.567033767700195,51.306476394884264,108621578,1720698555
4.0,0,-3.0885672569274902,2.626479387283325,8.114073753356934,-0.7552840113639832,1.3505096435546875,-2.0882163047790527,-20.944597244262695,-40.27852249145508,-18.55494499206543,49.04407723138038,120621578,1720698555
4.0,0,-4.618485450744629,2.9975860118865967,6.677530288696289,-0.7251898050308228,1.3630266189575195,-2.0754330158233643,-18.501060485839844,-39.578025817871094,-19.567033767700195,47.87043113663272,133621578,1720698555
4.0,0,-5.118881702423096,4.924948215484619,7.771697521209717,-0.7169339060783386,1.3622276782989502,-2.0980701446533203,-18.501060485839844,-39.578025817871094,-19.567033767700195,47.87043113663272,145621578,1720698555
4.0,0,1.120503544807434,3.2705295085906982,9.80919361114502,-0.6647351384162903,1.2927180528640747,-2.101532459259033,-14.661218643188477,-37.826786041259766,-18.89230728149414,44.75194240178876,158621578,1720698555
4.0,0,-1.3359850645065308,0.9529067873954773,8.240967750549316,-0.7092106342315674,1.2719451189041138,-2.1164464950561523,-15.010294914245605,-37.826786041259766,-19.567033767700195,45.15576935553409,170621578,1720698555
4.0,0,-6.634434223175049,-0.10534647852182388,7.862678050994873,-0.7337120771408081,1.3393241167068481,-2.135355234146118,-12.741296768188477,-36.60091781616211,-20.073078155517578,43.64511765315818,183621578,1720698555
4.0,0,-5.331968307495117,2.9520957469940186,7.259330749511719,-0.7422342896461487,1.3316009044647217,-2.1593239307403564,-12.392220497131348,-35.900421142578125,-18.7236270904541,42.343613195928135,195621578,1720698555
4.0,0,-3.0358939170837402,0.7637620568275452,8.178718566894531,-0.7560829520225525,1.2897886037826538,-2.185157060623169,-9.250530242919922,-34.84967803955078,-19.735713958740234,41.10438875225781,208621578,1720698555
4.0,0,-3.667973041534424,1.0031858682632446,7.271301746368408,-0.7246571779251099,1.3116267919540405,-2.162519693374634,-9.599607467651367,-33.79893112182617,-19.060989379882812,39.97300995235339,221621578,1720698555
4.0,0,-3.715857744216919,4.824389934539795,8.662353515625,-0.6988241076469421,1.2823315858840942,-2.1681125164031982,-7.85422420501709,-32.047691345214844,-18.38626480102539,37.77298097521905,233621578,1720698555
4.0,0,-3.8523292541503906,3.275317907333374,8.336737632751465,-0.6644688248634338,1.2554333209991455,-2.187553882598877,-7.85422420501709,-30.646699905395508,-19.060989379882812,36.93548929003176,246621578,1720698555
4.0,0,-6.143615245819092,-2.7509799003601074,6.950473308563232,-0.7081453204154968,1.2924517393112183,-2.212055206298828,-5.585226058959961,-29.420833587646484,-20.241758346557617,36.145663364809174,258621578,1720698555
4.0,0,-5.834758281707764,-2.0039772987365723,6.940896511077881,-0.7179992198944092,1.265287160873413,-2.234426259994507,-3.8398427963256836,-30.121328353881836,-19.567033767700195,36.12350515895682,271621578,1720698555
4.0,0,-5.497171401977539,0.4692707061767578,7.273695945739746,-0.7217276096343994,1.2932506799697876,-2.2525360584259033,-3.8398427963256836,-30.121328353881836,-19.567033767700195,36.12350515895682,283621578,1720698555
4.0,0,-5.473228454589844,-0.43814560770988464,7.8267645835876465,-0.7350436449050903,1.270347237586975,-2.2610583305358887,-1.5708448886871338,-26.4437255859375,-18.7236270904541,32.439364789574206,296621578,1720698555
4.0,0,-5.930528163909912,-0.852348804473877,6.687107563018799,-0.735576331615448,1.2636892795562744,-2.2567970752716064,-1.7453831434249878,-27.319345474243164,-17.542858123779297,32.51376432542765,308621578,1720698555
4.0,0,-8.995153427124023,2.8299896717071533,6.81400203704834,-0.6743227243423462,1.3063005208969116,-2.2663846015930176,-0.6981532573699951,-24.86760902404785,-17.205495834350586,30.247553346502883,321621578,1720698555
4.0,0,-2.6647870540618896,1.0007915496826172,7.8531012535095215,-0.6511527895927429,1.2288012504577637,-2.2461442947387695,43.634578704833984,-23.116369247436523,-18.38626480102539,52.691533658317496,333621578,1720698555
4.0,0,-3.2944717407226562,-3.2130677700042725,7.52509069442749,-0.6759206056594849,1.2269370555877686,-2.273042678833008,-1.0472298860549927,-23.116369247436523,-16.868131637573242,28.635591185805385,346621578,1720698555
4.0,0,-5.4516801834106445,-4.120483875274658,6.122067451477051,-0.7078790068626404,1.222143292427063,-2.2930166721343994,1.7453831434249878,-21.715375900268555,-16.53076934814453,27.347216458880624,358621578,1720698555
4.0,0,-6.553030014038086,-2.2601609230041504,6.960050582885742,-0.7299835681915283,1.25809645652771,-2.3281707763671875,2.268998146057129,-19.088516235351562,-16.362089157104492,25.24356880948348,371621578,1720698555
4.0,0,-5.9999613761901855,-3.093355894088745,7.01511812210083,-0.7158685922622681,1.2325297594070435,-2.3484113216400146,2.967151403427124,-18.388019561767578,-16.02472496032715,24.57061376744461,383621578,1720698555
4.0,0,-7.225811004638672,-1.6807552576065063,5.770114421844482,-0.7249234914779663,1.2351930141448975,-2.315387725830078,3.4907662868499756,-17.162153244018555,-15.181319236755371,23.177519431743846,396621578,1720698555
4.0,0,-7.204262733459473,-0.03112509660422802,6.751751899719238,-0.6857744455337524,1.2285349369049072,-2.320181369781494,3.4907662868499756,-17.162153244018555,-15.181319236755371,23.177519431743846,408621578,1720698555
4.0,0,-6.414164066314697,0.028730858117341995,6.553030014038086,-0.6474242806434631,1.2405192852020264,-2.3287034034729004,4.014381408691406,-14.535292625427246,-14.337912559509277,20.807828487503947,421621578,1720698555
4.0,0,-2.2841031551361084,-3.3160200119018555,7.209051132202148,-0.6692625880241394,1.1742056608200073,-2.3292360305786133,6.1088409423828125,-13.834795951843262,-15.687362670898438,21.790201106386537,433621578,1720698555
4.0,0,-8.169140815734863,-5.832364082336426,4.628062725067139,-0.7060148119926453,1.2141536474227905,-2.369450569152832,7.505147457122803,-11.383060455322266,-12.65109920501709,18.599774589436898,446621578,1720698555
4.0,0,-3.91697359085083,-4.2138590812683105,6.658376693725586,-0.7235919237136841,1.2125557661056519,-2.3697168827056885,7.505147457122803,-10.682564735412598,-12.65109920501709,18.179514261239813,458621578,1720698555
4.0,0,-9.96481990814209,-4.982409954071045,4.623273849487305,-0.7206623554229736,1.2311981916427612,-2.4011428356170654,7.679685592651367,-9.806943893432617,-12.819780349731445,17.874576569705724,471621578,1720698555
4.0,0,-9.385414123535156,-3.7517714500427246,4.766928195953369,-0.7137380838394165,1.2375898361206055,-2.3952834606170654,7.679685592651367,-9.806943893432617,-12.819780349731445,17.874576569705724,483621578,1720698555
4.0,0,-7.060608386993408,-3.2058849334716797,5.861095428466797,-0.6612730026245117,1.2186810970306396,-2.3667874336242676,6.1088409423828125,-6.829836368560791,-8.265384674072266,12.340226346831605,496621578,1720698555
4.0,0,-6.069393634796143,-0.5865883827209473,6.02869176864624,-0.6431632041931152,1.2112241983413696,-2.3697168827056885,10.123222351074219,-4.202976226806641,-10.795604705810547,15.3847236210635,508621578,1720698555
4.0,0,-1.3527445793151855,-6.972021579742432,6.055028438568115,-0.6711268424987793,1.1555631160736084,-2.36811900138855,8.901453971862793,-3.6776041984558105,-9.277472496032715,13.372813891187418,521621578,1720698555
4.0,0,-9.102893829345703,-7.6208600997924805,3.2920775413513184,-0.7086779475212097,1.2027019262313843,-2.4093985557556152,9.425068855285645,-2.1014881134033203,-8.771429061889648,13.04554111585308,533621578,1720698555
4.0,0,-4.661581516265869,-4.630456924438477,6.2824811935424805,-0.7235919237136841,1.1901848316192627,-2.409931182861328,8.552377700805664,-1.5761160850524902,-9.952198028564453,13.21641221552057,546621578,1720698555
4.0,0,-4.019926071166992,-19.742889404296875,2.935336112976074,-0.6844428181648254,1.0383822917938232,-2.2245724201202393,8.552377700805664,1.2258679866790771,-8.602747917175293,12.192341382378794,558621578,1720698555
4.0,0,1.2952828407287598,1.2569750547409058,12.220192909240723,-0.2953490614891052,1.0796619653701782,-1.6328089237213135,8.72691535949707,1.7512400150299072,-7.084615707397461,11.37618886110681,571621578,1720698555
4.0,0,12.670308113098145,-20.2552547454834,7.434109687805176,-0.2964143455028534,0.12810000777244568,-0.9462355971336365,8.377839088439941,2.1014881134033203,-7.759340763092041,11.610848770023207,583621578,1720698555
4.0,0,-39.22719955444336,-14.066149711608887,-2.9209704399108887,-0.17417339980602264,0.6056120991706848,-0.39948025345802307,8.203300476074219,4.3780999183654785,-6.915934085845947,11.58844432509028,596621578,1720698555
4.0,0,17.430055618286133,-8.11886215209961,9.268095970153809,0.131295844912529,-0.31186091899871826,0.07164012640714645,8.552377700805664,2.9771080017089844,-6.241209030151367,10.998137412722238,608621578,1720698555
4.0,0,-17.911296844482422,-1.2162730693817139,2.583383083343506,0.20400124788284302,-0.05885675922036171,0.2402207851409912,8.377839088439941,3.5024800300598145,-6.747252941131592,11.31286773565257,621621578,1720698555
4.0,0,-8.252939224243164,-4.517927646636963,5.272112846374512,0.1201103925704956,-0.09560894221067429,0.2032022923231125,9.948683738708496,2.2766120433807373,-7.253296852111816,12.520766180780003,633621578,1720698555
4.0,0,-4.106118679046631,-3.91697359085083,6.59133768081665,0.13715487718582153,-0.07803180813789368,0.1664501130580902,10.123222351074219,2.8019840717315674,-7.759340763092041,13.059024258546572,646621578,1720698555
4.0,0,-6.430923938751221,-5.959259033203125,4.134849548339844,0.0769665315747261,-0.07856445014476776,0.12730103731155396,9.075992584228516,3.8527281284332275,-6.409890174865723,11.760265620913149,658621578,1720698555
4.0,0,11.363054275512695,-19.697399139404297,6.004749774932861,-0.006125363986939192,-0.7435659170150757,0.2777719497680664,8.203300476074219,2.2766120433807373,-7.928022384643555,11.633169818593512,671621578,1720698555
4.0,0,7.704658508300781,-9.354289054870605,-3.40700101852417,-0.05859043821692467,-0.694296658039093,0.668996274471283,8.203300476074219,2.2766120433807373,-7.928022384643555,11.633169818593512,683621578,1720698555
4.0,0,29.39406394958496,-2.190727949142456,6.8475213050842285,0.2314322292804718,-1.5217534303665161,1.0945758819580078,8.901453971862793,2.2766120433807373,-9.952198028564453,13.544928601104559,696621578,1720698555
4.0,0,-17.564130783081055,-14.317544937133789,-2.420574903488159,0.14088337123394012,-1.1856573820114136,1.317219614982605,8.901453971862793,2.2766120433807373,-9.614835739135742,13.299019193151803,708621578,1720698555
4.0,0,3.0358939170837402,-0.11013495922088623,12.624818801879883,0.21944782137870789,-1.5140300989151,1.2660861015319824,8.901453971862793,1.5761160850524902,-9.952198028564453,13.444934746086172,721621578,1720698555
4.0,0,-17.925661087036133,-3.871483087539673,8.475603103637695,0.10279957950115204,-1.4493143558502197,1.1244038343429565,8.203300476074219,1.2258679866790771,-9.614835739135742,12.698108414724064,733621578,1720698555
4.0,0,-20.0325927734375,-4.132455348968506,4.8124189376831055,-0.000532640318851918,-1.27593994140625,1.0077555179595947,7.505147457122803,-0.17512400448322296,-10.964285850524902,13.288095084778845,746621578,1720698555
4.0,0,3.146028995513916,-1.4533026218414307,7.460446357727051,0.007989604957401752,-1.4514448642730713,0.9915099740028381,7.505147457122803,-0.17512400448322296,-10.964285850524902,13.288095084778845,759621578,1720698555
4.0,0,-2.2074875831604004,-6.29445219039917,2.736614227294922,0.010120166465640068,-1.4005776643753052,1.031990647315979,6.632455825805664,0.7004960179328918,-12.145055770874023,13.855776579825605,771621578,1720698555
4.0,0,-5.930528163909912,-4.874669075012207,2.8994224071502686,0.08868461847305298,-1.345449447631836,1.0975054502487183,7.330609321594238,-0.7004960179328918,-11.807692527770996,13.915823027308273,784621578,1720698555
4.0,0,-6.299240589141846,-4.953678607940674,5.695892810821533,0.15100352466106415,-1.3845986127853394,1.1057612895965576,6.632455825805664,-2.1014881134033203,-12.145055770874023,13.996717552686393,796621578,1720698555
4.0,0,-7.714235305786133,-3.4644627571105957,7.259330749511719,0.13289377093315125,-1.3068331480026245,1.0306590795516968,6.632455825805664,-1.7512400150299072,-13.831868171691895,15.43945883088422,809621578,1720698555
4.0,0,-3.3974239826202393,-4.3718791007995605,7.474811553955078,0.09454365819692612,-1.3518412113189697,1.0317243337631226,5.236149311065674,-3.8527281284332275,-14.843955993652344,16.20505486509939,821621578,1720698555
4.0,0,-4.096541881561279,-3.7565598487854004,6.395010471343994,0.08841829746961594,-1.3225460052490234,1.0357191562652588,6.283379554748535,-4.553224086761475,-13.831868171691895,15.859800923478202,834621578,1720698555
4.0,0,-8.161957740783691,-2.2529780864715576,3.8786656856536865,0.11025655269622803,-1.3129583597183228,1.029593825340271,6.632455825805664,-4.553224086761475,-15.181319236755371,17.181204079860265,846621578,1720698555
4.0,0,-6.383039474487305,-2.6192967891693115,5.138035297393799,0.13209480047225952,-1.316686987876892,1.0306590795516968,5.934302806854248,-4.553224086761475,-16.19340705871582,17.837439041436706,859621578,1720698555
4.0,0,-1.4102063179016113,-3.2130677700042725,7.644803047180176,0.15100352466106415,-1.3702173233032227,1.0450403690338135,5.585226058959961,-7.004960060119629,-17.205495834350586,19.398280915571153,871621578,1720698555
4.0,0,-6.519510746002197,-3.9552814960479736,7.192291736602783,0.13395905494689941,-1.2714124917984009,1.0341212749481201,5.585226058959961,-7.004960060119629,-17.205495834350586,19.398280915571153,884621578,1720698555
4.0,0,-5.243381977081299,-2.4852192401885986,6.663165092468262,0.12144199758768082,-1.309496283531189,1.0114840269088745,4.188919544219971,-6.304464340209961,-16.868131637573242,18.488568968620218,896621578,1720698555
4.0,0,-6.636828422546387,-3.9289448261260986,5.676738739013672,0.13422536849975586,-1.3033708333969116,1.0327895879745483,3.8398427963256836,-7.355208396911621,-18.21758270263672,20.018086891356578,909621578,1720698555
4.0,0,-0.8738968968391418,-2.9473073482513428,7.1803202629089355,0.1600584238767624,-1.3393241167068481,1.044774055480957,2.618074655532837,-6.829836368560791,-18.7236270904541,20.1016216048767,921621578,1720698555
4.0,0,-4.158791542053223,-4.862698078155518,6.787665367126465,0.15526466071605682,-1.2868590354919434,1.026930570602417,3.4907662868499756,-7.355208396911621,-18.89230728149414,20.57191809846141,934621578,1720698555
4.0,0,-2.2386128902435303,-5.315208911895752,7.398196220397949,0.17550499737262726,-1.3225460052490234,1.0261316299438477,1.3963065147399902,-8.756199836730957,-18.55494499206543,20.564695259654265,946621578,1720698555
4.0,0,-4.788476467132568,-4.774110794067383,6.507539749145508,0.1776355504989624,-1.2852611541748047,1.035186529159546,1.3963065147399902,-8.756199836730957,-18.55494499206543,20.564695259654265,959621578,1720698555
4.0,0,-3.1891250610351562,-3.375875949859619,6.943290710449219,0.17657028138637543,-1.28339684009552,1.0077555179595947,2.268998146057129,-10.332316398620605,-19.735713958740234,22.392041448006232,971621578,1720698555
4.0,0,-7.474811553955078,-4.534687519073486,6.351913928985596,0.19974012672901154,-1.2359919548034668,1.0293275117874146,1.5708448886871338,-10.332316398620605,-21.422527313232422,23.835876159933953,984621578,1720698555
4.0,0,-2.3631131649017334,-1.4533026218414307,8.114073753356934,0.21252350509166718,-1.3052352666854858,1.026930570602417,0.17453831434249878,-11.032812118530273,-22.097253799438477,24.69902897570591,996621578,1720698555
4.0,0,-8.60728645324707,-2.03749680519104,6.126855850219727,0.21305613219738007,-1.2367908954620361,1.0082881450653076,0.0,-11.558184623718262,-22.94066047668457,25.687848000610614,9621578,1720698556
4.0,0,-6.682318687438965,-2.1476316452026367,7.6998701095581055,0.2319648712873459,-1.2413182258605957,1.0149462223052979,0.0,-11.558184623718262,-22.94066047668457,25.687848000610614,21621578,1720698556
4.0,0,-6.699078559875488,-1.4341487884521484,7.070185661315918,0.24341663718223572,-1.268216609954834,1.0045596361160278,-1.3963065147399902,-12.25868034362793,-23.27802276611328,26.345611770274825,34621578,1720698556
4.0,0,0.4046262502670288,-0.5434920787811279,8.037457466125488,0.2157193422317505,-1.2932506799697876,1.0018965005874634,-1.0472298860549927,-12.608928680419922,-24.627473831176758,27.687438310675454,46621578,1720698556
4.0,0,-3.581780433654785,-3.0358939170837402,7.402984619140625,0.21731725335121155,-1.2871253490447998,1.0077555179595947,-1.7453831434249878,-14.009920120239258,-24.290111541748047,28.09508396149402,59621578,1720698556
4.0,0,-6.368673324584961,-4.728620529174805,6.914559841156006,0.22184470295906067,-1.2072292566299438,0.9861835837364197,-2.7926130294799805,-13.659672737121582,-26.651649475097656,30.07816095709904,71621578,1720698556
4.0,0,-4.046262741088867,-3.402212619781494,6.572184085845947,0.23303015530109406,-1.2623577117919922,0.9891131520271301,-4.188919544219971,-15.41091251373291,-24.290111541748047,29.069791711748458,84621578,1720698556
4.0,0,-5.135641098022461,-4.233013153076172,7.83394718170166,0.24181872606277466,-1.2501068115234375,1.0050922632217407,-4.014381408691406,-17.337276458740234,-26.145605087280273,31.627347003522942,96621578,1720698556
4.0,0,-1.5275241136550903,-2.9209704399108887,7.623254299163818,0.2551347315311432,-1.2876580953598022,1.0096197128295898,-3.4907662868499756,-16.811904907226562,-26.989011764526367,31.988003249730664,109621578,1720698556
4.0,0,-1.5825914144515991,-2.9209704399108887,8.279275894165039,0.2721792161464691,-1.2668850421905518,1.0096197128295898,-5.759764194488525,-15.586036682128906,-26.820329666137695,31.550427991282238,121621578,1720698556
4.0,0,-1.0247340202331543,-4.644822120666504,8.547430038452148,0.2751087248325348,-1.2618249654769897,0.9795255661010742,-6.4579176902771,-17.687524795532227,-26.482967376708984,32.49462717685485,134621578,1720698556
4.0,0,-4.927342414855957,-2.3367764949798584,7.9584479331970215,0.3083987534046173,-1.1915165185928345,0.9824550747871399,-5.585226058959961,-19.613887786865234,-28.001100540161133,34.640452879626714,146621578,1720698556
4.0,0,-0.897839367389679,-1.8172268867492676,8.061399459838867,0.3121272325515747,-1.2876580953598022,0.99843430519104,-7.156070709228516,-18.03777313232422,-28.507143020629883,34.48518248128205,159621578,1720698556
4.0,0,-1.2497923374176025,-1.9321502447128296,8.760518074035645,0.3384929299354553,-1.245579481124878,0.9864498972892761,-8.552377700805664,-18.388019561767578,-28.507143020629883,34.98456275187432,171621578,1720698556
4.0,0,-1.757370948791504,-1.5275241136550903,9.57455825805664,0.34248775243759155,-1.2756736278533936,0.9747318029403687,-10.472298622131348,-18.56314468383789,-28.338462829589844,35.45881913612237,184621578,1720698556
4.0,0,-1.5873799324035645,0.7709447145462036,9.270490646362305,0.337693989276886,-1.2253390550613403,0.976862370967865,-9.948683738708496,-19.438764572143555,-28.844507217407227,36.1779970816396,196621578,1720698556
4.0,0,-3.8786656856536865,-1.2569750547409058,8.432506561279297,0.3110619783401489,-1.222143292427063,0.9486324191093445,-10.297760963439941,-19.789012908935547,-27.49505615234375,35.406595792178344,209621578,1720698556
4.0,0,-3.866694688796997,-2.0207371711730957,8.425324440002441,0.32997068762779236,-1.2253390550613403,0.9494314193725586,-10.297760963439941,-19.789012908935547,-27.49505615234375,35.406595792178344,222621578,1720698556
4.0,0,-3.0646250247955322,-1.8627172708511353,8.645594596862793,0.3571353554725647,-1.2152189016342163,0.9422407746315002,-12.9158353805542,-21.715375900268555,-29.687911987304688,38.9839514702331,234621578,1720698556
4.0,0,-1.467668056488037,-1.3072539567947388,8.784460067749023,0.3483467996120453,-1.2016366720199585,0.9502303600311279,-12.043143272399902,-21.540252685546875,-29.181869506835938,38.21781382484824,247621578,1720698556
4.0,0,-3.3112316131591797,-2.0566506385803223,8.786853790283203,0.3526079058647156,-1.2311981916427612,0.9326532483100891,-13.78852653503418,-20.13926124572754,-29.85659408569336,38.563318295095726,259621578,1720698556
4.0,0,-5.901797294616699,-1.2114845514297485,7.4173502922058105,0.3696523904800415,-1.1787331104278564,0.9353164434432983,-14.137603759765625,-22.24074935913086,-31.206045150756836,40.845318288328876,272621578,1720698556
4.0,0,-1.7669477462768555,-1.278523325920105,8.750940322875977,0.36432600021362305,-1.226670742034912,0.911613941192627,-16.23206329345703,-23.991989135742188,-32.55549621582031,43.57700948104008,284621578,1720698556
4.0,0,-1.4437257051467896,-0.9648780226707458,9.189085960388184,0.3946864902973175,-1.2154852151870728,0.9206688404083252,-16.23206329345703,-23.991989135742188,-32.55549621582031,43.57700948104008,297621578,1720698556
4.0,0,-0.3280106484889984,-2.2003049850463867,9.126835823059082,0.38989272713661194,-1.232263445854187,0.9126791954040527,-18.675600051879883,-21.890501022338867,-32.21813201904297,43.196991829330855,309621578,1720698556
4.0,0,-1.6663898229599,-2.018342971801758,8.389410972595215,0.3696523904800415,-1.2122894525527954,0.9068201780319214,-19.199214935302734,-24.167112350463867,-32.724178314208984,44.98367503697359,322621578,1720698556
4.0,0,-2.8491435050964355,-1.7621593475341797,9.572164535522461,0.4442220628261566,-1.1638190746307373,0.9017601013183594,-19.548290252685547,-24.86760902404785,-32.0494499206543,45.029999673469625,334621578,1720698556
4.0,0,-5.439709186553955,1.1564171314239502,8.020697593688965,0.4335692524909973,-1.1513020992279053,0.9070864915847778,-20.246444702148438,-26.268600463867188,-34.74835205078125,48.03546464491076,347621578,1720698556
4.0,0,1.4724565744400024,0.10055800527334213,9.84271240234375,0.41572579741477966,-1.2357256412506104,0.9137444496154785,-21.642751693725586,-24.51736068725586,-33.736263275146484,46.98558433940413,359621578,1720698556
4.0,0,-2.425363302230835,-1.8100440502166748,9.869050025939941,0.4341018795967102,-1.1968427896499634,0.8857808709144592,-22.340904235839844,-25.918352127075195,-33.736263275146484,48.052184537521576,372621578,1720698556
4.0,0,-0.8355891108512878,0.878685474395752,9.995944023132324,0.4684571921825409,-1.1821951866149902,0.8860471844673157,-21.9918270111084,-26.61884880065918,-33.06153869628906,47.80448627195036,384621578,1720698556
4.0,0,-0.6296846866607666,0.9553011059761047,9.639203071594238,0.42557963728904724,-1.1920491456985474,0.8698016405105591,-25.13351821899414,-25.918352127075195,-33.736263275146484,49.41244959337243,397621578,1720698556
4.0,0,0.4980015456676483,-1.4963988065719604,9.440481185913086,0.42984074354171753,-1.163020133972168,0.8514255881309509,-24.9589786529541,-28.545211791992188,-34.57966995239258,51.31796279729653,409621578,1720698556
4.0,0,1.6687840223312378,-0.4142032265663147,9.991155624389648,0.4434230625629425,-1.2146862745285034,0.8476970791816711,-24.9589786529541,-28.545211791992188,-34.57966995239258,51.31796279729653,422621578,1720698556
4.0,0,0.6655982136726379,-0.3567414879798889,9.229788780212402,0.4671255648136139,-1.1712760925292969,0.8391748070716858,-26.529823303222656,-26.61884880065918,-32.0494499206543,49.391921163173016,434621578,1720698556
4.0,0,-1.731034278869629,0.06464443355798721,9.94566535949707,0.4748488664627075,-1.181396245956421,0.8460991978645325,-27.227977752685547,-26.61884880065918,-33.398902893066406,50.649902254926154,447621578,1720698556
4.0,0,1.0893784761428833,-0.4525110125541687,9.952848434448242,0.4777783751487732,-1.1744719743728638,0.8362453579902649,-29.671512603759766,-27.319345474243164,-34.07362747192383,52.799217668745506,459621578,1720698556
4.0,0,-3.3662989139556885,-0.34477031230926514,7.127647399902344,0.47697943449020386,-1.1704771518707275,0.8160049915313721,-31.242359161376953,-28.194965362548828,-32.89285659790039,53.41330445622927,472621578,1720698556
4.0,0,1.1540228128433228,0.5889825820922852,10.292829513549805,0.49508920311927795,-1.1845921277999878,0.8370442986488342,-31.067819595336914,-28.019840240478516,-34.41099166870117,54.17044590119008,484621578,1720698556
4.0,0,2.269737958908081,-2.2050933837890625,10.601686477661133,0.49695345759391785,-1.18592369556427,0.8056185245513916,-31.765974044799805,-28.7203369140625,-33.736263275146484,54.51669761863931,497621578,1720698556
4.0,0,0.10774072259664536,-0.8762912154197693,9.00951862335205,0.5121337175369263,-1.1257354021072388,0.7909708619117737,-32.11505126953125,-29.070585250854492,-34.41099166870117,55.322615560864804,509621578,1720698556
4.0,0,-0.5506747961044312,1.5873799324035645,9.040643692016602,0.5203896164894104,-1.191782832145691,0.7888403534889221,-32.813201904296875,-28.7203369140625,-35.085716247558594,55.96937963095187,522621578,1720698556
4.0,0,0.6560212969779968,0.7805216908454895,10.386205673217773,0.5424941778182983,-1.1260017156600952,0.7869760990142822,-34.38404846191406,-29.946205139160156,-33.230220794677734,56.42061294359491,534621578,1720698556
4.0,0,0.2992797791957855,0.7972812652587891,9.553009986877441,0.5329066514968872,-1.1568949222564697,0.7672684192657471,-36.129432678222656,-29.595956802368164,-33.230220794677734,57.319317326368235,547621578,1720698556
4.0,0,4.764533996582031,1.4892162084579468,10.422119140625,0.528911828994751,-0.9792592525482178,0.7640725374221802,-36.129432678222656,-29.595956802368164,-33.230220794677734,57.319317326368235,559621578,1720698556
4.0,0,0.3974435329437256,5.269718647003174,27.912029266357422,0.6125363707542419,-1.0221368074417114,0.6428968906402588,-36.129432678222656,-31.347196578979492,-32.89285659790039,58.05103491051168,572621578,1720698556
4.0,0,-39.22719955444336,16.769245147705078,26.72927474975586,0.34674885869026184,0.029295219108462334,0.41812267899513245,-37.52573776245117,-30.646699905395508,-32.55549621582031,58.371752959508704,584621578,1720698556
4.0,0,29.12351417541504,-0.5817998647689819,37.99416732788086,-0.016245530918240547,-0.49881768226623535,-0.13395905494689941,-37.52573776245117,-31.697444915771484,-32.89285659790039,59.117248108945844,597621578,1720698556
4.0,0,-12.435672760009766,7.848312854766846,17.79637336730957,-0.22504054009914398,0.0556609146296978,-0.22850270569324493,-38.22389221191406,-32.39794158935547,-32.89285659790039,59.938573308224086,609621578,1720698556
4.0,0,10.034252166748047,-10.376627922058105,6.2561445236206055,-0.29481643438339233,0.1344916969537735,-0.17151018977165222,-38.74750518798828,-31.172073364257812,-32.38681411743164,59.34621339897702,622621578,1720698556
4.0,0,13.556177139282227,-7.707052707672119,0.1412600576877594,-0.12144199758768082,0.020240332931280136,-0.08788565546274185,-38.22389221191406,-31.347196578979492,-32.55549621582031,59.19098751539375,634621578,1720698556
4.0,0,0.06703867018222809,-1.1635997295379639,2.705489158630371,0.08309189230203629,0.14487817883491516,0.005859043914824724,-39.62019729614258,-31.347196578979492,-32.55549621582031,60.10213890540617,647621578,1720698556
4.0,0,2.3631131649017334,-0.13886581361293793,4.86030387878418,0.1387528032064438,0.06498212367296219,0.05965571850538254,-39.44565963745117,-30.471576690673828,-31.374725341796875,58.896947633323514,660621578,1720698556
4.0,0,9.861867904663086,5.913768291473389,6.3088178634643555,0.29801228642463684,-0.35234156250953674,-0.10812598466873169,-38.572967529296875,-30.646699905395508,-32.21813201904297,58.86511759865975,672621578,1720698556
4.0,0,6.335154056549072,0.5291266441345215,23.46353530883789,0.34381935000419617,0.005859043914824724,0.5358362197875977,-38.22389221191406,-33.09843826293945,-31.880769729614258,59.774208734422636,685621578,1720698556
4.0,0,39.22600173950195,-7.271301746368408,29.741226196289062,0.1113218292593956,-0.7440986037254333,0.7622083425521851,-38.22389221191406,-33.09843826293945,-31.880769729614258,59.774208734422636,697621578,1720698556
4.0,0,-2.607325315475464,3.9576759338378906,13.716590881347656,0.09560894221067429,-0.38669687509536743,1.0820589065551758,-38.74750518798828,-30.471576690673828,-31.374725341796875,58.431665512648074,710621578,1720698556
4.0,0,39.22600173950195,-9.148384094238281,21.782779693603516,0.004527443088591099,-0.8743290901184082,1.5041762590408325,-40.492889404296875,-29.771080017089844,-33.06153869628906,60.15859571714422,722621578,1720698556
4.0,0,5.379853248596191,1.4341487884521484,8.142804145812988,0.052198752760887146,-0.8932378888130188,1.8234941959381104,-41.54011917114258,-31.522321701049805,-33.06153869628906,61.7438548127943,735621578,1720698556
4.0,0,39.22600173950195,-2.990403413772583,16.853042602539062,0.20852869749069214,-1.026397943496704,2.2298989295959473,-41.714656829833984,-30.9969482421875,-33.904945373535156,62.05214513247764,747621578,1720698556
4.0,0,-0.4716649353504181,-6.418952941894531,9.430904388427734,0.02370249480009079,-1.0719387531280518,2.31299090385437,-43.9836540222168,-30.471576690673828,-32.38681411743164,62.545859461988,760621578,1720698556
4.0,0,-27.749221801757812,6.9744157791137695,5.255352973937988,0.2865605056285858,-0.867937445640564,2.021103858947754,-43.9836540222168,-30.471576690673828,-32.38681411743164,62.545859461988,772621578,1720698556
4.0,0,2.2386128902435303,2.2314300537109375,5.786873817443848,0.4378303587436676,-1.01627779006958,1.66876220703125,-46.60173034667969,-30.9969482421875,-31.206045150756836,64.08080309721915,785621578,1720698556
4.0,0,-1.5466779470443726,5.166766166687012,9.770886421203613,0.4745825529098511,-0.9925752282142639,1.694595217704773,-47.125343322753906,-28.370088577270508,-31.374725341796875,63.32482372216121,797621578,1720698556
4.0,0,1.7837074995040894,4.374273300170898,15.478750228881836,0.4823058247566223,-0.9451702833175659,1.6855403184890747,-46.9508056640625,-28.89546012878418,-31.543407440185547,63.51623667611513,810621578,1720698556
4.0,0,6.964838981628418,3.1580002307891846,13.630398750305176,0.4253133237361908,-0.9294573664665222,1.701785922050476,-47.64896011352539,-30.29645347595215,-29.85659408569336,63.87264440680945,822621578,1720698556
4.0,0,10.709427833557129,2.6911237239837646,9.531462669372559,0.34674885869026184,-0.9987006187438965,1.80937922000885,-49.394344329833984,-29.946205139160156,-30.53131866455078,65.33557892455849,835621578,1720698556
4.0,0,-0.9529067873954773,4.364696502685547,5.964047431945801,0.4034750461578369,-0.8460991978645325,1.8642412424087524,-51.13972473144531,-29.245708465576172,-31.543407440185547,66.82491647730677,847621578,1720698556
4.0,0,4.611302852630615,2.6767585277557373,8.920931816101074,0.5044103860855103,-0.9425070881843567,1.8354785442352295,-49.56888198852539,-28.370088577270508,-28.675825119018555,63.90805061751662,860621578,1720698556
4.0,0,-7.508331298828125,5.906585693359375,7.606494903564453,0.5419615507125854,-0.904689610004425,1.8772908449172974,-52.186954498291016,-28.89546012878418,-29.85659408569336,66.70713639678077,872621578,1720698556
4.0,0,1.0702245235443115,6.169951915740967,9.605684280395508,0.520123302936554,-0.9041569828987122,1.7976611852645874,-53.05964660644531,-28.370088577270508,-29.013187408447266,66.79785226697578,885621578,1720698556
4.0,0,7.036666393280029,2.1069295406341553,12.315961837768555,0.5310423970222473,-0.9939069151878357,1.7446634769439697,-53.93233871459961,-27.844717025756836,-30.868682861328125,68.0947942728666,897621578,1720698556
4.0,0,-2.52592134475708,3.7278289794921875,8.803613662719727,0.563267171382904,-0.8588825464248657,1.7673007249832153,-53.93233871459961,-27.844717025756836,-30.868682861328125,68.0947942728666,910621578,1720698556
4.0,0,8.705450057983398,3.512347459793091,9.794828414916992,0.5685935616493225,-0.938245952129364,1.7747576236724854,-56.20133590698242,-26.61884880065918,-28.675825119018555,68.4796043757436,922621578,1720698556
4.0,0,1.8387749195098877,3.8044445514678955,8.41574764251709,0.5755178928375244,-0.8927052617073059,1.7827471494674683,-55.328643798828125,-28.89546012878418,-27.49505615234375,68.20692452744292,935621578,1720698556
4.0,0,1.8675057888031006,3.2417984008789062,11.054197311401367,0.6282492876052856,-0.860214114189148,1.7902041673660278,-57.4231071472168,-26.093477249145508,-27.49505615234375,68.8059656004692,947621578,1720698556
4.0,0,4.307234764099121,4.568206310272217,11.327140808105469,0.6735236644744873,-0.9206688404083252,1.7750239372253418,-59.866641998291016,-26.79397201538086,-26.482967376708984,70.73386262313396,960621578,1720698556
4.0,0,-3.1316637992858887,4.821995735168457,7.654379844665527,0.6634035706520081,-0.8338484764099121,1.7321463823318481,-59.866641998291016,-26.093477249145508,-26.820329666137695,70.59896927366236,972621578,1720698556
4.0,0,3.995983600616455,1.9608811140060425,9.098105430603027,0.6588761210441589,-0.9174729585647583,1.7539846897125244,-59.866641998291016,-26.093477249145508,-26.820329666137695,70.59896927366236,985621578,1720698556
4.0,0,0.33519336581230164,5.750960350036621,9.699058532714844,0.7587461471557617,-0.8594151735305786,1.694595217704773,-61.43748474121094,-25.568103790283203,-25.63956069946289,71.31395049791215,997621578,1720698556
4.0,0,1.795678734779358,4.522716045379639,9.052614212036133,0.7350436449050903,-0.8663395643234253,1.7326791286468506,-62.13563919067383,-25.568103790283203,-25.9769229888916,72.03725506316229,10621578,1720698557
4.0,0,2.549863576889038,5.068602085113525,8.20266056060791,0.7387721538543701,-0.891906201839447,1.7135039567947388,-61.61202621459961,-23.991989135742188,-26.145605087280273,71.10028116919156,22621578,1720698557
4.0,0,-2.868297576904297,3.9528872966766357,7.862678050994873,0.7875087261199951,-0.8005583882331848,1.6985900402069092,-63.53194808959961,-25.918352127075195,-24.627473831176758,72.90117881315733,35621578,1720698557
4.0,0,7.127647399902344,3.325597047805786,10.685484886169434,0.8154723644256592,-0.8924389481544495,1.6866055727005005,-63.008331298828125,-24.34223747253418,-25.808242797851562,72.30947195592697,47621578,1720698557
4.0,0,-2.2793147563934326,2.6456332206726074,6.883435249328613,0.8061511516571045,-0.8375769257545471,1.6645010709762573,-63.35740661621094,-25.04273223876953,-23.784067153930664,72.15941561222125,60621578,1720698557
4.0,0,0.1987217664718628,3.842752456665039,8.46842098236084,0.8690026998519897,-0.7773885726928711,1.67621910572052,-64.4046401977539,-24.69248390197754,-23.446704864501953,72.85207209993837,72621578,1720698557
4.0,0,5.904191493988037,2.470853805541992,10.098896980285645,0.8644752502441406,-0.8575509786605835,1.6423964500427246,-64.92825317382812,-23.466615676879883,-23.615385055541992,72.96606418639162,85621578,1720698557
4.0,0,-2.8443548679351807,4.247378826141357,7.613677501678467,0.9001621603965759,-0.7933678030967712,1.6450597047805786,-68.2444839477539,-22.94124412536621,-22.434616088867188,75.41168523756613,97621578,1720698557
4.0,0,2.4109978675842285,3.7781078815460205,8.995153427124023,0.9225330352783203,-0.7816497087478638,1.6594409942626953,-68.2444839477539,-22.94124412536621,-22.434616088867188,75.41168523756613,110621578,1720698557
4.0,0,2.5187387466430664,4.34075403213501,8.372651100158691,0.9201362133026123,-0.8341147899627686,1.6146992444992065,-67.89540100097656,-21.890501022338867,-21.759891510009766,74.58198435694658,122621578,1720698557
4.0,0,0.3758954107761383,3.814021348953247,9.629626274108887,0.9419744610786438,-0.797096312046051,1.6154981851577759,-68.0699462890625,-21.014881134033203,-21.928571701049805,74.53861464852618,135621578,1720698557
4.0,0,2.2864975929260254,1.4963988065719604,8.650382995605469,0.978193998336792,-0.7640725374221802,1.5973883867263794,-67.37178802490234,-21.715375900268555,-22.94066047668457,74.40960472458416,148621578,1720698557
4.0,0,5.631248474121094,3.7805020809173584,8.25533390045166,0.9755308032035828,-0.8096133470535278,1.5928610563278198,-68.76809692382812,-20.31438446044922,-19.229671478271484,74.23951532502221,160621578,1720698557
4.0,0,5.310420513153076,6.701472759246826,9.021490097045898,1.0306590795516968,-0.8080154061317444,1.6011167764663696,-68.76809692382812,-19.613887786865234,-18.55494499206543,73.87856070809268,173621578,1720698557
4.0,0,1.0486763715744019,0.7565792798995972,7.996756076812744,1.0064239501953125,-0.7195971012115479,1.5473201274871826,-68.76809692382812,-19.613887786865234,-18.55494499206543,73.87856070809268,185621578,1720698557
4.0,0,3.1149041652679443,2.2553725242614746,9.57455825805664,1.1100224256515503,-0.8604804873466492,1.5417275428771973,-69.98986053466797,-21.540252685546875,-18.04890251159668,75.42099141016779,198621578,1720698557
4.0,0,-2.789287567138672,6.423741340637207,7.067790985107422,1.085787296295166,-0.7038841843605042,1.5297430753707886,-70.68801879882812,-18.73826789855957,-17.711538314819336,75.24371917322388,210621578,1720698557
4.0,0,8.296035766601562,3.5745978355407715,10.66872501373291,1.0831241607666016,-0.7808507680892944,1.5462548732757568,-69.64078521728516,-19.438764572143555,-18.38626480102539,74.604016427433,223621578,1720698557
4.0,0,-0.1699909120798111,3.536289930343628,8.269699096679688,1.1222732067108154,-0.7179992198944092,1.4881972074508667,-71.38616943359375,-18.03777313232422,-18.04890251159668,75.8096915166397,235621578,1720698557
4.0,0,3.38545298576355,4.910582542419434,8.387016296386719,1.1465083360671997,-0.7403700947761536,1.5004478693008423,-72.78247833251953,-18.388019561767578,-17.374176025390625,77.05368523431491,248621578,1720698557
4.0,0,6.859492301940918,3.0334997177124023,9.29682731628418,1.1382523775100708,-0.7451638579368591,1.4873981475830078,-72.25886535644531,-17.512399673461914,-13.831868171691895,75.62637332335211,260621578,1720698557
4.0,0,-1.1540228128433228,3.91697359085083,7.537062168121338,1.1739393472671509,-0.6775184869766235,1.484202265739441,-73.13155364990234,-17.337276458740234,-13.663187026977539,76.39036571446363,273621578,1720698557
4.0,0,8.580949783325195,3.4117894172668457,10.66633129119873,1.2173494100570679,-0.7781875133514404,1.450645923614502,-71.56070709228516,-18.2128963470459,-13.831868171691895,75.1263267437929,285621578,1720698557
4.0,0,-2.8539319038391113,2.0231313705444336,6.086153507232666,1.1880542039871216,-0.6503538489341736,1.4365310668945312,-72.25886535644531,-15.41091251373291,-13.831868171691895,75.16754901036674,298621578,1720698557
4.0,0,5.142823696136475,2.7222487926483154,8.06618881225586,1.2040334939956665,-0.6876387000083923,1.4173558950424194,-73.65516662597656,-17.162153244018555,-11.470330238342285,76.49308171624527,310621578,1720698557
4.0,0,1.4365429878234863,4.338359355926514,7.632831573486328,1.2421172857284546,-0.7036178708076477,1.414160132408142,-73.65516662597656,-17.162153244018555,-11.470330238342285,76.49308171624527,323621578,1720698557
4.0,0,2.885057210922241,5.813210487365723,8.920931816101074,1.2991098165512085,-0.6423642635345459,1.3563685417175293,-74.70240020751953,-16.46165657043457,-14.506593704223633,77.85805028837267,335621578,1720698557
4.0,0,5.255352973937988,3.196308135986328,8.71263313293457,1.2700809240341187,-0.7038841843605042,1.4083009958267212,-72.25886535644531,-16.811904907226562,-12.145055770874023,75.17636695723039,348621578,1720698557
4.0,0,1.3240137100219727,5.801239013671875,6.684712886810303,1.293516993522644,-0.6402336955070496,1.3350629806518555,-74.00424194335938,-17.162153244018555,-10.458242416381836,76.68469315334225,360621578,1720698557
4.0,0,8.375045776367188,1.2545808553695679,8.995153427124023,1.294049620628357,-0.6988241076469421,1.3768752813339233,-73.30609130859375,-15.41091251373291,-11.132966995239258,75.73124983497169,373621578,1720698557
4.0,0,6.191500186920166,4.994380950927734,9.359077453613281,1.3313345909118652,-0.6735236644744873,1.3007076978683472,-72.78247833251953,-16.63677978515625,-9.614835739135742,75.27626890417737,385621578,1720698557
4.0,0,4.029502868652344,2.5929598808288574,7.479599952697754,1.3414547443389893,-0.6769858598709106,1.3321335315704346,-72.78247833251953,-16.63677978515625,-9.614835739135742,75.27626890417737,398621578,1720698557
4.0,0,8.22420883178711,5.319997310638428,9.861867904663086,1.3499770164489746,-0.648223340511322,1.283929467201233,-74.35332489013672,-13.30942440032959,-10.795604705810547,76.30270493927743,410621578,1720698557
4.0,0,0.4309628903865814,2.0734102725982666,6.327971458435059,1.3758100271224976,-0.5965571999549866,1.2615586519241333,-75.40055084228516,-11.20793628692627,-10.458242416381836,76.9430681580325,423621578,1720698557
4.0,0,7.065396785736084,3.742194175720215,8.473209381103516,1.4152253866195679,-0.6420979499816895,1.255167007446289,-76.27324676513672,-14.535292625427246,-11.976373672485352,78.56409122585991,435621578,1720698557
4.0,0,5.791662216186523,3.787684917449951,7.561004161834717,1.4059041738510132,-0.6162648797035217,1.2466447353363037,-73.48062896728516,-14.885540008544922,-8.602747917175293,75.46515359091427,448621578,1720698557
4.0,0,5.849123954772949,2.5714118480682373,9.708635330200195,1.4237476587295532,-0.6026825308799744,1.2351930141448975,-73.48062896728516,-14.885540008544922,-8.602747917175293,75.46515359091427,460621578,1720698557
4.0,0,8.020697593688965,2.806046962738037,8.454055786132812,1.4519774913787842,-0.6554139256477356,1.218947410583496,-75.40055084228516,-13.30942440032959,-7.421977996826172,76.92509085190274,473621578,1720698557
4.0,0,5.803633689880371,3.7014923095703125,8.126044273376465,1.4730168581008911,-0.5986877083778381,1.1747382879257202,-75.57508850097656,-13.134300231933594,-8.265384674072266,77.15193081396862,485621578,1720698557
4.0,0,9.852291107177734,5.717440605163574,8.8514986038208,1.460766077041626,-0.6162648797035217,1.2325297594070435,-76.44778442382812,-10.507440567016602,-9.783516883850098,77.78423524852619,498621578,1720698557
4.0,0,2.5139501094818115,4.058233737945557,6.497962951660156,1.4820717573165894,-0.5787137746810913,1.1438450813293457,-75.40055084228516,-12.608928680419922,-6.747252941131592,76.74472993007112,510621578,1720698557
4.0,0,4.388638496398926,3.840358018875122,8.114073753356934,1.49618661403656,-0.5424941778182983,1.16062331199646,-75.74962615966797,-9.806943893432617,-6.747252941131592,76.6792503491655,523468534,1720698557
4.0,0,2.9497015476226807,5.9927778244018555,7.393407821655273,1.5648972988128662,-0.5395646691322327,1.0919126272201538,-75.92416381835938,-11.733307838439941,-7.253296852111816,77.167088059441,535468534,1720698557
4.0,0,2.50437331199646,1.920179009437561,6.521904945373535,1.4839359521865845,-0.506807267665863,1.116946816444397,-76.27324676513672,-12.083556175231934,-4.891758441925049,77.3792595117682,548468534,1720698557
4.0,0,5.734200954437256,6.76132869720459,8.750940322875977,1.5830070972442627,-0.5510164499282837,1.096440076828003,-75.22601318359375,-8.931324005126953,-4.891758441925049,75.91212622919294,560468534,1720698557
4.0,0,2.8467493057250977,2.0734102725982666,6.236990928649902,1.5393304824829102,-0.4977523982524872,1.0437086820602417,-77.32047271728516,-10.682564735412598,-5.566483497619629,78.2531688117484,573468534,1720698557
4.0,0,7.721418380737305,5.073390483856201,9.813982009887695,1.5936599969863892,-0.5720556974411011,1.0567584037780762,-74.70240020751953,-9.806943893432617,-4.723076820373535,75.49127234286424,585468534,1720698557
4.0,0,0.7302426099777222,4.678341388702393,6.114884853363037,1.5555760860443115,-0.4636634290218353,1.0591553449630737,-74.70240020751953,-9.806943893432617,-4.723076820373535,75.49127234286424,598468534,1720698557
4.0,0,7.802822589874268,3.3686931133270264,8.051822662353516,1.5987199544906616,-0.5310423970222473,1.037050724029541,-77.14593505859375,-10.857687950134277,-3.036263942718506,77.96539990545234,610468534,1720698557
4.0,0,4.513139247894287,7.266513347625732,7.819581985473633,1.5931273698806763,-0.4908280670642853,0.992042601108551,-77.14593505859375,-6.654712200164795,-5.060439586639404,77.59760653101236,623468534,1720698557
4.0,0,0.14365428686141968,2.0039772987365723,5.185919761657715,1.6112370491027832,-0.43250393867492676,0.9864498972892761,-76.09870147705078,-10.857687950134277,-4.385714530944824,76.99439100390835,635468534,1720698557
4.0,0,8.217025756835938,7.036666393280029,8.691084861755371,1.6405322551727295,-0.47937631607055664,0.9638127088546753,-73.82970428466797,-9.982068061828613,-1.855494499206543,74.52455821666496,648468534,1720698557
4.0,0,0.83319491147995,4.38385009765625,5.731806755065918,1.6242866516113281,-0.4135952293872833,0.9765960574150085,-74.35332489013672,-5.954216003417969,-3.373626470565796,74.66760318904367,660468534,1720698557
4.0,0,6.033480644226074,7.12046480178833,8.892200469970703,1.7076449394226074,-0.45753806829452515,0.9145435094833374,-74.35332489013672,-5.954216003417969,-3.373626470565796,74.66760318904367,673468534,1720698557
4.0,0,9.047825813293457,-1.300071358680725,16.678264617919922,1.6099053621292114,-0.3683207929134369,0.9707369804382324,-75.40055084228516,-4.202976226806641,-4.385714530944824,75.64484495608455,686468534,1720698557
4.0,0,9.047825813293457,-1.300071358680725,16.678264617919922,1.6099053621292114,-0.3683207929134369,0.9707369804382324,-76.79685974121094,-4.903471946716309,-2.3615384101867676,76.9894704937386,698468534,1720698557
4.0,0,-17.128381729125977,-4.853120803833008,21.936010360717773,0.5989540219306946,-0.16298793256282806,0.19601164758205414,-77.14593505859375,-7.004960060119629,0.0,77.46331235822953,711468534,1720698557
4.0,0,5.798844814300537,-17.15950584411621,14.164313316345215,0.14967192709445953,-0.24101975560188293,-0.09480997920036316,-75.40055084228516,-6.304464340209961,-0.6747252941131592,75.6666676427575,723468534,1720698557
4.0,0,2.779710531234741,-1.9297560453414917,7.47241735458374,0.12810000777244568,0.010386486537754536,-0.18935364484786987,-76.27324676513672,-5.078596115112305,-0.1686813235282898,76.442323120015,736468534,1720698557
4.0,0,12.90733814239502,6.332759857177734,7.041454792022705,0.10626175254583359,-0.018109772354364395,-0.20373493432998657,-75.92416381835938,-6.829836368560791,-0.1686813235282898,76.23092397267196,748468534,1720698557
4.0,0,8.691084861755371,7.17553186416626,5.743777751922607,-0.03621954470872879,0.14647608995437622,-0.05459563434123993,-75.74962615966797,-6.654712200164795,1.0120879411697388,76.04811226978049,761468534,1720698557
4.0,0,24.339826583862305,11.054197311401367,24.658260345458984,-0.07590124756097794,0.22690477967262268,-0.03195841982960701,-76.27324676513672,-5.428843975067139,-0.1686813235282898,76.46639112963268,773468534,1720698557
4.0,0,-36.98140335083008,-0.4525110125541687,26.8920841217041,-1.196043848991394,0.8194671869277954,-0.0806950107216835,-76.27324676513672,-6.479588031768799,-1.518131971359253,76.5630325799556,786468534,1720698557
4.0,0,11.379815101623535,21.722923278808594,28.443552017211914,-1.2796684503555298,0.6511527895927429,-0.6873723864555359,-78.36770629882812,-6.479588031768799,-0.843406617641449,78.63964513096118,798468534,1720698557
4.0,0,-23.267208099365234,-20.085264205932617,6.663165092468262,-2.1902170181274414,1.178466796875,-0.6524844765663147,-72.60794067382812,-4.903471946716309,-1.3494505882263184,72.78583724129608,811468534,1720698557
4.0,0,-7.783668518066406,29.827421188354492,21.567298889160156,-2.066378116607666,1.4293403625488281,-1.1134846210479736,-77.84408569335938,-6.654712200164795,-3.373626470565796,78.20081986440425,823468534,1720698557
4.0,0,-9.253730773925781,-9.450058937072754,-1.5442836284637451,-2.1611881256103516,1.1880542039871216,-1.3806037902832031,-75.22601318359375,-6.479588031768799,-2.530219793319702,75.54693992983547,836468534,1720698557
4.0,0,12.246528625488281,13.903341293334961,2.3631131649017334,-2.2056636810302734,1.583806037902832,-1.1550304889678955,-74.87693786621094,-4.728348255157471,-3.5423078536987305,75.10966014017664,848468534,1720698557
4.0,0,1.1181093454360962,3.744588851928711,4.031897068023682,-2.046137809753418,1.453309178352356,-1.1497042179107666,-76.44778442382812,-4.903471946716309,-6.072527885437012,76.84519097096279,861468534,1720698557
4.0,0,2.05904483795166,10.47239875793457,6.778088569641113,-2.1111199855804443,1.4834033250808716,-1.1968427896499634,-76.44778442382812,-4.903471946716309,-6.072527885437012,76.84519097096279,873468534,1720698557
4.0,0,-2.7246429920196533,-4.683129787445068,0.8738968968391418,-2.0642476081848145,1.4948550462722778,-1.2072292566299438,-77.49501037597656,-9.10644817352295,-8.434065818786621,78.48272101389834,886468534,1720698557
4.0,0,3.383058786392212,9.538644790649414,6.311212062835693,-1.866371750831604,1.4463849067687988,-1.2511720657348633,-76.09870147705078,-7.355208396911621,-7.421977996826172,76.81274122462146,898468534,1720698557
4.0,0,-1.1061381101608276,0.806858241558075,5.401401519775391,-1.9041892290115356,1.4455859661102295,-1.3150889873504639,-73.65516662597656,-5.603968143463135,-7.421977996826172,74.23997432002986,911468534,1720698557
4.0,0,14.683863639831543,8.463632583618164,10.232975006103516,-1.8045854568481445,1.4112305641174316,-1.367820382118225,-74.87693786621094,-7.180084228515625,-9.277472496032715,75.79037491438893,923468534,1720698557
4.0,0,14.61203670501709,2.343959331512451,10.098896980285645,-1.8605127334594727,1.4168232679367065,-1.314023733139038,-74.17878723144531,-7.180084228515625,-9.952198028564453,75.18704895297046,936468534,1720698557
4.0,0,10.065377235412598,2.0015830993652344,9.239365577697754,-1.8301522731781006,1.3877943754196167,-1.412295937538147,-74.17878723144531,-7.180084228515625,-9.952198028564453,75.18704895297046,948468534,1720698557
4.0,0,10.15635871887207,0.5315209031105042,7.640014171600342,-1.8469303846359253,1.3667551279067993,-1.4892624616622925,-73.48062896728516,-9.982068061828613,-12.313736915588379,75.17095604716711,961468534,1720698557
4.0,0,-2.760556697845459,2.940124750137329,4.522716045379639,-1.7486581802368164,1.583806037902832,-1.5188239812850952,-75.22601318359375,-7.880580425262451,-12.65109920501709,76.68837538005636,973468534,1720698557
4.0,0,-6.723021030426025,5.537873268127441,6.933713912963867,-1.6634358167648315,1.7055143117904663,-1.5369336605072021,-74.00424194335938,-7.705456256866455,-11.470330238342285,75.28326744711858,986468534,1720698557
4.0,0,7.764514923095703,3.9600701332092285,9.414144515991211,-1.691665768623352,1.6013832092285156,-1.5664952993392944,-72.78247833251953,-8.581076622009277,-13.325824737548828,74.48826507009234,998468534,1720698557
4.0,0,13.953619956970215,3.7757136821746826,9.96481990814209,-1.6312110424041748,1.5361347198486328,-1.6458587646484375,-72.08432006835938,-8.581076622009277,-12.9884614944458,73.74607927004102,11468534,1720698558
4.0,0,13.71419620513916,-2.2122762203216553,9.19148063659668,-1.6423964500427246,1.5134974718093872,-1.6567778587341309,-70.1644058227539,-9.456696510314941,-13.157143592834473,72.01099486099862,23468534,1720698558
4.0,0,2.9760379791259766,-0.07900986075401306,7.6519856452941895,-1.6181613206863403,1.5808764696121216,-1.7233577966690063,-73.30609130859375,-8.756199836730957,-13.831868171691895,75.11174765403688,36468534,1720698558
4.0,0,-3.045470952987671,-1.1013495922088623,7.422138690948486,-1.5683594942092896,1.7057806253433228,-1.7654364109039307,-70.33894348144531,-7.180084228515625,-15.350000381469727,72.35152445750992,48468534,1720698558
4.0,0,-2.7222487926483154,5.4780168533325195,7.771697521209717,-1.4905940294265747,1.7747576236724854,-1.7470602989196777,-69.64078521728516,-10.682564735412598,-16.699451446533203,72.40737416604364,61468534,1720698558
4.0,0,4.678341388702393,3.9121851921081543,8.60489273071289,-1.4373300075531006,1.7369401454925537,-1.8187004327774048,-68.94263458251953,-9.982068061828613,-17.711538314819336,71.87786262436516,73468534,1720698558
4.0,0,12.1603364944458,0.46687644720077515,10.17790699005127,-1.4359984397888184,1.6567778587341309,-1.8903405666351318,-68.94263458251953,-9.982068061828613,-17.711538314819336,71.87786262436516,86468534,1720698558
4.0,0,8.422929763793945,-1.8004671335220337,9.263307571411133,-1.4517111778259277,1.7052479982376099,-1.9012596607208252,-65.80094146728516,-9.982068061828613,-18.7236270904541,69.13739792756488,99468534,1720698558
4.0,0,-2.401421070098877,2.8419606685638428,8.583344459533691,-1.3395905494689941,1.8104444742202759,-1.894868016242981,-67.54632568359375,-9.281572341918945,-19.398351669311523,70.88687992836667,111468534,1720698558
4.0,0,-3.565020799636841,3.0646250247955322,8.691084861755371,-1.3188174962997437,1.8519904613494873,-1.9377455711364746,-67.54632568359375,-9.631820678710938,-20.073078155517578,71.12106965997121,124468534,1720698558
4.0,0,7.860283851623535,1.5682260990142822,9.162749290466309,-1.2980445623397827,1.8107107877731323,-1.936147689819336,-65.45186614990234,-11.383060455322266,-20.073078155517578,69.40064347303829,136468534,1720698558
4.0,0,9.074163436889648,0.8547430038452148,10.31198501586914,-1.2381224632263184,1.8525230884552002,-1.9960696697235107,-64.0555648803711,-11.032812118530273,-22.097253799438477,68.65221745044379,149468534,1720698558
4.0,0,5.758142948150635,0.42856863141059875,8.698267936706543,-1.230132818222046,1.8059171438217163,-2.055192708969116,-64.0555648803711,-11.032812118530273,-22.097253799438477,68.65221745044379,161468534,1720698558
4.0,0,-1.2450039386749268,0.24660654366016388,7.465234756469727,-1.1518347263336182,1.879421353340149,-2.1009998321533203,-61.96110153198242,-11.383060455322266,-23.784067153930664,67.3382062336742,174468534,1720698558
4.0,0,-1.367110013961792,2.7150661945343018,9.655962944030762,-1.0849883556365967,1.9342834949493408,-2.054393768310547,-61.96110153198242,-10.332316398620605,-24.458791732788086,67.41043953458353,186468534,1720698558
4.0,0,-0.6584155559539795,3.993589162826538,9.430904388427734,-1.0588890314102173,1.9896780252456665,-2.0839552879333496,-62.310176849365234,-11.032812118530273,-24.121429443359375,67.7209305948532,199468534,1720698558
4.0,0,5.571392059326172,1.1372631788253784,8.92572021484375,-1.0224031209945679,1.98941171169281,-2.1481385231018066,-59.5175666809082,-10.682564735412598,-24.796154022216797,65.35523840700249,211468534,1720698558
4.0,0,6.787665367126465,-1.3120425939559937,10.273675918579102,-0.9872488379478455,1.9388108253479004,-2.181162118911743,-58.12125778198242,-13.834795951843262,-24.458791732788086,64.55783978895742,224468534,1720698558
4.0,0,0.5315209031105042,-0.8188294768333435,7.68311071395874,-0.9318543076515198,1.940941333770752,-2.2144522666931152,-58.12125778198242,-12.083556175231934,-26.820329666137695,65.14156138288322,236468534,1720698558
4.0,0,2.4684596061706543,0.8834738731384277,10.244945526123047,-0.8642089366912842,1.9646438360214233,-2.2139196395874023,-56.724952697753906,-10.682564735412598,-25.808242797851562,63.22897155736092,249468534,1720698558
4.0,0,-0.11492343246936798,0.878685474395752,9.320769309997559,-0.8490287065505981,2.041876792907715,-2.2016687393188477,-54.97956848144531,-12.083556175231934,-29.181869506835938,63.406204650333095,261468534,1720698558
4.0,0,-2.4086036682128906,2.6767585277557373,8.5570068359375,-0.7619420289993286,2.146008014678955,-2.225637674331665,-52.186954498291016,-12.784051895141602,-27.83241844177246,60.51077357778767,274468534,1720698558
4.0,0,-4.968044281005859,0.7493965029716492,7.841130256652832,-0.7448975443840027,2.1510679721832275,-2.2602593898773193,-52.186954498291016,-12.784051895141602,-27.83241844177246,60.51077357778767,286468534,1720698558
4.0,0,2.420574903488159,-1.8914482593536377,10.17790699005127,-0.716401219367981,2.0671772956848145,-2.283961772918701,-51.8378791809082,-11.733307838439941,-29.85659408569336,60.96107316315791,299468534,1720698558
4.0,0,6.292057991027832,-1.4820334911346436,10.252128601074219,-0.6516854166984558,2.0501327514648438,-2.2948808670043945,-50.44157409667969,-12.083556175231934,-29.181869506835938,59.51425236953594,311468534,1720698558
4.0,0,1.4796391725540161,-0.1891448199748993,9.869050025939941,-0.6136016845703125,2.1217727661132812,-2.2757058143615723,-47.8234977722168,-11.20793628692627,-29.687911987304688,57.394049283414155,324468534,1720698558
4.0,0,-3.584174633026123,-0.11492343246936798,9.359077453613281,-0.520123302936554,2.2253713607788086,-2.3036694526672363,-47.29988479614258,-12.433804512023926,-29.181869506835938,56.95138369070226,336468534,1720698558
4.0,0,-7.125253200531006,-1.3503503799438477,8.145198822021484,-0.5129326581954956,2.2426819801330566,-2.3321657180786133,-46.0781135559082,-12.25868034362793,-30.700000762939453,56.709415792114314,349468534,1720698558
4.0,0,-2.1596028804779053,-0.5051842927932739,8.832345008850098,-0.4828384518623352,2.216582775115967,-2.353471279144287,-46.0781135559082,-12.25868034362793,-30.700000762939453,56.709415792114314,361468534,1720698558
4.0,0,3.945704698562622,0.8858681321144104,10.728581428527832,-0.39948025345802307,2.2093920707702637,-2.330834150314331,-44.1581916809082,-11.383060455322266,-31.543407440185547,55.44823271119563,374468534,1720698558
4.0,0,-1.367110013961792,-1.1372631788253784,9.663145065307617,-0.422916442155838,2.2770373821258545,-2.3513407707214355,-41.714656829833984,-11.733307838439941,-32.21813201904297,53.99806605850707,386468534,1720698558
4.0,0,-1.4940046072006226,-3.3926355838775635,8.832345008850098,-0.3214484453201294,2.2871575355529785,-2.3561346530914307,-40.31835174560547,-11.383060455322266,-31.880769729614258,52.64529448454608,399468534,1720698558
4.0,0,-3.304048538208008,-2.4876136779785156,9.428509712219238,-0.25060728192329407,2.2834291458129883,-2.382500410079956,-39.271121978759766,-12.433804512023926,-31.543407440185547,51.88262781559361,411468534,1720698558
4.0,0,-1.8363807201385498,-1.0175511837005615,8.94487476348877,-0.24101975560188293,2.3015389442443848,-2.3715810775756836,-37.00212097167969,-11.20793628692627,-32.38681411743164,50.434913709569145,424468534,1720698558
4.0,0,1.637658953666687,-0.8954451084136963,10.637600898742676,-0.15686258673667908,2.3473458290100098,-2.359863042831421,-36.82758331298828,-11.383060455322266,-31.880769729614258,50.02227940185556,436468534,1720698558
4.0,0,0.14365428686141968,1.6472358703613281,9.00951862335205,-0.12250728160142899,2.333231210708618,-2.3643903732299805,-33.16228103637695,-10.857687950134277,-32.0494499206543,47.379251908136595,449468534,1720698558
4.0,0,-5.415766716003418,0.4812418818473816,7.57776403427124,-0.08149396628141403,2.417388439178467,-2.3875603675842285,-32.98773956298828,-10.332316398620605,-31.206045150756836,46.57000083302362,461468534,1720698558
4.0,0,-2.5474693775177,-1.996794581413269,8.722209930419922,-0.051133476197719574,2.3904898166656494,-2.3851635456085205,-32.98773956298828,-11.383060455322266,-32.55549621582031,47.724473393253426,474468534,1720698558
4.0,0,-3.529107093811035,-2.401421070098877,8.49954605102539,-0.011984407901763916,2.394484519958496,-2.369450569152832,-30.02058982849121,-10.507440567016602,-32.0494499206543,45.15317664502049,486468534,1720698558
4.0,0,-2.032708168029785,-2.786893367767334,7.69508171081543,0.07643388956785202,2.448014974594116,-2.3606619834899902,-30.02058982849121,-10.507440567016602,-32.0494499206543,45.15317664502049,499468534,1720698558
4.0,0,-0.4070205092430115,-2.1548144817352295,9.35189437866211,0.11904511600732803,2.422981023788452,-2.3526723384857178,-27.7515926361084,-10.332316398620605,-30.19395637512207,42.29163815205655,511468534,1720698558
4.0,0,-1.5155527591705322,-2.4133920669555664,9.256125450134277,0.13422536849975586,2.4546730518341064,-2.3691842555999756,-26.180747985839844,-9.806943893432617,-31.374725341796875,42.02357795214709,524468534,1720698558
4.0,0,-7.182714939117432,0.18196210265159607,7.558609962463379,0.1957453191280365,2.495952606201172,-2.3702495098114014,-23.388134002685547,-9.806943893432617,-29.350549697875977,38.78963428835078,536468534,1720698558
4.0,0,-10.592109680175781,-3.38545298576355,6.605702877044678,0.1989411562681198,2.5617337226867676,-2.374776840209961,-22.51544189453125,-9.631820678710938,-30.868682861328125,39.402952616347285,549468534,1720698558
4.0,0,-2.39902663230896,-3.2346158027648926,8.355891227722168,0.25806424021720886,2.5670599937438965,-2.319382429122925,-22.51544189453125,-9.631820678710938,-30.868682861328125,39.402952616347285,561468534,1720698558
4.0,0,0.3471645414829254,-1.1899363994598389,8.513911247253418,0.3302370011806488,2.5420260429382324,-2.3092620372772217,-19.199214935302734,-9.10644817352295,-30.02527618408203,36.78388862531278,574468534,1720698558
4.0,0,-4.323994159698486,-1.1372631788253784,8.82276725769043,0.36565759778022766,2.550015687942505,-2.3465468883514404,-18.85013771057129,-9.806943893432617,-30.02527618408203,36.78343445311817,586468534,1720698558
4.0,0,-5.547450065612793,-1.197119116783142,7.690293312072754,0.4370313882827759,2.6056764125823975,-2.338024854660034,-15.882987022399902,-8.931324005126953,-28.507143020629883,33.83334196376302,599468534,1720698558
4.0,0,-2.659998655319214,-3.8595120906829834,8.698267936706543,0.4476841986179352,2.573185443878174,-2.2972779273986816,-13.090373992919922,-8.581076622009277,-27.49505615234375,31.638123839568053,612468534,1720698558
4.0,0,-3.8619062900543213,-4.395821571350098,8.406169891357422,0.4836374521255493,2.6424286365509033,-2.2858259677886963,-14.312141418457031,-8.055704116821289,-27.66373634338379,32.17163454467208,624468534,1720698558
4.0,0,-7.944082260131836,-0.4908188283443451,6.189105987548828,0.5235854387283325,2.6453583240509033,-2.2485413551330566,-14.312141418457031,-8.055704116821289,-27.66373634338379,32.17163454467208,637468534,1720698558
4.0,0,-5.449285984039307,-0.5865883827209473,6.605702877044678,0.5603376030921936,2.6887683868408203,-2.2703795433044434,-9.599607467651367,-6.829836368560791,-26.482967376708984,28.985284014998644,649468534,1720698558
4.0,0,-5.817998886108398,-5.173948764801025,6.217836380004883,0.6010846495628357,2.739103078842163,-2.273841619491577,-8.72691535949707,-8.405952453613281,-24.290111541748047,27.144587067310393,662468534,1720698558
4.0,0,-4.082176208496094,-4.7334089279174805,7.168349266052246,0.6540823578834534,2.673854351043701,-2.2549328804016113,-7.85422420501709,-7.180084228515625,-24.121429443359375,26.36448000212065,674468534,1720698558
4.0,0,-4.106118679046631,-2.937730312347412,7.039060592651367,0.6857744455337524,2.6988887786865234,-2.2104573249816895,-5.934302806854248,-5.954216003417969,-23.952747344970703,25.385088997102176,687468534,1720698558
4.0,0,-1.132474660873413,-2.633662223815918,8.176322937011719,0.745696485042572,2.6948935985565186,-2.157193422317505,-4.014381408691406,-6.479588031768799,-22.7719783782959,24.01381515747684,699468534,1720698558
4.0,0,-5.66716194152832,-2.039891004562378,7.096521854400635,0.757148265838623,2.7529516220092773,-2.178765296936035,-3.316227912902832,-5.779092311859131,-22.097253799438477,23.07994586207046,712468534,1720698558
4.0,0,-12.114845275878906,-3.5722033977508545,4.953678607940674,0.7648715376853943,2.8557512760162354,-2.2093920707702637,-1.0472298860549927,-5.954216003417969,-20.241758346557617,21.125296675077497,724468534,1720698558
4.0,0,-11.032649993896484,-6.210653781890869,5.0446600914001465,0.8056185245513916,2.8253908157348633,-2.1838252544403076,-0.6981532573699951,-3.8527281284332275,-21.253847122192383,21.611500398998732,737468534,1720698558
4.0,0,-0.787704348564148,-2.1572086811065674,8.085342407226562,0.8687363862991333,2.76759934425354,-2.0940754413604736,1.0472298860549927,-3.5024800300598145,-19.567033767700195,19.905598892310028,749468534,1720698558
4.0,0,0.8188294768333435,-2.3559303283691406,7.8531012535095215,0.9169403314590454,2.79369854927063,-2.091944932937622,1.3963065147399902,-3.5024800300598145,-18.55494499206543,18.934176029144947,762468534,1720698558
4.0,0,-12.991137504577637,-3.6176939010620117,3.7062809467315674,0.921734094619751,2.8778557777404785,-2.1036629676818848,1.3963065147399902,-3.5024800300598145,-18.55494499206543,18.934176029144947,774468534,1720698558
4.0,0,-11.54741096496582,-3.0119516849517822,3.995983600616455,0.9696717262268066,2.932185173034668,-2.089548110961914,3.4907662868499756,-1.4009920358657837,-16.868131637573242,17.282421499791834,787468534,1720698558
4.0,0,-6.162769317626953,-4.951284408569336,6.44289493560791,0.9872488379478455,2.8802525997161865,-2.0346860885620117,3.8398427963256836,-0.7004960179328918,-16.19340705871582,16.65717621750162,799468534,1720698558
4.0,0,-5.176342964172363,-4.616091251373291,6.895406246185303,1.0277295112609863,2.8999602794647217,-2.0136468410491943,5.585226058959961,-0.7004960179328918,-13.831868171691895,14.933386150498102,812468534,1720698558
4.0,0,-6.835549831390381,-1.6448416709899902,3.9648585319519043,1.0501004457473755,2.932717800140381,-2.0144457817077637,5.759764194488525,0.17512400448322296,-13.325824737548828,14.518373081338233,824468534,1720698558
4.0,0,-7.003147125244141,-5.600122928619385,4.197099685668945,1.065014362335205,2.9609477519989014,-1.9989992380142212,6.806994438171387,-0.17512400448322296,-12.313736915588379,14.071032603350986,837468534,1720698558
4.0,0,-12.576932907104492,-6.538664817810059,3.763742446899414,1.0969727039337158,3.0299246311187744,-1.9854168891906738,6.806994438171387,-0.17512400448322296,-12.313736915588379,14.071032603350986,849468534,1720698558
4.0,0,-9.483577728271484,-6.418952941894531,3.7254345417022705,1.1385186910629272,2.9415063858032227,-1.8839489221572876,7.156070709228516,1.9263640642166138,-8.265384674072266,11.101207606101786,862468534,1720698558
4.0,0,4.70228385925293,10.122838973999023,21.088451385498047,1.1955112218856812,2.5944912433624268,-1.5957905054092407,8.72691535949707,2.4517359733581543,-9.44615364074707,13.091977680224003,874468534,1720698558
4.0,0,0.9026277661323547,-7.719024181365967,33.514549255371094,0.7536861300468445,1.4067031145095825,-1.114283561706543,9.250530242919922,2.6268601417541504,-7.928022384643555,12.462994941462586,887468534,1720698558
4.0,0,-39.22719955444336,-10.216214179992676,10.350292205810547,0.021305613219738007,1.6487882137298584,-0.5502174496650696,9.250530242919922,2.9771080017089844,-7.253296852111816,12.126244144576297,899468534,1720698558
4.0,0,39.22600173950195,13.884187698364258,29.39406394958496,0.3526079058647156,-0.2593958377838135,-0.26046112179756165,7.330609321594238,3.8527281284332275,-6.409890174865723,10.472250909489567,912468534,1720698558
4.0,0,-32.68613815307617,-7.304821014404297,7.4676289558410645,-0.1387528032064438,-0.0287625789642334,0.09214677661657333,9.075992584228516,3.5024800300598145,-5.060439586639404,10.965813082483487,924468534,1720698558
4.0,0,-0.1508370041847229,-1.4748507738113403,5.578575134277344,-0.21119190752506256,-0.3265085518360138,0.24288399517536163,9.599607467651367,4.3780999183654785,-7.253296852111816,12.80353613862338,937468534,1720698558
4.0,0,-11.324747085571289,-8.533064842224121,1.9776407480239868,-0.2577979266643524,-0.18429355323314667,0.25113990902900696,8.552377700805664,3.6776041984558105,-5.903846263885498,11.023762410598867,949468534,1720698558
4.0,0,-10.31437873840332,-10.37183952331543,-1.300071358680725,0.042877547442913055,-0.1776355504989624,0.11744718998670578,8.552377700805664,4.728348255157471,-7.928022384643555,12.583877800213173,962468534,1720698558
4.0,0,-4.630456924438477,-4.951284408569336,3.8355696201324463,0.058324117213487625,-0.14860665798187256,0.13289377093315125,8.901453971862793,2.6268601417541504,-6.915934085845947,11.574386432865214,974468534,1720698558
4.0,0,-5.56181526184082,-5.590546131134033,4.788476467132568,0.10652806609869003,-0.12117567658424377,0.0681779608130455,8.901453971862793,2.6268601417541504,-6.915934085845947,11.574386432865214,987468534,1720698558
4.0,0,-10.007916450500488,-6.371067523956299,4.723832130432129,0.05885675922036171,-0.01384864840656519,0.021305613219738007,9.599607467651367,2.9771080017089844,-8.602747917175293,13.229622342050865,999468534,1720698558
4.0,0,-5.580969333648682,-4.941707611083984,5.8395466804504395,0.051133476197719574,0.004261122550815344,-0.0018642412032932043,9.250530242919922,3.8527281284332275,-6.915934085845947,12.175630089919887,12468534,1720698559
4.0,0,-6.3782501220703125,-5.9448933601379395,2.9305477142333984,0.041812267154455185,-0.001065280637703836,-0.01384864840656519,9.075992584228516,3.8527281284332275,-6.747252941131592,11.947492526559726,24468534,1720698559
4.0,0,-5.777297019958496,-6.54824161529541,4.063022136688232,0.09587526321411133,0.021039292216300964,-0.019441373646259308,8.377839088439941,3.1522321701049805,-6.747252941131592,11.209379005888144,37468534,1720698559
4.0,0,-3.8858487606048584,-5.284083843231201,5.9927778244018555,0.08468981087207794,0.016778171062469482,-0.01757713221013546,9.250530242919922,2.6268601417541504,-7.253296852111816,12.045041270347227,50468534,1720698559
4.0,0,-6.107701301574707,-5.487593650817871,5.758142948150635,0.04980187490582466,-0.001065280637703836,0.0287625789642334,9.250530242919922,2.6268601417541504,-7.253296852111816,12.045041270347227,62468534,1720698559
4.0,0,-8.049428939819336,-3.076596260070801,6.54824161529541,0.1201103925704956,-0.07110748440027237,0.08389085531234741,9.774145126342773,3.1522321701049805,-7.421977996826172,12.671078801365999,75468534,1720698559
4.0,0,8.715027809143066,-22.515417098999023,14.877796173095703,0.17151018977165222,-0.9020264148712158,0.3952191174030304,8.028762817382812,2.4517359733581543,-6.072527885437012,10.36087045475704,87468534,1720698559
4.0,0,-30.739625930786133,-3.172365665435791,9.694270133972168,0.052198752760887146,-0.47431620955467224,0.5851054191589355,9.250530242919922,3.6776041984558105,-6.915934085845947,12.121354160960802,100468534,1720698559
4.0,0,21.737289428710938,-2.8539319038391113,16.170684814453125,0.11664823442697525,-1.5371999740600586,0.6799154281616211,9.774145126342773,1.7512400150299072,-8.09670352935791,12.812390978399348,112468534,1720698559
4.0,0,-34.74039840698242,-15.035816192626953,-2.6408448219299316,-0.0143812894821167,-1.0596879720687866,0.8005583882331848,8.203300476074219,1.5761160850524902,-8.265384674072266,11.751377128860659,125468534,1720698559
4.0,0,-0.7374253869056702,-4.230618953704834,4.2401957511901855,0.14993825554847717,-1.3497107028961182,0.867937445640564,8.203300476074219,2.2766120433807373,-9.614835739135742,12.84220259096498,137468534,1720698559
4.0,0,-6.064605236053467,-5.612093925476074,4.0917534828186035,0.2226436585187912,-1.3907238245010376,0.9036243557929993,9.075992584228516,1.7512400150299072,-10.120879173278809,13.70666546682021,150468534,1720698559
4.0,0,-11.377419471740723,-4.738197326660156,4.726226329803467,0.17736923694610596,-1.3177522420883179,0.9321206212043762,8.72691535949707,1.0507440567016602,-10.458242416381836,13.661550029346154,162468534,1720698559
4.0,0,-1.534706711769104,-2.6911237239837646,7.774091720581055,0.19441372156143188,-1.4114969968795776,0.906021237373352,8.028762817382812,0.7004960179328918,-11.470330238342285,14.018566361278104,175468534,1720698559
4.0,0,-0.7661562561988831,-6.873857498168945,5.628854274749756,0.14248129725456238,-1.4205517768859863,0.829321026802063,8.028762817382812,0.7004960179328918,-11.470330238342285,14.018566361278104,187468534,1720698559
4.0,0,-7.261724948883057,-9.03106689453125,5.511536598205566,0.18669043481349945,-1.325209140777588,0.8453002572059631,6.806994438171387,0.5253720283508301,-11.30164909362793,13.203729067387389,200468534,1720698559
4.0,0,-4.158791542053223,-4.381455898284912,7.414956092834473,0.2101266235113144,-1.3108278512954712,0.8389084935188293,5.934302806854248,0.0,-11.807692527770996,13.215050231982367,212468534,1720698559
4.0,0,-4.9393134117126465,-0.3878665864467621,7.12046480178833,0.21651829779148102,-1.3180185556411743,0.8450339436531067,4.887072563171387,-1.7512400150299072,-12.819780349731445,13.831019052958643,225468534,1720698559
4.0,0,-7.410167217254639,-4.175551414489746,5.181131362915039,0.16298793256282806,-1.2820652723312378,0.7941667437553406,6.283379554748535,-2.1014881134033203,-13.157143592834473,14.731175731837311,237468534,1720698559
4.0,0,-8.741363525390625,-4.4365234375,5.049448490142822,0.17044490575790405,-1.3078984022140503,0.8024227023124695,6.283379554748535,-1.4009920358657837,-13.831868171691895,15.256612154494015,250468534,1720698559
4.0,0,-5.178737163543701,-6.569789886474609,5.05184268951416,0.1808314025402069,-1.3052352666854858,0.7957646250724792,6.283379554748535,-1.4009920358657837,-13.831868171691895,15.256612154494015,262468534,1720698559
4.0,0,-1.0223398208618164,-6.825973033905029,7.63043737411499,0.193881094455719,-1.3086973428726196,0.7909708619117737,4.887072563171387,-3.5024800300598145,-16.53076934814453,17.59025809475873,275468534,1720698559
4.0,0,-4.8387556076049805,-6.122067451477051,5.990383625030518,0.2301006317138672,-1.3007076978683472,0.819200873374939,3.1416897773742676,-2.4517359733581543,-15.85604476928711,16.349170610950072,287468534,1720698559
4.0,0,-8.039852142333984,-3.7254345417022705,6.220230579376221,0.22424158453941345,-1.2719451189041138,0.8144071102142334,4.014381408691406,-2.6268601417541504,-16.362089157104492,17.05091240619751,300468534,1720698559
4.0,0,-4.810024738311768,0.27773162722587585,7.383831024169922,0.2572652995586395,-1.2879244089126587,0.8066837787628174,3.1416897773742676,-4.903471946716309,-17.880220413208008,18.80469446213876,312468534,1720698559
4.0,0,-4.106118679046631,-3.9409162998199463,7.242570400238037,0.21838253736495972,-1.3025718927383423,0.772861123085022,3.1416897773742676,-4.903471946716309,-17.542858123779297,18.4842128028364,325468534,1720698559
4.0,0,-9.38301944732666,-3.746983051300049,5.240987777709961,0.20559915900230408,-1.2453131675720215,0.7773885726928711,0.17453831434249878,-4.728348255157471,-18.7236270904541,19.31222287225401,337468534,1720698559
4.0,0,-2.5929598808288574,-5.865883827209473,6.61049222946167,0.20906133949756622,-1.2991098165512085,0.7941667437553406,1.5708448886871338,-5.428843975067139,-19.735713958740234,20.52896261458799,350468534,1720698559
4.0,0,-0.5387036204338074,-6.466837406158447,7.752542972564697,0.20027276873588562,-1.3270734548568726,0.7648715376853943,0.5236149430274963,-5.428843975067139,-19.735713958740234,20.475471300446262,362468534,1720698559
4.0,0,-5.21225643157959,-6.703866958618164,7.201868534088135,0.2665864825248718,-1.308963656425476,0.7915035486221313,0.17453831434249878,-4.728348255157471,-18.38626480102539,18.985322598751107,375468534,1720698559
4.0,0,-5.904191493988037,-2.813230037689209,6.366279125213623,0.2844299376010895,-1.252237319946289,0.7912371754646301,1.2217681407928467,-6.129340171813965,-18.7236270904541,19.73919298639272,387468534,1720698559
4.0,0,-4.268926620483398,0.17238515615463257,7.618465900421143,0.2969469726085663,-1.2948485612869263,0.7680673599243164,1.2217681407928467,-6.129340171813965,-18.7236270904541,19.73919298639272,400468534,1720698559
4.0,0,-4.2665324211120605,-2.731825828552246,7.838736057281494,0.24687878787517548,-1.2831305265426636,0.750756561756134,-0.6981532573699951,-5.954216003417969,-19.904396057128906,20.787618636707375,412468534,1720698559
4.0,0,-9.081345558166504,-3.3184142112731934,6.837944030761719,0.2519388794898987,-1.2122894525527954,0.7592788338661194,-1.5708448886871338,-5.779092311859131,-21.422527313232422,22.243878665814847,425468534,1720698559
4.0,0,-1.7908902168273926,-5.013535022735596,7.474811553955078,0.24874304234981537,-1.3153553009033203,0.7435659170150757,-3.316227912902832,-4.728348255157471,-19.735713958740234,20.56339102029577,437468534,1720698559
4.0,0,-3.174759864807129,-5.650402545928955,8.355891227722168,0.2519388794898987,-1.3169533014297485,0.7331794500350952,-3.316227912902832,-8.230828285217285,-22.434616088867188,24.125834718946145,450468534,1720698559
4.0,0,-5.224227428436279,-6.593731880187988,6.574578285217285,0.3046702742576599,-1.291120171546936,0.748359739780426,-4.363457679748535,-8.230828285217285,-22.434616088867188,24.2919389147624,462468534,1720698559
4.0,0,-4.932130813598633,-2.2074875831604004,8.059005737304688,0.29241955280303955,-1.259960651397705,0.7254561185836792,-4.363457679748535,-8.230828285217285,-22.434616088867188,24.2919389147624,475468534,1720698559
4.0,0,-4.800447940826416,-0.07900986075401306,8.331949234008789,0.342754065990448,-1.2868590354919434,0.7289183139801025,-5.236149311065674,-8.055704116821289,-23.615385055541992,25.495059124211913,487468534,1720698559
4.0,0,-5.181131362915039,-2.5905656814575195,7.587340831756592,0.2889573574066162,-1.2626240253448486,0.719064474105835,-4.887072563171387,-8.405952453613281,-23.615385055541992,25.538792575445413,500468534,1720698559
4.0,0,-6.280086994171143,-2.703094959259033,7.407773017883301,0.29188692569732666,-1.2327960729599,0.7105422019958496,-5.934302806854248,-8.756199836730957,-24.96483612060547,27.113281393311524,512468534,1720698559
4.0,0,-4.268926620483398,-3.5961458683013916,8.030275344848633,0.27351081371307373,-1.3015066385269165,0.7033515572547913,-6.981532573699951,-8.756199836730957,-25.30219841003418,27.669732146140063,525468534,1720698559
4.0,0,-5.691104412078857,-4.07499361038208,7.8842267990112305,0.2988112270832062,-1.2799347639083862,0.7041504979133606,-8.552377700805664,-8.581076622009277,-24.121429443359375,26.992987954670685,538468534,1720698559
4.0,0,-3.35432767868042,-5.619277477264404,8.217025756835938,0.3057355582714081,-1.2945822477340698,0.7166675925254822,-9.599607467651367,-9.982068061828613,-26.482967376708984,29.88547652957535,550468534,1720698559
4.0,0,-2.087775707244873,-2.5354981422424316,8.636016845703125,0.33236756920814514,-1.2639555931091309,0.6889702677726746,-9.948683738708496,-8.931324005126953,-26.820329666137695,29.967898491848,563468534,1720698559
4.0,0,-2.6767585277557373,-1.0654360055923462,8.794036865234375,0.35553741455078125,-1.298843502998352,0.7054821252822876,-10.9959135055542,-8.230828285217285,-25.133516311645508,28.641757806917386,575468534,1720698559
4.0,0,-6.50514554977417,-2.013554334640503,8.760518074035645,0.31239354610443115,-1.242383599281311,0.6721920967102051,-11.344990730285645,-12.433804512023926,-25.133516311645508,30.248999181811694,588468534,1720698559
4.0,0,0.4046262502670288,0.04309628903865814,9.62723159790039,0.3515426218509674,-1.27593994140625,0.6759206056594849,-11.868605613708496,-10.15719223022461,-26.651649475097656,30.892438766775296,600468534,1720698559
4.0,0,-4.144426345825195,-5.415766716003418,7.142012596130371,0.2988112270832062,-1.2881907224655151,0.6612730026245117,-11.868605613708496,-10.15719223022461,-26.651649475097656,30.892438766775296,613468534,1720698559
4.0,0,-3.818809986114502,-6.323183059692383,8.817978858947754,0.2631243169307709,-1.2541017532348633,0.6492885947227478,-13.264911651611328,-10.857687950134277,-29.013187408447266,33.698847344460134,625468534,1720698559
4.0,0,-3.016740322113037,-6.359096527099609,8.035063743591309,0.38376736640930176,-1.2895222902297974,0.6759206056594849,-15.70844841003418,-11.908432006835938,-28.675825119018555,34.79754374332584,638468534,1720698559
4.0,0,-0.9864261746406555,-3.095750093460083,9.849896430969238,0.35553741455078125,-1.2999087572097778,0.6519517302513123,-15.533909797668457,-11.383060455322266,-27.49505615234375,33.568654005666616,650468534,1720698559
4.0,0,-3.3327796459198,-1.4389371871948242,9.00951862335205,0.4085351228713989,-1.2748746871948242,0.6665993928909302,-16.057525634765625,-11.558184623718262,-28.675825119018555,34.83875295649441,663468534,1720698559
4.0,0,-0.8810796737670898,-2.480430841445923,8.865863800048828,0.3297043740749359,-1.2493078708648682,0.6247870922088623,-16.057525634765625,-11.558184623718262,-28.675825119018555,34.83875295649441,675468534,1720698559
4.0,0,2.499584674835205,0.023942383006215096,9.80679988861084,0.372848242521286,-1.304169774055481,0.6277166604995728,-18.501060485839844,-10.507440567016602,-28.338462829589844,35.436760883496895,688468534,1720698559
4.0,0,-4.271320819854736,-2.39902663230896,8.485180854797363,0.3246442973613739,-1.276472568511963,0.5976224541664124,-18.501060485839844,-11.558184623718262,-29.013187408447266,36.299392756550965,700468534,1720698559
4.0,0,-4.096541881561279,-0.07661562412977219,9.564981460571289,0.39628443121910095,-1.237856149673462,0.6165311932563782,-18.15198516845703,-12.608928680419922,-30.02527618408203,37.28266162647463,713468534,1720698559
4.0,0,-2.7701337337493896,-5.205073833465576,7.493966102600098,0.33796030282974243,-1.2549006938934326,0.5989540219306946,-18.326522827148438,-12.433804512023926,-28.844507217407227,36.365732911523686,725468534,1720698559
4.0,0,0.7589734792709351,-4.197099685668945,10.386205673217773,0.3552711009979248,-1.298843502998352,0.606943666934967,-18.675600051879883,-11.733307838439941,-30.868682861328125,37.93842553035938,738468534,1720698559
4.0,0,-4.058233737945557,0.23702958226203918,8.398987770080566,0.43809667229652405,-1.2506394386291504,0.6021499037742615,-18.675600051879883,-11.733307838439941,-30.868682861328125,37.93842553035938,750468534,1720698559
4.0,0,0.9840319752693176,-1.4341487884521484,10.699851036071777,0.3616628050804138,-1.2879244089126587,0.5970898270606995,-21.9918270111084,-12.959176063537598,-30.362638473510742,39.66699528077968,763468534,1720698559
4.0,0,3.9337332248687744,-0.6847521066665649,10.395782470703125,0.40240976214408875,-1.3102952241897583,0.5749852657318115,-23.0390567779541,-12.25868034362793,-29.687911987304688,39.52778135882397,775468534,1720698559
4.0,0,-2.758162498474121,-2.6169025897979736,8.319977760314941,0.3395582437515259,-1.2650208473205566,0.568859875202179,-22.68998146057129,-13.659672737121582,-31.037363052368164,40.801223305323084,788468534,1720698559
4.0,0,-2.497190475463867,-1.02952241897583,9.545827865600586,0.3739134967327118,-1.2237411737442017,0.5683272480964661,-25.482593536376953,-12.959176063537598,-30.700000762939453,41.94988515396019,800468534,1720698559
4.0,0,0.36152997612953186,-2.803652763366699,8.901777267456055,0.38057151436805725,-1.293516993522644,0.5427604913711548,-24.784440994262695,-13.30942440032959,-28.675825119018555,40.1710373219651,813468534,1720698559
4.0,0,-1.367110013961792,-3.0047690868377686,8.485180854797363,0.37737569212913513,-1.252770185470581,0.540363609790802,-25.8316707611084,-13.659672737121582,-30.700000762939453,42.38339203556091,825468534,1720698559
4.0,0,-3.691915512084961,-3.275317907333374,8.20505428314209,0.42824283242225647,-1.219746470451355,0.537966787815094,-27.053438186645508,-13.834795951843262,-31.206045150756836,43.555795833607064,838468534,1720698559
4.0,0,3.2705295085906982,-2.03749680519104,10.98715877532959,0.3720493018627167,-1.283929467201233,0.5257160067558289,-27.926130294799805,-14.710416793823242,-31.037363052368164,44.267177691091184,850468534,1720698559
4.0,0,-1.3096483945846558,0.4333571195602417,8.79882526397705,0.43623244762420654,-1.2967129945755005,0.5113347172737122,-27.57705307006836,-14.710416793823242,-31.037363052368164,44.04779362830642,863468534,1720698559
4.0,0,2.7701337337493896,-1.1803593635559082,9.064586639404297,0.3491457402706146,-1.188586950302124,0.49881768226623535,-29.322437286376953,-15.761160850524902,-30.700000762939453,45.2847608651532,875468534,1720698559
4.0,0,-14.111639976501465,20.573688507080078,1.9944003820419312,-0.024235136806964874,-0.22530686855316162,0.34674885869026184,-29.322437286376953,-15.761160850524902,-30.700000762939453,45.2847608651532,888468534,1720698559
4.0,0,32.86570739746094,-19.484310150146484,6.672741889953613,0.29188692569732666,-0.7643388509750366,0.11398503184318542,-31.242359161376953,-14.885540008544922,-30.53131866455078,46.15003495893381,900468534,1720698559
4.0,0,-26.08283042907715,11.741344451904297,1.9704581499099731,-0.18429355323314667,-0.193881094455719,-0.006924324203282595,-30.02058982849121,-13.659672737121582,-30.362638473510742,44.82981472200044,913468534,1720698559
4.0,0,0.22984686493873596,0.897839367389679,8.233785629272461,0.40374138951301575,-0.023436175659298897,-0.013316008262336254,-31.41689682006836,-15.761160850524902,-30.700000762939453,46.66825092076436,925468534,1720698559
4.0,0,-2.9544899463653564,-9.397384643554688,9.035855293273926,-0.044741787016391754,0.12863264977931976,-0.04420914873480797,-30.71874237060547,-14.009920120239258,-31.037363052368164,45.86106082344394,938468534,1720698559
4.0,0,-2.9544899463653564,-9.397384643554688,9.035855293273926,-0.044741787016391754,0.12863264977931976,-0.04420914873480797,-32.11505126953125,-13.659672737121582,-31.037363052368164,46.70418699190033,950468534,1720698559
4.0,0,1.5035816431045532,-3.763742446899414,12.189066886901855,-0.09987006336450577,0.0988047793507576,-0.002663201652467251,-32.11505126953125,-13.659672737121582,-31.037363052368164,46.70418699190033,963468534,1720698559
4.0,0,-3.296865940093994,1.0917726755142212,11.437275886535645,-0.09800582379102707,0.08176029473543167,0.026099376380443573,-31.067819595336914,-14.009920120239258,-31.374725341796875,46.32343539135538,975468534,1720698559
4.0,0,-10.74294662475586,19.1467227935791,19.994281768798828,-0.38057151436805725,0.11185447126626968,-0.01145176775753498,-29.846052169799805,-16.63677978515625,-31.543407440185547,46.50328832114723,988468534,1720698559
4.0,0,-6.943290710449219,10.884206771850586,31.498600006103516,-1.747859239578247,0.06578107923269272,0.14274761080741882,-31.41689682006836,-14.009920120239258,-31.71208953857422,46.78627886978034,468534,1720698560
4.0,0,-0.019153906032443047,39.22600173950195,29.94234275817871,-1.6088401079177856,0.023169854655861855,-0.04980187490582466,-30.195127487182617,-14.535292625427246,-31.543407440185547,46.02181014053623,13468534,1720698560
4.0,0,4.338359355926514,-15.064547538757324,11.688671112060547,-3.1012985706329346,0.23968815803527832,0.0969405472278595,-30.369667053222656,-12.608928680419922,-30.700000762939453,44.98657362187075,25466886,1720698560
4.0,0,14.770055770874023,21.00225830078125,13.742926597595215,-2.2871575355529785,0.1581941843032837,0.11691455543041229,-30.02058982849121,-10.857687950134277,-30.700000762939453,44.29012585348436,38466886,1720698560
4.0,0,3.866694688796997,-7.889015197753906,2.0063717365264893,-2.8445656299591064,0.3952191174030304,0.3052029311656952,-30.71874237060547,-8.405952453613281,-32.724178314208984,45.66369472375384,50466886,1720698560
4.0,0,-2.2769205570220947,-11.743738174438477,-0.871502697467804,-2.4381611347198486,0.35180893540382385,0.3195841908454895,-31.765974044799805,-9.456696510314941,-31.71208953857422,45.87115475770853,63466886,1720698560
4.0,0,-0.09576953202486038,-0.2825201153755188,5.05184268951416,-2.2804996967315674,0.3185189366340637,0.32357898354530334,-30.195127487182617,-5.428843975067139,-31.543407440185547,44.00232520913397,76466886,1720698560
4.0,0,-6.720626354217529,-4.6807355880737305,7.096521854400635,-2.2139196395874023,0.4008118808269501,0.30680084228515625,-30.71874237060547,-3.8527281284332275,-31.374725341796875,44.07786334586153,88466886,1720698560
4.0,0,4.984804153442383,3.972041130065918,15.045392990112305,-2.2573297023773193,0.4026761054992676,0.30174073576927185,-29.671512603759766,-4.553224086761475,-30.700000762939453,42.93740276989076,101466886,1720698560
4.0,0,9.023883819580078,-4.438917636871338,11.425304412841797,-2.4019417762756348,0.5124000310897827,0.3528742492198944,-27.7515926361084,-0.8756200075149536,-30.53131866455078,41.26837801070467,113466886,1720698560
4.0,0,-1.0367051362991333,-5.279295444488525,6.14600944519043,-2.4272420406341553,0.6538160443305969,0.46765822172164917,-29.846052169799805,-0.8756200075149536,-31.206045150756836,43.189938579153434,126466886,1720698560
4.0,0,-3.9576759338378906,-4.0917534828186035,6.299240589141846,-2.3377585411071777,0.7217276096343994,0.5225201845169067,-29.49697494506836,1.2258679866790771,-30.868682861328125,42.7135793960657,138466886,1720698560
4.0,0,-1.3335906267166138,-6.016720771789551,6.217836380004883,-2.3089957237243652,0.690568208694458,0.4985513687133789,-27.227977752685547,2.1014881134033203,-29.687911987304688,40.33796156175302,151466886,1720698560
4.0,0,-0.8691084980964661,-4.144426345825195,5.166766166687012,-2.310593605041504,0.7275867462158203,0.5198569893836975,-27.227977752685547,2.1014881134033203,-29.687911987304688,40.33796156175302,163466886,1720698560
4.0,0,0.4884245991706848,-5.533084392547607,6.414164066314697,-2.214984893798828,0.7872424125671387,0.5331729650497437,-27.57705307006836,4.903471946716309,-31.037363052368164,41.80736536073648,176466886,1720698560
4.0,0,1.4245717525482178,-6.957656383514404,7.632831573486328,-2.2842280864715576,0.8471644520759583,0.6431632041931152,-25.8316707611084,6.304464340209961,-29.350549697875977,39.60399288575294,188466886,1720698560
4.0,0,0.6081365346908569,-5.5833635330200195,7.616071701049805,-2.2171154022216797,0.8913735747337341,0.6895028948783875,-26.006208419799805,8.230828285217285,-28.507143020629883,39.45537496759404,201466886,1720698560
4.0,0,1.6663898229599,-4.304840564727783,7.091733455657959,-2.2075278759002686,0.8935042023658752,0.6977588534355164,-27.402515411376953,7.180084228515625,-29.85659408569336,41.156623656432146,213466886,1720698560
4.0,0,-0.7661562561988831,-3.8738772869110107,6.373461723327637,-2.2480087280273438,0.9662095308303833,0.74809330701828,-24.9589786529541,8.581076622009277,-28.844507217407227,39.09720051367451,226466886,1720698560
4.0,0,2.375084400177002,-6.153192520141602,5.535478591918945,-2.167846202850342,1.018941044807434,0.7731274366378784,-24.9589786529541,8.581076622009277,-28.844507217407227,39.09720051367451,238466886,1720698560
4.0,0,3.375875949859619,-11.372631072998047,4.611302852630615,-2.2040657997131348,1.0450403690338135,0.8421043753623962,-24.784440994262695,11.558184623718262,-28.001100540161133,39.139772337792905,251466886,1720698560
4.0,0,-3.2346158027648926,-7.343128681182861,4.714254856109619,-2.1196422576904297,1.0977717638015747,0.9052222371101379,-23.21359634399414,12.083556175231934,-27.15769386291504,37.71503309044945,263466886,1720698560
4.0,0,-3.0885672569274902,-5.3559112548828125,5.521113395690918,-2.041876792907715,1.1249364614486694,0.9158750772476196,-23.21359634399414,11.733307838439941,-25.808242797851562,36.64160155296642,276466886,1720698560
4.0,0,3.816415786743164,-6.701472759246826,7.271301746368408,-2.1135168075561523,1.1105551719665527,0.9406428933143616,-22.68998146057129,13.834795951843262,-25.9769229888916,37.162311091763556,288466886,1720698560
4.0,0,-0.787704348564148,-6.7709059715271,4.122878074645996,-2.067976236343384,1.2074955701828003,0.976862370967865,-23.562671661376953,13.834795951843262,-26.145605087280273,37.8179023774589,301466886,1720698560
4.0,0,-0.859531581401825,-11.674304962158203,4.218647480010986,-2.040811538696289,1.2857937812805176,1.07060706615448,-19.199214935302734,16.111408233642578,-24.290111541748047,34.902676804417155,313466886,1720698560
4.0,0,-1.7214573621749878,-9.933694839477539,4.010348796844482,-2.021636486053467,1.2626240253448486,1.1124193668365479,-19.37375259399414,16.63677978515625,-25.133516311645508,35.83041129237605,326466886,1720698560
4.0,0,-4.268926620483398,-4.283292293548584,3.557838201522827,-1.917771577835083,1.2895222902297974,1.1483726501464844,-18.85013771057129,16.811904907226562,-21.591209411621094,33.22872495558031,338466886,1720698560
4.0,0,0.9074163436889648,-7.0318779945373535,4.778899669647217,-1.9625133275985718,1.3185511827468872,1.1627538204193115,-16.581140518188477,18.73826789855957,-22.7719783782959,33.83223173223539,351466886,1720698560
4.0,0,-0.2633661925792694,-8.272092819213867,4.302446365356445,-1.943604588508606,1.3419873714447021,1.2173494100570679,-16.581140518188477,18.73826789855957,-22.7719783782959,33.83223173223539,363466886,1720698560
4.0,0,-5.643219470977783,-7.537062168121338,1.3359850645065308,-1.8988628387451172,1.4581029415130615,1.2996424436569214,-14.137603759765625,18.73826789855957,-21.08516502380371,31.552792396036242,376466886,1720698560
4.0,0,-1.3383792638778687,-11.370237350463867,3.3351738452911377,-1.878888726234436,1.3864628076553345,1.363292932510376,-14.486680030822754,20.4895076751709,-19.060989379882812,31.51198405728099,388466886,1720698560
4.0,0,-7.000752925872803,-5.638431072235107,1.6448416709899902,-1.7981938123703003,1.4232150316238403,1.3518412113189697,-15.184833526611328,20.4895076751709,-20.747802734375,32.876593684661515,401466886,1720698560
4.0,0,-2.248189687728882,-3.071807622909546,3.761348247528076,-1.7662353515625,1.4668915271759033,1.409366250038147,-12.217681884765625,18.56314468383789,-19.567033767700195,29.609642038645937,413466886,1720698560
4.0,0,0.4596937298774719,-7.539456367492676,2.703094959259033,-1.7726269960403442,1.4410583972930908,1.4565050601959229,-11.51952838897705,22.065624237060547,-18.89230728149414,31.249169296062874,426466886,1720698560
4.0,0,-7.850707054138184,-9.677511215209961,-0.14604853093624115,-1.757979393005371,1.5348031520843506,1.5342705249786377,-11.51952838897705,22.065624237060547,-18.89230728149414,31.249169296062874,438466886,1720698560
4.0,0,-4.75495719909668,-10.951245307922363,0.5123670101165771,-1.6895352602005005,1.5265471935272217,1.5827407836914062,-10.64683723449707,21.190004348754883,-17.711538314819336,29.598479975759524,451466886,1720698560
4.0,0,-5.9209513664245605,-8.679113388061523,1.6304762363433838,-1.65091872215271,1.4855338335037231,1.5944589376449585,-9.599607467651367,21.890501022338867,-15.350000381469727,28.407199972069186,463466886,1720698560
4.0,0,-5.164371967315674,-4.5538411140441895,1.2426096200942993,-1.6075085401535034,1.55344557762146,1.6309447288513184,-7.330609321594238,21.365129470825195,-14.843955993652344,27.02868143051849,476466886,1720698560
4.0,0,0.1699909120798111,-6.632040023803711,2.5666234493255615,-1.574218511581421,1.557973027229309,1.6884697675704956,-6.806994438171387,21.540252685546875,-15.012638092041016,27.12373428422249,488466886,1720698560
4.0,0,-6.754146099090576,-7.742966175079346,-0.6416558623313904,-1.63307523727417,1.5766154527664185,1.7691649198532104,-5.934302806854248,19.964136123657227,-13.157143592834473,24.635200597718274,501466886,1720698560
4.0,0,-7.271301746368408,-7.242570400238037,-0.806858241558075,-1.5185576677322388,1.5808764696121216,1.820831060409546,-4.188919544219971,19.964136123657227,-12.145055770874023,23.740601462252464,513466886,1720698560
4.0,0,-4.699889659881592,-8.968816757202148,-0.1508370041847229,-1.4538419246673584,1.551048755645752,1.8210973739624023,-2.7926130294799805,19.964136123657227,-11.470330238342285,23.19340195988864,526466886,1720698560
4.0,0,-2.655210256576538,-4.06541633605957,1.4030234813690186,-1.4407920837402344,1.5683594942092896,1.8538546562194824,-1.7453831434249878,19.263641357421875,-10.458242416381836,21.988839785321435,539466886,1720698560
4.0,0,-1.9560925960540771,-3.6176939010620117,1.1468400955200195,-1.4051052331924438,1.5776807069778442,1.9137767553329468,-3.1416897773742676,19.964136123657227,-9.783516883850098,22.4533772167519,551466886,1720698560
4.0,0,-5.813210487365723,-8.968816757202148,-1.5682260990142822,-1.4397268295288086,1.660506248474121,2.0168426036834717,0.5236149430274963,19.088516235351562,-9.952198028564453,21.533505759063107,564466886,1720698560
4.0,0,-11.19785213470459,-8.070977210998535,-3.430943250656128,-1.379005789756775,1.622422456741333,2.0368165969848633,0.6981532573699951,17.512399673461914,-7.084615707397461,18.904056178909016,576466886,1720698560
4.0,0,-11.116448402404785,-7.774091720581055,-3.126875162124634,-1.3169533014297485,1.5862029790878296,2.0503990650177,1.3963065147399902,15.41091251373291,-7.759340763092041,17.310495818052605,589466886,1720698560
4.0,0,-3.6727614402770996,-5.72222900390625,-0.5171554684638977,-1.2881907224655151,1.576881766319275,2.0826237201690674,2.618074655532837,16.63677978515625,-6.578571796417236,18.080773307642108,601466886,1720698560
4.0,0,-3.7781078815460205,-4.0390801429748535,-0.1221061497926712,-1.2234748601913452,1.5675605535507202,2.1201748847961426,3.4907662868499756,13.659672737121582,-3.373626470565796,14.496670794274568,614466886,1720698560
4.0,0,-5.916162490844727,-6.59133768081665,-2.6935181617736816,-1.2788695096969604,1.6165634393692017,2.2317631244659424,4.014381408691406,15.936284065246582,-5.566483497619629,17.351257776655586,626466886,1720698560
4.0,0,-10.244945526123047,-7.0270891189575195,-5.109303951263428,-1.235459327697754,1.6221561431884766,2.258927583694458,4.014381408691406,15.936284065246582,-5.566483497619629,17.351257776655586,639466886,1720698560
4.0,0,-11.082929611206055,-4.3311767578125,-4.570600986480713,-1.1273332834243774,1.5662288665771484,2.253068685531616,7.156070709228516,14.185044288635254,-3.5423078536987305,16.277984346853195,651466886,1720698560
4.0,0,-11.082929611206055,-4.3311767578125,-4.570600986480713,-1.1273332834243774,1.5662288665771484,2.253068685531616,6.981532573699951,12.608928680419922,-3.036263942718506,14.729079342423343,664466886,1720698560
4.0,0,-3.174759864807129,-5.439709186553955,-1.1755709648132324,-1.096440076828003,1.5081712007522583,2.3097946643829346,8.203300476074219,12.433804512023926,-0.1686813235282898,14.8970495982558,676466886,1720698560
4.0,0,-5.365488052368164,-3.0885672569274902,-3.1053268909454346,-1.067677617073059,1.571555256843567,2.3910224437713623,8.028762817382812,9.806943893432617,-0.3373626470565796,12.678761550812172,689466886,1720698560
4.0,0,-7.867466449737549,-5.068602085113525,-4.752562999725342,-1.1020328998565674,1.5217534303665161,2.4607982635498047,8.203300476074219,7.530332088470459,-0.5060439705848694,11.147022946220783,701466886,1720698560
4.0,0,-10.350292205810547,-4.355119228363037,-5.964047431945801,-1.029593825340271,1.4820717573165894,2.4711849689483643,8.203300476074219,7.530332088470459,-0.5060439705848694,11.147022946220783,714466886,1720698560
4.0,0,-5.310420513153076,-4.335965156555176,-2.815624237060547,-0.981922447681427,1.452510118484497,2.478109121322632,10.123222351074219,7.004960060119629,2.3615384101867676,12.534989424644413,726466886,1720698560
4.0,0,-2.9592783451080322,-3.0263171195983887,-2.2529780864715576,-0.9763297438621521,1.4184212684631348,2.5201876163482666,8.552377700805664,5.078596115112305,2.8675825595855713,10.351730897473674,739466886,1720698560
4.0,0,-4.857909679412842,-4.027108669281006,-3.426154851913452,-0.9734002351760864,1.4746147394180298,2.5992848873138428,8.901453971862793,3.3273561000823975,3.8796703815460205,10.264454379039973,751466886,1720698560
4.0,0,-8.346314430236816,-4.343148231506348,-5.913768291473389,-0.9494314193725586,1.4708863496780396,2.6568100452423096,10.64683723449707,3.3273561000823975,5.229121208190918,12.319502844051005,764466886,1720698560
4.0,0,-11.97597885131836,-2.3295936584472656,-6.988780975341797,-0.9379796385765076,1.4218833446502686,2.670125961303711,10.123222351074219,0.3502480089664459,5.397802352905273,11.477742577619665,776466886,1720698560
4.0,0,-7.563398361206055,0.30646249651908875,-4.975227355957031,-0.8434359431266785,1.35556960105896,2.6632018089294434,10.64683723449707,0.5253720283508301,5.229121208190918,11.873283769707466,789466886,1720698560
4.0,0,-4.790870666503906,-5.537873268127441,-2.9760379791259766,-0.8570182919502258,1.2953813076019287,2.6693270206451416,12.043143272399902,-0.8756200075149536,6.578571796417236,13.7506951517997,801466886,1720698560
4.0,0,-4.932130813598633,-2.4684596061706543,-3.3974239826202393,-0.8865798115730286,1.3409221172332764,2.7707951068878174,9.948683738708496,-4.3780999183654785,5.229121208190918,12.06183135506324,814466886,1720698560
4.0,0,-7.323974609375,1.4054179191589355,-5.288872241973877,-0.8189345598220825,1.3366608619689941,2.808612585067749,10.472298622131348,-5.253720283508301,7.421977996826172,13.869259988687663,826466886,1720698560
4.0,0,-10.735764503479004,-1.8172268867492676,-7.096521854400635,-0.8338484764099121,1.2967129945755005,2.8469626903533936,10.472298622131348,-5.253720283508301,7.421977996826172,13.869259988687663,839466886,1720698560
4.0,0,-8.968816757202148,1.5131585597991943,-6.1555867195129395,-0.7845792174339294,1.2399866580963135,2.8304507732391357,12.217681884765625,-7.004960060119629,8.09670352935791,16.244932259739286,851466886,1720698560
4.0,0,-3.146028995513916,-0.9672722220420837,-2.9497015476226807,-0.7643388509750366,1.162487506866455,2.821129560470581,11.868605613708496,-9.806943893432617,8.09670352935791,17.39530269311244,864466886,1720698560
4.0,0,-1.4987930059432983,-4.06541633605957,-3.9864065647125244,-0.7864434719085693,1.1566286087036133,2.81527042388916,12.217681884765625,-12.784051895141602,8.09670352935791,19.44891620469687,876466886,1720698560
4.0,0,-17.185842514038086,32.829795837402344,-18.900117874145508,-0.4335692524909973,0.7952319979667664,2.062649726867676,10.64683723449707,-12.784051895141602,8.265384674072266,18.576967184283216,889466886,1720698560
4.0,0,2.803652763366699,2.2122762203216553,-10.254522323608398,-0.1656511425971985,0.5957582592964172,1.1592917442321777,10.64683723449707,-13.484548568725586,10.964285850524902,20.381456214221128,901466886,1720698560
4.0,0,-9.830741882324219,15.33749008178711,-13.48913860321045,-0.09987006336450577,-0.019441373646259308,0.15366673469543457,10.64683723449707,-13.484548568725586,10.964285850524902,20.381456214221128,914466886,1720698560
4.0,0,-13.73574447631836,6.988780975341797,-11.805988311767578,0.17470602691173553,-0.010386486537754536,-0.16831433773040771,10.472298622131348,-15.41091251373291,10.120879173278809,21.203713311048432,926466886,1720698560
4.0,0,-5.248170375823975,-3.557838201522827,-2.3822669982910156,0.17364074289798737,-0.20852869749069214,-0.24048711359500885,10.472298622131348,-14.36016845703125,10.795604705810547,20.794916626654896,939466886,1720698560
4.0,0,-8.329554557800293,-3.126875162124634,-1.74061119556427,0.1387528032064438,-0.07483596354722977,-0.17976611852645874,11.170452117919922,-15.060664176940918,10.795604705810547,21.636720798990126,952466886,1720698560
4.0,0,-8.92811393737793,-2.042285203933716,-2.1021411418914795,0.10146798193454742,-0.026632016524672508,-0.14834032952785492,11.170452117919922,-15.060664176940918,10.795604705810547,21.636720798990126,964466886,1720698560
4.0,0,-8.92811393737793,-2.042285203933716,-2.1021411418914795,0.10146798193454742,-0.026632016524672508,-0.14834032952785492,11.170452117919922,-15.060664176940918,10.795604705810547,21.636720798990126,977466886,1720698560
4.0,0,-19.40290641784668,-1.8459577560424805,-15.335095405578613,0.10493014752864838,-0.004793763160705566,-0.25620001554489136,10.821375846862793,-15.41091251373291,9.10879135131836,20.918137575005264,989466886,1720698560
4.0,0,-3.8738772869110107,27.35417366027832,-5.978412628173828,0.22717110812664032,-0.914277195930481,-1.2559659481048584,10.297760963439941,-12.784051895141602,10.289560317993164,19.373975205296425,2466886,1720698561
4.0,0,-7.661562442779541,9.983973503112793,-9.778068542480469,0.5313087701797485,-0.8631436824798584,-1.7595773935317993,11.694067001342773,-13.134300231933594,9.277472496032715,19.88297114440164,14466886,1720698561
4.0,0,-3.0071632862091064,-2.9066052436828613,-7.26890754699707,0.4535432457923889,-1.560369849205017,-2.6187262535095215,10.64683723449707,-12.083556175231934,10.626923561096191,19.29505059105159,27466886,1720698561
4.0,0,-25.910446166992188,16.431655883789062,-19.709369659423828,0.8037542700767517,-1.4647608995437622,-2.746826171875,10.821375846862793,-13.30942440032959,9.10879135131836,19.421972942237517,39466886,1720698561
4.0,0,-1.8291980028152466,-11.109265327453613,-4.920159339904785,0.6812469959259033,-1.94626784324646,-3.0642800331115723,11.868605613708496,-9.456696510314941,7.759340763092041,17.044068680327985,52466886,1720698561
4.0,0,-11.07095718383789,0.014365429058670998,-7.659168243408203,0.7946993708610535,-1.8591810464859009,-2.8885083198547363,10.472298622131348,-6.654712200164795,5.060439586639404,13.400085138093097,64466886,1720698561
4.0,0,-9.725396156311035,-6.263327598571777,-3.2681353092193604,0.7148033380508423,-1.8802202939987183,-2.7002203464508057,10.9959135055542,-5.078596115112305,6.241209030151367,13.625525401983808,77466886,1720698561
4.0,0,-9.723001480102539,-3.01434588432312,-4.031897068023682,0.6980251669883728,-1.8011232614517212,-2.591028928756714,10.297760963439941,-4.3780999183654785,6.409890174865723,12.895671049200171,89466886,1720698561
4.0,0,-11.5282564163208,0.560251772403717,-6.538664817810059,0.6783174276351929,-1.7851442098617554,-2.482370138168335,10.821375846862793,-3.5024800300598145,3.373626470565796,11.863848327711183,102466886,1720698561
4.0,0,-13.879399299621582,1.209090232849121,-10.089320182800293,0.7092106342315674,-1.7779535055160522,-2.398479461669922,10.821375846862793,-3.5024800300598145,3.373626470565796,11.863848327711183,114466886,1720698561
4.0,0,-8.873046875,-3.7326173782348633,-7.769303321838379,0.6634035706520081,-1.8780897855758667,-2.35693359375,11.694067001342773,0.5253720283508301,2.192857265472412,11.909485370359317,127466886,1720698561
4.0,0,-9.529067993164062,-1.999189019203186,-6.196288585662842,0.7254561185836792,-1.9196357727050781,-2.279168128967285,10.297760963439941,0.5253720283508301,1.855494499206543,10.47677223504008,139466886,1720698561
4.0,0,-7.994361877441406,-3.1627886295318604,-3.9576759338378906,0.7110748291015625,-1.958784818649292,-2.210191011428833,10.297760963439941,2.6268601417541504,1.1807692050933838,10.692917795446714,152466886,1720698561
4.0,0,-8.451661109924316,-3.744588851928711,-3.1843366622924805,0.7100095748901367,-1.9920748472213745,-2.1915485858917236,8.72691535949707,4.202976226806641,-0.3373626470565796,9.692155302643302,164466886,1720698561
4.0,0,-7.8531012535095215,-1.0319167375564575,-3.351933479309082,0.7651378512382507,-1.9926074743270874,-2.1675798892974854,8.72691535949707,4.202976226806641,-0.3373626470565796,9.692155302643302,177466886,1720698561
4.0,0,-3.967252731323242,-5.631248474121094,-2.118900775909424,0.7824486494064331,-2.081292152404785,-2.1196422576904297,9.250530242919922,5.779092311859131,-1.518131971359253,11.012490290875563,189466886,1720698561
4.0,0,-1.161205530166626,-3.5219244956970215,-0.9122047424316406,0.7973626255989075,-2.186488628387451,-2.0778300762176514,7.85422420501709,6.829836368560791,-3.5423078536987305,10.994700887899029,202466886,1720698561
4.0,0,-5.700681209564209,-3.560232400894165,-1.5825914144515991,0.8274567723274231,-2.1830263137817383,-2.022968053817749,6.981532573699951,8.055704116821289,-3.036263942718506,11.084000389085949,214466886,1720698561
4.0,0,-6.893012046813965,-5.966441631317139,-2.1236894130706787,0.8514255881309509,-2.233361005783081,-1.997667670249939,7.156070709228516,8.931324005126953,-4.891758441925049,12.446171987168595,227466886,1720698561
4.0,0,-6.928925514221191,-0.03591357171535492,-2.3870553970336914,0.899629533290863,-2.2373557090759277,-1.9438709020614624,6.1088409423828125,9.631820678710938,-4.55439567565918,12.281385394842033,239466886,1720698561
4.0,0,-6.964838981628418,-7.821976184844971,-2.5929598808288574,0.8884441256523132,-2.259460210800171,-1.8876773118972778,6.1088409423828125,9.631820678710938,-4.55439567565918,12.281385394842033,252466886,1720698561
4.0,0,-8.032669067382812,-7.316792011260986,-2.636056423187256,0.9038906693458557,-2.3015389442443848,-1.8344132900238037,4.188919544219971,11.558184623718262,-7.421977996826172,14.360516569026238,264466886,1720698561
4.0,0,-7.568187236785889,-6.169951915740967,-1.3982350826263428,0.9512956738471985,-2.3026041984558105,-1.7414677143096924,5.236149311065674,11.20793628692627,-9.10879135131836,15.362459936527882,277466886,1720698561
4.0,0,-7.7788801193237305,-9.059797286987305,-1.067830204963684,0.8935042023658752,-2.326572895050049,-1.6900678873062134,4.014381408691406,12.083556175231934,-9.614835739135742,15.955333096648122,289466886,1720698561
4.0,0,-14.585699081420898,-1.4221774339675903,-3.1125094890594482,0.9981679916381836,-2.2983431816101074,-1.6530492305755615,2.618074655532837,13.834795951843262,-9.952198028564453,17.242451668218308,302466886,1720698561
4.0,0,-7.247358798980713,-8.432506561279297,-1.4509084224700928,0.9901784062385559,-2.3292360305786133,-1.5752838850021362,0.34907662868499756,13.659672737121582,-11.807692527770996,18.059072972008714,314466886,1720698561
4.0,0,-6.584155082702637,-7.209051132202148,-1.7645535469055176,1.0317243337631226,-2.338024854660034,-1.519356608390808,-0.5236149430274963,16.63677978515625,-12.313736915588379,20.704703114381267,327466886,1720698561
4.0,0,-7.4293212890625,-6.227414131164551,-0.4237801730632782,1.057291030883789,-2.345215320587158,-1.4391942024230957,0.17453831434249878,15.936284065246582,-14.000550270080566,21.21346320845464,339466886,1720698561
4.0,0,-7.3120036125183105,-6.5626068115234375,-0.03830781206488609,1.083923101425171,-2.4261767864227295,-1.4431889057159424,0.5236149430274963,16.987028121948242,-13.325824737548828,21.596548380708672,352466886,1720698561
4.0,0,-4.711860656738281,-3.7733194828033447,1.0750129222869873,1.1387850046157837,-2.399278402328491,-1.3744784593582153,-3.1416897773742676,15.060664176940918,-14.169231414794922,20.915566905868477,364466886,1720698561
4.0,0,-3.275317907333374,-5.877854824066162,1.3192253112792969,1.1667487621307373,-2.391555070877075,-1.3057678937911987,-3.1416897773742676,15.060664176940918,-14.169231414794922,20.915566905868477,377466886,1720698561
4.0,0,-4.031897068023682,-6.543453216552734,1.7932844161987305,1.1800646781921387,-2.4546730518341064,-1.2751410007476807,-4.887072563171387,16.111408233642578,-17.205495834350586,24.072599369711693,389466886,1720698561
4.0,0,1.8722944259643555,-6.088547706604004,4.199493885040283,1.2421172857284546,-2.5225846767425537,-1.2173494100570679,-6.283379554748535,17.162153244018555,-17.205495834350586,25.10078583443283,402466886,1720698561
4.0,0,-0.6655982136726379,-6.7996368408203125,3.6296653747558594,1.2772715091705322,-2.506605625152588,-1.1571612358093262,-9.948683738708496,16.987028121948242,-22.097253799438477,29.594324760424954,415466886,1720698561
4.0,0,-5.3559112548828125,-0.8116468191146851,1.4916104078292847,1.3225460052490234,-2.4677226543426514,-1.1089571714401245,-8.552377700805664,15.235788345336914,-19.060989379882812,25.857179408844026,427466886,1720698561
4.0,0,-3.2705295085906982,-8.226602554321289,3.869088888168335,1.3696846961975098,-2.5193886756896973,-1.0852546691894531,-9.774145126342773,16.46165657043457,-20.241758346557617,27.8612424517317,440466886,1720698561
4.0,0,-4.905794143676758,-6.110096454620361,1.1923305988311768,1.39871346950531,-2.5042083263397217,-0.9939069151878357,-9.774145126342773,16.46165657043457,-20.241758346557617,27.8612424517317,452466886,1720698561
4.0,0,-3.814021348953247,-10.340715408325195,1.8411691188812256,1.3955177068710327,-2.4783754348754883,-0.9363817572593689,-12.56675910949707,16.111408233642578,-21.928571701049805,29.972707028816995,465466886,1720698561
4.0,0,-4.462860107421875,-9.948060035705566,2.169179677963257,1.4112305641174316,-2.484767198562622,-0.8982979655265808,-14.137603759765625,17.337276458740234,-23.10934066772461,32.163560455457635,477466886,1720698561
4.0,0,-9.050220489501953,-1.3623214960098267,1.692726492881775,1.4639619588851929,-2.4517433643341064,-0.8282557129859924,-17.104755401611328,14.710416793823242,-23.952747344970703,32.90445448520534,490466886,1720698561
4.0,0,-3.950493097305298,-8.173929214477539,3.9097909927368164,1.4959203004837036,-2.4426887035369873,-0.7576808929443359,-18.326522827148438,14.185044288635254,-25.808242797851562,34.68634193335171,502466886,1720698561
4.0,0,-1.4030234813690186,-9.399779319763184,5.164371967315674,1.5526466369628906,-2.4243125915527344,-0.7094769477844238,-18.326522827148438,14.185044288635254,-25.808242797851562,34.68634193335171,515466886,1720698561
4.0,0,-4.094147682189941,-9.411750793457031,4.565812110900879,1.555842399597168,-2.416322708129883,-0.6572781801223755,-20.420982360839844,14.535292625427246,-26.820329666137695,36.709962349324705,527466886,1720698561
4.0,0,-4.264138221740723,-8.676718711853027,3.8834545612335205,1.5696910619735718,-2.433100938796997,-0.5973561406135559,-21.29367446899414,13.659672737121582,-27.66373634338379,37.48719168133309,540466886,1720698561
4.0,0,-6.320788860321045,-5.774902820587158,4.036685943603516,1.6434617042541504,-2.3556020259857178,-0.5384994149208069,-21.468212127685547,12.784051895141602,-27.15769386291504,36.90333929021589,552466886,1720698561
4.0,0,-4.175551414489746,-2.6192967891693115,4.254561424255371,1.7004543542861938,-2.326572895050049,-0.4873659014701843,-22.864519119262695,13.134300231933594,-27.15769386291504,37.852825694913626,565466886,1720698561
4.0,0,0.21069295704364777,-7.290455341339111,5.734200954437256,1.699389100074768,-2.3774402141571045,-0.46313077211380005,-25.13351821899414,11.20793628692627,-27.326374053955078,38.781984126820774,577466886,1720698561
4.0,0,3.9026083946228027,-10.45803165435791,7.381436824798584,1.7228251695632935,-2.3936855792999268,-0.40427401661872864,-27.402515411376953,9.982068061828613,-29.181869506835938,41.25676964542585,590466886,1720698561
4.0,0,1.4916104078292847,-2.6719701290130615,5.794056415557861,1.83095121383667,-2.3643903732299805,-0.372848242521286,-28.449745178222656,10.682564735412598,-29.51923179626465,42.3661449257976,602466886,1720698561
4.0,0,-0.4142032265663147,-1.0319167375564575,6.4548659324646,1.8906068801879883,-2.3595967292785645,-0.34168878197669983,-29.846052169799805,8.230828285217285,-29.181869506835938,42.54544478903876,615466886,1720698561
4.0,0,-1.3862639665603638,-4.352725028991699,6.488385200500488,1.9329516887664795,-2.318317174911499,-0.2751087248325348,-31.94051170349121,8.581076622009277,-30.53131866455078,45.01102735186123,627466886,1720698561
4.0,0,0.3208279311656952,-7.608889102935791,6.670347690582275,1.9574532508850098,-2.321779251098633,-0.24501456320285797,-31.94051170349121,8.581076622009277,-30.53131866455078,45.01102735186123,640466886,1720698561
4.0,0,2.8539319038391113,-8.932902336120605,7.810005187988281,1.9300222396850586,-2.3295023441314697,-0.19041892886161804,-33.33681869506836,4.3780999183654785,-30.868682861328125,45.6441323851851,652466886,1720698561
4.0,0,-1.9249675273895264,-5.947287559509277,5.348728656768799,1.995004415512085,-2.2480087280273438,-0.14354658126831055,-36.129432678222656,5.078596115112305,-31.206045150756836,48.0098458454277,665466886,1720698561
4.0,0,-4.776504993438721,1.8555346727371216,5.399007320404053,2.1089894771575928,-2.183558940887451,-0.09454365819692612,-35.60581588745117,3.5024800300598145,-30.362638473510742,46.924740877762474,677466886,1720698561
4.0,0,-3.378270149230957,-3.2825005054473877,5.480411052703857,2.0994019508361816,-2.131093978881836,-0.06231892108917236,-37.351200103759766,2.1014881134033203,-31.71208953857422,49.04268573787969,690466886,1720698561
4.0,0,4.9919867515563965,-10.319167137145996,9.148384094238281,2.1486711502075195,-2.122305393218994,-0.018376091495156288,-38.572967529296875,1.5761160850524902,-32.21813201904297,50.28285987020064,702466886,1720698561
4.0,0,2.990403413772583,-8.5570068359375,7.8531012535095215,2.0826237201690674,-2.1574597358703613,0.00878856610506773,-38.572967529296875,1.5761160850524902,-32.21813201904297,50.28285987020064,715466886,1720698561
4.0,0,2.3583245277404785,-5.262535572052002,6.6942901611328125,2.1385509967803955,-2.104461908340454,0.04261122643947601,-40.492889404296875,-0.3502480089664459,-31.374725341796875,51.22665474388889,727466886,1720698561
4.0,0,-1.649630069732666,-3.38545298576355,8.128438949584961,2.187553882598877,-2.0107171535491943,0.12543679773807526,-41.88919448852539,-2.4517359733581543,-30.362638473510742,51.793874534096005,740466886,1720698561
4.0,0,-2.140449047088623,-1.2928886413574219,7.69508171081543,2.2456116676330566,-1.9505289793014526,0.16272161900997162,-43.9836540222168,-2.8019840717315674,-31.71208953857422,54.29612839592574,752466886,1720698561
4.0,0,-2.140449047088623,-1.2928886413574219,7.69508171081543,2.2456116676330566,-1.9505289793014526,0.16272161900997162,-45.20542526245117,-4.728348255157471,-31.206045150756836,55.133519789073716,765466886,1720698561
4.0,0,3.689521312713623,-4.5275044441223145,7.941688060760498,2.292750358581543,-1.950795292854309,0.1976095587015152,-44.1581916809082,-6.829836368560791,-31.880769729614258,54.89058239718207,777466886,1720698561
4.0,0,6.430923938751221,-0.8020698428153992,9.835530281066895,2.3750431537628174,-1.9396097660064697,0.20400124788284302,-48.17257308959961,-8.756199836730957,-30.02527618408203,57.4350506536208,790466886,1720698561
4.0,0,2.0710160732269287,0.435751348733902,7.862678050994873,2.4117953777313232,-1.8863457441329956,0.2527378499507904,-46.9508056640625,-7.530332088470459,-30.53131866455078,56.5088088112248,802466886,1720698561
4.0,0,-0.31364521384239197,-0.37110692262649536,6.380645275115967,2.491957902908325,-1.8123087882995605,0.2950827479362488,-49.56888198852539,-10.857687950134277,-30.362638473510742,59.13419707992967,815466886,1720698561
4.0,0,5.090150356292725,-3.5506551265716553,8.090130805969238,2.4386937618255615,-1.8059171438217163,0.30120810866355896,-50.616111755371094,-10.15719223022461,-29.013187408447266,59.21929049584801,827466886,1720698561
4.0,0,7.965630531311035,-3.404606819152832,8.679113388061523,2.496751546859741,-1.84879469871521,0.31665468215942383,-50.44157409667969,-12.784051895141602,-29.181869506835938,59.6604214544492,840466886,1720698561
4.0,0,3.871483087539673,0.6751751899719238,6.375855922698975,2.5313732624053955,-1.7627731561660767,0.35553741455078125,-52.7105712890625,-14.009920120239258,-25.9769229888916,60.41094863818668,853466886,1720698561
4.0,0,-3.1795482635498047,4.568206310272217,6.2250189781188965,2.589963436126709,-1.6482555866241455,0.3827020823955536,-49.21980285644531,-15.060664176940918,-27.66373634338379,58.43539087876616,865466886,1720698561
4.0,0,-2.731825828552246,0.7637620568275452,6.651194095611572,2.6437602043151855,-1.5875345468521118,0.4122636318206787,-54.28141403198242,-15.586036682128906,-26.145605087280273,62.23334407010587,878466886,1720698561
4.0,0,7.527484893798828,0.13407734036445618,9.409356117248535,2.6248514652252197,-1.6059106588363647,0.416524738073349,-54.455955505371094,-17.862648010253906,-27.326374053955078,63.4921727686008,890466886,1720698561
4.0,0,7.563398361206055,-1.0630418062210083,8.743758201599121,2.6317760944366455,-1.5806101560592651,0.4327702522277832,-56.375877380371094,-20.4895076751709,-26.145605087280273,65.43433456953268,903466886,1720698561
4.0,0,8.377439498901367,-3.6488189697265625,9.339923858642578,2.658141613006592,-1.511633276939392,0.4495484530925751,-56.375877380371094,-20.4895076751709,-26.145605087280273,65.43433456953268,915466886,1720698561
4.0,0,2.4588825702667236,1.1109265089035034,7.642408847808838,2.703416109085083,-1.474082112312317,0.4884311854839325,-56.89949035644531,-21.715375900268555,-25.63956069946289,66.07947204824369,928466886,1720698561
4.0,0,0.9648780226707458,2.839566469192505,6.569789886474609,2.725520610809326,-1.3792721033096313,0.49455657601356506,-58.29579544067383,-23.466615676879883,-24.290111541748047,67.3727788954696,940466886,1720698561
4.0,0,3.811627149581909,-2.762950897216797,6.7733001708984375,2.6839747428894043,-1.3510422706604004,0.5041440725326538,-59.34302520751953,-24.86760902404785,-21.253847122192383,67.7622213098621,953466886,1720698561
4.0,0,7.903380393981934,2.166785478591919,8.837133407592773,2.7665340900421143,-1.357966661453247,0.4966871440410614,-60.04117965698242,-26.61884880065918,-20.579120635986328,68.8259149755735,965466886,1720698561
4.0,0,8.164352416992188,3.9265506267547607,8.94726848602295,2.80328631401062,-1.2983108758926392,0.5100031495094299,-60.04117965698242,-26.61884880065918,-20.579120635986328,68.8259149755735,978466886,1720698561
4.0,0,6.205865383148193,3.1556060314178467,7.850707054138184,2.8427014350891113,-1.2788695096969604,0.5273139476776123,-59.866641998291016,-28.194965362548828,-19.735713958740234,69.05410416049205,990466886,1720698561
4.0,0,7.481994152069092,2.4133920669555664,9.03106689453125,2.874660015106201,-1.227203369140625,0.5329066514968872,-62.13563919067383,-28.370088577270508,-18.55494499206543,70.7812515230859,3466886,1720698562
4.0,0,6.497962951660156,0.6823578476905823,7.103704452514648,2.8711979389190674,-1.1952449083328247,0.5536796450614929,-62.310176849365234,-29.946205139160156,-16.02472496032715,70.96566177588964,15466886,1720698562
4.0,0,4.8866400718688965,3.220250368118286,6.430923938751221,2.9460337162017822,-1.1366544961929321,0.5539459586143494,-62.13563919067383,-29.420833587646484,-16.53076934814453,70.70848210693781,28466886,1720698562
4.0,0,8.003938674926758,2.7940759658813477,7.170743465423584,2.959616184234619,-1.1659497022628784,0.5608702898025513,-64.75371551513672,-32.39794158935547,-15.012638092041016,73.94626153312382,40466886,1720698562
4.0,0,3.256164073944092,4.041474342346191,4.829178333282471,2.9492294788360596,-1.044774055480957,0.5680609345436096,-64.75371551513672,-32.39794158935547,-15.012638092041016,73.94626153312382,53466886,1720698562
4.0,0,2.8754801750183105,3.9097909927368164,3.7565598487854004,3.011814832687378,-0.9915099740028381,0.558207094669342,-64.92825317382812,-33.974056243896484,-12.819780349731445,74.39261607231947,65466886,1720698562
4.0,0,7.419744491577148,8.13083267211914,6.584155082702637,3.0163424015045166,-0.9875151515007019,0.5411626100540161,-66.3245620727539,-33.974056243896484,-10.795604705810547,75.29760363232117,78466886,1720698562
4.0,0,4.326388359069824,6.998358726501465,3.507559061050415,2.485832452774048,-0.7648715376853943,0.4309060573577881,-63.35740661621094,-35.19992446899414,-9.277472496032715,73.07028911718788,90466886,1720698562
4.0,0,17.142745971679688,39.22600173950195,21.081268310546875,1.9888790845870972,-0.5611366033554077,0.3488794267177582,-65.80094146728516,-33.79893112182617,-8.940110206604004,74.51212796226707,103466886,1720698562
4.0,0,6.586549282073975,17.140352249145508,0.1316830962896347,0.7851118445396423,-0.29108792543411255,0.1557973027229309,-65.80094146728516,-33.79893112182617,-8.602747917175293,74.4724037122846,115466886,1720698562
4.0,0,9.088528633117676,30.294296264648438,12.837905883789062,0.33742767572402954,-0.13422536849975586,0.04953555390238762,-65.97547912597656,-34.67455291748047,-7.084615707397461,74.86841954823693,128466886,1720698562
4.0,0,5.851518154144287,6.536270618438721,2.3535361289978027,-0.20613181591033936,0.08868461847305298,-0.08788565546274185,-68.0699462890625,-35.37504959106445,-6.072527885437012,76.95315013880546,140466886,1720698562
4.0,0,5.806027889251709,8.726998329162598,10.759706497192383,-0.4596686363220215,0.21838253736495972,-0.0644494816660881,-65.97547912597656,-35.72529602050781,-6.747252941131592,75.3298482934002,153466886,1720698562
4.0,0,0.028730858117341995,-5.11409330368042,5.030294418334961,-0.38509899377822876,0.2263721525669098,-0.03728482499718666,-64.75371551513672,-34.84967803955078,-8.602747917175293,74.03749728483581,165466886,1720698562
4.0,0,2.008765935897827,-1.4868218898773193,8.480391502380371,-0.12916527688503265,0.07670021057128906,-0.05246507376432419,-64.75371551513672,-34.84967803955078,-8.602747917175293,74.03749728483581,178466886,1720698562
4.0,0,3.2657408714294434,0.5219439268112183,7.455657958984375,-0.03835010528564453,0.011984407901763916,-0.0375511460006237,-65.62640380859375,-35.72529602050781,-8.434065818786621,75.19478119415699,190466886,1720698562
4.0,0,3.921762228012085,5.973624229431152,7.690293312072754,0.05779147893190384,-0.012250727973878384,-0.016778171062469482,-67.02271270751953,-35.02479934692383,-8.771429061889648,76.12961681077041,203466886,1720698562
4.0,0,5.851518154144287,5.959259033203125,5.947287559509277,0.0556609146296978,-0.030360499396920204,-0.020240332931280136,-67.54632568359375,-34.499427795410156,-7.253296852111816,76.19269615120396,215466886,1720698562
4.0,0,7.900986194610596,7.412561893463135,7.599311828613281,0.06365051865577698,-0.004527443088591099,-0.009054886177182198,-65.97547912597656,-36.07554626464844,-8.09670352935791,75.62913124079422,228466886,1720698562
4.0,0,7.323974609375,4.010348796844482,6.76132869720459,0.032491061836481094,0.0431438684463501,-0.0013316008262336254,-65.27732849121094,-36.776039123535156,-9.10879135131836,75.47566991055528,240466886,1720698562
4.0,0,4.4484944343566895,3.42854905128479,7.276090145111084,0.04420914873480797,0.059389397501945496,-0.010652806609869003,-65.27732849121094,-36.776039123535156,-9.10879135131836,75.47566991055528,253466886,1720698562
4.0,0,1.6663898229599,4.352725028991699,7.422138690948486,0.06737900525331497,0.041812267154455185,-0.009587526321411133,-66.3245620727539,-35.72529602050781,-6.747252941131592,75.63577018942232,265466886,1720698562
4.0,0,3.2082793712615967,4.917765140533447,8.087737083435059,0.08042868971824646,-0.006658004131168127,-0.002663201652467251,-65.97547912597656,-36.4257926940918,-7.421977996826172,75.72772264290332,278466886,1720698562
4.0,0,5.293660640716553,5.181131362915039,7.28087854385376,0.06205260008573532,-0.016778171062469482,-0.012250727973878384,-65.45186614990234,-36.250667572021484,-9.614835739135742,75.43542104484142,290466886,1720698562
4.0,0,5.535478591918945,4.067810535430908,6.167557716369629,0.06737900525331497,-0.012517048045992851,-0.0143812894821167,-65.80094146728516,-34.499427795410156,-8.265384674072266,74.75487275089293,303466886,1720698562
4.0,0,6.557818412780762,5.571392059326172,7.690293312072754,0.042877547442913055,0.038616426289081573,-0.00719064474105835,-65.80094146728516,-34.499427795410156,-8.265384674072266,74.75487275089293,315466886,1720698562
4.0,0,5.281689643859863,6.014326572418213,7.850707054138184,0.07723285257816315,0.034621622413396835,-0.0018642412032932043,-68.76809692382812,-35.02479934692383,-8.434065818786621,77.63324796794811,328466886,1720698562
4.0,0,3.1340579986572266,4.666370391845703,7.094127655029297,0.05033451318740845,0.0375511460006237,-0.0018642412032932043,-66.3245620727539,-35.37504959106445,-8.771429061889648,75.67879250820944,341466886,1720698562
4.0,0,3.509953260421753,4.551446914672852,7.3622822761535645,0.0537966750562191,0.004261122550815344,-0.007723285350948572,-66.67363739013672,-35.72529602050781,-7.759340763092041,76.03866166406488,353466886,1720698562
4.0,0,5.288872241973877,4.043868541717529,7.407773017883301,0.06018836051225662,-0.005592723377048969,-0.010120166465640068,-65.80094146728516,-35.550174713134766,-7.928022384643555,75.20925713665109,366466886,1720698562
4.0,0,5.391824722290039,4.201888084411621,7.1851091384887695,0.06658004224300385,0.0,-0.016778171062469482,-66.3245620727539,-36.07554626464844,-8.434065818786621,75.97056034195747,378466886,1720698562
4.0,0,5.14761209487915,5.030294418334961,7.024694919586182,0.07643388956785202,0.013316008262336254,-0.002396881580352783,-67.19725036621094,-35.19992446899414,-8.602747917175293,76.34469471501338,391466886,1720698562
4.0,0,4.948890209197998,5.600122928619385,7.340734481811523,0.06338419765233994,0.011185446754097939,-0.00719064474105835,-65.80094146728516,-36.250667572021484,-9.614835739135742,75.73849657663439,403466886,1720698562
4.0,0,4.764533996582031,6.526693344116211,8.456449508666992,0.04207858443260193,0.036752182990312576,-0.009587526321411133,-66.67363739013672,-36.776039123535156,-8.771429061889648,76.6471717954093,416466886,1720698562
4.0,0,3.9600701332092285,4.151608943939209,6.701472759246826,0.05672619491815567,0.003994802478700876,-0.015979209914803505,-65.62640380859375,-36.07554626464844,-7.759340763092041,75.2892906343205,428466886,1720698562
4.0,0,5.070996284484863,3.7038865089416504,7.142012596130371,0.06365051865577698,0.002929521957412362,0.0007989605655893683,-65.97547912597656,-35.72529602050781,-6.747252941131592,75.3298482934002,441466886,1720698562
4.0,0,5.501959800720215,3.739799976348877,7.247358798980713,0.0700422003865242,0.01145176775753498,-0.010919126681983471,-65.97547912597656,-35.72529602050781,-6.747252941131592,75.3298482934002,453466886,1720698562
4.0,0,4.819601535797119,4.924948215484619,7.209051132202148,0.07723285257816315,0.014913929626345634,-0.011718087829649448,-66.49909973144531,-37.301414489746094,-8.265384674072266,76.69317030765477,466466886,1720698562
4.0,0,4.230618953704834,5.707863807678223,7.340734481811523,0.06844428181648254,0.01651185005903244,-0.009054886177182198,-66.67363739013672,-35.900421142578125,-7.084615707397461,76.05528213587411,478466886,1720698562
4.0,0,4.379061698913574,5.296054840087891,7.400590419769287,0.05885675922036171,0.012783369049429893,-0.002663201652467251,-66.3245620727539,-34.32430648803711,-8.09670352935791,75.1176554351213,491466886,1720698562
4.0,0,5.0446600914001465,4.4365234375,7.381436824798584,0.06072099879384041,0.005326403304934502,-0.004261122550815344,-66.49909973144531,-35.900421142578125,-7.5906596183776855,75.95122524850571,503466886,1720698562
4.0,0,5.293660640716553,4.0869646072387695,7.316792011260986,0.06418316066265106,0.018908733502030373,-0.006391684524714947,-66.49909973144531,-35.900421142578125,-7.5906596183776855,75.95122524850571,516466886,1720698562
4.0,0,4.599331378936768,4.752562999725342,7.283272743225098,0.07350436598062515,0.020240332931280136,-0.008522245101630688,-66.49909973144531,-36.60091781616211,-8.265384674072266,76.35492147784943,528329174,1720698562
4.0,0,4.187522888183594,5.214650630950928,7.295243740081787,0.06950956583023071,0.0143812894821167,-0.006391684524714947,-65.97547912597656,-36.07554626464844,-8.771429061889648,75.70433839604387,541329174,1720698562
4.0,0,4.395821571350098,5.027900218963623,7.340734481811523,0.06178628280758858,0.00719064474105835,-0.0034621621016412973,-67.19725036621094,-37.301414489746094,-7.928022384643555,77.26396002436378,553329174,1720698562
4.0,0,4.910582542419434,4.484408378601074,7.192291736602783,0.06524843722581863,0.006391684524714947,-0.009321206249296665,-66.67363739013672,-35.72529602050781,-8.771429061889648,76.14859595798278,566329174,1720698562
4.0,0,5.159583568572998,4.388638496398926,7.2569355964660645,0.06764532625675201,0.011718087829649448,-0.008522245101630688,-65.62640380859375,-35.72529602050781,-8.434065818786621,75.19478119415699,578329174,1720698562
4.0,0,4.953678607940674,4.884245872497559,7.410167217254639,0.07164012640714645,0.018376091495156288,-0.0031958422623574734,-67.19725036621094,-36.250667572021484,-8.602747917175293,76.83481390569584,591329174,1720698562
4.0,0,4.355119228363037,5.2002854347229,7.319186210632324,0.07297173142433167,0.016245530918240547,-0.005326403304934502,-65.80094146728516,-36.250667572021484,-8.602747917175293,75.61667851158738,603329174,1720698562
4.0,0,4.369484901428223,5.082967758178711,7.237782001495361,0.0631178766489029,0.00825592502951622,-0.005859043914824724,-64.2301025390625,-35.37504959106445,-7.759340763092041,73.73674507887186,616329174,1720698562
4.0,0,4.314417362213135,4.944101810455322,7.244964599609375,0.061519961804151535,0.007989604957401752,-0.004793763160705566,-65.62640380859375,-36.776039123535156,-8.434065818786621,75.69963934326253,628329174,1720698562
4.0,0,5.159583568572998,4.419764041900635,7.2856669425964355,0.0700422003865242,0.010386486537754536,-0.006125363986939192,-67.72086334228516,-36.4257926940918,-9.44615364074707,77.47376022771847,641329174,1720698562
4.0,0,4.867486476898193,4.747774600982666,7.283272743225098,0.07483596354722977,0.01384864840656519,-0.006924324203282595,-67.02271270751953,-35.72529602050781,-7.421977996826172,76.31137891437281,653329174,1720698562
4.0,0,4.505956172943115,5.152400493621826,7.314397811889648,0.0700422003865242,0.014114969410002232,-0.004793763160705566,-66.1500244140625,-36.60091781616211,-7.928022384643555,76.01517252429232,666329174,1720698562
4.0,0,4.513139247894287,5.150006294250488,7.2856669425964355,0.07030852884054184,0.015712888911366463,-0.005060083232820034,-65.80094146728516,-36.250667572021484,-6.915934085845947,75.44338898590162,678329174,1720698562
4.0,0,4.747774600982666,4.69031286239624,7.352705478668213,0.06285155564546585,0.007456964813172817,-0.006658004131168127,-66.49909973144531,-35.900421142578125,-8.602747917175293,76.059041375984,691329174,1720698562
4.0,0,4.989592552185059,4.403004169464111,7.300032615661621,0.06658004224300385,0.009054886177182198,-0.009587526321411133,-66.67363739013672,-36.4257926940918,-8.09670352935791,76.4052936926932,703329174,1720698562
4.0,0,4.862698078155518,4.7597455978393555,7.26890754699707,0.07456964999437332,0.013582328334450722,-0.0034621621016412973,-66.67363739013672,-36.4257926940918,-8.09670352935791,76.4052936926932,716329174,1720698562
4.0,0,4.551446914672852,5.0949387550354,7.259330749511719,0.07030852884054184,0.013582328334450722,-0.006924324203282595,-65.62640380859375,-36.4257926940918,-7.421977996826172,75.42379603034398,728329174,1720698562
4.0,0,4.604119777679443,5.075784683227539,7.347917079925537,0.06578107923269272,0.011718087829649448,-0.005859043914824724,-66.49909973144531,-36.60091781616211,-9.277472496032715,76.47109876281893,741329174,1720698562
4.0,0,4.810024738311768,4.716649055480957,7.350311279296875,0.06578107923269272,0.006658004131168127,-0.007989604957401752,-66.1500244140625,-35.900421142578125,-7.928022384643555,75.6803772924458,754329174,1720698562
4.0,0,4.936919212341309,4.498773574829102,7.2856669425964355,0.06897692382335663,0.014913929626345634,-0.005326403304934502,-67.02271270751953,-35.72529602050781,-7.759340763092041,76.34492886567773,766329174,1720698562
4.0,0,4.848332405090332,4.726226329803467,7.326368808746338,0.07164012640714645,0.016245530918240547,-0.004793763160705566,-67.02271270751953,-35.72529602050781,-7.759340763092041,76.34492886567773,779329174,1720698562
4.0,0,4.6017255783081055,5.006352424621582,7.314397811889648,0.06950956583023071,0.013316008262336254,-0.006924324203282595,-66.67363739013672,-37.12628936767578,-8.771429061889648,76.81583985631866,791329174,1720698562
4.0,0,4.529898643493652,5.042265892028809,7.242570400238037,0.06764532625675201,0.012250727973878384,-0.006125363986939192,-66.1500244140625,-35.900421142578125,-7.928022384643555,75.6803772924458,804329174,1720698562
4.0,0,4.80763053894043,4.731014728546143,7.3383402824401855,0.06551475822925568,0.0098538463935256,-0.0018642412032932043,-65.10279083251953,-35.900421142578125,-9.614835739135742,74.96438273398789,816329174,1720698562
4.0,0,4.960861682891846,4.503561973571777,7.295243740081787,0.06764532625675201,0.012250727973878384,-0.004261122550815344,-66.3245620727539,-35.02479934692383,-7.421977996826172,75.37088204884054,829329174,1720698562
4.0,0,4.80763053894043,4.723832130432129,7.38622522354126,0.07057484239339828,0.015979209914803505,-0.006924324203282595,-66.67363739013672,-35.02479934692383,-7.759340763092041,75.71207209686904,841329174,1720698562
4.0,0,4.647216320037842,5.015929222106934,7.376648426055908,0.0719064474105835,0.014647609554231167,-0.006125363986939192,-66.67363739013672,-35.02479934692383,-7.759340763092041,75.71207209686904,854329174,1720698562
4.0,0,4.6328511238098145,4.99916934967041,7.333551406860352,0.06711268424987793,0.012250727973878384,-0.005326403304934502,-65.97547912597656,-36.776039123535156,-8.09670352935791,75.965765365461,866329174,1720698562
4.0,0,4.738197326660156,4.826784133911133,7.314397811889648,0.06524843722581863,0.010652806609869003,-0.003994802478700876,-65.97547912597656,-35.37504959106445,-9.10879135131836,75.41304966220562,879329174,1720698562
4.0,0,4.953678607940674,4.539475917816162,7.276090145111084,0.06897692382335663,0.014114969410002232,-0.007456964813172817,-65.45186614990234,-36.250667572021484,-9.614835739135742,75.43542104484142,891329174,1720698562
4.0,0,4.817207336425781,4.709466457366943,7.357493877410889,0.0681779608130455,0.015979209914803505,-0.007989604957401752,-67.02271270751953,-36.4257926940918,-8.602747917175293,76.76515917911013,904329174,1720698562
4.0,0,4.668764591217041,4.948890209197998,7.323974609375,0.07030852884054184,0.015446570701897144,-0.003994802478700876,-67.02271270751953,-36.4257926940918,-8.434065818786621,76.74643873368507,916329174,1720698562
4.0,0,4.659187316894531,4.9919867515563965,7.326368808746338,0.0663137212395668,0.00878856610506773,-0.00719064474105835,-66.3245620727539,-35.02479934692383,-8.771429061889648,75.51570744701148,929329174,1720698562
4.0,0,4.831572532653809,4.766928195953369,7.3383402824401855,0.06551475822925568,0.013582328334450722,-0.009321206249296665,-65.80094146728516,-35.550174713134766,-7.5906596183776855,75.1744433538258,941329174,1720698562
4.0,0,4.831572532653809,4.766928195953369,7.3383402824401855,0.06551475822925568,0.013582328334450722,-0.009321206249296665,-65.80094146728516,-35.550174713134766,-8.602747917175293,75.2833719478741,954329174,1720698562
4.0,0,4.776504993438721,4.8339667320251465,7.333551406860352,0.07030852884054184,0.016778171062469482,-0.004793763160705566,-65.27732849121094,-36.07554626464844,-9.10879135131836,75.13684005282695,966329174,1720698562
4.0,0,4.620879650115967,5.020717620849609,7.414956092834473,0.06977588683366776,0.015446570701897144,-0.006391684524714947,-65.27732849121094,-36.07554626464844,-9.10879135131836,75.13684005282695,979329174,1720698562
4.0,0,4.599331378936768,4.970438480377197,7.28087854385376,0.06871060281991959,0.011984407901763916,-0.004793763160705566,-66.49909973144531,-34.499427795410156,-7.5906596183776855,75.29912945542928,991329174,1720698562
4.0,0,4.776504993438721,4.747774600982666,7.319186210632324,0.06524843722581863,0.011718087829649448,-0.005592723377048969,-65.45186614990234,-34.84967803955078,-8.940110206604004,74.68850254538047,4329174,1720698563
4.0,0,4.90339994430542,4.618485450744629,7.323974609375,0.0681779608130455,0.013582328334450722,-0.004527443088591099,-67.72086334228516,-34.67455291748047,-7.421977996826172,76.44295722456704,16329174,1720698563
4.0,0,4.788476467132568,4.8124189376831055,7.347917079925537,0.06897692382335663,0.015180249698460102,-0.0034621621016412973,-65.80094146728516,-35.900421142578125,-8.940110206604004,75.4886064694652,29329174,1720698563
4.0,0,4.663976192474365,4.908188343048096,7.3622822761535645,0.06844428181648254,0.014647609554231167,-0.006924324203282595,-64.57917785644531,-36.4257926940918,-8.09670352935791,74.5846176771703,41329174,1720698563
4.0,0,4.6543989181518555,4.9129767417907715,7.302426815032959,0.07057484239339828,0.011984407901763916,-0.009054886177182198,-64.57917785644531,-36.4257926940918,-8.09670352935791,74.5846176771703,54329174,1720698563
4.0,0,4.752562999725342,4.776504993438721,7.304821014404297,0.0663137212395668,0.009587526321411133,-0.005592723377048969,-66.49909973144531,-36.250667572021484,-9.277472496032715,76.30408023444463,66329174,1720698563
4.0,0,4.8650922775268555,4.687918663024902,7.302426815032959,0.06711268424987793,0.0098538463935256,-0.006658004131168127,-66.1500244140625,-35.550174713134766,-9.277472496032715,75.66843561241447,79329174,1720698563
4.0,0,4.745380401611328,4.766928195953369,7.307215213775635,0.06764532625675201,0.015180249698460102,-0.004527443088591099,-65.62640380859375,-35.72529602050781,-8.771429061889648,75.2333677326044,91329174,1720698563
4.0,0,4.704678058624268,4.826784133911133,7.28087854385376,0.06871060281991959,0.0143812894821167,-0.00719064474105835,-65.97547912597656,-36.07554626464844,-9.10879135131836,75.74416785520064,104329174,1720698563
4.0,0,4.59693717956543,4.881851673126221,7.249752998352051,0.06791163980960846,0.016778171062469482,-0.007456964813172817,-65.97547912597656,-36.07554626464844,-9.10879135131836,75.74416785520064,116329174,1720698563
4.0,0,4.800447940826416,4.7597455978393555,7.345522880554199,0.06737900525331497,0.014114969410002232,-0.00825592502951622,-67.02271270751953,-35.37504959106445,-8.09670352935791,76.21676167541682,129329174,1720698563
4.0,0,4.877063274383545,4.728620529174805,7.333551406860352,0.0663137212395668,0.012517048045992851,-0.0037284824065864086,-65.27732849121094,-35.37504959106445,-8.434065818786621,74.72387312469391,141329174,1720698563
4.0,0,4.762139797210693,4.599331378936768,7.173137664794922,0.06764532625675201,0.01651185005903244,-0.004527443088591099,-65.97547912597656,-36.776039123535156,-8.434065818786621,76.00246289268252,154329174,1720698563
4.0,0,4.6855244636535645,4.908188343048096,7.352705478668213,0.06871060281991959,0.015712888911366463,-0.007456964813172817,-65.45186614990234,-36.250667572021484,-8.940110206604004,75.3523938068869,166329174,1720698563
4.0,0,4.640033721923828,4.829178333282471,7.221022129058838,0.06897692382335663,0.013316008262336254,0.000532640318851918,-66.3245620727539,-37.12628936767578,-8.09670352935791,76.43863881831818,179329174,1720698563
4.0,0,4.769322395324707,4.675947189331055,7.225811004638672,0.06791163980960846,0.0098538463935256,-0.006924324203282595,-65.80094146728516,-37.301414489746094,-9.277472496032715,76.20518956627278,191329174,1720698563
4.0,0,4.879457473754883,4.7334089279174805,7.331157207489014,0.0681779608130455,0.012783369049429893,-0.004793763160705566,-67.72086334228516,-37.12628936767578,-8.434065818786621,77.68918946849995,204329174,1720698563
4.0,0,4.7597455978393555,4.810024738311768,7.345522880554199,0.06924324482679367,0.015446570701897144,-0.005592723377048969,-66.67363739013672,-36.07554626464844,-7.759340763092041,76.20384721391702,216329174,1720698563
4.0,0,4.735803127288818,4.8866400718688965,7.355099678039551,0.06604740023612976,0.015180249698460102,-0.005859043914824724,-65.62640380859375,-35.37504959106445,-9.10879135131836,75.1078497249171,229329174,1720698563
4.0,0,4.659187316894531,4.920159339904785,7.321580410003662,0.06764532625675201,0.012517048045992851,-0.004527443088591099,-66.1500244140625,-35.550174713134766,-8.265384674072266,75.55102405610303,242329174,1720698563
4.0,0,4.745380401611328,4.836360931396484,7.292849540710449,0.06711268424987793,0.015180249698460102,-0.004261122550815344,-67.72086334228516,-35.72529602050781,-8.771429061889648,77.06717897630051,254329174,1720698563
4.0,0,4.8124189376831055,4.750168800354004,7.352705478668213,0.0663137212395668,0.013582328334450722,-0.007989604957401752,-66.67363739013672,-37.12628936767578,-7.759340763092041,76.70686184508928,267329174,1720698563
4.0,0,4.747774600982666,4.683129787445068,7.247358798980713,0.06950956583023071,0.01384864840656519,-0.010120166465640068,-67.19725036621094,-36.250667572021484,-9.614835739135742,76.9547037060569,279329174,1720698563
4.0,0,4.69031286239624,4.848332405090332,7.326368808746338,0.06871060281991959,0.015446570701897144,-0.006658004131168127,-65.45186614990234,-35.19992446899414,-7.253296852111816,74.66988536453287,292329174,1720698563
4.0,0,4.69031286239624,4.848332405090332,7.326368808746338,0.06711268424987793,0.014913929626345634,-0.007989604957401752,-66.67363739013672,-36.776039123535156,-8.771429061889648,76.6471717954093,304329174,1720698563
4.0,0,4.790870666503906,4.788476467132568,7.302426815032959,0.06844428181648254,0.014647609554231167,-0.006658004131168127,-66.67363739013672,-36.776039123535156,-8.771429061889648,76.6471717954093,317329174,1720698563
4.0,0,4.769322395324707,4.70228385925293,7.276090145111084,0.06764532625675201,0.012517048045992851,-0.006658004131168127,-66.49909973144531,-34.499427795410156,-9.277472496032715,75.48782868262984,329329174,1720698563
4.0,0,4.795659065246582,4.735803127288818,7.230599403381348,0.06924324482679367,0.015712888911366463,-0.007456964813172817,-65.97547912597656,-34.67455291748047,-8.434065818786621,75.00814577207564,342329174,1720698563
4.0,0,4.750168800354004,4.920159339904785,7.374253273010254,0.07030852884054184,0.013316008262336254,-0.006924324203282595,-65.80094146728516,-35.550174713134766,-8.940110206604004,75.32266850438664,354329174,1720698563
4.0,0,4.666370391845703,4.90339994430542,7.288061141967773,0.06791163980960846,0.013049688190221786,-0.007456964813172817,-67.54632568359375,-35.19992446899414,-7.928022384643555,76.57933360188255,367329174,1720698563
4.0,0,4.7334089279174805,4.788476467132568,7.297637939453125,0.06684636324644089,0.013316008262336254,-0.011185446754097939,-65.97547912597656,-35.37504959106445,-7.759340763092041,75.26197810681181,379329174,1720698563
4.0,0,4.908188343048096,4.745380401611328,7.374253273010254,0.06844428181648254,0.010386486537754536,-0.004793763160705566,-67.89540100097656,-35.550174713134766,-9.277472496032715,77.19891123022694,392329174,1720698563
4.0,0,4.783688068389893,4.766928195953369,7.326368808746338,0.07164012640714645,0.01145176775753498,-0.002130561275407672,-66.1500244140625,-36.95116424560547,-9.952198028564453,76.42159717440181,404329174,1720698563
4.0,0,4.7597455978393555,4.8866400718688965,7.297637939453125,0.06684636324644089,0.011984407901763916,-0.009054886177182198,-65.45186614990234,-37.65166091918945,-8.265384674072266,75.95992980702879,417329174,1720698563
4.0,0,4.666370391845703,4.85072660446167,7.209051132202148,0.06764532625675201,0.012517048045992851,-0.006125363986939192,-65.27732849121094,-36.4257926940918,-7.759340763092041,75.15434356988418,429329174,1720698563
4.0,0,4.802842140197754,4.8339667320251465,7.355099678039551,0.06604740023612976,0.012783369049429893,-0.00719064474105835,-66.1500244140625,-36.250667572021484,-9.614835739135742,76.0419732495734,442329174,1720698563
4.0,0,4.728620529174805,4.7334089279174805,7.333551406860352,0.0681779608130455,0.014647609554231167,-0.00719064474105835,-66.67363739013672,-34.67455291748047,-8.09670352935791,75.58607775841334,454329174,1720698563
4.0,0,4.793264865875244,4.8866400718688965,7.400590419769287,0.07084116339683533,0.013049688190221786,-0.009054886177182198,-64.57917785644531,-35.72529602050781,-7.759340763092041,74.20899108224751,467329174,1720698563
4.0,0,4.6807355880737305,4.896217346191406,7.357493877410889,0.06551475822925568,0.013582328334450722,-0.005859043914824724,-65.10279083251953,-36.250667572021484,-8.265384674072266,74.97200048958537,479329174,1720698563
4.0,0,4.757351398468018,4.867486476898193,7.297637939453125,0.06524843722581863,0.014114969410002232,-0.007989604957401752,-65.97547912597656,-37.12628936767578,-8.434065818786621,76.1725585388215,492329174,1720698563
4.0,0,4.704678058624268,4.771716594696045,7.333551406860352,0.06578107923269272,0.006125363986939192,-0.006391684524714947,-65.27732849121094,-36.07554626464844,-8.771429061889648,75.09668848244915,504329174,1720698563
4.0,0,4.783688068389893,4.783688068389893,7.331157207489014,0.06578107923269272,0.012517048045992851,-0.006391684524714947,-65.27732849121094,-36.07554626464844,-8.771429061889648,75.09668848244915,517329174,1720698563
4.0,0,4.719043254852295,4.774110794067383,7.307215213775635,0.06764532625675201,0.016245530918240547,-0.009054886177182198,-66.3245620727539,-34.67455291748047,-9.44615364074707,75.43541590509287,529329174,1720698563
4.0,0,4.714254856109619,4.877063274383545,7.295243740081787,0.0663137212395668,0.014647609554231167,-0.005592723377048969,-65.80094146728516,-37.301414489746094,-9.277472496032715,76.20518956627278,542329174,1720698563
4.0,0,4.69031286239624,4.8650922775268555,7.323974609375,0.0644494816660881,0.011185446754097939,-0.005326403304934502,-67.54632568359375,-34.499427795410156,-8.602747917175293,76.3329804428682,554329174,1720698563
4.0,0,4.740592002868652,4.771716594696045,7.278484344482422,0.06737900525331497,0.016245530918240547,-0.005592723377048969,-66.49909973144531,-35.900421142578125,-8.602747917175293,76.059041375984,567329174,1720698563
4.0,0,4.814813137054443,4.7334089279174805,7.347917079925537,0.06764532625675201,0.011718087829649448,-0.005592723377048969,-66.49909973144531,-35.900421142578125,-8.602747917175293,76.059041375984,579329174,1720698563
4.0,0,4.817207336425781,4.764533996582031,7.304821014404297,0.06471580266952515,0.012517048045992851,-0.009054886177182198,-65.45186614990234,-36.60091781616211,-10.964285850524902,75.78779276177798,592329174,1720698563
4.0,0,4.752562999725342,4.857909679412842,7.326368808746338,0.06604740023612976,0.015712888911366463,-0.007723285350948572,-65.80094146728516,-35.550174713134766,-8.265384674072266,75.24556733739126,604329174,1720698563
4.0,0,4.721437454223633,4.90339994430542,7.369464874267578,0.06684636324644089,0.0143812894821167,-0.009054886177182198,-65.62640380859375,-34.67455291748047,-8.09670352935791,74.66395452236694,617329174,1720698563
4.0,0,4.711860656738281,4.757351398468018,7.307215213775635,0.06924324482679367,0.012517048045992851,-0.007456964813172817,-65.97547912597656,-36.776039123535156,-8.09670352935791,75.965765365461,629329174,1720698563
4.0,0,4.75495719909668,4.738197326660156,7.276090145111084,0.06551475822925568,0.015979209914803505,-0.005060083232820034,-65.45186614990234,-35.900421142578125,-8.265384674072266,75.10728063596493,642329174,1720698563
4.0,0,4.74298620223999,4.79805326461792,7.26890754699707,0.0663137212395668,0.013582328334450722,-0.004793763160705566,-65.45186614990234,-35.900421142578125,-8.265384674072266,75.10728063596493,654329174,1720698563
4.0,0,4.7597455978393555,4.877063274383545,7.331157207489014,0.06551475822925568,0.014913929626345634,-0.005859043914824724,-66.84817504882812,-36.250667572021484,-7.928022384643555,76.45680444347244,667329174,1720698563
4.0,0,4.738197326660156,4.819601535797119,7.304821014404297,0.06604740023612976,0.013316008262336254,-0.006391684524714947,-65.62640380859375,-35.02479934692383,-9.10879135131836,74.94352224190385,679329174,1720698563
4.0,0,4.723832130432129,4.817207336425781,7.297637939453125,0.06604740023612976,0.013316008262336254,-0.006391684524714947,-65.80094146728516,-35.19992446899414,-7.928022384643555,75.04433435999941,692329174,1720698563
4.0,0,4.802842140197754,4.783688068389893,7.38622522354126,0.0663137212395668,0.015979209914803505,-0.005326403304934502,-65.27732849121094,-36.60091781616211,-7.421977996826172,75.20533596308366,705329174,1720698563
4.0,0,4.819601535797119,4.814813137054443,7.276090145111084,0.06897692382335663,0.014647609554231167,-0.007989604957401752,-65.80094146728516,-36.60091781616211,-8.265384674072266,75.74765783030475,717329174,1720698563
4.0,0,4.695101261138916,4.821995735168457,7.261724948883057,0.0719064474105835,0.013049688190221786,-0.00719064474105835,-65.97547912597656,-35.37504959106445,-7.084615707397461,75.19541049288807,730329174,1720698563
4.0,0,8.049428939819336,16.335887908935547,14.676680564880371,-0.12090936303138733,0.03914906829595566,-0.217583566904068,-65.80094146728516,-34.499427795410156,-6.915934085845947,74.61772283091713,742329174,1720698563
4.0,0,-3.0813846588134766,-1.4030234813690186,-0.5434920787811279,-0.6652677655220032,0.2820330560207367,-0.7374405264854431,-66.49909973144531,-34.499427795410156,-7.253296852111816,75.26586941322265,755329174,1720698563
4.0,0,8.695873260498047,13.297599792480469,19.024616241455078,-0.8016237616539001,0.05539459362626076,-1.2748746871948242,-65.27732849121094,-36.776039123535156,-8.434065818786621,75.39721569660827,767329174,1720698563
4.0,0,-4.9129767417907715,-0.07182714343070984,-0.4261744022369385,-1.2053650617599487,0.23595966398715973,-1.3989797830581665,-65.27732849121094,-36.776039123535156,-8.434065818786621,75.39721569660827,780329174,1720698563
4.0,0,7.302426815032959,6.02869176864624,11.607267379760742,-1.164884328842163,0.11531662940979004,-1.655446171760559,-63.88102340698242,-36.07554626464844,-9.44615364074707,73.96931802052,792329174,1720698563
4.0,0,8.466026306152344,3.529107093811035,7.5729756355285645,-1.2644882202148438,0.09853846579790115,-1.668229579925537,-64.92825317382812,-37.47653579711914,-10.120879173278809,75.64787499194927,805329174,1720698563
4.0,0,6.76132869720459,4.589754581451416,8.039852142333984,-1.34065580368042,0.1257031112909317,-1.6607725620269775,-63.706485748291016,-36.250667572021484,-9.614835739135742,73.92612726299801,817329174,1720698563
4.0,0,7.2641191482543945,6.854703903198242,8.080554008483887,-1.3086973428726196,0.1006690263748169,-1.6381354331970215,-62.310176849365234,-37.65166091918945,-10.626923561096191,73.5740253985479,830329174,1720698563
4.0,0,2.0805928707122803,3.818809986114502,6.593731880187988,-1.3342640399932861,0.13608960807323456,-1.609639048576355,-60.04117965698242,-36.776039123535156,-13.157143592834473,71.62772323437548,842329174,1720698563
4.0,0,4.920159339904785,3.478828191757202,8.559401512145996,-1.3076320886611938,0.06737900525331497,-1.5574402809143066,-60.04117965698242,-36.776039123535156,-13.157143592834473,71.62772323437548,855329174,1720698563
4.0,0,3.172365665435791,1.4796391725540161,7.137224197387695,-1.278603196144104,0.002663201652467251,-1.560369849205017,-62.83379364013672,-36.776039123535156,-11.807692527770996,73.75624908885655,867329174,1720698563
4.0,0,2.166785478591919,5.528295993804932,7.960842132568359,-1.2359919548034668,0.02077297307550907,-1.5289440155029297,-61.61202621459961,-37.65166091918945,-13.663187026977539,73.48722354243829,880329174,1720698563
4.0,0,5.068602085113525,2.631267786026001,7.254541397094727,-1.2008377313613892,-0.047937631607055664,-1.5294767618179321,-59.34302520751953,-37.47653579711914,-13.494505882263184,71.4715822207644,892329174,1720698563
4.0,0,4.5275044441223145,5.882643699645996,8.545036315917969,-1.2493078708648682,-0.06285155564546585,-1.4993826150894165,-58.644874572753906,-36.4257926940918,-14.169231414794922,70.47571784617026,905329174,1720698563
4.0,0,5.10690975189209,4.8124189376831055,8.104496955871582,-1.2178821563720703,-0.10226695239543915,-1.4879308938980103,-58.644874572753906,-36.4257926940918,-14.169231414794922,70.47571784617026,917329174,1720698563
4.0,0,1.1396573781967163,4.343148231506348,7.934505462646484,-1.2714124917984009,-0.06471580266952515,-1.4730168581008911,-57.946720123291016,-37.47653579711914,-14.169231414794922,70.44913219682542,930329174,1720698563
4.0,0,3.404606819152832,4.010348796844482,8.075765609741211,-1.2101589441299438,-0.14727506041526794,-1.4514448642730713,-57.5976448059082,-36.776039123535156,-14.843955993652344,69.93074266976463,942329174,1720698563
4.0,0,2.4828250408172607,3.9361279010772705,7.953659534454346,-1.2695481777191162,-0.14541080594062805,-1.450113296508789,-56.026798248291016,-35.550174713134766,-16.362089157104492,68.34131258378162,955329174,1720698563
4.0,0,2.659998655319214,4.242590427398682,8.537853240966797,-1.1811299324035645,-0.18109771609306335,-1.4541082382202148,-56.375877380371094,-36.60091781616211,-15.687362670898438,69.02144654352288,967329174,1720698563
4.0,0,5.480411052703857,2.061439037322998,8.68150806427002,-1.2463784217834473,-0.22424158453941345,-1.4309382438659668,-56.20133590698242,-37.12628936767578,-15.181319236755371,69.04653484216385,980329174,1720698563
4.0,0,3.1843366622924805,4.367090702056885,8.777276992797852,-1.1949785947799683,-0.2596621513366699,-1.4237476587295532,-56.026798248291016,-35.900421142578125,-17.374176025390625,68.77284604210033,992329174,1720698563
4.0,0,4.218647480010986,1.9944003820419312,8.485180854797363,-1.2306655645370483,-0.2631243169307709,-1.4011105298995972,-55.328643798828125,-35.550174713134766,-18.04890251159668,68.19704266773691,5329174,1720698564
4.0,0,1.7262457609176636,4.640033721923828,8.243362426757812,-1.1715424060821533,-0.2713802456855774,-1.392055630683899,-54.106876373291016,-36.776039123535156,-19.229671478271484,68.1895255127401,17329174,1720698564
4.0,0,1.6831494569778442,2.322411060333252,7.4963603019714355,-1.208560824394226,-0.2950827479362488,-1.389125943183899,-55.328643798828125,-36.250667572021484,-18.04890251159668,68.56480588398054,30329174,1720698564
4.0,0,2.291285991668701,3.076596260070801,9.093317031860352,-1.1608896255493164,-0.3265085518360138,-1.388593316078186,-52.885108947753906,-35.550174713134766,-18.38626480102539,66.32272916492228,42329174,1720698564
4.0,0,3.6200881004333496,1.316831111907959,8.018303871154785,-1.175270915031433,-0.371516615152359,-1.376076340675354,-52.7105712890625,-36.776039123535156,-18.21758270263672,66.80390481672862,55329174,1720698564
4.0,0,1.575408697128296,2.523527145385742,9.292038917541504,-1.1513020992279053,-0.39255592226982117,-1.3845986127853394,-54.28141403198242,-35.900421142578125,-19.060989379882812,67.81322484343282,67329174,1720698564
4.0,0,1.2952828407287598,2.7174603939056396,7.503542900085449,-1.1430461406707764,-0.3920232951641083,-1.3571676015853882,-53.40872573852539,-35.37504959106445,-19.567033767700195,66.98324364383687,80329174,1720698564
4.0,0,3.5219244956970215,3.9552814960479736,9.672721862792969,-1.1361218690872192,-0.43676507472991943,-1.3481125831604004,-52.885108947753906,-34.84967803955078,-20.073078155517578,66.43992229460888,92329174,1720698564
4.0,0,4.747774600982666,1.7884960174560547,8.473209381103516,-1.1153489351272583,-0.47245198488235474,-1.3385251760482788,-52.36149597167969,-35.37504959106445,-20.579120635986328,66.45766020642749,105329174,1720698564
4.0,0,2.7916817665100098,4.7070722579956055,9.210634231567383,-1.1275995969772339,-0.47697943449020386,-1.324676513671875,-52.36149597167969,-35.37504959106445,-20.579120635986328,66.45766020642749,117329174,1720698564
4.0,0,4.077387809753418,2.729431390762329,9.442874908447266,-1.0714061260223389,-0.5265149474143982,-1.3225460052490234,-52.885108947753906,-35.550174713134766,-21.08516502380371,67.12103883754513,130329174,1720698564
4.0,0,2.4828250408172607,2.6121137142181396,8.923325538635254,-1.1355892419815063,-0.528911828994751,-1.2967129945755005,-51.8378791809082,-34.1491813659668,-20.41044044494629,65.34461251776484,142329174,1720698564
4.0,0,1.3695042133331299,3.6560018062591553,8.372651100158691,-1.057823657989502,-0.556875467300415,-1.3015066385269165,-51.13972473144531,-33.79893112182617,-21.422527313232422,64.93507424398726,155329174,1720698564
4.0,0,3.6464247703552246,0.9265702366828918,8.50193977355957,-1.1174794435501099,-0.5648650527000427,-1.2884570360183716,-49.56888198852539,-32.92331314086914,-18.89230728149414,62.433467661042826,168329174,1720698564
4.0,0,3.304048538208008,3.2322216033935547,8.509122848510742,-1.035186529159546,-0.629048228263855,-1.2847285270690918,-51.8378791809082,-34.1491813659668,-22.097253799438477,65.8909776177052,180329174,1720698564
4.0,0,1.98482346534729,0.617713451385498,8.612074851989746,-1.0703407526016235,-0.613867998123169,-1.278603196144104,-50.26703643798828,-34.67455291748047,-21.928571701049805,64.88421864470033,193329174,1720698564
4.0,0,1.3383792638778687,2.523527145385742,8.571372985839844,-1.0128155946731567,-0.5970898270606995,-1.2644882202148438,-51.13972473144531,-33.09843826293945,-22.434616088867188,64.91602313842455,205329174,1720698564
4.0,0,5.947287559509277,2.221853017807007,8.865863800048828,-1.026397943496704,-0.7025526165962219,-1.2389214038848877,-50.44157409667969,-32.74818801879883,-22.097253799438477,64.07093601112929,218329174,1720698564
4.0,0,3.4692511558532715,1.4652738571166992,8.992758750915527,-0.9861835837364197,-0.6879050135612488,-1.245579481124878,-50.616111755371094,-32.222816467285156,-23.615385055541992,64.4824556111046,230329174,1720698564
4.0,0,3.536289930343628,1.6472358703613281,8.525882720947266,-0.9925752282142639,-0.7097432613372803,-1.2176158428192139,-50.616111755371094,-31.522321701049805,-22.94066047668457,63.8899165578044,243329174,1720698564
4.0,0,3.3734817504882812,0.6512327790260315,8.636016845703125,-0.9374470114707947,-0.7249234914779663,-1.2213443517684937,-49.045265197753906,-31.697444915771484,-21.422527313232422,62.2020154737173,255329174,1720698564
4.0,0,3.3734817504882812,0.6512327790260315,8.636016845703125,-0.9374470114707947,-0.7249234914779663,-1.2213443517684937,-50.616111755371094,-31.172073364257812,-24.627473831176758,64.3443967596572,268329174,1720698564
4.0,0,1.4987930059432983,3.845146656036377,8.959239959716797,-0.8959010243415833,-0.7172002196311951,-1.216284155845642,-50.616111755371094,-30.121328353881836,-23.615385055541992,63.45842420322221,280329174,1720698564
4.0,0,6.236990928649902,1.290494441986084,8.303217887878418,-0.9161413908004761,-0.7946993708610535,-1.2101589441299438,-50.7906494140625,-29.946205139160156,-22.097253799438477,62.96629174102337,293329174,1720698564
4.0,0,4.8650922775268555,3.998378038406372,9.811588287353516,-0.8591488599777222,-0.8282557129859924,-1.196043848991394,-49.394344329833984,-29.245708465576172,-23.784067153930664,62.13529243361103,305329174,1720698564
4.0,0,3.591357469558716,-0.17717362940311432,7.900986194610596,-0.8484960198402405,-0.8282557129859924,-1.1843258142471313,-49.394344329833984,-29.245708465576172,-23.784067153930664,62.13529243361103,318329174,1720698564
4.0,0,1.2833117246627808,2.5211329460144043,9.332740783691406,-0.867937445640564,-0.8154723644256592,-1.1603569984436035,-51.13972473144531,-30.29645347595215,-23.10934066772461,63.77451030721822,330329174,1720698564
4.0,0,7.335946083068848,1.637658953666687,8.485180854797363,-0.7821823358535767,-0.8650078773498535,-1.1712760925292969,-50.26703643798828,-29.070585250854492,-22.265933990478516,62.19039874091166,343329174,1720698564
4.0,0,3.871483087539673,1.8890539407730103,9.136412620544434,-0.8386421799659729,-0.9028253555297852,-1.1465083360671997,-48.8707275390625,-30.471576690673828,-25.30219841003418,62.90521632260424,355329174,1720698564
4.0,0,5.054236888885498,3.1627886295318604,8.76530647277832,-0.7478269934654236,-0.8812534213066101,-1.170743465423584,-50.44157409667969,-28.194965362548828,-25.808242797851562,63.28802308066679,368329174,1720698564
4.0,0,6.699078559875488,-0.11013495922088623,9.265702247619629,-0.8133417963981628,-0.9371806979179382,-1.114283561706543,-52.36149597167969,-29.070585250854492,-25.30219841003418,65.01558606672836,380329174,1720698564
4.0,0,2.013554334640503,0.016759667545557022,8.94726848602295,-0.7267877459526062,-0.9283921122550964,-1.1526336669921875,-49.9179573059082,-28.370088577270508,-24.290111541748047,62.343194545894185,393329174,1720698564
4.0,0,5.468440055847168,0.16280819475650787,8.324766159057617,-0.7624746561050415,-0.9289247393608093,-1.0892494916915894,-51.8378791809082,-27.844717025756836,-25.808242797851562,64.25386665821571,405329174,1720698564
4.0,0,4.4365234375,1.4317545890808105,7.965630531311035,-0.7017536759376526,-0.9478334784507751,-1.0980380773544312,-50.09249496459961,-27.844717025756836,-24.121429443359375,62.180621389737446,418329174,1720698564
4.0,0,6.359096527099609,1.4748507738113403,8.880229949951172,-0.6801817417144775,-0.9976353645324707,-1.0969727039337158,-51.6633415222168,-26.969097137451172,-24.627473831176758,63.26883533743752,430329174,1720698564
4.0,0,3.5219244956970215,-0.4046262502670288,8.054217338562012,-0.6522180438041687,-0.9776613712310791,-1.0775314569473267,-50.616111755371094,-30.121328353881836,-24.290111541748047,63.71259459278945,443329174,1720698564
4.0,0,6.816396236419678,2.5618350505828857,8.389410972595215,-0.6199933290481567,-0.9976353645324707,-1.0690091848373413,-50.616111755371094,-30.121328353881836,-24.290111541748047,63.71259459278945,455329174,1720698564
4.0,0,6.361490726470947,0.12689462304115295,8.638411521911621,-0.591763436794281,-1.0152125358581543,-1.0722050666809082,-50.7906494140625,-27.14422035217285,-25.808242797851562,63.10756026612326,468329174,1720698564
4.0,0,3.837963819503784,0.871502697467804,8.042245864868164,-0.6000193953514099,-1.0000321865081787,-1.049834132194519,-50.965187072753906,-26.969097137451172,-24.96483612060547,62.83331549662779,480329174,1720698564
4.0,0,5.844335556030273,2.6671812534332275,8.250544548034668,-0.5273139476776123,-1.0234684944152832,-1.0780640840530396,-52.36149597167969,-28.370088577270508,-26.314287185668945,65.10783283418566,493329174,1720698564
4.0,0,5.523507595062256,-0.5722229480743408,8.228997230529785,-0.5488858819007874,-1.0538289546966553,-1.029061198234558,-50.09249496459961,-26.61884880065918,-24.796154022216797,61.908564977265385,505329174,1720698564
4.0,0,0.8858681321144104,2.2290358543395996,8.245756149291992,-0.501747190952301,-0.9928416013717651,-1.0287948846817017,-54.805030822753906,-26.61884880065918,-25.63956069946289,66.10250818098207,518329174,1720698564
4.0,0,6.3782501220703125,-0.36152997612953186,7.549033164978027,-0.48949646949768066,-1.0181419849395752,-1.0311917066574097,-50.616111755371094,-28.019840240478516,-24.290111541748047,62.74640814456806,530329174,1720698564
4.0,0,7.1803202629089355,3.3662989139556885,8.504334449768066,-0.46259814500808716,-1.086319923400879,-1.0160114765167236,-53.05964660644531,-26.61884880065918,-24.96483612060547,64.39823174592533,543329174,1720698564
4.0,0,5.8682780265808105,1.7070918083190918,7.89619779586792,-0.3946864902973175,-1.08845055103302,-1.0389150381088257,-51.8378791809082,-26.79397201538086,-25.808242797851562,63.80554874498225,555329174,1720698564
4.0,0,4.64961051940918,1.714274525642395,8.190689086914062,-0.4423578083515167,-1.075667142868042,-0.9875151515007019,-54.455955505371094,-27.669591903686523,-25.63956069946289,66.24533552621614,568329174,1720698564
4.0,0,4.563417911529541,2.3367764949798584,7.9823899269104,-0.34248775243759155,-1.0775314569473267,-1.0242674350738525,-54.455955505371094,-27.669591903686523,-25.63956069946289,66.24533552621614,580329174,1720698564
4.0,0,5.442103385925293,1.0247340202331543,8.334343910217285,-0.406404584646225,-1.0897821187973022,-0.9720686078071594,-53.23418426513672,-28.194965362548828,-23.10934066772461,64.52035393786063,593329174,1720698564
4.0,0,5.825181484222412,3.2394042015075684,7.8531012535095215,-0.32491061091423035,-1.0658133029937744,-1.0002985000610352,-54.455955505371094,-26.969097137451172,-26.651649475097656,66.35581142715162,606329174,1720698564
4.0,0,9.411750793457031,1.0606476068496704,7.592129230499268,-0.32997068762779236,-1.1574275493621826,-0.9326532483100891,-55.5031852722168,-27.669591903686523,-24.290111541748047,66.6049503429673,618329174,1720698564
4.0,0,5.26492977142334,-0.43814560770988464,7.671139240264893,-0.30120810866355896,-1.0988370180130005,-0.9648779630661011,-55.5031852722168,-26.268600463867188,-24.96483612060547,66.28639368845612,631329174,1720698564
4.0,0,6.167557716369629,-1.2402154207229614,7.508331298828125,-0.2897563576698303,-1.099103331565857,-0.9297237396240234,-52.536033630371094,-28.194965362548828,-23.10934066772461,63.94554345303323,643329174,1720698564
4.0,0,7.007935523986816,0.07661562412977219,7.1013102531433105,-0.23249751329421997,-1.1132183074951172,-0.9446375966072083,-52.536033630371094,-28.194965362548828,-23.10934066772461,63.94554345303323,656329174,1720698564
4.0,0,6.0765767097473145,1.6232936382293701,7.115676403045654,-0.20346862077713013,-1.1262680292129517,-0.9283921122550964,-56.375877380371094,-27.494468688964844,-25.47088050842285,67.69749709383251,668329174,1720698564
4.0,0,6.438106536865234,1.1276862621307373,7.422138690948486,-0.1781681925058365,-1.0945758819580078,-0.9265278577804565,-54.6304931640625,-26.79397201538086,-24.458791732788086,65.5792666376927,681329174,1720698564
4.0,0,8.94726848602295,3.6990981101989746,7.1803202629089355,-0.1507372111082077,-1.1334586143493652,-0.8972326517105103,-55.328643798828125,-27.844717025756836,-26.820329666137695,67.49753457914133,693329174,1720698564
4.0,0,5.753354549407959,0.08140409737825394,7.2066569328308105,-0.12090936303138733,-1.1057612895965576,-0.9065538644790649,-54.97956848144531,-27.14422035217285,-24.458791732788086,66.01359058528139,706329174,1720698564
4.0,0,7.661562442779541,1.3192253112792969,6.596126079559326,-0.1262357532978058,-1.1004348993301392,-0.8852482438087463,-58.81941223144531,-28.194965362548828,-24.796154022216797,69.78200757603298,718329174,1720698564
4.0,0,5.461257457733154,1.537100911140442,7.055819988250732,-0.06950956583023071,-1.0983043909072876,-0.9227993488311768,-55.328643798828125,-27.844717025756836,-22.7719783782959,65.9935609747167,731329174,1720698564
4.0,0,6.684712886810303,0.4716649353504181,6.6942901611328125,-0.03835010528564453,-1.1241375207901,-0.8905746340751648,-58.99394989013672,-28.7203369140625,-25.30219841003418,70.32314782827885,743329174,1720698564
4.0,0,4.783688068389893,2.55704665184021,7.012723922729492,-0.021305613219738007,-1.1030981540679932,-0.8889767527580261,-55.85226058959961,-28.7203369140625,-23.27802276611328,66.97909456931686,756329174,1720698564
4.0,0,7.477205753326416,1.0989553928375244,6.648799896240234,-0.0013316008262336254,-1.0836567878723145,-0.8961673378944397,-57.07402801513672,-27.844717025756836,-23.446704864501953,67.69431962225592,768329174,1720698564
4.0,0,6.2250189781188965,4.142032146453857,6.986386775970459,0.02370249480009079,-1.1161478757858276,-0.8442348837852478,-57.5976448059082,-29.420833587646484,-24.96483612060547,69.32760762285281,781329174,1720698564
4.0,0,5.837152481079102,2.291285991668701,6.222624778747559,0.06897692382335663,-1.0900484323501587,-0.8825850486755371,-59.168487548828125,-30.646699905395508,-24.796154022216797,71.09837823889302,793329174,1720698564
4.0,0,7.730995178222656,3.4405205249786377,6.404587268829346,0.07483596354722977,-1.121474266052246,-0.8199998140335083,-58.644874572753906,-29.420833587646484,-23.952747344970703,69.84655229872142,806329174,1720698564
4.0,0,6.572184085845947,2.6432390213012695,6.634434223175049,0.10919126868247986,-1.0719387531280518,-0.8578172922134399,-56.724952697753906,-28.194965362548828,-21.08516502380371,66.76271799768776,818329174,1720698564
4.0,0,5.310420513153076,1.0821956396102905,6.500357151031494,0.07803180813789368,-1.1065603494644165,-0.8002920746803284,-58.99394989013672,-31.872568130493164,-24.96483612060547,71.54991100904024,831329174,1720698564
4.0,0,7.503542900085449,1.1635997295379639,6.416558742523193,0.15366673469543457,-1.0695418119430542,-0.834381103515625,-57.946720123291016,-30.82182502746582,-21.253847122192383,68.98937083757369,843329174,1720698564
4.0,0,8.506728172302246,2.03749680519104,6.055028438568115,0.15153618156909943,-1.0927116870880127,-0.7907045483589172,-57.946720123291016,-30.82182502746582,-21.253847122192383,68.98937083757369,856329174,1720698564
4.0,0,7.146801471710205,1.1396573781967163,6.047845840454102,0.19974012672901154,-1.0714061260223389,-0.811477541923523,-58.644874572753906,-32.222816467285156,-22.60329818725586,70.62889142327228,868329174,1720698564
4.0,0,7.865072250366211,2.011160135269165,5.62406587600708,0.22370894253253937,-1.0559594631195068,-0.7781875133514404,-58.4703369140625,-31.697444915771484,-20.747802734375,69.6705076150367,881329174,1720698564
4.0,0,7.869860649108887,2.4612767696380615,5.552238464355469,0.2615264058113098,-1.0474371910095215,-0.7952319979667664,-58.81941223144531,-30.9969482421875,-19.060989379882812,69.16542034659773,893329174,1720698564
4.0,0,8.408564567565918,2.9233648777008057,5.796450614929199,0.25673264265060425,-1.0226694345474243,-0.7595451474189758,-60.564796447753906,-31.347196578979492,-19.398351669311523,70.9016032936162,906329174,1720698564
4.0,0,6.59133768081665,1.9536983966827393,6.007143974304199,0.26179271936416626,-0.9883142113685608,-0.7720621824264526,-60.564796447753906,-31.347196578979492,-19.398351669311523,70.9016032936162,918329174,1720698564
4.0,0,11.367842674255371,4.359908103942871,4.817207336425781,0.3315685987472534,-1.0232020616531372,-0.7795191407203674,-57.4231071472168,-30.646699905395508,-20.073078155517578,68.11432974176306,931329174,1720698564
4.0,0,5.97601842880249,-6.296846389770508,5.446891784667969,0.20772972702980042,-0.6125363707542419,-0.6559465527534485,-59.866641998291016,-33.44868469238281,-20.41044044494629,71.55009022327425,943329174,1720698564
4.0,0,5.97601842880249,-6.296846389770508,5.446891784667969,0.20772972702980042,-0.6125363707542419,-0.6559465527534485,-61.26294708251953,-33.44868469238281,-20.073078155517578,72.62844938124144,956329174,1720698564
4.0,0,6.380645275115967,-14.075726509094238,9.634414672851562,0.01384864840656519,-0.046872351318597794,-0.1744397133588791,-56.89949035644531,-32.92331314086914,-17.880220413208008,68.12634463274718,968329174,1720698564
4.0,0,12.904943466186523,11.243343353271484,5.6049113273620605,0.047138672322034836,-0.09214677661657333,0.06471580266952515,-57.77218246459961,-34.1491813659668,-18.38626480102539,69.58337723926678,981329174,1720698564
4.0,0,9.069375038146973,5.406189918518066,5.449285984039307,0.08948357403278351,0.02689833752810955,0.004527443088591099,-58.29579544067383,-33.2735595703125,-19.904396057128906,70.01224546419769,993329174,1720698564
4.0,0,11.966402053833008,0.852348804473877,3.7517714500427246,0.00825592502951622,0.01145176775753498,0.1326274424791336,-56.026798248291016,-33.09843826293945,-19.060989379882812,67.80730088670633,6329174,1720698565
4.0,0,6.916954517364502,0.21308720111846924,4.1133012771606445,0.047937631607055664,0.09001621603965759,0.03728482499718666,-57.77218246459961,-35.19992446899414,-20.41044044494629,70.66290277438779,18329174,1720698565
4.0,0,7.4293212890625,1.0127627849578857,4.505956172943115,0.04048066586256027,0.08202660828828812,0.02583305537700653,-58.29579544067383,-33.2735595703125,-18.55494499206543,69.6406168568214,31329174,1720698565
4.0,0,7.951265335083008,3.0622308254241943,2.8252012729644775,0.14541080594062805,0.13475801050662994,-0.05086715519428253,-58.644874572753906,-32.57306671142578,-19.229671478271484,69.78543009685674,44183282,1720698565
4.0,0,7.965630531311035,15.12679672241211,-9.629626274108887,0.4772457480430603,0.20772972702980042,-0.217583566904068,-58.644874572753906,-32.57306671142578,-19.229671478271484,69.78543009685674,56183282,1720698565
4.0,0,7.438898086547852,9.155567169189453,-7.678321838378906,0.7100095748901367,0.7078790068626404,-0.18855468928813934,-58.644874572753906,-32.57306671142578,-19.567033767700195,69.87914423565411,69183282,1720698565
4.0,0,8.65995979309082,8.018303871154785,-2.4157862663269043,0.8897756934165955,0.8367779850959778,0.007456964813172817,-58.12125778198242,-32.74818801879883,-18.04890251159668,69.11068880099063,81183282,1720698565
4.0,0,0.9217816591262817,5.485199451446533,7.096521854400635,1.0082881450653076,0.9350500702857971,-0.09933742135763168,-58.12125778198242,-32.047691345214844,-19.735713958740234,69.24329232625371,94183282,1720698565
4.0,0,7.199474334716797,-1.8411691188812256,8.207448959350586,0.9885805249214172,0.8397074937820435,-0.05805779621005058,-57.946720123291016,-34.32430648803711,-18.89230728149414,69.94926492358674,106183282,1720698565
4.0,0,4.8866400718688965,0.3974435329437256,8.252939224243164,0.9909773468971252,0.8026890158653259,-0.1869567483663559,-57.946720123291016,-34.32430648803711,-18.89230728149414,69.94926492358674,119183282,1720698565
4.0,0,4.711860656738281,1.1276862621307373,5.782085418701172,0.9662095308303833,0.821597695350647,-0.2319648712873459,-57.248565673828125,-34.32430648803711,-18.55494499206543,69.28089398422838,131183282,1720698565
4.0,0,6.3303656578063965,6.380645275115967,5.039871692657471,0.971802294254303,0.8418380618095398,-0.23356278240680695,-55.6777229309082,-36.60091781616211,-17.711538314819336,68.9444312851571,144183282,1720698565
4.0,0,5.746171951293945,3.4141836166381836,3.1627886295318604,0.9595515727996826,0.8753944039344788,-0.19974012672901154,-55.5031852722168,-35.02479934692383,-18.21758270263672,68.11182323342774,156183282,1720698565
4.0,0,7.431715488433838,3.89542555809021,5.41337251663208,0.9369143843650818,0.9022927284240723,-0.17177650332450867,-54.6304931640625,-36.250667572021484,-18.04890251159668,68.00268056951145,169183282,1720698565
4.0,0,6.033480644226074,4.17076301574707,8.14998722076416,0.921734094619751,0.9022927284240723,-0.17710290849208832,-54.805030822753906,-37.12628936767578,-19.567033767700195,69.02768702601675,181183282,1720698565
4.0,0,6.6942901611328125,5.3774590492248535,7.426927089691162,0.9233320355415344,0.8269241452217102,-0.1400844007730484,-54.805030822753906,-37.12628936767578,-19.567033767700195,69.02768702601675,194183282,1720698565
4.0,0,7.12046480178833,3.5267128944396973,6.655982494354248,0.8820524215698242,0.7904382348060608,-0.12730103731155396,-54.97956848144531,-37.301414489746094,-17.036813735961914,68.58863969795316,206183282,1720698565
4.0,0,4.4772257804870605,3.8259928226470947,6.806819438934326,0.8833839893341064,0.8548877239227295,-0.15606361627578735,-53.5832633972168,-37.65166091918945,-17.711538314819336,67.84181804570427,219183282,1720698565
4.0,0,8.102102279663086,6.392616271972656,3.019134521484375,0.9273268580436707,0.8676711320877075,-0.16405321657657623,-53.7578010559082,-37.12628936767578,-16.19340705871582,67.30890705358591,231183282,1720698565
4.0,0,8.293641090393066,4.125272274017334,4.197099685668945,0.8812534213066101,0.8849819302558899,-0.15286777913570404,-52.01241683959961,-38.177032470703125,-16.53076934814453,66.60363089957589,244183282,1720698565
4.0,0,8.264910697937012,2.2793147563934326,6.991175174713135,0.8881778120994568,0.9076191186904907,-0.13582327961921692,-51.314266204833984,-38.177032470703125,-15.518681526184082,65.81389823373794,256183282,1720698565
4.0,0,8.293641090393066,5.9185566902160645,6.663165092468262,0.9004284739494324,0.8695353269577026,-0.14248129725456238,-52.01241683959961,-38.87752914428711,-16.53076934814453,67.00761235190159,269183282,1720698565
4.0,0,7.7262067794799805,6.790059566497803,6.9001946449279785,0.8796555399894714,0.8588825464248657,-0.14647608995437622,-50.44157409667969,-36.60091781616211,-16.362089157104492,64.43366778262212,281183282,1720698565
4.0,0,4.300051689147949,6.426135540008545,6.0981245040893555,0.8618121147155762,0.8929715752601624,-0.14061705768108368,-50.26703643798828,-39.578025817871094,-14.843955993652344,65.67753123739959,294183282,1720698565
4.0,0,6.236990928649902,8.375045776367188,4.745380401611328,0.8879114389419556,0.9022927284240723,-0.13529065251350403,-51.314266204833984,-39.40290069580078,-15.181319236755371,66.4546082160747,306183282,1720698565
4.0,0,5.090150356292725,6.299240589141846,4.99916934967041,0.8690026998519897,0.9446375966072083,-0.1502045840024948,-50.44157409667969,-39.40290069580078,-14.675274848937988,65.66814046770197,319183282,1720698565
4.0,0,4.6328511238098145,4.922553539276123,6.517116546630859,0.8516919016838074,0.963013768196106,-0.1502045840024948,-49.56888198852539,-39.92827224731445,-15.181319236755371,65.43556708714533,331183282,1720698565
4.0,0,6.596126079559326,5.619277477264404,6.411769866943359,0.867937445640564,0.9323869347572327,-0.13555696606636047,-49.7434196472168,-40.103397369384766,-15.350000381469727,65.71387060946122,344183282,1720698565
4.0,0,6.3782501220703125,3.5267128944396973,6.2250189781188965,0.8178691864013672,0.919337272644043,-0.13475801050662994,-48.34711456298828,-41.854637145996094,-14.000550270080566,65.46197021977541,356183282,1720698565
4.0,0,4.015137672424316,3.9073967933654785,6.5602126121521,0.8170702457427979,0.9361154437065125,-0.11265343427658081,-47.8234977722168,-40.27852249145508,-13.831868171691895,64.0372305021301,369183282,1720698565
4.0,0,4.968044281005859,5.336756706237793,5.803633689880371,0.8160049915313721,0.9465019106864929,-0.11265343427658081,-46.60173034667969,-41.854637145996094,-14.000550270080566,64.18369987615777,381183282,1720698565
4.0,0,4.4772257804870605,4.613697052001953,7.359888076782227,0.7923025488853455,0.92812579870224,-0.09001621603965759,-47.29988479614258,-41.854637145996094,-15.687362670898438,65.0782843959462,394183282,1720698565
4.0,0,3.4429147243499756,2.755768299102783,6.428529739379883,0.7923025488853455,0.9401101469993591,-0.11664823442697525,-45.9035758972168,-41.504390716552734,-12.9884614944458,63.233320811867166,406183282,1720698565
4.0,0,3.248981475830078,5.808422088623047,7.156378269195557,0.7912371754646301,0.9576873183250427,-0.1350243240594864,-45.37996292114258,-41.67951202392578,-13.157143592834473,63.005025075777205,419183282,1720698565
4.0,0,4.376667499542236,5.085361957550049,5.336756706237793,0.8168039321899414,0.9803245663642883,-0.14594346284866333,-45.20542526245117,-42.90538024902344,-14.337912559509277,63.95293475702646,431183282,1720698565
4.0,0,4.376667499542236,5.085361957550049,5.336756706237793,0.8168039321899414,0.9803245663642883,-0.14594346284866333,-44.68180847167969,-43.781002044677734,-14.169231414794922,64.14052749410433,444183282,1720698565
4.0,0,3.639242172241211,3.8619062900543213,5.607305526733398,0.8074827790260315,0.9973690509796143,-0.12064303457736969,-44.68180847167969,-43.781002044677734,-14.169231414794922,64.14052749410433,456183282,1720698565
4.0,0,4.692707061767578,5.7413835525512695,6.622463226318359,0.7555503249168396,0.9757971167564392,-0.11265343427658081,-43.634578704833984,-44.83174514770508,-12.145055770874023,63.72883343836422,469183282,1720698565
4.0,0,4.8866400718688965,3.5482609272003174,7.498754501342773,0.7659368515014648,0.9824550747871399,-0.10892495512962341,-43.634578704833984,-43.781002044677734,-12.145055770874023,62.99408685314891,481183282,1720698565
4.0,0,4.695101261138916,4.872274875640869,6.126855850219727,0.7576808929443359,0.9710033535957336,-0.0825592502951622,-41.714656829833984,-43.60587692260742,-11.976373672485352,61.5225050120962,494183282,1720698565
4.0,0,5.652796745300293,5.669556140899658,5.947287559509277,0.7339783906936646,0.9672749042510986,-0.09028254449367523,-42.76188659667969,-44.306373596191406,-12.65109920501709,62.86242118824063,507183282,1720698565
4.0,0,3.6464247703552246,4.783688068389893,6.655982494354248,0.739304780960083,1.003494381904602,-0.10413118451833725,-41.191043853759766,-44.48149871826172,-12.482418060302734,61.896014270849875,519183282,1720698565
4.0,0,2.9233648777008057,5.566603660583496,7.17553186416626,0.7414353489875793,1.0210715532302856,-0.12277359515428543,-41.714656829833984,-42.90538024902344,-10.964285850524902,60.8374869053294,532183282,1720698565
4.0,0,3.976829767227173,4.204282283782959,6.718232154846191,0.7347773313522339,1.0133482217788696,-0.11744718998670578,-41.191043853759766,-44.83174514770508,-11.470330238342285,61.95285257780926,544183282,1720698565
4.0,0,5.671950340270996,3.8786656856536865,6.215442180633545,0.7033515572547913,0.9901784062385559,-0.10493014752864838,-40.492889404296875,-44.83174514770508,-12.145055770874023,61.62030383708795,557183282,1720698565
4.0,0,5.535478591918945,5.315208911895752,6.502751350402832,0.7203960418701172,1.0258653163909912,-0.10999023169279099,-39.794734954833984,-44.48149871826172,-10.795604705810547,60.65286258135162,569183282,1720698565
4.0,0,4.738197326660156,4.228224754333496,6.459654808044434,0.684176504611969,1.006690263748169,-0.09161414206027985,-40.14381408691406,-46.23273849487305,-11.470330238342285,62.29414413856784,582183282,1720698565
4.0,0,6.052634239196777,6.866674900054932,7.276090145111084,0.690568208694458,0.9856509566307068,-0.07590124756097794,-40.31835174560547,-44.306373596191406,-10.626923561096191,60.840412006338646,594183282,1720698565
4.0,0,2.1859395503997803,4.79805326461792,7.022300720214844,0.67778480052948,1.0274631977081299,-0.09560894221067429,-39.271121978759766,-45.35711669921875,-11.30164909362793,61.05093225310059,607183282,1720698565
4.0,0,2.8443548679351807,7.292849540710449,6.466837406158447,0.6812469959259033,1.0274631977081299,-0.10599542409181595,-38.572967529296875,-45.00687026977539,-10.626923561096191,60.219794917202805,619183282,1720698565
4.0,0,2.8443548679351807,7.292849540710449,6.466837406158447,0.6812469959259033,1.0274631977081299,-0.10599542409181595,-38.92204284667969,-44.306373596191406,-9.614835739135742,59.75303529440675,632183282,1720698565
4.0,0,3.512347459793091,5.834758281707764,6.718232154846191,0.6748553514480591,1.0607532262802124,-0.11291975528001785,-38.74750518798828,-45.88248825073242,-8.09670352935791,60.59808985780075,644183282,1720698565
4.0,0,3.512347459793091,5.834758281707764,6.718232154846191,0.6748553514480591,1.0607532262802124,-0.11291975528001785,-38.74750518798828,-45.88248825073242,-8.09670352935791,60.59808985780075,657183282,1720698565
4.0,0,3.6727614402770996,9.059797286987305,6.066999435424805,0.6788501143455505,1.0679439306259155,-0.1294316053390503,-36.47850799560547,-43.95612335205078,-8.940110206604004,57.81650193701086,669183282,1720698565
4.0,0,4.924948215484619,5.873066425323486,6.797242164611816,0.6476906538009644,1.0679439306259155,-0.09667421877384186,-36.129432678222656,-44.306373596191406,-8.265384674072266,57.764238337451474,682183282,1720698565
4.0,0,4.522716045379639,8.094919204711914,6.30402946472168,0.6394347548484802,1.042110800743103,-0.08096133172512054,-36.30397033691406,-45.88248825073242,-8.434065818786621,59.11272668840238,694183282,1720698565
4.0,0,2.0781986713409424,8.188295364379883,6.1771345138549805,0.6250534057617188,1.0394476652145386,-0.06764532625675201,-35.78035354614258,-45.00687026977539,-7.928022384643555,58.040551430002445,707183282,1720698565
4.0,0,3.8810603618621826,7.216233730316162,6.117279052734375,0.623988151550293,1.054894208908081,-0.06897692382335663,-35.78035354614258,-45.00687026977539,-7.928022384643555,58.040551430002445,719183282,1720698565
4.0,0,3.201096534729004,6.852309703826904,6.088547706604004,0.6322441101074219,1.0724713802337646,-0.08309189230203629,-34.03497314453125,-45.35711669921875,-7.928022384643555,57.25819566792968,732183282,1720698565
4.0,0,2.50437331199646,8.92811393737793,6.512328147888184,0.6170638203620911,1.073270320892334,-0.09614157676696777,-33.33681869506836,-46.407859802246094,-7.928022384643555,57.687836422110664,744183282,1720698565
4.0,0,0.9529067873954773,9.43569278717041,6.545847415924072,0.6221239566802979,1.1001685857772827,-0.09534262120723724,-33.86043167114258,-45.88248825073242,-6.747252941131592,57.42174660602308,757183282,1720698565
4.0,0,1.5131585597991943,8.439689636230469,6.351913928985596,0.6077426075935364,1.106027603149414,-0.11238711327314377,-32.11505126953125,-46.582984924316406,-7.759340763092041,57.11005490788371,769183282,1720698565
4.0,0,2.6647870540618896,6.54824161529541,6.34712553024292,0.6000193953514099,1.1108214855194092,-0.11158815771341324,-32.46412658691406,-45.18199157714844,-7.084615707397461,56.084968196925956,782183282,1720698565
4.0,0,2.6647870540618896,6.54824161529541,6.34712553024292,0.6000193953514099,1.1108214855194092,-0.11158815771341324,-31.41689682006836,-45.18199157714844,-6.072527885437012,55.365236056570225,794183282,1720698565
4.0,0,2.552257776260376,6.280086994171143,7.12046480178833,0.568859875202179,1.0967063903808594,-0.08229293674230576,-31.591434478759766,-46.057613372802734,-6.241209030151367,56.19853354120899,807183282,1720698565
4.0,0,1.7477937936782837,7.3120036125183105,6.095730304718018,0.5595386624336243,1.0951085090637207,-0.09134781360626221,-31.067819595336914,-46.582984924316406,-5.735165119171143,56.28566440765932,819183282,1720698565
4.0,0,1.7477937936782837,7.3120036125183105,6.095730304718018,0.5595386624336243,1.0951085090637207,-0.09134781360626221,-31.591434478759766,-44.656620025634766,-3.8796703815460205,54.83871157138122,832183282,1720698565
4.0,0,0.47405916452407837,8.042245864868164,6.967233180999756,0.5499511361122131,1.129996418952942,-0.08895093947649002,-30.893281936645508,-46.407859802246094,-3.8796703815460205,55.88502628174601,844183282,1720698565
4.0,0,-0.06703867018222809,6.392616271972656,6.881041049957275,0.53530353307724,1.1281322240829468,-0.12090936303138733,-30.893281936645508,-46.407859802246094,-3.8796703815460205,55.88502628174601,857183282,1720698565
4.0,0,2.3918440341949463,8.157169342041016,5.947287559509277,0.5558102130889893,1.1465083360671997,-0.11664823442697525,-29.322437286376953,-45.88248825073242,-4.385714530944824,54.628221172202274,869183282,1720698565
4.0,0,2.3870553970336914,4.551446914672852,6.368673324584961,0.5219874978065491,1.1433124542236328,-0.11238711327314377,-28.10066795349121,-46.407859802246094,-4.2170329093933105,54.41617735027152,882183282,1720698565
4.0,0,1.2306383848190308,5.597728729248047,6.064605236053467,0.5044103860855103,1.1249364614486694,-0.10279957950115204,-29.322437286376953,-46.23273849487305,-4.048351764678955,54.896817659673175,894183282,1720698565
4.0,0,2.011160135269165,7.94887113571167,8.200265884399414,0.5163947939872742,1.1563622951507568,-0.1219746395945549,-28.449745178222656,-46.057613372802734,-3.2049450874328613,54.230650220312135,907183282,1720698565
4.0,0,0.897839367389679,6.138826847076416,6.519510746002197,0.4721856415271759,1.1222732067108154,-0.08655405789613724,-28.449745178222656,-46.057613372802734,-3.2049450874328613,54.230650220312135,920183282,1720698565
4.0,0,2.806046962738037,4.781293869018555,6.248961925506592,0.47431620955467224,1.118811011314392,-0.08788565546274185,-27.926130294799805,-45.53224182128906,-1.686813235282898,53.440613183282295,932183282,1720698565
4.0,0,0.06703867018222809,6.6416168212890625,6.593731880187988,0.45380955934524536,1.1286648511886597,-0.08096133172512054,-27.7515926361084,-46.057613372802734,-3.5423078536987305,53.88879835707472,945183282,1720698565
4.0,0,-1.2043018341064453,7.187503337860107,7.812399387359619,0.4745825529098511,1.1558294296264648,-0.12037672102451324,-27.402515411376953,-44.306373596191406,-3.2049450874328613,52.19410182318974,957183282,1720698565
4.0,0,-0.2442122995853424,7.063002586364746,5.980806827545166,0.47697943449020386,1.1619548797607422,-0.13901913166046143,-27.7515926361084,-46.057613372802734,-2.530219793319702,53.831743940184495,970183282,1720698565
4.0,0,1.640053153038025,6.416558742523193,6.7948479652404785,0.4540758728981018,1.165683388710022,-0.11238711327314377,-26.704362869262695,-44.306373596191406,-2.8675825595855713,51.81120310545377,982183282,1720698565
4.0,0,0.34477031230926514,7.5466389656066895,6.651194095611572,0.4596686363220215,1.1710097789764404,-0.12117567658424377,-26.704362869262695,-44.306373596191406,-2.8675825595855713,51.81120310545377,995183282,1720698565
4.0,0,0.9744549989700317,7.1060991287231445,6.306423664093018,0.42318275570869446,1.1406493186950684,-0.10652806609869003,-25.482593536376953,-43.781002044677734,-1.0120879411697388,50.66717907459362,7183282,1720698566
4.0,0,2.0781986713409424,6.371067523956299,6.579366683959961,0.4189216196537018,1.1526336669921875,-0.09987006336450577,-24.43536376953125,-45.18199157714844,-0.3373626470565796,51.36743305813968,20183282,1720698566
4.0,0,1.6663898229599,4.953678607940674,6.418952941894531,0.3909580111503601,1.1337249279022217,-0.0825592502951622,-24.086286544799805,-46.23273849487305,-1.686813235282898,52.15803530755588,32183282,1720698566
4.0,0,0.7829159498214722,8.8514986038208,6.366279125213623,0.4048066735267639,1.1379860639572144,-0.10200062394142151,-23.562671661376953,-46.75811004638672,-1.1807692050933838,52.37284188248299,45183282,1720698566
4.0,0,-1.3216195106506348,6.785271167755127,6.636828422546387,0.4058719277381897,1.1856573820114136,-0.12783367931842804,-23.562671661376953,-46.75811004638672,-1.1807692050933838,52.37284188248299,57183282,1720698566
4.0,0,-0.08619257807731628,9.11725902557373,6.33754825592041,0.40187713503837585,1.1803309917449951,-0.13023056089878082,-22.51544189453125,-44.656620025634766,0.5060439705848694,50.01414716177916,70183282,1720698566
4.0,0,0.514761209487915,7.137224197387695,5.585757732391357,0.3896264135837555,1.1787331104278564,-0.13422536849975586,-22.864519119262695,-44.306373596191406,1.518131971359253,49.881316146257404,82183282,1720698566
4.0,0,-0.11492343246936798,7.1060991287231445,5.885037899017334,0.3797725737094879,1.1821951866149902,-0.1182461604475975,-21.642751693725586,-43.08050537109375,1.0120879411697388,48.22201743919224,95183282,1720698566
4.0,0,0.33519336581230164,8.619257926940918,7.074974060058594,0.3803052008152008,1.170743465423584,-0.1326274424791336,-22.68998146057129,-45.18199157714844,2.0241758823394775,50.599850884772636,107183282,1720698566
4.0,0,1.8435633182525635,6.148403644561768,4.75495719909668,0.34941205382347107,1.1638190746307373,-0.10439750552177429,-20.944597244262695,-44.48149871826172,2.3615384101867676,49.22252274731439,120183282,1720698566
4.0,0,1.3742928504943848,6.737386226654053,6.61049222946167,0.3390255570411682,1.1696782112121582,-0.09001621603965759,-20.246444702148438,-43.43075180053711,1.0120879411697388,47.928833149135535,132183282,1720698566
4.0,0,-0.4142032265663147,6.983992576599121,6.785271167755127,0.3334328532218933,1.1675477027893066,-0.10732702910900116,-21.468212127685547,-44.656620025634766,1.518131971359253,49.57219552083296,145183282,1720698566
4.0,0,-0.7900986075401306,8.640806198120117,6.732597827911377,0.3344981372356415,1.1568949222564697,-0.09987006336450577,-21.119136810302734,-41.504390716552734,1.855494499206543,46.60552808628112,157183282,1720698566
4.0,0,1.2473981380462646,9.347105979919434,5.942499160766602,0.3307696580886841,1.1638190746307373,-0.1057291105389595,-19.548290252685547,-45.18199157714844,3.710988998413086,49.36921565132563,170183282,1720698566
4.0,0,-0.27054890990257263,5.303237438201904,5.861095428466797,0.29934385418891907,1.1619548797607422,-0.1113218292593956,-19.548290252685547,-45.18199157714844,3.710988998413086,49.36921565132563,182183282,1720698566
4.0,0,-1.1109265089035034,10.074954986572266,6.361490726470947,0.32810643315315247,1.214419960975647,-0.15739521384239197,-18.675600051879883,-42.55513381958008,4.891758441925049,46.729506228445096,195183282,1720698566
4.0,0,-1.601745367050171,9.476394653320312,7.984784126281738,0.3094640374183655,1.2248064279556274,-0.16352058947086334,-19.722829818725586,-42.20488357543945,4.891758441925049,46.8419845259459,207183282,1720698566
4.0,0,-0.39265507459640503,5.537873268127441,5.379853248596191,0.2759076952934265,1.1654170751571655,-0.10892495512962341,-18.675600051879883,-42.90538024902344,6.578571796417236,47.253860143819814,220183282,1720698566
4.0,0,0.8619257807731628,7.924928665161133,5.420555591583252,0.3001428544521332,1.1995060443878174,-0.15419937670230865,-19.199214935302734,-40.62876892089844,5.397802352905273,45.259728107896805,232183282,1720698566
4.0,0,7.719024181365967,6.955262184143066,15.768453598022461,0.26552119851112366,1.1286648511886597,-0.12144199758768082,-19.024675369262695,-41.15414047241211,4.891758441925049,45.601873334140606,245183282,1720698566
4.0,0,2.094958543777466,21.27280616760254,27.41163444519043,0.1344916969537735,0.5845727920532227,-0.08389085531234741,-19.024675369262695,-41.15414047241211,4.891758441925049,45.601873334140606,257183282,1720698566
4.0,0,10.592109680175781,1.8148326873779297,13.266473770141602,0.06524843722581863,0.1845598816871643,0.03728482499718666,-18.15198516845703,-40.27852249145508,6.072527885437012,44.5951738932583,270183282,1720698566
4.0,0,1.5059758424758911,6.30402946472168,9.184297561645508,0.011984407901763916,0.09401101619005203,0.04341018572449684,-17.62837028503418,-40.453643798828125,6.915934085845947,44.66639541969452,282183282,1720698566
4.0,0,0.5865883827209473,7.810005187988281,8.173929214477539,0.08708669990301132,0.009587526321411133,-0.08468981087207794,-18.675600051879883,-40.103397369384766,5.566483497619629,44.5875123369069,295183282,1720698566
4.0,0,-0.08140409737825394,8.29124641418457,5.418160915374756,0.04740498960018158,-0.036752182990312576,-0.012783369049429893,-17.45383071899414,-41.67951202392578,6.409890174865723,45.63884991291649,307183282,1720698566
4.0,0,-0.40223202109336853,6.8762526512146,7.783668518066406,0.046872351318597794,-0.05699251592159271,0.009054886177182198,-18.501060485839844,-41.67951202392578,6.409890174865723,46.04951306699256,320183282,1720698566
4.0,0,-0.768550455570221,7.446080684661865,4.412580966949463,0.0769665315747261,-0.05779147893190384,-0.026632016524672508,-17.62837028503418,-42.55513381958008,6.915934085845947,46.57820303090717,332183282,1720698566
4.0,0,1.7980729341506958,11.085323333740234,9.347105979919434,-0.0143812894821167,-0.04101330414414406,0.08389085531234741,-17.802907943725586,-40.62876892089844,6.747252941131592,44.86831641071614,345183282,1720698566
4.0,0,7.019906520843506,39.22600173950195,31.05087661743164,-0.4554075002670288,-0.377908319234848,0.660740315914154,-15.533909797668457,-40.80389404296875,6.578571796417236,44.15356983928408,357183282,1720698566
4.0,0,20.95197868347168,-7.1013102531433105,16.66868782043457,-1.2256053686141968,-1.1238712072372437,1.340123176574707,-17.802907943725586,-42.73025894165039,4.723076820373535,46.53091461732093,370183282,1720698566
4.0,0,-21.021411895751953,31.85773468017578,14.147554397583008,-1.7009869813919067,-0.8064174652099609,1.6272162199020386,-18.675600051879883,-43.25563049316406,4.2170329093933105,47.303392829878774,382183282,1720698566
4.0,0,24.557701110839844,-7.237782001495361,7.668745040893555,-1.9073851108551025,-1.3033708333969116,1.830418586730957,-18.85013771057129,-43.781002044677734,3.373626470565796,47.785826217681745,395183282,1720698566
4.0,0,-18.770828247070312,27.033342361450195,7.762120723724365,-2.0320229530334473,-0.9755308032035828,1.761175274848938,-23.9117488861084,-45.35711669921875,-1.518131971359253,51.29663239181806,407183282,1720698566
4.0,0,5.648007869720459,-8.348709106445312,7.450869083404541,-2.28555965423584,-1.1180120706558228,1.9784926176071167,-24.784440994262695,-44.131248474121094,1.0120879411697388,50.624696831520545,420183282,1720698566
4.0,0,-6.90977144241333,10.814773559570312,8.006332397460938,-2.1476058959960938,-0.9694054126739502,1.727618932723999,-26.180747985839844,-43.43075180053711,-1.3494505882263184,50.729506048728474,433183282,1720698566
4.0,0,-0.2537892460823059,1.5442836284637451,4.503561973571777,-2.3614609241485596,-0.9933742880821228,1.7981938123703003,-27.402515411376953,-45.00687026977539,-1.518131971359253,52.71452311302462,445183282,1720698566
4.0,0,0.9912146329879761,6.804425239562988,6.521904945373535,-2.236290454864502,-0.8674048185348511,1.6429290771484375,-27.402515411376953,-45.00687026977539,-1.518131971359253,52.71452311302462,458183282,1720698566
4.0,0,-3.9648585319519043,3.3375680446624756,7.1324357986450195,-2.3292360305786133,-0.8378432393074036,1.63307523727417,-29.49697494506836,-43.25563049316406,-4.2170329093933105,52.52527455263838,470183282,1720698566
4.0,0,1.5586491823196411,4.563417911529541,7.702264308929443,-2.35400390625,-0.8026890158653259,1.5334715843200684,-31.765974044799805,-45.53224182128906,-6.409890174865723,55.886929101007865,483183282,1720698566
4.0,0,2.2003049850463867,7.666350841522217,6.368673324584961,-2.3039357662200928,-0.794433057308197,1.4802075624465942,-33.68589401245117,-43.60587692260742,-7.5906596183776855,55.622208433769956,495183282,1720698566
4.0,0,-1.7908902168273926,8.226602554321289,8.55461311340332,-2.348145008087158,-0.7110748291015625,1.4152253866195679,-33.33681869506836,-42.20488357543945,-6.915934085845947,54.22569338057397,508183282,1720698566
4.0,0,-1.0630418062210083,1.7453995943069458,8.31040096282959,-2.43949294090271,-0.640500009059906,1.4200191497802734,-34.03497314453125,-43.25563049316406,-9.277472496032715,55.816668318923796,520183282,1720698566
4.0,0,-3.2130677700042725,1.393446683883667,9.538644790649414,-2.435497999191284,-0.5563428401947021,1.347846269607544,-36.30397033691406,-41.67951202392578,-9.10879135131836,56.019015206070534,533183282,1720698566
4.0,0,-2.5187387466430664,0.8044640421867371,9.260913848876953,-2.490626335144043,-0.5086715221405029,1.322279691696167,-35.78035354614258,-41.15414047241211,-13.325824737548828,56.13799589267375,545183282,1720698566
4.0,0,2.971249580383301,0.9888203740119934,7.52509069442749,-2.5651957988739014,-0.43303659558296204,1.2578301429748535,-38.22389221191406,-42.20488357543945,-10.964285850524902,57.987358084814005,558183282,1720698566
4.0,0,1.9560925960540771,4.024714469909668,10.197060585021973,-2.474114418029785,-0.40613824129104614,1.2112241983413696,-37.70027542114258,-41.32926559448242,-13.494505882263184,57.54581349164951,570183282,1720698566
4.0,0,4.814813137054443,2.092564105987549,7.465234756469727,-2.536965847015381,-0.36672288179397583,1.170743465423584,-39.794734954833984,-38.52728271484375,-14.506593704223633,57.257433617080714,583183282,1720698566
4.0,0,0.22745263576507568,0.6129249930381775,10.113262176513672,-2.5532114505767822,-0.21278981864452362,1.1449103355407715,-41.714656829833984,-37.65166091918945,-15.350000381469727,58.252748228006844,595183282,1720698566
4.0,0,1.1085323095321655,2.9042110443115234,9.19148063659668,-2.562000036239624,-0.19254949688911438,1.0996359586715698,-39.62019729614258,-39.05265426635742,-16.02472496032715,57.8935371961935,608183282,1720698566
4.0,0,2.727037191390991,1.9058135747909546,8.516304969787598,-2.590496301651001,-0.1581941843032837,1.06315016746521,-41.36558151245117,-38.00190734863281,-17.036813735961914,58.698460953173,620183282,1720698566
4.0,0,0.5722229480743408,2.4062094688415527,8.367862701416016,-2.597687005996704,0.025566738098859787,1.0050922632217407,-43.28550338745117,-35.02479934692383,-17.542858123779297,58.37913363478746,633183282,1720698566
4.0,0,1.9560925960540771,0.8858681321144104,9.27767276763916,-2.618459939956665,-0.01757713221013546,0.9667422771453857,-43.9836540222168,-33.623809814453125,-18.21758270263672,58.28381187870257,645183282,1720698566
4.0,0,5.501959800720215,0.009576953016221523,8.39419937133789,-2.600083827972412,0.057258836925029755,0.8804544806480408,-43.9836540222168,-33.623809814453125,-18.21758270263672,58.28381187870257,658183282,1720698566
4.0,0,1.5897741317749023,2.420574903488159,8.25533390045166,-2.594757556915283,0.1920168399810791,0.8937705159187317,-43.634578704833984,-31.522321701049805,-21.253847122192383,57.87364894031093,670183282,1720698566
4.0,0,2.8515377044677734,0.6201077103614807,8.791643142700195,-2.6240525245666504,0.2258395105600357,0.8434359431266785,-44.1581916809082,-28.89546012878418,-22.097253799438477,57.21173073818677,683183282,1720698566
4.0,0,2.810835838317871,-0.11492343246936798,7.740571975708008,-2.576914072036743,0.30866506695747375,0.8034879565238953,-45.72903823852539,-30.121328353881836,-21.591209411621094,58.86102007168546,695183282,1720698566
4.0,0,1.5849857330322266,2.32480525970459,10.31198501586914,-2.585169792175293,0.42371538281440735,0.7427669167518616,-45.9035758972168,-27.14422035217285,-24.796154022216797,58.8115314625657,708183282,1720698566
4.0,0,2.659998655319214,2.454094171524048,8.810796737670898,-2.5862350463867188,0.42877548933029175,0.7417016625404358,-45.9035758972168,-27.14422035217285,-24.796154022216797,58.8115314625657,720183282,1720698566
4.0,0,3.5243186950683594,0.17717362940311432,8.245756149291992,-2.575582504272461,0.5022798180580139,0.6530171036720276,-47.125343322753906,-23.466615676879883,-24.290111541748047,57.97835417916218,733183282,1720698566
4.0,0,5.489987850189209,1.3527445793151855,8.9783935546875,-2.5540103912353516,0.5837738513946533,0.6527507901191711,-46.42719268798828,-23.816864013671875,-25.9769229888916,58.288315812898006,745183282,1720698566
4.0,0,3.682338237762451,-1.4485141038894653,7.477205753326416,-2.5801098346710205,0.6623382568359375,0.6375705003738403,-45.72903823852539,-21.715375900268555,-27.66373634338379,57.688688641593636,758183282,1720698566
4.0,0,2.762950897216797,-1.4987930059432983,8.308006286621094,-2.5164592266082764,0.7595451474189758,0.5731210112571716,-46.0781135559082,-19.964136123657227,-27.66373634338379,57.33272702838528,770183282,1720698566
4.0,0,4.419764041900635,1.0558589696884155,9.014307022094727,-2.505007743835449,0.8176028728485107,0.5576744675636292,-46.42719268798828,-18.56314468383789,-28.001100540161133,57.30738340651145,783183282,1720698566
4.0,0,5.068602085113525,0.004788476508110762,8.650382995605469,-2.488229513168335,0.8951020836830139,0.5369014739990234,-46.42719268798828,-18.56314468383789,-28.001100540161133,57.30738340651145,795183282,1720698566
4.0,0,2.193122148513794,-1.1492342948913574,9.29682731628418,-2.4410908222198486,0.9960374236106873,0.5052093863487244,-44.1581916809082,-14.885540008544922,-30.53131866455078,55.710740555750725,808183282,1720698566
4.0,0,4.534687519073486,-0.9936088919639587,9.392596244812012,-2.4493465423583984,1.0309253931045532,0.435167133808136,-44.68180847167969,-12.608928680419922,-29.350549697875977,54.92634939931172,820183282,1720698566
4.0,0,3.2370100021362305,-3.1125094890594482,10.23058032989502,-2.4275083541870117,1.1156152486801147,0.45380955934524536,-43.9836540222168,-11.558184623718262,-29.350549697875977,54.12585537901006,833183282,1720698566
4.0,0,0.7350311875343323,-2.604931116104126,7.8052167892456055,-2.4237799644470215,1.2248064279556274,0.39628443121910095,-44.856346130371094,-11.032812118530273,-30.868682861328125,55.55799054144866,845183282,1720698566
4.0,0,4.067810535430908,-2.367901563644409,7.877044200897217,-2.3571999073028564,1.2213443517684937,0.4034750461578369,-44.856346130371094,-11.032812118530273,-30.868682861328125,55.55799054144866,858183282,1720698566
4.0,0,2.5163443088531494,-3.277712106704712,8.87065315246582,-2.3233771324157715,1.360896110534668,0.37311455607414246,-44.1581916809082,-8.581076622009277,-30.53131866455078,54.36673788187932,870183282,1720698566
4.0,0,-0.3495587706565857,-3.6560018062591553,8.22420883178711,-2.2972779273986816,1.4407920837402344,0.34355300664901733,-41.191043853759766,-5.954216003417969,-30.700000762939453,51.71696848058867,883183282,1720698566
4.0,0,4.534687519073486,-1.237821102142334,8.252939224243164,-2.224306106567383,1.4687557220458984,0.3153230845928192,-40.66742706298828,-4.0278520584106445,-32.21813201904297,52.03913188096431,895183282,1720698566
4.0,0,-2.351141929626465,-4.589754581451416,7.9584479331970215,-2.2378883361816406,1.5523803234100342,0.2884247303009033,-41.36558151245117,-3.6776041984558105,-33.904945373535156,53.61139270048993,908183282,1720698566
4.0,0,-2.5139501094818115,-6.452471733093262,8.003938674926758,-2.2115225791931152,1.6780833005905151,0.27111393213272095,-39.62019729614258,-1.9263640642166138,-32.55549621582031,51.31599405791005,920183282,1720698566
4.0,0,0.3591357469558716,-1.5107643604278564,7.477205753326416,-2.115647315979004,1.6570441722869873,0.2551347315311432,-39.62019729614258,-1.5761160850524902,-32.89285659790039,51.51877512974143,933183282,1720698566
4.0,0,0.5889825820922852,-3.378270149230957,8.207448959350586,-2.0927438735961914,1.7356085777282715,0.23995447158813477,-39.271121978759766,-0.17512400448322296,-31.880769729614258,50.58295333845448,946183282,1720698566
4.0,0,-0.435751348733902,-5.6049113273620605,6.924137115478516,-2.0743677616119385,1.8466640710830688,0.1989411562681198,-38.74750518798828,0.7004960179328918,-33.06153869628906,50.94040826230722,958183282,1720698566
4.0,0,-0.8930508494377136,-6.459654808044434,6.660770893096924,-2.0000643730163574,1.863974928855896,0.18855468928813934,-34.733123779296875,3.3273561000823975,-31.543407440185547,47.03666377436081,971183282,1720698566
4.0,0,-1.8698999881744385,-5.602517127990723,6.732597827911377,-1.94626784324646,1.9217662811279297,0.18669043481349945,-34.38404846191406,4.0278520584106445,-30.53131866455078,46.158940631605105,983183282,1720698566
4.0,0,-0.5841941237449646,-8.011120796203613,6.727809429168701,-1.9262938499450684,2.0474696159362793,0.1600584238767624,-34.38404846191406,4.0278520584106445,-30.53131866455078,46.158940631605105,996183282,1720698566
4.0,0,0.04549052566289902,-5.245776176452637,7.000752925872803,-1.841071367263794,2.051464319229126,0.16112370789051056,-34.209510803222656,5.603968143463135,-30.362638473510742,46.08237085287466,8183282,1720698567
4.0,0,1.9153906106948853,-4.9129767417907715,6.447683334350586,-1.7963296175003052,2.070373058319092,0.12117567658424377,-31.242359161376953,7.880580425262451,-30.53131866455078,44.38862436710391,21183282,1720698567
4.0,0,-1.019945502281189,-6.871463298797607,5.892220497131348,-1.7465276718139648,2.217381715774536,0.1419486552476883,-29.147897720336914,8.581076622009277,-30.868682861328125,43.31409007587795,33183282,1720698567
4.0,0,-0.289702832698822,-6.5889434814453125,6.81400203704834,-1.6775506734848022,2.195277214050293,0.10359854996204376,-29.49697494506836,9.982068061828613,-30.19395637512207,43.3749722222821,46183282,1720698567
4.0,0,1.1540228128433228,-5.695892810821533,6.507539749145508,-1.6285479068756104,2.2413504123687744,0.0932120606303215,-29.49697494506836,9.982068061828613,-30.19395637512207,43.3749722222821,58183282,1720698567
4.0,0,-3.457279920578003,-8.568979263305664,5.059025287628174,-1.5997852087020874,2.382500410079956,0.06231892108917236,-27.053438186645508,11.032812118530273,-28.507143020629883,40.81995424005378,71183282,1720698567
4.0,0,-2.8180184364318848,-9.184297561645508,5.688709735870361,-1.530009388923645,2.3875603675842285,0.04447546973824501,-24.9589786529541,13.834795951843262,-29.51923179626465,41.05773057865424,83183282,1720698567
4.0,0,0.9840319752693176,-6.734992027282715,6.112490653991699,-1.4083009958267212,2.3630588054656982,0.09134781360626221,-23.562671661376953,11.733307838439941,-28.507143020629883,38.80112384779724,96183282,1720698567
4.0,0,-1.1444458961486816,-6.423741340637207,4.948890209197998,-1.3734130859375,2.5082035064697266,0.04154594615101814,-23.562671661376953,14.185044288635254,-28.844507217407227,39.85499434082833,108183282,1720698567
4.0,0,-4.209070682525635,-6.7158379554748535,5.334362506866455,-1.3142900466918945,2.508469820022583,0.029561540111899376,-21.468212127685547,13.484548568725586,-28.169780731201172,37.89793831471017,121183282,1720698567
4.0,0,-1.9417272806167603,-6.469231605529785,5.217044830322266,-1.2274696826934814,2.53403639793396,0.021838253363966942,-20.07190704345703,15.235788345336914,-26.145605087280273,36.312578595372436,133183282,1720698567
4.0,0,-2.6959123611450195,-6.792453765869141,4.917765140533447,-1.1920491456985474,2.5974206924438477,-0.004793763160705566,-19.199214935302734,17.512399673461914,-25.30219841003418,36.26975655881573,146183282,1720698567
4.0,0,-4.067810535430908,-7.041454792022705,3.663184404373169,-1.1502368450164795,2.640564441680908,-0.011984407901763916,-16.93021583557129,15.936284065246582,-26.145605087280273,34.98842699275401,158183282,1720698567
4.0,0,-3.0287113189697266,-6.3878278732299805,4.06541633605957,-1.0386486053466797,2.6456246376037598,0.014647609554231167,-16.581140518188477,16.987028121948242,-25.808242797851562,35.06506440337204,171183282,1720698567
4.0,0,-0.08140409737825394,-7.319186210632324,4.546658515930176,-0.9776613712310791,2.6687943935394287,-0.005592723377048969,-15.359371185302734,18.56314468383789,-24.96483612060547,34.69500924181595,183183282,1720698567
4.0,0,-1.7070918083190918,-8.169140815734863,4.4772257804870605,-0.949697732925415,2.7180638313293457,-0.012250727973878384,-12.741296768188477,17.687524795532227,-22.097253799438477,31.03993882410878,196183282,1720698567
4.0,0,-4.630456924438477,-8.46842098236084,3.380664348602295,-0.8338484764099121,2.7351081371307373,0.014114969410002232,-11.868605613708496,19.263641357421875,-21.253847122192383,31.043158586952018,208183282,1720698567
4.0,0,-3.4381263256073,-7.108493804931641,3.639242172241211,-0.7760570049285889,2.7811813354492188,-0.039681706577539444,-11.344990730285645,18.388019561767578,-23.10934066772461,31.63652484346479,221183282,1720698567
4.0,0,-3.375875949859619,-10.613658905029297,4.072599411010742,-0.7741926908493042,2.8136725425720215,-0.04633970931172371,-8.72691535949707,19.613887786865234,-21.253847122192383,30.20909901504996,233183282,1720698567
4.0,0,-3.2705295085906982,-5.863489627838135,3.28010630607605,-0.6434295177459717,2.8070147037506104,-0.018109772354364395,-8.901453971862793,21.190004348754883,-20.41044044494629,30.738221260673853,246183282,1720698567
4.0,0,4.256955623626709,-6.3088178634643555,5.303237438201904,-0.5760505199432373,2.753217935562134,-0.008522245101630688,-8.901453971862793,21.190004348754883,-20.41044044494629,30.738221260673853,258183282,1720698567
4.0,0,-1.663995623588562,-8.865863800048828,3.943310499191284,-0.5443584322929382,2.8562839031219482,-0.054062992334365845,-6.4579176902771,20.4895076751709,-18.7236270904541,28.497347895684396,271183282,1720698567
4.0,0,-4.051051139831543,-7.335946083068848,2.966461181640625,-0.43436819314956665,2.8735947608947754,-0.02476777695119381,-5.759764194488525,21.540252685546875,-17.711538314819336,28.47553263436234,283183282,1720698567
4.0,0,-1.3790812492370605,-8.243362426757812,3.8810603618621826,-0.3797725737094879,2.8512237071990967,-0.03515426442027092,-4.014381408691406,22.59099578857422,-16.362089157104492,28.181311367622012,296183282,1720698567
4.0,0,-6.390222072601318,-9.711030960083008,1.5849857330322266,-0.3539395034313202,2.914874315261841,-0.09560894221067429,-2.967151403427124,19.789012908935547,-15.350000381469727,25.21966556225514,308183282,1720698567
4.0,0,-6.70865535736084,-9.586529731750488,1.4365429878234863,-0.25113990902900696,2.978524923324585,-0.051932431757450104,-2.618074655532837,21.890501022338867,-14.675274848937988,26.484184748691703,321183282,1720698567
4.0,0,-0.6799636483192444,-6.9480791091918945,2.8275954723358154,-0.18615780770778656,2.8773231506347656,-0.031425777822732925,-1.7453831434249878,21.014881134033203,-14.843955993652344,25.78787740269416,333183282,1720698567
4.0,0,2.5666234493255615,-0.6512327790260315,5.949681758880615,-0.05779147893190384,2.739635705947876,-0.08468981087207794,-0.34907662868499756,21.715375900268555,-12.482418060302734,25.049753803477397,346183282,1720698567
4.0,0,-37.388423919677734,-16.02703094482422,-2.169179677963257,-0.042877547442913055,2.004059314727783,-0.12596943974494934,-0.17453831434249878,21.890501022338867,-13.325824737548828,25.62815060764356,358183282,1720698567
4.0,0,36.097930908203125,12.136393547058105,32.724449157714844,0.08468981087207794,1.085787296295166,0.12969791889190674,1.7453831434249878,22.065624237060547,-12.145055770874023,25.247584339222364,371183282,1720698567
4.0,0,-19.71415901184082,-20.650304794311523,4.173157215118408,0.08575509488582611,-0.3845663070678711,-0.10040270537137985,1.2217681407928467,22.24074935913086,-11.30164909362793,24.977408225855562,383183282,1720698567
4.0,0,-26.73166847229004,-13.44604206085205,-4.247378826141357,-0.24315032362937927,0.503078818321228,0.2615264058113098,2.0944597721099854,20.31438446044922,-11.132966995239258,23.259491221026618,396183282,1720698567
4.0,0,12.0980863571167,-2.044679641723633,3.0095574855804443,0.1725754737854004,-0.525183379650116,-0.15606361627578735,0.17453831434249878,21.540252685546875,-11.63901138305664,24.484271182849305,408183282,1720698567
4.0,0,-33.72045135498047,-15.87858772277832,-11.049408912658691,0.03009418025612831,0.13182848691940308,0.018376091495156288,-0.17453831434249878,21.540252685546875,-11.63901138305664,24.484271182849305,421183282,1720698567
4.0,0,10.92969799041748,-4.941707611083984,5.310420513153076,0.11078918725252151,-0.20906133949756622,-0.0015979211311787367,-0.6981532573699951,21.365129470825195,-9.44615364074707,23.37062245385216,434183282,1720698567
4.0,0,-10.673513412475586,-10.568167686462402,0.7900986075401306,0.12463784217834473,-0.21944782137870789,-0.035420581698417664,0.8726915717124939,20.4895076751709,-9.952198028564453,22.79534515970283,446183282,1720698567
4.0,0,-6.8475213050842285,6.215442180633545,13.429282188415527,0.21678462624549866,-0.5262486338615417,0.047937631607055664,0.8726915717124939,20.4895076751709,-9.952198028564453,22.79534515970283,459183282,1720698567
4.0,0,-18.299163818359375,-15.849857330322266,18.986309051513672,0.046872351318597794,-1.73347806930542,-0.26791810989379883,-1.0472298860549927,22.065624237060547,-12.145055770874023,25.208943712163766,471183282,1720698567
4.0,0,-35.71245574951172,-9.43569278717041,8.968816757202148,-0.3589996099472046,-1.4418573379516602,-0.13928544521331787,0.17453831434249878,22.24074935913086,-11.63901138305664,25.10274848803962,484183282,1720698567
4.0,0,16.910505294799805,-3.787684917449951,15.495509147644043,-0.10279957950115204,-2.9777259826660156,-0.6745890378952026,-0.8726915717124939,22.59099578857422,-13.325824737548828,26.242947361807218,496183282,1720698567
4.0,0,-39.22719955444336,-18.18423843383789,-13.209012031555176,-0.3589996099472046,-1.969171404838562,-0.45514118671417236,-2.0944597721099854,21.365129470825195,-13.831868171691895,25.537738665770185,509183282,1720698567
4.0,0,30.074026107788086,0.46448221802711487,3.823598623275757,0.10546278208494186,-2.941240072250366,-0.6737899780273438,-2.7926130294799805,21.715375900268555,-13.831868171691895,25.897428736101368,521183282,1720698567
4.0,0,-15.852251052856445,-14.746112823486328,-9.167537689208984,0.06072099879384041,-2.4658584594726562,-0.47990894317626953,-2.7926130294799805,21.715375900268555,-13.831868171691895,25.897428736101368,534170429,1720698567
4.0,0,4.960861682891846,-3.818809986114502,2.446911573410034,0.3070671558380127,-2.4908926486968994,-0.43063971400260925,-4.537996292114258,23.816864013671875,-16.53076934814453,29.34455242518679,546170429,1720698567
4.0,0,-7.2186279296875,-11.434881210327148,3.1316637992858887,0.3419550955295563,-2.452542543411255,-0.4266449213027954,-6.981532573699951,23.466615676879883,-16.19340705871582,29.353880162140157,559170429,1720698567
4.0,0,-9.931300163269043,-6.8211846351623535,3.744588851928711,0.2801688015460968,-2.3976802825927734,-0.44129252433776855,-6.632455825805664,22.065624237060547,-17.542858123779297,28.959162874701104,571170429,1720698567
4.0,0,-0.5674344897270203,-7.130041599273682,5.873066425323486,0.2844299376010895,-2.4381611347198486,-0.5089378356933594,-7.85422420501709,23.991989135742188,-18.38626480102539,31.23073988693948,584170429,1720698567
4.0,0,-4.482014179229736,-9.912145614624023,2.3918440341949463,0.2940174639225006,-2.384364604949951,-0.4998829662799835,-7.85422420501709,23.991989135742188,-18.38626480102539,31.23073988693948,596170429,1720698567
4.0,0,-2.580988883972168,-8.995153427124023,-0.11492343246936798,0.34355300664901733,-2.348677635192871,-0.4767131209373474,-10.472298622131348,23.116369247436523,-19.229671478271484,31.840474726001982,609170429,1720698567
4.0,0,1.6161108016967773,-8.638411521911621,1.7980729341506958,0.4554075002670288,-2.3667874336242676,-0.47058776021003723,-12.043143272399902,24.69248390197754,-20.747802734375,34.42713144357963,621170429,1720698567
4.0,0,-2.3822669982910156,-6.969627380371094,1.7741304636001587,0.5235854387283325,-2.350541830062866,-0.47005507349967957,-12.043143272399902,23.641740798950195,-19.060989379882812,32.669412667268794,634170429,1720698567
4.0,0,-0.4620879888534546,-4.963255882263184,3.9816181659698486,0.5813769102096558,-2.3369596004486084,-0.46446236968040466,-13.090373992919922,24.34223747253418,-20.41044044494629,34.358237667267815,646170429,1720698567
4.0,0,-1.5778030157089233,-9.45484733581543,4.211464881896973,0.5643324255943298,-2.3470795154571533,-0.48070788383483887,-14.486680030822754,23.291492462158203,-20.073078155517578,33.98949817322592,659170429,1720698567
4.0,0,-4.5801777839660645,-7.300032615661621,2.214670419692993,0.6194607019424438,-2.2735753059387207,-0.4855016767978668,-16.23206329345703,22.59099578857422,-22.434616088867188,35.73716508814083,671170429,1720698567
4.0,0,-4.5801777839660645,-7.300032615661621,2.214670419692993,0.6194607019424438,-2.2735753059387207,-0.4855016767978668,-17.104755401611328,22.76612091064453,-22.265933990478516,36.14748587572011,684170429,1720698567
4.0,0,-1.1827536821365356,-6.679924488067627,3.3399622440338135,0.7134717702865601,-2.280766010284424,-0.5038777589797974,-16.23206329345703,23.991989135742188,-22.7719783782959,36.846416660429036,696170429,1720698567
4.0,0,2.4109978675842285,-7.987178325653076,4.582571983337402,0.7771222591400146,-2.283162832260132,-0.5006818771362305,-19.37375259399414,23.291492462158203,-24.121429443359375,38.72569262232803,709170429,1720698567
4.0,0,-2.604931116104126,-10.1898775100708,4.0079545974731445,0.833049476146698,-2.2293660640716553,-0.5102694630622864,-20.944597244262695,22.76612091064453,-24.96483612060547,39.751923948044954,721170429,1720698567
4.0,0,-2.8419606685638428,-8.537853240966797,4.252167224884033,0.8618121147155762,-2.176368474960327,-0.5049430131912231,-22.340904235839844,21.014881134033203,-24.96483612060547,39.547241037538875,734170429,1720698567
4.0,0,0.39265507459640503,-6.9528679847717285,4.443706035614014,0.9113476276397705,-2.20300030708313,-0.5198569893836975,-22.166366577148438,22.94124412536621,-23.784067153930664,39.79108367002407,746170429,1720698567
4.0,0,-2.317622661590576,-6.272904396057129,3.744588851928711,0.9683401584625244,-2.200603485107422,-0.5219874978065491,-24.260826110839844,21.190004348754883,-24.458791732788086,40.445475159881134,759170429,1720698567
4.0,0,1.1013495922088623,-6.438106536865234,4.558629512786865,1.008554458618164,-2.1883528232574463,-0.5326403379440308,-26.529823303222656,21.715375900268555,-25.63956069946289,42.810934909805724,771170429,1720698567
4.0,0,0.4596937298774719,-7.113282203674316,4.805236339569092,1.0407792329788208,-2.131093978881836,-0.5214548707008362,-27.053438186645508,21.190004348754883,-26.145605087280273,43.17982708857131,784170429,1720698567
4.0,0,-1.0726187229156494,-8.31279468536377,4.924948215484619,1.0761998891830444,-2.0850205421447754,-0.5408962965011597,-27.053438186645508,21.190004348754883,-26.145605087280273,43.17982708857131,796170429,1720698567
4.0,0,2.2529780864715576,-8.446871757507324,4.922553539276123,1.1244038343429565,-2.0578560829162598,-0.5387657284736633,-28.7988224029541,20.4895076751709,-27.15769386291504,44.57277680961319,809170429,1720698567
4.0,0,0.37350115180015564,-7.776485919952393,4.64961051940918,1.175270915031433,-2.0946080684661865,-0.5552775859832764,-30.544204711914062,18.03777313232422,-25.808242797851562,43.867699932517176,821170429,1720698567
4.0,0,1.9249675273895264,-8.46842098236084,5.640825271606445,1.201370358467102,-2.058655023574829,-0.5598049759864807,-32.11505126953125,20.31438446044922,-27.326374053955078,46.8057843966772,834170429,1720698567
4.0,0,1.9249675273895264,-8.46842098236084,5.640825271606445,1.201370358467102,-2.058655023574829,-0.5598049759864807,-33.68589401245117,18.73826789855957,-26.482967376708984,46.76761379771384,846170429,1720698567
4.0,0,1.654418706893921,-8.09731388092041,5.348728656768799,1.2943159341812134,-1.969704031944275,-0.5483531951904297,-34.90766143798828,17.512399673461914,-26.989011764526367,47.47247334422366,859170429,1720698567
4.0,0,1.7741304636001587,-6.600914478302002,5.140429496765137,1.344916820526123,-1.9595838785171509,-0.5888339281082153,-34.733123779296875,16.987028121948242,-27.83241844177246,47.64024063962874,871170429,1720698567
4.0,0,0.39026084542274475,-5.015929222106934,4.960861682891846,1.4128285646438599,-1.945735216140747,-0.58031165599823,-37.351200103759766,16.111408233642578,-27.66373634338379,49.193210232088354,884170429,1720698567
4.0,0,1.2593693733215332,-7.2066569328308105,5.77250862121582,1.4061704874038696,-1.9052544832229614,-0.596823513507843,-37.52573776245117,14.885540008544922,-28.169780731201172,49.22699302624728,897170429,1720698567
4.0,0,4.000771999359131,-6.65358829498291,4.996775150299072,1.450645923614502,-1.8964658975601196,-0.5930950045585632,-38.74750518798828,15.41091251373291,-28.001100540161133,50.22874689119091,909170429,1720698567
4.0,0,2.631267786026001,-8.568979263305664,6.181922912597656,1.5145628452301025,-1.794198989868164,-0.6117374300956726,-40.84196472167969,14.009920120239258,-29.013187408447266,52.020274775322896,922170429,1720698567
4.0,0,1.7549766302108765,-6.526693344116211,6.890617847442627,1.5401294231414795,-1.7635722160339355,-0.6325104236602783,-40.84196472167969,12.959176063537598,-29.013187408447266,51.74718707495487,934170429,1720698567
4.0,0,2.3846611976623535,-6.316000461578369,5.796450614929199,1.5798112154006958,-1.8157708644866943,-0.6303797960281372,-42.0637321472168,13.134300231933594,-29.181869506835938,52.8530880143192,947170429,1720698567
4.0,0,3.2130677700042725,-8.782065391540527,6.043057441711426,1.6075085401535034,-1.7297494411468506,-0.6322441101074219,-42.936424255371094,11.558184623718262,-30.700000762939453,54.0334915258829,959170429,1720698567
4.0,0,0.9457241296768188,-8.497151374816895,6.167557716369629,1.6423964500427246,-1.6850076913833618,-0.6578108668327332,-44.1581916809082,12.433804512023926,-29.51923179626465,54.552089171842525,972170429,1720698567
4.0,0,0.6703867316246033,-5.940104961395264,6.6655592918396,1.6860729455947876,-1.6218898296356201,-0.6418315768241882,-42.936424255371094,11.20793628692627,-31.037363052368164,54.15230621952796,984170429,1720698567
4.0,0,2.703094959259033,-6.105307102203369,6.059816837310791,1.706845998764038,-1.6253520250320435,-0.680448055267334,-42.936424255371094,11.20793628692627,-31.037363052368164,54.15230621952796,997170429,1720698567
4.0,0,4.6328511238098145,-6.2345967292785645,6.02869176864624,1.7683659791946411,-1.6312110424041748,-0.6737899780273438,-45.9035758972168,7.530332088470459,-30.19395637512207,55.457363650799024,9170429,1720698568
4.0,0,0.617713451385498,-9.519491195678711,5.837152481079102,1.7931336164474487,-1.545722246170044,-0.6812469959259033,-48.34711456298828,8.230828285217285,-28.507143020629883,56.726071819103545,22170429,1720698568
4.0,0,3.3615105152130127,-4.764533996582031,7.1013102531433105,1.8117761611938477,-1.5252156257629395,-0.6801817417144775,-49.21980285644531,7.004960060119629,-28.675825119018555,57.39304317535139,34170429,1720698568
4.0,0,0.5554632544517517,-7.934505462646484,6.636828422546387,1.7875410318374634,-1.4229487180709839,-0.721461296081543,-49.56888198852539,7.355208396911621,-29.687911987304688,58.24556009105162,47170429,1720698568
4.0,0,4.316811561584473,-4.869880676269531,6.335154056549072,1.8565179109573364,-1.4450533390045166,-0.7297172546386719,-49.56888198852539,7.355208396911621,-29.687911987304688,58.24556009105162,59170429,1720698568
4.0,0,6.014326572418213,-4.79805326461792,6.584155082702637,1.9236304759979248,-1.4288077354431152,-0.74809330701828,-51.13972473144531,4.728348255157471,-28.169780731201172,58.576149320982196,72170429,1720698568
4.0,0,-2.4852192401885986,-7.6519856452941895,6.366279125213623,1.9268264770507812,-1.289255976676941,-0.7398374676704407,-50.7906494140625,4.0278520584106445,-27.83241844177246,58.05649986370661,84170429,1720698568
4.0,0,2.9520957469940186,-3.9289448261260986,7.438898086547852,1.9388108253479004,-1.2919191122055054,-0.7387721538543701,-54.28141403198242,0.5253720283508301,-27.83241844177246,61.00320845166742,97170429,1720698568
4.0,0,5.2194390296936035,-5.8946146965026855,7.063002586364746,1.9529258012771606,-1.2612923383712769,-0.7872424125671387,-52.885108947753906,-0.5253720283508301,-28.844507217407227,60.24214771071024,109170429,1720698568
4.0,0,6.162769317626953,-3.06701922416687,6.581760883331299,2.0346860885620117,-1.234926700592041,-0.7957646250724792,-54.6304931640625,-2.9771080017089844,-28.169780731201172,61.537716092218375,122170429,1720698568
4.0,0,3.790079116821289,-6.325577259063721,6.842732906341553,2.0362839698791504,-1.1654170751571655,-0.7923025488853455,-54.6304931640625,-2.9771080017089844,-28.169780731201172,61.537716092218375,134170429,1720698568
4.0,0,3.665578603744507,-5.300843238830566,6.299240589141846,2.0522632598876953,-1.191250205039978,-0.8061511516571045,-55.6777229309082,-4.0278520584106445,-25.808242797851562,61.50038877347265,147170429,1720698568
4.0,0,4.568206310272217,-2.5929598808288574,6.61049222946167,2.091412305831909,-1.096440076828003,-0.8258588314056396,-54.6304931640625,-5.779092311859131,-26.482967376708984,60.98554133869356,159170429,1720698568
4.0,0,5.506748199462891,-5.0183234214782715,7.331157207489014,2.078096389770508,-1.024001121520996,-0.8695353269577026,-55.15410614013672,-6.304464340209961,-26.989011764526367,61.72623794433117,172170429,1720698568
4.0,0,6.490779399871826,-2.2314300537109375,7.52509069442749,2.1217727661132812,-0.9912436604499817,-0.8551540970802307,-58.12125778198242,-7.530332088470459,-27.83241844177246,64.88012040556194,184170429,1720698568
4.0,0,5.494776248931885,-6.981598377227783,6.790059566497803,2.1414804458618164,-0.9646116495132446,-0.8620784282684326,-56.20133590698242,-10.15719223022461,-25.63956069946289,62.603081270754146,197170429,1720698568
4.0,0,1.5586491823196411,-6.102912902832031,6.751751899719238,2.1313602924346924,-0.8484960198402405,-0.8873788118362427,-59.168487548828125,-11.733307838439941,-26.145605087280273,65.743236131388,209170429,1720698568
4.0,0,4.994380950927734,-1.0630418062210083,7.187503337860107,2.157193422317505,-0.8578172922134399,-0.9113476276397705,-56.375877380371094,-12.083556175231934,-26.482967376708984,63.44761178580684,222170429,1720698568
4.0,0,7.393407821655273,1.4724565744400024,6.045451641082764,2.1553292274475098,-0.8234620094299316,-0.9025590419769287,-56.5504150390625,-12.959176063537598,-24.96483612060547,63.159581441493735,234170429,1720698568
4.0,0,7.654379844665527,-1.0798014402389526,7.903380393981934,2.201935052871704,-0.7510228753089905,-0.9419744610786438,-57.07402801513672,-14.185044288635254,-24.121429443359375,63.56495507537246,247170429,1720698568
4.0,0,7.618465900421143,-3.6248764991760254,7.000752925872803,2.2221755981445312,-0.7409027218818665,-0.951029360294342,-57.07402801513672,-14.185044288635254,-24.121429443359375,63.56495507537246,259170429,1720698568
4.0,0,1.7286399602890015,-3.3686931133270264,7.812399387359619,2.2152512073516846,-0.634108304977417,-0.9720686078071594,-58.29579544067383,-17.512399673461914,-21.928571701049805,64.69888843892173,272170429,1720698568
4.0,0,4.175551414489746,-0.9433298707008362,6.81400203704834,2.230964183807373,-0.6226565837860107,-0.9824550747871399,-59.5175666809082,-18.73826789855957,-22.7719783782959,66.42308654915186,284170429,1720698568
4.0,0,6.270510196685791,1.5897741317749023,6.138826847076416,2.2224419116973877,-0.6016172766685486,-1.0069565773010254,-58.644874572753906,-18.913393020629883,-23.615385055541992,65.98957615054339,297170429,1720698568
4.0,0,9.675116539001465,1.563437581062317,7.098916053771973,2.2610583305358887,-0.5645987391471863,-1.0088207721710205,-57.946720123291016,-21.715375900268555,-21.253847122192383,65.430160790193,309170429,1720698568
4.0,0,3.430943250656128,-3.2920775413513184,7.139618396759033,2.273841619491577,-0.48949646949768066,-1.0530298948287964,-56.375877380371094,-22.24074935913086,-20.073078155517578,63.84214085617613,322170429,1720698568
4.0,0,1.3383792638778687,-4.115695476531982,7.424532890319824,2.2544002532958984,-0.3909580111503601,-1.065546989440918,-56.375877380371094,-22.24074935913086,-20.073078155517578,63.84214085617613,334170429,1720698568
4.0,0,4.719043254852295,1.5251296758651733,7.0318779945373535,2.281564950942993,-0.3952191174030304,-1.0690091848373413,-58.4703369140625,-23.991989135742188,-18.38626480102539,65.82135348704838,347170429,1720698568
4.0,0,9.13880729675293,4.297657489776611,6.555424213409424,2.281564950942993,-0.372848242521286,-1.083390474319458,-57.946720123291016,-28.019840240478516,-17.880220413208008,66.80296477083827,359170429,1720698568
4.0,0,7.944082260131836,1.0750129222869873,6.9480791091918945,2.301805257797241,-0.329171746969223,-1.1369208097457886,-57.07402801513672,-27.14422035217285,-17.711538314819336,65.63499037767309,372170429,1720698568
4.0,0,4.640033721923828,0.16280819475650787,6.7421746253967285,2.2924840450286865,-0.25859689712524414,-1.1196099519729614,-55.328643798828125,-26.79397201538086,-17.374176025390625,63.88300050514122,384170429,1720698568
4.0,0,4.189917087554932,-2.681546926498413,7.501148700714111,2.2288334369659424,-0.1763039529323578,-1.1430461406707764,-55.328643798828125,-26.79397201538086,-17.374176025390625,63.88300050514122,397170429,1720698568
4.0,0,4.3311767578125,1.4963988065719604,6.524299144744873,2.2852933406829834,-0.16059106588363647,-1.1563622951507568,-55.15410614013672,-31.522321701049805,-16.19340705871582,65.55805535333708,410170429,1720698568
4.0,0,12.349480628967285,4.620879650115967,7.170743465423584,2.2884891033172607,-0.16804802417755127,-1.1939133405685425,-56.89949035644531,-32.222816467285156,-16.19340705871582,67.36533482494409,422170429,1720698568
4.0,0,9.313586235046387,4.206676483154297,6.457260608673096,2.276238441467285,-0.11345238983631134,-1.201370358467102,-54.28141403198242,-32.047691345214844,-15.687362670898438,64.95860048860315,435170429,1720698568
4.0,0,3.8523292541503906,1.2426096200942993,6.6440110206604,2.2858259677886963,-0.04234490543603897,-1.2288012504577637,-56.89949035644531,-32.92331314086914,-15.181319236755371,67.46828147183844,447170429,1720698568
4.0,0,6.7733001708984375,0.7829159498214722,7.094127655029297,2.238154649734497,0.026632016524672508,-1.2317308187484741,-52.536033630371094,-35.19992446899414,-14.000550270080566,64.76947521865087,460170429,1720698568
4.0,0,4.412580966949463,4.261744022369385,6.4093756675720215,2.25653076171875,0.039681706577539444,-1.2487752437591553,-53.40872573852539,-35.37504959106445,-11.132966995239258,65.02175845592289,472170429,1720698568
4.0,0,10.783649444580078,4.630456924438477,5.940104961395264,2.2706458568573,0.07403700798749924,-1.2937833070755005,-50.44157409667969,-35.900421142578125,-10.626923561096191,62.81818319514406,485170429,1720698568
4.0,0,6.181922912597656,4.338359355926514,6.660770893096924,2.221376657485962,0.1238388791680336,-1.2977782487869263,-52.885108947753906,-35.900421142578125,-11.30164909362793,64.91072529918127,497170429,1720698568
4.0,0,4.249773025512695,2.219458818435669,6.325577259063721,2.20965838432312,0.18748940527439117,-1.3121594190597534,-52.01241683959961,-37.826786041259766,-10.795604705810547,65.21274667326648,510170429,1720698568
4.0,0,3.663184404373169,2.0566506385803223,6.418952941894531,2.1998045444488525,0.24821040034294128,-1.3422536849975586,-50.965187072753906,-40.62876892089844,-9.783516883850098,65.90799921106044,522170429,1720698568
4.0,0,3.993589162826538,5.150006294250488,6.205865383148193,2.2205774784088135,0.2577979266643524,-1.3742120265960693,-47.474422454833984,-39.92827224731445,-7.084615707397461,62.436203374302075,535170429,1720698568
4.0,0,13.465195655822754,9.110076904296875,7.886620998382568,2.1606554985046387,0.25753161311149597,-1.3470473289489746,-48.34711456298828,-38.35215759277344,-7.253296852111816,62.13647715965637,547170429,1720698568
4.0,0,3.976829767227173,7.300032615661621,19.539379119873047,1.362760305404663,0.3566026985645294,-0.8250598907470703,-47.9980354309082,-41.504390716552734,-7.5906596183776855,63.90652523350849,560170429,1720698568
4.0,0,30.811450958251953,16.328704833984375,4.783688068389893,0.9976353645324707,-0.02370249480009079,-0.6319777965545654,-47.29988479614258,-39.40290069580078,-5.566483497619629,61.813052209875295,572170429,1720698568
4.0,0,2.916182041168213,0.8858681321144104,10.33592700958252,0.34728148579597473,0.07616756856441498,-0.23036694526672363,-45.9035758972168,-40.80389404296875,-5.229121208190918,61.63959569814938,585170429,1720698568
4.0,0,4.817207336425781,18.33507537841797,7.235387802124023,0.23436175286769867,0.15872682631015778,-0.2407534420490265,-45.9035758972168,-40.80389404296875,-5.229121208190918,61.63959569814938,597170429,1720698568
4.0,0,6.411769866943359,3.658396005630493,7.276090145111084,-0.03701850399374962,-0.026365695521235466,0.04420914873480797,-47.9980354309082,-39.05265426635742,-5.566483497619629,62.12814940913366,610170429,1720698568
4.0,0,2.549863576889038,9.208239555358887,8.379834175109863,-0.08788565546274185,0.0287625789642334,0.09001621603965759,-47.125343322753906,-39.578025817871094,-4.048351764678955,61.67339185530561,622170429,1720698568
4.0,0,7.462840557098389,0.6584155559539795,5.003958225250244,-0.11478398740291595,-0.04341018572449684,0.1294316053390503,-47.125343322753906,-41.32926559448242,-4.385714530944824,62.83423167202441,635170429,1720698568
4.0,0,8.995153427124023,4.000771999359131,8.461237907409668,-0.03488794341683388,0.13608960807323456,0.1006690263748169,-47.474422454833984,-40.27852249145508,-4.723076820373535,62.43787004827958,647170429,1720698568
4.0,0,19.477127075195312,30.986230850219727,17.410900115966797,-0.06604740023612976,0.13928544521331787,0.33050331473350525,-47.125343322753906,-39.92827224731445,-6.072527885437012,62.064003277765586,660170429,1720698568
4.0,0,6.5410590171813965,-22.357397079467773,9.821165084838867,-0.5475542545318604,0.6990904211997986,0.4133288860321045,-47.125343322753906,-39.92827224731445,-6.072527885437012,62.064003277765586,672170429,1720698568
4.0,0,21.81390380859375,25.982275009155273,9.663145065307617,-0.9627474546432495,0.5179927349090576,1.0080218315124512,-50.44157409667969,-41.854637145996094,-7.5906596183776855,65.98318847567077,685170429,1720698568
4.0,0,3.378270149230957,13.608850479125977,11.669516563415527,-0.3672555088996887,1.1638190746307373,0.4982850253582001,-47.474422454833984,-40.62876892089844,-6.747252941131592,62.84936812490175,697170429,1720698568
4.0,0,39.22600173950195,-31.38128089904785,7.965630531311035,-1.3771415948867798,0.9624811410903931,1.5156280994415283,-47.474422454833984,-41.67951202392578,-7.084615707397461,63.57038846581104,710170429,1720698568
4.0,0,39.22600173950195,-31.38128089904785,7.965630531311035,-1.3771415948867798,0.9624811410903931,1.5156280994415283,-48.8707275390625,-41.32926559448242,-6.747252941131592,64.35822889909385,722170429,1720698568
4.0,0,13.675888061523438,-31.259174346923828,1.5227354764938354,-1.0098860263824463,1.2913864850997925,1.2642219066619873,-49.21980285644531,-38.87752914428711,-8.771429061889648,63.332371133410106,735170429,1720698568
4.0,0,-8.231390953063965,18.998279571533203,9.955243110656738,-0.331302285194397,1.563033103942871,0.821597695350647,-52.01241683959961,-37.826786041259766,-10.120879173278809,65.1044502545534,747170429,1720698568
4.0,0,12.904943466186523,-7.3910136222839355,4.525110244750977,-0.7419679760932922,1.1465083360671997,1.2160178422927856,-50.44157409667969,-39.40290069580078,-9.277472496032715,64.67621260176425,760170429,1720698568
4.0,0,2.8994224071502686,11.075746536254883,7.036666393280029,-0.24900935590267181,1.406969428062439,0.9254626035690308,-50.7906494140625,-37.65166091918945,-9.952198028564453,64.0029990193865,772170429,1720698568
4.0,0,14.049389839172363,-10.644783020019531,7.374253273010254,-0.558207094669342,1.1201425790786743,1.2224096059799194,-50.7906494140625,-37.301414489746094,-11.63901138305664,64.082385854562,785170429,1720698568
4.0,0,3.203490734100342,6.596126079559326,7.115676403045654,-0.15712890028953552,1.3073657751083374,0.9004284739494324,-50.7906494140625,-37.301414489746094,-11.63901138305664,64.082385854562,797170429,1720698568
4.0,0,5.0949387550354,5.619277477264404,7.522696495056152,-0.24474823474884033,1.2559659481048584,1.040246605873108,-53.5832633972168,-36.60091781616211,-14.337912559509277,66.45576752882401,810170429,1720698568
4.0,0,7.029483795166016,2.8802685737609863,6.13403844833374,-0.15979209542274475,1.2953813076019287,1.0242674350738525,-52.186954498291016,-37.65166091918945,-12.313736915588379,65.51911100287182,822170429,1720698568
4.0,0,5.777297019958496,4.6328511238098145,7.819581985473633,-0.05805779621005058,1.2655534744262695,1.0277295112609863,-53.7578010559082,-36.07554626464844,-13.157143592834473,66.06403439226112,835170429,1720698568
4.0,0,7.230599403381348,-1.0247340202331543,8.178718566894531,-0.07164012640714645,1.27593994140625,1.0652806758880615,-50.26703643798828,-36.4257926940918,-12.482418060302734,63.320013315563706,847170429,1720698568
4.0,0,1.702303409576416,7.187503337860107,7.814793586730957,0.043942827731370926,1.3108278512954712,1.0234684944152832,-51.314266204833984,-37.12628936767578,-13.494505882263184,64.75814209317156,860170429,1720698568
4.0,0,3.3878471851348877,-2.6145079135894775,6.069393634796143,0.17151018977165222,1.296446681022644,1.0042933225631714,-51.314266204833984,-37.12628936767578,-13.494505882263184,64.75814209317156,872170429,1720698568
4.0,0,3.9864065647125244,4.623273849487305,7.52509069442749,0.21651829779148102,1.3361282348632812,1.0423771142959595,-51.6633415222168,-37.47653579711914,-12.819780349731445,65.099449773476,885170429,1720698568
4.0,0,5.279295444488525,3.976829767227173,8.5570068359375,0.25353679060935974,1.2756736278533936,1.0482361316680908,-51.8378791809082,-36.95116424560547,-12.9884614944458,64.97118121962113,897170429,1720698568
4.0,0,6.1771345138549805,-0.07900986075401306,8.087737083435059,0.24315032362937927,1.2306655645370483,1.1252027750015259,-49.7434196472168,-38.00190734863281,-12.65109920501709,63.863941871985716,910170429,1720698568
4.0,0,2.3295936584472656,6.957656383514404,8.087737083435059,0.4479505121707916,1.2591617107391357,1.044774055480957,-51.6633415222168,-36.07554626464844,-13.494505882263184,64.44103959853872,922170429,1720698568
4.0,0,4.201888084411621,3.864300489425659,7.352705478668213,0.47937631607055664,1.2357256412506104,1.0897821187973022,-51.6633415222168,-36.07554626464844,-13.494505882263184,64.44103959853872,935170429,1720698568
4.0,0,5.619277477264404,4.716649055480957,8.76530647277832,0.5254496932029724,1.1947122812271118,1.1204088926315308,-49.9179573059082,-36.07554626464844,-13.157143592834473,62.97902767913879,948170429,1720698568
4.0,0,-1.1013495922088623,-0.4405398368835449,6.624857425689697,0.5635334849357605,1.2192137241363525,1.1089571714401245,-52.536033630371094,-36.95116424560547,-14.675274848937988,65.8846496583921,960170429,1720698568
4.0,0,2.1548144817352295,1.276128888130188,9.272884368896484,0.5795127153396606,1.177934169769287,1.1510357856750488,-50.44157409667969,-36.250667572021484,-13.325824737548828,63.52984260726533,973170429,1720698568
4.0,0,5.190708637237549,5.7102580070495605,8.9999418258667,0.7662031650543213,1.111886739730835,1.127066969871521,-52.536033630371094,-35.900421142578125,-14.000550270080566,65.15282400396015,985170429,1720698568
4.0,0,-0.41180896759033203,0.2442122995853424,6.464443206787109,0.7451638579368591,1.129996418952942,1.1558294296264648,-53.40872573852539,-36.776039123535156,-13.831868171691895,66.30452183484832,998170429,1720698568
4.0,0,4.905794143676758,3.584174633026123,10.580138206481934,0.8562193512916565,1.07060706615448,1.162487506866455,-52.7105712890625,-36.4257926940918,-14.843955993652344,65.76918525079795,10170429,1720698569
4.0,0,3.203490734100342,0.5746171474456787,8.887412071228027,0.8620784282684326,0.9779276847839355,1.1877878904342651,-54.455955505371094,-36.4257926940918,-14.506593704223633,67.10238985531981,23170429,1720698569
4.0,0,2.090169906616211,3.8858487606048584,7.343128681182861,0.8716659545898438,0.9968363642692566,1.2173494100570679,-53.40872573852539,-37.47653579711914,-15.181319236755371,66.98847045674394,35170429,1720698569
4.0,0,-1.3383792638778687,3.744588851928711,7.891409397125244,1.0445077419281006,0.9928416013717651,1.1853910684585571,-53.7578010559082,-34.32430648803711,-15.518681526184082,65.64212570112609,48170429,1720698569
4.0,0,1.223455786705017,3.1580002307891846,6.260932922363281,1.0322569608688354,0.9443712830543518,1.229600191116333,-54.805030822753906,-35.02479934692383,-13.831868171691895,66.4954776649837,60170429,1720698569
4.0,0,3.871483087539673,3.3615105152130127,8.454055786132812,1.0602205991744995,0.8365116715431213,1.2714124917984009,-54.805030822753906,-35.02479934692383,-13.831868171691895,66.4954776649837,73170429,1720698569
4.0,0,1.4437257051467896,-0.13647158443927765,7.798034191131592,1.0695418119430542,0.8604804873466492,1.3124257326126099,-53.23418426513672,-36.250667572021484,-14.337912559509277,65.98155053009799,85170429,1720698569
4.0,0,1.675966739654541,5.166766166687012,8.825161933898926,1.1845921277999878,0.7941667437553406,1.3217469453811646,-55.5031852722168,-36.07554626464844,-14.169231414794922,67.69649719550358,98170429,1720698569
4.0,0,5.612093925476074,2.8443548679351807,8.382227897644043,1.2293338775634766,0.6612730026245117,1.327872395515442,-55.15410614013672,-38.177032470703125,-13.157143592834473,68.3562115678528,110170429,1720698569
4.0,0,0.9744549989700317,3.818809986114502,7.161166667938232,1.2535691261291504,0.6751216650009155,1.3752774000167847,-53.7578010559082,-36.776039123535156,-13.494505882263184,66.51676418008343,123170429,1720698569
4.0,0,-0.9696664214134216,3.0550482273101807,6.404587268829346,1.275407314300537,0.626651406288147,1.3561022281646729,-53.7578010559082,-36.776039123535156,-13.494505882263184,66.51676418008343,135170429,1720698569
4.0,0,6.689501762390137,5.379853248596191,10.513099670410156,1.2607595920562744,0.5558102130889893,1.4389278888702393,-54.28141403198242,-36.60091781616211,-14.337912559509277,67.01995845165143,148170429,1720698569
4.0,0,1.7477937936782837,7.599311828613281,6.445289134979248,1.3238775730133057,0.4759141504764557,1.4035073518753052,-57.946720123291016,-36.776039123535156,-12.145055770874023,69.69793258297156,160170429,1720698569
4.0,0,4.647216320037842,2.197910785675049,6.615280628204346,1.4615650177001953,0.38936007022857666,1.4652936458587646,-58.29579544067383,-36.07554626464844,-12.819780349731445,69.74375651317499,173170429,1720698569
4.0,0,2.4564883708953857,7.192291736602783,7.118070602416992,1.378473162651062,0.39069169759750366,1.4650273323059082,-56.724952697753906,-38.00190734863281,-12.9884614944458,69.50226868735432,185170429,1720698569
4.0,0,1.1276862621307373,5.193102836608887,6.325577259063721,1.3750110864639282,0.2740434408187866,1.5289440155029297,-58.644874572753906,-38.52728271484375,-10.795604705810547,70.99378781279144,198170429,1720698569
4.0,0,-0.6272904276847839,6.553030014038086,6.648799896240234,1.4418573379516602,0.26978233456611633,1.5201555490493774,-59.168487548828125,-37.65166091918945,-11.30164909362793,71.03720687798014,210170429,1720698569
4.0,0,5.609699726104736,6.572184085845947,9.804405212402344,1.5017794370651245,0.13395905494689941,1.5483853816986084,-58.644874572753906,-36.776039123535156,-12.145055770874023,70.27944754298704,223170429,1720698569
4.0,0,4.8650922775268555,2.039891004562378,7.479599952697754,1.4732831716537476,0.07563493400812149,1.5478527545928955,-60.91387176513672,-38.00190734863281,-10.626923561096191,72.57806996556862,235170429,1720698569
4.0,0,2.32480525970459,2.6432390213012695,6.624857425689697,1.4610323905944824,0.04580707103013992,1.5859366655349731,-59.168487548828125,-36.95116424560547,-11.63901138305664,70.72315776247878,248170429,1720698569
4.0,0,6.608097076416016,3.3232028484344482,7.551427364349365,1.4823380708694458,-0.08895093947649002,1.5933936834335327,-63.18286895751953,-37.47653579711914,-11.132966995239258,74.30012529715495,260170429,1720698569
4.0,0,6.430923938751221,5.255352973937988,10.300012588500977,1.476745367050171,-0.13529065251350403,1.6234877109527588,-63.18286895751953,-37.47653579711914,-11.132966995239258,74.30012529715495,273170429,1720698569
4.0,0,-0.14844277501106262,3.1172983646392822,4.450888633728027,1.4692883491516113,-0.11718087643384933,1.6903342008590698,-62.65925598144531,-37.301414489746094,-10.289560317993164,73.64409640033442,285170429,1720698569
4.0,0,5.458862781524658,2.731825828552246,3.7805020809173584,1.5491844415664673,-0.2620590329170227,1.6684958934783936,-63.35740661621094,-37.65166091918945,-7.928022384643555,74.12598789923084,298170429,1720698569
4.0,0,5.78447961807251,6.658376693725586,8.442083358764648,1.514829158782959,-0.3446182906627655,1.714302897453308,-63.706485748291016,-36.95116424560547,-8.602747917175293,74.1479071668876,310170429,1720698569
4.0,0,1.6855436563491821,1.8172268867492676,3.94809889793396,1.4101653099060059,-0.3110619783401489,1.7502561807632446,-65.80094146728516,-36.60091781616211,-8.940110206604004,75.82424845306919,323170429,1720698569
4.0,0,5.568997859954834,7.302426815032959,6.924137115478516,1.465559959411621,-0.4303734004497528,1.7904704809188843,-64.2301025390625,-35.72529602050781,-6.072527885437012,73.74739617675192,335170429,1720698569
4.0,0,8.070977210998535,6.751751899719238,6.50514554977417,1.476212739944458,-0.5486195087432861,1.789138913154602,-67.37178802490234,-33.623809814453125,-5.060439586639404,75.46606162322847,348170429,1720698569
4.0,0,0.05746171623468399,6.469231605529785,1.4269659519195557,1.4226824045181274,-0.5073399543762207,1.8368101119995117,-68.41902160644531,-33.974056243896484,-5.060439586639404,76.557214317507,360170429,1720698569
4.0,0,3.2609524726867676,5.030294418334961,5.597728729248047,1.4346667528152466,-0.5912307500839233,1.8706328868865967,-69.98986053466797,-33.79893112182617,-4.891758441925049,77.87732419192616,373170429,1720698569
4.0,0,3.4117894172668457,5.51871919631958,3.533895492553711,1.4250792264938354,-0.6181291341781616,1.8887425661087036,-69.98986053466797,-35.19992446899414,-2.8675825595855713,78.39539712267045,385170429,1720698569
4.0,0,4.917765140533447,8.094919204711914,6.215442180633545,1.376076340675354,-0.7209286689758301,1.8991291522979736,-70.68801879882812,-33.09843826293945,-4.891758441925049,78.20634192828122,398170429,1720698569
4.0,0,3.45967435836792,4.896217346191406,4.496379375457764,1.3339977264404297,-0.7435659170150757,1.9622470140457153,-70.68801879882812,-33.09843826293945,-4.891758441925049,78.20634192828122,410170429,1720698569
4.0,0,0.3471645414829254,5.226621627807617,1.4437257051467896,1.368353009223938,-0.8311852216720581,1.9883464574813843,-73.65516662597656,-30.82182502746582,-2.6989011764526367,79.88962721332693,423170429,1720698569
4.0,0,5.059025287628174,7.470023155212402,6.572184085845947,1.3031045198440552,-0.8647415637969971,2.027761697769165,-74.52786254882812,-29.245708465576172,-0.843406617641449,80.0651303282095,436170429,1720698569
4.0,0,0.7374253869056702,4.422158241271973,-0.7900986075401306,1.0639491081237793,-0.7478269934654236,1.9143093824386597,-75.05147552490234,-31.172073364257812,-1.0120879411697388,81.27389776731732,448170429,1720698569
4.0,0,-2.9329419136047363,-4.041474342346191,-24.95035743713379,1.0490350723266602,-0.8756607174873352,1.5361347198486328,-73.30609130859375,-29.070585250854492,-0.6747252941131592,78.86277451366772,461170429,1720698569
4.0,0,33.17695999145508,6.335154056549072,8.971210479736328,0.47937631607055664,-0.3765767216682434,1.001630187034607,-75.57508850097656,-28.545211791992188,0.1686813235282898,80.78645660981199,473170429,1720698569
4.0,0,11.77965259552002,5.15718936920166,-7.383831024169922,0.49322494864463806,-0.26418960094451904,0.6452937722206116,-76.62232208251953,-26.4437255859375,1.855494499206543,81.07831845825561,486170429,1720698569
4.0,0,11.11166000366211,1.5778030157089233,-4.321599960327148,0.13582327961921692,0.16352058947086334,0.2870931625366211,-76.97139739990234,-27.494468688964844,0.1686813235282898,81.7347556402481,498170429,1720698569
4.0,0,19.57050323486328,16.66868782043457,11.501920700073242,0.06604740023612976,0.04207858443260193,-0.2471451312303543,-77.14593505859375,-28.370088577270508,0.6747252941131592,82.19983257993567,511170429,1720698569
4.0,0,2.5163443088531494,-1.3742928504943848,-3.0502593517303467,-0.3422214090824127,0.5411626100540161,-0.3440856635570526,-77.49501037597656,-27.669591903686523,0.3373626470565796,82.28728190215605,523170429,1720698569
4.0,0,4.750168800354004,2.375084400177002,7.592129230499268,-0.06711268424987793,0.21545302867889404,-0.4103993773460388,-77.84408569335938,-26.268600463867188,1.0120879411697388,82.16304138580814,536170429,1720698569
4.0,0,4.414975166320801,8.001543998718262,13.548994064331055,-0.0631178766489029,0.148872971534729,-0.3528742492198944,-75.74962615966797,-25.568103790283203,0.0,79.94831952430363,548170429,1720698569
4.0,0,-4.520321846008301,6.9265313148498535,5.272112846374512,-0.018908733502030373,0.06924324482679367,-0.20053909718990326,-76.09870147705078,-27.669591903686523,1.0120879411697388,80.97927515488458,561170429,1720698569
4.0,0,3.5961458683013916,4.407792568206787,6.655982494354248,-0.023968815803527832,-0.032491061836481094,-0.131295844912529,-75.05147552490234,-27.669591903686523,-0.3373626470565796,79.99027508477015,573170429,1720698569
4.0,0,8.597709655761719,5.648007869720459,6.991175174713135,0.08708669990301132,-0.1150503158569336,-0.08335821330547333,-77.14593505859375,-29.070585250854492,-0.6747252941131592,82.44422039848808,586170429,1720698569
4.0,0,12.828328132629395,1.9177848100662231,5.652796745300293,0.06471580266952515,-0.027164656668901443,-0.04154594615101814,-76.09870147705078,-28.370088577270508,0.6747252941131592,81.2177908256435,598170429,1720698569
4.0,0,10.443666458129883,6.713443756103516,6.553030014038086,0.12357256561517715,0.025566738098859787,-0.011718087829649448,-76.09870147705078,-28.370088577270508,0.6747252941131592,81.2177908256435,611170429,1720698569
4.0,0,5.013535022735596,5.736595153808594,4.486802577972412,0.05699251592159271,0.06205260008573532,-0.022104574367403984,-75.57508850097656,-27.494468688964844,1.855494499206543,80.44241835161033,623170429,1720698569
4.0,0,3.8786656856536865,4.944101810455322,5.643219470977783,0.04607338830828667,0.043676506727933884,0.01757713221013546,-76.62232208251953,-28.545211791992188,0.1686813235282898,81.76697261704115,636170429,1720698569
4.0,0,4.647216320037842,3.8810603618621826,6.469231605529785,0.04048066586256027,0.006924324203282595,-0.007989604957401752,-75.92416381835938,-27.844717025756836,0.5060439705848694,80.8706559776889,648170429,1720698569
4.0,0,7.458052158355713,2.6743643283843994,6.703866958618164,0.06285155564546585,-0.019974011927843094,-0.011185446754097939,-77.14593505859375,-27.669591903686523,0.0,81.9579258655398,661170429,1720698569
4.0,0,8.47081470489502,3.6296653747558594,5.248170375823975,0.09907110780477524,-0.0031958422623574734,-0.009054886177182198,-75.22601318359375,-28.545211791992188,0.843406617641449,80.4642374628045,673170429,1720698569
4.0,0,7.867466449737549,6.277692794799805,6.019114971160889,0.10413118451833725,0.023436175659298897,-0.01145176775753498,-75.22601318359375,-28.545211791992188,0.843406617641449,80.4642374628045,686170429,1720698569
4.0,0,6.677530288696289,5.904191493988037,5.609699726104736,0.0537966750562191,0.038882747292518616,-0.006658004131168127,-75.57508850097656,-27.844717025756836,0.5060439705848694,80.54302172550442,698170429,1720698569
4.0,0,5.387036323547363,5.231410980224609,5.9185566902160645,0.04234490543603897,0.022104574367403984,-0.01145176775753498,-76.27324676513672,-29.245708465576172,0.843406617641449,81.69229443755141,711170429,1720698569
4.0,0,5.578575134277344,2.707883358001709,5.6049113273620605,0.04953555390238762,0.007456964813172817,-0.0018642412032932043,-76.62232208251953,-27.844717025756836,1.518131971359253,81.5390288895097,723170429,1720698569
4.0,0,7.568187236785889,2.7198545932769775,6.344731330871582,0.07563493400812149,0.00719064474105835,-0.02050665207207203,-77.14593505859375,-28.7203369140625,1.686813235282898,82.33588760323624,736170429,1720698569
4.0,0,7.374253273010254,5.300843238830566,6.117279052734375,0.09933742135763168,0.006391684524714947,-0.00878856610506773,-75.57508850097656,-27.844717025756836,1.855494499206543,80.5628023842983,748170429,1720698569
4.0,0,6.349519729614258,6.08136510848999,5.176342964172363,0.07909709215164185,0.025566738098859787,0.000266320159425959,-75.74962615966797,-27.319345474243164,1.0120879411697388,80.5318373220875,761170429,1720698569
4.0,0,6.651194095611572,5.075784683227539,5.846729755401611,0.04554075002670288,0.015446570701897144,-0.013049688190221786,-76.79685974121094,-28.370088577270508,1.3494505882263184,81.88064856169291,773170429,1720698569
4.0,0,6.632040023803711,3.974435567855835,5.9185566902160645,0.038616426289081573,0.00825592502951622,-0.0037284824065864086,-74.87693786621094,-27.494468688964844,0.843406617641449,79.76974970144737,786170429,1720698569
4.0,0,6.09333610534668,2.4349403381347656,5.209862232208252,0.0700422003865242,0.023436175659298897,-0.011185446754097939,-75.57508850097656,-28.194965362548828,2.192857265472412,80.69299038152262,798170429,1720698569
4.0,0,7.402984619140625,4.896217346191406,6.521904945373535,0.06977588683366776,0.03595322370529175,-0.007456964813172817,-75.57508850097656,-28.194965362548828,2.192857265472412,80.69299038152262,811170429,1720698569
4.0,0,7.877044200897217,6.517116546630859,7.7477545738220215,0.1057291105389595,-0.005060083232820034,0.001065280637703836,-78.19316101074219,-28.7203369140625,2.0241758823394775,83.32541910672732,823170429,1720698569
4.0,0,7.877044200897217,6.517116546630859,7.7477545738220215,0.1057291105389595,-0.005060083232820034,0.001065280637703836,-76.09870147705078,-28.370088577270508,0.3373626470565796,81.21568879182824,836170429,1720698569
4.0,0,6.349519729614258,4.635245323181152,5.054236888885498,0.06711268424987793,-0.000266320159425959,-0.013316008262336254,-75.40055084228516,-27.669591903686523,1.0120879411697388,80.32355635451685,848170429,1720698569
4.0,0,7.2641191482543945,3.4453089237213135,6.179528713226318,0.0663137212395668,0.01145176775753498,-0.004261122550815344,-76.97139739990234,-29.245708465576172,1.1807692050933838,82.34865935316047,861170429,1720698569
4.0,0,6.739780426025391,3.8858487606048584,5.837152481079102,0.07776549458503723,0.013316008262336254,-0.011185446754097939,-76.27324676513672,-30.29645347595215,1.518131971359253,82.0840300545632,873170429,1720698569
4.0,0,6.055028438568115,5.15718936920166,5.657585144042969,0.07776549458503723,0.017044490203261375,-0.002396881580352783,-76.27324676513672,-30.29645347595215,1.518131971359253,82.0840300545632,886170429,1720698569
4.0,0,6.780482769012451,5.415766716003418,6.045451641082764,0.06737900525331497,0.011984407901763916,-0.0015979211311787367,-76.62232208251953,-28.194965362548828,1.518131971359253,81.65929853847112,898170429,1720698569
4.0,0,7.022300720214844,4.321599960327148,5.863489627838135,0.05539459362626076,0.007989604957401752,-0.006924324203282595,-76.09870147705078,-29.771080017089844,1.0120879411697388,81.72119611140012,911170429,1720698569
4.0,0,6.845127105712891,3.9121851921081543,5.8395466804504395,0.060454681515693665,0.013049688190221786,-0.00719064474105835,-74.52786254882812,-27.844717025756836,1.1807692050933838,79.56836543663057,924170429,1720698569
4.0,0,6.76132869720459,4.072599411010742,5.8395466804504395,0.07590124756097794,0.018376091495156288,-0.006658004131168127,-75.92416381835938,-27.844717025756836,1.518131971359253,80.88332116353783,936170429,1720698569
4.0,0,6.778088569641113,4.230618953704834,5.880249500274658,0.07590124756097794,0.018376091495156288,-0.006658004131168127,-77.32047271728516,-28.545211791992188,1.1807692050933838,82.42984188623575,949170429,1720698569
4.0,0,6.469231605529785,5.140429496765137,5.877854824066162,0.06498212367296219,0.010919126681983471,-0.002130561275407672,-76.09870147705078,-28.019840240478516,1.0120879411697388,81.0996185909397,961170429,1720698569
4.0,0,6.720626354217529,4.5011677742004395,5.786873817443848,0.058324117213487625,0.005060083232820034,-0.005326403304934502,-76.79685974121094,-27.669591903686523,1.686813235282898,81.64685738666557,974170429,1720698569
4.0,0,7.065396785736084,4.017531871795654,5.906585693359375,0.06125364080071449,0.013316008262336254,-0.004793763160705566,-76.27324676513672,-29.595956802368164,-0.843406617641449,81.81833636701349,986170429,1720698569
4.0,0,6.90977144241333,4.187522888183594,5.899403095245361,0.0751022920012474,0.014114969410002232,-0.009321206249296665,-75.92416381835938,-27.494468688964844,0.1686813235282898,80.74932144231582,999170429,1720698569
4.0,0,6.512328147888184,4.814813137054443,5.806027889251709,0.07563493400812149,0.019974011927843094,-0.007723285350948572,-75.74962615966797,-28.7203369140625,1.0120879411697388,81.0178248152058,11170429,1720698570
4.0,0,6.466837406158447,5.085361957550049,5.93292236328125,0.06658004224300385,0.009321206249296665,-0.004793763160705566,-78.01862335205078,-28.545211791992188,1.1807692050933838,83.08507039122341,24170429,1720698570
4.0,0,6.6942901611328125,4.532293319702148,5.822787284851074,0.06338419765233994,0.00825592502951622,-0.006125363986939192,-75.92416381835938,-29.245708465576172,1.518131971359253,81.37625476668859,35745183,1720698570
4.0,0,7.055819988250732,3.9385221004486084,5.844335556030273,0.0663137212395668,0.01145176775753498,-0.007456964813172817,-75.57508850097656,-27.844717025756836,1.518131971359253,80.55573842289186,48745183,1720698570
4.0,0,6.933713912963867,4.273715019226074,5.901797294616699,0.07270540297031403,0.015180249698460102,-0.007989604957401752,-76.97139739990234,-26.4437255859375,0.1686813235282898,81.3873153135485,60745183,1720698570
4.0,0,6.488385200500488,4.829178333282471,5.865883827209473,0.07057484239339828,0.015712888911366463,-0.00825592502951622,-76.09870147705078,-29.070585250854492,1.0120879411697388,81.46861736473224,73745183,1720698570
4.0,0,6.4835968017578125,4.929736614227295,5.968835830688477,0.06658004224300385,0.012517048045992851,-0.010386486537754536,-76.09870147705078,-29.070585250854492,1.0120879411697388,81.46861736473224,85745183,1720698570
4.0,0,6.634434223175049,4.434129238128662,5.801239013671875,0.06231892108917236,0.00878856610506773,-0.00719064474105835,-76.97139739990234,-28.194965362548828,2.192857265472412,82.0021994368185,98745183,1720698570
4.0,0,6.955262184143066,4.132455348968506,5.978412628173828,0.06604740023612976,0.011718087829649448,-0.004527443088591099,-74.70240020751953,-29.771080017089844,0.6747252941131592,80.41903416711057,110745183,1720698570
4.0,0,6.833155632019043,4.264138221740723,5.798844814300537,0.07297173142433167,0.015712888911366463,-0.00825592502951622,-76.97139739990234,-27.14422035217285,2.530219793319702,81.65663921827493,123745183,1720698570
4.0,0,6.512328147888184,4.762139797210693,5.841940879821777,0.07297173142433167,0.013049688190221786,-0.004527443088591099,-76.44778442382812,-30.471576690673828,1.686813235282898,82.31419117150116,135745183,1720698570
4.0,0,6.6440110206604,4.898611545562744,5.980806827545166,0.06977588683366776,0.006924324203282595,-0.006391684524714947,-76.27324676513672,-28.545211791992188,1.1807692050933838,81.44833641186801,148745183,1720698570
4.0,0,6.655982494354248,4.446100234985352,5.808422088623047,0.060454681515693665,0.012517048045992851,-0.00719064474105835,-78.01862335205078,-28.194965362548828,0.1686813235282898,82.9571583103797,160745183,1720698570
4.0,0,6.893012046813965,4.209070682525635,5.846729755401611,0.06737900525331497,0.013316008262336254,-0.006924324203282595,-76.09870147705078,-27.319345474243164,0.3373626470565796,80.85464004737125,173745183,1720698570
4.0,0,6.76132869720459,4.335965156555176,5.794056415557861,0.07110748440027237,0.01651185005903244,-0.005326403304934502,-75.74962615966797,-28.019840240478516,1.3494505882263184,80.7770903618189,185745183,1720698570
4.0,0,6.622463226318359,4.7597455978393555,5.841940879821777,0.06764532625675201,0.014913929626345634,-0.006924324203282595,-76.44778442382812,-28.370088577270508,1.0120879411697388,81.5484518013367,198745183,1720698570
4.0,0,6.579366683959961,4.824389934539795,5.873066425323486,0.06285155564546585,0.010652806609869003,-0.003994802478700876,-77.32047271728516,-28.89546012878418,0.843406617641449,82.54764958495957,210745183,1720698570
4.0,0,6.65358829498291,4.434129238128662,5.813210487365723,0.06125364080071449,0.012250727973878384,-0.004261122550815344,-75.92416381835938,-27.14422035217285,1.1807692050933838,80.63920613423772,223745183,1720698570
4.0,0,6.852309703826904,4.247378826141357,5.913768291473389,0.06791163980960846,0.013049688190221786,-0.00825592502951622,-75.40055084228516,-28.370088577270508,2.0241758823394775,80.58661353602625,235745183,1720698570
4.0,0,6.806819438934326,4.386244297027588,5.817998886108398,0.07084116339683533,0.017044490203261375,-0.007456964813172817,-75.57508850097656,-27.14422035217285,-0.1686813235282898,80.30212421752404,248745183,1720698570
4.0,0,6.586549282073975,4.7070722579956055,5.82757568359375,0.06711268424987793,0.017310811206698418,-0.003994802478700876,-75.57508850097656,-28.545211791992188,0.843406617641449,80.79068295851206,260745183,1720698570
4.0,0,6.718232154846191,4.731014728546143,5.940104961395264,0.06658004224300385,0.011185446754097939,-0.002929521957412362,-75.92416381835938,-28.545211791992188,1.518131971359253,81.12713782976215,273745183,1720698570
4.0,0,6.737386226654053,4.417369842529297,5.808422088623047,0.06418316066265106,0.01384864840656519,-0.0034621621016412973,-75.92416381835938,-28.545211791992188,1.518131971359253,81.12713782976215,285745183,1720698570
4.0,0,6.890617847442627,4.321599960327148,5.856306552886963,0.06791163980960846,0.016778171062469482,-0.006924324203282595,-77.32047271728516,-26.4437255859375,1.1807692050933838,81.72588537302303,298745183,1720698570
4.0,0,6.701472759246826,4.4484944343566895,5.844335556030273,0.06684636324644089,0.015979209914803505,-0.006924324203282595,-76.27324676513672,-29.595956802368164,0.843406617641449,81.81833636701349,310745183,1720698570
4.0,0,6.6464056968688965,4.740592002868652,5.841940879821777,0.06977588683366776,0.015446570701897144,-0.007456964813172817,-76.62232208251953,-28.194965362548828,0.5060439705848694,81.6467537236653,323745183,1720698570
4.0,0,6.632040023803711,4.666370391845703,5.928133964538574,0.06365051865577698,0.012250727973878384,-0.009321206249296665,-74.87693786621094,-28.545211791992188,0.1686813235282898,80.13372195186625,335745183,1720698570
4.0,0,6.7469635009765625,4.407792568206787,5.837152481079102,0.06658004224300385,0.01145176775753498,-0.00719064474105835,-74.87693786621094,-28.545211791992188,0.1686813235282898,80.13372195186625,348745183,1720698570
4.0,0,6.804425239562988,4.276109218597412,5.863489627838135,0.06524843722581863,0.010919126681983471,-0.00878856610506773,-75.74962615966797,-28.370088577270508,-0.3373626470565796,80.88869885693092,360745183,1720698570
4.0,0,6.6655592918396,4.443706035614014,5.82757568359375,0.06764532625675201,0.015979209914803505,-0.00719064474105835,-75.57508850097656,-27.844717025756836,2.192857265472412,80.57127832647095,373745183,1720698570
4.0,0,6.65358829498291,4.647216320037842,5.885037899017334,0.06737900525331497,0.013049688190221786,-0.003994802478700876,-76.62232208251953,-27.494468688964844,-0.1686813235282898,81.40610851278137,385745183,1720698570
4.0,0,6.7158379554748535,4.659187316894531,5.892220497131348,0.06498212367296219,0.013049688190221786,-0.005859043914824724,-76.09870147705078,-28.019840240478516,0.0,81.09330313654284,398745183,1720698570
4.0,0,6.76132869720459,4.407792568206787,5.870672225952148,0.06498212367296219,0.01384864840656519,-0.005859043914824724,-76.09870147705078,-28.7203369140625,0.6747252941131592,81.3407977166014,410745183,1720698570
4.0,0,6.818790435791016,4.3718791007995605,5.873066425323486,0.06658004224300385,0.012517048045992851,-0.006924324203282595,-76.09870147705078,-28.7203369140625,0.6747252941131592,81.3407977166014,423745183,1720698570
4.0,0,6.684712886810303,4.493985176086426,5.849123954772949,0.07403700798749924,0.01145176775753498,-0.004527443088591099,-76.09870147705078,-29.070585250854492,1.3494505882263184,81.47350679951461,436745183,1720698570
4.0,0,6.720626354217529,4.58496618270874,5.844335556030273,0.06924324482679367,0.015979209914803505,-0.00719064474105835,-76.09870147705078,-26.61884880065918,1.0120879411697388,80.62629719865788,448745183,1720698570
4.0,0,6.648799896240234,4.577783584594727,5.887432098388672,0.06524843722581863,0.01384864840656519,-0.00878856610506773,-75.74962615966797,-28.370088577270508,1.0120879411697388,80.89432681722674,461745183,1720698570
4.0,0,6.706261157989502,4.453282833099365,5.8156046867370605,0.06524843722581863,0.015180249698460102,-0.005060083232820034,-76.44778442382812,-28.019840240478516,-0.3373626470565796,81.42167404303149,473745183,1720698570
4.0,0,6.845127105712891,4.335965156555176,5.899403095245361,0.06791163980960846,0.0143812894821167,-0.0034621621016412973,-76.09870147705078,-27.319345474243164,1.3494505882263184,80.86519659609074,486745183,1720698570
4.0,0,6.691895961761475,4.453282833099365,5.8395466804504395,0.06844428181648254,0.014647609554231167,-0.009321206249296665,-74.70240020751953,-26.969097137451172,2.0241758823394775,79.44732899963557,498745183,1720698570
4.0,0,6.684712886810303,4.711860656738281,5.897008895874023,0.07030852884054184,0.013316008262336254,-0.006391684524714947,-75.57508850097656,-28.89546012878418,2.192857265472412,80.94041166791364,511745183,1720698570
