IMU,nth_pos,acc.x,acc.y,acc.z,gyr.x,gyr.y,gyr.z,mag.x,mag.y,mag.z,mag.norm,nsecs,secs
2.0,0,-0.09576953202486038,0.15323124825954437,9.792434692382812,-0.06764532625675201,0.015180249698460102,-0.005859043914824724,-12.043143272399902,6.829836368560791,35.591758728027344,38.18975325993842,300950305,1720698433
2.0,0,-0.07422138750553131,0.11013495922088623,9.902568817138672,-0.06924324482679367,0.014647609554231167,-0.007456964813172817,-10.472298622131348,7.355208396911621,36.77252960205078,38.9356785266007,312950305,1720698433
2.0,0,-0.12928886711597443,0.11971191316843033,9.876233100891113,-0.0644494816660881,0.014647609554231167,-0.007989604957401752,-10.9959135055542,6.129340171813965,34.91703414916992,37.11708768933441,325950305,1720698433
2.0,0,-0.10295224189758301,0.14365428686141968,9.739761352539062,-0.06871060281991959,0.012517048045992851,-0.005326403304934502,-9.948683738708496,6.479588031768799,37.27857208251953,39.123564583328665,337950305,1720698433
2.0,0,-0.050279002636671066,0.12928886711597443,9.773280143737793,-0.0700422003865242,0.015979209914803505,-0.006125363986939192,-10.9959135055542,6.829836368560791,36.266483306884766,38.50733164076026,350950305,1720698433
2.0,0,-0.07182714343070984,0.1508370041847229,9.790040016174316,-0.06737900525331497,0.013582328334450722,-0.0098538463935256,-10.64683723449707,6.829836368560791,35.591758728027344,37.77267659662603,362950305,1720698433
2.0,0,-0.11731767654418945,0.12450038641691208,9.847502708435059,-0.06418316066265106,0.012517048045992851,-0.006924324203282595,-10.9959135055542,8.230828285217285,35.92912292480469,38.46502986126604,375950305,1720698433
2.0,0,-0.16520243883132935,0.1412600576877594,9.849896430969238,-0.06977588683366776,0.016245530918240547,-0.004793763160705566,-11.344990730285645,6.829836368560791,36.266483306884766,38.60846139047934,387950305,1720698433
2.0,0,-0.059855956584215164,0.17717362940311432,9.852291107177734,-0.06471580266952515,0.01757713221013546,-0.004261122550815344,-10.123222351074219,5.954216003417969,36.09780502319336,37.96029302412102,400950305,1720698433
2.0,0,-0.08140409737825394,0.11731767654418945,9.813982009887695,-0.07084116339683533,0.012250727973878384,-0.004527443088591099,-10.472298622131348,6.304464340209961,36.09780502319336,38.11124291518917,412950305,1720698433
2.0,0,-0.04549052566289902,0.11492343246936798,9.811588287353516,-0.06764532625675201,0.013582328334450722,-0.005060083232820034,-9.599607467651367,7.180084228515625,36.266483306884766,38.19638575192839,425950305,1720698433
2.0,0,-0.04549052566289902,0.11492343246936798,9.811588287353516,-0.06764532625675201,0.013582328334450722,-0.005060083232820034,-12.56675910949707,7.705456256866455,35.760440826416016,38.67953746804906,437950305,1720698433
2.0,0,-0.02633661963045597,0.11013495922088623,9.816376686096191,-0.06844428181648254,0.0143812894821167,-0.005326403304934502,-10.64683723449707,6.479588031768799,35.591758728027344,37.71092008309298,450950305,1720698433
2.0,0,0.0,0.10774072259664536,9.847502708435059,-0.0700422003865242,0.017044490203261375,-0.005060083232820034,-10.472298622131348,7.705456256866455,35.760440826416016,38.050653380161265,462950305,1720698433
2.0,0,-0.07900986075401306,0.07661562412977219,9.763703346252441,-0.06764532625675201,0.018109772354364395,-0.005859043914824724,-10.297760963439941,6.829836368560791,35.591758728027344,37.675772520753625,475950305,1720698433
2.0,0,-0.07661562412977219,0.10295224189758301,9.756521224975586,-0.06977588683366776,0.011185446754097939,-0.004527443088591099,-13.264911651611328,6.304464340209961,36.43516540527344,39.283908026718365,487950305,1720698433
2.0,0,-0.09337528795003891,0.1412600576877594,9.828347206115723,-0.06684636324644089,0.014647609554231167,-0.005592723377048969,-11.170452117919922,8.055704116821289,35.42307662963867,38.00615380758446,500950305,1720698433
2.0,0,-0.05267323926091194,0.1508370041847229,9.835530281066895,-0.06791163980960846,0.015180249698460102,-0.004793763160705566,-10.9959135055542,6.829836368560791,36.60384750366211,38.8252293066544,512950305,1720698433
2.0,0,-0.10534647852182388,0.13647158443927765,9.811588287353516,-0.07164012640714645,0.012517048045992851,-0.003994802478700876,-11.694067001342773,6.129340171813965,35.254398345947266,37.64561882488367,525950305,1720698433
2.0,0,-0.11013495922088623,0.16520243883132935,9.861867904663086,-0.07270540297031403,0.017310811206698418,-0.004527443088591099,-11.344990730285645,6.129340171813965,35.254398345947266,37.5386497938699,537950305,1720698433
2.0,0,-0.1125291958451271,0.13407734036445618,9.823558807373047,-0.06578107923269272,0.015712888911366463,-0.004261122550815344,-12.043143272399902,6.829836368560791,36.266483306884766,38.81934796141504,550950305,1720698433
2.0,0,-0.19632753729820251,0.11492343246936798,9.881021499633789,-0.07243908941745758,0.014647609554231167,-0.0015979211311787367,-10.9959135055542,6.479588031768799,34.91703414916992,37.17653088518843,562950305,1720698433
2.0,0,-0.08619257807731628,0.17238515615463257,9.813982009887695,-0.06578107923269272,0.014647609554231167,-0.007456964813172817,-13.090373992919922,7.180084228515625,36.266483306884766,39.21950168285727,575950305,1720698433
2.0,0,-0.08140409737825394,0.13647158443927765,9.835530281066895,-0.06897692382335663,0.014647609554231167,-0.007723285350948572,-12.392220497131348,7.180084228515625,35.254398345947266,38.052507684945425,587950305,1720698433
2.0,0,-0.12450038641691208,0.10295224189758301,9.849896430969238,-0.07270540297031403,0.012517048045992851,-0.0034621621016412973,-10.123222351074219,6.304464340209961,36.43516540527344,38.337281848037975,600950305,1720698433
2.0,0,-0.1412600576877594,0.1316830962896347,9.85707950592041,-0.06551475822925568,0.0143812894821167,-0.006125363986939192,-10.821375846862793,5.603968143463135,36.43516540527344,38.41910868671538,612950305,1720698433
2.0,0,-0.04788476601243019,0.12689462304115295,9.866656303405762,-0.06524843722581863,0.017044490203261375,-0.004793763160705566,-11.694067001342773,7.880580425262451,36.266483306884766,38.91159932872812,625950305,1720698433
2.0,0,-0.11731767654418945,0.1125291958451271,9.713424682617188,-0.07030852884054184,0.019441373646259308,-0.004527443088591099,-10.472298622131348,7.004960060119629,34.74835205078125,36.96195982520406,638950305,1720698433
2.0,0,-0.050279002636671066,0.15562549233436584,9.811588287353516,-0.06897692382335663,0.014913929626345634,-0.005859043914824724,-10.472298622131348,7.004960060119629,34.74835205078125,36.96195982520406,650950305,1720698433
2.0,0,-0.06943290680646896,0.14365428686141968,9.873838424682617,-0.0700422003865242,0.015979209914803505,-0.004261122550815344,-10.472298622131348,7.004960060119629,34.74835205078125,36.96195982520406,663950305,1720698433
2.0,0,-0.04788476601243019,0.13647158443927765,9.799616813659668,-0.0681779608130455,0.012783369049429893,-0.005326403304934502,-10.472298622131348,7.004960060119629,34.74835205078125,36.96195982520406,675950305,1720698433
2.0,0,-0.1412600576877594,0.14604853093624115,9.888203620910645,-0.06578107923269272,0.0143812894821167,-0.005060083232820034,-10.472298622131348,7.004960060119629,34.74835205078125,36.96195982520406,688950305,1720698433
2.0,0,-0.05746171623468399,0.1221061497926712,9.866656303405762,-0.0681779608130455,0.016778171062469482,-0.002929521957412362,-10.472298622131348,7.004960060119629,34.74835205078125,36.96195982520406,700950305,1720698433
2.0,0,-0.12450038641691208,0.1316830962896347,9.861867904663086,-0.06871060281991959,0.015180249698460102,-0.007456964813172817,-10.472298622131348,7.004960060119629,34.74835205078125,36.96195982520406,713950305,1720698433
2.0,0,-0.04070204868912697,0.11731767654418945,9.818770408630371,-0.06950956583023071,0.011185446754097939,-0.005060083232820034,-10.472298622131348,7.004960060119629,34.74835205078125,36.96195982520406,725950305,1720698433
2.0,0,-0.15801972150802612,0.15801972150802612,9.80679988861084,-0.06950956583023071,0.017044490203261375,-0.002396881580352783,-11.344990730285645,5.428843975067139,36.266483306884766,38.38540051926567,738950305,1720698433
2.0,0,-0.09098105132579803,0.1412600576877594,9.797223091125488,-0.06604740023612976,0.012783369049429893,-0.007456964813172817,-11.170452117919922,8.405952453613281,36.77252960205078,39.340284321606646,750950305,1720698433
2.0,0,-0.028730858117341995,0.16520243883132935,9.792434692382812,-0.06338419765233994,0.0098538463935256,-0.006391684524714947,-11.344990730285645,8.931324005126953,35.591758728027344,38.40899181843927,763950305,1720698433
2.0,0,-0.15323124825954437,0.1795678734779358,9.802011489868164,-0.07057484239339828,0.014913929626345634,-0.002130561275407672,-10.64683723449707,6.829836368560791,36.266483306884766,38.40910854690252,775950305,1720698433
2.0,0,-0.11731767654418945,0.16520243883132935,9.849896430969238,-0.06844428181648254,0.015180249698460102,-0.006125363986939192,-10.472298622131348,5.954216003417969,35.760440826416016,37.73500834432204,788950305,1720698433
2.0,0,-0.1316830962896347,0.16520243883132935,9.756521224975586,-0.06365051865577698,0.018908733502030373,-0.005592723377048969,-11.344990730285645,7.180084228515625,35.254398345947266,37.72446191708472,800950305,1720698433
2.0,0,-0.1125291958451271,0.1125291958451271,9.825953483581543,-0.07084116339683533,0.010919126681983471,-0.005592723377048969,-10.821375846862793,7.705456256866455,36.09780502319336,38.46462997141701,813950305,1720698433
2.0,0,-0.15801972150802612,0.10295224189758301,9.818770408630371,-0.06950956583023071,0.018109772354364395,-0.0037284824065864086,-10.123222351074219,5.954216003417969,36.77252960205078,38.602477282142765,825950305,1720698433
2.0,0,-0.11013495922088623,0.17717362940311432,9.768491744995117,-0.06578107923269272,0.01384864840656519,-0.00719064474105835,-10.123222351074219,7.705456256866455,35.085716247558594,37.32105533743611,838950305,1720698433
2.0,0,-0.04549052566289902,0.10055800527334213,9.869050025939941,-0.0681779608130455,0.014114969410002232,-0.005592723377048969,-11.344990730285645,7.180084228515625,36.60384750366211,38.98851210639099,850950305,1720698433
2.0,0,-0.07900986075401306,0.14365428686141968,9.885809898376465,-0.06764532625675201,0.01864241249859333,-0.007723285350948572,-11.694067001342773,6.829836368560791,36.94121170043945,39.34527912913943,863950305,1720698433
2.0,0,-0.14365428686141968,0.13886581361293793,9.830741882324219,-0.06471580266952515,0.015180249698460102,-0.004261122550815344,-10.297760963439941,7.180084228515625,34.91703414916992,37.105212088910434,875950305,1720698433
2.0,0,-0.1221061497926712,0.13886581361293793,9.778068542480469,-0.07164012640714645,0.014114969410002232,-0.005859043914824724,-10.821375846862793,7.355208396911621,36.77252960205078,39.03101586065581,888950305,1720698433
2.0,0,-0.055067479610443115,0.14844277501106262,9.768491744995117,-0.06684636324644089,0.014647609554231167,-0.002929521957412362,-10.472298622131348,5.954216003417969,35.42307662963867,37.415452483642454,900950305,1720698433
2.0,0,-0.08140409737825394,0.12450038641691208,9.85707950592041,-0.0719064474105835,0.01384864840656519,-0.002130561275407672,-11.694067001342773,6.479588031768799,34.2423095703125,36.759652185547814,913950305,1720698433
2.0,0,-0.03591357171535492,0.13647158443927765,9.816376686096191,-0.06658004224300385,0.016778171062469482,-0.005060083232820034,-12.043143272399902,6.129340171813965,35.591758728027344,38.07071578228434,925950305,1720698433
2.0,0,-0.06464443355798721,0.14604853093624115,9.902568817138672,-0.06977588683366776,0.012783369049429893,-0.005326403304934502,-12.392220497131348,6.129340171813965,35.92912292480469,38.49724423821867,938950305,1720698433
2.0,0,-0.002394238254055381,0.07422138750553131,9.80679988861084,-0.07323804497718811,0.0143812894821167,-0.002663201652467251,-11.344990730285645,6.829836368560791,35.92912292480469,38.291740018407474,950950305,1720698433
2.0,0,-0.10534647852182388,0.07182714343070984,9.727789878845215,-0.06924324482679367,0.015446570701897144,-0.0015979211311787367,-11.344990730285645,6.479588031768799,35.92912292480469,38.230821987990716,963950305,1720698433
2.0,0,-0.06225019320845604,0.10774072259664536,9.80919361114502,-0.06471580266952515,0.014647609554231167,-0.005859043914824724,-12.043143272399902,7.880580425262451,36.60384750366211,39.33169840967882,975950305,1720698433
2.0,0,-0.06703867018222809,0.17717362940311432,9.780463218688965,-0.06844428181648254,0.01384864840656519,-0.004527443088591099,-10.297760963439941,6.129340171813965,35.254398345947266,37.23553805891207,988950305,1720698433
2.0,0,-0.07900986075401306,0.13407734036445618,9.78525161743164,-0.06551475822925568,0.0143812894821167,-0.006391684524714947,-11.170452117919922,6.654712200164795,36.09780502319336,38.36816026965911,950305,1720698434
2.0,0,-0.13886581361293793,0.11492343246936798,9.811588287353516,-0.06684636324644089,0.016778171062469482,-0.006924324203282595,-9.948683738708496,6.829836368560791,36.60384750366211,38.541725766051385,13950305,1720698434
2.0,0,-0.03591357171535492,0.08140409737825394,9.799616813659668,-0.07110748440027237,0.013049688190221786,-0.007989604957401752,-9.948683738708496,6.479588031768799,36.266483306884766,38.16043999540408,25950305,1720698434
2.0,0,-0.11013495922088623,0.11731767654418945,9.813982009887695,-0.06924324482679367,0.012783369049429893,-0.0031958422623574734,-11.868605613708496,6.654712200164795,35.760440826416016,38.26170568310274,38950305,1720698434
2.0,0,-0.05746171623468399,0.16759668290615082,9.813982009887695,-0.06711268424987793,0.014913929626345634,-0.005060083232820034,-10.64683723449707,7.880580425262451,36.94121170043945,39.24425834225419,50950305,1720698434
2.0,0,-0.16520243883132935,0.09098105132579803,9.845107078552246,-0.06871060281991959,0.014647609554231167,-0.005060083232820034,-10.64683723449707,8.230828285217285,36.60384750366211,38.99927344746254,63950305,1720698434
2.0,0,-0.11731767654418945,0.11731767654418945,9.78525161743164,-0.0681779608130455,0.015446570701897144,-0.007456964813172817,-10.64683723449707,6.479588031768799,35.254398345947266,37.392683868559686,75950305,1720698434
2.0,0,-0.09816376864910126,0.13647158443927765,9.749338150024414,-0.06871060281991959,0.0143812894821167,-0.002929521957412362,-12.392220497131348,6.479588031768799,35.92912292480469,38.554559575446966,88950305,1720698434
2.0,0,-0.09816376864910126,0.13647158443927765,9.749338150024414,-0.06871060281991959,0.0143812894821167,-0.002929521957412362,-10.472298622131348,6.654712200164795,36.09780502319336,38.170744823629,100950305,1720698434
2.0,0,-0.07900986075401306,0.14844277501106262,9.830741882324219,-0.07030852884054184,0.012783369049429893,-0.004261122550815344,-11.868605613708496,7.355208396911621,35.085716247558594,37.762022911649595,113950305,1720698434
2.0,0,-0.050279002636671066,0.15562549233436584,9.830741882324219,-0.06871060281991959,0.012783369049429893,-0.001065280637703836,-10.821375846862793,7.705456256866455,35.42307662963867,37.83213699032611,126950305,1720698434
2.0,0,-0.02154814451932907,0.17717362940311432,9.837924003601074,-0.07084116339683533,0.013582328334450722,-0.004527443088591099,-12.043143272399902,7.180084228515625,36.266483306884766,38.882498901905485,138950305,1720698434
2.0,0,-0.09816376864910126,0.1508370041847229,9.861867904663086,-0.06658004224300385,0.013316008262336254,-0.002929521957412362,-12.043143272399902,6.479588031768799,36.266483306884766,38.759259182672004,151950305,1720698434
2.0,0,-0.033519335091114044,0.14604853093624115,9.85947322845459,-0.07137380540370941,0.013049688190221786,-0.005060083232820034,-11.344990730285645,7.530332088470459,34.91703414916992,37.478180182703824,163950305,1720698434
2.0,0,-0.04309628903865814,0.11013495922088623,9.80679988861084,-0.07084116339683533,0.016245530918240547,-0.004793763160705566,-12.217681884765625,6.654712200164795,35.760440826416016,38.371422611156255,176950305,1720698434
2.0,0,-0.18196210265159607,0.11731767654418945,9.835530281066895,-0.0681779608130455,0.014114969410002232,-0.006658004131168127,-10.821375846862793,5.603968143463135,35.42307662963867,37.460659258497685,188950305,1720698434
2.0,0,-0.08858681470155716,0.10055800527334213,9.811588287353516,-0.06977588683366776,0.013049688190221786,-0.006391684524714947,-11.694067001342773,6.829836368560791,35.591758728027344,38.081112867238005,201950305,1720698434
2.0,0,-0.2082987278699875,0.14604853093624115,9.790040016174316,-0.0700422003865242,0.01651185005903244,-0.003994802478700876,-12.043143272399902,6.129340171813965,35.92912292480469,38.38629944351356,213950305,1720698434
2.0,0,-0.12928886711597443,0.1604139655828476,9.80679988861084,-0.0663137212395668,0.012517048045992851,-0.005859043914824724,-11.868605613708496,6.654712200164795,35.42307662963867,37.94658550634073,226950305,1720698434
2.0,0,-0.1604139655828476,0.11971191316843033,9.665539741516113,-0.07084116339683533,0.011984407901763916,-0.004793763160705566,-10.9959135055542,6.129340171813965,36.266483306884766,38.389278922792926,238950305,1720698434
2.0,0,-0.11492343246936798,0.14604853093624115,9.84031867980957,-0.06711268424987793,0.0143812894821167,-0.0034621621016412973,-11.868605613708496,8.055704116821289,35.42307662963867,38.21717579754917,251950305,1720698434
2.0,0,-0.07182714343070984,0.1412600576877594,9.758914947509766,-0.06684636324644089,0.015180249698460102,-0.005592723377048969,-11.868605613708496,8.055704116821289,35.42307662963867,38.21717579754917,263950305,1720698434
2.0,0,-0.08619257807731628,0.16520243883132935,9.871444702148438,-0.06924324482679367,0.01384864840656519,-0.000266320159425959,-11.868605613708496,8.055704116821289,35.42307662963867,38.21717579754917,276950305,1720698434
2.0,0,-0.059855956584215164,0.15323124825954437,9.813982009887695,-0.06950956583023071,0.011718087829649448,-0.006924324203282595,-11.868605613708496,8.055704116821289,35.42307662963867,38.21717579754917,288950305,1720698434
2.0,0,-0.04788476601243019,0.09098105132579803,9.761309623718262,-0.06871060281991959,0.014114969410002232,-0.0037284824065864086,-11.868605613708496,8.055704116821289,35.42307662963867,38.21717579754917,301950305,1720698434
2.0,0,-0.11492343246936798,0.09337528795003891,9.799616813659668,-0.07030852884054184,0.015979209914803505,-0.005859043914824724,-11.868605613708496,8.055704116821289,35.42307662963867,38.21717579754917,313950305,1720698434
2.0,0,-0.5578575134277344,-2.734220027923584,9.452452659606934,0.010386486537754536,-0.006391684524714947,-0.2063981294631958,-11.868605613708496,8.055704116821289,35.42307662963867,38.21717579754917,326950305,1720698434
2.0,0,-2.8994224071502686,6.284875392913818,0.14365428686141968,0.07936341315507889,-0.01651185005903244,-0.7515555024147034,-11.868605613708496,8.055704116821289,35.42307662963867,38.21717579754917,338950305,1720698434
2.0,0,0.24900077283382416,9.61526107788086,-6.732597827911377,0.19787588715553284,-0.0431438684463501,-1.3345303535461426,-10.297760963439941,6.829836368560791,35.591758728027344,37.675772520753625,351950305,1720698434
2.0,0,-2.6743643283843994,9.35189437866211,-3.689521312713623,-0.3432866930961609,0.05805779621005058,-1.77369225025177,-10.821375846862793,5.954216003417969,34.41099166870117,36.56051437080509,363950305,1720698434
2.0,0,-0.7039060592651367,8.09731388092041,-1.2569750547409058,-0.04980187490582466,0.018109772354364395,-2.2322957515716553,-10.123222351074219,5.253720283508301,35.760440826416016,37.53518796657659,376950305,1720698434
2.0,0,-3.093355894088745,-7.49157190322876,2.758162498474121,-0.36192911863327026,0.03275737911462784,-2.7476251125335693,-13.613988876342773,4.202976226806641,35.085716247558594,37.86836657280696,388950305,1720698434
2.0,0,-0.007182714529335499,12.940857887268066,3.89542555809021,0.011718087829649448,0.021039292216300964,-3.1178102493286133,-13.264911651611328,6.654712200164795,36.09780502319336,39.02940690152183,401950305,1720698434
2.0,0,0.2825201153755188,-6.596126079559326,11.5713529586792,-0.387762188911438,0.012783369049429893,-3.0613503456115723,-14.137603759765625,6.129340171813965,34.91703414916992,38.165952428627406,413950305,1720698434
2.0,0,0.023942383006215096,-13.422099113464355,21.251258850097656,0.03222474083304405,0.010120166465640068,-3.059486150741577,-14.137603759765625,6.479588031768799,35.254398345947266,38.532187893556085,426950305,1720698434
2.0,0,-1.8387749195098877,-3.8259928226470947,13.57772445678711,0.11984407901763916,0.006658004131168127,-3.034984588623047,-15.184833526611328,4.3780999183654785,35.254398345947266,38.634434522337976,438950305,1720698434
2.0,0,1.9225733280181885,-2.7749221324920654,9.280067443847656,0.2263721525669098,0.010120166465640068,-3.0211360454559326,-16.755678176879883,4.202976226806641,35.760440826416016,39.714315912903146,451950305,1720698434
2.0,0,-1.187542200088501,3.615299701690674,5.731806755065918,0.14780768752098083,0.012517048045992851,-2.9995641708374023,-16.93021583557129,5.078596115112305,35.254398345947266,39.43725332061288,463950305,1720698434
2.0,0,-1.237821102142334,4.587360382080078,4.321599960327148,0.053264033049345016,0.010120166465640068,-3.0144779682159424,-16.93021583557129,4.0278520584106445,36.60384750366211,40.530204200260606,476950305,1720698434
2.0,0,-1.5514663457870483,0.12689462304115295,5.904191493988037,-0.09747318178415298,-0.011984407901763916,-2.99450421333313,-18.326522827148438,3.6776041984558105,34.2423095703125,39.011818418059,488950305,1720698434
2.0,0,1.663995623588562,0.09098105132579803,9.251337051391602,-0.12650208175182343,-0.01864241249859333,-2.9806554317474365,-19.37375259399414,2.9771080017089844,35.254398345947266,40.33705572252223,501950305,1720698434
2.0,0,1.0103685855865479,-2.6671812534332275,13.663917541503906,-0.11212079226970673,-0.010652806609869003,-3.0003631114959717,-20.595521926879883,2.8019840717315674,35.760440826416016,41.36225049823122,513950305,1720698434
2.0,0,0.6632039546966553,-2.4325461387634277,10.982370376586914,-0.03835010528564453,0.0031958422623574734,-2.952958106994629,-20.595521926879883,3.1522321701049805,36.43516540527344,41.971816367706424,526950305,1720698434
2.0,0,2.0829873085021973,-1.6999092102050781,11.190669059753418,0.007456964813172817,0.017310811206698418,-2.868534564971924,-20.944597244262695,2.1014881134033203,35.760440826416016,41.49580140345229,538950305,1720698434
2.0,0,1.0247340202331543,-1.261763572692871,13.453225135803223,-0.06205260008573532,-0.015446570701897144,-2.740967273712158,-21.9918270111084,3.1522321701049805,34.74835205078125,41.243484251282595,551950305,1720698434
2.0,0,1.6089280843734741,-4.237801551818848,11.734161376953125,0.04926923289895058,0.048203952610492706,-2.7327113151550293,-21.468212127685547,2.9771080017089844,35.254398345947266,41.383812134068485,563950305,1720698434
2.0,0,-2.528315544128418,1.02952241897583,6.600914478302002,0.03009418025612831,0.056459877640008926,-2.7404346466064453,-24.260826110839844,1.5761160850524902,34.91703414916992,42.54728075057521,576950305,1720698434
2.0,0,0.19632753729820251,-0.9337528944015503,6.902588844299316,-0.015446570701897144,0.018376091495156288,-2.7891712188720703,-23.21359634399414,0.5253720283508301,34.57966995239258,41.652138540613656,589950305,1720698434
2.0,0,-0.8044640421867371,1.2952828407287598,6.723021030426025,-0.06977588683366776,-0.012250727973878384,-2.7910354137420654,-23.562671661376953,-0.8756200075149536,33.904945373535156,41.29783925342608,601950305,1720698434
2.0,0,0.6296846866607666,-0.8810796737670898,8.806008338928223,-0.052198752760887146,0.0018642412032932043,-2.8248581886291504,-23.562671661376953,-0.8756200075149536,34.91703414916992,42.132712706324945,614950305,1720698434
2.0,0,2.217064619064331,-1.7453995943069458,11.746132850646973,-0.09907110780477524,-0.040746983140707016,-2.820596933364868,-26.180747985839844,-1.0507440567016602,34.07362747192383,42.98310967422196,626950305,1720698434
2.0,0,1.881871223449707,0.1795678734779358,11.422910690307617,-0.011718087829649448,0.03435530140995979,-2.839505672454834,-25.657133102416992,-1.9263640642166138,34.91703414916992,43.372786759872206,639950305,1720698434
2.0,0,1.3647156953811646,-0.004788476508110762,11.19785213470459,-0.01145176775753498,0.027164656668901443,-2.8469626903533936,-27.053438186645508,-3.3273561000823975,36.266483306884766,45.36758344659715,651950305,1720698434
2.0,0,-1.692726492881775,-0.30406826734542847,9.430904388427734,0.03222474083304405,0.07057484239339828,-2.833646535873413,-27.402515411376953,-3.3273561000823975,33.904945373535156,43.72086996240937,664950305,1720698434
2.0,0,0.22745263576507568,-0.10055800527334213,7.917746067047119,-0.015712888911366463,0.02476777695119381,-2.8421688079833984,-27.7515926361084,-2.6268601417541504,34.2423095703125,44.15412837724189,676950305,1720698434
2.0,0,-2.367901563644409,-0.3878665864467621,9.201057434082031,-0.02077297307550907,0.047138672322034836,-2.8219285011291504,-27.227977752685547,-4.553224086761475,34.41099166870117,44.115881150765034,689950305,1720698434
2.0,0,-2.367901563644409,-0.3878665864467621,9.201057434082031,-0.02077297307550907,0.047138672322034836,-2.8219285011291504,-28.449745178222656,-7.880580425262451,35.254398345947266,45.982215597767386,701950305,1720698434
2.0,0,-0.055067479610443115,0.7278484106063843,9.24415397644043,-0.015180249698460102,0.03835010528564453,-2.825923442840576,-28.7988224029541,-7.180084228515625,35.254398345947266,46.084687088665355,714950305,1720698434
2.0,0,-1.8148326873779297,0.6560212969779968,9.813982009887695,-0.02689833752810955,0.032491061836481094,-2.8248581886291504,-29.846052169799805,-7.880580425262451,34.91703414916992,46.605682612056434,726950305,1720698434
2.0,0,-0.42856863141059875,2.121295213699341,9.972002029418945,-0.03115946054458618,0.013049688190221786,-2.856017589569092,-30.195127487182617,-6.829836368560791,35.92912292480469,47.42672519723718,739950305,1720698434
2.0,0,-0.04070204868912697,-2.0781986713409424,9.421327590942383,-0.04660603031516075,0.02370249480009079,-2.8237929344177246,-28.7988224029541,-7.880580425262451,35.254398345947266,46.199007807209995,751950305,1720698434
2.0,0,0.20590448379516602,-0.7302426099777222,8.451661109924316,-0.04048066586256027,0.015979209914803505,-2.8296518325805664,-29.49697494506836,-9.982068061828613,35.254398345947266,47.038131515140975,764950305,1720698434
2.0,0,0.5267323851585388,-0.36392420530319214,10.259310722351074,-0.04740498960018158,-0.0013316008262336254,-2.8160693645477295,-31.41689682006836,-9.10644817352295,34.74835205078125,47.72207847930468,776950305,1720698434
2.0,0,0.9122047424316406,0.2992797791957855,9.150778770446777,-0.0412796251475811,0.005326403304934502,-2.819265365600586,-29.671512603759766,-10.507440567016602,34.74835205078125,46.885530152804016,789950305,1720698434
2.0,0,2.8970282077789307,-1.7358226776123047,10.276070594787598,-0.04633970931172371,0.015979209914803505,-2.8528215885162354,-30.195127487182617,-13.484548568725586,34.91703414916992,48.09135107110039,801950305,1720698434
2.0,0,0.17238515615463257,0.7134829759597778,9.526674270629883,-0.04660603031516075,0.01145176775753498,-2.8320486545562744,-30.195127487182617,-12.784051895141602,34.2423095703125,47.41005664976577,814950305,1720698434
2.0,0,2.6623928546905518,-2.011160135269165,9.75412654876709,-0.03914906829595566,0.024235136806964874,-2.8248581886291504,-31.765974044799805,-14.710416793823242,34.41099166870117,49.08757293741781,826950305,1720698434
2.0,0,1.5251296758651733,-1.3311964273452759,10.130022048950195,-0.04847027361392975,0.006924324203282595,-2.8200643062591553,-31.067819595336914,-16.111408233642578,34.74835205078125,49.31769317318603,839950305,1720698434
2.0,0,2.248189687728882,0.9002335667610168,10.307195663452148,-0.030626820400357246,0.04101330414414406,-2.8344454765319824,-31.41689682006836,-17.512399673461914,34.74835205078125,50.01153385341149,851950305,1720698434
2.0,0,1.8962366580963135,-0.9122047424316406,11.35587215423584,-0.04234490543603897,0.026099376380443573,-2.840038299560547,-30.71874237060547,-18.2128963470459,34.07362747192383,49.35952608438731,864950305,1720698434
2.0,0,-0.308856725692749,-0.06464443355798721,9.517096519470215,-0.02077297307550907,0.08841829746961594,-2.824059247970581,-30.71874237060547,-18.2128963470459,34.07362747192383,49.35952608438731,876950305,1720698434
2.0,0,1.5969569683074951,0.289702832698822,9.663145065307617,-0.04420914873480797,0.041812267154455185,-2.8267223834991455,-30.71874237060547,-18.2128963470459,34.07362747192383,49.35952608438731,889950305,1720698434
2.0,0,-1.2833117246627808,-0.9361472129821777,8.145198822021484,-0.036752182990312576,0.0681779608130455,-2.8094115257263184,-30.71874237060547,-18.2128963470459,34.07362747192383,49.35952608438731,902665655,1720698434
2.0,0,0.5841941237449646,0.24900077283382416,9.871444702148438,-0.038882747292518616,0.013316008262336254,-2.823526620864868,-30.71874237060547,-18.2128963470459,34.07362747192383,49.35952608438731,915665655,1720698434
2.0,0,-1.0606476068496704,-0.37110692262649536,9.368654251098633,-0.05033451318740845,0.08016236871480942,-2.838973045349121,-30.71874237060547,-18.2128963470459,34.07362747192383,49.35952608438731,927665655,1720698434
2.0,0,0.9361472129821777,0.13886581361293793,9.991155624389648,-0.04607338830828667,0.04048066586256027,-2.840038299560547,-30.71874237060547,-18.2128963470459,34.07362747192383,49.35952608438731,940665655,1720698434
2.0,0,-1.0103685855865479,0.23224110901355743,9.991155624389648,-0.05353035405278206,0.05273139104247093,-2.815803050994873,-30.71874237060547,-18.2128963470459,34.07362747192383,49.35952608438731,952665655,1720698434
2.0,0,-1.3766870498657227,0.009576953016221523,8.913748741149902,-0.038882747292518616,0.04154594615101814,-2.8094115257263184,-30.369667053222656,-25.217857360839844,35.42307662963867,53.0382066505318,965665655,1720698434
2.0,0,-1.1947249174118042,0.3687126934528351,9.430904388427734,-0.047937631607055664,0.042877547442913055,-2.825923442840576,-30.195127487182617,-25.743228912353516,34.57966995239258,52.632814220953904,977665655,1720698434
2.0,0,-1.7741304636001587,0.27054890990257263,9.282461166381836,-0.05246507376432419,0.021305613219738007,-2.842435121536255,-30.544204711914062,-28.545211791992188,34.57966995239258,54.254319014705224,990665655,1720698434
2.0,0,0.617713451385498,0.6703867316246033,9.270490646362305,-0.050068192183971405,0.01145176775753498,-2.8357770442962646,-30.195127487182617,-28.545211791992188,35.254398345947266,54.492636593870465,2665655,1720698435
2.0,0,-0.49321308732032776,-1.5825914144515991,9.780463218688965,-0.04261122643947601,0.017044490203261375,-2.809145212173462,-28.624282836914062,-29.420833587646484,35.085716247558594,53.99946760407771,15665655,1720698435
2.0,0,0.1987217664718628,-0.2346353530883789,10.108473777770996,-0.052198752760887146,0.0013316008262336254,-2.809677839279175,-28.27520751953125,-30.82182502746582,34.07362747192383,53.94890496934778,27665655,1720698435
2.0,0,0.6967233419418335,0.8212237358093262,11.420516014099121,-0.05592723563313484,0.030626820400357246,-2.8213958740234375,-28.973360061645508,-31.172073364257812,35.760440826416016,55.58743454404087,40665655,1720698435
2.0,0,0.7565792798995972,2.0470738410949707,10.247340202331543,-0.043942827731370926,0.014647609554231167,-2.8450984954833984,-28.973360061645508,-31.872568130493164,35.085716247558594,55.55469086493849,52665655,1720698435
2.0,0,3.452491521835327,2.2026991844177246,11.209822654724121,-0.051932431757450104,0.002929521957412362,-2.8373751640319824,-26.529823303222656,-33.974056243896484,34.74835205078125,55.3671020770339,65665655,1720698435
2.0,0,0.9529067873954773,1.4892162084579468,10.941668510437012,-0.031425777822732925,0.00878856610506773,-2.81527042388916,-26.180747985839844,-34.32430648803711,34.07362747192383,54.99637869967627,77665655,1720698435
2.0,0,2.7533740997314453,0.21308720111846924,10.979975700378418,-0.0663137212395668,0.04633970931172371,-2.8203306198120117,-24.9589786529541,-36.250667572021484,33.230220794677734,55.148065141751445,90665655,1720698435
2.0,0,1.6807552576065063,0.7637620568275452,10.91293716430664,-0.0575251579284668,0.015180249698460102,-2.79742693901062,-23.9117488861084,-36.60091781616211,34.91703414916992,55.951748797978226,102665655,1720698435
2.0,0,0.2633661925792694,2.2290358543395996,10.898571968078613,-0.06684636324644089,0.05859043821692467,-2.84722900390625,-24.9589786529541,-38.00190734863281,35.254398345947266,57.53232291736029,115665655,1720698435
2.0,0,1.6448416709899902,1.702303409576416,10.98715877532959,-0.06072099879384041,0.027430977672338486,-2.8405709266662598,-23.388134002685547,-37.47653579711914,34.74835205078125,56.20447951654175,128665655,1720698435
2.0,0,0.42138591408729553,0.579405665397644,10.376627922058105,-0.07137380540370941,0.058324117213487625,-2.8099441528320312,-20.246444702148438,-39.578025817871094,34.74835205078125,56.425053132117284,140665655,1720698435
2.0,0,0.5650402307510376,1.4748507738113403,11.00391960144043,-0.05912308022379875,0.03835010528564453,-2.815803050994873,-21.817289352416992,-40.103397369384766,35.254398345947266,57.681445872902614,153665655,1720698435
2.0,0,-1.1061381101608276,-2.0015830993652344,9.22260570526123,-0.09640790522098541,0.07323804497718811,-2.8040852546691895,-20.246444702148438,-39.22777557373047,34.07362747192383,55.76512340733733,165665655,1720698435
2.0,0,1.4700623750686646,-0.059855956584215164,9.660751342773438,-0.07670021057128906,0.025034096091985703,-2.8458974361419678,-20.420982360839844,-40.80389404296875,34.57966995239258,57.251444205958286,178665655,1720698435
2.0,0,-0.4429340660572052,0.22026991844177246,9.098105430603027,-0.09267941862344742,0.07323804497718811,-2.8546860218048096,-17.279293060302734,-41.854637145996094,34.2423095703125,56.77077050733006,190665655,1720698435
2.0,0,-1.1300804615020752,0.7278484106063843,10.086926460266113,-0.07803180813789368,0.04953555390238762,-2.810476779937744,-15.359371185302734,-44.48149871826172,33.398902893066406,57.70615847456064,203665655,1720698435
2.0,0,-2.9497015476226807,-0.16280819475650787,9.282461166381836,-0.0932120606303215,0.07084116339683533,-2.8123409748077393,-16.406600952148438,-43.43075180053711,33.398902893066406,57.19172554857368,215665655,1720698435
2.0,0,-0.6943290829658508,0.6512327790260315,9.272884368896484,-0.0862877368927002,0.04420914873480797,-2.81527042388916,-13.78852653503418,-44.306373596191406,32.89285659790039,56.87809965551476,228665655,1720698435
2.0,0,0.2633661925792694,-1.3599272966384888,8.774883270263672,-0.08788565546274185,0.02583305537700653,-2.8344454765319824,-12.9158353805542,-45.18199157714844,34.07362747192383,58.0451828798095,240665655,1720698435
2.0,0,-0.826012134552002,-1.6472358703613281,8.633623123168945,-0.07030852884054184,0.029561540111899376,-2.829918146133423,-13.43945026397705,-46.057613372802734,33.56758499145508,58.555147810888926,253665655,1720698435
2.0,0,-1.2928886413574219,-0.7015117406845093,9.598501205444336,-0.06791163980960846,0.02982785925269127,-2.8112757205963135,-10.9959135055542,-46.057613372802734,33.230220794677734,57.84860791309709,265665655,1720698435
2.0,0,-0.5219439268112183,0.7158772945404053,9.993550300598145,-0.06844428181648254,0.0287625789642334,-2.7934322357177734,-9.948683738708496,-45.35711669921875,33.56758499145508,57.29770593625849,278665655,1720698435
2.0,0,-0.4980015456676483,0.26097196340560913,9.361471176147461,-0.05033451318740845,0.008522245101630688,-2.818199872970581,-8.203300476074219,-46.057613372802734,32.21813201904297,56.803221027471835,290665655,1720698435
2.0,0,1.0103685855865479,1.8531404733657837,10.915331840515137,-0.06018836051225662,0.021838253363966942,-2.8166019916534424,-7.330609321594238,-46.933231353759766,34.07362747192383,58.45920053701406,303665655,1720698435
2.0,0,-0.014365429058670998,0.5817998647689819,10.331138610839844,-0.04580707103013992,0.0031958422623574734,-2.8429677486419678,-6.4579176902771,-48.15909957885742,32.55549621582031,58.48815185145612,315665655,1720698435
2.0,0,0.2992797791957855,2.32480525970459,11.56895923614502,-0.06551475822925568,0.021039292216300964,-2.8352444171905518,-5.585226058959961,-46.933231353759766,32.724178314208984,57.487344709730415,328665655,1720698435
2.0,0,0.8427718281745911,3.6560018062591553,11.736556053161621,-0.04234490543603897,0.014114969410002232,-2.8064820766448975,-4.363457679748535,-46.057613372802734,33.230220794677734,56.961312191561795,340665655,1720698435
2.0,0,1.209090232849121,3.5554440021514893,12.318355560302734,-0.0681779608130455,0.019441373646259308,-2.809145212173462,-2.4435362815856934,-47.28348159790039,32.0494499206543,57.17399532825162,353665655,1720698435
2.0,0,0.7350311875343323,1.9824292659759521,11.762892723083496,-0.05060083419084549,0.015180249698460102,-2.806215763092041,-1.0472298860549927,-47.63372802734375,31.374725341796875,57.047717977938355,365665655,1720698435
2.0,0,0.8738968968391418,1.9632753133773804,11.102083206176758,-0.10093534737825394,0.02583305537700653,-2.830717086791992,-0.5236149430274963,-47.4586067199707,31.880769729614258,57.17496832497679,378665655,1720698435
2.0,0,-4.470042705535889,-11.97597885131836,14.317544937133789,0.12650208175182343,-0.025300417095422745,-2.159590244293213,1.3963065147399902,-47.63372802734375,31.037363052368164,56.870375617807966,390665655,1720698435
2.0,0,-2.2290358543395996,2.554651975631714,36.423545837402344,0.08522245287895203,-0.04554075002670288,-1.7617079019546509,1.7453831434249878,-48.334224700927734,31.71208953857422,57.83511271416071,403665655,1720698435
2.0,0,-10.881813049316406,-13.68067741394043,20.9926815032959,-0.26738545298576355,0.07962973415851593,-1.209626317024231,3.316227912902832,-48.50934982299805,30.53131866455078,57.41355072817447,415665655,1720698435
2.0,0,-0.6248961687088013,0.43814560770988464,17.765247344970703,-0.2703149616718292,0.06178628280758858,-0.8466318249702454,2.268998146057129,-46.407859802246094,30.868682861328125,55.78273375879845,428665655,1720698435
2.0,0,-4.295263290405273,-5.121275901794434,13.84109115600586,-0.10333222150802612,0.03648586571216583,-0.3315685987472534,5.061611175537109,-47.80885314941406,31.880769729614258,57.6861320050777,440665655,1720698435
2.0,0,0.598559558391571,-2.422969102859497,15.727750778198242,-0.1475413739681244,0.03808378428220749,0.15233513712882996,3.316227912902832,-48.15909957885742,30.868682861328125,57.29896876393042,453665655,1720698435
2.0,0,-1.908207893371582,-2.7174603939056396,19.493886947631836,0.02982785925269127,-0.023436175659298897,0.6247870922088623,4.363457679748535,-48.15909957885742,30.53131866455078,57.18828599080067,465665655,1720698435
2.0,0,-3.3471450805664062,0.10534647852182388,18.993492126464844,-0.15872682631015778,0.06258523464202881,0.7827149629592896,2.618074655532837,-49.56009292602539,31.206045150756836,58.62486144707968,478665655,1720698435
2.0,0,1.132474660873413,0.6871464252471924,3.167577028274536,-0.27484241127967834,0.06684636324644089,0.6319777965545654,4.363457679748535,-47.80885314941406,30.53131866455078,56.89365185837118,490665655,1720698435
2.0,0,4.90339994430542,7.1587724685668945,-1.158811330795288,-0.12517046928405762,0.031425777822732925,0.331302285194397,3.4907662868499756,-47.983978271484375,31.374725341796875,57.43710482171681,503665655,1720698435
2.0,0,0.9122047424316406,-0.15562549233436584,-1.3718984127044678,0.06205260008573532,-0.021039292216300964,0.2764403223991394,3.4907662868499756,-47.983978271484375,31.374725341796875,57.43710482171681,515665655,1720698435
2.0,0,2.626479387283325,2.5163443088531494,8.336737632751465,0.15925946831703186,-0.05539459362626076,0.12996424734592438,3.4907662868499756,-47.983978271484375,31.374725341796875,57.43710482171681,528665655,1720698435
2.0,0,-5.126064300537109,-8.671930313110352,28.65903091430664,0.3075997829437256,-0.09401101619005203,0.052997712045907974,3.4907662868499756,-47.983978271484375,31.374725341796875,57.43710482171681,540665655,1720698435
2.0,0,-6.981598377227783,-14.310361862182617,29.904035568237305,-0.06391683965921402,-0.010120166465640068,-0.03115946054458618,3.4907662868499756,-47.983978271484375,31.374725341796875,57.43710482171681,553665655,1720698435
2.0,0,-3.763742446899414,-7.486782550811768,13.781235694885254,-0.14168232679367065,0.023968815803527832,-0.08788565546274185,3.4907662868499756,-47.983978271484375,31.374725341796875,57.43710482171681,565665655,1720698435
2.0,0,-0.6679925322532654,-2.4900078773498535,34.65180969238281,-0.009321206249296665,-0.003994802478700876,-0.11425135284662247,3.4907662868499756,-47.983978271484375,31.374725341796875,57.43710482171681,578665655,1720698435
2.0,0,-2.789287567138672,-12.940857887268066,21.464345932006836,-0.44262412190437317,0.07723285257816315,-0.08362453430891037,3.4907662868499756,-47.983978271484375,31.374725341796875,57.43710482171681,590665655,1720698435
2.0,0,-0.7446081042289734,-1.71906316280365,22.469926834106445,-0.3257095515727997,0.09587526321411133,-0.09267941862344742,1.9199213981628418,-46.057613372802734,31.543407440185547,55.8567489271552,603665655,1720698435
2.0,0,-2.3056514263153076,-12.869030952453613,21.344633102416992,-0.4889638423919678,0.046872351318597794,-0.1451444923877716,2.268998146057129,-46.75811004638672,32.21813201904297,56.82848967281554,615665655,1720698435
2.0,0,-2.628873586654663,1.678360939025879,19.431638717651367,-0.5006818771362305,0.1475413739681244,-0.12224096059799194,2.0944597721099854,-47.63372802734375,33.398902893066406,58.21379151009166,628665655,1720698435
2.0,0,-2.6408448219299316,-2.839566469192505,13.295205116271973,-0.42744386196136475,0.06897692382335663,-0.13901913166046143,1.2217681407928467,-43.95612335205078,32.89285659790039,54.9142377958631,641665655,1720698435
2.0,0,-3.943310499191284,-1.975246548652649,15.646347045898438,-0.4082688093185425,0.07403700798749924,-0.1432802528142929,2.618074655532837,-46.75811004638672,33.230220794677734,57.42318995035879,653665655,1720698435
2.0,0,-1.8411691188812256,0.48363611102104187,16.57052230834961,-0.32943806052207947,0.0844234973192215,-0.16538482904434204,1.5708448886871338,-43.60587692260742,33.56758499145508,55.052001035497895,666665655,1720698435
2.0,0,2.731825828552246,8.624046325683594,-2.0734102725982666,-0.6218576431274414,0.11158815771341324,-0.1707112193107605,1.7453831434249878,-44.131248474121094,33.736263275146484,55.57651405019898,678665655,1720698435
2.0,0,1.0271282196044922,5.66716194152832,-13.455618858337402,-0.29241955280303955,0.10972391068935394,-0.136355921626091,2.0944597721099854,-43.08050537109375,35.085716247558594,55.599677961027986,691665655,1720698435
2.0,0,3.5003764629364014,-1.3216195106506348,7.17553186416626,0.1632542759180069,-0.07030852884054184,-0.10999023169279099,0.8726915717124939,-42.55513381958008,33.56758499145508,54.207783270857576,703665655,1720698435
2.0,0,1.1109265089035034,1.4293601512908936,18.87617301940918,0.020240332931280136,-0.03808378428220749,-0.10546278208494186,2.268998146057129,-43.25563049316406,34.91703414916992,55.63629387119755,716665655,1720698435
2.0,0,-1.4987930059432983,0.22984686493873596,22.295146942138672,-0.14647608995437622,0.05273139104247093,-0.13182848691940308,1.3963065147399902,-43.08050537109375,33.398902893066406,54.528582682593374,728665655,1720698435
2.0,0,-0.9409356117248535,0.2154814451932907,15.725356101989746,-0.4386293292045593,0.07456964999437332,-0.13662225008010864,2.0944597721099854,-43.781002044677734,34.07362747192383,55.51733955142758,741665655,1720698435
2.0,0,-0.6440500617027283,2.8228068351745605,11.147573471069336,-0.480175256729126,0.11398503184318542,-0.15659627318382263,1.0472298860549927,-41.67951202392578,34.41099166870117,54.059178319784344,753665655,1720698435
2.0,0,3.2346158027648926,4.9393134117126465,8.537853240966797,-0.37444618344306946,0.08788565546274185,-0.1632542759180069,0.8726915717124939,-41.854637145996094,34.91703414916992,54.51395706584354,766665655,1720698435
2.0,0,2.243401288986206,4.611302852630615,7.745360374450684,-0.26552119851112366,0.05060083419084549,-0.14407920837402344,-0.8726915717124939,-41.504390716552734,34.91703414916992,54.245509612371656,778665655,1720698435
2.0,0,2.140449047088623,2.7677392959594727,9.912145614624023,-0.19494636356830597,0.03728482499718666,-0.12117567658424377,0.34907662868499756,-40.9790153503418,35.42307662963867,54.16821864788888,791665655,1720698435
2.0,0,0.9289644360542297,2.090169906616211,11.49473762512207,-0.23356278240680695,0.04101330414414406,-0.12144199758768082,1.0472298860549927,-41.67951202392578,34.07362747192383,53.84506014559054,803665655,1720698435
2.0,0,-0.8762912154197693,1.5011874437332153,11.422910690307617,-0.2902889847755432,0.07270540297031403,-0.1294316053390503,0.8726915717124939,-39.75314712524414,33.904945373535156,52.25533099811968,816665655,1720698435
2.0,0,-1.7717362642288208,1.0726187229156494,9.474000930786133,-0.35127630829811096,0.09987006336450577,-0.13529065251350403,1.7453831434249878,-39.578025817871094,34.41099166870117,52.474592305046485,828665655,1720698435
2.0,0,1.1444458961486816,3.3615105152130127,10.108473777770996,-0.3329002261161804,0.08282557129859924,-0.1419486552476883,0.34907662868499756,-40.62876892089844,35.42307662963867,53.90373898376355,841665655,1720698435
2.0,0,2.4852192401885986,6.009538173675537,11.00391960144043,-0.3060018718242645,0.07723285257816315,-0.1350243240594864,-0.17453831434249878,-40.103397369384766,35.254398345947266,53.39649376995347,853665655,1720698435
2.0,0,0.6632039546966553,3.375875949859619,9.883415222167969,-0.26978233456611633,0.07483596354722977,-0.13555696606636047,1.2217681407928467,-38.35215759277344,35.254398345947266,52.1080925782696,866665655,1720698435
2.0,0,1.5418894290924072,2.636056423187256,9.723001480102539,-0.2801688015460968,0.060454681515693665,-0.11691455543041229,0.34907662868499756,-38.52728271484375,34.74835205078125,51.88372903066264,878665655,1720698435
2.0,0,-0.4070205092430115,2.7509799003601074,10.436484336853027,-0.3038713037967682,0.07803180813789368,-0.12357256561517715,0.0,-38.177032470703125,34.07362747192383,51.1712604629255,891665655,1720698435
2.0,0,-1.0869841575622559,1.6855436563491821,10.094108581542969,-0.3321012556552887,0.10413118451833725,-0.13209480047225952,1.2217681407928467,-36.250667572021484,35.92912292480469,51.05394686949083,903665655,1720698435
2.0,0,2.3631131649017334,2.1284778118133545,8.5570068359375,-0.3454172611236572,0.08548877388238907,-0.13209480047225952,0.0,-36.07554626464844,34.41099166870117,49.855404781389666,916665655,1720698435
2.0,0,2.2888917922973633,5.243381977081299,10.355080604553223,-0.2958817183971405,0.08202660828828812,-0.13608960807323456,-0.6981532573699951,-36.776039123535156,36.09780502319336,51.536550127836925,928665655,1720698435
2.0,0,1.209090232849121,3.837963819503784,9.885809898376465,-0.2665864825248718,0.08948357403278351,-0.13182848691940308,0.34907662868499756,-35.02479934692383,34.41099166870117,49.101677887913276,941665655,1720698435
2.0,0,0.2849143445491791,0.897839367389679,7.953659534454346,-0.2815004289150238,0.08096133172512054,-0.1219746395945549,0.17453831434249878,-35.19992446899414,34.2423095703125,49.10805342258214,953665655,1720698435
2.0,0,1.187542200088501,0.12450038641691208,7.996756076812744,-0.3022734224796295,0.09241309762001038,-0.131295844912529,0.0,-34.67455291748047,35.085716247558594,49.32881616896305,966665655,1720698435
2.0,0,-1.0079742670059204,1.61371648311615,8.564190864562988,-0.3126598596572876,0.11052287369966507,-0.12730103731155396,2.268998146057129,-33.79893112182617,33.904945373535156,47.92766860955333,978665655,1720698435
2.0,0,1.209090232849121,0.4716649353504181,9.258519172668457,-0.34381935000419617,0.09853846579790115,-0.1131860762834549,0.8726915717124939,-33.09843826293945,33.904945373535156,47.390015053884035,991665655,1720698435
2.0,0,1.1085323095321655,2.3295936584472656,8.329554557800293,-0.3408898115158081,0.1075933501124382,-0.1201103925704956,0.6981532573699951,-33.2735595703125,33.398902893066406,47.14980274519068,3665655,1720698436
2.0,0,1.716668725013733,5.379853248596191,10.010310173034668,-0.268983393907547,0.09188045561313629,-0.12996424734592438,1.0472298860549927,-32.92331314086914,35.760440826416016,48.61944432740439,16665655,1720698436
2.0,0,1.0367051362991333,3.330385446548462,8.638411521911621,-0.2620590329170227,0.0825592502951622,-0.12357256561517715,0.17453831434249878,-32.74818801879883,34.91703414916992,47.87142734358431,28665655,1720698436
2.0,0,1.74061119556427,0.4596937298774719,8.185900688171387,-0.2759076952934265,0.08708669990301132,-0.12517046928405762,0.0,-33.2735595703125,34.74835205078125,48.110058581591524,41665655,1720698436
2.0,0,-0.07422138750553131,0.3758954107761383,7.558609962463379,-0.2921532392501831,0.10333222150802612,-0.1238388791680336,0.0,-31.172073364257812,35.085716247558594,46.9329909810878,53665655,1720698436
2.0,0,0.30406826734542847,-0.2154814451932907,8.106890678405762,-0.3153230845928192,0.10999023169279099,-0.12303992360830307,1.2217681407928467,-30.9969482421875,34.91703414916992,46.70656047594391,66665655,1720698436
2.0,0,0.19393329322338104,1.1803593635559082,8.590526580810547,-0.3052029311656952,0.10892495512962341,-0.12490416318178177,0.17453831434249878,-31.697444915771484,34.91703414916992,47.15885655511422,78665655,1720698436
2.0,0,1.6424474716186523,3.8044445514678955,8.695873260498047,-0.3070671558380127,0.11078918725252151,-0.12836632132530212,-0.8726915717124939,-31.347196578979492,33.904945373535156,46.183911102492445,91665655,1720698436
2.0,0,1.4700623750686646,5.731806755065918,9.126835823059082,-0.2546020746231079,0.11398503184318542,-0.1275673657655716,-0.6981532573699951,-30.471576690673828,35.085716247558594,46.475928055183466,103665655,1720698436
2.0,0,1.5801972150802612,1.5778030157089233,6.895406246185303,-0.2695160210132599,0.09933742135763168,-0.11664823442697525,0.17453831434249878,-30.29645347595215,34.91703414916992,46.22883116214388,116665655,1720698436
2.0,0,-0.6823578476905823,0.7829159498214722,7.551427364349365,-0.2807014584541321,0.1131860762834549,-0.11877879500389099,-0.5236149430274963,-29.595956802368164,34.57966995239258,45.51865997228616,128665655,1720698436
2.0,0,1.599351167678833,0.9529067873954773,7.453263759613037,-0.3014744222164154,0.10706070810556412,-0.12463784217834473,-0.5236149430274963,-29.595956802368164,34.57966995239258,45.51865997228616,141665655,1720698436
2.0,0,1.692726492881775,-0.7063003182411194,7.108493804931641,-0.3344981372356415,0.11478398740291595,-0.12969791889190674,-0.5236149430274963,-29.595956802368164,34.57966995239258,45.51865997228616,153665655,1720698436
2.0,0,0.2992797791957855,0.6105307340621948,7.493966102600098,-0.3454172611236572,0.1395517736673355,-0.1270347237586975,-0.5236149430274963,-29.595956802368164,34.57966995239258,45.51865997228616,166665655,1720698436
2.0,0,0.8212237358093262,5.645613670349121,9.912145614624023,-0.26978233456611633,0.12144199758768082,-0.1201103925704956,-0.5236149430274963,-29.595956802368164,34.57966995239258,45.51865997228616,179665655,1720698436
2.0,0,1.2306383848190308,1.4509084224700928,7.010329723358154,-0.25912952423095703,0.11797983199357986,-0.12303992360830307,-0.5236149430274963,-29.595956802368164,34.57966995239258,45.51865997228616,191665655,1720698436
2.0,0,-1.2114845514297485,-0.17717362940311432,6.110096454620361,-0.27617400884628296,0.11984407901763916,-0.11638191342353821,-0.5236149430274963,-29.595956802368164,34.57966995239258,45.51865997228616,204665655,1720698436
2.0,0,-0.04309628903865814,-0.4812418818473816,6.775694370269775,-0.3190515637397766,0.1331600844860077,-0.12810000777244568,-0.5236149430274963,-29.595956802368164,34.57966995239258,45.51865997228616,216665655,1720698436
2.0,0,5.861095428466797,12.699039459228516,6.639222621917725,-0.43436819314956665,0.14647608995437622,-0.10626175254583359,1.2217681407928467,-26.4437255859375,36.60384750366211,45.173056043681314,229665655,1720698436
2.0,0,-16.57770538330078,-39.22719955444336,-39.22719955444336,-1.0543615818023682,0.2809678018093109,0.018376091495156288,0.5236149430274963,-26.093477249145508,36.266483306884766,44.681109420075806,241665655,1720698436
2.0,0,0.7015117406845093,28.999011993408203,10.486763954162598,0.14674241840839386,0.012250727973878384,-0.10919126868247986,1.5708448886871338,-26.4437255859375,35.254398345947266,44.09774120364227,254665655,1720698436
2.0,0,-16.89374351501465,-39.22719955444336,-35.43233108520508,-0.07962973415851593,-0.03728482499718666,-0.006658004131168127,-0.8726915717124939,-25.392980575561523,35.254398345947266,43.45615785852348,266665655,1720698436
2.0,0,-2.806046962738037,6.021509170532227,-4.537081718444824,-0.05912308022379875,0.03408898040652275,0.004527443088591099,0.34907662868499756,-25.568103790283203,35.085716247558594,43.41494294050823,279665655,1720698436
2.0,0,-2.679152727127075,-17.827497482299805,-4.1923112869262695,0.6945629715919495,-0.2082623690366745,-0.007723285350948572,0.6981532573699951,-25.568103790283203,35.42307662963867,43.692215637464805,291665655,1720698436
2.0,0,-0.9744549989700317,16.802762985229492,21.042959213256836,0.5728546380996704,-0.1619226634502411,0.011984407901763916,1.0472298860549927,-25.568103790283203,35.42307662963867,43.699187404049,304665655,1720698436
2.0,0,3.5554440021514893,14.135581970214844,31.220867156982422,0.31798627972602844,-0.10040270537137985,-0.051133476197719574,0.17453831434249878,-27.14422035217285,35.92912292480469,45.03044565953366,316665655,1720698436
2.0,0,3.325597047805786,12.375818252563477,20.726919174194336,-0.15925946831703186,0.025034096091985703,-0.02476777695119381,-0.6981532573699951,-26.969097137451172,35.42307662963867,44.52655360893437,329665655,1720698436
2.0,0,2.9066052436828613,3.1843366622924805,13.759687423706055,-0.13395905494689941,0.03488794341683388,0.022104574367403984,-0.6981532573699951,-26.969097137451172,35.42307662963867,44.52655360893437,341665655,1720698436
2.0,0,0.598559558391571,3.588963031768799,15.715779304504395,-0.331302285194397,0.09587526321411133,0.02583305537700653,-0.34907662868499756,-26.969097137451172,35.42307662963867,44.52244841438108,354665655,1720698436
2.0,0,-3.1077210903167725,-8.36307430267334,4.115695476531982,-0.32677486538887024,0.08415716886520386,0.0037284824065864086,0.17453831434249878,-27.494468688964844,36.60384750366211,45.7801040211028,366665655,1720698436
2.0,0,-1.4844276905059814,-5.568997859954834,3.2944717407226562,-0.14221496880054474,0.03621954470872879,-0.012250727973878384,1.0472298860549927,-27.319345474243164,35.42307662963867,44.74637064036089,379665655,1720698436
2.0,0,-1.2473981380462646,-4.357513904571533,6.471625804901123,0.014913929626345634,-0.003994802478700876,0.006924324203282595,-0.34907662868499756,-26.268600463867188,34.74835205078125,43.56155638941303,391665655,1720698436
2.0,0,-0.8930508494377136,-1.6568129062652588,11.217005729675293,0.010919126681983471,-0.0143812894821167,-0.007723285350948572,0.8726915717124939,-25.743228912353516,37.27857208251953,45.31188985161374,404665655,1720698436
2.0,0,0.38068386912345886,0.6248961687088013,10.917725563049316,-0.04447546973824501,0.009321206249296665,-0.021039292216300964,1.0472298860549927,-26.969097137451172,35.42307662963867,44.53339475890848,416665655,1720698436
2.0,0,0.6823578476905823,0.17477938532829285,11.379815101623535,-0.07776549458503723,0.011185446754097939,0.0143812894821167,0.5236149430274963,-25.04273223876953,36.94121170043945,44.63256358857234,429665655,1720698436
2.0,0,-0.4884245991706848,-1.1468400955200195,10.242551803588867,-0.11265343427658081,0.033556342124938965,-0.015446570701897144,-0.34907662868499756,-25.568103790283203,33.736263275146484,42.33184670780837,441665655,1720698436
2.0,0,-1.5538605451583862,-3.019134521484375,9.126835823059082,-0.12357256561517715,0.017843451350927353,0.006391684524714947,0.5236149430274963,-26.093477249145508,35.92912292480469,44.40772006876689,454665655,1720698436
2.0,0,-0.35195302963256836,-3.790079116821289,7.259330749511719,-0.07989604771137238,0.017310811206698418,-0.0015979211311787367,0.5236149430274963,-26.093477249145508,35.591758728027344,44.13521289077857,466665655,1720698436
2.0,0,-0.8379833698272705,-2.6097195148468018,8.274487495422363,-0.03728482499718666,0.014913929626345634,-0.011718087829649448,-0.17453831434249878,-25.392980575561523,35.92912292480469,43.99699762801712,479665655,1720698436
2.0,0,-1.0821956396102905,-0.7948870658874512,11.695854187011719,-0.017310811206698418,-0.004261122550815344,0.005592723377048969,0.17453831434249878,-26.093477249145508,34.57966995239258,43.320360023795395,491665655,1720698436
2.0,0,-0.08619257807731628,-0.7613677382469177,9.347105979919434,-0.08149396628141403,0.017310811206698418,-0.01145176775753498,0.0,-25.918352127075195,34.41099166870117,43.07989466800592,504665655,1720698436
2.0,0,-0.07900986075401306,-1.3838696479797363,10.546619415283203,-0.08468981087207794,0.01864241249859333,-0.010120166465640068,0.34907662868499756,-26.61884880065918,36.09780502319336,44.85238559382915,516665655,1720698436
2.0,0,-0.6775694489479065,-2.0015830993652344,9.385414123535156,-0.0876193419098854,0.016245530918240547,0.0,-0.5236149430274963,-27.494468688964844,35.92912292480469,45.24513073517144,529665655,1720698436
2.0,0,-0.6201077103614807,-2.480430841445923,9.045432090759277,-0.0806950107216835,0.01384864840656519,-0.000266320159425959,-0.34907662868499756,-26.61884880065918,35.760440826416016,44.58132001258655,541665655,1720698436
2.0,0,-0.7661562561988831,-2.427757740020752,8.973605155944824,-0.06285155564546585,0.013316008262336254,-0.00719064474105835,0.8726915717124939,-26.79397201538086,36.60384750366211,45.37091776690991,554665655,1720698436
2.0,0,-0.7110887169837952,-1.4963988065719604,9.969608306884766,-0.046872351318597794,0.009321206249296665,-0.006658004131168127,0.17453831434249878,-27.14422035217285,34.2423095703125,43.69639489545566,566665655,1720698436
2.0,0,-0.2657604515552521,-1.0510705709457397,10.343109130859375,-0.060454681515693665,0.012517048045992851,-0.004527443088591099,-0.34907662868499756,-26.268600463867188,36.09780502319336,44.6454113242947,579665655,1720698436
2.0,0,-0.24181805551052094,-1.4126006364822388,9.816376686096191,-0.07776549458503723,0.02077297307550907,-0.0098538463935256,0.5236149430274963,-26.79397201538086,35.92912292480469,44.82290690166469,591665655,1720698436
2.0,0,-0.560251772403717,-2.0470738410949707,9.323163032531738,-0.07776549458503723,0.014913929626345634,-0.0018642412032932043,0.6981532573699951,-28.370088577270508,34.74835205078125,44.86420972331937,604665655,1720698436
2.0,0,-0.6943290829658508,-2.164391279220581,9.29682731628418,-0.06338419765233994,0.013582328334450722,-0.003994802478700876,0.5236149430274963,-25.392980575561523,35.92912292480469,43.999767150124015,616665655,1720698436
2.0,0,-0.8092525005340576,-2.035102367401123,9.289644241333008,-0.06498212367296219,0.015712888911366463,-0.00719064474105835,1.9199213981628418,-26.4437255859375,36.266483306884766,44.92454265196297,629665655,1720698436
2.0,0,-0.5387036204338074,-1.5682260990142822,9.895386695861816,-0.06098731979727745,0.010652806609869003,-0.006924324203282595,0.6981532573699951,-26.268600463867188,34.41099166870117,43.29714928173079,641665655,1720698436
2.0,0,-0.23942382633686066,-1.4628795385360718,9.837924003601074,-0.06711268424987793,0.012783369049429893,-0.005060083232820034,1.2217681407928467,-26.093477249145508,34.91703414916992,43.60689791897411,654665655,1720698436
2.0,0,-0.5075784921646118,-1.6975148916244507,9.885809898376465,-0.07563493400812149,0.018376091495156288,-0.002130561275407672,0.8726915717124939,-25.392980575561523,35.254398345947266,43.45615785852348,666665655,1720698436
2.0,0,-0.6392616629600525,-1.9129964113235474,9.385414123535156,-0.07243908941745758,0.018376091495156288,-0.004261122550815344,0.0,-27.319345474243164,35.760440826416016,45.001730691615094,679665655,1720698436
2.0,0,-0.6057422757148743,-2.035102367401123,9.363865852355957,-0.0663137212395668,0.018109772354364395,-0.006924324203282595,0.0,-27.319345474243164,35.760440826416016,45.001730691615094,692665655,1720698436
2.0,0,-0.5937711000442505,-1.8004671335220337,9.641597747802734,-0.06338419765233994,0.009054886177182198,-0.006924324203282595,0.0,-27.319345474243164,35.760440826416016,45.001730691615094,704665655,1720698436
2.0,0,-0.3782896399497986,-1.6999092102050781,9.687088012695312,-0.06498212367296219,0.01864241249859333,-0.007723285350948572,0.0,-27.319345474243164,35.760440826416016,45.001730691615094,717665655,1720698436
2.0,0,-0.49560731649398804,-1.6592071056365967,9.802011489868164,-0.07297173142433167,0.014913929626345634,-0.004527443088591099,0.0,-27.319345474243164,35.760440826416016,45.001730691615094,729665655,1720698436
2.0,0,-0.5051842927932739,-1.7334284782409668,9.538644790649414,-0.0719064474105835,0.015180249698460102,-0.002663201652467251,0.0,-27.319345474243164,35.760440826416016,45.001730691615094,742665655,1720698436
2.0,0,-0.6919348239898682,-1.9273617267608643,9.512308120727539,-0.07217276096343994,0.013049688190221786,-0.006391684524714947,1.2217681407928467,-25.04273223876953,35.591758728027344,43.53624288712422,754665655,1720698436
2.0,0,-0.6344730854034424,-1.9369386434555054,9.524279594421387,-0.07110748440027237,0.016245530918240547,-0.0015979211311787367,0.34907662868499756,-27.319345474243164,34.07362747192383,43.6747132873152,767665655,1720698436
2.0,0,-0.42138591408729553,-1.8148326873779297,9.517096519470215,-0.05992203950881958,0.013316008262336254,-0.006924324203282595,0.8726915717124939,-25.743228912353516,34.2423095703125,42.84870114860294,779665655,1720698436
2.0,0,-0.5865883827209473,-1.6807552576065063,9.816376686096191,-0.06391683965921402,0.013316008262336254,-0.005326403304934502,0.34907662868499756,-26.268600463867188,36.09780502319336,44.6454113242947,792665655,1720698436
2.0,0,-0.4716649353504181,-1.6592071056365967,9.632019996643066,-0.06977588683366776,0.015446570701897144,-0.004261122550815344,0.17453831434249878,-26.093477249145508,35.591758728027344,44.13245186853953,804665655,1720698436
2.0,0,-0.5410978198051453,-1.8148326873779297,9.519491195678711,-0.06791163980960846,0.017044490203261375,-0.010919126681983471,0.0,-26.61884880065918,36.43516540527344,45.122991806638765,817665655,1720698436
2.0,0,-0.49321308732032776,-1.8148326873779297,9.54103946685791,-0.06498212367296219,0.011984407901763916,-0.002663201652467251,1.2217681407928467,-26.093477249145508,35.591758728027344,44.14901541026301,829665655,1720698436
2.0,0,-0.4261744022369385,-1.8004671335220337,9.514702796936035,-0.07164012640714645,0.015979209914803505,-0.006391684524714947,0.17453831434249878,-27.14422035217285,35.92912292480469,45.03044565953366,842665655,1720698436
2.0,0,-0.6248961687088013,-1.7645535469055176,9.847502708435059,-0.06764532625675201,0.018109772354364395,-0.005060083232820034,0.17453831434249878,-27.14422035217285,33.904945373535156,43.432527936247176,854665655,1720698436
2.0,0,-0.6392616629600525,-1.6999092102050781,9.48836612701416,-0.06524843722581863,0.013049688190221786,-0.0031958422623574734,0.34907662868499756,-26.268600463867188,35.760440826416016,44.37308139990482,867665655,1720698436
2.0,0,-0.5219439268112183,-1.8531404733657837,9.512308120727539,-0.0700422003865242,0.014647609554231167,-0.007989604957401752,1.7453831434249878,-24.86760902404785,34.74835205078125,42.76555051832364,879665655,1720698436
2.0,0,-0.5674344897270203,-1.8244094848632812,9.713424682617188,-0.06791163980960846,0.011718087829649448,-0.0037284824065864086,0.5236149430274963,-26.093477249145508,35.92912292480469,44.40772006876689,892665655,1720698436
2.0,0,-0.45729950070381165,-1.74061119556427,9.531462669372559,-0.06684636324644089,0.013582328334450722,-0.001065280637703836,-0.34907662868499756,-27.319345474243164,34.41099166870117,43.93842099185138,904665655,1720698436
2.0,0,-0.6416558623313904,-1.7813133001327515,9.761309623718262,-0.06498212367296219,0.012250727973878384,-0.004261122550815344,-0.6981532573699951,-25.568103790283203,36.43516540527344,44.51670054609961,917665655,1720698436
2.0,0,-0.5387036204338074,-1.6999092102050781,9.643991470336914,-0.06418316066265106,0.013049688190221786,-0.006658004131168127,0.5236149430274963,-26.4437255859375,34.91703414916992,43.803470972597886,929665655,1720698436
2.0,0,-0.4261744022369385,-1.7477937936782837,9.581741333007812,-0.07110748440027237,0.018908733502030373,-0.006924324203282595,0.6981532573699951,-26.969097137451172,34.74835205078125,43.991676356159545,942665655,1720698436
2.0,0,-0.44772255420684814,-1.7837074995040894,9.667933464050293,-0.06897692382335663,0.011718087829649448,-0.0031958422623574734,-0.6981532573699951,-25.217857360839844,35.760440826416016,43.76341938128283,954665655,1720698436
2.0,0,-0.4716649353504181,-1.8052555322647095,9.497942924499512,-0.07217276096343994,0.015446570701897144,-0.006658004131168127,0.17453831434249878,-26.79397201538086,35.92912292480469,44.82018824291027,967665655,1720698436
2.0,0,-0.6512327790260315,-1.8052555322647095,9.641597747802734,-0.07030852884054184,0.014647609554231167,-0.004261122550815344,0.17453831434249878,-26.4437255859375,36.60384750366211,45.156868121681,979665655,1720698436
2.0,0,-0.5554632544517517,-1.7549766302108765,9.555404663085938,-0.06658004224300385,0.0143812894821167,-0.00825592502951622,0.0,-27.669591903686523,34.41099166870117,44.15566400519843,992665655,1720698436
2.0,0,-0.514761209487915,-1.6999092102050781,9.675116539001465,-0.0681779608130455,0.013049688190221786,-0.006658004131168127,0.5236149430274963,-26.4437255859375,36.60384750366211,45.159566511917255,4665655,1720698437
2.0,0,-0.533915102481842,-1.7477937936782837,9.675116539001465,-0.06977588683366776,0.015180249698460102,-0.0031958422623574734,-0.34907662868499756,-26.61884880065918,33.736263275146484,42.9746486400418,17665655,1720698437
2.0,0,-0.533915102481842,-1.7477937936782837,9.675116539001465,-0.06977588683366776,0.015180249698460102,-0.0031958422623574734,-0.5236149430274963,-26.79397201538086,34.91703414916992,44.01579696817806,29665655,1720698437
2.0,0,-0.6009538173675537,-1.8124382495880127,9.61526107788086,-0.06551475822925568,0.016245530918240547,-0.006924324203282595,0.17453831434249878,-24.69248390197754,36.60384750366211,44.154171682231166,42665655,1720698437
2.0,0,-0.5674344897270203,-1.7717362642288208,9.59610652923584,-0.0700422003865242,0.013582328334450722,-0.006391684524714947,1.3963065147399902,-26.61884880065918,35.42307662963867,44.33178477418559,54665655,1720698437
2.0,0,-0.4908188283443451,-1.74061119556427,9.746943473815918,-0.06365051865577698,0.017044490203261375,-0.007456964813172817,-0.34907662868499756,-25.217857360839844,35.085716247558594,43.209601583080534,67665655,1720698437
2.0,0,-0.5410978198051453,-1.7453995943069458,9.699058532714844,-0.06551475822925568,0.013582328334450722,-0.004261122550815344,-0.17453831434249878,-27.14422035217285,34.91703414916992,44.22712330600744,79665655,1720698437
2.0,0,-0.48603036999702454,-1.8220152854919434,9.502731323242188,-0.07057484239339828,0.013582328334450722,-0.003994802478700876,1.2217681407928467,-26.093477249145508,35.92912292480469,44.421437915574685,92665655,1720698437
2.0,0,-0.6320788860321045,-1.7789191007614136,9.598501205444336,-0.06844428181648254,0.01757713221013546,-0.0034621621016412973,0.34907662868499756,-25.568103790283203,36.09780502319336,44.23687730181542,104665655,1720698437
2.0,0,-0.4884245991706848,-1.795678734779358,9.612866401672363,-0.0644494816660881,0.015979209914803505,-0.006391684524714947,1.7453831434249878,-28.370088577270508,34.07362747192383,44.37251826632075,117665655,1720698437
2.0,0,-0.47405916452407837,-1.8052555322647095,9.663145065307617,-0.0719064474105835,0.014114969410002232,-0.006658004131168127,-0.17453831434249878,-26.093477249145508,36.60384750366211,44.952660328908216,129665655,1720698437
2.0,0,-0.5195496678352356,-1.7621593475341797,9.682299613952637,-0.0681779608130455,0.0143812894821167,-0.005060083232820034,-0.5236149430274963,-27.14422035217285,35.591758728027344,44.764451973524565,142665655,1720698437
2.0,0,-0.5889825820922852,-1.795678734779358,9.50991439819336,-0.07030852884054184,0.0143812894821167,-0.007723285350948572,0.5236149430274963,-26.79397201538086,34.91703414916992,44.01579696817806,154665655,1720698437
2.0,0,-0.6895406246185303,-1.7645535469055176,9.744549751281738,-0.06977588683366776,0.018109772354364395,-0.006658004131168127,1.2217681407928467,-28.194965362548828,35.254398345947266,45.158846219981235,167665655,1720698437
2.0,0,-0.598559558391571,-1.7669477462768555,9.564981460571289,-0.06498212367296219,0.014913929626345634,-0.005592723377048969,-0.5236149430274963,-26.79397201538086,34.57966995239258,43.748653499118994,180665655,1720698437
2.0,0,-0.5051842927932739,-1.8148326873779297,9.521885871887207,-0.0700422003865242,0.016778171062469482,-0.005060083232820034,0.17453831434249878,-26.4437255859375,35.591758728027344,44.34043725361366,192665655,1720698437
2.0,0,-0.5363093614578247,-1.769342064857483,9.643991470336914,-0.06524843722581863,0.014114969410002232,-0.004527443088591099,0.17453831434249878,-26.4437255859375,35.591758728027344,44.34043725361366,205665655,1720698437
2.0,0,-0.5458863377571106,-1.7741304636001587,9.629626274108887,-0.07030852884054184,0.0143812894821167,-0.005060083232820034,0.17453831434249878,-26.4437255859375,35.591758728027344,44.34043725361366,217665655,1720698437
2.0,0,-0.5817998647689819,-1.7525824308395386,9.64877986907959,-0.0719064474105835,0.01651185005903244,-0.002130561275407672,0.17453831434249878,-26.4437255859375,35.591758728027344,44.34043725361366,230665655,1720698437
2.0,0,-0.5315209031105042,-1.7621593475341797,9.59610652923584,-0.06391683965921402,0.015180249698460102,-0.006924324203282595,0.17453831434249878,-26.4437255859375,35.591758728027344,44.34043725361366,242665655,1720698437
2.0,0,-0.46448221802711487,-1.8196210861206055,9.634414672851562,-0.0644494816660881,0.015180249698460102,-0.007723285350948572,0.17453831434249878,-26.4437255859375,35.591758728027344,44.34043725361366,255665655,1720698437
2.0,0,-0.5578575134277344,-1.8220152854919434,9.641597747802734,-0.07164012640714645,0.015180249698460102,-0.003994802478700876,-0.17453831434249878,-27.14422035217285,37.27857208251953,46.114326392804365,267665655,1720698437
2.0,0,-0.6248961687088013,-1.7765247821807861,9.658356666564941,-0.06977588683366776,0.015446570701897144,-0.005326403304934502,-0.34907662868499756,-25.568103790283203,35.085716247558594,43.41494294050823,280665655,1720698437
2.0,0,-0.6129249930381775,-1.7765247821807861,9.569769859313965,-0.06764532625675201,0.013316008262336254,-0.005060083232820034,0.5236149430274963,-27.494468688964844,34.57966995239258,44.18114479179361,292665655,1720698437
2.0,0,-0.6081365346908569,-1.7645535469055176,9.610472679138184,-0.0681779608130455,0.014114969410002232,-0.005326403304934502,0.8726915717124939,-27.494468688964844,36.94121170043945,46.05822967683942,305665655,1720698437
2.0,0,-0.4716649353504181,-1.731034278869629,9.59610652923584,-0.06791163980960846,0.013049688190221786,-0.005060083232820034,0.8726915717124939,-25.392980575561523,34.91703414916992,43.18291707219976,317665655,1720698437
2.0,0,-0.5363093614578247,-1.7717362642288208,9.581741333007812,-0.0681779608130455,0.014647609554231167,-0.006125363986939192,-0.6981532573699951,-27.669591903686523,36.77252960205078,46.02513082459443,330665655,1720698437
2.0,0,-0.6081365346908569,-1.7717362642288208,9.579346656799316,-0.06950956583023071,0.012783369049429893,-0.006125363986939192,2.4435362815856934,-27.319345474243164,35.42307662963867,44.800802053196875,342665655,1720698437
2.0,0,-0.5267323851585388,-1.8052555322647095,9.636809349060059,-0.06764532625675201,0.012517048045992851,-0.006125363986939192,0.5236149430274963,-26.4437255859375,34.57966995239258,43.53502462947884,355665655,1720698437
2.0,0,-0.5291266441345215,-1.8100440502166748,9.61526107788086,-0.07137380540370941,0.012517048045992851,-0.003994802478700876,2.0944597721099854,-26.268600463867188,34.74835205078125,43.6104815647833,367665655,1720698437
2.0,0,-0.48363611102104187,-1.8148326873779297,9.59610652923584,-0.06737900525331497,0.014647609554231167,-0.002929521957412362,0.0,-25.918352127075195,34.07362747192383,42.81089891696396,380665655,1720698437
2.0,0,-0.4620879888534546,-2.7701337337493896,8.590526580810547,-0.07670021057128906,0.015712888911366463,-0.004793763160705566,0.8726915717124939,-26.4437255859375,35.92912292480469,44.61988444168619,392665655,1720698437
2.0,0,-2.418180465698242,-11.719796180725098,-3.483616590499878,-0.021039292216300964,-0.02689833752810955,0.04527442902326584,-1.2217681407928467,-27.14422035217285,36.266483306884766,45.31621373598772,404204647,1720698437
2.0,0,-7.146801471710205,-31.879281997680664,-21.68701171875,0.39442017674446106,-0.1400844007730484,0.055128276348114014,0.17453831434249878,-26.79397201538086,35.254398345947266,44.28114726064486,416204647,1720698437
2.0,0,-1.9920061826705933,-15.552971839904785,-8.15238094329834,1.0479698181152344,-0.3496783673763275,0.07217276096343994,1.0472298860549927,-28.019840240478516,35.085716247558594,44.91342362969431,429204647,1720698437
2.0,0,-1.2976771593093872,-14.51147747039795,-3.2896833419799805,1.2200127840042114,-0.3920232951641083,0.08335821330547333,-0.8726915717124939,-27.844717025756836,35.92912292480469,45.46418074671022,441204647,1720698437
2.0,0,1.7070918083190918,4.592148780822754,10.924909591674805,1.424812912940979,-0.4341018795967102,0.09028254449367523,1.7453831434249878,-25.217857360839844,35.085716247558594,43.24342929039293,454204647,1720698437
2.0,0,1.7070918083190918,4.592148780822754,10.924909591674805,1.424812912940979,-0.4341018795967102,0.09028254449367523,1.5708448886871338,-28.89546012878418,36.60384750366211,46.66108466152305,466204647,1720698437
2.0,0,3.761348247528076,11.908940315246582,20.722131729125977,0.9220004081726074,-0.3209157884120941,0.10013638436794281,1.3963065147399902,-29.070585250854492,35.760440826416016,46.10702470133922,479204647,1720698437
2.0,0,0.5458863377571106,2.401421070098877,13.09648323059082,0.7337120771408081,-0.24288399517536163,0.0751022920012474,0.17453831434249878,-30.29645347595215,37.27857208251953,48.03745927248142,491204647,1720698437
2.0,0,-0.806858241558075,-1.367110013961792,8.408564567565918,0.7201297283172607,-0.22557318210601807,0.10413118451833725,0.0,-31.522321701049805,35.760440826416016,47.670388015245656,504204647,1720698437
2.0,0,-1.0223398208618164,-6.993570327758789,2.5953543186187744,0.8133417963981628,-0.2439492791891098,0.1113218292593956,-1.2217681407928467,-32.39794158935547,36.266483306884766,48.6454226835958,516204647,1720698437
2.0,0,-1.8291980028152466,-2.576200246810913,3.89542555809021,0.9803245663642883,-0.2950827479362488,0.12224096059799194,-3.1416897773742676,-32.92331314086914,37.78461456298828,50.214458679772406,529204647,1720698437
2.0,0,-1.4748507738113403,-1.1779651641845703,8.272092819213867,1.0418444871902466,-0.322780042886734,0.09907110780477524,-2.4435362815856934,-34.32430648803711,36.77252960205078,50.36216654173878,541204647,1720698437
2.0,0,0.6153191924095154,2.7390084266662598,11.023073196411133,1.0248000621795654,-0.33236756920814514,0.07030852884054184,-1.0472298860549927,-32.92331314086914,38.121978759765625,50.3818072637931,554204647,1720698437
2.0,0,2.032708168029785,2.9305477142333984,12.330327033996582,0.9427734017372131,-0.29987651109695435,0.07616756856441498,-1.3963065147399902,-35.37504959106445,37.10988998413086,51.2882807285219,566204647,1720698437
2.0,0,2.1835453510284424,1.4102063179016113,9.921723365783691,0.9025590419769287,-0.2708476185798645,0.08948357403278351,-1.2217681407928467,-36.60091781616211,37.615936279296875,52.498367255976945,579204647,1720698437
2.0,0,1.7334284782409668,0.4716649353504181,9.24415397644043,0.8748617768287659,-0.2639232873916626,0.10599542409181595,-1.5708448886871338,-35.900421142578125,37.27857208251953,51.778371241189014,591204647,1720698437
2.0,0,0.04549052566289902,-0.21308720111846924,6.912165641784668,0.8980316519737244,-0.27058130502700806,0.09987006336450577,-1.2217681407928467,-35.19992446899414,38.628021240234375,52.27476853080027,604204647,1720698437
2.0,0,-1.0534647703170776,-0.5770114064216614,7.48438835144043,0.9371806979179382,-0.2865605056285858,0.08788565546274185,-2.4435362815856934,-38.177032470703125,38.121978759765625,54.006869399999175,616204647,1720698437
2.0,0,-0.7158772945404053,0.1891448199748993,8.858681678771973,0.9702043533325195,-0.2964143455028534,0.08575509488582611,-2.618074655532837,-40.453643798828125,38.2906608581543,55.76312688917828,629204647,1720698437
2.0,0,0.8810796737670898,1.7908902168273926,9.639203071594238,0.9600841999053955,-0.28602784872055054,0.08176029473543167,-1.7453831434249878,-39.578025817871094,38.121978759765625,54.97955760569054,641204647,1720698437
2.0,0,1.5394952297210693,2.1524202823638916,9.588924407958984,0.9443712830543518,-0.28229936957359314,0.09267941862344742,-1.0472298860549927,-40.9790153503418,39.80879211425781,57.141196339541146,654204647,1720698437
2.0,0,0.6560212969779968,2.8994224071502686,9.663145065307617,0.9451702833175659,-0.27111393213272095,0.10013638436794281,-3.665304660797119,-41.15414047241211,39.30274963378906,57.024590003399375,667204647,1720698437
2.0,0,0.6608097553253174,0.8738968968391418,8.985576629638672,0.926794171333313,-0.27244552969932556,0.0988047793507576,-3.4907662868499756,-40.27852249145508,39.80879211425781,56.738741199997165,679204647,1720698437
2.0,0,0.4046262502670288,2.063833475112915,8.521093368530273,0.9425070881843567,-0.2783045768737793,0.08921726047992706,-1.7453831434249878,-42.029762268066406,40.146156311035156,58.14861258170824,692204647,1720698437
2.0,0,0.4046262502670288,2.063833475112915,8.521093368530273,0.9425070881843567,-0.2783045768737793,0.08921726047992706,-2.618074655532837,-41.15414047241211,39.64011001586914,57.20013911692157,704204647,1720698437
2.0,0,1.1779651641845703,1.714274525642395,8.293641090393066,0.9542251825332642,-0.27484241127967834,0.09028254449367523,-4.887072563171387,-41.67951202392578,40.82088088989258,58.5440818308484,717204647,1720698437
2.0,0,1.4078121185302734,2.0231313705444336,8.90417194366455,0.9528935551643372,-0.27191290259361267,0.09081517904996872,-4.537996292114258,-43.43075180053711,40.483516693115234,59.54610596965044,729204647,1720698437
2.0,0,-0.019153906032443047,2.7198545932769775,9.536251068115234,0.94596928358078,-0.2652548849582672,0.09054885804653168,-4.188919544219971,-44.131248474121094,40.483516693115234,60.033567798976456,742204647,1720698437
2.0,0,0.37110692262649536,2.808441638946533,9.308797836303711,0.9361154437065125,-0.2652548849582672,0.08868461847305298,-4.188919544219971,-44.131248474121094,40.483516693115234,60.033567798976456,754204647,1720698437
2.0,0,1.1181093454360962,2.573806047439575,8.846710205078125,0.9334521889686584,-0.262591689825058,0.08735301345586777,-4.188919544219971,-44.131248474121094,40.483516693115234,60.033567798976456,767204647,1720698437
2.0,0,1.0534647703170776,3.201096534729004,9.157960891723633,0.9470345377922058,-0.2615264058113098,0.08522245287895203,-4.188919544219971,-44.131248474121094,40.483516693115234,60.033567798976456,779204647,1720698437
2.0,0,0.9816376566886902,1.0103685855865479,7.685504913330078,0.933185875415802,-0.2551347315311432,0.0881519764661789,-4.188919544219971,-44.131248474121094,40.483516693115234,60.033567798976456,792204647,1720698437
2.0,0,1.4556968212127686,3.763742446899414,9.423721313476562,0.9707369804382324,-0.2663201689720154,0.09534262120723724,-4.188919544219971,-44.131248474121094,40.483516693115234,60.033567798976456,804204647,1720698437
2.0,0,1.25218665599823,3.1125094890594482,8.688690185546875,0.9422407746315002,-0.2551347315311432,0.0881519764661789,-4.188919544219971,-44.131248474121094,40.483516693115234,60.033567798976456,817204647,1720698437
2.0,0,1.25218665599823,3.1125094890594482,8.688690185546875,0.9422407746315002,-0.2551347315311432,0.0881519764661789,-5.759764194488525,-48.50934982299805,44.02582550048828,65.76173062523185,829204647,1720698437
2.0,0,1.5275241136550903,3.5434725284576416,8.511516571044922,0.9590189456939697,-0.2639232873916626,0.07829813659191132,-4.887072563171387,-50.43571472167969,43.85714340209961,67.01562373892142,842204647,1720698437
2.0,0,1.946515679359436,3.531501293182373,8.796431541442871,0.9622148275375366,-0.2593958377838135,0.08468981087207794,-4.188919544219971,-51.48645782470703,43.51978302001953,67.54534699291183,854204647,1720698437
2.0,0,0.7278484106063843,3.864300489425659,8.837133407592773,0.9563557505607605,-0.254069447517395,0.08868461847305298,-5.934302806854248,-52.186954498291016,44.869232177734375,69.07924555052385,867204647,1720698437
2.0,0,0.859531581401825,3.2178561687469482,8.861075401306152,0.9470345377922058,-0.24980832636356354,0.08788565546274185,-5.934302806854248,-51.48645782470703,45.5439567565918,68.99509610244105,879204647,1720698437
2.0,0,1.3264079093933105,3.3998184204101562,7.975207328796387,0.960350513458252,-0.2559337019920349,0.08708669990301132,-6.283379554748535,-53.23769760131836,45.20659637451172,70.12395924565631,892204647,1720698437
2.0,0,1.067830204963684,4.335965156555176,9.24415397644043,0.9574210047721863,-0.24634616076946259,0.08415716886520386,-6.981532573699951,-52.887451171875,46.55604553222656,70.80458787489584,904204647,1720698437
2.0,0,1.0055800676345825,3.715857744216919,8.592921257019043,0.9427734017372131,-0.24341663718223572,0.08602141588926315,-7.156070709228516,-54.813812255859375,46.38736343383789,72.16336223014444,917204647,1720698437
2.0,0,1.5706202983856201,3.8762714862823486,8.169140815734863,0.9590189456939697,-0.24607984721660614,0.08149396628141403,-5.236149311065674,-53.938194274902344,46.55604553222656,71.44376415645829,929204647,1720698437
2.0,0,1.4772449731826782,4.8339667320251465,8.547430038452148,0.9427734017372131,-0.24554719030857086,0.08522245287895203,-6.1088409423828125,-56.214805603027344,47.06208801269531,73.5680802709991,942204647,1720698437
2.0,0,1.5011874437332153,3.689521312713623,8.231390953063965,0.9486324191093445,-0.24501456320285797,0.07670021057128906,-6.4579176902771,-56.91530227661133,47.399452209472656,74.34893680403583,954204647,1720698437
2.0,0,1.4006292819976807,4.242590427398682,8.233785629272461,0.9486324191093445,-0.24501456320285797,0.07670021057128906,-6.632455825805664,-57.440673828125,47.905494689941406,75.08899321204348,967204647,1720698437
2.0,0,1.6616014242172241,5.319997310638428,8.597709655761719,0.9403765797615051,-0.23223118484020233,0.07936341315507889,-7.330609321594238,-58.141170501708984,50.267032623291016,77.20691749503824,979204647,1720698437
2.0,0,1.4173890352249146,4.948890209197998,8.786853790283203,0.9403765797615051,-0.23223118484020233,0.07936341315507889,-6.283379554748535,-57.79092025756836,50.9417610168457,77.29381824145497,992204647,1720698437
2.0,0,1.71906316280365,3.94809889793396,7.570581436157227,0.9627474546432495,-0.24421559274196625,0.08176029473543167,-7.505147457122803,-60.417781829833984,51.44780349731445,79.70892098309233,4204647,1720698438
2.0,0,1.9896119832992554,5.573786735534668,8.209842681884766,0.9542251825332642,-0.23169854283332825,0.07803180813789368,-8.552377700805664,-59.71728515625,50.09835433959961,78.41646777499095,17204647,1720698438
2.0,0,1.0079742670059204,5.343940258026123,8.176322937011719,0.9563557505607605,-0.23063325881958008,0.08415716886520386,-8.72691535949707,-59.19191360473633,51.616485595703125,79.0196385282407,29204647,1720698438
2.0,0,0.8858681321144104,5.513930797576904,8.755729675292969,0.9611494541168213,-0.23409543931484222,0.0719064474105835,-7.330609321594238,-59.89241027832031,51.27912139892578,79.18577481731337,42204647,1720698438
2.0,0,3.486010789871216,24.74924087524414,30.567237854003906,0.9699380397796631,-0.21784991025924683,0.05353035405278206,-9.948683738708496,-60.768028259277344,52.45989227294922,80.89357121516277,54204647,1720698438
2.0,0,2.7988643646240234,22.117971420288086,33.167381286621094,0.297745943069458,-0.07217276096343994,0.053264033049345016,-7.505147457122803,-63.219764709472656,52.7972526550293,82.70801518712221,67204647,1720698438
2.0,0,4.350330829620361,28.86493492126465,29.62630271911621,-0.07084116339683533,0.022104574367403984,-0.003994802478700876,-7.330609321594238,-60.5929069519043,53.64065933227539,81.25612924271744,79204647,1720698438
2.0,0,-0.16280819475650787,6.881041049957275,14.451622009277344,-0.4535432457923889,0.09987006336450577,-0.016245530918240547,-6.981532573699951,-61.993896484375,52.96593475341797,81.83749289107264,92204647,1720698438
2.0,0,0.9624837636947632,2.944913148880005,4.48919677734375,-0.35607007145881653,0.07243908941745758,-0.03009418025612831,-8.028762817382812,-61.293399810791016,53.64065933227539,81.84535555756653,104204647,1720698438
2.0,0,1.9393328428268433,-4.4484944343566895,0.3687126934528351,-0.24900935590267181,0.04980187490582466,-0.02689833752810955,-9.948683738708496,-63.219764709472656,53.13461685180664,83.1805413906535,117204647,1720698438
2.0,0,1.652024269104004,-0.2442122995853424,4.079782009124756,-0.09560894221067429,0.03115946054458618,0.0034621621016412973,-9.425068855285645,-61.993896484375,52.96593475341797,82.08206484089936,129204647,1720698438
2.0,0,-1.0654360055923462,2.4157862663269043,3.900214195251465,-0.021838253363966942,0.002663201652467251,0.02263721451163292,-9.075992584228516,-61.993896484375,52.96593475341797,82.04271501484884,142204647,1720698438
2.0,0,-8.406169891357422,6.672741889953613,7.510725498199463,-0.04207858443260193,-0.10892495512962341,0.006391684524714947,-9.599607467651367,-62.16902160644531,53.13461685180664,82.34334957374485,154204647,1720698438
2.0,0,7.05821418762207,-10.93209171295166,-9.064586639404297,-0.3688534200191498,-0.371516615152359,0.004793763160705566,-9.425068855285645,-61.64365005493164,52.62857437133789,81.59986737355149,167204647,1720698438
2.0,0,-0.8810796737670898,5.758142948150635,1.120503544807434,0.16858068108558655,-0.5970898270606995,-0.022104574367403984,-7.85422420501709,-62.8695182800293,52.7972526550293,82.47311716277379,180204647,1720698438
2.0,0,-2.971249580383301,-1.4604852199554443,3.5745978355407715,-0.02796361781656742,-0.4564727544784546,0.04607338830828667,-6.981532573699951,-61.293399810791016,53.64065933227539,81.74926905510735,192204647,1720698438
2.0,0,7.663956642150879,12.869030952453613,13.592089653015137,0.2407534420490265,-0.6807143688201904,0.03169209882616997,-9.774145126342773,-61.993896484375,52.29121017456055,81.68933697727188,205204647,1720698438
2.0,0,-0.1221061497926712,10.438878059387207,17.178659439086914,-0.13715487718582153,-0.5155958533287048,0.03435530140995979,-9.774145126342773,-62.344146728515625,52.62857437133789,82.17112257123507,217204647,1720698438
2.0,0,2.7940759658813477,9.881021499633789,13.843485832214355,-0.2620590329170227,-0.5057420134544373,0.039681706577539444,-9.599607467651367,-63.219764709472656,53.471981048583984,83.35552693561596,230204647,1720698438
2.0,0,2.523527145385742,4.307234764099121,7.57776403427124,-0.31052932143211365,-0.5020135045051575,0.02769729681313038,-10.472298622131348,-63.39488983154297,52.96593475341797,83.27047099355146,242204647,1720698438
2.0,0,1.8268038034439087,0.9074163436889648,4.079782009124756,-0.24474823474884033,-0.5206559300422668,0.02769729681313038,-8.203300476074219,-62.16902160644531,54.146705627441406,82.85014856056819,255204647,1720698438
2.0,0,2.9736437797546387,3.6033284664154053,5.794056415557861,-0.14487817883491516,-0.5174601078033447,0.03222474083304405,-9.774145126342773,-59.89241027832031,52.29121017456055,80.10621313866686,267204647,1720698438
2.0,0,3.5410783290863037,6.021509170532227,8.109285354614258,-0.0862877368927002,-0.5435594916343689,0.018109772354364395,-10.821375846862793,-63.04464340209961,52.29121017456055,82.62021482928395,280204647,1720698438
2.0,0,2.559440851211548,5.98798942565918,9.718213081359863,-0.10226695239543915,-0.5337056517601013,0.022104574367403984,-9.948683738708496,-61.46852493286133,52.45989227294922,81.42110391565613,292204647,1720698438
2.0,0,2.5642292499542236,5.846729755401611,9.821165084838867,-0.1595257818698883,-0.5179927349090576,0.02050665207207203,-11.344990730285645,-62.16902160644531,51.44780349731445,81.4897082266909,305204647,1720698438
2.0,0,2.501979112625122,3.972041130065918,7.819581985473633,-0.19175052642822266,-0.4982850253582001,0.02370249480009079,-11.51952838897705,-63.74513626098633,52.62857437133789,83.46201993479193,317204647,1720698438
2.0,0,3.7278289794921875,2.5905656814575195,6.213047981262207,-0.15846049785614014,-0.514530599117279,0.022104574367403984,-11.51952838897705,-63.74513626098633,52.62857437133789,83.46201993479193,330204647,1720698438
2.0,0,4.80763053894043,5.293660640716553,7.575369834899902,-0.12410520017147064,-0.5299771428108215,0.013049688190221786,-11.51952838897705,-63.74513626098633,52.62857437133789,83.46201993479193,342204647,1720698438
2.0,0,1.4509084224700928,4.3192057609558105,7.924928665161133,-0.1275673657655716,-0.5124000310897827,0.015446570701897144,-11.51952838897705,-63.74513626098633,52.62857437133789,83.46201993479193,355204647,1720698438
2.0,0,1.7070918083190918,4.388638496398926,8.738969802856445,-0.1563299298286438,-0.5177264213562012,0.02769729681313038,-11.51952838897705,-63.74513626098633,52.62857437133789,83.46201993479193,367204647,1720698438
2.0,0,4.534687519073486,4.151608943939209,7.740571975708008,-0.12144199758768082,-0.5307760834693909,0.013316008262336254,-11.51952838897705,-63.74513626098633,52.62857437133789,83.46201993479193,380204647,1720698438
2.0,0,1.5442836284637451,3.8523292541503906,8.207448959350586,-0.13662225008010864,-0.5097368359565735,0.021305613219738007,-11.51952838897705,-63.74513626098633,52.62857437133789,83.46201993479193,392204647,1720698438
2.0,0,1.0055800676345825,6.44289493560791,9.45484733581543,-0.14594346284866333,-0.4897627830505371,0.0197076927870512,-12.741296768188477,-63.57001495361328,52.7972526550293,83.61242331410246,405204647,1720698438
2.0,0,1.5562547445297241,3.993589162826538,7.709446907043457,-0.14221496880054474,-0.5073399543762207,0.028229938820004463,-13.090373992919922,-62.51926803588867,51.11043930053711,81.8064408986951,417204647,1720698438
2.0,0,4.034291744232178,3.689521312713623,7.812399387359619,-0.13209480047225952,-0.5265149474143982,0.018109772354364395,-13.43945026397705,-63.57001495361328,52.45989227294922,83.5093163778148,430204647,1720698438
2.0,0,4.034291744232178,3.689521312713623,7.812399387359619,-0.13209480047225952,-0.5265149474143982,0.018109772354364395,-12.9158353805542,-62.694393157958984,53.30329895019531,83.2985439008162,442204647,1720698438
2.0,0,0.6919348239898682,4.848332405090332,8.908960342407227,-0.14594346284866333,-0.5044103860855103,0.030360499396920204,-12.043143272399902,-64.2705078125,53.471981048583984,84.46885953779831,455204647,1720698438
2.0,0,2.530709743499756,4.948890209197998,8.545036315917969,-0.14993825554847717,-0.4823058247566223,0.023968815803527832,-12.56675910949707,-63.39488983154297,51.616485595703125,82.71092477128416,467204647,1720698438
2.0,0,3.976829767227173,3.3471450805664062,7.189897537231445,-0.12410520017147064,-0.5278465747833252,0.012250727973878384,-13.43945026397705,-63.57001495361328,53.13461685180664,83.93481478259676,480204647,1720698438
2.0,0,0.9744549989700317,5.293660640716553,8.530671119689941,-0.1294316053390503,-0.5118674039840698,0.021305613219738007,-13.090373992919922,-63.92026138305664,52.122528076171875,83.50997329423667,492204647,1720698438
2.0,0,-0.8762912154197693,5.791662216186523,9.799616813659668,-0.14168232679367065,-0.4660603106021881,0.019441373646259308,-13.613988876342773,-63.04464340209961,52.62857437133789,83.24502745018786,505204647,1720698438
2.0,0,3.897819995880127,4.544264316558838,8.008727073669434,-0.11025655269622803,-0.49562183022499084,0.020240332931280136,-13.090373992919922,-63.219764709472656,51.44780349731445,82.55284989565097,517204647,1720698438
2.0,0,3.615299701690674,4.994380950927734,8.176322937011719,-0.15366673469543457,-0.5084052085876465,0.023436175659298897,-13.78852653503418,-63.92026138305664,52.45989227294922,83.8329504227011,530204647,1720698438
2.0,0,1.8124382495880127,5.418160915374756,8.463632583618164,-0.14407920837402344,-0.5185253620147705,0.015979209914803505,-15.70844841003418,-64.79588317871094,53.30329895019531,85.36101866387112,542204647,1720698438
2.0,0,1.6687840223312378,5.061419486999512,8.509122848510742,-0.11691455543041229,-0.49056175351142883,0.014647609554231167,-14.312141418457031,-64.09538269042969,52.62857437133789,84.15950519444604,555204647,1720698438
2.0,0,4.975227355957031,5.851518154144287,8.243362426757812,-0.12916527688503265,-0.5057420134544373,0.019974011927843094,-14.835756301879883,-63.57001495361328,51.7851676940918,83.32436654038597,567204647,1720698438
2.0,0,4.216253280639648,3.3639047145843506,7.230599403381348,-0.13715487718582153,-0.5283792018890381,0.007723285350948572,-14.661218643188477,-63.74513626098633,53.64065933227539,84.59145383924024,580204647,1720698438
2.0,0,2.298468589782715,3.687126636505127,7.860283851623535,-0.1507372111082077,-0.5124000310897827,0.01384864840656519,-15.533909797668457,-64.62075805664062,52.122528076171875,84.46243341550318,592204647,1720698438
2.0,0,2.478036403656006,6.608097076416016,9.198662757873535,-0.12863264977931976,-0.4921596944332123,0.018908733502030373,-14.312141418457031,-62.694393157958984,51.9538459777832,82.67179952867765,605204647,1720698438
2.0,0,3.0287113189697266,3.790079116821289,7.551427364349365,-0.14248129725456238,-0.48683327436447144,0.012517048045992851,-15.533909797668457,-63.57001495361328,52.7972526550293,84.08328634588275,617204647,1720698438
2.0,0,5.480411052703857,4.338359355926514,7.410167217254639,-0.13555696606636047,-0.5038777589797974,0.0,-13.963065147399902,-61.993896484375,52.62857437133789,82.51046739647873,630204647,1720698438
2.0,0,4.094147682189941,4.728620529174805,7.9057745933532715,-0.14780768752098083,-0.5179927349090576,0.007456964813172817,-16.581140518188477,-63.92026138305664,52.7972526550293,84.54752464786412,642204647,1720698438
2.0,0,1.3838696479797363,3.3136258125305176,7.740571975708008,-0.13662225008010864,-0.5060083270072937,0.01757713221013546,-16.406600952148438,-64.09538269042969,51.9538459777832,84.12251035792318,655204647,1720698438
2.0,0,5.813210487365723,6.150798320770264,8.552218437194824,-0.1113218292593956,-0.4998829662799835,0.0015979211311787367,-16.23206329345703,-61.46852493286133,52.122528076171875,82.21081053751942,668204647,1720698438
2.0,0,5.1978912353515625,5.0662078857421875,7.946476459503174,-0.1494056135416031,-0.5249170660972595,0.004527443088591099,-16.755678176879883,-61.993896484375,52.96593475341797,83.24293481603048,680204647,1720698438
2.0,0,4.936919212341309,3.5985400676727295,7.501148700714111,-0.14487817883491516,-0.528911828994751,0.009054886177182198,-16.581140518188477,-63.92026138305664,53.13461685180664,84.7586074929885,693204647,1720698438
2.0,0,3.4907991886138916,5.425343990325928,8.092525482177734,-0.12224096059799194,-0.5078725814819336,-0.002396881580352783,-17.977445602416992,-64.97100830078125,54.82143020629883,86.88964080874165,705204647,1720698438
2.0,0,3.9026083946228027,5.240987777709961,7.802822589874268,-0.12224096059799194,-0.5001492500305176,0.0034621621016412973,-16.755678176879883,-64.44563293457031,53.30329895019531,85.2949824695359,718204647,1720698438
2.0,0,4.304840564727783,4.4772257804870605,8.262516021728516,-0.12650208175182343,-0.5041440725326538,0.010120166465640068,-17.45383071899414,-63.74513626098633,52.96593475341797,84.69633314378106,730204647,1720698438
2.0,0,5.458862781524658,4.975227355957031,7.687899112701416,-0.14674241840839386,-0.5041440725326538,0.004793763160705566,-17.104755401611328,-64.79588317871094,52.62857437133789,85.21059778347733,743204647,1720698438
2.0,0,1.7094860076904297,2.9305477142333984,7.48438835144043,-0.13555696606636047,-0.48337113857269287,0.011718087829649448,-17.45383071899414,-63.74513626098633,52.96593475341797,84.69633314378106,755204647,1720698438
2.0,0,3.9600701332092285,5.418160915374756,8.274487495422363,-0.13422536849975586,-0.4977523982524872,-0.0015979211311787367,-18.501060485839844,-64.09538269042969,51.9538459777832,84.55595445157341,768204647,1720698438
2.0,0,4.951284408569336,4.1133012771606445,7.711841106414795,-0.15340042114257812,-0.5214548707008362,0.009321206249296665,-18.501060485839844,-64.44563293457031,52.62857437133789,85.23670385343114,780204647,1720698438
2.0,0,-0.1795678734779358,3.5506551265716553,7.723812580108643,-0.12863264977931976,-0.47990894317626953,0.010919126681983471,-17.977445602416992,-63.57001495361328,52.45989227294922,84.3586133650851,793204647,1720698438
2.0,0,3.7038865089416504,5.293660640716553,8.193083763122559,-0.11451767385005951,-0.49642080068588257,-0.002929521957412362,-18.15198516845703,-64.44563293457031,51.27912139892578,84.33434923765657,805204647,1720698438
2.0,0,4.307234764099121,4.364696502685547,8.267304420471191,-0.12250728160142899,-0.5259823203086853,0.0034621621016412973,-18.85013771057129,-65.14613342285156,51.9538459777832,85.43154279034589,818204647,1720698438
2.0,0,5.011140823364258,3.5195302963256836,7.189897537231445,-0.148872971534729,-0.5171937942504883,0.002396881580352783,-17.104755401611328,-64.79588317871094,51.9538459777832,84.79552609743823,830204647,1720698438
2.0,0,4.647216320037842,7.010329723358154,8.954451560974121,-0.11611559242010117,-0.49136069416999817,-0.009054886177182198,-19.37375259399414,-64.62075805664062,52.45989227294922,85.45890801243377,843204647,1720698438
2.0,0,2.6743643283843994,3.950493097305298,7.810005187988281,-0.13662225008010864,-0.49801871180534363,0.011185446754097939,-19.199214935302734,-64.44563293457031,51.616485595703125,84.77093277604507,855204647,1720698438
2.0,0,4.185128211975098,4.855515480041504,7.661562442779541,-0.13023056089878082,-0.49136069416999817,-0.002130561275407672,-19.199214935302734,-64.44563293457031,51.616485595703125,84.77093277604507,868204647,1720698438
2.0,0,5.897008895874023,6.459654808044434,8.090130805969238,-0.11877879500389099,-0.50813889503479,-0.00878856610506773,-19.199214935302734,-64.44563293457031,51.616485595703125,84.77093277604507,880204647,1720698438
2.0,0,2.942518949508667,3.5674149990081787,7.2856669425964355,-0.1326274424791336,-0.49642080068588257,-0.004793763160705566,-19.199214935302734,-64.44563293457031,51.616485595703125,84.77093277604507,893204647,1720698438
2.0,0,6.083759307861328,4.0390801429748535,7.410167217254639,-0.12250728160142899,-0.5116010308265686,-0.007989604957401752,-19.199214935302734,-64.44563293457031,51.616485595703125,84.77093277604507,905204647,1720698438
2.0,0,5.552238464355469,5.331968307495117,7.829158782958984,-0.14780768752098083,-0.4892301559448242,0.0015979211311787367,-19.199214935302734,-64.44563293457031,51.616485595703125,84.77093277604507,918204647,1720698438
2.0,0,2.6935181617736816,2.650421619415283,6.572184085845947,-0.16431954503059387,-0.4860343039035797,0.006924324203282595,-19.199214935302734,-64.44563293457031,51.616485595703125,84.77093277604507,930204647,1720698438
2.0,0,7.2329936027526855,5.231410980224609,7.735783576965332,-0.12330623716115952,-0.5339719653129578,-0.01145176775753498,-19.199214935302734,-65.49637603759766,50.9417610168457,85.16717761959573,943204647,1720698438
2.0,0,5.806027889251709,4.908188343048096,7.194685935974121,-0.1219746395945549,-0.49322494864463806,-0.013582328334450722,-20.77005958557129,-64.97100830078125,49.760990142822266,84.43212323992819,955204647,1720698438
2.0,0,4.644822120666504,2.6408448219299316,6.0717878341674805,-0.15659627318382263,-0.5009482502937317,0.0018642412032932043,-20.246444702148438,-65.14613342285156,51.616485595703125,85.54647162961521,968204647,1720698438
2.0,0,4.644822120666504,2.6408448219299316,6.0717878341674805,-0.15659627318382263,-0.5009482502937317,0.0018642412032932043,-20.07190704345703,-63.57001495361328,51.7851676940918,84.41405005488721,980204647,1720698438
2.0,0,7.197080135345459,3.7733194828033447,7.513119697570801,-0.11265343427658081,-0.5054756999015808,-0.025566738098859787,-19.548290252685547,-64.44563293457031,50.9417610168457,84.44192247715607,993204647,1720698438
2.0,0,6.507539749145508,-3.636847972869873,13.558570861816406,0.08974990248680115,-0.28229936957359314,-0.08468981087207794,-21.119136810302734,-65.67150115966797,52.45989227294922,86.66489659294582,5204647,1720698439
2.0,0,37.59193420410156,10.412542343139648,30.51456642150879,-0.09294573962688446,-0.36858710646629333,-0.050068192183971405,-22.340904235839844,-65.49637603759766,52.62857437133789,86.94054357141326,18204647,1720698439
2.0,0,-7.065396785736084,1.0558589696884155,21.967134475708008,-0.23356278240680695,0.13555696606636047,0.13023056089878082,-21.9918270111084,-65.14613342285156,50.60439682006836,85.37250220508615,30204647,1720698439
2.0,0,7.608889102935791,7.841130256652832,10.134810447692871,-0.3520752489566803,0.09081517904996872,0.143812894821167,-20.944597244262695,-64.79588317871094,52.62857437133789,86.06363617110873,43204647,1720698439
2.0,0,-0.37110692262649536,-0.22745263576507568,-1.6232936382293701,-0.21651829779148102,0.07057484239339828,0.05353035405278206,-23.21359634399414,-63.92026138305664,50.09835433959961,84.46606406146944,55204647,1720698439
2.0,0,-0.7350311875343323,1.8100440502166748,-0.617713451385498,-0.21651829779148102,0.07057484239339828,0.05353035405278206,-21.642751693725586,-66.89736938476562,50.9417610168457,86.82585874597187,68204647,1720698439
2.0,0,3.095750093460083,2.068621873855591,5.15718936920166,0.07616756856441498,0.007456964813172817,-0.06524843722581863,-22.51544189453125,-65.32125091552734,51.44780349731445,86.14341199171052,80204647,1720698439
2.0,0,5.643219470977783,3.4357316493988037,8.892200469970703,0.10413118451833725,0.023968815803527832,-0.07217276096343994,-21.119136810302734,-64.97100830078125,51.44780349731445,85.52266567367245,93204647,1720698439
2.0,0,22.49626350402832,24.754030227661133,32.00857162475586,0.3957517743110657,-0.021039292216300964,-0.24554719030857086,-20.944597244262695,-65.14613342285156,51.27912139892578,85.51165502502054,105204647,1720698439
2.0,0,-6.596126079559326,-8.087737083435059,25.735666275024414,0.3326338827610016,0.45514118671417236,-0.09374470263719559,-21.29367446899414,-65.14613342285156,51.616485595703125,85.80035464723265,118204647,1720698439
2.0,0,37.704463958740234,13.771658897399902,14.80596923828125,0.2913542687892914,0.21944782137870789,-0.18482619524002075,-21.29367446899414,-66.1968765258789,51.616485595703125,86.60085807557209,130204647,1720698439
2.0,0,-7.0534257888793945,7.000752925872803,27.05010414123535,0.5358362197875977,0.5275802612304688,-0.1957453191280365,-20.246444702148438,-65.49637603759766,52.62857437133789,86.42604143135907,143204647,1720698439
2.0,0,8.784460067749023,3.5267128944396973,16.7860050201416,0.421584814786911,0.721461296081543,-0.06950956583023071,-21.29367446899414,-65.14613342285156,52.29121017456055,86.20794588586098,156204647,1720698439
2.0,0,9.64877986907959,5.954470157623291,13.702225685119629,0.6223902702331543,0.5262486338615417,-0.23729127645492554,-19.897367477416992,-65.49637603759766,54.31538772583008,87.38330418562244,168204647,1720698439
2.0,0,-2.039891004562378,15.07172966003418,7.125253200531006,0.3408898115158081,0.7057484984397888,-0.044741787016391754,-20.944597244262695,-65.14613342285156,52.96593475341797,86.53372231665342,181204647,1720698439
2.0,0,-6.299240589141846,-8.111679077148438,-14.815546035766602,0.38057151436805725,0.6285156011581421,-0.1131860762834549,-21.119136810302734,-65.67150115966797,53.80934143066406,87.48833767639168,193204647,1720698439
2.0,0,7.99196720123291,7.422138690948486,0.5267323851585388,0.9425070881843567,0.3544721305370331,-0.37364718317985535,-19.722829818725586,-64.62075805664062,54.146705627441406,86.58347485622237,206204647,1720698439
2.0,0,6.339942932128906,7.197080135345459,9.227394104003906,0.7960309386253357,0.5025461316108704,-0.30919772386550903,-18.85013771057129,-66.547119140625,54.31538772583008,87.94320952427933,218204647,1720698439
2.0,0,6.4093756675720215,5.06381368637085,10.45803165435791,0.7739263772964478,0.4572717547416687,-0.26285800337791443,-18.15198516845703,-67.24761962890625,55.32747268676758,88.95429244963367,231204647,1720698439
2.0,0,6.581760883331299,9.799616813659668,13.98235034942627,0.7225266695022583,0.5731210112571716,-0.23169854283332825,-18.85013771057129,-66.547119140625,56.339561462402344,89.20758344109457,243204647,1720698439
2.0,0,10.881813049316406,8.06618881225586,8.29124641418457,0.6551476120948792,0.49189335107803345,-0.20719709992408752,-20.420982360839844,-65.67150115966797,56.84560775756836,89.22547677918746,256204647,1720698439
2.0,0,3.06701922416687,4.367090702056885,4.587360382080078,0.565131425857544,0.550483763217926,-0.16991227865219116,-17.62837028503418,-66.37199401855469,56.17087936401367,88.71960728853523,268204647,1720698439
2.0,0,0.217875674366951,4.891428470611572,5.940104961395264,0.6389020681381226,0.5305097699165344,-0.20187069475650787,-18.501060485839844,-66.89736938476562,55.66483688354492,88.97258754793043,281204647,1720698439
2.0,0,7.857889652252197,8.964028358459473,7.623254299163818,0.7116075158119202,0.5118674039840698,-0.20719709992408752,-16.93021583557129,-67.07249450683594,56.508243560791016,89.32263608925929,293204647,1720698439
2.0,0,7.740571975708008,4.546658515930176,4.546658515930176,0.7235919237136841,0.48816487193107605,-0.21545302867889404,-16.93021583557129,-69.17398071289062,57.18296813964844,91.33216115458147,306204647,1720698439
2.0,0,1.6687840223312378,8.070977210998535,7.9823899269104,0.6663330793380737,0.5526143312454224,-0.1763039529323578,-17.104755401611328,-67.24761962890625,58.02637481689453,90.45371842823124,318204647,1720698439
2.0,0,2.964066982269287,5.580969333648682,7.426927089691162,0.6383694410324097,0.5659303665161133,-0.16991227865219116,-17.977445602416992,-66.72224426269531,57.18296813964844,89.69357989900217,331204647,1720698439
2.0,0,5.221833229064941,10.34789752960205,8.60728645324707,0.689236581325531,0.5113347172737122,-0.18056508898735046,-17.62837028503418,-68.12323760986328,59.20714569091797,91.96206305983873,343204647,1720698439
2.0,0,1.9776407480239868,4.635245323181152,4.532293319702148,0.691899836063385,0.5464890003204346,-0.17284178733825684,-19.024675369262695,-67.07249450683594,58.869781494140625,91.24861075897665,356204647,1720698439
2.0,0,4.417369842529297,9.567376136779785,7.345522880554199,0.6679309606552124,0.5374341011047363,-0.1744397133588791,-16.581140518188477,-68.4734878540039,60.893959045410156,93.1215711207689,368204647,1720698439
2.0,0,3.248981475830078,1.5131585597991943,5.592940330505371,0.6325104236602783,0.5214548707008362,-0.1539330631494522,-15.882987022399902,-68.82373046875,59.88187026977539,92.60028908915501,381204647,1720698439
2.0,0,4.616091251373291,14.307968139648438,9.507519721984863,0.7496913075447083,0.5209222435951233,-0.17151018977165222,-15.010294914245605,-69.69935607910156,59.71318817138672,92.99986039153745,393204647,1720698439
2.0,0,0.24660654366016388,2.272132158279419,3.6799440383911133,0.6572781801223755,0.5592723488807678,-0.13422536849975586,-16.406600952148438,-69.69935607910156,60.38791275024414,93.66897458057032,406204647,1720698439
2.0,0,7.855495452880859,9.675116539001465,7.692687511444092,0.6775184869766235,0.4972197711467743,-0.1456771343946457,-16.057525634765625,-69.34910583496094,60.38791275024414,93.34796524804848,418204647,1720698439
2.0,0,1.4963988065719604,2.217064619064331,6.0981245040893555,0.629048228263855,0.5400972962379456,-0.13795384764671326,-16.057525634765625,-67.94811248779297,60.725276947021484,92.5329637505326,431204647,1720698439
2.0,0,5.408584117889404,12.816356658935547,7.393407821655273,0.7574145793914795,0.5211885571479797,-0.14834032952785492,-16.057525634765625,-67.94811248779297,60.725276947021484,92.5329637505326,443204647,1720698439
2.0,0,2.918576240539551,2.145237445831299,1.6711782217025757,0.6301134824752808,0.5318413972854614,-0.12810000777244568,-16.057525634765625,-67.94811248779297,60.725276947021484,92.5329637505326,456204647,1720698439
2.0,0,1.6328704357147217,10.05340576171875,9.318374633789062,0.6807143688201904,0.5422278642654419,-0.11398503184318542,-16.057525634765625,-67.94811248779297,60.725276947021484,92.5329637505326,468204647,1720698439
2.0,0,1.563437581062317,2.8754801750183105,6.088547706604004,0.6218576431274414,0.5709904432296753,-0.10679438710212708,-16.057525634765625,-67.94811248779297,60.725276947021484,92.5329637505326,481204647,1720698439
2.0,0,4.055839538574219,11.238554954528809,6.6464056968688965,0.7765896320343018,0.5073399543762207,-0.1544657051563263,-16.057525634765625,-67.94811248779297,60.725276947021484,92.5329637505326,493204647,1720698439
2.0,0,1.6687840223312378,0.03830781206488609,0.5746171474456787,0.6077426075935364,0.540363609790802,-0.09347837418317795,-16.057525634765625,-67.94811248779297,60.725276947021484,92.5329637505326,506204647,1720698439
2.0,0,5.070996284484863,10.592109680175781,7.984784126281738,0.6945629715919495,0.506807267665863,-0.11212079226970673,-14.661218643188477,-67.59786224365234,65.11099243164062,94.9940190088215,518204647,1720698439
2.0,0,2.6935181617736816,3.639242172241211,7.474811553955078,0.6151995658874512,0.563267171382904,-0.08602141588926315,-15.184833526611328,-68.12323760986328,64.94230651855469,95.33550150720717,531204647,1720698439
2.0,0,2.5331039428710938,12.157941818237305,7.319186210632324,0.8301199674606323,0.4708540737628937,-0.1094575896859169,-14.835756301879883,-68.82373046875,64.60494995117188,95.55419979716925,543204647,1720698439
2.0,0,6.009538173675537,15.3638277053833,9.677511215209961,0.8301199674606323,0.4708540737628937,-0.1094575896859169,-15.70844841003418,-69.69935607910156,64.0988998413086,95.98658526147395,556204647,1720698439
2.0,0,6.009538173675537,15.3638277053833,9.677511215209961,0.694296658039093,0.5142642855644226,-0.0751022920012474,-15.533909797668457,-68.4734878540039,64.94230651855469,95.6421667908273,568204647,1720698439
2.0,0,1.3982350826263428,5.648007869720459,6.016720771789551,0.568859875202179,0.5938939452171326,-0.0663137212395668,-15.882987022399902,-68.12323760986328,65.95439910888672,96.1406653868067,581204647,1720698439
2.0,0,4.716649055480957,9.773280143737793,7.697475910186768,0.8426370024681091,0.46552765369415283,-0.08841829746961594,-14.835756301879883,-69.17398071289062,66.96648406982422,97.4148308081996,594204647,1720698439
2.0,0,-0.435751348733902,2.3152284622192383,2.4086036682128906,0.6165311932563782,0.5587397217750549,-0.06365051865577698,-15.70844841003418,-70.7500991821289,65.11099243164062,97.4257318225783,606204647,1720698439
2.0,0,3.433337450027466,4.58496618270874,2.916182041168213,0.7259887456893921,0.5235854387283325,-0.061519961804151535,-15.010294914245605,-68.64861297607422,67.80989074707031,97.65307112467617,619204647,1720698439
2.0,0,2.9281532764434814,8.624046325683594,7.036666393280029,0.5821758508682251,0.5813769102096558,-0.059389397501945496,-15.359371185302734,-67.94811248779297,67.80989074707031,97.21644694696101,631204647,1720698439
2.0,0,6.598520278930664,12.18667221069336,7.874650001525879,0.8245272636413574,0.4889638423919678,-0.06072099879384041,-14.661218643188477,-70.39984893798828,66.46044158935547,97.91874365435393,644204647,1720698439
2.0,0,0.8643199801445007,6.260932922363281,3.610511064529419,0.6213249564170837,0.5603376030921936,-0.05459563434123993,-16.057525634765625,-67.94811248779297,67.13516998291016,96.86031782313727,656204647,1720698439
2.0,0,2.2625551223754883,7.786062717437744,3.7206461429595947,0.7012210488319397,0.5462226867675781,-0.0375511460006237,-14.137603759765625,-68.4734878540039,68.31593322753906,97.75252995043215,669204647,1720698439
2.0,0,3.8283870220184326,14.501900672912598,10.934486389160156,0.6697952747344971,0.5456900000572205,-0.0375511460006237,-14.312141418457031,-67.94811248779297,68.14725494384766,97.29250607841001,681204647,1720698439
2.0,0,4.450888633728027,8.190689086914062,4.443706035614014,0.8290547132492065,0.485235333442688,-0.03595322370529175,-15.70844841003418,-68.99885559082031,69.15933990478516,98.94752003137415,694204647,1720698439
2.0,0,3.4716453552246094,9.713424682617188,4.661581516265869,0.6402336955070496,0.5614029169082642,-0.03195841982960701,-16.406600952148438,-69.34910583496094,69.83406829833984,99.77611001642049,706204647,1720698439
2.0,0,3.4716453552246094,9.713424682617188,4.661581516265869,0.6402336955070496,0.5614029169082642,-0.03195841982960701,-15.010294914245605,-69.69935607910156,69.4967041015625,99.56455730948716,719204647,1720698439
2.0,0,4.450888633728027,16.970361709594727,12.284835815429688,0.7209286689758301,0.5291782021522522,-0.03222474083304405,-16.406600952148438,-67.59786224365234,67.80989074707031,97.14334160324344,731204647,1720698439
2.0,0,3.6512134075164795,3.744588851928711,1.731034278869629,0.7763233184814453,0.48869749903678894,-0.006924324203282595,-15.533909797668457,-70.22472381591797,69.3280258178711,99.89589257035274,744204647,1720698439
2.0,0,2.0494680404663086,9.761309623718262,4.611302852630615,0.662604570388794,0.5888339281082153,-0.014114969410002232,-15.010294914245605,-68.64861297607422,69.4967041015625,98.83184151846805,756204647,1720698439
2.0,0,4.5538411140441895,0.8667142391204834,0.8451660871505737,0.5978887677192688,0.5432931184768677,-0.001065280637703836,-15.882987022399902,-68.82373046875,70.3401107788086,99.68302933179717,769204647,1720698439
2.0,0,2.7509799003601074,16.52263832092285,11.183486938476562,0.7933678030967712,0.5211885571479797,-0.008522245101630688,-15.70844841003418,-67.59786224365234,70.84615325927734,99.17360416461388,781204647,1720698439
2.0,0,2.1284778118133545,3.560232400894165,1.120503544807434,0.7321141362190247,0.5195906758308411,-0.004527443088591099,-16.93021583557129,-66.72224426269531,70.00274658203125,98.177770481499,794204647,1720698439
2.0,0,0.9768491983413696,11.834718704223633,5.724623203277588,0.7201297283172607,0.563267171382904,0.006391684524714947,-16.23206329345703,-68.4734878540039,72.36428833007812,100.93903428889092,806204647,1720698439
2.0,0,1.4724565744400024,2.2026991844177246,0.47405916452407837,0.5715230703353882,0.5640661120414734,0.010652806609869003,-16.23206329345703,-66.0217514038086,70.67747497558594,98.06965384925998,819204647,1720698439
2.0,0,2.269737958908081,16.666292190551758,10.79322624206543,0.8157386779785156,0.523851752281189,0.023169854655861855,-16.23206329345703,-68.82373046875,70.67747497558594,99.97745357490616,831204647,1720698439
2.0,0,5.070996284484863,2.092564105987549,-0.8954451084136963,0.6887039542198181,0.5270476341247559,0.015979209914803505,-15.70844841003418,-66.547119140625,72.19561004638672,99.43581109106104,844204647,1720698439
2.0,0,1.3240137100219727,9.119653701782227,4.611302852630615,0.6913671493530273,0.5331729650497437,0.0287625789642334,-16.23206329345703,-67.77298736572266,72.02692413330078,100.22243010095826,856204647,1720698439
2.0,0,-0.6679925322532654,8.36307430267334,21.648700714111328,-0.03648586571216583,0.371516615152359,0.03169209882616997,-15.184833526611328,-65.67150115966797,72.36428833007812,98.8934550883619,869204647,1720698439
2.0,0,-8.975998878479004,-39.22719955444336,-26.99982452392578,-0.1395517736673355,0.2684507369995117,0.015979209914803505,-15.882987022399902,-67.42274475097656,72.36428833007812,100.17327993046719,881204647,1720698439
2.0,0,-0.7110887169837952,3.095750093460083,20.415668487548828,0.23063325881958008,-0.09454365819692612,-0.010919126681983471,-17.104755401611328,-67.59786224365234,71.85824584960938,100.1281735269532,894204647,1720698439
2.0,0,0.8882623910903931,-19.18024253845215,-8.774883270263672,0.11558295786380768,-0.08895093947649002,0.005060083232820034,-16.057525634765625,-65.84662628173828,72.19561004638672,99.02438301836571,907066385,1720698439
2.0,0,8.432506561279297,24.445173263549805,11.118842124938965,0.25034093856811523,-0.10706070810556412,0.005859043914824724,-15.184833526611328,-67.07249450683594,73.03901672363281,100.31947294795538,920066385,1720698439
2.0,0,9.225000381469727,20.796354293823242,5.628854274749756,-0.07483596354722977,-0.04767131060361862,-0.00825592502951622,-15.882987022399902,-68.4734878540039,73.37637329101562,101.6119086179795,932066385,1720698439
2.0,0,4.9129767417907715,18.035795211791992,6.593731880187988,-0.28309834003448486,0.01864241249859333,-0.009054886177182198,-16.057525634765625,-68.2983627319336,71.52088165283203,100.18855719977375,945066385,1720698439
2.0,0,1.8938424587249756,5.698287010192871,4.369484901428223,-0.3257095515727997,0.02689833752810955,-0.025034096091985703,-16.93021583557129,-68.4734878540039,73.71373748779297,102.02433945657626,957066385,1720698439
2.0,0,1.0079742670059204,1.7980729341506958,4.539475917816162,-0.24661247432231903,0.030360499396920204,-0.016245530918240547,-16.406600952148438,-66.89736938476562,73.54505920410156,100.76363589479897,970066385,1720698439
2.0,0,2.1500258445739746,-0.289702832698822,1.8363807201385498,-0.09747318178415298,0.02370249480009079,-0.015712888911366463,-15.882987022399902,-69.87448120117188,72.02692413330078,101.60014862189381,982066385,1720698439
2.0,0,1.261763572692871,9.08613395690918,5.427738189697266,0.038882747292518616,0.009321206249296665,0.0018642412032932043,-16.057525634765625,-66.1968765258789,72.53296661376953,99.503275509341,995066385,1720698439
2.0,0,-1.1947249174118042,20.008649826049805,12.861847877502441,-0.2495419979095459,0.056459877640008926,-0.03302370011806488,-16.581140518188477,-68.82373046875,71.68955993652344,100.75233545884406,7066385,1720698440
2.0,0,5.236199378967285,39.22600173950195,21.8234806060791,-0.7038841843605042,0.11345238983631134,-0.1075933501124382,-15.184833526611328,-68.82373046875,72.70165252685547,101.25618660112417,20066385,1720698440
2.0,0,2.454094171524048,21.792356491088867,5.410978317260742,-1.9057871103286743,0.2681844234466553,-0.19121788442134857,-16.406600952148438,-66.89736938476562,71.52088165283203,99.29587653977994,32066385,1720698440
2.0,0,2.138054609298706,29.480255126953125,15.17947006225586,-1.7851442098617554,0.2788372337818146,-0.1970769315958023,-15.882987022399902,-66.72224426269531,71.01483917236328,98.72808384082578,45066385,1720698440
2.0,0,3.1412405967712402,0.5889825820922852,1.223455786705017,-2.315920352935791,0.3347644507884979,-0.2170509397983551,-15.882987022399902,-66.72224426269531,71.01483917236328,98.72808384082578,57066385,1720698440
2.0,0,3.196308135986328,1.663995623588562,5.351122856140137,-1.9752966165542603,0.3352971076965332,-0.21944782137870789,-15.882987022399902,-66.72224426269531,71.01483917236328,98.72808384082578,70066385,1720698440
2.0,0,0.9960030913352966,2.142843246459961,4.106118679046631,-1.9406750202178955,0.32491061091423035,-0.20746341347694397,-15.882987022399902,-66.72224426269531,71.01483917236328,98.72808384082578,82066385,1720698440
2.0,0,0.4884245991706848,4.539475917816162,3.3351738452911377,-1.801655888557434,0.3190515637397766,-0.19547900557518005,-15.882987022399902,-66.72224426269531,71.01483917236328,98.72808384082578,95066385,1720698440
2.0,0,1.0630418062210083,12.371027946472168,7.786062717437744,-1.7622405290603638,0.2681844234466553,-0.2170509397983551,-15.882987022399902,-66.72224426269531,71.01483917236328,98.72808384082578,107066385,1720698440
2.0,0,1.0510705709457397,9.34950065612793,7.2066569328308105,-1.9097819328308105,0.286294162273407,-0.2189151793718338,-15.882987022399902,-66.72224426269531,71.01483917236328,98.72808384082578,120066385,1720698440
2.0,0,4.443706035614014,9.902568817138672,7.247358798980713,-1.8961995840072632,0.3001428544521332,-0.2388891875743866,-13.090373992919922,-63.219764709472656,63.592857360839844,90.62090293365941,133066385,1720698440
2.0,0,2.4133920669555664,6.320788860321045,6.193894386291504,-1.9313538074493408,0.3470151722431183,-0.20187069475650787,-12.56675910949707,-63.74513626098633,64.43626403808594,91.50627276112698,145066385,1720698440
2.0,0,2.1596028804779053,4.558629512786865,4.829178333282471,-1.8874109983444214,0.336362361907959,-0.20932765305042267,-12.217681884765625,-62.694393157958984,62.07472610473633,89.0681217106328,158066385,1720698440
2.0,0,-0.09098105132579803,6.265721797943115,7.295243740081787,-1.850658893585205,0.336362361907959,-0.2151867002248764,-12.56675910949707,-63.04464340209961,62.07472610473633,89.36342717908744,170066385,1720698440
2.0,0,0.47405916452407837,6.5626068115234375,6.395010471343994,-1.8708992004394531,0.32863909006118774,-0.217583566904068,-10.9959135055542,-62.16902160644531,59.88187026977539,87.01572127110424,183066385,1720698440
2.0,0,2.8539319038391113,6.277692794799805,6.584155082702637,-1.8306849002838135,0.29428377747535706,-0.22876903414726257,-9.774145126342773,-60.943153381347656,58.02637481689453,84.71518182359056,195066385,1720698440
2.0,0,2.3655073642730713,6.634434223175049,7.632831573486328,-1.884747862815857,0.3310359716415405,-0.22157837450504303,-11.344990730285645,-62.16902160644531,58.1950569152832,85.90902578626988,208066385,1720698440
2.0,0,2.3319880962371826,7.1060991287231445,7.850707054138184,-1.85625159740448,0.33742767572402954,-0.2138551026582718,-10.64683723449707,-60.417781829833984,57.18296813964844,83.8662944787436,220066385,1720698440
2.0,0,1.0390993356704712,6.464443206787109,7.848312854766846,-1.902058720588684,0.3597985506057739,-0.21305613219738007,-10.123222351074219,-60.5929069519043,57.014286041259766,83.8129394332761,233066385,1720698440
2.0,0,0.9217816591262817,5.913768291473389,6.792453765869141,-1.8442671298980713,0.3491457402706146,-0.21492037177085876,-9.948683738708496,-58.31629180908203,55.15879440307617,80.8842308394886,245066385,1720698440
2.0,0,1.3264079093933105,6.229808330535889,8.525882720947266,-1.8615779876708984,0.3297043740749359,-0.22557318210601807,-8.72691535949707,-58.141170501708984,54.9901123046875,80.50134912088595,258066385,1720698440
2.0,0,1.9704581499099731,5.2984490394592285,7.654379844665527,-1.8703665733337402,0.35367318987846375,-0.2207794189453125,-10.9959135055542,-57.61579895019531,54.484066009521484,80.05625429297108,270066385,1720698440
2.0,0,2.0566506385803223,4.611302852630615,7.522696495056152,-1.823227882385254,0.35500478744506836,-0.22131206095218658,-9.425068855285645,-57.090423583984375,53.30329895019531,78.67267674929796,283066385,1720698440
2.0,0,1.4006292819976807,5.633642673492432,8.209842681884766,-1.8735624551773071,0.36432600021362305,-0.20906133949756622,-8.901453971862793,-56.91530227661133,52.45989227294922,77.91423370181258,295066385,1720698440
2.0,0,0.3663184642791748,5.173948764801025,8.49954605102539,-1.8394734859466553,0.3544721305370331,-0.22317631542682648,-7.679685592651367,-56.389930725097656,51.27912139892578,76.60515745972367,308066385,1720698440
2.0,0,0.897839367389679,4.79805326461792,8.279275894165039,-1.8786224126815796,0.38190311193466187,-0.217583566904068,-9.075992584228516,-55.33918380737305,50.267032623291016,75.30984978478044,320066385,1720698440
2.0,0,1.7070918083190918,4.2138590812683105,7.582552433013916,-1.8237605094909668,0.3611301779747009,-0.21944782137870789,-7.330609321594238,-52.887451171875,49.92967224121094,73.10124824240731,333066385,1720698440
2.0,0,1.996794581413269,5.109303951263428,8.985576629638672,-1.8463977575302124,0.3701850473880768,-0.21625196933746338,-6.632455825805664,-52.186954498291016,47.230770111083984,70.69804336312303,345066385,1720698440
2.0,0,-0.12450038641691208,2.8539319038391113,7.565793037414551,-1.8650401830673218,0.38749587535858154,-0.20666444301605225,-6.1088409423828125,-53.41282272338867,48.41154098510742,72.34586974729251,358066385,1720698440
2.0,0,1.0462820529937744,2.6384506225585938,8.360679626464844,-1.8269562721252441,0.3683207929134369,-0.21172453463077545,-6.632455825805664,-52.186954498291016,46.55604553222656,70.2490787532955,370066385,1720698440
2.0,0,1.067830204963684,3.4644627571105957,8.731786727905273,-1.8602464199066162,0.38003888726234436,-0.20240333676338196,-5.759764194488525,-51.31133270263672,46.05000305175781,69.18547917275482,383066385,1720698440
2.0,0,1.058253288269043,3.4764339923858643,8.384622573852539,-1.835212230682373,0.3840336799621582,-0.21864885091781616,-5.759764194488525,-49.910343170166016,46.05000305175781,68.15291644534922,395066385,1720698440
2.0,0,1.1133207082748413,2.9257590770721436,8.877835273742676,-1.874627709388733,0.4002791941165924,-0.2101266235113144,-5.585226058959961,-49.7352180480957,45.88132095336914,67.89611385673985,408066385,1720698440
2.0,0,1.237821102142334,2.3104398250579834,7.956053733825684,-1.8205647468566895,0.3872295022010803,-0.21918150782585144,-5.061611175537109,-48.15909957885742,45.03791427612305,66.13117647737741,420066385,1720698440
2.0,0,0.18435634672641754,2.9281532764434814,9.155567169189453,-1.853055715560913,0.40507298707962036,-0.19840852916240692,-5.236149311065674,-47.28348159790039,44.869232177734375,65.3941349651954,433066385,1720698440
2.0,0,-0.3950493037700653,2.5163443088531494,8.865863800048828,-1.8666380643844604,0.41812267899513245,-0.211458221077919,-4.363457679748535,-46.407859802246094,43.35110092163086,63.655692325708856,445066385,1720698440
2.0,0,0.308856725692749,1.1181093454360962,8.36546802520752,-1.8234941959381104,0.40240976214408875,-0.20852869749069214,-4.887072563171387,-45.53224182128906,42.17033004760742,62.252753030160754,458066385,1720698440
2.0,0,0.46448221802711487,2.8994224071502686,9.576952934265137,-1.8661054372787476,0.41679105162620544,-0.20799605548381805,-4.537996292114258,-45.18199157714844,42.17033004760742,61.97049708973534,470066385,1720698440
2.0,0,0.38068386912345886,0.9409356117248535,8.451661109924316,-1.8394734859466553,0.41572579741477966,-0.20213700830936432,-3.4907662868499756,-42.380008697509766,41.49560546875,59.414946433440186,483066385,1720698440
2.0,0,0.7039060592651367,2.1500258445739746,9.610472679138184,-1.8517241477966309,0.4277102053165436,-0.2050665318965912,-2.7926130294799805,-42.380008697509766,40.82088088989258,58.90847257704296,495066385,1720698440
2.0,0,1.1947249174118042,1.4772449731826782,8.444478034973145,-1.8112435340881348,0.4082688093185425,-0.2032022923231125,-3.4907662868499756,-42.73025894165039,39.80879211425781,58.50470415347895,508066385,1720698440
2.0,0,0.48603036999702454,2.8994224071502686,10.163541793823242,-1.8296196460723877,0.42691123485565186,-0.186424121260643,-2.967151403427124,-40.103397369384766,38.628021240234375,55.76029495038234,520066385,1720698440
2.0,0,-0.6799636483192444,-0.2442122995853424,8.547430038452148,-1.8602464199066162,0.44262412190437317,-0.20879501104354858,-3.4907662868499756,-38.177032470703125,40.82088088989258,56.00013905487491,533066385,1720698440
2.0,0,0.49321308732032776,0.05746171623468399,8.846710205078125,-1.8264236450195312,0.430107057094574,-0.18056508898735046,-2.618074655532837,-36.95116424560547,39.977474212646484,54.50175500321499,545066385,1720698440
2.0,0,0.8212237358093262,0.3567414879798889,9.052614212036133,-1.8567842245101929,0.4407598674297333,-0.19441372156143188,-0.8726915717124939,-35.900421142578125,38.2906608581543,52.49549064203513,558066385,1720698440
2.0,0,0.44532832503318787,1.0774072408676147,9.550616264343262,-1.8168362379074097,0.4372977018356323,-0.18669043481349945,-1.7453831434249878,-34.32430648803711,38.121978759765625,51.32727971324878,570066385,1720698440
2.0,0,0.22745263576507568,1.1372631788253784,9.35189437866211,-1.8458651304244995,0.4623318314552307,-0.1882883608341217,-0.34907662868499756,-33.974056243896484,37.78461456298828,50.81373288619644,583066385,1720698440
2.0,0,0.7422138452529907,-0.7733389735221863,8.62883472442627,-1.8205647468566895,0.4386293292045593,-0.18189668655395508,-1.2217681407928467,-33.44868469238281,37.27857208251953,50.099891831738574,595066385,1720698440
2.0,0,0.04788476601243019,0.2250583916902542,9.572164535522461,-1.838674545288086,0.4578043818473816,-0.18562515079975128,-1.2217681407928467,-32.39794158935547,36.94121170043945,49.1505082223351,608066385,1720698440
2.0,0,-0.47645339369773865,-1.4892162084579468,8.76530647277832,-1.8455986976623535,0.4791100025177002,-0.17310811579227448,0.6981532573699951,-31.522321701049805,36.43516540527344,48.18366384476056,621066385,1720698440
2.0,0,0.617713451385498,-0.5099727511405945,9.675116539001465,-1.807515025138855,0.4586033225059509,-0.18269562721252441,-0.8726915717124939,-29.946205139160156,35.591758728027344,46.52214614750819,633066385,1720698440
2.0,0,-0.028730858117341995,-0.9385414123535156,8.952056884765625,-1.8493273258209229,0.4684571921825409,-0.16245530545711517,-0.6981532573699951,-27.669591903686523,36.43516540527344,45.7560379862261,646066385,1720698440
2.0,0,1.0007915496826172,-0.6584155559539795,4.996775150299072,-1.640798568725586,0.42131850123405457,-0.15313409268856049,0.5236149430274963,-28.89546012878418,35.254398345947266,45.58612060043547,658066385,1720698440
2.0,0,-3.1915197372436523,-39.22719955444336,-20.348630905151367,-1.1153489351272583,0.2388891875743866,-0.07803180813789368,0.5236149430274963,-28.89546012878418,35.254398345947266,45.58612060043547,671066385,1720698440
2.0,0,-3.3112316131591797,-7.84352445602417,-2.856326103210449,-0.46925613284111023,0.1494056135416031,-0.02157193422317505,0.5236149430274963,-28.89546012878418,35.254398345947266,45.58612060043547,683066385,1720698440
2.0,0,-4.053445339202881,-22.888916015625,-5.00874662399292,0.1238388791680336,-0.030626820400357246,0.0018642412032932043,0.5236149430274963,-28.89546012878418,35.254398345947266,45.58612060043547,696066385,1720698440
2.0,0,-1.8890539407730103,-0.9648780226707458,11.118842124938965,0.1113218292593956,-0.013582328334450722,0.017044490203261375,0.5236149430274963,-28.89546012878418,35.254398345947266,45.58612060043547,708066385,1720698440
2.0,0,-0.5219439268112183,1.6328704357147217,14.398948669433594,0.24421559274196625,-0.06498212367296219,-0.005326403304934502,0.5236149430274963,-28.89546012878418,35.254398345947266,45.58612060043547,721066385,1720698440
2.0,0,0.13407734036445618,4.879457473754883,16.611225128173828,-0.037817467004060745,-0.00719064474105835,-0.0013316008262336254,0.5236149430274963,-28.89546012878418,35.254398345947266,45.58612060043547,733066385,1720698440
2.0,0,0.5578575134277344,0.7517908215522766,13.022261619567871,-0.14913929998874664,0.014114969410002232,-0.0013316008262336254,1.3963065147399902,-26.268600463867188,35.760440826416016,44.39367263825995,746066385,1720698440
2.0,0,2.530709743499756,1.1013495922088623,8.892200469970703,-0.20187069475650787,0.3488794267177582,-0.015446570701897144,0.6981532573699951,-26.969097137451172,35.42307662963867,44.52655360893437,758066385,1720698440
2.0,0,12.72776985168457,-26.439573287963867,-9.1052885055542,-0.0007989605655893683,0.279103547334671,0.4103993773460388,1.3963065147399902,-26.268600463867188,34.07362747192383,43.04649964060761,771066385,1720698440
2.0,0,-14.482747077941895,-2.8180184364318848,4.568206310272217,0.3398245573043823,1.2421172857284546,0.7028189301490784,2.0944597721099854,-27.319345474243164,34.41099166870117,43.986926995431936,783066385,1720698440
2.0,0,30.868911743164062,-21.114788055419922,-6.998358726501465,0.5930950045585632,0.9398438334465027,0.8655405044555664,1.0472298860549927,-27.669591903686523,35.42307662963867,44.96106498360615,796066385,1720698440
2.0,0,-11.762892723083496,5.236199378967285,13.888976097106934,0.5920297503471375,1.0434423685073853,0.8761933445930481,1.3963065147399902,-27.319345474243164,36.43516540527344,45.56114119657002,808066385,1720698440
2.0,0,-16.3454647064209,1.8722944259643555,14.693440437316895,0.46632662415504456,1.1766024827957153,0.854621410369873,2.0944597721099854,-29.070585250854492,36.09780502319336,46.3954439148573,821066385,1720698440
2.0,0,1.8052555322647095,5.497171401977539,15.031027793884277,0.33556342124938965,1.0961737632751465,0.8082817196846008,4.363457679748535,-28.89546012878418,35.254398345947266,45.79148372472596,833066385,1720698440
2.0,0,12.35666275024414,1.8387749195098877,12.658337593078613,0.21225717663764954,1.1158815622329712,0.748359739780426,3.665304660797119,-29.245708465576172,37.27857208251953,47.5230245083532,846066385,1720698440
2.0,0,-1.769342064857483,-0.5051842927932739,9.974396705627441,0.15686258673667908,1.2112241983413696,0.8583499193191528,3.8398427963256836,-29.070585250854492,35.42307662963867,45.98518976188906,858066385,1720698440
2.0,0,-5.959259033203125,-1.8770828247070312,5.736595153808594,0.20693077147006989,1.2399866580963135,0.8586162328720093,4.188919544219971,-29.771080017089844,34.74835205078125,45.949017645396374,871066385,1720698440
2.0,0,-4.316811561584473,-1.1731767654418945,6.555424213409424,0.2921532392501831,1.11375093460083,0.81280916929245,6.1088409423828125,-30.646699905395508,36.60384750366211,48.12878353773397,883066385,1720698440
2.0,0,-3.1149041652679443,-2.068621873855591,9.047825813293457,0.28496259450912476,1.0871189832687378,0.8144071102142334,6.981532573699951,-31.522321701049805,37.4472541809082,49.44386117802346,896066385,1720698440
2.0,0,-1.1444458961486816,1.4700623750686646,10.580138206481934,0.2769729793071747,1.0823252201080322,0.7542187571525574,6.806994438171387,-30.9969482421875,37.27857208251953,48.95751127377444,908066385,1720698440
2.0,0,2.528315544128418,-0.897839367389679,10.429301261901855,0.23489437997341156,1.1457092761993408,0.804553210735321,7.85422420501709,-29.946205139160156,36.60384750366211,47.940647598574316,921066385,1720698440
2.0,0,-0.5889825820922852,0.3758954107761383,10.649571418762207,0.20613181591033936,1.1723413467407227,0.8341147899627686,7.505147457122803,-30.29645347595215,35.591758728027344,47.338944019990564,933066385,1720698440
2.0,0,-5.7102580070495605,1.6472358703613281,9.24415397644043,0.17230914533138275,1.1805973052978516,0.8157386779785156,7.156070709228516,-32.39794158935547,36.266483306884766,49.15377685052613,946066385,1720698440
2.0,0,-1.61371648311615,-0.37350115180015564,7.4412922859191895,0.1845598816871643,1.1291974782943726,0.7952319979667664,7.156070709228516,-31.347196578979492,37.615936279296875,49.48550033620742,958066385,1720698440
2.0,0,-4.23540735244751,0.4309628903865814,9.165143966674805,0.1976095587015152,1.158226490020752,0.7709969282150269,8.72691535949707,-31.872568130493164,37.10988998413086,49.69067906115844,971066385,1720698440
2.0,0,-1.9249675273895264,2.085381507873535,10.637600898742676,0.1720428317785263,1.1611559391021729,0.7853781580924988,9.250530242919922,-33.09843826293945,37.615936279296875,50.95132566861154,983066385,1720698440
2.0,0,-0.16520243883132935,0.4237801730632782,9.591318130493164,0.13422536849975586,1.1750046014785767,0.7885740399360657,8.203300476074219,-32.39794158935547,38.96538543701172,51.334413605133676,996066385,1720698440
2.0,0,-5.813210487365723,1.3479561805725098,9.624837875366211,0.13023056089878082,1.209093689918518,0.8207987546920776,9.250530242919922,-33.44868469238281,37.95329666137695,51.42800350871213,8066385,1720698441
2.0,0,-3.610511064529419,1.6232936382293701,9.284855842590332,0.13049687445163727,1.1710097789764404,0.797096312046051,10.821375846862793,-33.623809814453125,38.121978759765625,51.97064581297409,21066385,1720698441
2.0,0,-6.675136089324951,1.3048597574234009,9.502731323242188,0.09800582379102707,1.1901848316192627,0.7385058403015137,10.297760963439941,-33.44868469238281,38.96538543701172,52.37518162990441,33066385,1720698441
2.0,0,-1.3910523653030396,-0.4716649353504181,8.566584587097168,0.09667421877384186,1.1712760925292969,0.7867097854614258,11.170452117919922,-33.974056243896484,38.45934295654297,52.51796415352727,46066385,1720698441
2.0,0,-6.703866958618164,0.9672722220420837,9.59371280670166,0.08575509488582611,1.2035008668899536,0.7853781580924988,12.392220497131348,-35.19992446899414,40.652198791503906,55.18335870583057,58066385,1720698441
2.0,0,-2.8443548679351807,1.4221774339675903,9.452452659606934,0.08229293674230576,1.1971091032028198,0.7931014895439148,11.51952838897705,-35.72529602050781,38.45934295654297,53.74120738042969,71066385,1720698441
2.0,0,-5.523507595062256,-0.2633661925792694,8.355891227722168,0.0644494816660881,1.1776678562164307,0.8029553294181824,12.9158353805542,-36.776039123535156,39.13406753540039,55.23378584760095,83066385,1720698441
2.0,0,-7.951265335083008,2.0279197692871094,9.284855842590332,0.05885675922036171,1.216284155845642,0.7622083425521851,13.43945026397705,-36.60091781616211,39.30274963378906,55.36200987283312,96066385,1720698441
2.0,0,-2.5881714820861816,0.16280819475650787,8.774883270263672,0.04554075002670288,1.164884328842163,0.7680673599243164,13.264911651611328,-36.4257926940918,39.80879211425781,55.565602526330984,109066385,1720698441
2.0,0,-4.941707611083984,1.1181093454360962,9.325557708740234,0.011718087829649448,1.2098926305770874,0.7651378512382507,14.312141418457031,-36.07554626464844,39.80879211425781,55.59696358499174,121066385,1720698441
2.0,0,-5.111698150634766,1.7501882314682007,9.43808650970459,-0.001065280637703836,1.2011040449142456,0.7736600637435913,14.137603759765625,-37.65166091918945,39.977474212646484,56.707299834012304,134066385,1720698441
2.0,0,-6.4357123374938965,0.40223202109336853,8.176322937011719,-0.008522245101630688,1.2381224632263184,0.7622083425521851,14.835756301879883,-38.00190734863281,40.652198791503906,57.5920645034261,146066385,1720698441
2.0,0,-3.4141836166381836,1.5658318996429443,8.030275344848633,-0.008522245101630688,1.18592369556427,0.7560829520225525,15.882987022399902,-35.550174713134766,41.66428756713867,57.026283916851504,159066385,1720698441
2.0,0,-7.134829998016357,0.002394238254055381,8.406169891357422,-0.01864241249859333,1.2256053686141968,0.748359739780426,15.70844841003418,-39.578025817871094,39.47142791748047,58.06176970206499,171066385,1720698441
2.0,0,-1.9536983966827393,1.2019076347351074,8.547430038452148,-0.030360499396920204,1.2237411737442017,0.7371742129325867,17.104755401611328,-38.177032470703125,40.483516693115234,58.2148914751184,184066385,1720698441
2.0,0,-3.5506551265716553,0.6799636483192444,7.93929386138916,-0.06285155564546585,1.2146862745285034,0.7488923668861389,16.93021583557129,-37.65166091918945,40.652198791503906,57.93859719389656,196066385,1720698441
2.0,0,-4.067810535430908,-0.3854723572731018,7.711841106414795,-0.07989604771137238,1.2511720657348633,0.7467617392539978,17.104755401611328,-39.578025817871094,41.832969665527344,60.074871086220014,209066385,1720698441
2.0,0,-6.100518703460693,1.5778030157089233,7.7477545738220215,-0.05885675922036171,1.2389214038848877,0.7331794500350952,16.93021583557129,-39.75314712524414,42.339012145996094,60.494106027770506,221066385,1720698441
2.0,0,-5.554632663726807,1.6616014242172241,7.623254299163818,-0.07403700798749924,1.2543680667877197,0.7382395267486572,18.326522827148438,-39.40290069580078,43.013736724853516,61.14435026404437,234066385,1720698441
2.0,0,-6.907377243041992,1.5179469585418701,8.60489273071289,-0.09188045561313629,1.2293338775634766,0.7206623554229736,17.279293060302734,-39.75314712524414,41.66428756713867,60.123202954453106,246066385,1720698441
2.0,0,-5.681527137756348,-0.7302426099777222,7.764514923095703,-0.12730103731155396,1.289255976676941,0.6988241076469421,19.024675369262695,-40.80389404296875,42.67637634277344,62.033612983008524,259066385,1720698441
2.0,0,-5.382247447967529,2.604931116104126,7.898591995239258,-0.1275673657655716,1.247443675994873,0.7068137526512146,18.501060485839844,-39.22777557373047,42.17033004760742,60.49334138471614,271066385,1720698441
2.0,0,-7.625648498535156,-2.343959331512451,6.8690690994262695,-0.14807401597499847,1.2932506799697876,0.7246571779251099,18.501060485839844,-39.22777557373047,42.17033004760742,60.49334138471614,284066385,1720698441
2.0,0,-4.201888084411621,0.6344730854034424,6.632040023803711,-0.14594346284866333,1.2687492370605469,0.7014873623847961,18.501060485839844,-39.22777557373047,42.17033004760742,60.49334138471614,296066385,1720698441
2.0,0,-5.4780168533325195,-1.2593693733215332,6.2250189781188965,-0.14487817883491516,1.2812663316726685,0.7025526165962219,18.501060485839844,-39.22777557373047,42.17033004760742,60.49334138471614,309066385,1720698441
2.0,0,-4.99916934967041,-0.7254542112350464,6.866674900054932,-0.15925946831703186,1.2796684503555298,0.704416811466217,18.501060485839844,-39.22777557373047,42.17033004760742,60.49334138471614,321066385,1720698441
2.0,0,-6.299240589141846,0.2753373980522156,6.85709810256958,-0.17923347651958466,1.3153553009033203,0.6615393161773682,18.501060485839844,-39.22777557373047,42.17033004760742,60.49334138471614,334066385,1720698441
2.0,0,-3.8044445514678955,0.6296846866607666,6.423741340637207,-0.18296195566654205,1.2772715091705322,0.6761869192123413,18.501060485839844,-39.22777557373047,42.17033004760742,60.49334138471614,346066385,1720698441
2.0,0,-9.102893829345703,0.7470023036003113,7.029483795166016,-0.17364074289798737,1.3236112594604492,0.672724723815918,21.468212127685547,-41.854637145996094,42.17033004760742,63.174611347490234,359066385,1720698441
2.0,0,-8.106890678405762,0.5626459717750549,6.102912902832031,-0.19840852916240692,1.345449447631836,0.6442285180091858,21.119136810302734,-42.55513381958008,45.375274658203125,65.69530351799908,371066385,1720698441
2.0,0,-10.460427284240723,3.6009342670440674,8.020697593688965,-0.18376091122627258,1.3156217336654663,0.6665993928909302,21.29367446899414,-41.67951202392578,45.5439567565918,65.30585189698064,384066385,1720698441
2.0,0,-9.96721363067627,0.2561835050582886,6.859492301940918,-0.21864885091781616,1.3505096435546875,0.6548812985420227,21.9918270111084,-41.67951202392578,46.893409729003906,66.48168209252327,396066385,1720698441
2.0,0,-4.984804153442383,3.6727614402770996,7.17553186416626,-0.236492320895195,1.332399845123291,0.6255860328674316,21.29367446899414,-43.781002044677734,46.893409729003906,67.5957734510066,409066385,1720698441
2.0,0,-10.874629974365234,2.2074875831604004,6.70865535736084,-0.23382911086082458,1.3292039632797241,0.6269177198410034,22.864519119262695,-42.55513381958008,46.05000305175781,66.74075538997444,421066385,1720698441
2.0,0,-7.5466389656066895,-0.9864261746406555,5.552238464355469,-0.25673264265060425,1.3331987857818604,0.6428968906402588,23.388134002685547,-44.48149871826172,47.230770111083984,68.96632646180568,434066385,1720698441
2.0,0,-8.671930313110352,1.8722944259643555,6.191500186920166,-0.2471451312303543,1.322279691696167,0.6205259561538696,22.51544189453125,-42.90538024902344,47.06208801269531,67.54744189185837,446066385,1720698441
2.0,0,-9.672721862792969,1.999189019203186,6.29445219039917,-0.2815004289150238,1.3419873714447021,0.5856380462646484,24.609901428222656,-43.95612335205078,48.07417678833008,69.63414753067028,459066385,1720698441
2.0,0,-4.915370941162109,-1.132474660873413,5.310420513153076,-0.3102629780769348,1.2844622135162354,0.5920297503471375,24.086286544799805,-44.48149871826172,47.56813430786133,69.43688018100796,471066385,1720698441
2.0,0,-11.456430435180664,1.2809175252914429,5.734200954437256,-0.2913542687892914,1.3822016716003418,0.5637997984886169,24.43536376953125,-44.131248474121094,48.91758346557617,70.26794480092289,484066385,1720698441
2.0,0,-5.66716194152832,2.940124750137329,5.7677202224731445,-0.292685866355896,1.2924517393112183,0.5875023007392883,24.9589786529541,-43.25563049316406,49.760990142822266,70.49933563342152,496066385,1720698441
2.0,0,-9.378231048583984,-0.3016740083694458,4.970438480377197,-0.30999666452407837,1.3446505069732666,0.5664629936218262,22.864519119262695,-43.95612335205078,49.086265563964844,69.7451681603243,509066385,1720698441
2.0,0,-7.410167217254639,3.1340579986572266,5.810816287994385,-0.3115946054458618,1.3441178798675537,0.5424941778182983,24.609901428222656,-44.656620025634766,49.760990142822266,71.24617253168631,521066385,1720698441
2.0,0,-6.497962951660156,1.7717362642288208,5.068602085113525,-0.32437798380851746,1.3121594190597534,0.5611366033554077,25.13351821899414,-45.53224182128906,50.267032623291016,72.33016903124074,534066385,1720698441
2.0,0,-7.319186210632324,2.710277795791626,5.5091423988342285,-0.3464825451374054,1.365689754486084,0.49508920311927795,25.13351821899414,-45.18199157714844,49.92967224121094,71.87543579733463,546066385,1720698441
2.0,0,-7.36707067489624,2.1045353412628174,4.8866400718688965,-0.33796030282974243,1.3491780757904053,0.5214548707008362,25.13351821899414,-46.23273849487305,49.254947662353516,72.07780321306284,559066385,1720698441
2.0,0,-6.174740314483643,3.06701922416687,4.94649600982666,-0.3496783673763275,1.3630266189575195,0.4860343039035797,25.13351821899414,-45.18199157714844,50.60439682006836,72.34577443406745,571066385,1720698441
2.0,0,-7.350311279296875,1.999189019203186,4.8866400718688965,-0.3544721305370331,1.347313642501831,0.5150632262229919,26.35528564453125,-43.60587692260742,49.760990142822266,71.2195880610698,584066385,1720698441
2.0,0,-7.170743465423584,1.9513041973114014,4.163579940795898,-0.37551143765449524,1.3750110864639282,0.47990894317626953,25.308055877685547,-45.35711669921875,50.43571472167969,72.39839119111183,596066385,1720698441
2.0,0,-18.44281768798828,3.689521312713623,0.5626459717750549,-0.3368949890136719,1.3049689531326294,0.4836374521255493,26.180747985839844,-45.88248825073242,52.29121017456055,74.33037706548191,609066385,1720698441
2.0,0,-36.4953727722168,9.258519172668457,-6.7158379554748535,-0.30493661761283875,0.5944266319274902,0.4697887599468231,25.657133102416992,-46.75811004638672,52.122528076171875,74.57457520627575,622066385,1720698441
2.0,0,-39.22719955444336,6.497962951660156,-6.438106536865234,-0.04207858443260193,0.44821682572364807,-0.07456964999437332,26.006208419799805,-46.057613372802734,51.7851676940918,74.02249806023742,634066385,1720698441
2.0,0,-9.354289054870605,5.882643699645996,0.6799636483192444,-0.015712888911366463,-0.12250728160142899,-0.2277037501335144,26.180747985839844,-47.63372802734375,52.29121017456055,75.42396351559016,647066385,1720698441
2.0,0,-3.4213664531707764,2.652815818786621,9.339923858642578,-0.005592723377048969,-0.04980187490582466,-0.18163035809993744,26.704362869262695,-46.057613372802734,52.122528076171875,74.50627274869653,659066385,1720698441
2.0,0,-0.6775694489479065,-2.4421229362487793,7.532273769378662,-0.09161414206027985,-0.04527442902326584,-0.06231892108917236,25.8316707611084,-46.582984924316406,51.616485595703125,74.17217324590685,672066385,1720698441
2.0,0,-9.038249015808105,-0.9193874597549438,4.041474342346191,-0.07243908941745758,-0.011984407901763916,0.08948357403278351,25.308055877685547,-45.707366943359375,51.11043930053711,73.08856333720648,684066385,1720698441
2.0,0,-8.782065391540527,2.1572086811065674,3.0837788581848145,-0.061519961804151535,-0.057258836925029755,0.07323804497718811,27.053438186645508,-46.057613372802734,53.13461685180664,75.34241684008764,697066385,1720698441
2.0,0,-10.956033706665039,3.42854905128479,4.369484901428223,-0.021838253363966942,-0.03195841982960701,0.0681779608130455,26.704362869262695,-47.10835647583008,53.471981048583984,76.10238500446134,709066385,1720698441
2.0,0,-10.618447303771973,2.6743643283843994,3.7230403423309326,-0.08548877388238907,-0.055128276348114014,-0.051133476197719574,27.402515411376953,-46.75811004638672,52.7972526550293,75.66220056210209,722066385,1720698441
2.0,0,-7.357493877410889,1.5299183130264282,5.916162490844727,-0.06125364080071449,-0.013049688190221786,-0.06684636324644089,27.053438186645508,-46.407859802246094,51.7851676940918,74.61421823117084,734066385,1720698441
2.0,0,-5.664767742156982,0.3375875949859619,5.327179908752441,-0.0825592502951622,0.01757713221013546,-0.02077297307550907,26.35528564453125,-46.407859802246094,53.13461685180664,75.30988010094066,747066385,1720698441
2.0,0,-7.944082260131836,1.2282441854476929,4.304840564727783,-0.0825592502951622,0.024235136806964874,0.03408898040652275,24.9589786529541,-45.707366943359375,53.13461685180664,74.40027900674711,759066385,1720698441
2.0,0,-9.696664810180664,1.7669477462768555,2.964066982269287,-0.06018836051225662,0.01757713221013546,0.02689833752810955,26.180747985839844,-46.933231353759766,51.9538459777832,74.74865806345166,772066385,1720698441
2.0,0,-11.080534934997559,2.4564883708953857,4.077387809753418,-0.06178628280758858,-0.0013316008262336254,-0.009054886177182198,27.7515926361084,-47.10835647583008,52.122528076171875,75.53877200978125,784066385,1720698441
2.0,0,-9.162749290466309,1.9680639505386353,4.857909679412842,-0.054062992334365845,-0.0034621621016412973,-0.030626820400357246,25.482593536376953,-46.23273849487305,53.30329895019531,75.02046628120495,797066385,1720698441
2.0,0,-7.065396785736084,1.1468400955200195,5.293660640716553,-0.06871060281991959,0.007989604957401752,-0.02982785925269127,27.227977752685547,-44.48149871826172,51.616485595703125,73.37729952768012,809066385,1720698441
2.0,0,-7.707052707672119,1.2809175252914429,5.31760311126709,-0.08122765272855759,0.017310811206698418,0.007456964813172817,26.006208419799805,-45.00687026977539,53.13461685180664,74.33188249898393,822066385,1720698441
2.0,0,-8.657565116882324,1.2019076347351074,3.1053268909454346,-0.0737706869840622,0.02157193422317505,0.016778171062469482,26.8789005279541,-46.582984924316406,52.29121017456055,75.01213528203823,834066385,1720698441
2.0,0,-10.072559356689453,2.011160135269165,3.811627149581909,-0.057258836925029755,0.004261122550815344,0.010919126681983471,27.7515926361084,-44.656620025634766,51.11043930053711,73.32558633552355,847066385,1720698441
2.0,0,-8.9999418258667,2.1739683151245117,5.31760311126709,-0.06418316066265106,-0.022104574367403984,-0.007456964813172817,26.180747985839844,-45.18199157714844,52.29121017456055,73.90003105206137,859066385,1720698441
2.0,0,-8.030275344848633,2.264949321746826,5.027900218963623,-0.05992203950881958,0.03009418025612831,-0.02290353551506996,26.704362869262695,-46.407859802246094,52.122528076171875,74.72329208974608,872066385,1720698441
2.0,0,-6.5147223472595215,0.18675057590007782,3.8834545612335205,-0.07590124756097794,0.010386486537754536,-0.014114969410002232,26.006208419799805,-44.656620025634766,52.122528076171875,73.39819154134055,884066385,1720698441
2.0,0,-8.987970352172852,1.8459577560424805,4.256955623626709,-0.08655405789613724,-0.002929521957412362,0.003994802478700876,27.053438186645508,-45.00687026977539,52.122528076171875,73.98827489711033,897066385,1720698441
2.0,0,-8.645594596862793,1.9249675273895264,4.884245872497559,-0.06658004224300385,0.012783369049429893,0.0018642412032932043,26.529823303222656,-46.23273849487305,51.27912139892578,73.96516696852174,909066385,1720698441
2.0,0,-10.163541793823242,1.1037437915802002,3.6272706985473633,-0.06977588683366776,0.029561540111899376,-0.002130561275407672,26.529823303222656,-46.23273849487305,51.27912139892578,73.96516696852174,922066385,1720698441
2.0,0,-7.920140266418457,2.2793147563934326,5.161977767944336,-0.07936341315507889,0.0007989605655893683,-0.004793763160705566,26.529823303222656,-46.23273849487305,51.27912139892578,73.96516696852174,934066385,1720698441
2.0,0,-7.470023155212402,2.784498929977417,4.843544006347656,-0.047937631607055664,0.02077297307550907,-0.02769729681313038,26.529823303222656,-46.23273849487305,51.27912139892578,73.96516696852174,947066385,1720698441
2.0,0,-7.944082260131836,0.5387036204338074,3.6200881004333496,-0.0862877368927002,0.0,0.007723285350948572,26.529823303222656,-46.23273849487305,51.27912139892578,73.96516696852174,959066385,1720698441
2.0,0,-8.217025756835938,3.4141836166381836,5.908979892730713,-0.06258523464202881,0.006924324203282595,-0.007989604957401752,26.529823303222656,-46.23273849487305,51.27912139892578,73.96516696852174,972066385,1720698441
2.0,0,-10.596898078918457,-0.5123670101165771,2.789287567138672,-0.0631178766489029,0.04261122643947601,-0.006924324203282595,26.529823303222656,-46.23273849487305,51.27912139892578,73.96516696852174,984066385,1720698441
2.0,0,-7.956053733825684,2.2338242530822754,4.905794143676758,-0.10279957950115204,-0.012783369049429893,0.011984407901763916,24.784440994262695,-46.582984924316406,53.30329895019531,75.00323112260612,997066385,1720698441
2.0,0,-8.219420433044434,2.370296001434326,4.908188343048096,-0.02290353551506996,0.03195841982960701,-0.03595322370529175,27.926130294799805,-47.28348159790039,52.29121017456055,75.82853715311397,9066385,1720698442
2.0,0,-8.36307430267334,-0.2082987278699875,2.940124750137329,-0.10306590795516968,-0.007456964813172817,0.010120166465640068,26.35528564453125,-44.306373596191406,52.7972526550293,73.79163713165009,22066385,1720698442
2.0,0,-8.274487495422363,3.737405776977539,6.160375118255615,-0.05086715519428253,0.023436175659298897,-0.019441373646259308,26.35528564453125,-46.75811004638672,53.13461685180664,75.52621693493684,34066385,1720698442
2.0,0,-8.834739685058594,-0.1987217664718628,2.908999443054199,-0.06391683965921402,0.025034096091985703,-0.0034621621016412973,25.13351821899414,-46.23273849487305,52.62857437133789,74.42396581182213,47066385,1720698442
2.0,0,-7.972813129425049,3.663184404373169,5.657585144042969,-0.08229293674230576,-0.006658004131168127,-0.004527443088591099,26.529823303222656,-46.582984924316406,52.96593475341797,75.3604422310713,60066385,1720698442
2.0,0,-10.489157676696777,0.5387036204338074,4.252167224884033,-0.0375511460006237,0.05086715519428253,-0.025034096091985703,26.8789005279541,-45.53224182128906,52.62857437133789,74.60179072397284,72066385,1720698442
2.0,0,-8.212237358093262,1.573014497756958,4.247378826141357,-0.1094575896859169,-0.010386486537754536,0.011185446754097939,25.657133102416992,-46.057613372802734,52.45989227294922,74.37494555240465,85066385,1720698442
2.0,0,-9.553009986877441,2.011160135269165,5.296054840087891,-0.04207858443260193,0.04234490543603897,-0.02290353551506996,25.8316707611084,-45.53224182128906,52.62857437133789,74.23090394129719,97066385,1720698442
2.0,0,-8.305612564086914,0.8810796737670898,3.3423564434051514,-0.09081517904996872,-0.000266320159425959,0.009321206249296665,26.8789005279541,-45.18199157714844,51.27912139892578,73.44001598525787,110066385,1720698442
2.0,0,-7.970418930053711,3.1388463973999023,5.0949387550354,-0.055128276348114014,0.013049688190221786,-0.023436175659298897,25.308055877685547,-46.057613372802734,51.7851676940918,73.78011273379731,122066385,1720698442
2.0,0,-8.492362976074219,0.32322216033935547,3.792473316192627,-0.07323804497718811,0.006658004131168127,0.0,25.482593536376953,-46.23273849487305,51.9538459777832,74.06774462584059,135066385,1720698442
2.0,0,-8.686296463012695,2.4924020767211914,5.154795169830322,-0.07217276096343994,0.011718087829649448,-0.006125363986939192,26.529823303222656,-45.88248825073242,52.29121017456055,74.45404565299913,147066385,1720698442
2.0,0,-8.60728645324707,1.0989553928375244,4.1659746170043945,-0.05859043821692467,0.0287625789642334,-0.007456964813172817,25.8316707611084,-45.88248825073242,51.27912139892578,73.49847776542498,160066385,1720698442
2.0,0,-8.195477485656738,2.5139501094818115,4.623273849487305,-0.08362453430891037,-0.0013316008262336254,-0.0018642412032932043,27.053438186645508,-46.75811004638672,51.11043930053711,74.36723995364187,172066385,1720698442
2.0,0,-9.584136009216309,0.7326369285583496,4.168368816375732,-0.05273139104247093,0.03621954470872879,-0.010120166465640068,27.402515411376953,-44.306373596191406,52.7972526550293,74.17211389757634,185066385,1720698442
2.0,0,-7.900986194610596,1.972852349281311,4.422158241271973,-0.08682037144899368,-0.007456964813172817,0.0037284824065864086,25.657133102416992,-46.75811004638672,52.45989227294922,74.81075879467197,197066385,1720698442
2.0,0,-9.433298110961914,1.3216195106506348,4.443706035614014,-0.05086715519428253,0.03701850399374962,-0.016778171062469482,25.482593536376953,-45.18199157714844,50.9417610168457,72.7037684835878,210066385,1720698442
2.0,0,-8.473209381103516,0.9744549989700317,4.043868541717529,-0.09081517904996872,0.0015979211311787367,0.013582328334450722,26.180747985839844,-46.23273849487305,50.9417610168457,73.60679784728306,222066385,1720698442
2.0,0,-9.603289604187012,1.7453995943069458,4.556235313415527,-0.05805779621005058,0.03169209882616997,-0.014913929626345634,26.35528564453125,-45.707366943359375,52.122528076171875,74.16550685696863,235066385,1720698442
2.0,0,-9.00951862335205,0.7446081042289734,4.17076301574707,-0.0769665315747261,0.007723285350948572,0.007723285350948572,26.180747985839844,-45.88248825073242,53.30329895019531,75.04582581430195,247066385,1720698442
2.0,0,-8.655171394348145,2.092564105987549,4.323994159698486,-0.06285155564546585,0.023436175659298897,-0.015979209914803505,26.006208419799805,-44.656620025634766,52.122528076171875,73.39819154134055,260066385,1720698442
2.0,0,-8.36307430267334,2.3008627891540527,4.338359355926514,-0.06285155564546585,0.018908733502030373,-0.013582328334450722,25.657133102416992,-46.057613372802734,51.7851676940918,73.90058065901057,272066385,1720698442
2.0,0,-9.339923858642578,1.4868218898773193,4.019926071166992,-0.06737900525331497,0.025300417095422745,-0.0034621621016412973,25.482593536376953,-45.53224182128906,51.9538459777832,73.63253174036436,285066385,1720698442
2.0,0,-9.050220489501953,1.0606476068496704,4.453282833099365,-0.0788307711482048,0.012517048045992851,-0.002663201652467251,27.053438186645508,-46.407859802246094,52.122528076171875,74.84875351129706,297066385,1720698442
2.0,0,-9.215423583984375,1.7477937936782837,4.187522888183594,-0.05432931333780289,0.02263721451163292,-0.013049688190221786,25.8316707611084,-44.83174514770508,51.9538459777832,73.32368443540123,310066385,1720698442
2.0,0,-8.796431541442871,0.9648780226707458,4.3982157707214355,-0.07350436598062515,0.005592723377048969,-0.0018642412032932043,25.482593536376953,-46.933231353759766,52.62857437133789,74.9790478667553,322066385,1720698442
2.0,0,-9.179509162902832,1.5251296758651733,4.364696502685547,-0.07403700798749924,0.025034096091985703,-0.006391684524714947,26.529823303222656,-45.18199157714844,52.62857437133789,74.26311821986181,335066385,1720698442
2.0,0,-8.384622573852539,1.6041396856307983,4.563417911529541,-0.06551475822925568,0.011185446754097939,-0.002130561275407672,26.006208419799805,-47.10835647583008,51.11043930053711,74.21453450451493,347066385,1720698442
2.0,0,-8.15238094329834,2.169179677963257,4.460465908050537,-0.07164012640714645,0.024501455947756767,-0.004527443088591099,25.482593536376953,-45.18199157714844,51.9538459777832,73.41646305905054,360066385,1720698442
2.0,0,-7.867466449737549,2.145237445831299,4.731014728546143,-0.06205260008573532,0.002663201652467251,-0.006125363986939192,25.8316707611084,-45.88248825073242,52.96593475341797,74.68512694434034,372066385,1720698442
2.0,0,-8.777276992797852,1.3455618619918823,4.515533447265625,-0.05912308022379875,0.015712888911366463,-0.015979209914803505,25.657133102416992,-45.00687026977539,52.45989227294922,73.72887594290971,385066385,1720698442
2.0,0,-9.038249015808105,1.2066960334777832,4.307234764099121,-0.07590124756097794,0.013049688190221786,0.0037284824065864086,26.006208419799805,-46.407859802246094,53.471981048583984,75.4272171371788,397066385,1720698442
2.0,0,-8.961633682250977,1.7813133001327515,4.606513977050781,-0.06338419765233994,0.015712888911366463,-0.006391684524714947,25.482593536376953,-47.28348159790039,51.9538459777832,74.72812266638581,409895936,1720698442
2.0,0,-9.090922355651855,1.3311964273452759,4.082176208496094,-0.07084116339683533,0.012783369049429893,-0.002663201652467251,26.529823303222656,-45.88248825073242,52.62857437133789,74.69137227912108,421895936,1720698442
2.0,0,-8.669536590576172,1.7525824308395386,4.5801777839660645,-0.07297173142433167,0.012783369049429893,-0.0034621621016412973,26.529823303222656,-45.88248825073242,52.29121017456055,74.45404565299913,434895936,1720698442
2.0,0,-8.494757652282715,1.6448416709899902,4.6017255783081055,-0.05992203950881958,0.013582328334450722,-0.010120166465640068,26.35528564453125,-46.057613372802734,52.122528076171875,74.3818712056556,446895936,1720698442
2.0,0,-8.516304969787598,1.601745367050171,4.467648506164551,-0.07164012640714645,0.01384864840656519,-0.00719064474105835,25.657133102416992,-46.407859802246094,51.7851676940918,74.11937346986467,459895936,1720698442
2.0,0,-8.664748191833496,1.757370948791504,4.4484944343566895,-0.0719064474105835,0.01651185005903244,-0.004261122550815344,25.8316707611084,-45.88248825073242,51.616485595703125,73.73424935293184,471895936,1720698442
2.0,0,-8.779671669006348,1.5155527591705322,4.381455898284912,-0.06604740023612976,0.014647609554231167,-0.007989604957401752,26.35528564453125,-46.407859802246094,52.7972526550293,75.07223468599268,484895936,1720698442
2.0,0,-8.516304969787598,1.6472358703613281,4.391032695770264,-0.07137380540370941,0.009054886177182198,-0.005592723377048969,25.8316707611084,-44.131248474121094,51.9538459777832,72.89749253628781,496895936,1720698442
2.0,0,-8.619257926940918,1.7094860076904297,4.7070722579956055,-0.06871060281991959,0.018376091495156288,-0.004793763160705566,26.35528564453125,-45.707366943359375,51.7851676940918,73.92880404419475,509895936,1720698442
2.0,0,-8.571372985839844,1.625687837600708,4.417369842529297,-0.06684636324644089,0.01384864840656519,-0.004527443088591099,26.180747985839844,-46.582984924316406,51.9538459777832,74.52924366609638,522895936,1720698442
2.0,0,-8.719816207885742,1.7214573621749878,4.400609970092773,-0.06871060281991959,0.0197076927870512,-0.0037284824065864086,26.006208419799805,-45.00687026977539,52.7972526550293,74.09110024674662,534895936,1720698442
2.0,0,-8.724604606628418,1.6089280843734741,4.2665324211120605,-0.06684636324644089,0.014114969410002232,-0.005859043914824724,26.006208419799805,-45.00687026977539,52.7972526550293,74.09110024674662,547895936,1720698442
2.0,0,-8.643199920654297,1.599351167678833,4.419764041900635,-0.06551475822925568,0.014913929626345634,-0.005592723377048969,26.006208419799805,-45.00687026977539,52.7972526550293,74.09110024674662,559895936,1720698442
2.0,0,-8.643199920654297,1.599351167678833,4.419764041900635,-0.06551475822925568,0.014913929626345634,-0.005592723377048969,26.006208419799805,-45.00687026977539,52.7972526550293,74.09110024674662,572895936,1720698442
2.0,0,-8.578556060791016,1.6975148916244507,4.446100234985352,-0.06791163980960846,0.0098538463935256,-0.003994802478700876,26.006208419799805,-45.00687026977539,52.7972526550293,74.09110024674662,584895936,1720698442
2.0,0,-8.779671669006348,1.6424474716186523,4.381455898284912,-0.06791163980960846,0.015712888911366463,-0.006924324203282595,26.006208419799805,-45.00687026977539,52.7972526550293,74.09110024674662,597895936,1720698442
2.0,0,-8.626440048217773,1.628082036972046,4.381455898284912,-0.0681779608130455,0.013582328334450722,-0.003994802478700876,26.006208419799805,-45.00687026977539,52.7972526550293,74.09110024674662,609895936,1720698442
2.0,0,-8.60728645324707,1.573014497756958,4.414975166320801,-0.06711268424987793,0.010120166465640068,-0.005326403304934502,26.006208419799805,-45.00687026977539,52.7972526550293,74.09110024674662,622895936,1720698442
2.0,0,-8.487574577331543,1.6472358703613281,4.491590976715088,-0.07217276096343994,0.01651185005903244,-0.005592723377048969,25.482593536376953,-46.582984924316406,52.62857437133789,74.76030964461512,634895936,1720698442
2.0,0,-8.676718711853027,1.640053153038025,4.549052715301514,-0.0719064474105835,0.01384864840656519,-0.002929521957412362,26.180747985839844,-45.18199157714844,52.29121017456055,73.90003105206137,647895936,1720698442
2.0,0,-8.779671669006348,1.6041396856307983,4.395821571350098,-0.0644494816660881,0.01757713221013546,-0.006924324203282595,26.704362869262695,-45.00687026977539,51.44780349731445,73.38676891941714,659895936,1720698442
2.0,0,-8.662353515625,1.6448416709899902,4.431735038757324,-0.0644494816660881,0.011185446754097939,-0.0037284824065864086,26.35528564453125,-45.707366943359375,52.45989227294922,74.40298899633787,672895936,1720698442
2.0,0,-8.585738182067871,1.61371648311615,4.417369842529297,-0.06791163980960846,0.014114969410002232,-0.006924324203282595,24.9589786529541,-45.35711669921875,51.11043930053711,72.7495405907079,684895936,1720698442
2.0,0,-8.5570068359375,1.611322283744812,4.515533447265625,-0.06871060281991959,0.015979209914803505,-0.005060083232820034,23.562671661376953,-45.707366943359375,52.122528076171875,73.2196751001265,697895936,1720698442
2.0,0,-8.94726848602295,1.4173890352249146,4.051051139831543,-0.06977588683366776,0.014114969410002232,0.002663201652467251,25.657133102416992,-45.35711669921875,52.122528076171875,73.70423629176966,709895936,1720698442
2.0,0,-27.593595504760742,4.659187316894531,-2.8012585639953613,-0.04154594615101814,-0.39495280385017395,-0.02157193422317505,25.8316707611084,-45.88248825073242,51.9538459777832,73.97080541857119,722895936,1720698442
2.0,0,-10.37183952331543,-2.5378923416137695,-18.53858757019043,0.11531662940979004,-1.4612987041473389,0.19041892886161804,26.006208419799805,-46.407859802246094,52.45989227294922,74.71313555920693,734895936,1720698442
2.0,0,-39.22719955444336,-2.4373345375061035,-5.4301323890686035,0.3158557415008545,-1.640265941619873,0.0013316008262336254,24.9589786529541,-45.707366943359375,52.45989227294922,73.91991819248014,747895936,1720698442
2.0,0,0.7374253869056702,5.166766166687012,-2.4062094688415527,0.4423578083515167,-2.4019417762756348,0.038616426289081573,24.9589786529541,-47.10835647583008,50.09835433959961,73.1573166046198,759895936,1720698442
2.0,0,-19.472339630126953,-3.426154851913452,-1.1468400955200195,0.45061373710632324,-3.0757315158843994,0.19494636356830597,24.43536376953125,-45.53224182128906,51.27912139892578,72.79986496737088,772895936,1720698442
2.0,0,-29.02056121826172,6.7421746253967285,4.230618953704834,0.5414289236068726,-3.0126137733459473,0.056193556636571884,22.340904235839844,-46.582984924316406,49.254947662353516,71.38025186110819,784895936,1720698442
2.0,0,-5.2194390296936035,4.431735038757324,1.0031858682632446,0.5616692304611206,-3.5559070110321045,0.015180249698460102,21.642751693725586,-47.28348159790039,49.592308044433594,71.85772992566102,797895936,1720698442
2.0,0,-7.838736057281494,2.6911237239837646,9.375837326049805,0.5206559300422668,-3.4104959964752197,-0.05273139104247093,21.29367446899414,-47.63372802734375,47.230770111083984,70.37853553080308,809895936,1720698442
2.0,0,-4.5538411140441895,5.233805179595947,14.221776008605957,0.4479505121707916,-3.0371153354644775,-0.061519961804151535,19.722829818725586,-47.4586067199707,48.07417678833008,70.37354504169073,822895936,1720698442
2.0,0,12.72776985168457,5.080573558807373,7.604100227355957,0.3771093785762787,-3.103429079055786,-0.06551475822925568,18.85013771057129,-47.983978271484375,46.21868133544922,69.2384023996336,834895936,1720698442
2.0,0,-15.79478931427002,0.8379833698272705,6.2561445236206055,0.3094640374183655,-2.77958345413208,-0.11904511600732803,18.15198516845703,-47.983978271484375,45.20659637451172,68.37830863718541,847895936,1720698442
2.0,0,-13.007896423339844,3.837963819503784,4.414975166320801,0.3669891953468323,-2.7785181999206543,-0.193881094455719,16.057525634765625,-47.63372802734375,44.53186798095703,67.15581464897507,859895936,1720698442
2.0,0,-4.5801777839660645,3.610511064529419,2.6169025897979736,0.3534068763256073,-2.931652545928955,-0.23116591572761536,15.359371185302734,-46.23273849487305,44.19450759887695,65.77637033046454,872895936,1720698442
2.0,0,-8.161957740783691,1.692726492881775,6.275298595428467,0.3765767216682434,-2.911412239074707,-0.3004091680049896,13.78852653503418,-47.10835647583008,44.363189697265625,66.16202320044935,884895936,1720698442
2.0,0,-6.991175174713135,-0.9529067873954773,7.003147125244141,0.38669687509536743,-2.8743937015533447,-0.3033386766910553,13.264911651611328,-47.983978271484375,44.19450759887695,66.57007250852692,897895936,1720698442
2.0,0,-1.692726492881775,1.3479561805725098,7.139618396759033,0.31319254636764526,-2.8943676948547363,-0.32491061091423035,12.9158353805542,-48.334224700927734,43.85714340209961,66.53168499602033,909895936,1720698442
2.0,0,-7.517908096313477,3.8331754207611084,7.891409397125244,0.3275738060474396,-2.882915735244751,-0.3909580111503601,10.472298622131348,-48.334224700927734,42.507694244384766,65.21326848000312,922895936,1720698442
2.0,0,-8.157169342041016,4.130061149597168,6.991175174713135,0.30067548155784607,-2.8869104385375977,-0.4253133237361908,10.821375846862793,-47.63372802734375,42.507694244384766,64.7532106615272,934895936,1720698442
2.0,0,-7.213839530944824,4.948890209197998,7.7262067794799805,0.30440396070480347,-2.893036127090454,-0.4977523982524872,6.806994438171387,-47.10835647583008,41.66428756713867,63.25697812583529,947895936,1720698442
2.0,0,-6.397404670715332,3.5554440021514893,8.102102279663086,0.2775056064128876,-2.9004929065704346,-0.5265149474143982,8.028762817382812,-49.03472137451172,42.17033004760742,65.17055829880489,959895936,1720698442
2.0,0,-6.244173526763916,4.2138590812683105,8.274487495422363,0.23356278240680695,-2.9207332134246826,-0.5456900000572205,5.934302806854248,-47.28348159790039,41.49560546875,63.18883489225433,972895936,1720698442
2.0,0,-6.383039474487305,6.351913928985596,9.215423583984375,0.2301006317138672,-2.906618356704712,-0.5835075378417969,5.236149311065674,-49.7352180480957,41.49560546875,64.98380142095068,984895936,1720698442
2.0,0,-2.5378923416137695,1.8627172708511353,7.170743465423584,0.18429355323314667,-2.9593498706817627,-0.5901654958724976,2.7926130294799805,-48.68447494506836,41.158241271972656,63.81204911935773,997895936,1720698442
2.0,0,-3.45967435836792,4.077387809753418,8.233785629272461,0.17177650332450867,-2.9510936737060547,-0.6394347548484802,3.1416897773742676,-48.68447494506836,40.82088088989258,63.61126183280005,10895936,1720698443
2.0,0,-1.9106022119522095,1.1803593635559082,7.223416805267334,0.16032473742961884,-2.9931721687316895,-0.6642025113105774,1.2217681407928467,-49.910343170166016,41.32692337036133,64.81087615526664,22895936,1720698443
2.0,0,-2.1572086811065674,1.9393328428268433,8.456449508666992,0.11105551570653915,-2.954822301864624,-0.6988241076469421,-0.34907662868499756,-47.983978271484375,41.49560546875,63.43870505038019,35895936,1720698443
2.0,0,1.7214573621749878,3.3423564434051514,7.060608386993408,0.09134781360626221,-2.9782586097717285,-0.7528871297836304,-1.3963065147399902,-47.983978271484375,41.49560546875,63.45310958384581,47895936,1720698443
2.0,0,-0.8116468191146851,2.8802685737609863,7.419744491577148,0.08202660828828812,-2.9590835571289062,-0.7685999870300293,-1.5708448886871338,-47.4586067199707,39.977474212646484,62.07242020324306,60895936,1720698443
2.0,0,2.0518622398376465,3.5961458683013916,7.4412922859191895,0.05912308022379875,-2.9540233612060547,-0.8061511516571045,-4.363457679748535,-47.80885314941406,41.66428756713867,63.56602127601209,72895936,1720698443
2.0,0,2.0518622398376465,3.5961458683013916,7.4412922859191895,0.05912308022379875,-2.9540233612060547,-0.8061511516571045,-4.887072563171387,-48.68447494506836,41.158241271972656,63.93795745499386,85895936,1720698443
2.0,0,0.1795678734779358,3.5793862342834473,8.398987770080566,-0.022104574367403984,-2.91194486618042,-0.8610131144523621,-6.632455825805664,-47.983978271484375,40.82088088989258,63.34663335700127,97895936,1720698443
2.0,0,3.4117894172668457,4.6328511238098145,7.810005187988281,-0.021305613219738007,-2.948963165283203,-0.9017601013183594,-7.330609321594238,-48.68447494506836,41.158241271972656,64.17099623899216,110895936,1720698443
2.0,0,-5.5570268630981445,5.432526588439941,9.61526107788086,-0.06258523464202881,-2.901824474334717,-0.906021237373352,-8.028762817382812,-48.68447494506836,41.49560546875,64.4711129597817,122895936,1720698443
2.0,0,-1.9034193754196167,4.575389385223389,8.853893280029297,-0.08655405789613724,-2.919667959213257,-0.9238646626472473,-7.679685592651367,-48.334224700927734,40.82088088989258,63.73004915162507,135895936,1720698443
2.0,0,-5.425343990325928,2.008765935897827,9.54103946685791,-0.11531662940979004,-2.9279239177703857,-0.938245952129364,-10.123222351074219,-47.983978271484375,41.49560546875,64.24038507625657,147895936,1720698443
2.0,0,-5.425343990325928,2.008765935897827,9.54103946685791,-0.11531662940979004,-2.9279239177703857,-0.938245952129364,-10.123222351074219,-47.983978271484375,41.49560546875,64.24038507625657,160895936,1720698443
2.0,0,1.2593693733215332,5.006352424621582,8.636016845703125,-0.20852869749069214,-2.960148811340332,-0.9992333054542542,-10.123222351074219,-47.983978271484375,41.49560546875,64.24038507625657,172895936,1720698443
2.0,0,-2.9257590770721436,2.7007007598876953,8.741363525390625,-0.23942182958126068,-2.9092817306518555,-1.0072228908538818,-10.123222351074219,-47.983978271484375,41.49560546875,64.24038507625657,185895936,1720698443
2.0,0,4.551446914672852,3.742194175720215,7.242570400238037,-0.24927568435668945,-2.9777259826660156,-1.0442413091659546,-10.123222351074219,-47.983978271484375,41.49560546875,64.24038507625657,197895936,1720698443
2.0,0,4.551446914672852,3.742194175720215,7.242570400238037,-0.24927568435668945,-2.9777259826660156,-1.0442413091659546,-10.123222351074219,-47.983978271484375,41.49560546875,64.24038507625657,210895936,1720698443
2.0,0,4.929736614227295,3.919368028640747,7.599311828613281,-0.3520752489566803,-2.9409737586975098,-1.0746018886566162,-10.123222351074219,-47.983978271484375,41.49560546875,64.24038507625657,222895936,1720698443
2.0,0,2.6959123611450195,6.0239033699035645,7.6208600997924805,-0.3584669530391693,-2.9742636680603027,-1.0999022722244263,-10.123222351074219,-47.983978271484375,41.49560546875,64.24038507625657,235895936,1720698443
2.0,0,0.7757331728935242,3.1149041652679443,7.22820520401001,-0.4439557194709778,-2.9348483085632324,-1.0761998891830444,-18.85013771057129,-47.63372802734375,43.85714340209961,67.4369984866081,247895936,1720698443
2.0,0,4.321599960327148,3.9840123653411865,7.553821563720703,-0.4522116482257843,-2.984650135040283,-1.0988370180130005,-18.85013771057129,-49.38496780395508,44.19450759887695,68.90106848672504,260895936,1720698443
2.0,0,0.3974435329437256,1.7214573621749878,7.728600978851318,-0.4759141504764557,-2.946566343307495,-1.104163408279419,-19.722829818725586,-47.80885314941406,44.02582550048828,67.91869968219426,272895936,1720698443
2.0,0,3.6488189697265625,4.726226329803467,8.073371887207031,-0.5070735812187195,-2.9718666076660156,-1.1238712072372437,-20.944597244262695,-49.38496780395508,43.85714340209961,69.28925043695007,285895936,1720698443
2.0,0,4.218647480010986,2.7414026260375977,7.841130256652832,-0.5869696736335754,-2.97080135345459,-1.1257354021072388,-23.0390567779541,-48.68447494506836,45.20659637451172,70.31793934454278,297895936,1720698443
2.0,0,4.460465908050537,2.2577667236328125,6.596126079559326,-0.6074762940406799,-2.9681382179260254,-1.14277982711792,-23.388134002685547,-48.334224700927734,45.88132095336914,70.62788190221634,310895936,1720698443
2.0,0,9.155567169189453,2.5211329460144043,5.2769012451171875,-0.6519517302513123,-2.984650135040283,-1.1526336669921875,-23.737211227416992,-47.983978271484375,46.21868133544922,70.72541178389206,322895936,1720698443
2.0,0,8.705450057983398,3.691915512084961,5.41337251663208,-0.6724584102630615,-2.9593498706817627,-1.1680803298950195,-25.657133102416992,-50.260589599609375,46.38736343383789,73.04931780843997,335895936,1720698443
2.0,0,9.102893829345703,4.721437454223633,5.401401519775391,-0.7315815091133118,-2.9116785526275635,-1.1614222526550293,-24.9589786529541,-49.20984649658203,46.38736343383789,72.08569271331687,347895936,1720698443
2.0,0,8.813190460205078,2.1835453510284424,4.505956172943115,-0.7235919237136841,-2.9433705806732178,-1.1867226362228394,-26.006208419799805,-48.15909957885742,47.06208801269531,72.18352912358228,360895936,1720698443
2.0,0,1.2952828407287598,5.547450065612793,7.192291736602783,-0.7896392941474915,-2.854952335357666,-1.1419808864593506,-26.35528564453125,-48.15909957885742,47.73681640625,72.75096971350388,372895936,1720698443
2.0,0,2.8539319038391113,5.142823696136475,6.758934497833252,-0.8010910749435425,-2.873861074447632,-1.1611559391021729,-26.704362869262695,-49.910343170166016,48.07417678833008,74.26501077555034,385895936,1720698443
2.0,0,-0.19393329322338104,2.889845609664917,6.48599100112915,-0.8455665707588196,-2.856816530227661,-1.149970531463623,-28.973360061645508,-47.63372802734375,48.580223083496094,73.94907513882073,397895936,1720698443
2.0,0,2.1763625144958496,8.41814136505127,8.858681678771973,-0.8487623929977417,-2.87625789642334,-1.1755372285842896,-29.671512603759766,-48.68447494506836,48.91758346557617,75.12327690525537,410895936,1720698443
2.0,0,6.533876419067383,1.649630069732666,5.207468032836914,-0.9470345377922058,-2.924461841583252,-1.1387850046157837,-29.322437286376953,-50.43571472167969,50.267032623291016,77.00870870655585,422895936,1720698443
2.0,0,5.193102836608887,4.079782009124756,5.164371967315674,-0.9816561341285706,-2.887176752090454,-1.1339912414550781,-30.195127487182617,-49.20984649658203,49.42362594604492,76.00032577455798,435895936,1720698443
2.0,0,11.03743839263916,3.9313390254974365,3.0095574855804443,-1.0093533992767334,-2.96254563331604,-1.1587591171264648,-29.49697494506836,-48.859596252441406,50.77307891845703,76.38872442789867,447895936,1720698443
2.0,0,11.08771800994873,3.9888007640838623,1.833986520767212,-1.0695418119430542,-2.928190231323242,-1.1358555555343628,-30.195127487182617,-49.20984649658203,50.77307891845703,76.88472058246842,460895936,1720698443
2.0,0,11.4444580078125,4.474831581115723,2.779710531234741,-1.0937769412994385,-2.9468326568603516,-1.1374534368515015,-33.68589401245117,-49.20984649658203,49.760990142822266,77.66919973599133,472895936,1720698443
2.0,0,9.89059829711914,-0.1699909120798111,1.0774072408676147,-1.0876516103744507,-2.9372451305389404,-1.134523868560791,-31.41689682006836,-48.68447494506836,50.43571472167969,76.81771166838067,485895936,1720698443
2.0,0,5.049448490142822,6.138826847076416,4.85072660446167,-1.1544978618621826,-2.892503499984741,-1.0769988298416138,-32.813201904296875,-49.03472137451172,52.62857437133789,79.0624876907348,497895936,1720698443
2.0,0,6.5602126121521,4.503561973571777,4.350330829620361,-1.1664824485778809,-2.9380440711975098,-1.0975054502487183,-32.46412658691406,-47.63372802734375,53.64065933227539,78.74142425963197,510895936,1720698443
2.0,0,1.276128888130188,5.966441631317139,4.891428470611572,-1.2184147834777832,-2.900759220123291,-1.059954285621643,-33.68589401245117,-48.859596252441406,52.7972526550293,79.43267268126309,523895936,1720698443
2.0,0,4.7597455978393555,5.887432098388672,5.1978912353515625,-1.234926700592041,-2.9652087688446045,-1.1070929765701294,-33.16228103637695,-48.334224700927734,55.32747268676758,80.60436337370597,535895936,1720698443
2.0,0,4.070204734802246,1.5586491823196411,2.4828250408172607,-1.3158880472183228,-2.9305872917175293,-1.013614535331726,-34.733123779296875,-48.859596252441406,54.146705627441406,80.78066454123994,548895936,1720698443
2.0,0,11.942460060119629,3.5219244956970215,1.9680639505386353,-1.3316009044647217,-2.9324514865875244,-1.0232020616531372,-34.03497314453125,-47.80885314941406,54.484066009521484,80.07858193887488,560895936,1720698443
2.0,0,39.22600173950195,5.410978317260742,-11.556987762451172,-1.032523274421692,-2.2634551525115967,-0.9504966735839844,-35.60581588745117,-46.23273849487305,53.978023529052734,79.49130303278062,573895936,1720698443
2.0,0,16.714176177978516,-12.632000923156738,-24.761213302612305,-0.8245272636413574,-1.7318799495697021,-0.531575083732605,-36.82758331298828,-47.80885314941406,55.49615478515625,81.9864655176411,585895936,1720698443
2.0,0,36.488189697265625,10.448454856872559,-5.942499160766602,-0.3528742492198944,-0.6183954477310181,-0.21838253736495972,-35.954891204833984,-48.68447494506836,54.652748107910156,81.54664418585914,598895936,1720698443
2.0,0,39.22600173950195,-2.60014271736145,-9.48597240447998,-0.09587526321411133,-0.8122764825820923,-0.39548543095588684,-35.431278228759766,-49.20984649658203,55.49615478515625,82.19980331533023,610895936,1720698443
2.0,0,-18.87138557434082,-5.346334457397461,-5.942499160766602,-0.09108150005340576,0.5795127153396606,0.4058719277381897,-34.733123779296875,-50.96108627319336,56.84560775756836,83.8739847803783,623895936,1720698443
2.0,0,39.22600173950195,2.8419606685638428,-7.374253273010254,0.262591689825058,0.34781414270401,0.0034621621016412973,-34.03497314453125,-50.610836029052734,56.17087936401367,82.91564272822832,635895936,1720698443
2.0,0,-8.116467475891113,-4.898611545562744,-0.39026084542274475,0.1581941843032837,0.7025526165962219,0.35314056277275085,-35.954891204833984,-50.08546447753906,56.339561462402344,83.51918425881617,648895936,1720698443
2.0,0,4.407792568206787,3.1364521980285645,8.430112838745117,0.10200062394142151,0.4908280670642853,0.2095939666032791,-36.653045654296875,-50.08546447753906,55.66483688354492,83.3700999935736,660895936,1720698443
2.0,0,5.72222900390625,5.715046405792236,11.954431533813477,0.07217276096343994,0.28176674246788025,0.027430977672338486,-35.60581588745117,-49.38496780395508,56.002201080322266,82.72179698150663,673895936,1720698443
2.0,0,7.754937171936035,1.261763572692871,5.161977767944336,-0.06791163980960846,0.06391683965921402,-0.010652806609869003,-36.30397033691406,-48.68447494506836,55.32747268676758,82.15403579134465,685895936,1720698443
2.0,0,7.929717063903809,3.924156427383423,3.9313390254974365,-0.09161414206027985,0.07164012640714645,-0.01384864840656519,-36.82758331298828,-47.4586067199707,54.82143020629883,81.32637612939627,698895936,1720698443
2.0,0,11.669516563415527,2.1284778118133545,-1.6855436563491821,-0.08282557129859924,0.010386486537754536,-0.006924324203282595,-37.52573776245117,-46.75811004638672,55.833518981933594,81.92608675893291,710895936,1720698443
2.0,0,8.509122848510742,3.1364521980285645,2.0039772987365723,-0.04154594615101814,0.04607338830828667,0.0018642412032932043,-36.129432678222656,-47.4586067199707,55.49615478515625,81.47072144880694,723895936,1720698443
2.0,0,8.76530647277832,3.2394042015075684,5.5570268630981445,-0.014913929626345634,0.023169854655861855,0.003994802478700876,-36.129432678222656,-48.859596252441406,55.15879440307617,82.06758587653616,735895936,1720698443
2.0,0,7.754937171936035,3.356721878051758,5.3247857093811035,-0.09534262120723724,0.019441373646259308,-0.014647609554231167,-35.60581588745117,-47.28348159790039,54.9901123046875,80.79241429931524,748895936,1720698443
2.0,0,7.910562992095947,3.9624643325805664,4.9656500816345215,-0.09773950278759003,-0.017310811206698418,0.026632016524672508,-37.00212097167969,-49.38496780395508,54.31538772583008,82.20823161464885,760895936,1720698443
2.0,0,39.22600173950195,12.622424125671387,-9.531462669372559,-0.30546924471855164,-0.21598565578460693,0.7182655334472656,-36.47850799560547,-47.4586067199707,55.15879440307617,81.39713445439666,773895936,1720698443
2.0,0,-0.20590448379516602,4.5538411140441895,-12.770867347717285,0.005859043914824724,0.1475413739681244,1.0698081254959106,-35.60581588745117,-46.582984924316406,57.35165023803711,82.01804919952865,785895936,1720698443
2.0,0,35.43233108520508,-3.2178561687469482,-12.928886413574219,-0.367788165807724,0.3419550955295563,2.444286584854126,-35.60581588745117,-46.582984924316406,57.35165023803711,82.01804919952865,798895936,1720698443
2.0,0,39.22600173950195,29.769956588745117,11.33432388305664,0.10040270537137985,-0.42984074354171753,1.779018759727478,-35.60581588745117,-46.582984924316406,57.35165023803711,82.01804919952865,810895936,1720698443
2.0,0,-39.22719955444336,-15.382981300354004,-8.430112838745117,-0.5283792018890381,0.7305161952972412,3.531938076019287,-35.60581588745117,-46.582984924316406,57.35165023803711,82.01804919952865,823895936,1720698443
2.0,0,39.22600173950195,18.34465217590332,8.98078727722168,-0.1526014655828476,-0.2351607233285904,2.674386978149414,-35.60581588745117,-46.582984924316406,57.35165023803711,82.01804919952865,835895936,1720698443
2.0,0,-28.374116897583008,-10.903360366821289,3.6200881004333496,-0.36565759778022766,0.1288989633321762,3.0698726177215576,-35.60581588745117,-46.582984924316406,57.35165023803711,82.01804919952865,848895936,1720698443
2.0,0,7.754937171936035,1.795678734779358,6.682318687438965,-0.3515426218509674,0.057258836925029755,2.8570828437805176,-42.23827362060547,-41.67951202392578,54.9901123046875,80.90219979879319,860895936,1720698443
2.0,0,15.44283676147461,-0.4620879888534546,3.2370100021362305,-0.2601948082447052,-0.27484241127967834,2.528710126876831,-43.46004104614258,-39.40290069580078,53.13461685180664,79.14954996058935,873895936,1720698443
2.0,0,25.050912857055664,0.636867344379425,2.3104398250579834,-0.2476777583360672,-0.2708476185798645,2.474647045135498,-44.856346130371094,-38.35215759277344,55.15879440307617,80.78039601406653,885895936,1720698443
2.0,0,20.896909713745117,4.879457473754883,1.6975148916244507,-0.2170509397983551,-0.19974012672901154,2.543623924255371,-44.1581916809082,-37.65166091918945,56.17087936401367,80.76361279083561,898895936,1720698443
2.0,0,20.075687408447266,0.9002335667610168,-0.5195496678352356,-0.24421559274196625,-0.17151018977165222,2.611802101135254,-45.37996292114258,-36.776039123535156,54.31538772583008,79.76201747791562,910895936,1720698443
2.0,0,9.763703346252441,3.2178561687469482,6.550635814666748,-0.11984407901763916,-0.18562515079975128,2.572120189666748,-46.0781135559082,-35.37504959106445,53.30329895019531,78.84052486770578,923895936,1720698443
2.0,0,5.506748199462891,-0.34237605333328247,5.226621627807617,-0.1576615422964096,-0.23755759000778198,2.544689178466797,-48.8707275390625,-33.974056243896484,52.96593475341797,79.67417870404472,935895936,1720698443
2.0,0,8.899383544921875,1.7525824308395386,4.977621555328369,-0.15792787075042725,-0.2402207851409912,2.558271646499634,-48.34711456298828,-32.047691345214844,53.13461685180664,78.66247844501956,948895936,1720698443
2.0,0,10.728581428527832,2.475642204284668,3.512347459793091,-0.10519646853208542,-0.31985053420066833,2.4821038246154785,-49.21980285644531,-31.172073364257812,53.64065933227539,79.19348132678117,961895936,1720698443
2.0,0,11.226583480834961,0.09098105132579803,2.195516347885132,-0.1400844007730484,-0.2852289080619812,2.5659947395324707,-49.21980285644531,-28.370088577270508,54.652748107910156,78.83129958878132,973895936,1720698443
2.0,0,11.640786170959473,-1.4102063179016113,2.4109978675842285,-0.10812598466873169,-0.3789736032485962,2.518589735031128,-50.965187072753906,-28.019840240478516,53.978023529052734,79.34852717326082,986895936,1720698443
2.0,0,12.10766315460205,-1.8435633182525635,2.2841031551361084,-0.12117567658424377,-0.3922896087169647,2.5468199253082275,-50.7906494140625,-27.14422035217285,53.13461685180664,78.35678831101883,998895936,1720698443
2.0,0,13.465195655822754,0.48363611102104187,3.4764339923858643,-0.08974990248680115,-0.46765822172164917,2.4607982635498047,-52.36149597167969,-25.568103790283203,53.30329895019531,78.97275397753845,11895936,1720698444
2.0,0,7.917746067047119,0.07661562412977219,4.230618953704834,-0.12170831859111786,-0.4540758728981018,2.5231173038482666,-53.7578010559082,-24.167112350463867,52.96593475341797,79.24229134767543,23895936,1720698444
2.0,0,11.509102821350098,0.7374253869056702,4.362302303314209,-0.0751022920012474,-0.503078818321228,2.4498791694641113,-53.23418426513672,-22.59099578857422,55.833518981933594,80.38416079676298,36895936,1720698444
2.0,0,3.6248764991760254,-3.6751556396484375,3.040682554244995,-0.05779147893190384,-0.5028124451637268,2.510866641998291,-53.93233871459961,-20.83975601196289,55.833518981933594,80.37645446130591,48895936,1720698444
2.0,0,8.504334449768066,-1.237821102142334,4.659187316894531,-0.04980187490582466,-0.5318413972854614,2.474114418029785,-52.885108947753906,-18.73826789855957,55.15879440307617,78.679413014173,61895936,1720698444
2.0,0,2.9832208156585693,-3.943310499191284,2.734220027923584,-0.08468981087207794,-0.5361025333404541,2.538830041885376,-54.106876373291016,-17.512399673461914,55.66483688354492,79.57896882009297,73895936,1720698444
2.0,0,10.383811950683594,-4.132455348968506,2.109323740005493,-0.08948357403278351,-0.595491886138916,2.514328718185425,-53.5832633972168,-15.586036682128906,54.146705627441406,77.75574825089767,86895936,1720698444
2.0,0,7.812399387359619,-6.222624778747559,1.2833117246627808,-0.08921726047992706,-0.6375705003738403,2.5380311012268066,-56.20133590698242,-14.710416793823242,54.31538772583008,79.53079820915116,98895936,1720698444
2.0,0,10.553802490234375,-4.69031286239624,1.9680639505386353,-0.09401101619005203,-0.6788501143455505,2.532172203063965,-57.07402801513672,-12.083556175231934,55.49615478515625,80.51881891614293,111895936,1720698444
2.0,0,9.909751892089844,-6.957656383514404,0.9792433977127075,-0.11265343427658081,-0.6982914805412292,2.53403639793396,-56.89949035644531,-11.20793628692627,54.652748107910156,79.6874689921928,123895936,1720698444
2.0,0,7.297637939453125,-4.879457473754883,3.409395217895508,-0.09907110780477524,-0.7086779475212097,2.5478851795196533,-54.455955505371094,-10.15719223022461,57.014286041259766,79.49370073659472,136895936,1720698444
2.0,0,8.844316482543945,-3.8595120906829834,3.3662989139556885,-0.09401101619005203,-0.7467617392539978,2.51992130279541,-56.724952697753906,-8.230828285217285,54.484066009521484,79.0821107568143,148895936,1720698444
2.0,0,3.4165778160095215,-3.921762228012085,3.665578603744507,-0.09134781360626221,-0.724124550819397,2.548417806625366,-57.248565673828125,-4.903471946716309,53.978023529052734,78.83571102581504,161895936,1720698444
2.0,0,6.572184085845947,-3.4141836166381836,2.727037191390991,-0.09667421877384186,-0.7622083425521851,2.5196549892425537,-57.5976448059082,-5.603968143463135,56.339561462402344,80.76533496442843,173895936,1720698444
2.0,0,6.157980918884277,-4.953678607940674,2.5953543186187744,-0.09534262120723724,-0.7907045483589172,2.520453929901123,-58.4703369140625,-3.6776041984558105,56.508243560791016,81.39709246533415,186895936,1720698444
2.0,0,8.063794136047363,-5.3774590492248535,2.291285991668701,-0.09427734464406967,-0.8378432393074036,2.5028767585754395,-57.5976448059082,-2.1014881134033203,57.35165023803711,81.30877396999958,198895936,1720698444
2.0,0,10.1276273727417,-4.405398368835449,2.6959123611450195,-0.11691455543041229,-0.8769923448562622,2.4653258323669434,-57.5976448059082,0.0,57.014286041259766,81.04392327609858,211895936,1720698444
2.0,0,9.023883819580078,-6.526693344116211,1.7286399602890015,-0.12303992360830307,-0.8884441256523132,2.4759786128997803,-57.07402801513672,1.2258679866790771,57.52033233642578,81.04033599564013,223895936,1720698444
2.0,0,9.61526107788086,-3.1580002307891846,3.2705295085906982,-0.11877879500389099,-0.940909206867218,2.441357135772705,-56.20133590698242,3.5024800300598145,57.35165023803711,80.37455635408871,236895936,1720698444
2.0,0,7.537062168121338,-5.21225643157959,2.652815818786621,-0.11797983199357986,-0.9531598687171936,2.441357135772705,-57.77218246459961,4.0278520584106445,58.1950569152832,82.10062915898078,248895936,1720698444
2.0,0,4.9129767417907715,-5.226621627807617,3.1292693614959717,-0.12064303457736969,-0.9646116495132446,2.4338998794555664,-59.34302520751953,6.654712200164795,56.67692565917969,82.32954352736022,261895936,1720698444
2.0,0,3.5793862342834473,-7.098916053771973,1.9608811140060425,-0.13662225008010864,-0.9715359807014465,2.4346988201141357,-57.4231071472168,6.479588031768799,59.20714569091797,82.73381652243397,273895936,1720698444
2.0,0,3.4429147243499756,-7.6998701095581055,1.8172268867492676,-0.16245530545711517,-0.9965700507164001,2.4560046195983887,-56.375877380371094,8.931324005126953,59.20714569091797,82.24046570731942,286895936,1720698444
2.0,0,2.9856150150299072,-8.413352966308594,1.6592071056365967,-0.1619226634502411,-1.0173430442810059,2.4506781101226807,-54.97956848144531,9.281572341918945,58.869781494140625,81.08360937151276,298895936,1720698444
2.0,0,5.542661666870117,-8.15238094329834,1.1396573781967163,-0.1808314025402069,-1.0357191562652588,2.473315477371216,-56.375877380371094,9.982068061828613,59.88187026977539,82.84756858353676,311895936,1720698444
2.0,0,3.6799440383911133,-7.994361877441406,1.757370948791504,-0.19441372156143188,-1.0586227178573608,2.4759786128997803,-54.455955505371094,13.659672737121582,59.0384635925293,81.4713319680894,323895936,1720698444
2.0,0,5.181131362915039,-6.632040023803711,2.6647870540618896,-0.20213700830936432,-1.0780640840530396,2.4759786128997803,-57.4231071472168,13.834795951843262,59.88187026977539,84.11095767185206,336895936,1720698444
2.0,0,6.287269592285156,-7.537062168121338,1.8268038034439087,-0.2138551026582718,-1.1020328998565674,2.463195323944092,-53.93233871459961,15.235788345336914,60.55659484863281,82.51016655777435,348895936,1720698444
2.0,0,4.924948215484619,-6.914559841156006,1.999189019203186,-0.22344262897968292,-1.1206752061843872,2.4589340686798096,-53.7578010559082,15.41091251373291,63.761539459228516,84.81115087701198,361895936,1720698444
2.0,0,4.510745048522949,-7.80042839050293,1.3335906267166138,-0.2319648712873459,-1.1238712072372437,2.4458844661712646,-52.01241683959961,18.2128963470459,61.73736572265625,82.75568515345344,373895936,1720698444
2.0,0,3.924156427383423,-7.618465900421143,1.6041396856307983,-0.2407534420490265,-1.1518347263336182,2.428839921951294,-51.48880386352539,18.388019561767578,61.56868362426758,82.34026347981703,386895936,1720698444
2.0,0,5.130852699279785,-8.911355018615723,1.25218665599823,-0.26232534646987915,-1.1659497022628784,2.4149911403656006,-51.48880386352539,18.388019561767578,61.56868362426758,82.34026347981703,398895936,1720698444
2.0,0,4.90339994430542,-9.177115440368652,0.3112509846687317,-0.28682681918144226,-1.1774015426635742,2.3886256217956543,-51.48880386352539,18.388019561767578,61.56868362426758,82.34026347981703,411895936,1720698444
2.0,0,5.908979892730713,-8.200265884399414,0.7350311875343323,-0.2897563576698303,-1.1768687963485718,2.377706527709961,-51.48880386352539,18.388019561767578,61.56868362426758,82.34026347981703,424895936,1720698444
2.0,0,5.760537147521973,-8.20266056060791,0.8284064531326294,-0.31612205505371094,-1.2184147834777832,2.35400390625,-51.48880386352539,18.388019561767578,61.56868362426758,82.34026347981703,436895936,1720698444
2.0,0,3.866694688796997,-7.024694919586182,1.8579288721084595,-0.29614803194999695,-1.209626317024231,2.338557481765747,-51.48880386352539,18.388019561767578,61.56868362426758,82.34026347981703,449895936,1720698444
2.0,0,1.3096483945846558,-8.79882526397705,1.4796391725540161,-0.32304635643959045,-1.2253390550613403,2.35400390625,-51.48880386352539,18.388019561767578,61.56868362426758,82.34026347981703,461895936,1720698444
2.0,0,-0.7972812652587891,-8.997547149658203,1.4078121185302734,-0.3347644507884979,-1.219746470451355,2.3606619834899902,-46.42719268798828,25.918352127075195,64.43626403808594,83.54206916911134,474895936,1720698444
2.0,0,0.34477031230926514,-10.283252716064453,-0.09337528795003891,-0.36299437284469604,-1.2333287000656128,2.3928866386413574,-45.72903823852539,26.969097137451172,65.11099243164062,84.01141871235694,486895936,1720698444
2.0,0,-3.251375675201416,-10.256916999816895,0.4812418818473816,-0.3797725737094879,-1.2208117246627808,2.3966150283813477,-46.42719268798828,29.420833587646484,66.46044158935547,86.24418801363782,499895936,1720698444
2.0,0,-3.251375675201416,-10.256916999816895,0.4812418818473816,-0.3571353554725647,-1.2317308187484741,2.1992719173431396,-44.332733154296875,29.420833587646484,67.80989074707031,86.19256325839076,511895936,1720698444
2.0,0,8.770094871520996,-14.360640525817871,8.420536041259766,-0.1869567483663559,-0.8860471844673157,1.6855403184890747,-43.80911636352539,30.9969482421875,66.96648406982422,85.81701151610781,524895936,1720698444
2.0,0,-11.8873929977417,-9.464424133300781,19.481916427612305,-0.3190515637397766,-0.5163947939872742,0.9393112063407898,-41.36558151245117,32.047691345214844,67.6412124633789,85.51900068369231,536895936,1720698444
2.0,0,-16.496301651000977,-10.539437294006348,11.023073196411133,-0.17177650332450867,-0.026099376380443573,0.5161284804344177,-40.84196472167969,31.872568130493164,67.13516998291016,84.80010454117435,549895936,1720698444
2.0,0,13.491532325744629,-8.69347858428955,2.197910785675049,-0.13182848691940308,0.04261122643947601,-0.21305613219738007,-40.31835174560547,32.047691345214844,67.6412124633789,85.01739605255204,561895936,1720698444
2.0,0,-7.134829998016357,-7.216233730316162,3.794867515563965,-0.006658004131168127,0.26791810989379883,-0.3089314103126526,-40.492889404296875,33.2735595703125,66.79780578613281,84.90436217668484,574895936,1720698444
2.0,0,6.299240589141846,-12.56735610961914,-3.0287113189697266,-0.03914906829595566,0.21864885091781616,-0.40320873260498047,-43.80911636352539,32.39794158935547,67.30384826660156,86.59488026017429,586895936,1720698444
2.0,0,4.261744022369385,-11.873027801513672,-5.35830545425415,-0.04873659089207649,0.136355921626091,-0.24235135316848755,-42.0637321472168,31.697444915771484,66.96648406982422,85.19739177354661,599895936,1720698444
2.0,0,2.171574115753174,-9.986367225646973,-2.6145079135894775,-0.024235136806964874,0.05486195534467697,-0.1707112193107605,-42.58734893798828,30.82182502746582,67.80989074707031,85.80121485573093,611895936,1720698444
2.0,0,-15.375798225402832,4.063022136688232,9.409356117248535,0.22104574739933014,0.6700615882873535,-0.022104574367403984,-41.88919448852539,30.121328353881836,67.80989074707031,85.20669175498767,624895936,1720698444
2.0,0,-17.928056716918945,17.133169174194336,11.38699722290039,0.3664565682411194,1.4312045574188232,-0.8612794280052185,-41.016502380371094,30.9969482421875,66.96648406982422,84.42555452303444,636895936,1720698444
2.0,0,-19.321502685546875,3.864300489425659,3.557838201522827,0.3672555088996887,1.9747639894485474,-1.3204153776168823,-41.54011917114258,32.92331314086914,66.12307739257812,84.74542709072466,649895936,1720698444
2.0,0,-19.697399139404297,14.458805084228516,7.139618396759033,0.8309189081192017,2.9771933555603027,-1.9619807004928589,-41.714656829833984,32.74818801879883,66.96648406982422,85.42286814208146,661895936,1720698444
2.0,0,-3.5267128944396973,-0.7374253869056702,-9.588924407958984,0.8258588314056396,3.022467613220215,-2.2453453540802,-43.634578704833984,29.771080017089844,61.73736572265625,81.2514368519433,674895936,1720698444
2.0,0,4.434129238128662,-7.242570400238037,-0.37350115180015564,1.075933575630188,3.1718733310699463,-2.6823768615722656,-45.20542526245117,30.9969482421875,64.26758575439453,84.4669394034516,686895936,1720698444
2.0,0,26.475486755371094,-25.802703857421875,1.972852349281311,1.100967526435852,3.024864435195923,-2.4576025009155273,-45.554500579833984,27.844717025756836,61.56868362426758,81.49382548725838,699895936,1720698444
2.0,0,23.106794357299805,-21.98389434814453,0.30406826734542847,0.9710033535957336,2.936978816986084,-1.9161736965179443,-45.9035758972168,26.093477249145508,60.21923065185547,80.08972203350805,711895936,1720698444
2.0,0,15.63437557220459,-11.607267379760742,3.4644627571105957,0.9939069151878357,2.778251886367798,-1.8005906343460083,-45.72903823852539,23.816864013671875,58.02637481689453,77.62376004843483,724895936,1720698444
2.0,0,5.908979892730713,-7.515513896942139,4.874669075012207,0.9971027374267578,2.7620065212249756,-1.611769676208496,-47.64896011352539,22.94124412536621,57.18296813964844,77.88848391886975,736895936,1720698444
2.0,0,-0.9648780226707458,-4.881851673126221,2.3343822956085205,1.0026954412460327,2.7156667709350586,-1.627482533454895,-47.29988479614258,23.991989135742188,55.49615478515625,76.76404002106685,749895936,1720698444
2.0,0,-2.018342971801758,-1.4844276905059814,1.2450039386749268,1.0714061260223389,2.6887683868408203,-1.7904704809188843,-46.42719268798828,22.76612091064453,55.32747268676758,75.72918668591846,761895936,1720698444
2.0,0,4.517927646636963,-8.458844184875488,-1.0055800676345825,1.116414189338684,2.621922016143799,-1.8882099390029907,-47.474422454833984,21.365129470825195,52.62857437133789,74.02740293353949,774895936,1720698444
2.0,0,6.507539749145508,-13.199435234069824,1.2066960334777832,1.144644021987915,2.56679368019104,-1.9161736965179443,-45.72903823852539,18.2128963470459,52.62857437133789,72.05984576675279,786895936,1720698444
2.0,0,0.7996755838394165,-8.57376766204834,5.801239013671875,1.1654170751571655,2.6062090396881104,-1.8173688650131226,-46.776268005371094,18.2128963470459,50.267032623291016,71.03874584062943,799895936,1720698444
2.0,0,1.3838696479797363,-5.952075958251953,5.116487503051758,1.2309318780899048,2.6277811527252197,-1.7665016651153564,-45.37996292114258,14.710416793823242,49.254947662353516,68.56957974345079,811895936,1720698444
2.0,0,6.888223648071289,-9.078951835632324,0.6536269783973694,1.2314645051956177,2.603545904159546,-1.792068362236023,-45.0308837890625,15.761160850524902,47.905494689941406,67.61014056832137,824895936,1720698444
2.0,0,9.16993236541748,-12.462010383605957,-1.1420515775680542,1.2306655645370483,2.523383617401123,-1.797394871711731,-45.37996292114258,13.659672737121582,46.893409729003906,66.67023001326586,836895936,1720698444
2.0,0,4.362302303314209,-6.117279052734375,2.803652763366699,1.2972456216812134,2.487696886062622,-1.7912694215774536,-44.856346130371094,12.433804512023926,43.35110092163086,63.6082481595611,849895936,1720698444
2.0,0,-1.7262457609176636,-1.7501882314682007,8.968816757202148,1.406436800956726,2.5265796184539795,-1.7731596231460571,-45.20542526245117,13.134300231933594,43.013736724853516,63.766933929558206,862895936,1720698444
2.0,0,6.998358726501465,-6.91934871673584,5.10690975189209,1.4085673093795776,2.453341484069824,-1.7907367944717407,-43.1109619140625,9.631820678710938,43.013736724853516,61.65637480242901,874895936,1720698444
2.0,0,7.956053733825684,-10.486763954162598,1.467668056488037,1.3869954347610474,2.4450855255126953,-1.779551386833191,-42.936424255371094,7.705456256866455,41.832969665527344,60.43929131782265,887895936,1720698444
2.0,0,4.608908653259277,-7.810005187988281,3.7038865089416504,1.4032410383224487,2.37184739112854,-1.7108408212661743,-41.36558151245117,6.129340171813965,41.66428756713867,59.03044132718542,899895936,1720698444
2.0,0,-3.1029326915740967,-2.7198545932769775,7.680716037750244,1.4708863496780396,2.3840982913970947,-1.6953941583633423,-41.191043853759766,5.954216003417969,39.80879211425781,57.592488325943286,912805835,1720698444
2.0,0,0.10534647852182388,-4.335965156555176,5.935316562652588,1.5771480798721313,2.4541404247283936,-1.6780833005905151,-39.096580505371094,4.553224086761475,37.4472541809082,54.3283655421988,924805835,1720698444
2.0,0,5.269718647003174,-6.677530288696289,4.7860822677612305,1.5627667903900146,2.3798370361328125,-1.7025848627090454,-39.271121978759766,3.3273561000823975,37.27857208251953,54.249278857870436,937805835,1720698444
2.0,0,8.159564018249512,-8.9568452835083,3.7517714500427246,1.57874596118927,2.326572895050049,-1.7060469388961792,-37.52573776245117,-0.17512400448322296,36.94121170043945,52.657998299687435,949805835,1720698444
2.0,0,4.891428470611572,-7.039060592651367,5.7892680168151855,1.622422456741333,2.309528350830078,-1.6482555866241455,-36.30397033691406,-1.4009920358657837,36.77252960205078,51.6929393074315,962805835,1720698444
2.0,0,-1.4700623750686646,-0.7039060592651367,10.300012588500977,1.6959267854690552,2.3002073764801025,-1.6120359897613525,-35.25674057006836,-3.5024800300598145,35.760440826416016,50.339986592029135,974805835,1720698444
2.0,0,5.00874662399292,-4.790870666503906,7.142012596130371,1.712438702583313,2.2812986373901367,-1.5859366655349731,-33.511356353759766,-6.304464340209961,33.736263275146484,47.967621736496916,987805835,1720698444
2.0,0,9.236970901489258,-7.139618396759033,3.943310499191284,1.6884697675704956,2.195809841156006,-1.612302303314209,-32.11505126953125,-7.004960060119629,32.724178314208984,46.382300825084535,999805835,1720698444
2.0,0,6.4620490074157715,-6.720626354217529,4.063022136688232,1.7166998386383057,2.2360241413116455,-1.609106421470642,-32.11505126953125,-7.004960060119629,32.724178314208984,46.382300825084535,12805835,1720698445
2.0,0,-2.6647870540618896,-4.2401957511901855,8.451661109924316,1.7987264394760132,2.2312304973602295,-1.514829158782959,-32.11505126953125,-7.004960060119629,32.724178314208984,46.382300825084535,24805835,1720698445
2.0,0,-0.5458863377571106,-3.299260139465332,8.549824714660645,1.827488899230957,2.2045984268188477,-1.4743484258651733,-32.11505126953125,-7.004960060119629,32.724178314208984,46.382300825084535,37805835,1720698445
2.0,0,4.652004718780518,-4.362302303314209,6.213047981262207,1.8599801063537598,2.1385509967803955,-1.4708863496780396,-32.11505126953125,-7.004960060119629,32.724178314208984,46.382300825084535,49805835,1720698445
2.0,0,4.668764591217041,-5.384642124176025,6.035874843597412,1.8908733129501343,2.1545302867889404,-1.4730168581008911,-32.11505126953125,-7.004960060119629,32.724178314208984,46.382300825084535,62805835,1720698445
2.0,0,2.995191812515259,-3.818809986114502,7.9799957275390625,1.8810194730758667,2.0602529048919678,-1.432802438735962,-32.11505126953125,-7.004960060119629,32.724178314208984,46.382300825084535,74805835,1720698445
2.0,0,-2.626479387283325,2.264949321746826,11.161938667297363,1.9726334810256958,2.0951406955718994,-1.3662225008010864,-23.21359634399414,-20.13926124572754,30.19395637512207,43.08289568179391,87805835,1720698445
2.0,0,3.023922920227051,-4.561023712158203,7.57776403427124,2.010450839996338,2.107924222946167,-1.3204153776168823,-20.77005958557129,-21.890501022338867,29.51923179626465,42.21343928228074,99805835,1720698445
2.0,0,6.993570327758789,-1.628082036972046,7.034272193908691,1.9859495162963867,1.9659754037857056,-1.340123176574707,-19.548290252685547,-23.816864013671875,29.013187408447266,42.321905756317996,112805835,1720698445
2.0,0,6.289663791656494,-5.226621627807617,7.424532890319824,2.024832248687744,1.9723671674728394,-1.3084310293197632,-16.755678176879883,-25.217857360839844,28.338462829589844,41.470007916359,124805835,1720698445
2.0,0,-3.7565598487854004,-2.559440851211548,8.844316482543945,2.0296261310577393,1.9569206237792969,-1.2410519123077393,-17.104755401611328,-26.61884880065918,28.001100540161133,42.25159642287518,137805835,1720698445
2.0,0,-2.164391279220581,-1.2186672687530518,10.625629425048828,2.0911459922790527,1.9625133275985718,-1.189119577407837,-14.661218643188477,-27.319345474243164,27.326374053955078,41.32830371768356,149805835,1720698445
2.0,0,3.8499350547790527,-2.008765935897827,8.73418140411377,2.125235080718994,1.960915446281433,-1.1710097789764404,-13.090373992919922,-29.245708465576172,28.844507217407227,43.11235265608971,162805835,1720698445
2.0,0,4.233013153076172,-1.6568129062652588,7.450869083404541,2.125235080718994,1.8954006433486938,-1.129463791847229,-11.868605613708496,-32.92331314086914,26.651649475097656,43.98998485029237,174805835,1720698445
2.0,0,4.8339667320251465,-3.4764339923858643,8.106890678405762,2.1385509967803955,1.8671706914901733,-1.11375093460083,-9.425068855285645,-34.32430648803711,29.013187408447266,45.921182284532534,187805835,1720698445
2.0,0,0.6225019693374634,-0.37110692262649536,9.375837326049805,2.189950704574585,1.863442301750183,-1.0434423685073853,-8.203300476074219,-35.900421142578125,29.51923179626465,47.19660393245294,199805835,1720698445
2.0,0,-0.6153191924095154,-0.3663184642791748,9.629626274108887,2.20300030708313,1.840538740158081,-0.9803245663642883,-6.981532573699951,-37.12628936767578,29.350549697875977,47.838874640375025,212805835,1720698445
2.0,0,0.9361472129821777,1.3383792638778687,10.225790977478027,2.2551991939544678,1.827488899230957,-0.9672749042510986,-4.712534427642822,-39.40290069580078,29.85659408569336,49.66097838718762,224805835,1720698445
2.0,0,7.996756076812744,-2.166785478591919,6.136432647705078,2.2152512073516846,1.7369401454925537,-0.9177392721176147,-4.014381408691406,-41.504390716552734,29.85659408569336,51.284948252334,237805835,1720698445
2.0,0,4.934525012969971,-2.480430841445923,8.722209930419922,2.2293660640716553,1.6676969528198242,-0.8865798115730286,-2.4435362815856934,-42.73025894165039,31.374725341796875,53.06806279725226,249805835,1720698445
2.0,0,-7.197080135345459,2.7150661945343018,11.990344047546387,2.294081926345825,1.812575101852417,-0.7891066670417786,-0.5236149430274963,-45.00687026977539,30.868682861328125,54.57809199378635,262805835,1720698445
2.0,0,-24.399681091308594,4.769322395324707,36.2176399230957,2.1934127807617188,1.6115033626556396,-0.6325104236602783,0.6981532573699951,-46.582984924316406,31.374725341796875,56.16792049473665,274805835,1720698445
2.0,0,-24.399681091308594,4.769322395324707,36.2176399230957,2.1934127807617188,1.6115033626556396,-0.6325104236602783,3.665304660797119,-46.407859802246094,32.55549621582031,56.80655106182456,287805835,1720698445
2.0,0,-24.399681091308594,4.769322395324707,36.2176399230957,2.1934127807617188,1.6115033626556396,-0.6325104236602783,1.3963065147399902,-47.983978271484375,33.398902893066406,58.47989874394337,299805835,1720698445
2.0,0,39.22600173950195,-7.570581436157227,23.24326515197754,0.09480997920036316,-0.2737771272659302,-0.07323804497718811,2.7926130294799805,-48.68447494506836,32.724178314208984,58.72689873090146,312805835,1720698445
2.0,0,-2.9832208156585693,-4.2928690910339355,29.667007446289062,-0.486566960811615,-0.4386293292045593,0.03435530140995979,4.014381408691406,-49.56009292602539,31.543407440185547,58.88382309147625,324805835,1720698445
2.0,0,-2.9832208156585693,-4.2928690910339355,29.667007446289062,-0.486566960811615,-0.4386293292045593,0.03435530140995979,4.014381408691406,-48.15909957885742,31.880769729614258,57.89471140694494,337805835,1720698445
2.0,0,19.951187133789062,-1.467668056488037,-7.074974060058594,-0.8362453579902649,-0.2577979266643524,-0.002929521957412362,3.316227912902832,-48.15909957885742,32.55549621582031,58.22505108348907,349805835,1720698445
2.0,0,-17.11161994934082,4.070204734802246,-3.505164861679077,-0.41492682695388794,0.005859043914824724,0.030626820400357246,4.537996292114258,-47.63372802734375,32.724178314208984,57.9692789542042,362805835,1720698445
2.0,0,-2.782104730606079,1.3359850645065308,5.4301323890686035,-0.11558295786380768,0.025300417095422745,0.005592723377048969,3.316227912902832,-47.4586067199707,32.21813201904297,57.45715577861165,374805835,1720698445
2.0,0,8.806008338928223,1.2282441854476929,1.3192253112792969,-0.14913929998874664,-0.14541080594062805,-0.06205260008573532,2.4435362815856934,-47.28348159790039,32.0494499206543,57.17399532825162,387805835,1720698445
2.0,0,-4.948890209197998,-0.33519336581230164,6.76132869720459,0.09054885804653168,-0.024235136806964874,0.007989604957401752,3.316227912902832,-47.80885314941406,31.880769729614258,57.55925021736509,400805835,1720698445
2.0,0,2.602536916732788,-1.5658318996429443,11.082929611206055,0.09720686078071594,-0.0431438684463501,0.01757713221013546,3.316227912902832,-47.4586067199707,32.21813201904297,57.45715577861165,412805835,1720698445
2.0,0,0.15562549233436584,-1.0774072408676147,14.24092960357666,0.010652806609869003,-0.02476777695119381,0.002929521957412362,3.4907662868499756,-47.28348159790039,32.0494499206543,57.22831747924205,425805835,1720698445
2.0,0,-1.7094860076904297,-0.9265702366828918,12.48116397857666,-0.06977588683366776,0.013049688190221786,-0.009587526321411133,2.268998146057129,-47.4586067199707,30.53131866455078,56.47680164265684,437805835,1720698445
2.0,0,-0.8116468191146851,0.15323124825954437,9.620049476623535,-0.11185447126626968,0.030360499396920204,-0.02689833752810955,2.4435362815856934,-47.63372802734375,32.0494499206543,57.46399007690735,450805835,1720698445
2.0,0,0.03591357171535492,-1.1276862621307373,8.286458015441895,-0.08788565546274185,0.00719064474105835,-0.015446570701897144,3.4907662868499756,-48.68447494506836,32.0494499206543,58.39118760706041,462805835,1720698445
2.0,0,-3.1340579986572266,-11.590506553649902,3.610511064529419,-0.013582328334450722,-0.005060083232820034,0.002663201652467251,1.5708448886871338,-47.80885314941406,31.880769729614258,57.48510652055228,475805835,1720698445
2.0,0,-5.715046405792236,-16.223358154296875,27.234460830688477,0.09161414206027985,-0.037817467004060745,0.005859043914824724,1.9199213981628418,-47.10835647583008,30.53131866455078,56.16978518229665,487805835,1720698445
2.0,0,-4.429340839385986,-9.093317031860352,21.06450653076172,-0.21944782137870789,0.023436175659298897,-0.027430977672338486,2.4435362815856934,-45.88248825073242,32.38681411743164,56.21458286170141,500805835,1720698445
2.0,0,-2.942518949508667,-5.140429496765137,23.386919021606445,-0.06844428181648254,0.0007989605655893683,-0.07643388956785202,2.4435362815856934,-47.28348159790039,32.38681411743164,57.36378849287658,512805835,1720698445
2.0,0,-2.9018168449401855,-12.952828407287598,21.48110580444336,-0.3664565682411194,0.07616756856441498,-0.07297173142433167,3.4907662868499756,-47.983978271484375,33.06153869628906,58.37561957695963,525805835,1720698445
2.0,0,-0.1987217664718628,-0.9265702366828918,24.10519027709961,-0.31612205505371094,0.030360499396920204,-0.10892495512962341,2.268998146057129,-47.10835647583008,31.543407440185547,56.73915892378248,537805835,1720698445
2.0,0,-0.9696664214134216,-8.032669067382812,15.63198184967041,-0.35234156250953674,0.07616756856441498,-0.09534262120723724,2.0944597721099854,-47.28348159790039,32.38681411743164,57.34997927142643,550805835,1720698445
2.0,0,0.3878665864467621,4.5418701171875,23.219324111938477,-0.2684507369995117,0.015712888911366463,-0.10812598466873169,1.2217681407928467,-47.4586067199707,33.56758499145508,58.1428828950652,562805835,1720698445
2.0,0,-1.743005394935608,-3.4429147243499756,18.75646209716797,-0.322780042886734,0.026365695521235466,-0.11957775801420212,1.0472298860549927,-46.933231353759766,33.736263275146484,57.80969084426748,575805835,1720698445
2.0,0,-0.36152997612953186,5.4037957191467285,23.95195770263672,-0.2532704770565033,0.08096133172512054,-0.14407920837402344,2.0944597721099854,-46.933231353759766,33.398902893066406,57.642013163169494,587805835,1720698445
2.0,0,-0.9289644360542297,-1.1420515775680542,19.110809326171875,-0.2639232873916626,0.02370249480009079,-0.16485218703746796,2.268998146057129,-45.707366943359375,33.904945373535156,56.954868679192955,600805835,1720698445
2.0,0,-1.120503544807434,-3.2872891426086426,16.955995559692383,-0.3153230845928192,0.05672619491815567,-0.15925946831703186,1.9199213981628418,-43.95612335205078,33.56758499145508,55.340849654431466,612805835,1720698445
2.0,0,0.9145990014076233,-3.306443214416504,9.474000930786133,-0.5395646691322327,0.11265343427658081,-0.1776355504989624,2.0944597721099854,-45.18199157714844,35.085716247558594,57.24339795311505,625805835,1720698445
2.0,0,2.9736437797546387,5.322391510009766,-11.245737075805664,-0.5747189521789551,0.11212079226970673,-0.1901526004076004,1.3963065147399902,-43.43075180053711,33.736263275146484,55.01195627873054,637805835,1720698445
2.0,0,1.3623214960098267,2.808441638946533,-8.98078727722168,-0.143812894821167,0.03488794341683388,-0.1494056135416031,1.9199213981628418,-43.25563049316406,33.904945373535156,54.9934631417105,650805835,1720698445
2.0,0,1.2426096200942993,4.5275044441223145,13.709407806396484,-0.03275737911462784,0.0018642412032932043,-0.11425135284662247,1.5708448886871338,-42.90538024902344,33.56758499145508,54.498825401435624,662805835,1720698445
2.0,0,1.3766870498657227,8.042245864868164,18.43563461303711,-0.043676506727933884,-0.018376091495156288,-0.09960374981164932,2.618074655532837,-43.25563049316406,35.591758728027344,56.07742124614147,675805835,1720698445
2.0,0,0.5458863377571106,5.628854274749756,22.185012817382812,-0.16591747105121613,0.029295219108462334,-0.12170831859111786,0.34907662868499756,-42.73025894165039,34.07362747192383,54.65353577590959,687805835,1720698445
2.0,0,0.07182714343070984,2.8180184364318848,17.3869571685791,-0.2801688015460968,0.05273139104247093,-0.14647608995437622,1.9199213981628418,-43.60587692260742,34.91703414916992,55.895955794127076,700805835,1720698445
2.0,0,-1.237821102142334,1.7789191007614136,11.367842674255371,-0.36858710646629333,0.08122765272855759,-0.1651185005903244,1.9199213981628418,-43.60587692260742,34.91703414916992,55.895955794127076,712805835,1720698445
2.0,0,0.5434920787811279,0.9074163436889648,7.144406795501709,-0.39175698161125183,0.10466382652521133,-0.16032473742961884,1.9199213981628418,-43.60587692260742,34.91703414916992,55.895955794127076,725805835,1720698445
2.0,0,2.707883358001709,-0.6703867316246033,6.565001010894775,-0.3765767216682434,0.07989604771137238,-0.12969791889190674,1.9199213981628418,-43.60587692260742,34.91703414916992,55.895955794127076,737805835,1720698445
2.0,0,0.23224110901355743,5.312814712524414,11.513891220092773,-0.3009417951107025,0.07670021057128906,-0.11771351844072342,1.9199213981628418,-43.60587692260742,34.91703414916992,55.895955794127076,750805835,1720698445
2.0,0,1.692726492881775,6.921742916107178,12.773261070251465,-0.2745760977268219,0.06844428181648254,-0.12783367931842804,1.9199213981628418,-43.60587692260742,34.91703414916992,55.895955794127076,762805835,1720698445
2.0,0,0.38307812809944153,4.180339813232422,11.094900131225586,-0.26765176653862,0.05459563434123993,-0.1201103925704956,1.9199213981628418,-43.60587692260742,34.91703414916992,55.895955794127076,775805835,1720698445
2.0,0,-0.6751751899719238,2.1069295406341553,10.618447303771973,-0.27990248799324036,0.07084116339683533,-0.1288989633321762,1.9199213981628418,-43.60587692260742,34.91703414916992,55.895955794127076,787805835,1720698445
2.0,0,-0.6751751899719238,2.1069295406341553,10.618447303771973,-0.27990248799324036,0.07084116339683533,-0.1288989633321762,1.9199213981628418,-43.60587692260742,34.91703414916992,55.895955794127076,800805835,1720698445
2.0,0,2.655210256576538,0.4237801730632782,8.22420883178711,-0.3483467996120453,0.0788307711482048,-0.13156215846538544,0.34907662868499756,-38.87752914428711,34.07362747192383,51.69715868355852,812805835,1720698445
2.0,0,0.41180896759033203,1.8483519554138184,8.949663162231445,-0.36565759778022766,0.10013638436794281,-0.13102951645851135,1.3963065147399902,-37.826786041259766,34.41099166870117,51.155955290833646,825805835,1720698445
2.0,0,-0.16280819475650787,4.788476467132568,10.53225326538086,-0.2945501208305359,0.09374470263719559,-0.12490416318178177,1.0472298860549927,-36.776039123535156,35.085716247558594,50.83877682098805,837805835,1720698445
2.0,0,1.393446683883667,3.454885721206665,9.699058532714844,-0.28602784872055054,0.07909709215164185,-0.13023056089878082,0.34907662868499756,-36.4257926940918,34.41099166870117,50.11064333561351,850805835,1720698445
2.0,0,0.6775694489479065,1.4102063179016113,8.55461311340332,-0.27297815680503845,0.07936341315507889,-0.13209480047225952,1.0472298860549927,-35.72529602050781,35.42307662963867,50.32084880143032,862805835,1720698445
2.0,0,0.1987217664718628,0.33279910683631897,7.910562992095947,-0.30440396070480347,0.08389085531234741,-0.12969791889190674,0.6981532573699951,-34.32430648803711,34.07362747192383,48.3700064394344,875805835,1720698445
2.0,0,1.3647156953811646,0.852348804473877,8.98078727722168,-0.31239354610443115,0.09161414206027985,-0.12836632132530212,1.3963065147399902,-35.72529602050781,34.41099166870117,49.62220062894669,887805835,1720698445
2.0,0,0.5865883827209473,0.8044640421867371,9.304009437561035,-0.34488460421562195,0.09827214479446411,-0.11957775801420212,1.9199213981628418,-35.900421142578125,35.591758728027344,50.58952090842237,900805835,1720698445
2.0,0,-0.5434920787811279,1.8627172708511353,8.815585136413574,-0.34674885869026184,0.11531662940979004,-0.12117567658424377,-0.6981532573699951,-35.02479934692383,34.74835205078125,49.342395133476096,912805835,1720698445
2.0,0,3.3399622440338135,4.8650922775268555,9.708635330200195,-0.25912952423095703,0.0700422003865242,-0.12224096059799194,0.5236149430274963,-35.19992446899414,33.904945373535156,48.875905884329725,925805835,1720698445
2.0,0,2.2793147563934326,2.8754801750183105,8.856287002563477,-0.2601948082447052,0.07776549458503723,-0.12810000777244568,-1.0472298860549927,-33.974056243896484,33.736263275146484,47.89017276924031,938805835,1720698445
2.0,0,-1.8291980028152466,0.5578575134277344,8.336737632751465,-0.29002267122268677,0.10466382652521133,-0.12596943974494934,1.2217681407928467,-33.44868469238281,34.91703414916992,48.3684452801059,950805835,1720698445
2.0,0,0.6991175413131714,-0.9600895047187805,6.888223648071289,-0.2969469726085663,0.09987006336450577,-0.12676839530467987,0.5236149430274963,-31.347196578979492,34.2423095703125,46.42689598367373,963805835,1720698445
2.0,0,0.9816376566886902,0.2657604515552521,7.63043737411499,-0.3222474157810211,0.10386486351490021,-0.1257031112909317,0.34907662868499756,-31.872568130493164,34.74835205078125,47.15326525247914,975805835,1720698445
2.0,0,0.06703867018222809,0.059855956584215164,8.082948684692383,-0.35367318987846375,0.12596943974494934,-0.11904511600732803,1.3963065147399902,-30.471576690673828,35.760440826416016,47.00293380203328,988805835,1720698445
2.0,0,1.958486795425415,3.5267128944396973,9.045432090759277,-0.30493661761283875,0.10493014752864838,-0.12277359515428543,0.17453831434249878,-30.646699905395508,34.91703414916992,46.45912130560414,805835,1720698446
2.0,0,2.1811511516571045,5.473228454589844,9.462029457092285,-0.2519388794898987,0.08895093947649002,-0.1182461604475975,1.2217681407928467,-30.9969482421875,35.254398345947266,46.9593028105554,13805835,1720698446
2.0,0,0.217875674366951,1.6065338850021362,7.8052167892456055,-0.2820330560207367,0.10439750552177429,-0.12250728160142899,1.0472298860549927,-30.471576690673828,35.760440826416016,46.99385922170539,25805835,1720698446
2.0,0,0.9217816591262817,0.217875674366951,7.347917079925537,-0.28043514490127563,0.10040270537137985,-0.11957775801420212,2.4435362815856934,-30.82182502746582,34.41099166870117,46.260913471380626,38805835,1720698446
2.0,0,1.6448416709899902,-1.1133207082748413,6.912165641784668,-0.3065345287322998,0.10706070810556412,-0.12730103731155396,0.34907662868499756,-30.471576690673828,35.760440826416016,46.98348612659465,50805835,1720698446
2.0,0,-0.5291266441345215,-0.3591357469558716,7.678321838378906,-0.3257095515727997,0.13182848691940308,-0.12517046928405762,1.3963065147399902,-28.019840240478516,35.42307662963867,45.186894968500525,63805835,1720698446
2.0,0,1.2569750547409058,0.9960030913352966,7.855495452880859,-0.3275738060474396,0.11744718998670578,-0.12250728160142899,1.7453831434249878,-29.771080017089844,34.07362747192383,45.28107393599185,75805835,1720698446
2.0,0,1.8411691188812256,3.9600701332092285,8.726998329162598,-0.28363096714019775,0.11052287369966507,-0.1350243240594864,1.2217681407928467,-28.545211791992188,34.2423095703125,44.596609718101455,88805835,1720698446
2.0,0,0.10055800527334213,1.5251296758651733,7.374253273010254,-0.2476777583360672,0.10812598466873169,-0.12277359515428543,0.8726915717124939,-28.545211791992188,34.57966995239258,44.84801312037614,100805835,1720698446
2.0,0,0.7900986075401306,0.3016740083694458,6.61049222946167,-0.2788372337818146,0.1201103925704956,-0.1150503158569336,0.6981532573699951,-27.319345474243164,35.760440826416016,45.007145912748435,113805835,1720698446
2.0,0,0.8499546051025391,-0.435751348733902,7.177926063537598,-0.2940174639225006,0.12224096059799194,-0.12357256561517715,0.34907662868499756,-28.7203369140625,36.43516540527344,46.39505237694629,125805835,1720698446
2.0,0,-0.18675057590007782,0.47645339369773865,7.070185661315918,-0.3046702742576599,0.12863264977931976,-0.1201103925704956,0.17453831434249878,-26.4437255859375,34.57966995239258,43.53222554044235,138805835,1720698446
2.0,0,0.4333571195602417,-2.0015830993652344,6.758934497833252,-0.3603311777114868,0.14061705768108368,-0.12090936303138733,-0.34907662868499756,-26.969097137451172,34.74835205078125,43.98752124349592,150805835,1720698446
2.0,0,3.8547234535217285,9.280067443847656,9.742155075073242,-0.3984149992465973,0.14913929998874664,-0.11664823442697525,0.17453831434249878,-27.494468688964844,33.904945373535156,43.6522805004967,163805835,1720698446
2.0,0,-11.147573471069336,-39.22719955444336,-32.520938873291016,-1.0652806758880615,0.2865605056285858,-0.018376091495156288,-0.34907662868499756,-26.61884880065918,36.09780502319336,44.85238559382915,175805835,1720698446
2.0,0,-2.9018168449401855,24.766000747680664,5.238593578338623,0.2458135187625885,0.03515426442027092,-0.1581941843032837,0.5236149430274963,-26.4437255859375,35.254398345947266,44.07286464716874,188805835,1720698446
2.0,0,-22.706954956054688,-39.22719955444336,-34.443511962890625,-0.4010781943798065,0.1113218292593956,-0.016245530918240547,0.0,-25.918352127075195,36.09780502319336,44.43886254704937,200805835,1720698446
2.0,0,-2.8204126358032227,25.26879119873047,9.414144515991211,0.10999023169279099,0.01651185005903244,-0.002929521957412362,1.3963065147399902,-25.568103790283203,36.09780502319336,44.25753191047015,213805835,1720698446
2.0,0,-19.1898193359375,-39.22719955444336,-32.24320602416992,0.4796426296234131,-0.09401101619005203,-0.03435530140995979,0.0,-25.568103790283203,35.42307662963867,43.68663742312914,225805835,1720698446
2.0,0,-0.826012134552002,16.51066780090332,19.129962921142578,0.6719257831573486,-0.19681060314178467,0.010120166465640068,0.17453831434249878,-25.392980575561523,35.254398345947266,43.44774480762779,238805835,1720698446
2.0,0,0.9098105430603027,5.535478591918945,23.03496551513672,0.4767131209373474,-0.12543679773807526,-0.049002911895513535,0.34907662868499756,-26.61884880065918,36.77252960205078,45.39717942007796,250805835,1720698446
2.0,0,3.9648585319519043,18.96476173400879,28.512983322143555,-0.041812267154455185,-0.0034621621016412973,0.007723285350948572,1.5708448886871338,-27.14422035217285,36.60384750366211,45.59734536420931,263805835,1720698446
2.0,0,1.2881001234054565,0.8667142391204834,10.091714859008789,-0.18242931365966797,0.05033451318740845,-0.02050665207207203,-0.5236149430274963,-27.494468688964844,35.591758728027344,44.977697478318525,275805835,1720698446
2.0,0,2.2577667236328125,8.485180854797363,22.32866668701172,-0.1813640296459198,0.04873659089207649,0.014647609554231167,1.2217681407928467,-26.093477249145508,34.91703414916992,43.60689791897411,288805835,1720698446
2.0,0,-1.5801972150802612,-5.7102580070495605,7.529879570007324,-0.35234156250953674,0.10466382652521133,0.002396881580352783,0.5236149430274963,-26.79397201538086,35.254398345947266,44.28389901199197,300805835,1720698446
2.0,0,-1.4437257051467896,-4.63763952255249,4.74298620223999,-0.23063325881958008,0.05912308022379875,-0.001065280637703836,0.5236149430274963,-26.79397201538086,35.591758728027344,44.55293927816306,313805835,1720698446
2.0,0,-1.5011874437332153,-6.593731880187988,3.766136884689331,-0.06125364080071449,0.02583305537700653,0.0015979211311787367,-0.34907662868499756,-26.268600463867188,35.42307662963867,44.101650566982535,325805835,1720698446
2.0,0,-1.5011874437332153,-6.593731880187988,3.766136884689331,-0.06125364080071449,0.02583305537700653,0.0015979211311787367,0.6981532573699951,-25.568103790283203,35.085716247558594,43.41915284762783,338805835,1720698446
2.0,0,-0.3591357469558716,-0.3495587706565857,11.406150817871094,-0.02689833752810955,-0.004261122550815344,-0.03382266312837601,-0.17453831434249878,-27.14422035217285,35.591758728027344,44.76172976443827,350805835,1720698446
2.0,0,1.6304762363433838,0.4501167833805084,11.425304412841797,-0.04554075002670288,-0.006125363986939192,0.0007989605655893683,-0.17453831434249878,-27.14422035217285,35.591758728027344,44.76172976443827,363805835,1720698446
2.0,0,2.6695754528045654,0.6847521066665649,7.692687511444092,0.049002911895513535,-0.000532640318851918,-0.004261122550815344,-0.17453831434249878,-27.14422035217285,35.591758728027344,44.76172976443827,376805835,1720698446
2.0,0,-6.524299144744873,-33.14583206176758,-13.158733367919922,0.26924970746040344,-0.1094575896859169,0.0950763002038002,-0.17453831434249878,-27.14422035217285,35.591758728027344,44.76172976443827,388805835,1720698446
2.0,0,-1.3718984127044678,3.169971466064453,2.2601609230041504,1.1129519939422607,-0.2644559144973755,0.0988047793507576,-0.17453831434249878,-27.14422035217285,35.591758728027344,44.76172976443827,401805835,1720698446
2.0,0,-5.3559112548828125,-39.22719955444336,-16.065338134765625,1.3534390926361084,-0.3784409463405609,0.13182848691940308,-0.17453831434249878,-27.14422035217285,35.591758728027344,44.76172976443827,413805835,1720698446
2.0,0,1.0917726755142212,15.636770248413086,16.505878448486328,1.8421366214752197,-0.44368940591812134,0.1651185005903244,0.8726915717124939,-28.89546012878418,35.92912292480469,46.11519360014896,426805835,1720698446
2.0,0,-0.028730858117341995,-7.0534257888793945,7.79085111618042,1.6210908889770508,-0.4428904354572296,0.16218899190425873,0.5236149430274963,-29.245708465576172,36.266483306884766,46.59231103637795,438805835,1720698446
2.0,0,2.188333749771118,13.965591430664062,20.001466751098633,1.6770180463790894,-0.435167133808136,0.1395517736673355,0.5236149430274963,-30.29645347595215,37.615936279296875,48.30225593072458,451805835,1720698446
2.0,0,1.8220152854919434,4.175551414489746,14.413313865661621,1.3675540685653687,-0.35314056277275085,0.1557973027229309,-0.5236149430274963,-32.047691345214844,37.27857208251953,49.163204021690085,463805835,1720698446
2.0,0,1.9273617267608643,-0.916993260383606,9.0621919631958,1.3718152046203613,-0.33050331473350525,0.14647608995437622,-0.34907662868499756,-33.2735595703125,37.10988998413086,49.84371129446647,476805835,1720698446
2.0,0,0.514761209487915,-2.2003049850463867,6.8762526512146,1.3845986127853394,-0.3257095515727997,0.18615780770778656,-1.2217681407928467,-33.79893112182617,37.95329666137695,50.83614058752192,488805835,1720698446
2.0,0,-1.9369386434555054,-3.3662989139556885,5.341545104980469,1.4714189767837524,-0.33609604835510254,0.17603762447834015,-0.8726915717124939,-34.1491813659668,36.60384750366211,50.06765253750552,501805835,1720698446
2.0,0,-1.3264079093933105,0.2250583916902542,7.881832599639893,1.5928610563278198,-0.39388754963874817,0.1563299298286438,0.17453831434249878,-36.250667572021484,36.94121170043945,51.757071835035916,513805835,1720698446
2.0,0,-0.6584155559539795,1.0798014402389526,10.434089660644531,1.5169596672058105,-0.38110417127609253,0.14620977640151978,-1.2217681407928467,-36.60091781616211,37.95329666137695,52.74061650987592,526805835,1720698446
2.0,0,1.0917726755142212,1.9513041973114014,10.79561996459961,1.5023120641708374,-0.3584669530391693,0.1432802528142929,-1.2217681407928467,-39.40290069580078,39.30274963378906,55.66675335790026,538805835,1720698446
2.0,0,2.604931116104126,2.2864975929260254,10.407753944396973,1.4631630182266235,-0.3459499180316925,0.17177650332450867,-1.7453831434249878,-38.87752914428711,39.13406753540039,55.19043283529786,551805835,1720698446
2.0,0,0.4620879888534546,1.4700623750686646,9.526674270629883,1.4317371845245361,-0.3257095515727997,0.1720428317785263,-3.665304660797119,-39.75314712524414,39.30274963378906,56.021900123023975,563805835,1720698446
2.0,0,-0.7613677382469177,0.4788476526737213,7.84352445602417,1.4642282724380493,-0.3344981372356415,0.1781681925058365,-2.618074655532837,-39.75314712524414,38.96538543701172,55.7267286274561,576805835,1720698446
2.0,0,-0.6225019693374634,1.8722944259643555,9.497942924499512,1.4746147394180298,-0.33316653966903687,0.15233513712882996,-2.0944597721099854,-42.029762268066406,40.483516693115234,58.39351677959554,588805835,1720698446
2.0,0,1.0007915496826172,1.4987930059432983,8.731786727905273,1.4714189767837524,-0.3432866930961609,0.17044490575790405,-2.618074655532837,-43.60587692260742,41.66428756713867,60.36753825996846,601805835,1720698446
2.0,0,1.6185050010681152,3.1795482635498047,9.450058937072754,1.5217534303665161,-0.3459499180316925,0.16671642661094666,-3.316227912902832,-43.25563049316406,39.977474212646484,58.99360458010915,613805835,1720698446
2.0,0,-0.2561835050582886,1.8603230714797974,9.335135459899902,1.4487817287445068,-0.3075997829437256,0.1645858734846115,-4.014381408691406,-43.60587692260742,42.00164794921875,60.67722959013658,626805835,1720698446
2.0,0,0.2729431688785553,2.7916817665100098,9.160355567932129,1.4724842309951782,-0.3251769244670868,0.17710290849208832,-3.1416897773742676,-44.83174514770508,41.49560546875,61.16895340664405,638805835,1720698446
2.0,0,0.4716649353504181,1.675966739654541,8.885018348693848,1.4748810529708862,-0.32624223828315735,0.15499833226203918,-2.7926130294799805,-46.582984924316406,42.845054626464844,63.35196822464372,651805835,1720698446
2.0,0,1.4652738571166992,2.940124750137329,8.918537139892578,1.4522438049316406,-0.3251769244670868,0.17896714806556702,-4.014381408691406,-46.407859802246094,43.35110092163086,63.63271690441011,663805835,1720698446
2.0,0,1.6304762363433838,1.9034193754196167,8.142804145812988,1.481805443763733,-0.3201168477535248,0.168846994638443,-5.061611175537109,-47.4586067199707,43.35110092163086,64.47679590837772,676805835,1720698446
2.0,0,1.0438878536224365,3.8020501136779785,9.090922355651855,1.5017794370651245,-0.3134588599205017,0.1757713109254837,-5.236149311065674,-48.334224700927734,43.85714340209961,65.475671546307,688805835,1720698446
2.0,0,0.2920970618724823,3.201096534729004,8.782065391540527,1.4493143558502197,-0.2972133159637451,0.1776355504989624,-5.759764194488525,-50.260589599609375,43.68846130371094,66.8429757084641,701805835,1720698446
2.0,0,1.019945502281189,3.893031358718872,8.748546600341797,1.5047088861465454,-0.3169209957122803,0.1619226634502411,-5.4106879234313965,-50.260589599609375,45.71263885498047,68.15458723953215,713805835,1720698446
2.0,0,1.0079742670059204,2.607325315475464,8.293641090393066,1.4362647533416748,-0.29188692569732666,0.1794998049736023,-7.505147457122803,-50.96108627319336,45.03791427612305,68.42348481947131,726805835,1720698446
2.0,0,0.9074163436889648,3.7972617149353027,8.844316482543945,1.473549485206604,-0.2988112270832062,0.16991227865219116,-4.363457679748535,-50.610836029052734,46.38736343383789,68.79159812670134,738805835,1720698446
2.0,0,0.9576953053474426,3.560232400894165,8.355891227722168,1.4858001470565796,-0.2988112270832062,0.18163035809993744,-6.1088409423828125,-51.31133270263672,47.399452209472656,70.12045971853074,751805835,1720698446
2.0,0,1.6472358703613281,4.934525012969971,8.688690185546875,1.4905940294265747,-0.28789210319519043,0.17710290849208832,-5.759764194488525,-52.71232604980469,48.07417678833008,71.57437163561161,763805835,1720698446
2.0,0,1.4844276905059814,4.333570957183838,8.157169342041016,1.4847348928451538,-0.30440396070480347,0.17310811579227448,-7.85422420501709,-53.41282272338867,48.41154098510742,72.5141073839812,776805835,1720698446
2.0,0,1.4221774339675903,5.911374092102051,9.260913848876953,1.5041762590408325,-0.29987651109695435,0.173907071352005,-7.505147457122803,-55.1640625,50.43571472167969,75.12098474689826,788805835,1720698446
2.0,0,0.2657604515552521,4.608908653259277,8.025486946105957,1.45597243309021,-0.2732445001602173,0.173907071352005,-7.679685592651367,-57.090423583984375,49.592308044433594,76.01112453433859,801805835,1720698446
2.0,0,1.4940046072006226,4.537081718444824,7.616071701049805,1.507105827331543,-0.2934848368167877,0.1888210028409958,-8.901453971862793,-56.5650520324707,50.77307891845703,76.52938348836462,813805835,1720698446
2.0,0,1.534706711769104,6.021509170532227,9.083740234375,1.4573040008544922,-0.2713802456855774,0.17657028138637543,-7.505147457122803,-57.26554870605469,52.122528076171875,77.79735368256432,826805835,1720698446
2.0,0,1.261763572692871,4.769322395324707,7.374253273010254,1.4676904678344727,-0.2745760977268219,0.17843452095985413,-7.85422420501709,-57.26554870605469,52.122528076171875,77.83180480702939,839805835,1720698446
2.0,0,0.7589734792709351,5.659979343414307,7.977601528167725,1.4884635210037231,-0.27723929286003113,0.17843452095985413,-10.123222351074219,-57.440673828125,52.62857437133789,78.56002470059296,851805835,1720698446
2.0,0,0.7589734792709351,5.659979343414307,7.977601528167725,1.4884635210037231,-0.27723929286003113,0.17843452095985413,-8.203300476074219,-59.36703872680664,53.80934143066406,80.5430608500366,864805835,1720698446
2.0,0,1.9800350666046143,5.825181484222412,7.723812580108643,1.4927245378494263,-0.2775056064128876,0.1813640296459198,-9.250530242919922,-58.31629180908203,54.484066009521484,80.34224075209178,876805835,1720698446
2.0,0,3.0095574855804443,6.09333610534668,7.503542900085449,1.4985836744308472,-0.27297815680503845,0.16937962174415588,-9.425068855285645,-60.5929069519043,54.31538772583008,81.9176027457851,889805835,1720698446
2.0,0,0.9864261746406555,7.082156658172607,7.771697521209717,1.470353603363037,-0.2500746250152588,0.18482619524002075,-10.64683723449707,-60.067535400390625,55.833518981933594,82.6973143099641,901805835,1720698446
2.0,0,1.0343109369277954,4.984804153442383,6.790059566497803,1.5087038278579712,-0.2663201689720154,0.18109771609306335,-10.64683723449707,-60.067535400390625,55.833518981933594,82.6973143099641,914805835,1720698446
2.0,0,1.4365429878234863,8.001543998718262,8.054217338562012,1.476212739944458,-0.2583305537700653,0.1651185005903244,-10.64683723449707,-60.067535400390625,55.833518981933594,82.6973143099641,926805835,1720698446
2.0,0,1.7765247821807861,5.820393085479736,6.495568752288818,1.465559959411621,-0.2471451312303543,0.17470602691173553,-10.64683723449707,-60.067535400390625,55.833518981933594,82.6973143099641,939805835,1720698446
2.0,0,2.6216909885406494,7.680716037750244,7.817187786102295,1.5190902948379517,-0.26126009225845337,0.1725754737854004,-10.64683723449707,-60.067535400390625,55.833518981933594,82.6973143099641,951805835,1720698446
2.0,0,1.4245717525482178,5.207468032836914,5.947287559509277,1.4663589000701904,-0.24847672879695892,0.17657028138637543,-10.64683723449707,-60.067535400390625,55.833518981933594,82.6973143099641,964805835,1720698446
2.0,0,0.9792433977127075,6.682318687438965,6.682318687438965,1.4983173608779907,-0.24847672879695892,0.17230914533138275,-10.64683723449707,-60.067535400390625,55.833518981933594,82.6973143099641,976805835,1720698446
2.0,0,2.4947962760925293,7.604100227355957,7.089339256286621,1.507372260093689,-0.26046112179756165,0.17736923694610596,-12.56675910949707,-63.74513626098633,60.725276947021484,88.9321375642141,989805835,1720698446
2.0,0,2.0805928707122803,7.807610988616943,6.655982494354248,1.484202265739441,-0.242617666721344,0.1725754737854004,-13.613988876342773,-64.09538269042969,63.086814880371094,90.95880928809495,1805835,1720698447
2.0,0,1.8028613328933716,6.670347690582275,5.808422088623047,1.496719479560852,-0.24634616076946259,0.18296195566654205,-14.486680030822754,-64.2705078125,63.93022155761719,91.80215303138638,14805835,1720698447
2.0,0,1.5155527591705322,8.25533390045166,7.05821418762207,1.4983173608779907,-0.23968815803527832,0.1752386838197708,-12.217681884765625,-65.49637603759766,64.43626403808594,92.68807446420307,26805835,1720698447
2.0,0,2.138054609298706,6.395010471343994,4.762139797210693,1.4756799936294556,-0.24501456320285797,0.16591747105121613,-14.137603759765625,-66.37199401855469,64.94230651855469,93.92878475748054,39805835,1720698447
2.0,0,3.016740322113037,8.94487476348877,6.682318687438965,1.5292104482650757,-0.2601948082447052,0.17550499737262726,-13.264911651611328,-67.24761962890625,66.46044158935547,95.47350691752787,51805835,1720698447
2.0,0,2.1284778118133545,7.0797624588012695,5.111698150634766,1.4674241542816162,-0.22903534770011902,0.1645858734846115,-13.613988876342773,-66.1968765258789,66.46044158935547,94.78585047969857,64805835,1720698447
2.0,0,1.7837074995040894,7.831552982330322,5.444497585296631,1.4892624616622925,-0.22290997207164764,0.17710290849208832,-14.661218643188477,-67.59786224365234,68.14725494384766,97.10031240112951,76805835,1720698447
2.0,0,1.5682260990142822,7.201868534088135,5.248170375823975,1.4980510473251343,-0.22610582411289215,0.16964595019817352,-14.835756301879883,-66.37199401855469,68.31593322753906,96.3971368236495,89805835,1720698447
2.0,0,1.5682260990142822,7.201868534088135,5.248170375823975,1.4980510473251343,-0.22610582411289215,0.16964595019817352,-13.613988876342773,-65.84662628173828,69.15933990478516,96.4579347792482,101805835,1720698447
2.0,0,2.1500258445739746,7.501148700714111,4.534687519073486,1.4932571649551392,-0.236492320895195,0.168846994638443,-15.010294914245605,-66.89736938476562,69.83406829833984,97.86400808832427,114805835,1720698447
2.0,0,1.3072539567947388,15.82352066040039,9.933694839477539,1.2996424436569214,-0.1744397133588791,0.1331600844860077,-16.93021583557129,-67.07249450683594,70.3401107788086,98.65638809516408,126805835,1720698447
2.0,0,5.820393085479736,33.70369338989258,15.15552806854248,1.0160114765167236,-0.1539330631494522,0.10093534737825394,-15.184833526611328,-68.82373046875,70.67747497558594,99.81277730726976,139805835,1720698447
2.0,0,3.1795482635498047,29.580812454223633,11.473190307617188,0.16218899190425873,-0.013316008262336254,0.02077297307550907,-16.581140518188477,-67.77298736572266,72.70165252685547,100.76528329486274,151805835,1720698447
2.0,0,2.734220027923584,22.314300537109375,10.922514915466309,-0.08682037144899368,0.0007989605655893683,0.005326403304934502,-15.70844841003418,-67.94811248779297,72.53296661376953,100.6217301973022,164805835,1720698447
2.0,0,2.0063717365264893,1.6663898229599,1.0606476068496704,-0.3526079058647156,0.03648586571216583,-0.03009418025612831,-16.406600952148438,-68.2983627319336,72.87033081054688,101.21229183801911,176805835,1720698447
2.0,0,1.6065338850021362,-1.9225733280181885,-0.5626459717750549,-0.3297043740749359,0.03408898040652275,-0.02689833752810955,-16.581140518188477,-66.0217514038086,74.05110168457031,100.58514572246135,189805835,1720698447
2.0,0,1.61371648311615,-0.24900077283382416,2.0566506385803223,-0.14221496880054474,0.0412796251475811,-0.01864241249859333,-16.93021583557129,-67.07249450683594,72.36428833007812,100.10964965040706,201805835,1720698447
2.0,0,0.8403776288032532,8.619257926940918,4.7597455978393555,-0.016245530918240547,0.020240332931280136,-0.000266320159425959,-16.057525634765625,-67.59786224365234,71.85824584960938,99.95460272546661,214805835,1720698447
2.0,0,1.6903321743011475,11.736556053161621,5.226621627807617,-0.050068192183971405,0.005859043914824724,-0.010386486537754536,-15.359371185302734,-66.89736938476562,71.18351745605469,98.88509225978467,226805835,1720698447
2.0,0,2.403815269470215,12.730164527893066,8.001543998718262,-0.09081517904996872,-0.0037284824065864086,-0.014647609554231167,-17.279293060302734,-67.07249450683594,74.38846588134766,101.64121872652741,239805835,1720698447
2.0,0,3.2872891426086426,6.612886428833008,4.403004169464111,-0.1725754737854004,0.03169209882616997,-0.016245530918240547,-15.184833526611328,-67.07249450683594,72.02692413330078,99.58502140736178,251805835,1720698447
2.0,0,2.530709743499756,4.800447940826416,3.943310499191284,-0.09480997920036316,0.03222474083304405,-0.012250727973878384,-15.359371185302734,-67.24761962890625,71.85824584960938,99.60803243486374,264805835,1720698447
2.0,0,1.2833117246627808,6.4931745529174805,5.724623203277588,-0.03488794341683388,0.02769729681313038,0.0015979211311787367,-16.057525634765625,-67.94811248779297,72.87033081054688,100.92014284870716,276805835,1720698447
2.0,0,0.7805216908454895,8.863470077514648,5.4301323890686035,-0.02370249480009079,0.006658004131168127,-0.009321206249296665,-15.359371185302734,-67.24761962890625,72.87033081054688,100.34060863578864,289805835,1720698447
2.0,0,1.9824292659759521,10.10368537902832,5.291266441345215,-0.06578107923269272,-0.00878856610506773,-0.007456964813172817,-14.486680030822754,-67.77298736572266,72.70165252685547,100.44188366874384,301805835,1720698447
2.0,0,3.248981475830078,9.251337051391602,5.482805252075195,-0.10013638436794281,0.004793763160705566,-0.017044490203261375,-17.279293060302734,-67.07249450683594,71.35220336914062,99.44058735579033,314805835,1720698447
2.0,0,3.01434588432312,7.604100227355957,5.585757732391357,-0.09587526321411133,0.02796361781656742,-0.003994802478700876,-16.406600952148438,-67.94811248779297,72.19561004638672,100.490440617139,327805835,1720698447
2.0,0,1.6999092102050781,6.806819438934326,4.7597455978393555,-0.08708669990301132,0.033556342124938965,-0.005326403304934502,-15.882987022399902,-67.42274475097656,72.02692413330078,99.92984332327019,339805835,1720698447
2.0,0,0.8547430038452148,7.237782001495361,4.898611545562744,-0.05779147893190384,0.01651185005903244,-0.002929521957412362,-15.882987022399902,-66.72224426269531,72.02692413330078,99.4585589897057,352805835,1720698447
2.0,0,1.4556968212127686,8.90417194366455,5.568997859954834,-0.04554075002670288,0.0,-0.012783369049429893,-17.802907943725586,-67.94811248779297,71.52088165283203,100.2453292393463,364805835,1720698447
2.0,0,2.528315544128418,9.344712257385254,5.978412628173828,-0.08948357403278351,0.010120166465640068,-0.006391684524714947,-16.755678176879883,-67.59786224365234,74.21977996826172,101.77818759250998,377805835,1720698447
2.0,0,3.3902413845062256,7.941688060760498,4.745380401611328,-0.07803180813789368,0.01384864840656519,-0.009321206249296665,-16.581140518188477,-68.12323760986328,72.36428833007812,100.7586222060052,389805835,1720698447
2.0,0,1.6065338850021362,5.537873268127441,3.3136258125305176,-0.09907110780477524,0.027164656668901443,-0.004793763160705566,-15.010294914245605,-67.94811248779297,72.19561004638672,100.2719355255314,402805835,1720698447
2.0,0,1.6711782217025757,7.810005187988281,6.521904945373535,-0.09054885804653168,0.026365695521235466,-0.00719064474105835,-16.406600952148438,-66.89736938476562,71.18351745605469,99.05315614770312,415716211,1720698447
2.0,0,1.2833117246627808,8.724604606628418,5.990383625030518,-0.051133476197719574,0.008522245101630688,-0.006658004131168127,-15.533909797668457,-67.42274475097656,72.36428833007812,100.11852520326156,428716211,1720698447
2.0,0,2.221853017807007,7.704658508300781,4.379061698913574,-0.07643388956785202,0.007456964813172817,-0.007723285350948572,-15.882987022399902,-67.77298736572266,72.36428833007812,100.40934876169055,440716211,1720698447
2.0,0,2.6887295246124268,8.183506965637207,5.394218921661377,-0.07164012640714645,0.012783369049429893,-0.004527443088591099,-15.70844841003418,-66.89736938476562,71.85824584960938,99.42645965051449,453716211,1720698447
2.0,0,2.035102367401123,8.070977210998535,5.300843238830566,-0.07297173142433167,0.02050665207207203,-0.002396881580352783,-16.406600952148438,-68.2983627319336,71.85824584960938,100.4860706926523,465716211,1720698447
2.0,0,1.7789191007614136,7.7477545738220215,5.078179359436035,-0.07483596354722977,0.021039292216300964,-0.004527443088591099,-16.93021583557129,-68.4734878540039,72.36428833007812,101.05365393022724,478716211,1720698447
2.0,0,1.628082036972046,7.881832599639893,5.343940258026123,-0.06844428181648254,0.012250727973878384,-0.006658004131168127,-16.057525634765625,-68.2983627319336,72.53296661376953,100.91353589666818,490716211,1720698447
2.0,0,2.1859395503997803,8.059005737304688,5.104515552520752,-0.05912308022379875,0.009054886177182198,-0.005060083232820034,-16.057525634765625,-68.2983627319336,72.53296661376953,100.91353589666818,503716211,1720698447
2.0,0,2.39902663230896,8.358285903930664,5.506748199462891,-0.06844428181648254,0.013582328334450722,-0.006125363986939192,-16.057525634765625,-68.2983627319336,72.53296661376953,100.91353589666818,515716211,1720698447
2.0,0,2.092564105987549,8.128438949584961,5.367882251739502,-0.07084116339683533,0.019175052642822266,-0.0015979211311787367,-16.057525634765625,-68.2983627319336,72.53296661376953,100.91353589666818,528716211,1720698447
2.0,0,1.8004671335220337,7.836341857910156,5.042265892028809,-0.06711268424987793,0.021305613219738007,-0.004527443088591099,-16.057525634765625,-68.2983627319336,72.53296661376953,100.91353589666818,540716211,1720698447
2.0,0,1.807649850845337,8.252939224243164,5.621671676635742,-0.06737900525331497,0.013582328334450722,-0.007723285350948572,-16.057525634765625,-68.2983627319336,72.53296661376953,100.91353589666818,553716211,1720698447
2.0,0,2.1763625144958496,7.908168792724609,5.109303951263428,-0.07110748440027237,0.010386486537754536,-0.005060083232820034,-16.057525634765625,-68.2983627319336,72.53296661376953,100.91353589666818,565716211,1720698447
2.0,0,2.296074390411377,8.039852142333984,5.293660640716553,-0.0681779608130455,0.015712888911366463,-0.004261122550815344,-16.057525634765625,-68.2983627319336,72.53296661376953,100.91353589666818,578716211,1720698447
2.0,0,1.9680639505386353,8.207448959350586,5.470834255218506,-0.06737900525331497,0.017044490203261375,-0.002130561275407672,-16.23206329345703,-68.4734878540039,72.36428833007812,100.93903428889092,590716211,1720698447
2.0,0,1.8411691188812256,8.090130805969238,5.2002854347229,-0.07057484239339828,0.015446570701897144,-0.00719064474105835,-16.23206329345703,-66.37199401855469,72.02692413330078,99.28040727588763,603716211,1720698447
2.0,0,1.7789191007614136,8.11886215209961,5.461257457733154,-0.06897692382335663,0.013582328334450722,-0.005326403304934502,-15.359371185302734,-67.59786224365234,71.52088165283203,99.60229804335899,615716211,1720698447
2.0,0,2.197910785675049,8.063794136047363,5.310420513153076,-0.06737900525331497,0.010386486537754536,-0.0037284824065864086,-15.882987022399902,-66.0217514038086,73.03901672363281,99.72882682121121,628716211,1720698447
2.0,0,2.1739683151245117,7.912957668304443,5.233805179595947,-0.07243908941745758,0.015712888911366463,-0.004527443088591099,-16.23206329345703,-67.42274475097656,72.36428833007812,100.22922036031615,640716211,1720698447
2.0,0,1.9872177839279175,7.903380393981934,5.291266441345215,-0.06471580266952515,0.017310811206698418,-0.006391684524714947,-16.581140518188477,-67.77298736572266,72.02692413330078,100.27955842275423,653716211,1720698447
2.0,0,1.8651115894317627,7.994361877441406,5.209862232208252,-0.0700422003865242,0.015180249698460102,-0.007989604957401752,-15.533909797668457,-68.12323760986328,72.36428833007812,100.59159051118871,665716211,1720698447
2.0,0,1.946515679359436,8.300824165344238,5.549844264984131,-0.06737900525331497,0.01384864840656519,-0.009054886177182198,-16.406600952148438,-67.24761962890625,73.20769500732422,100.75110673755648,678716211,1720698447
2.0,0,2.1500258445739746,8.06618881225586,5.255352973937988,-0.06977588683366776,0.012250727973878384,-0.005060083232820034,-16.755678176879883,-68.64861297607422,72.53296661376953,101.26409067631131,690716211,1720698447
2.0,0,2.0494680404663086,7.953659534454346,5.336756706237793,-0.07350436598062515,0.014913929626345634,-0.005326403304934502,-16.93021583557129,-67.07249450683594,72.70165252685547,100.35378422234109,703716211,1720698447
2.0,0,1.975246548652649,7.94887113571167,5.166766166687012,-0.06551475822925568,0.018109772354364395,-0.006125363986939192,-15.533909797668457,-66.0217514038086,71.68955993652344,98.68924468208675,715716211,1720698447
2.0,0,1.8603230714797974,8.059005737304688,5.217044830322266,-0.06365051865577698,0.014647609554231167,-0.005326403304934502,-15.184833526611328,-68.4734878540039,72.36428833007812,100.77592933653354,728716211,1720698447
2.0,0,2.008765935897827,8.15238094329834,5.439709186553955,-0.06578107923269272,0.011718087829649448,-0.006125363986939192,-16.755678176879883,-66.547119140625,71.52088165283203,99.11865782728351,740716211,1720698447
2.0,0,2.169179677963257,7.956053733825684,5.166766166687012,-0.06977588683366776,0.015180249698460102,-0.004261122550815344,-15.882987022399902,-68.82373046875,73.71373748779297,102.09157774668842,753716211,1720698447
2.0,0,2.032708168029785,8.003938674926758,5.2769012451171875,-0.06791163980960846,0.01651185005903244,-0.006125363986939192,-15.184833526611328,-67.07249450683594,72.02692413330078,99.58502140736178,765716211,1720698447
2.0,0,1.9393328428268433,7.999150276184082,5.300843238830566,-0.06791163980960846,0.012783369049429893,-0.004527443088591099,-15.184833526611328,-67.07249450683594,73.37637329101562,100.56535609215983,778716211,1720698447
2.0,0,1.958486795425415,8.008727073669434,5.279295444488525,-0.07084116339683533,0.013049688190221786,-0.00825592502951622,-15.882987022399902,-67.07249450683594,72.36428833007812,99.9378758111355,791716211,1720698447
2.0,0,2.066227674484253,8.104496955871582,5.315208911895752,-0.06844428181648254,0.015712888911366463,-0.002130561275407672,-15.359371185302734,-67.24761962890625,71.85824584960938,99.60803243486374,803716211,1720698447
2.0,0,2.1069295406341553,8.01351547241211,5.2984490394592285,-0.07110748440027237,0.014647609554231167,-0.0034621621016412973,-15.882987022399902,-67.07249450683594,73.37637329101562,100.67313918551329,816716211,1720698447
2.0,0,1.98482346534729,8.025486946105957,5.310420513153076,-0.06711268424987793,0.013049688190221786,-0.004793763160705566,-16.406600952148438,-67.59786224365234,71.85824584960938,100.0112745209146,828716211,1720698447
2.0,0,2.011160135269165,8.104496955871582,5.27450704574585,-0.07084116339683533,0.016778171062469482,-0.001065280637703836,-16.406600952148438,-67.59786224365234,72.19561004638672,100.2539457811251,841716211,1720698447
2.0,0,2.0518622398376465,8.114073753356934,5.336756706237793,-0.06977588683366776,0.012250727973878384,0.0018642412032932043,-15.882987022399902,-68.12323760986328,73.03901672363281,101.13230316352302,853716211,1720698447
2.0,0,2.0518622398376465,8.114073753356934,5.336756706237793,-0.06604740023612976,0.012250727973878384,-0.004527443088591099,-15.882987022399902,-67.77298736572266,72.70165252685547,100.65275641215077,866716211,1720698447
2.0,0,2.1787569522857666,8.001543998718262,5.185919761657715,-0.06844428181648254,0.015712888911366463,-0.0031958422623574734,-16.23206329345703,-67.42274475097656,72.70165252685547,100.47306439366604,878716211,1720698447
2.0,0,2.1787569522857666,8.001543998718262,5.185919761657715,-0.06737900525331497,0.01651185005903244,-0.0031958422623574734,-16.23206329345703,-67.77298736572266,72.70165252685547,100.70843050794123,891716211,1720698447
2.0,0,2.061439037322998,8.073371887207031,5.176342964172363,-0.06844428181648254,0.017044490203261375,-0.005326403304934502,-15.882987022399902,-67.07249450683594,73.03901672363281,100.42751993392237,903716211,1720698447
2.0,0,2.0015830993652344,8.01351547241211,5.269718647003174,-0.06897692382335663,0.013316008262336254,-0.004527443088591099,-16.057525634765625,-66.89736938476562,72.53296661376953,99.9706627261575,916716211,1720698447
2.0,0,2.068621873855591,8.073371887207031,5.27450704574585,-0.06737900525331497,0.015979209914803505,-0.004261122550815344,-16.93021583557129,-67.07249450683594,71.35220336914062,99.38052451682758,928716211,1720698447
2.0,0,2.061439037322998,8.054217338562012,5.257747173309326,-0.06844428181648254,0.01651185005903244,-0.003994802478700876,-16.93021583557129,-66.72224426269531,73.37637329101562,100.61104434917807,941716211,1720698447
2.0,0,1.9944003820419312,8.051822662353516,5.3559112548828125,-0.06924324482679367,0.015180249698460102,-0.005326403304934502,-16.406600952148438,-68.64861297607422,72.87033081054688,101.44897106812076,953716211,1720698447
2.0,0,2.05904483795166,8.006332397460938,5.231410980224609,-0.06471580266952515,0.013049688190221786,-0.005060083232820034,-16.581140518188477,-68.12323760986328,72.36428833007812,100.7586222060052,966716211,1720698447
2.0,0,2.0566506385803223,8.054217338562012,5.334362506866455,-0.07110748440027237,0.01757713221013546,-0.004527443088591099,-16.93021583557129,-66.72224426269531,72.70165252685547,100.1200298033587,978716211,1720698447
2.0,0,2.145237445831299,8.018303871154785,5.284083843231201,-0.07057484239339828,0.011718087829649448,-0.004261122550815344,-15.882987022399902,-68.82373046875,73.37637329101562,101.84825629205118,991716211,1720698447
2.0,0,2.109323740005493,8.032669067382812,5.262535572052002,-0.06871060281991959,0.0143812894821167,-0.006125363986939192,-15.882987022399902,-66.37199401855469,73.71373748779297,100.4550942519693,3716211,1720698448
2.0,0,2.039891004562378,8.039852142333984,5.269718647003174,-0.06924324482679367,0.015446570701897144,-0.002663201652467251,-16.406600952148438,-67.59786224365234,72.19561004638672,100.2539457811251,16716211,1720698448
2.0,0,1.9896119832992554,8.056611061096191,5.300843238830566,-0.06711268424987793,0.016245530918240547,-0.005859043914824724,-16.581140518188477,-68.12323760986328,72.70165252685547,101.00118812899892,28716211,1720698448
2.0,0,2.008765935897827,8.073371887207031,5.262535572052002,-0.06791163980960846,0.016245530918240547,-0.006658004131168127,-17.45383071899414,-67.24761962890625,72.19561004638672,100.19523273335561,41716211,1720698448
2.0,0,2.0566506385803223,8.094919204711914,5.363093852996826,-0.06764532625675201,0.013316008262336254,-0.004793763160705566,-16.057525634765625,-66.89736938476562,73.20769500732422,100.46127994604855,53716211,1720698448
2.0,0,2.0494680404663086,7.970418930053711,5.154795169830322,-0.07030852884054184,0.016245530918240547,-0.00719064474105835,-16.755678176879883,-66.547119140625,72.19561004638672,99.60661587993863,66716211,1720698448
2.0,0,2.008765935897827,8.080554008483887,5.35830545425415,-0.06871060281991959,0.012517048045992851,-0.006658004131168127,-16.406600952148438,-68.2983627319336,73.54505920410156,101.69915751863738,78716211,1720698448
2.0,0,2.087775707244873,8.106890678405762,5.341545104980469,-0.06764532625675201,0.015446570701897144,-0.004527443088591099,-16.755678176879883,-67.24761962890625,72.19561004638672,100.07597717180263,91716211,1720698448
2.0,0,2.061439037322998,8.037457466125488,5.2984490394592285,-0.06764532625675201,0.014114969410002232,-0.005326403304934502,-15.882987022399902,-68.4734878540039,73.03901672363281,101.36856406007365,103716211,1720698448
2.0,0,2.0015830993652344,8.035063743591309,5.343940258026123,-0.0663137212395668,0.014114969410002232,-0.005326403304934502,-16.23206329345703,-66.72224426269531,72.36428833007812,99.75935035740888,116716211,1720698448
2.0,0,2.0255255699157715,8.003938674926758,5.284083843231201,-0.0700422003865242,0.010919126681983471,-0.004261122550815344,-16.93021583557129,-67.07249450683594,73.03901672363281,100.59845769972658,128716211,1720698448
2.0,0,1.9704581499099731,7.994361877441406,5.360699653625488,-0.06924324482679367,0.019441373646259308,-0.005592723377048969,-15.533909797668457,-68.4734878540039,72.36428833007812,100.82911840343147,141716211,1720698448
2.0,0,2.039891004562378,8.054217338562012,5.26492977142334,-0.06871060281991959,0.014114969410002232,-0.006924324203282595,-15.533909797668457,-68.4734878540039,72.36428833007812,100.82911840343147,153716211,1720698448
2.0,0,2.039891004562378,8.023092269897461,5.305631637573242,-0.06844428181648254,0.0143812894821167,-0.00719064474105835,-15.533909797668457,-68.4734878540039,72.36428833007812,100.82911840343147,166716211,1720698448
2.0,0,2.0973527431488037,8.051822662353516,5.312814712524414,-0.06684636324644089,0.013049688190221786,-0.003994802478700876,-15.533909797668457,-68.4734878540039,72.36428833007812,100.82911840343147,178716211,1720698448
2.0,0,2.0781986713409424,8.085342407226562,5.260141372680664,-0.06764532625675201,0.01651185005903244,-0.009587526321411133,-15.533909797668457,-68.4734878540039,72.36428833007812,100.82911840343147,191716211,1720698448
2.0,0,2.042285203933716,8.116467475891113,5.351122856140137,-0.06844428181648254,0.012250727973878384,-0.006125363986939192,-15.533909797668457,-68.4734878540039,72.36428833007812,100.82911840343147,203716211,1720698448
2.0,0,2.114112377166748,8.054217338562012,5.231410980224609,-0.06924324482679367,0.016245530918240547,-0.00719064474105835,-15.533909797668457,-68.4734878540039,72.36428833007812,100.82911840343147,216716211,1720698448
2.0,0,1.9896119832992554,8.037457466125488,5.396613121032715,-0.06950956583023071,0.015180249698460102,-0.005859043914824724,-15.533909797668457,-68.4734878540039,72.36428833007812,100.82911840343147,228716211,1720698448
2.0,0,1.9704581499099731,8.051822662353516,5.35830545425415,-0.07057484239339828,0.014647609554231167,-0.00719064474105835,-16.406600952148438,-67.24761962890625,71.52088165283203,99.53218280011497,241716211,1720698448
2.0,0,1.9920061826705933,8.027880668640137,5.260141372680664,-0.06764532625675201,0.011185446754097939,-0.007989604957401752,-15.184833526611328,-67.42274475097656,72.02692413330078,99.82125765131646,253716211,1720698448
2.0,0,2.03749680519104,8.075765609741211,5.3247857093811035,-0.06764532625675201,0.01384864840656519,-0.003994802478700876,-17.104755401611328,-66.547119140625,71.85824584960938,99.42182466565575,266716211,1720698448
2.0,0,2.085381507873535,8.078160285949707,5.262535572052002,-0.06578107923269272,0.01145176775753498,-0.004793763160705566,-15.70844841003418,-66.547119140625,71.52088165283203,98.94701071667426,278716211,1720698448
2.0,0,2.032708168029785,7.99196720123291,5.341545104980469,-0.06737900525331497,0.013049688190221786,-0.005060083232820034,-16.23206329345703,-68.4734878540039,72.36428833007812,100.93903428889092,291716211,1720698448
2.0,0,2.032708168029785,8.054217338562012,5.3247857093811035,-0.06924324482679367,0.013049688190221786,-0.005326403304934502,-15.359371185302734,-67.94811248779297,71.85824584960938,100.08228499811831,304716211,1720698448
2.0,0,2.0015830993652344,8.073371887207031,5.353517055511475,-0.06871060281991959,0.015712888911366463,-0.005859043914824724,-14.835756301879883,-67.77298736572266,72.36428833007812,100.24902845934145,316716211,1720698448
2.0,0,2.0255255699157715,8.087737083435059,5.303237438201904,-0.06737900525331497,0.012517048045992851,-0.005060083232820034,-16.23206329345703,-67.42274475097656,71.68955993652344,99.74316714647935,329716211,1720698448
2.0,0,2.0829873085021973,8.056611061096191,5.300843238830566,-0.07350436598062515,0.017843451350927353,-0.003994802478700876,-16.23206329345703,-67.42274475097656,72.36428833007812,100.22922036031615,341716211,1720698448
2.0,0,2.0829873085021973,8.056611061096191,5.300843238830566,-0.06871060281991959,0.012250727973878384,-0.005326403304934502,-16.057525634765625,-67.59786224365234,72.19561004638672,100.19741124097413,354716211,1720698448
2.0,0,1.996794581413269,8.039852142333984,5.291266441345215,-0.06365051865577698,0.012517048045992851,-0.006125363986939192,-16.581140518188477,-66.72224426269531,74.05110168457031,101.0463149304974,366716211,1720698448
2.0,0,1.975246548652649,8.042245864868164,5.329574108123779,-0.06737900525331497,0.015180249698460102,-0.00825592502951622,-16.23206329345703,-67.77298736572266,71.68955993652344,99.98025154564067,379716211,1720698448
2.0,0,2.015948534011841,8.06618881225586,5.327179908752441,-0.0681779608130455,0.011984407901763916,-0.005326403304934502,-15.184833526611328,-66.0217514038086,73.03901672363281,99.62002204181806,391716211,1720698448
2.0,0,2.0279197692871094,8.008727073669434,5.226621627807617,-0.07057484239339828,0.01651185005903244,-0.0034621621016412973,-15.533909797668457,-66.37199401855469,72.70165252685547,99.65979241267156,404716211,1720698448
2.0,0,2.032708168029785,8.094919204711914,5.260141372680664,-0.0681779608130455,0.018376091495156288,-0.007989604957401752,-14.835756301879883,-66.0217514038086,72.36428833007812,99.0735158808536,416716211,1720698448
2.0,0,1.9872177839279175,8.042245864868164,5.248170375823975,-0.0681779608130455,0.014647609554231167,-0.007723285350948572,-16.406600952148438,-65.84662628173828,72.53296661376953,99.32766982711388,429716211,1720698448
2.0,0,2.0039772987365723,8.073371887207031,5.305631637573242,-0.0700422003865242,0.018109772354364395,-0.006125363986939192,-16.93021583557129,-67.42274475097656,72.02692413330078,100.10163094624698,441716211,1720698448
2.0,0,2.0997469425201416,8.111679077148438,5.233805179595947,-0.06871060281991959,0.015180249698460102,-0.02476777695119381,-15.359371185302734,-66.1968765258789,72.53296661376953,99.39299769493105,454716211,1720698448
2.0,0,2.087775707244873,8.087737083435059,5.240987777709961,-0.06684636324644089,0.011185446754097939,-0.006924324203282595,-16.057525634765625,-67.24761962890625,72.87033081054688,100.44984613081172,466716211,1720698448
2.0,0,2.068621873855591,8.061399459838867,5.3247857093811035,-0.06924324482679367,0.014913929626345634,-0.006391684524714947,-17.45383071899414,-66.547119140625,71.85824584960938,99.48247468407058,479716211,1720698448
2.0,0,1.9536983966827393,8.032669067382812,5.308026313781738,-0.06924324482679367,0.015446570701897144,-0.0031958422623574734,-16.057525634765625,-67.59786224365234,72.87033081054688,100.68465733100298,491716211,1720698448
2.0,0,2.039891004562378,8.030275344848633,5.348728656768799,-0.06684636324644089,0.015712888911366463,-0.007456964813172817,-15.882987022399902,-68.12323760986328,72.36428833007812,100.64608787589458,504716211,1720698448
2.0,0,2.0758044719696045,7.99196720123291,5.281689643859863,-0.06737900525331497,0.016245530918240547,-0.004793763160705566,-16.23206329345703,-68.12323760986328,71.68955993652344,100.21800429615965,516716211,1720698448
2.0,0,2.0781986713409424,8.054217338562012,5.284083843231201,-0.06791163980960846,0.015712888911366463,-0.008522245101630688,-16.23206329345703,-67.07249450683594,71.68955993652344,99.50674551016488,529716211,1720698448
2.0,0,1.9704581499099731,8.090130805969238,5.303237438201904,-0.06391683965921402,0.014647609554231167,-0.005859043914824724,-16.406600952148438,-66.89736938476562,72.53296661376953,100.0273254226015,541716211,1720698448
2.0,0,2.042285203933716,8.061399459838867,5.286478042602539,-0.06791163980960846,0.013049688190221786,-0.009321206249296665,-15.882987022399902,-66.37199401855469,71.01483917236328,98.4917166538862,554716211,1720698448
2.0,0,2.066227674484253,8.111679077148438,5.327179908752441,-0.06924324482679367,0.015712888911366463,-0.0037284824065864086,-16.406600952148438,-67.24761962890625,72.53296661376953,100.26190775340005,566716211,1720698448
2.0,0,2.085381507873535,8.037457466125488,5.3559112548828125,-0.06684636324644089,0.015712888911366463,-0.005859043914824724,-15.882987022399902,-67.42274475097656,72.70165252685547,100.41725980450119,579716211,1720698448
2.0,0,2.035102367401123,8.063794136047363,5.193102836608887,-0.07350436598062515,0.014647609554231167,-0.004261122550815344,-16.23206329345703,-67.07249450683594,71.68955993652344,99.50674551016488,591716211,1720698448
2.0,0,2.066227674484253,8.04464054107666,5.272112846374512,-0.06578107923269272,0.0098538463935256,-0.005060083232820034,-16.581140518188477,-67.07249450683594,72.02692413330078,99.80747236734189,604716211,1720698448
2.0,0,2.0518622398376465,8.001543998718262,5.233805179595947,-0.06711268424987793,0.015446570701897144,-0.003994802478700876,-16.93021583557129,-66.72224426269531,71.68955993652344,99.38753992117016,616716211,1720698448
2.0,0,2.0207371711730957,8.063794136047363,5.2505645751953125,-0.06711268424987793,0.0143812894821167,-0.0037284824065864086,-16.23206329345703,-67.77298736572266,72.02692413330078,100.22243010095826,629716211,1720698448
2.0,0,2.0015830993652344,8.006332397460938,5.367882251739502,-0.07057484239339828,0.013582328334450722,-0.0018642412032932043,-17.104755401611328,-67.24761962890625,74.21977996826172,101.60408821322197,641716211,1720698448
2.0,0,2.008765935897827,8.061399459838867,5.322391510009766,-0.06684636324644089,0.012250727973878384,-0.006658004131168127,-16.057525634765625,-66.89736938476562,71.85824584960938,99.48220773935324,654716211,1720698448
2.0,0,2.0015830993652344,8.035063743591309,5.262535572052002,-0.06844428181648254,0.014114969410002232,-0.005859043914824724,-14.835756301879883,-68.12323760986328,73.03901672363281,100.9731307400824,666716211,1720698448
2.0,0,2.039891004562378,8.123650550842285,5.260141372680664,-0.06604740023612976,0.01651185005903244,-0.006391684524714947,-15.70844841003418,-66.547119140625,72.87033081054688,99.92677083647695,679716211,1720698448
2.0,0,2.0542564392089844,8.042245864868164,5.2984490394592285,-0.06977588683366776,0.017044490203261375,-0.004793763160705566,-15.184833526611328,-68.4734878540039,72.02692413330078,100.53395201735376,691716211,1720698448
2.0,0,2.032708168029785,8.023092269897461,5.245776176452637,-0.07137380540370941,0.0143812894821167,-0.005060083232820034,-15.882987022399902,-68.12323760986328,71.68955993652344,100.16205760214793,704716211,1720698448
2.0,0,2.0255255699157715,8.068583488464355,5.372670650482178,-0.06578107923269272,0.016245530918240547,-0.006924324203282595,-15.70844841003418,-67.94811248779297,72.19561004638672,100.37881973840102,716716211,1720698448
2.0,0,0.9864261746406555,12.39497184753418,7.788456916809082,-0.2133224606513977,0.016778171062469482,-0.019175052642822266,-16.23206329345703,-69.17398071289062,71.35220336914062,100.69586094801197,729716211,1720698448
2.0,0,1.6592071056365967,39.22600173950195,23.865766525268555,-0.6740562915802002,0.14461186528205872,-0.08468981087207794,-15.184833526611328,-67.77298736572266,72.70165252685547,100.54495146868854,741716211,1720698448
2.0,0,7.649591445922852,18.782798767089844,2.856326103210449,-1.501513123512268,0.2050665318965912,-0.16724906861782074,-16.755678176879883,-65.84662628173828,71.18351745605469,98.40540687010302,754716211,1720698448
2.0,0,5.396613121032715,37.01971435546875,18.672664642333984,-1.8378756046295166,0.26126009225845337,-0.19334843754768372,-16.755678176879883,-65.84662628173828,71.18351745605469,98.40540687010302,767716211,1720698448
2.0,0,4.486802577972412,-3.198702335357666,-2.940124750137329,-2.1683788299560547,0.3115946054458618,-0.2258395105600357,-16.755678176879883,-65.84662628173828,71.18351745605469,98.40540687010302,779716211,1720698448
2.0,0,3.6488189697265625,8.715027809143066,9.794828414916992,-2.027229070663452,0.3395582437515259,-0.22797006368637085,-16.755678176879883,-65.84662628173828,71.18351745605469,98.40540687010302,792716211,1720698448
2.0,0,1.74061119556427,-5.217044830322266,-0.014365429058670998,-2.0144457817077637,0.34488460421562195,-0.21625196933746338,-16.755678176879883,-65.84662628173828,71.18351745605469,98.40540687010302,804716211,1720698448
2.0,0,0.9672722220420837,4.594542980194092,3.9337332248687744,-1.8317501544952393,0.32491061091423035,-0.19175052642822266,-16.755678176879883,-65.84662628173828,71.18351745605469,98.40540687010302,817716211,1720698448
2.0,0,0.10295224189758301,9.100500106811523,6.131644248962402,-1.7894052267074585,0.2833646535873413,-0.2239752560853958,-16.755678176879883,-65.84662628173828,71.18351745605469,98.40540687010302,829716211,1720698448
2.0,0,1.6328704357147217,12.773261070251465,8.90656566619873,-1.8653064966201782,0.2902889847755432,-0.2151867002248764,-16.755678176879883,-65.84662628173828,71.18351745605469,98.40540687010302,842716211,1720698448
2.0,0,4.256955623626709,8.590526580810547,6.205865383148193,-1.8946017026901245,0.2958817183971405,-0.2383565604686737,-12.56675910949707,-65.84662628173828,64.0988998413086,92.748965428565,854716211,1720698448
2.0,0,3.4117894172668457,8.008727073669434,6.967233180999756,-1.902591347694397,0.32730749249458313,-0.21358877420425415,-12.741296768188477,-64.97100830078125,63.592857360839844,91.80209186217577,867716211,1720698448
2.0,0,1.8938424587249756,3.866694688796997,4.379061698913574,-1.9079177379608154,0.34248775243759155,-0.20799605548381805,-12.217681884765625,-64.09538269042969,60.725276947021484,89.13500486992987,879716211,1720698448
2.0,0,0.16520243883132935,6.318394660949707,7.707052707672119,-1.8519904613494873,0.34062349796295166,-0.21492037177085876,-11.694067001342773,-64.62075805664062,60.55659484863281,89.32913720902178,892716211,1720698448
2.0,0,1.4820334911346436,7.0055413246154785,6.873857498168945,-1.8653064966201782,0.32118213176727295,-0.21412141621112823,-12.043143272399902,-63.219764709472656,58.53242111206055,86.99321968429624,904716211,1720698448
2.0,0,1.573014497756958,6.227414131164551,6.670347690582275,-1.85625159740448,0.3070671558380127,-0.23116591572761536,-11.170452117919922,-61.993896484375,59.375823974609375,86.56506613234892,917716211,1720698448
2.0,0,1.8531404733657837,6.284875392913818,7.582552433013916,-1.8879436254501343,0.33503079414367676,-0.20906133949756622,-10.821375846862793,-61.993896484375,59.0384635925293,86.28954490493547,929716211,1720698448
2.0,0,2.628873586654663,7.3910136222839355,7.230599403381348,-1.8341469764709473,0.3326338827610016,-0.22290997207164764,-10.64683723449707,-59.71728515625,57.85769271850586,83.82733382518971,942716211,1720698448
2.0,0,1.4173890352249146,6.59133768081665,7.374253273010254,-1.8839489221572876,0.3534068763256073,-0.20373493432998657,-10.123222351074219,-61.64365005493164,55.66483688354492,83.67193847483053,954716211,1720698448
2.0,0,0.5841941237449646,3.919368028640747,6.208259582519531,-1.872230887413025,0.33875924348831177,-0.217583566904068,-9.948683738708496,-59.016788482666016,54.146705627441406,80.70826079928484,967716211,1720698448
2.0,0,0.11492343246936798,5.221833229064941,8.147592544555664,-1.8416039943695068,0.3419550955295563,-0.2058655023574829,-8.203300476074219,-59.36703872680664,53.80934143066406,80.5430608500366,979716211,1720698448
2.0,0,1.9058135747909546,5.00874662399292,7.592129230499268,-1.8743613958358765,0.35740166902542114,-0.22104574739933014,-8.552377700805664,-59.36703872680664,52.122528076171875,79.46286166869857,992716211,1720698448
2.0,0,1.625687837600708,4.400609970092773,7.26890754699707,-1.8447997570037842,0.3603311777114868,-0.19787588715553284,-8.552377700805664,-57.61579895019531,53.13461685180664,78.84168289042833,4716211,1720698449
2.0,0,1.5849857330322266,4.307234764099121,7.855495452880859,-1.8706328868865967,0.36379337310791016,-0.21811622381210327,-9.599607467651367,-57.61579895019531,52.7972526550293,78.73552336856162,17716211,1720698449
2.0,0,0.5027900338172913,6.624857425689697,8.911355018615723,-1.828554391860962,0.35607007145881653,-0.20666444301605225,-7.505147457122803,-56.214805603027344,49.760990142822266,75.44923954112039,29716211,1720698449
2.0,0,1.3886581659317017,4.752562999725342,8.135621070861816,-1.8629095554351807,0.3701850473880768,-0.22317631542682648,-7.85422420501709,-55.864559173583984,50.43571472167969,75.67231415126803,42716211,1720698449
2.0,0,1.0151569843292236,2.2793147563934326,6.102912902832031,-1.8690348863601685,0.3691197633743286,-0.2032022923231125,-9.075992584228516,-56.03968048095703,49.92967224121094,75.60285444288117,54716211,1720698449
2.0,0,1.0726187229156494,5.4516801834106445,9.519491195678711,-1.8210973739624023,0.3651249408721924,-0.2189151793718338,-6.981532573699951,-53.58794403076172,48.580223083496094,72.6666884986782,67716211,1720698449
2.0,0,1.0103685855865479,4.082176208496094,8.240967750549316,-1.863974928855896,0.38802850246429443,-0.2119908481836319,-5.934302806854248,-53.23769760131836,48.91758346557617,72.5423901440011,79716211,1720698449
2.0,0,1.1276862621307373,2.707883358001709,8.147592544555664,-1.846131443977356,0.3709839880466461,-0.21998046338558197,-6.283379554748535,-51.83670425415039,46.21868133544922,69.73299987057123,92716211,1720698449
2.0,0,0.40941473841667175,3.5722033977508545,8.355891227722168,-1.8565179109573364,0.38882744312286377,-0.2189151793718338,-6.806994438171387,-51.31133270263672,46.05000305175781,69.28052264575432,104716211,1720698449
2.0,0,0.7613677382469177,5.070996284484863,9.24654769897461,-1.8293533325195312,0.3845663070678711,-0.22477422654628754,-6.806994438171387,-51.31133270263672,45.03791427612305,68.61196513251447,117716211,1720698449
2.0,0,1.0774072408676147,3.2657408714294434,9.112470626831055,-1.8599801063537598,0.39442017674446106,-0.21278981864452362,-6.806994438171387,-49.56009292602539,45.375274658203125,67.53853370058414,129716211,1720698449
2.0,0,0.720665693283081,1.1372631788253784,7.22820520401001,-1.8490610122680664,0.39308857917785645,-0.211458221077919,-4.363457679748535,-48.15909957885742,44.7005500793457,65.8519385634573,142716211,1720698449
2.0,0,1.3814754486083984,3.6536076068878174,9.591318130493164,-1.8245594501495361,0.4016108214855194,-0.20480021834373474,-5.236149311065674,-48.334224700927734,44.53186798095703,65.92952148257207,154716211,1720698449
2.0,0,0.5123670101165771,3.5003764629364014,9.251337051391602,-1.8559852838516235,0.4122636318206787,-0.20213700830936432,-4.363457679748535,-46.75811004638672,42.67637634277344,63.45576188009249,167716211,1720698449
2.0,0,0.5482805371284485,1.2952828407287598,8.39659309387207,-1.855718970298767,0.41199731826782227,-0.21305613219738007,-4.363457679748535,-45.00687026977539,42.339012145996094,61.94554127539894,179716211,1720698449
2.0,0,0.4070205092430115,2.0255255699157715,9.375837326049805,-1.8477293252944946,0.41865530610084534,-0.2119908481836319,-4.188919544219971,-43.43075180053711,42.17033004760742,60.68042505810211,192716211,1720698449
2.0,0,1.3766870498657227,3.761348247528076,9.019095420837402,-1.8189667463302612,0.40746986865997314,-0.2063981294631958,-3.1416897773742676,-44.131248474121094,42.845054626464844,61.5884405752137,204716211,1720698449
2.0,0,1.0534647703170776,0.7302426099777222,8.829950332641602,-1.85625159740448,0.4221174418926239,-0.20240333676338196,-2.967151403427124,-43.25563049316406,41.66428756713867,60.131243254145595,217716211,1720698449
2.0,0,-0.916993260383606,0.33279910683631897,8.331949234008789,-1.8360111713409424,0.42424800992012024,-0.2032022923231125,-3.4907662868499756,-40.9790153503418,41.49560546875,58.42388571099249,230716211,1720698449
2.0,0,-0.2082987278699875,2.322411060333252,9.816376686096191,-1.812575101852417,0.4271775484085083,-0.20400124788284302,-2.967151403427124,-41.15414047241211,38.628021240234375,56.52071558649878,242716211,1720698449
2.0,0,0.8164352178573608,1.7908902168273926,9.387807846069336,-1.8621106147766113,0.4383630156517029,-0.20666444301605225,-0.34907662868499756,-39.92827224731445,40.146156311035156,56.62245707931106,255716211,1720698449
2.0,0,1.2833117246627808,-0.8379833698272705,8.530671119689941,-1.8408050537109375,0.42424800992012024,-0.18029874563217163,-2.268998146057129,-38.35215759277344,38.96538543701172,54.72054099570494,267716211,1720698449
2.0,0,-0.2561835050582886,0.7326369285583496,9.251337051391602,-1.8458651304244995,0.44502100348472595,-0.20000644028186798,-3.8398427963256836,-37.47653579711914,38.45934295654297,53.836383503187115,280716211,1720698449
2.0,0,-0.18675057590007782,2.1859395503997803,9.737366676330566,-1.8128414154052734,0.4452873170375824,-0.18402723968029022,-1.3963065147399902,-36.07554626464844,38.79670333862305,52.99602721073552,292716211,1720698449
2.0,0,0.7517908215522766,-0.1699909120798111,8.997547149658203,-1.8482619524002075,0.4495484530925751,-0.19414740800857544,-1.3963065147399902,-35.72529602050781,37.4472541809082,51.77396346934976,305716211,1720698449
2.0,0,0.7637620568275452,-0.6847521066665649,8.329554557800293,-1.8224289417266846,0.4391619563102722,-0.1808314025402069,-0.8726915717124939,-33.44868469238281,37.95329666137695,50.59672742081517,317716211,1720698449
2.0,0,0.4501167833805084,0.3663184642791748,9.773280143737793,-1.8101781606674194,0.4476841986179352,-0.19734324514865875,0.0,-33.2735595703125,36.09780502319336,49.09359728082286,330716211,1720698449
2.0,0,0.4980015456676483,0.033519335091114044,9.34950065612793,-1.8378756046295166,0.4623318314552307,-0.17736923694610596,-1.3963065147399902,-31.522321701049805,36.43516540527344,48.19883520809621,342716211,1720698449
2.0,0,-0.12928886711597443,-2.0470738410949707,8.863470077514648,-1.8330817222595215,0.47245198488235474,-0.16964595019817352,-1.2217681407928467,-30.29645347595215,36.266483306884766,47.27182693802875,355716211,1720698449
2.0,0,-0.9576953053474426,-1.467668056488037,8.801219940185547,-1.8498599529266357,0.48070788383483887,-0.17870083451271057,-0.5236149430274963,-30.29645347595215,35.591758728027344,46.743155169320836,367716211,1720698449
2.0,0,-2.5666234493255615,-9.483577728271484,2.6145079135894775,-1.7284178733825684,0.4514126777648926,-0.14807401597499847,-0.17453831434249878,-28.545211791992188,35.254398345947266,45.362232998471235,380716211,1720698449
2.0,0,4.120483875274658,-3.452491521835327,-2.2362186908721924,-0.9177392721176147,0.2314322292804718,-0.11158815771341324,-0.17453831434249878,-28.545211791992188,35.254398345947266,45.362232998471235,392716211,1720698449
2.0,0,-8.286458015441895,-34.79546356201172,-15.787607192993164,-0.7329131364822388,0.17230914533138275,-0.02982785925269127,-0.17453831434249878,-28.545211791992188,35.254398345947266,45.362232998471235,405716211,1720698449
2.0,0,0.31603944301605225,6.440500736236572,7.628042697906494,0.242617666721344,-0.05139978975057602,-0.014647609554231167,-0.17453831434249878,-28.545211791992188,35.254398345947266,45.362232998471235,417716211,1720698449
2.0,0,-4.656793117523193,-18.43563461303711,2.8228068351745605,0.12543679773807526,-0.03329002112150192,0.007456964813172817,-0.17453831434249878,-28.545211791992188,35.254398345947266,45.362232998471235,430716211,1720698449
2.0,0,1.4844276905059814,14.11882209777832,18.948001861572266,0.3115946054458618,-0.0806950107216835,0.001065280637703836,-0.17453831434249878,-28.545211791992188,35.254398345947266,45.362232998471235,442716211,1720698449
2.0,0,-0.3375875949859619,1.2665519714355469,15.382981300354004,-0.0143812894821167,-0.012783369049429893,-0.006924324203282595,-0.17453831434249878,-28.545211791992188,35.254398345947266,45.362232998471235,455716211,1720698449
2.0,0,1.9010250568389893,3.512347459793091,14.40373706817627,-0.10413118451833725,-0.002396881580352783,-0.002663201652467251,0.17453831434249878,-27.494468688964844,34.57966995239258,44.17838664016652,467716211,1720698449
2.0,0,-0.18435634672641754,-3.1627886295318604,8.051822662353516,-0.26685282588005066,0.18562515079975128,0.02583305537700653,-0.8726915717124939,-27.844717025756836,34.57966995239258,44.40544370727775,480716211,1720698449
2.0,0,33.121891021728516,-12.143575668334961,-5.777297019958496,0.015180249698460102,0.38057151436805725,0.31558942794799805,2.618074655532837,-26.093477249145508,34.57966995239258,43.399048882089794,492716211,1720698449
2.0,0,3.1580002307891846,-27.399662017822266,-6.5410590171813965,0.11797983199357986,0.7182655334472656,0.6554139256477356,1.0472298860549927,-25.918352127075195,34.41099166870117,43.09262135262522,505716211,1720698449
2.0,0,4.855515480041504,-1.8244094848632812,5.231410980224609,0.657011866569519,1.1947122812271118,0.8484960198402405,3.1416897773742676,-28.370088577270508,35.42307662963867,45.492048738748686,517716211,1720698449
2.0,0,20.554534912109375,-9.150778770446777,0.9936088919639587,0.4490158259868622,0.845832884311676,0.8745954036712646,2.4435362815856934,-27.669591903686523,35.085716247558594,44.75024771194208,530716211,1720698449
2.0,0,-19.120386123657227,7.323974609375,17.039793014526367,0.5400972962379456,1.2178821563720703,0.8144071102142334,1.5708448886871338,-28.545211791992188,34.2423095703125,44.60753786775414,542716211,1720698449
2.0,0,-7.067790985107422,3.6727614402770996,15.392558097839355,0.32863909006118774,1.2082945108413696,0.8383758664131165,1.3963065147399902,-28.7203369140625,36.43516540527344,46.41474660547013,555716211,1720698449
2.0,0,13.587301254272461,-0.34237605333328247,11.784440994262695,0.23356278240680695,1.0532962083816528,0.7662031650543213,3.316227912902832,-29.595956802368164,36.94121170043945,47.450723371879626,567716211,1720698449
2.0,0,-1.654418706893921,0.2729431688785553,10.015098571777344,0.16778171062469482,1.1851247549057007,0.8365116715431213,2.967151403427124,-27.14422035217285,35.591758728027344,44.85962522505382,580716211,1720698449
2.0,0,-2.2266414165496826,-3.1939139366149902,6.165163516998291,0.21731725335121155,1.1995060443878174,0.8721985816955566,5.934302806854248,-29.420833587646484,36.43516540527344,47.20511282589059,592716211,1720698449
2.0,0,-5.312814712524414,-1.9129964113235474,7.017512321472168,0.28789210319519043,1.1355892419815063,0.8221303224563599,6.283379554748535,-30.121328353881836,36.09780502319336,47.43233926261577,605716211,1720698449
2.0,0,-2.8299896717071533,1.2450039386749268,9.29922103881836,0.2950827479362488,1.108690857887268,0.7957646250724792,5.061611175537109,-30.9969482421875,36.60384750366211,48.23144575992434,617716211,1720698449
2.0,0,0.04549052566289902,0.3567414879798889,10.45803165435791,0.2700486481189728,1.0567584037780762,0.7789865136146545,4.712534427642822,-32.047691345214844,36.94121170043945,49.13161531220566,630716211,1720698449
2.0,0,-0.6009538173675537,-1.1420515775680542,10.651966094970703,0.2314322292804718,1.170743465423584,0.8050858974456787,6.1088409423828125,-30.646699905395508,36.266483306884766,47.87270583745244,642716211,1720698449
2.0,0,-1.3982350826263428,0.6248961687088013,10.429301261901855,0.19627796113491058,1.1568949222564697,0.8282557129859924,7.85422420501709,-31.697444915771484,36.60384750366211,49.053628857836756,655716211,1720698449
2.0,0,-3.4405205249786377,-2.121295213699341,9.045432090759277,0.18216300010681152,1.163020133972168,0.8519582152366638,7.330609321594238,-31.872568130493164,37.78461456298828,49.97274787253908,668716211,1720698449
2.0,0,-6.699078559875488,-1.5849857330322266,8.269699096679688,0.16937962174415588,1.1595580577850342,0.7867097854614258,7.679685592651367,-31.172073364257812,36.09780502319336,48.3086664701183,680716211,1720698449
2.0,0,-1.7358226776123047,-2.4421229362487793,8.245756149291992,0.18748940527439117,1.147573709487915,0.8013573884963989,8.028762817382812,-32.57306671142578,37.10988998413086,50.02608961331156,693716211,1720698449
2.0,0,0.9912146329879761,-1.2473981380462646,9.474000930786133,0.17097754776477814,1.132127046585083,0.8104122877120972,9.774145126342773,-32.92331314086914,38.45934295654297,51.56160899129824,705716211,1720698449
2.0,0,-4.48919677734375,0.9361472129821777,10.534648895263672,0.1664501130580902,1.2040334939956665,0.800824761390686,9.774145126342773,-32.57306671142578,37.78461456298828,50.83518157350666,718716211,1720698449
2.0,0,-1.7837074995040894,-0.6655982136726379,8.279275894165039,0.1331600844860077,1.170210838317871,0.8346474170684814,9.948683738708496,-33.79893112182617,37.95329666137695,51.7860674368819,730716211,1720698449
2.0,0,-5.940104961395264,0.14844277501106262,9.160355567932129,0.13209480047225952,1.1947122812271118,0.7960309386253357,10.472298622131348,-33.974056243896484,38.79670333862305,52.622141024854365,743716211,1720698449
2.0,0,-5.609699726104736,0.7039060592651367,9.481184005737305,0.1094575896859169,1.1931143999099731,0.7709969282150269,9.948683738708496,-32.39794158935547,38.628021240234375,51.388003972679556,755716211,1720698449
2.0,0,-2.889845609664917,-0.9313586354255676,8.952056884765625,0.09134781360626221,1.1843258142471313,0.7800517678260803,10.472298622131348,-35.72529602050781,39.47142791748047,54.258266061761155,768716211,1720698449
2.0,0,-6.785271167755127,0.13407734036445618,10.034252166748047,0.08335821330547333,1.2261381149291992,0.7936341166496277,11.868605613708496,-34.32430648803711,39.47142791748047,53.63781722761764,780716211,1720698449
2.0,0,-2.918576240539551,0.055067479610443115,8.726998329162598,0.07536860555410385,1.1987069845199585,0.7824486494064331,12.392220497131348,-34.499427795410156,39.977474212646484,54.23998609405294,793716211,1720698449
2.0,0,-8.214631080627441,-0.10055800527334213,8.506728172302246,0.051932431757450104,1.2130883932113647,0.7912371754646301,11.694067001342773,-34.84967803955078,37.615936279296875,52.59477088704128,805716211,1720698449
2.0,0,-3.486010789871216,0.13407734036445618,8.770094871520996,0.0700422003865242,1.1939133405685425,0.7928351759910583,13.090373992919922,-35.900421142578125,40.31483459472656,55.54713330037065,818716211,1720698449
2.0,0,-5.116487503051758,0.5578575134277344,8.959239959716797,0.05033451318740845,1.1899185180664062,0.7651378512382507,13.43945026397705,-35.19992446899414,39.64011001586914,54.689960944317875,830716211,1720698449
2.0,0,-4.28808069229126,0.48603036999702454,9.177115440368652,0.022370893508195877,1.218947410583496,0.7763233184814453,14.486680030822754,-36.250667572021484,38.96538543701172,55.15683148973963,843716211,1720698449
2.0,0,-3.6033284664154053,-1.3790812492370605,8.705450057983398,-0.001065280637703836,1.1931143999099731,0.7928351759910583,14.312141418457031,-36.4257926940918,40.483516693115234,56.308000223916714,855716211,1720698449
2.0,0,-4.201888084411621,0.7853101491928101,8.774883270263672,-0.0007989605655893683,1.2330623865127563,0.7638062238693237,13.264911651611328,-37.826786041259766,41.158241271972656,57.45280191546981,868716211,1720698449
2.0,0,-3.4357316493988037,-1.1109265089035034,7.73817777633667,-0.017044490203261375,1.1744719743728638,0.7771222591400146,15.010294914245605,-37.12628936767578,39.80879211425781,56.46600964492903,880716211,1720698449
2.0,0,-5.7892680168151855,0.31364521384239197,8.185900688171387,-0.021838253363966942,1.2519710063934326,0.7443649172782898,16.581140518188477,-37.65166091918945,40.652198791503906,57.83755749892523,893716211,1720698449
2.0,0,-2.044679641723633,1.6472358703613281,8.391804695129395,-0.022370893508195877,1.190983772277832,0.7414353489875793,15.882987022399902,-39.40290069580078,39.64011001586914,58.10504437711988,905716211,1720698449
2.0,0,-7.795639991760254,0.636867344379425,8.971210479736328,-0.07057484239339828,1.2463784217834473,0.7417016625404358,16.755678176879883,-39.578025817871094,41.49560546875,59.741594823250196,917389909,1720698449
2.0,0,-3.1651828289031982,0.2944912910461426,8.106890678405762,-0.07084116339683533,1.2367908954620361,0.745696485042572,17.104755401611328,-38.177032470703125,41.49560546875,58.9232020416086,929389909,1720698449
2.0,0,-5.6144890785217285,0.8906566500663757,7.434109687805176,-0.06471580266952515,1.2280023097991943,0.7432995438575745,17.45383071899414,-38.52728271484375,41.49560546875,59.252620139323426,942389909,1720698449
2.0,0,-3.6248764991760254,1.1085323095321655,7.616071701049805,-0.07430332899093628,1.237323522567749,0.7195971012115479,16.057525634765625,-39.22777557373047,41.832969665527344,59.553839985437136,954389909,1720698449
2.0,0,-5.8946146965026855,2.015948534011841,8.41574764251709,-0.07856445014476776,1.2370572090148926,0.7419679760932922,18.501060485839844,-38.52728271484375,42.17033004760742,60.04146474574337,967389909,1720698449
2.0,0,-2.7916817665100098,2.55704665184021,8.200265884399414,-0.11638191342353821,1.2615586519241333,0.6868396997451782,18.501060485839844,-39.92827224731445,42.17033004760742,60.94992124753327,979389909,1720698449
2.0,0,-4.587360382080078,2.243401288986206,8.104496955871582,-0.12117567658424377,1.2357256412506104,0.7092106342315674,18.326522827148438,-39.75314712524414,41.66428756713867,60.432499565817444,992389909,1720698449
2.0,0,-7.505937099456787,1.3407734632492065,7.505937099456787,-0.14248129725456238,1.3137574195861816,0.7049494981765747,18.501060485839844,-40.27852249145508,42.17033004760742,61.17994237917766,4389909,1720698450
2.0,0,-2.7414026260375977,2.0566506385803223,7.355099678039551,-0.13742120563983917,1.234926700592041,0.690568208694458,20.07190704345703,-40.80389404296875,43.35110092163086,62.826405058290774,17389909,1720698450
2.0,0,-6.299240589141846,-1.213878870010376,6.263327598571777,-0.15286777913570404,1.2977782487869263,0.6934977173805237,20.07190704345703,-40.80389404296875,43.35110092163086,62.826405058290774,29389909,1720698450
2.0,0,-6.009538173675537,1.7789191007614136,7.687899112701416,-0.15180249512195587,1.289255976676941,0.6785838007926941,20.07190704345703,-40.80389404296875,43.35110092163086,62.826405058290774,42389909,1720698450
2.0,0,-2.9497015476226807,0.5530690550804138,6.91934871673584,-0.1757713109254837,1.279135823249817,0.6716594696044922,20.07190704345703,-40.80389404296875,43.35110092163086,62.826405058290774,54389909,1720698450
2.0,0,-5.21225643157959,0.5722229480743408,6.7421746253967285,-0.1920168399810791,1.2924517393112183,0.6564791798591614,20.07190704345703,-40.80389404296875,43.35110092163086,62.826405058290774,67389909,1720698450
2.0,0,-7.168349266052246,1.9153906106948853,7.213839530944824,-0.1707112193107605,1.3281387090682983,0.680448055267334,20.07190704345703,-40.80389404296875,43.35110092163086,62.826405058290774,79389909,1720698450
2.0,0,-2.0039772987365723,0.9792433977127075,5.712652206420898,-0.1989411562681198,1.288723349571228,0.6522180438041687,20.07190704345703,-40.80389404296875,43.35110092163086,62.826405058290774,92389909,1720698450
2.0,0,-9.672721862792969,3.823598623275757,7.984784126281738,-0.17896714806556702,1.3342640399932861,0.6314451694488525,20.07190704345703,-40.80389404296875,43.35110092163086,62.826405058290774,104389909,1720698450
2.0,0,-9.672721862792969,3.823598623275757,7.984784126281738,-0.17896714806556702,1.3342640399932861,0.6314451694488525,20.944597244262695,-43.43075180053711,46.21868133544922,66.7912633513698,117389909,1720698450
2.0,0,-5.8946146965026855,5.006352424621582,7.711841106414795,-0.2045339047908783,1.3206816911697388,0.6096068620681763,22.166366577148438,-42.55513381958008,46.724727630615234,66.97378139085527,130389909,1720698450
2.0,0,-8.834739685058594,1.8435633182525635,6.5410590171813965,-0.2370249480009079,1.348379135131836,0.6213249564170837,23.737211227416992,-43.08050537109375,45.5439567565918,67.03459656722156,142389909,1720698450
2.0,0,-7.6519856452941895,4.379061698913574,7.199474334716797,-0.23169854283332825,1.3481125831604004,0.6101395487785339,22.51544189453125,-42.55513381958008,47.06208801269531,67.32551274385558,155389909,1720698450
2.0,0,-8.875441551208496,4.158791542053223,7.2066569328308105,-0.23862287402153015,1.332932472229004,0.5909644365310669,23.562671661376953,-43.25563049316406,47.06208801269531,68.12553994866889,167389909,1720698450
2.0,0,-6.61049222946167,4.228224754333496,7.077368259429932,-0.2532704770565033,1.3350629806518555,0.6005520224571228,23.388134002685547,-43.781002044677734,47.56813430786133,68.74960620755864,180389909,1720698450
2.0,0,-10.043828964233398,3.222644567489624,6.916954517364502,-0.286294162273407,1.3435852527618408,0.5528806447982788,22.68998146057129,-43.43075180053711,48.580223083496094,69.00075025304561,192389909,1720698450
2.0,0,-2.5881714820861816,0.8284064531326294,4.5801777839660645,-0.2934848368167877,1.3126920461654663,0.5808442831039429,24.609901428222656,-43.95612335205078,47.399452209472656,69.17005203269419,205389909,1720698450
2.0,0,-6.313606262207031,1.8722944259643555,5.631248474121094,-0.2902889847755432,1.2999087572097778,0.5946929454803467,23.0390567779541,-43.781002044677734,48.91758346557617,69.57373246682602,217389909,1720698450
2.0,0,-7.8267645835876465,3.090961456298828,6.196288585662842,-0.2982785999774933,1.3547706604003906,0.5669956207275391,23.9117488861084,-42.90538024902344,49.42362594604492,69.68025682185852,230389909,1720698450
2.0,0,-3.2896833419799805,2.3846611976623535,5.082967758178711,-0.3126598596572876,1.2825978994369507,0.5611366033554077,23.9117488861084,-44.306373596191406,48.07417678833008,69.61287919568625,242389909,1720698450
2.0,0,-11.497132301330566,3.4668569564819336,6.14600944519043,-0.3182525932788849,1.3779405355453491,0.5334393382072449,25.657133102416992,-44.306373596191406,48.41154098510742,70.46290173441032,255389909,1720698450
2.0,0,-6.404587268829346,4.58496618270874,6.062211036682129,-0.331302285194397,1.335329294204712,0.5166611075401306,24.43536376953125,-46.23273849487305,50.60439682006836,72.76921113223354,267389909,1720698450
2.0,0,-6.404587268829346,4.58496618270874,6.062211036682129,-0.331302285194397,1.335329294204712,0.5166611075401306,26.180747985839844,-46.582984924316406,49.92967224121094,73.13260708925873,280389909,1720698450
2.0,0,-6.711049556732178,2.992797613143921,5.030294418334961,-0.3520752489566803,1.3358619213104248,0.4892301559448242,24.784440994262695,-44.83174514770508,50.267032623291016,71.76996904790938,292389909,1720698450
2.0,0,-8.525882720947266,2.118900775909424,4.699889659881592,-0.3520752489566803,1.3707499504089355,0.49056175351142883,26.35528564453125,-46.057613372802734,50.43571472167969,73.20974081698466,305389909,1720698450
2.0,0,-6.248961925506592,3.177154064178467,4.515533447265625,-0.3645923137664795,1.3619613647460938,0.47831103205680847,25.13351821899414,-44.131248474121094,52.96593475341797,73.38018175401622,317389909,1720698450
2.0,0,-20.564111709594727,1.8196210861206055,2.2793147563934326,-0.3566026985645294,1.289255976676941,0.4972197711467743,26.006208419799805,-46.75811004638672,52.122528076171875,74.69539252547912,330389909,1720698450
2.0,0,-21.81151008605957,6.416558742523193,-8.015909194946289,-0.3028060495853424,0.680448055267334,0.4660603106021881,26.35528564453125,-45.707366943359375,52.122528076171875,74.16550685696863,342389909,1720698450
2.0,0,-39.22719955444336,6.895406246185303,-6.545847415924072,-0.0932120606303215,0.4671255648136139,0.023169854655861855,25.308055877685547,-46.057613372802734,52.45989227294922,74.25524721658442,355389909,1720698450
2.0,0,-14.499505996704102,3.1125094890594482,-1.3335906267166138,-0.038882747292518616,0.04261122643947601,-0.236492320895195,25.482593536376953,-47.28348159790039,52.29121017456055,74.96306335042112,367389909,1720698450
2.0,0,-1.996794581413269,2.367901563644409,6.567395210266113,-0.04660603031516075,-0.09933742135763168,-0.21545302867889404,26.529823303222656,-46.933231353759766,50.9417610168457,74.17292461069049,380389909,1720698450
2.0,0,0.016759667545557022,-1.2330327033996582,8.008727073669434,-0.05912308022379875,-0.03115946054458618,-0.09427734464406967,25.657133102416992,-45.35711669921875,52.45989227294922,73.9431999009451,392389909,1720698450
2.0,0,-8.9999418258667,-2.5666234493255615,3.9313390254974365,-0.08708669990301132,-0.02982785925269127,0.07856445014476776,24.609901428222656,-46.75811004638672,51.7851676940918,73.98426654716566,405389909,1720698450
2.0,0,-8.9783935546875,1.158811330795288,3.095750093460083,-0.06950956583023071,-0.04341018572449684,0.07616756856441498,26.180747985839844,-46.23273849487305,52.29121017456055,74.5470880407373,417389909,1720698450
2.0,0,-3.8810603618621826,-1.7238515615463257,-2.2074875831604004,-0.10466382652521133,-0.5028124451637268,0.2170509397983551,26.35528564453125,-45.35711669921875,53.13461685180664,74.66697144427165,430389909,1720698450
2.0,0,-39.22719955444336,1.5083701610565186,-7.170743465423584,-0.03275737911462784,-0.7566155791282654,0.05432931333780289,26.529823303222656,-45.88248825073242,52.62857437133789,74.69137227912108,442389909,1720698450
2.0,0,-2.6623928546905518,2.3655073642730713,-13.491532325744629,0.23862287402153015,-1.7457287311553955,0.07323804497718811,25.8316707611084,-47.28348159790039,52.62857437133789,75.31779130251186,455389909,1720698450
2.0,0,-27.710914611816406,-3.148423194885254,-4.972832679748535,0.3534068763256073,-2.1830263137817383,0.06018836051225662,24.43536376953125,-45.53224182128906,50.9417610168457,72.5626285585017,467389909,1720698450
2.0,0,-9.208239555358887,0.6895406246185303,-2.0207371711730957,0.43383556604385376,-2.4863650798797607,0.09294573962688446,24.609901428222656,-46.407859802246094,50.09835433959961,72.58913009030927,480389909,1720698450
2.0,0,-5.0446600914001465,1.1348689794540405,-1.9177848100662231,0.5139979720115662,-3.4621620178222656,0.2764403223991394,24.609901428222656,-46.407859802246094,51.44780349731445,73.52695549545109,492389909,1720698450
2.0,0,-25.44356918334961,7.663956642150879,3.122086763381958,0.5499511361122131,-3.221142530441284,0.019974011927843094,22.166366577148438,-45.707366943359375,48.7489013671875,70.40572835100281,505389909,1720698450
2.0,0,5.353517055511475,6.430923938751221,6.718232154846191,0.5073399543762207,-3.5423245429992676,-0.019175052642822266,21.642751693725586,-46.582984924316406,46.893409729003906,69.5512405449938,517389909,1720698450
2.0,0,0.6536269783973694,1.4341487884521484,11.054197311401367,0.528911828994751,-3.2373878955841064,-0.10013638436794281,20.07190704345703,-47.4586067199707,45.71263885498047,68.88284369309892,530389909,1720698450
2.0,0,-13.211405754089355,-1.8363807201385498,9.586529731750488,0.3552711009979248,-2.954289674758911,0.007989604957401752,19.897367477416992,-46.582984924316406,46.893409729003906,69.0280493205675,542389909,1720698450
2.0,0,-13.211405754089355,-1.8363807201385498,9.586529731750488,0.3552711009979248,-2.954289674758911,0.007989604957401752,18.85013771057129,-48.68447494506836,45.88132095336914,69.50252804618377,555389909,1720698450
2.0,0,-11.401362419128418,3.0885672569274902,3.426154851913452,0.3795062303543091,-2.8938350677490234,-0.15340042114257812,17.45383071899414,-46.23273849487305,44.869232177734375,66.74841055577319,567389909,1720698450
2.0,0,-19.067712783813477,4.285686492919922,6.0765767097473145,0.3571353554725647,-2.8046178817749023,-0.21065925061702728,16.755678176879883,-47.63372802734375,45.5439567565918,67.99982936740669,580389909,1720698450
2.0,0,-5.070996284484863,6.888223648071289,6.933713912963867,0.3933548927307129,-2.938843011856079,-0.2775056064128876,15.184833526611328,-47.4586067199707,44.363189697265625,66.71574867411235,592389909,1720698450
2.0,0,-4.7597455978393555,0.8355891108512878,6.785271167755127,0.35420581698417664,-2.941772699356079,-0.31479042768478394,13.264911651611328,-47.63372802734375,44.53186798095703,66.54334822340542,605389909,1720698450
2.0,0,-4.508350372314453,0.5195496678352356,7.3910136222839355,0.3275738060474396,-2.902623414993286,-0.2988112270832062,11.344990730285645,-48.15909957885742,43.013736724853516,65.56057682747753,617389909,1720698450
2.0,0,-0.7230599522590637,0.7805216908454895,5.849123954772949,0.2990775406360626,-2.936446189880371,-0.33556342124938965,12.56675910949707,-47.63372802734375,43.51978302001953,65.73330201966627,630389909,1720698450
2.0,0,-5.446891784667969,0.7063003182411194,6.301634788513184,0.2940174639225006,-2.923929214477539,-0.37923991680145264,11.51952838897705,-47.63372802734375,43.18241882324219,65.3176306636524,643389909,1720698450
2.0,0,-3.3112316131591797,3.409395217895508,6.169951915740967,0.3001428544521332,-2.9324514865875244,-0.45487484335899353,8.552377700805664,-48.15909957885742,44.02582550048828,65.80817082690406,655389909,1720698450
2.0,0,-5.25295877456665,2.0781986713409424,6.3088178634643555,0.2663201689720154,-2.931119918823242,-0.50813889503479,6.981532573699951,-47.28348159790039,41.158241271972656,63.07511596262453,668389909,1720698450
2.0,0,-1.7118803262710571,2.291285991668701,7.395802021026611,0.2527378499507904,-2.8986287117004395,-0.5406299233436584,6.806994438171387,-46.407859802246094,41.66428756713867,62.73705032262396,680389909,1720698450
2.0,0,1.316831111907959,2.39902663230896,6.730203628540039,0.23942182958126068,-2.9420390129089355,-0.5560765266418457,6.283379554748535,-48.68447494506836,42.845054626464844,65.15640924153799,693389909,1720698450
2.0,0,-6.34712553024292,4.656793117523193,8.832345008850098,0.2351607233285904,-2.8789210319519043,-0.58031165599823,3.665304660797119,-48.50934982299805,41.66428756713867,64.05079497542312,705389909,1720698450
2.0,0,-2.6480274200439453,4.783688068389893,7.481994152069092,0.18961995840072632,-2.9047539234161377,-0.6370378732681274,3.4907662868499756,-47.983978271484375,40.82088088989258,63.09510231907458,718389909,1720698450
2.0,0,-8.109285354614258,4.151608943939209,9.0621919631958,0.1595257818698883,-2.899427652359009,-0.6751216650009155,2.268998146057129,-48.859596252441406,41.32692337036133,64.03376526332114,730389909,1720698450
2.0,0,-6.406981468200684,3.2178561687469482,8.506728172302246,0.1581941843032837,-2.8933024406433105,-0.6873723864555359,2.268998146057129,-48.859596252441406,41.32692337036133,64.03376526332114,743389909,1720698450
2.0,0,-2.0518622398376465,2.219458818435669,8.542641639709473,0.11025655269622803,-2.92685866355896,-0.7198634147644043,2.268998146057129,-48.859596252441406,41.32692337036133,64.03376526332114,755389909,1720698450
2.0,0,-2.0518622398376465,2.219458818435669,8.542641639709473,0.11025655269622803,-2.92685866355896,-0.7198634147644043,2.268998146057129,-48.859596252441406,41.32692337036133,64.03376526332114,768389909,1720698450
2.0,0,-2.707883358001709,4.549052715301514,8.430112838745117,0.09427734464406967,-2.9194016456604004,-0.7763233184814453,2.268998146057129,-48.859596252441406,41.32692337036133,64.03376526332114,780389909,1720698450
2.0,0,-5.322391510009766,4.393426895141602,9.576952934265137,0.03994802385568619,-2.930320978164673,-0.8120101690292358,2.268998146057129,-48.859596252441406,41.32692337036133,64.03376526332114,793389909,1720698450
2.0,0,-2.8946340084075928,4.537081718444824,8.801219940185547,-0.0015979211311787367,-2.914874315261841,-0.854621410369873,2.268998146057129,-48.859596252441406,41.32692337036133,64.03376526332114,805389909,1720698450
2.0,0,-0.435751348733902,3.356721878051758,7.898591995239258,-0.017310811206698418,-2.95588755607605,-0.8852482438087463,2.268998146057129,-48.859596252441406,41.32692337036133,64.03376526332114,818389909,1720698450
2.0,0,-3.0502593517303467,3.7254345417022705,8.657565116882324,-0.035420581698417664,-2.9236629009246826,-0.9009611010551453,2.268998146057129,-48.859596252441406,41.32692337036133,64.03376526332114,830389909,1720698450
2.0,0,-0.41899168491363525,4.5275044441223145,7.877044200897217,-0.0844234973192215,-2.9353809356689453,-0.9307889938354492,-8.203300476074219,-48.859596252441406,42.67637634277344,65.38981099836869,843389909,1720698450
2.0,0,-2.710277795791626,4.079782009124756,8.372651100158691,-0.136355921626091,-2.966806650161743,-0.9387785792350769,-9.948683738708496,-47.80885314941406,43.013736724853516,65.07568128440988,855389909,1720698450
2.0,0,1.5514663457870483,5.846729755401611,8.427718162536621,-0.13369272649288177,-2.9700024127960205,-0.957953691482544,-10.64683723449707,-49.20984649658203,42.00164794921875,65.56754201405717,868389909,1720698450
2.0,0,1.692726492881775,1.6448416709899902,8.001543998718262,-0.21305613219738007,-2.9907753467559814,-0.9760634303092957,-10.472298622131348,-49.38496780395508,42.17033004760742,65.77903024332994,880389909,1720698450
2.0,0,2.188333749771118,-0.5315209031105042,7.470023155212402,-0.22983431816101074,-2.969203472137451,-0.9835203886032104,-11.51952838897705,-47.63372802734375,42.507694244384766,64.87353582210163,893389909,1720698450
2.0,0,1.731034278869629,3.792473316192627,8.011120796203613,-0.24821040034294128,-2.975595235824585,-1.024001121520996,-14.835756301879883,-49.56009292602539,43.013736724853516,67.27914998660471,905389909,1720698450
2.0,0,1.4341487884521484,2.789287567138672,8.6839017868042,-0.2881584167480469,-2.9580180644989014,-1.0303927659988403,-15.184833526611328,-48.50934982299805,42.339012145996094,66.1538218017652,918389909,1720698450
2.0,0,3.8331754207611084,6.066999435424805,8.360679626464844,-0.33050331473350525,-2.948963165283203,-1.0607532262802124,-16.23206329345703,-49.20984649658203,42.67637634277344,67.1294418919895,930389909,1720698450
2.0,0,3.9289448261260986,4.70228385925293,7.153984069824219,-0.35686904191970825,-2.956686496734619,-1.0927116870880127,-15.533909797668457,-48.15909957885742,43.013736724853516,66.41372428108077,943389909,1720698450
2.0,0,6.464443206787109,1.5897741317749023,6.196288585662842,-0.3882948160171509,-2.934049367904663,-1.0967063903808594,-17.45383071899414,-49.03472137451172,44.19450759887695,68.28026514997208,955389909,1720698450
2.0,0,6.471625804901123,4.290474891662598,6.8690690994262695,-0.42744386196136475,-2.9247281551361084,-1.111354112625122,-17.62837028503418,-50.260589599609375,43.68846130371094,68.88808283652904,968389909,1720698450
2.0,0,0.8236179351806641,5.2505645751953125,8.817978858947754,-0.47431620955467224,-2.891704559326172,-1.10629403591156,-21.29367446899414,-49.38496780395508,45.20659637451172,70.25618814849827,980389909,1720698450
2.0,0,2.0997469425201416,6.131644248962402,8.360679626464844,-0.4602012634277344,-2.906085729598999,-1.1315944194793701,-18.85013771057129,-48.334224700927734,45.20659637451172,68.8125084916637,993389909,1720698450
2.0,0,-0.7278484106063843,4.561023712158203,8.935297012329102,-0.5342382788658142,-2.8789210319519043,-1.1244038343429565,-22.68998146057129,-48.68447494506836,44.869232177734375,69.98758000943805,5389909,1720698451
2.0,0,0.4046262502670288,0.7134829759597778,6.706261157989502,-0.5875023007392883,-2.8914382457733154,-1.1110877990722656,-22.51544189453125,-48.50934982299805,44.7005500793457,69.70108551057227,18389909,1720698451
2.0,0,2.5091617107391357,4.9919867515563965,7.462840557098389,-0.5867033004760742,-2.905020236968994,-1.1491715908050537,-22.864519119262695,-47.80885314941406,46.05000305175781,70.20737464885204,30389909,1720698451
2.0,0,3.7014923095703125,4.206676483154297,8.157169342041016,-0.6314451694488525,-2.9170048236846924,-1.1542315483093262,-23.9117488861084,-48.50934982299805,45.71263885498047,70.81365762427596,43389909,1720698451
2.0,0,8.166746139526367,4.462860107421875,5.822787284851074,-0.7009547352790833,-2.951892852783203,-1.1616885662078857,-24.086286544799805,-49.7352180480957,47.905494689941406,73.13465345031611,55389909,1720698451
2.0,0,5.516324996948242,3.610511064529419,5.243381977081299,-0.7299835681915283,-2.955354928970337,-1.186456322669983,-25.657133102416992,-48.859596252441406,47.399452209472656,72.74789821530798,68389909,1720698451
2.0,0,7.278484344482422,1.6999092102050781,3.5722033977508545,-0.7901719212532043,-2.9486968517303467,-1.1632864475250244,-27.926130294799805,-50.08546447753906,46.893409729003906,74.0770840488825,80389909,1720698451
2.0,0,7.671139240264893,3.2154619693756104,4.757351398468018,-0.8088143467903137,-2.9308536052703857,-1.1614222526550293,-26.35528564453125,-48.859596252441406,48.7489013671875,73.88042103199058,93389909,1720698451
2.0,0,4.948890209197998,3.462068557739258,6.627251625061035,-0.854621410369873,-2.935114622116089,-1.152899980545044,-27.57705307006836,-49.03472137451172,47.905494689941406,73.89069073836953,105389909,1720698451
2.0,0,5.715046405792236,3.256164073944092,5.655190944671631,-0.8524908423423767,-2.958284378051758,-1.163020133972168,-29.846052169799805,-48.50934982299805,48.41154098510742,74.75039231285109,118389909,1720698451
2.0,0,-0.09816376864910126,4.6855244636535645,7.151589870452881,-0.9222667217254639,-2.9058191776275635,-1.1454429626464844,-28.624282836914062,-49.7352180480957,49.92967224121094,76.0651934351976,131389909,1720698451
2.0,0,5.427738189697266,3.256164073944092,4.953678607940674,-0.9712696671485901,-2.9492294788360596,-1.1329259872436523,-28.449745178222656,-49.910343170166016,49.760990142822266,76.00385842879028,143389909,1720698451
2.0,0,6.459654808044434,3.4644627571105957,5.281689643859863,-0.9981679916381836,-2.952425479888916,-1.147573709487915,-30.71874237060547,-49.03472137451172,50.267032623291016,76.64737178702627,156389909,1720698451
2.0,0,15.189046859741211,0.871502697467804,2.3343822956085205,-1.0487687587738037,-2.997433662414551,-1.1521010398864746,-29.322437286376953,-49.38496780395508,49.92967224121094,76.10290758917125,168389909,1720698451
2.0,0,13.910524368286133,1.7262457609176636,2.032708168029785,-1.0927116870880127,-2.9574854373931885,-1.140383005142212,-30.71874237060547,-48.334224700927734,52.62857437133789,77.77920834407385,181389909,1720698451
2.0,0,16.3646183013916,0.3184336721897125,-0.07182714343070984,-1.1145498752593994,-2.948164224624634,-1.1449103355407715,-32.46412658691406,-50.43571472167969,52.62857437133789,79.79628860352642,193389909,1720698451
2.0,0,16.967966079711914,1.197119116783142,-0.5219439268112183,-1.162487506866455,-2.9348483085632324,-1.10629403591156,-34.55858612060547,-49.03472137451172,52.96593475341797,80.0255585374737,206389909,1720698451
2.0,0,12.093297958374023,3.244192600250244,2.7437968254089355,-1.1491715908050537,-2.8885083198547363,-1.1102887392044067,-32.98773956298828,-49.20984649658203,53.13461685180664,79.58069779589145,218389909,1720698451
2.0,0,7.426927089691162,3.9097909927368164,2.6935181617736816,-1.2064303159713745,-2.8469626903533936,-1.0690091848373413,-33.16228103637695,-48.334224700927734,52.29121017456055,78.55128784746616,231389909,1720698451
2.0,0,2.8802685737609863,6.208259582519531,5.576180934906006,-1.1803309917449951,-2.857881784439087,-1.1126856803894043,-32.63866424560547,-48.50934982299805,52.122528076171875,78.32750064337998,243389909,1720698451
2.0,0,0.49560731649398804,7.709446907043457,5.288872241973877,-1.242383599281311,-2.821662187576294,-1.0437086820602417,-34.55858612060547,-46.933231353759766,54.31538772583008,79.66922507322445,256389909,1720698451
2.0,0,4.944101810455322,4.484408378601074,2.9568841457366943,-1.3049689531326294,-2.8826494216918945,-1.024001121520996,-35.60581588745117,-49.03472137451172,54.9901123046875,81.82964301870814,268389909,1720698451
2.0,0,3.7996559143066406,-1.5562547445297241,-5.217044830322266,-1.3206816911697388,-2.71699857711792,-0.8841829895973206,-34.733123779296875,-48.15909957885742,55.15879440307617,81.04431725738141,281389909,1720698451
2.0,0,25.93199348449707,13.616033554077148,-8.31279468536377,-0.8684700727462769,-1.6107044219970703,-0.6847091913223267,-34.90766143798828,-47.63372802734375,54.652748107910156,80.46390338902808,293389909,1720698451
2.0,0,14.748506546020508,-10.357474327087402,-19.857812881469727,-0.6162648797035217,-1.4887298345565796,-0.4564727544784546,-35.25674057006836,-49.7352180480957,56.67692565917969,83.24003587272719,306389909,1720698451
2.0,0,-19.527406692504883,5.305631637573242,-1.599351167678833,-0.3488794267177582,-0.07776549458503723,0.1395517736673355,-35.60581588745117,-49.7352180480957,56.339561462402344,83.15955883167314,318389909,1720698451
2.0,0,39.22600173950195,1.8411691188812256,-3.8810603618621826,0.005592723377048969,-0.5544785857200623,-0.3571353554725647,-35.78035354614258,-49.56009292602539,54.82143020629883,82.10862147538055,331389909,1720698451
2.0,0,-33.974239349365234,-5.025506019592285,-4.482014179229736,0.039681706577539444,0.7065474390983582,0.34435197710990906,-34.733123779296875,-47.4586067199707,55.833518981933594,81.0931013167874,343389909,1720698451
2.0,0,39.22600173950195,7.1108880043029785,0.9050220251083374,0.3065345287322998,0.49801871180534363,0.043942827731370926,-33.86043167114258,-51.136207580566406,55.32747268676758,82.59884861536452,356389909,1720698451
2.0,0,4.470042705535889,1.5394952297210693,5.897008895874023,0.2063981294631958,0.5265149474143982,0.15979209542274475,-35.431278228759766,-50.96108627319336,56.508243560791016,83.93800915790963,368389909,1720698451
2.0,0,3.1627886295318604,2.0039772987365723,7.886620998382568,0.06072099879384041,0.3395582437515259,0.15526466071605682,-37.70027542114258,-49.03472137451172,55.66483688354492,83.2123111827671,381389909,1720698451
2.0,0,7.010329723358154,5.10690975189209,9.715819358825684,-0.016245530918240547,0.2239752560853958,0.019175052642822266,-35.25674057006836,-49.03472137451172,54.9901123046875,81.6783576425435,393389909,1720698451
2.0,0,10.838715553283691,2.164391279220581,4.218647480010986,-0.07803180813789368,-0.002663201652467251,-0.015446570701897144,-37.52573776245117,-47.4586067199707,54.82143020629883,81.64489914428945,406389909,1720698451
2.0,0,6.725415229797363,2.636056423187256,0.7900986075401306,-0.13182848691940308,0.07456964999437332,0.000266320159425959,-37.52573776245117,-47.4586067199707,54.82143020629883,81.64489914428945,418389909,1720698451
2.0,0,9.75412654876709,2.856326103210449,0.32322216033935547,-0.030626820400357246,0.02077297307550907,0.006391684524714947,-37.52573776245117,-47.4586067199707,54.82143020629883,81.64489914428945,431389909,1720698451
2.0,0,7.994361877441406,2.6192967891693115,2.9544899463653564,-0.0287625789642334,0.04261122643947601,-0.01145176775753498,-37.52573776245117,-47.4586067199707,54.82143020629883,81.64489914428945,443389909,1720698451
2.0,0,8.111679077148438,4.163579940795898,7.539456367492676,-0.04607338830828667,0.027164656668901443,-0.002663201652467251,-37.52573776245117,-47.4586067199707,54.82143020629883,81.64489914428945,456389909,1720698451
2.0,0,8.272092819213867,3.256164073944092,4.0127434730529785,-0.08602141588926315,-0.012783369049429893,-0.011984407901763916,-37.52573776245117,-47.4586067199707,54.82143020629883,81.64489914428945,468389909,1720698451
2.0,0,8.233785629272461,2.5426809787750244,2.4876136779785156,-0.11451767385005951,0.010652806609869003,-0.011718087829649448,-37.52573776245117,-47.4586067199707,54.82143020629883,81.64489914428945,481389909,1720698451
2.0,0,8.336737632751465,-4.482014179229736,-2.248189687728882,-0.08122765272855759,0.4034750461578369,0.37870728969573975,-37.52573776245117,-47.4586067199707,54.82143020629883,81.64489914428945,493389909,1720698451
2.0,0,-18.524221420288086,-23.29593849182129,-16.017454147338867,0.1451444923877716,0.43197131156921387,0.161390021443367,-35.431278228759766,-46.407859802246094,55.49615478515625,80.55363507804434,506389909,1720698451
2.0,0,-36.844932556152344,-22.941591262817383,-9.519491195678711,0.30307236313819885,1.1289311647415161,0.3307696580886841,-34.55858612060547,-47.983978271484375,53.64065933227539,79.83782549027003,518389909,1720698451
2.0,0,35.27909851074219,1.19951331615448,1.4485141038894653,0.7315815091133118,0.4476841986179352,-0.5645987391471863,-35.60581588745117,-48.334224700927734,54.9901123046875,81.41181642570682,531389909,1720698451
2.0,0,-21.74686622619629,-8.430112838745117,-2.5163443088531494,0.44608625769615173,1.0618184804916382,0.10359854996204376,-34.733123779296875,-49.910343170166016,56.508243560791016,83.00972131718896,543389909,1720698451
2.0,0,39.22600173950195,20.808324813842773,11.03743839263916,0.5805779695510864,0.6697952747344971,-0.3203831613063812,-32.813201904296875,-50.08546447753906,54.31538772583008,80.84195269134852,556389909,1720698451
2.0,0,-5.724623203277588,5.6144890785217285,6.052634239196777,0.3275738060474396,1.0461056232452393,0.27617400884628296,-35.08220291137695,-49.56009292602539,53.471981048583984,80.90869254419714,568389909,1720698451
2.0,0,23.461139678955078,7.448474884033203,2.8012585639953613,0.28363096714019775,0.9550241231918335,0.3302370011806488,-33.33681869506836,-50.260589599609375,54.82143020629883,81.50373953060262,581389909,1720698451
2.0,0,2.087775707244873,-5.037477493286133,-1.9273617267608643,0.2897563576698303,0.9393112063407898,0.2897563576698303,-33.86043167114258,-51.83670425415039,54.652748107910156,82.58629194142964,593389909,1720698451
2.0,0,8.360679626464844,2.4660654067993164,0.17717362940311432,0.4341018795967102,0.9062875509262085,0.13369272649288177,-31.242359161376953,-51.31133270263672,54.484066009521484,81.10148777068794,606389909,1720698451
2.0,0,7.515513896942139,1.4173890352249146,1.6089280843734741,0.4290418028831482,0.8365116715431213,0.07962973415851593,-34.733123779296875,-50.96108627319336,54.146705627441406,82.06879999071882,619389909,1720698451
2.0,0,10.714216232299805,4.261744022369385,5.736595153808594,0.41759002208709717,0.8468981385231018,0.050068192183971405,-32.289588928222656,-52.0118293762207,54.82143020629883,82.17808198101723,631389909,1720698451
2.0,0,11.588112831115723,2.272132158279419,3.536289930343628,0.3526079058647156,0.8524908423423767,0.13049687445163727,-31.94051170349121,-52.71232604980469,54.146705627441406,82.04054690070375,644389909,1720698451
2.0,0,10.55859088897705,4.163579940795898,3.0358939170837402,0.3297043740749359,0.839441180229187,0.1600584238767624,-32.98773956298828,-52.0118293762207,54.146705627441406,82.0078477149683,656389909,1720698451
2.0,0,6.318394660949707,5.37027645111084,3.5195302963256836,0.372848242521286,0.8668721914291382,0.16112370789051056,-32.289588928222656,-53.06257247924805,53.80934143066406,82.1808942301727,669389909,1720698451
2.0,0,3.0646250247955322,3.8810603618621826,4.041474342346191,0.3952191174030304,0.9030917286872864,0.13901913166046143,-31.591434478759766,-52.71232604980469,54.484066009521484,82.12868864736964,681389909,1720698451
2.0,0,2.5354981422424316,6.052634239196777,6.39979887008667,0.4170573949813843,0.9220004081726074,0.10040270537137985,-31.067819595336914,-52.186954498291016,54.31538772583008,81.47913216291856,694389909,1720698451
2.0,0,4.659187316894531,3.665578603744507,4.352725028991699,0.4146605134010315,0.8929715752601624,0.10359854996204376,-30.195127487182617,-53.41282272338867,53.13461685180664,81.16626678143852,706389909,1720698451
2.0,0,11.094900131225586,3.1915197372436523,3.426154851913452,0.3997465670108795,0.8767260313034058,0.0969405472278595,-30.195127487182617,-54.11331558227539,53.471981048583984,81.84894259875485,719389909,1720698451
2.0,0,10.833927154541016,4.532293319702148,4.412580966949463,0.36805447936058044,0.8727312088012695,0.14434552192687988,-31.591434478759766,-53.76306915283203,54.82143020629883,83.02936557039361,731389909,1720698451
2.0,0,8.961633682250977,-0.5578575134277344,1.6232936382293701,0.341422438621521,0.8370442986488342,0.15606361627578735,-31.067819595336914,-53.938194274902344,53.64065933227539,82.16969362025596,744389909,1720698451
2.0,0,11.853874206542969,-0.4980015456676483,1.996794581413269,0.33369916677474976,0.8413054347038269,0.1794998049736023,-29.671512603759766,-53.938194274902344,53.978023529052734,81.8740159387284,756389909,1720698451
2.0,0,5.226621627807617,4.565812110900879,5.109303951263428,0.3789736032485962,0.8687363862991333,0.11664823442697525,-30.893281936645508,-55.1640625,53.13461685180664,82.58786937746528,769389909,1720698451
2.0,0,3.2705295085906982,5.293660640716553,6.351913928985596,0.38110417127609253,0.8908409476280212,0.13795384764671326,-29.322437286376953,-56.03968048095703,52.96593475341797,82.49631119707472,781389909,1720698451
2.0,0,1.2450039386749268,6.893012046813965,5.908979892730713,0.41386154294013977,0.9353164434432983,0.12783367931842804,-28.10066795349121,-54.463565826416016,54.146705627441406,81.77892926827492,794389909,1720698451
2.0,0,3.478828191757202,6.555424213409424,6.60330867767334,0.40374138951301575,0.9305226802825928,0.12916527688503265,-30.544204711914062,-55.1640625,54.146705627441406,83.11370502686073,806389909,1720698451
2.0,0,11.7820463180542,1.328802227973938,2.839566469192505,0.3696523904800415,0.8740627765655518,0.16431954503059387,-27.57705307006836,-55.68943405151367,54.9901123046875,82.98023482908084,819389909,1720698451
2.0,0,11.7820463180542,1.328802227973938,2.839566469192505,0.3696523904800415,0.8740627765655518,0.16431954503059387,-27.227977752685547,-57.090423583984375,53.30329895019531,82.71590485797391,831389909,1720698451
2.0,0,9.64877986907959,3.043076753616333,3.1603944301605225,0.336362361907959,0.8607468008995056,0.16218899190425873,-29.671512603759766,-57.440673828125,54.31538772583008,84.4392741195196,844389909,1720698451
2.0,0,11.4444580078125,0.7398195862770081,2.607325315475464,0.3289054334163666,0.8199998140335083,0.15606361627578735,-26.704362869262695,-56.214805603027344,53.471981048583984,82.05169177109961,856389909,1720698451
2.0,0,6.469231605529785,5.964047431945801,6.0239033699035645,0.33929190039634705,0.8719322681427002,0.16485218703746796,-29.147897720336914,-55.51430892944336,53.80934143066406,82.62495786764842,869389909,1720698451
2.0,0,4.628062725067139,6.5602126121521,6.316000461578369,0.386430561542511,0.8916398882865906,0.1419486552476883,-29.147897720336914,-56.5650520324707,53.80934143066406,83.33456832643414,881389909,1720698451
2.0,0,2.9520957469940186,6.09333610534668,6.727809429168701,0.37551143765449524,0.914277195930481,0.1619226634502411,-26.704362869262695,-58.666542053222656,54.484066009521484,84.40023460669818,894389909,1720698451
2.0,0,3.1388463973999023,6.888223648071289,6.411769866943359,0.3976159989833832,0.933185875415802,0.14061705768108368,-27.926130294799805,-58.141170501708984,53.64065933227539,83.89031406635782,906389909,1720698451
2.0,0,10.79561996459961,3.2633466720581055,3.8810603618621826,0.3664565682411194,0.8871124386787415,0.1507372111082077,-27.7515926361084,-57.61579895019531,52.7972526550293,82.92937399033488,919389909,1720698451
2.0,0,10.678301811218262,1.3718984127044678,3.06701922416687,0.3382266163825989,0.8562193512916565,0.17603762447834015,-27.053438186645508,-56.91530227661133,54.146705627441406,83.08493173410858,931389909,1720698451
2.0,0,10.39099407196045,0.9433298707008362,2.966461181640625,0.3246442973613739,0.8271904587745667,0.1502045840024948,-27.57705307006836,-58.84166717529297,54.31538772583008,84.6935475452798,944389909,1720698451
2.0,0,9.478789329528809,2.032708168029785,3.9289448261260986,0.3251769244670868,0.862877368927002,0.18109771609306335,-28.10066795349121,-59.71728515625,52.45989227294922,84.3080184985668,956389909,1720698451
2.0,0,9.478789329528809,2.032708168029785,3.9289448261260986,0.3251769244670868,0.862877368927002,0.18109771609306335,-26.35528564453125,-57.61579895019531,53.471981048583984,82.90617665369865,969389909,1720698451
2.0,0,2.988009214401245,5.540267467498779,7.3910136222839355,0.3446182906627655,0.904689610004425,0.18748940527439117,-27.57705307006836,-59.19191360473633,52.96593475341797,84.08071560425294,981389909,1720698451
2.0,0,3.737405776977539,5.552238464355469,6.54824161529541,0.3901590406894684,0.9132118225097656,0.15473201870918274,-26.180747985839844,-58.84166717529297,53.64065933227539,83.81583200486189,994389909,1720698451
2.0,0,5.1452178955078125,4.556235313415527,5.9185566902160645,0.3582006096839905,0.9212014675140381,0.16352058947086334,-26.704362869262695,-59.36703872680664,54.82143020629883,85.10556675862931,6389909,1720698452
2.0,0,8.94726848602295,3.8307812213897705,4.9919867515563965,0.3544721305370331,0.8892430663108826,0.1776355504989624,-24.784440994262695,-59.54216003417969,53.30329895019531,83.67065803439009,19389909,1720698452
2.0,0,9.603289604187012,2.3535361289978027,3.356721878051758,0.3390255570411682,0.8785902261734009,0.15899313986301422,-24.260826110839844,-59.71728515625,53.471981048583984,83.7495945499046,31389909,1720698452
2.0,0,7.52509069442749,4.546658515930176,5.595334529876709,0.33369916677474976,0.8737964630126953,0.17417339980602264,-23.388134002685547,-60.5929069519043,53.978023529052734,84.45195207402064,44389909,1720698452
2.0,0,8.645594596862793,1.7813133001327515,4.994380950927734,0.32997068762779236,0.8599478006362915,0.17603762447834015,-24.9589786529541,-59.016788482666016,52.7972526550293,83.02699456276468,57389909,1720698452
2.0,0,3.150817394256592,5.619277477264404,7.388619422912598,0.324111670255661,0.9169403314590454,0.19308212399482727,-24.9589786529541,-59.016788482666016,52.7972526550293,83.02699456276468,69389909,1720698452
2.0,0,4.359908103942871,6.895406246185303,7.769303321838379,0.35314056277275085,0.9156087636947632,0.1752386838197708,-24.9589786529541,-59.016788482666016,52.7972526550293,83.02699456276468,82389909,1720698452
2.0,0,4.920159339904785,6.543453216552734,7.314397811889648,0.3153230845928192,0.886846125125885,0.21039293706417084,-24.9589786529541,-59.016788482666016,52.7972526550293,83.02699456276468,94389909,1720698452
2.0,0,5.1978912353515625,4.572995185852051,5.837152481079102,0.34435197710990906,0.9110813140869141,0.16937962174415588,-24.9589786529541,-59.016788482666016,52.7972526550293,83.02699456276468,107389909,1720698452
2.0,0,7.975207328796387,4.817207336425781,5.952075958251953,0.35686904191970825,0.891906201839447,0.18242931365966797,-24.9589786529541,-59.016788482666016,52.7972526550293,83.02699456276468,119389909,1720698452
2.0,0,7.486782550811768,5.473228454589844,6.438106536865234,0.3275738060474396,0.8913735747337341,0.1920168399810791,-24.9589786529541,-59.016788482666016,52.7972526550293,83.02699456276468,132389909,1720698452
2.0,0,5.05184268951416,3.0550482273101807,5.6360368728637695,0.32171475887298584,0.8743290901184082,0.18163035809993744,-23.562671661376953,-61.81877517700195,54.146705627441406,85.49050351069037,144389909,1720698452
2.0,0,5.5306901931762695,4.520321846008301,6.701472759246826,0.32437798380851746,0.8929715752601624,0.1957453191280365,-24.260826110839844,-61.81877517700195,53.471981048583984,85.26078468572317,157389909,1720698452
2.0,0,5.906585693359375,3.5722033977508545,6.047845840454102,0.3150567412376404,0.9030917286872864,0.17843452095985413,-24.086286544799805,-61.64365005493164,52.62857437133789,84.55681895608728,169389909,1720698452
2.0,0,4.4484944343566895,3.663184404373169,6.54824161529541,0.27936986088752747,0.8951020836830139,0.21971413493156433,-23.562671661376953,-62.16902160644531,53.13461685180664,85.10860268687775,182389909,1720698452
2.0,0,5.262535572052002,7.003147125244141,7.891409397125244,0.35926592350006104,0.9206688404083252,0.18269562721252441,-24.43536376953125,-63.39488983154297,51.27912139892578,85.12078095711152,194389909,1720698452
2.0,0,4.503561973571777,7.161166667938232,7.702264308929443,0.3201168477535248,0.9270604848861694,0.19441372156143188,-24.086286544799805,-62.694393157958984,52.96593475341797,85.53435787603873,207389909,1720698452
2.0,0,2.3583245277404785,4.072599411010742,7.130041599273682,0.3352971076965332,0.9225330352783203,0.20932765305042267,-21.817289352416992,-61.46852493286133,53.471981048583984,84.34231695518571,219389909,1720698452
2.0,0,8.817978858947754,3.42854905128479,5.482805252075195,0.32730749249458313,0.8884441256523132,0.168846994638443,-23.9117488861084,-63.57001495361328,52.45989227294922,85.81933834098443,232389909,1720698452
2.0,0,5.229015827178955,4.096541881561279,6.852309703826904,0.3145241141319275,0.9078854322433472,0.2050665318965912,-24.086286544799805,-63.04464340209961,52.29121017456055,85.37650099843734,244389909,1720698452
2.0,0,5.688709735870361,3.5243186950683594,5.461257457733154,0.30120810866355896,0.9275931715965271,0.21358877420425415,-23.21359634399414,-63.92026138305664,52.7972526550293,86.09425508371147,257389909,1720698452
2.0,0,5.880249500274658,3.639242172241211,6.095730304718018,0.2988112270832062,0.886846125125885,0.19121788442134857,-22.51544189453125,-64.2705078125,51.44780349731445,85.34939825728661,269389909,1720698452
2.0,0,6.4548659324646,6.1555867195129395,8.094919204711914,0.33050331473350525,0.9126791954040527,0.18669043481349945,-22.864519119262695,-64.62075805664062,52.122528076171875,86.11263867413041,282389909,1720698452
2.0,0,8.686296463012695,1.6879379749298096,5.719834804534912,0.2559337019920349,0.8855145573616028,0.22717110812664032,-22.166366577148438,-64.2705078125,51.44780349731445,85.25797596945067,294389909,1720698452
2.0,0,3.143634796142578,5.851518154144287,7.742966175079346,0.31745365262031555,0.9137444496154785,0.19867484271526337,-22.166366577148438,-64.2705078125,50.43571472167969,84.6510915534809,307389909,1720698452
2.0,0,5.449285984039307,7.359888076782227,7.6208600997924805,0.31292617321014404,0.9233320355415344,0.2063981294631958,-20.944597244262695,-62.694393157958984,52.29121017456055,84.2830573050668,319389909,1720698452
2.0,0,-4.429340839385986,1.537100911140442,6.5602126121521,0.32863909006118774,0.8524908423423767,0.19601164758205414,-23.388134002685547,-65.14613342285156,51.9538459777832,86.54608959368859,332389909,1720698452
2.0,0,21.193796157836914,29.60236167907715,35.846534729003906,0.6903018951416016,0.5475542545318604,-0.021039292216300964,-21.9918270111084,-65.14613342285156,52.62857437133789,86.58767808177984,344389909,1720698452
2.0,0,-8.5570068359375,-18.569711685180664,27.813867568969727,-0.07057484239339828,0.35500478744506836,0.18003243207931519,-22.51544189453125,-64.97100830078125,50.77307891845703,85.47562568467144,357389909,1720698452
2.0,0,15.397346496582031,38.61427307128906,39.22600173950195,-0.012517048045992851,0.24235135316848755,0.012783369049429893,-23.388134002685547,-67.59786224365234,51.27912139892578,88.01149972296315,369389909,1720698452
2.0,0,2.7222487926483154,-14.228958129882812,6.536270618438721,-0.5728546380996704,0.06658004224300385,0.12170831859111786,-23.0390567779541,-65.14613342285156,52.29121017456055,86.65556819204312,382389909,1720698452
2.0,0,7.539456367492676,10.383811950683594,5.049448490142822,-0.31052932143211365,0.025566738098859787,0.027164656668901443,-21.817289352416992,-64.62075805664062,51.44780349731445,85.4325053548136,394389909,1720698452
2.0,0,3.126875162124634,2.2888917922973633,-6.021509170532227,-0.1970769315958023,-0.0431438684463501,0.0394153855741024,-21.642751693725586,-64.79588317871094,51.616485595703125,85.62229127415854,407389909,1720698452
2.0,0,2.2338242530822754,3.0311055183410645,2.3367764949798584,-0.0031958422623574734,-0.04234490543603897,-0.011718087829649448,-21.9918270111084,-65.84662628173828,49.592308044433594,85.3159754392307,419389909,1720698452
2.0,0,2.8204126358032227,4.355119228363037,6.955262184143066,0.10040270537137985,-0.06658004224300385,-0.055128276348114014,-20.246444702148438,-64.79588317871094,51.9538459777832,85.48466009682397,432263807,1720698452
2.0,0,4.668764591217041,-13.175493240356445,11.51628589630127,0.3829684257507324,0.0969405472278595,-0.22557318210601807,-21.468212127685547,-64.2705078125,51.7851676940918,85.28356171936733,444263807,1720698452
2.0,0,25.041336059570312,23.386919021606445,39.22600173950195,0.47884365916252136,-0.02077297307550907,-0.2881584167480469,-21.119136810302734,-63.92026138305664,51.7851676940918,84.93245167776433,457263807,1720698452
2.0,0,-14.133187294006348,-1.4054179191589355,12.878607749938965,0.3169209957122803,0.6322441101074219,-0.07084116339683533,-21.119136810302734,-64.62075805664062,51.11043930053711,85.05373193999812,469263807,1720698452
2.0,0,39.22600173950195,10.47239875793457,22.266414642333984,0.5033451318740845,0.12996424734592438,-0.2844299376010895,-20.420982360839844,-64.97100830078125,51.44780349731445,85.3529432702833,482263807,1720698452
2.0,0,-10.247340202331543,2.1548144817352295,21.85939598083496,0.5321077108383179,0.6167975068092346,-0.14221496880054474,-20.420982360839844,-64.2705078125,52.122528076171875,85.23187565758295,494263807,1720698452
2.0,0,33.55524826049805,13.651946067810059,16.211387634277344,0.5456900000572205,0.5715230703353882,-0.19281581044197083,-19.722829818725586,-67.42274475097656,51.7851676940918,87.27267681765558,507263807,1720698452
2.0,0,-3.7541656494140625,-9.38301944732666,1.8627172708511353,0.2402207851409912,0.6932314038276672,-0.026099376380443573,-20.246444702148438,-65.14613342285156,53.64065933227539,86.78281832613156,520263807,1720698452
2.0,0,-4.721437454223633,8.494757652282715,-5.128458499908447,0.48203951120376587,0.6642025113105774,-0.1494056135416031,-20.944597244262695,-66.1968765258789,53.978023529052734,87.94503760650629,532263807,1720698452
2.0,0,-1.9369386434555054,2.8515377044677734,-5.688709735870361,0.74809330701828,0.5464890003204346,-0.2588632106781006,-20.246444702148438,-67.24761962890625,53.30329895019531,88.16690165705668,545263807,1720698452
2.0,0,5.104515552520752,2.166785478591919,5.154795169830322,0.8682037591934204,0.4442220628261566,-0.33236756920814514,-17.977445602416992,-66.72224426269531,51.7851676940918,86.35247548822123,557263807,1720698452
2.0,0,-1.3216195106506348,6.632040023803711,4.802842140197754,0.8029553294181824,0.5118674039840698,-0.24235135316848755,-18.501060485839844,-67.24761962890625,55.32747268676758,89.02618052438156,570263807,1720698452
2.0,0,7.5466389656066895,1.9704581499099731,6.629645824432373,0.7736600637435913,0.5233191251754761,-0.26099374890327454,-17.977445602416992,-67.77298736572266,54.146705627441406,88.59024831868946,582263807,1720698452
2.0,0,8.245756149291992,8.592921257019043,12.318355560302734,0.7097432613372803,0.4940238893032074,-0.23249751329421997,-17.977445602416992,-67.07249450683594,56.84560775756836,89.74035430665914,595263807,1720698452
2.0,0,0.8044640421867371,7.759726524353027,9.883415222167969,0.7025526165962219,0.4972197711467743,-0.2101266235113144,-17.104755401611328,-68.99885559082031,55.66483688354492,90.28836467376895,607263807,1720698452
2.0,0,5.609699726104736,7.414956092834473,6.780482769012451,0.6346409320831299,0.5608702898025513,-0.20986029505729675,-17.45383071899414,-67.24761962890625,56.339561462402344,89.44844737778946,620263807,1720698452
2.0,0,4.031897068023682,1.8244094848632812,4.841149806976318,0.6122700572013855,0.5171937942504883,-0.16724906861782074,-17.802907943725586,-67.24761962890625,58.02637481689453,90.58833286575903,632263807,1720698452
2.0,0,4.472437381744385,12.368634223937988,9.078951835632324,0.7145370244979858,0.5382331013679504,-0.20346862077713013,-17.62837028503418,-68.4734878540039,57.85769271850586,91.3613188636621,645263807,1720698452
2.0,0,0.9600895047187805,3.404606819152832,4.134849548339844,0.699356734752655,0.5451573729515076,-0.18242931365966797,-17.279293060302734,-66.72224426269531,58.53242111206055,90.42386946682936,657263807,1720698452
2.0,0,5.243381977081299,7.807610988616943,8.01351547241211,0.6831112504005432,0.4929586350917816,-0.18189668655395508,-17.45383071899414,-68.64861297607422,58.70109939575195,91.99503976071797,670263807,1720698452
2.0,0,-0.9864261746406555,3.7828965187072754,7.613677501678467,0.6229228973388672,0.5768494606018066,-0.15846049785614014,-17.45383071899414,-68.64861297607422,58.70109939575195,91.99503976071797,682263807,1720698452
2.0,0,8.207448959350586,11.032649993896484,8.133227348327637,0.7145370244979858,0.5185253620147705,-0.1752386838197708,-17.45383071899414,-68.64861297607422,58.70109939575195,91.99503976071797,695263807,1720698452
2.0,0,6.260932922363281,2.0039772987365723,2.478036403656006,0.645560085773468,0.4823058247566223,-0.1595257818698883,-17.45383071899414,-68.64861297607422,58.70109939575195,91.99503976071797,707263807,1720698452
2.0,0,3.6272706985473633,8.724604606628418,8.351102828979492,0.6884376406669617,0.5233191251754761,-0.1581941843032837,-17.45383071899414,-68.64861297607422,58.70109939575195,91.99503976071797,720263807,1720698452
2.0,0,1.4868218898773193,2.6743643283843994,6.057422637939453,0.6287819147109985,0.5768494606018066,-0.12463784217834473,-17.45383071899414,-68.64861297607422,58.70109939575195,91.99503976071797,732263807,1720698452
2.0,0,8.054217338562012,10.460427284240723,6.7733001708984375,0.734244704246521,0.4721856415271759,-0.16724906861782074,-17.45383071899414,-68.64861297607422,58.70109939575195,91.99503976071797,745263807,1720698452
2.0,0,-1.185148000717163,3.7014923095703125,3.6440305709838867,0.653283417224884,0.5608702898025513,-0.13529065251350403,-17.279293060302734,-68.82373046875,60.55659484863281,93.28655328588593,757263807,1720698452
2.0,0,7.16356086730957,8.583344459533691,7.48438835144043,0.6900355815887451,0.509470522403717,-0.13981808722019196,-16.057525634765625,-70.04959869384766,62.07472610473633,94.96347733554354,770263807,1720698452
2.0,0,4.280898094177246,3.222644567489624,5.609699726104736,0.6061447262763977,0.5382331013679504,-0.12730103731155396,-15.010294914245605,-68.64861297607422,61.400001525878906,93.31613581974655,782263807,1720698452
2.0,0,1.6472358703613281,10.31437873840332,6.497962951660156,0.7419679760932922,0.5108020901679993,-0.131295844912529,-14.486680030822754,-68.12323760986328,62.580772399902344,93.63221921397414,795263807,1720698452
2.0,0,0.636867344379425,2.9329419136047363,2.911393642425537,0.6229228973388672,0.5630008578300476,-0.10706070810556412,-16.406600952148438,-68.64861297607422,62.74945068359375,94.44205725964798,807263807,1720698452
2.0,0,5.312814712524414,7.261724948883057,6.981598377227783,0.6839101910591125,0.5033451318740845,-0.12037672102451324,-14.661218643188477,-70.04959869384766,63.42417907714844,95.62700508163306,820263807,1720698452
2.0,0,0.15562549233436584,5.128458499908447,7.1587724685668945,0.6106721758842468,0.5709904432296753,-0.09720686078071594,-15.70844841003418,-68.99885559082031,62.74945068359375,94.5784911350691,832263807,1720698452
2.0,0,6.280086994171143,9.047825813293457,4.6855244636535645,0.7672684192657471,0.503078818321228,-0.1262357532978058,-16.057525634765625,-68.99885559082031,64.0988998413086,95.53719256509551,845263807,1720698452
2.0,0,2.2242472171783447,0.9457241296768188,1.0534647703170776,0.5944266319274902,0.5411626100540161,-0.08389085531234741,-16.23206329345703,-68.12323760986328,63.93022155761719,94.82261655121476,857263807,1720698452
2.0,0,0.47645339369773865,7.424532890319824,8.209842681884766,0.7076126933097839,0.541695237159729,-0.11078918725252151,-15.010294914245605,-67.94811248779297,64.43626403808594,94.8382152259959,870263807,1720698452
2.0,0,-1.0247340202331543,7.012723922729492,7.283272743225098,0.6144006252288818,0.5970898270606995,-0.07137380540370941,-14.137603759765625,-69.52423095703125,64.94230651855469,96.18208620208169,882263807,1720698452
2.0,0,5.67913293838501,5.664767742156982,3.505164861679077,0.7667357921600342,0.4748488664627075,-0.11158815771341324,-16.057525634765625,-68.2983627319336,66.46044158935547,96.64109259329626,895263807,1720698452
2.0,0,-0.9505125284194946,4.788476467132568,2.015948534011841,0.5845727920532227,0.5906981229782104,-0.06178628280758858,-15.184833526611328,-69.87448120117188,64.60494995117188,96.3681578663681,907263807,1720698452
2.0,0,5.748566150665283,4.640033721923828,6.634434223175049,0.6921661496162415,0.5243843793869019,-0.0788307711482048,-14.661218643188477,-68.2983627319336,66.12307739257812,96.18668851681625,920263807,1720698452
2.0,0,5.602517127990723,9.586529731750488,8.126044273376465,0.6476906538009644,0.5084052085876465,-0.07243908941745758,-15.184833526611328,-68.12323760986328,64.94230651855469,95.33550150720717,932263807,1720698452
2.0,0,-0.3974435329437256,3.4692511558532715,2.193122148513794,0.7582135200500488,0.5230528116226196,-0.06604740023612976,-15.70844841003418,-68.64861297607422,66.79780578613281,97.0635579032185,945263807,1720698452
2.0,0,-0.17477938532829285,6.519510746002197,3.2872891426086426,0.6258523464202881,0.6130690574645996,-0.05432931333780289,-16.057525634765625,-68.64861297607422,65.44835662841797,96.19752376444293,958263807,1720698452
2.0,0,6.033480644226074,1.2857059240341187,2.3080456256866455,0.6159985661506653,0.5054756999015808,-0.053264033049345016,-14.835756301879883,-70.22472381591797,66.29176330566406,97.7047050159045,970263807,1720698452
2.0,0,1.7789191007614136,14.793997764587402,10.838715553283691,0.6562128663063049,0.5528806447982788,-0.05086715519428253,-15.533909797668457,-67.42274475097656,66.62911987304688,96.05502838693187,983263807,1720698452
2.0,0,2.348747730255127,1.1085323095321655,1.7286399602890015,0.7510228753089905,0.5193243026733398,-0.05353035405278206,-15.359371185302734,-68.99885559082031,67.13516998291016,97.48786285833239,995263807,1720698452
2.0,0,2.863509178161621,9.452452659606934,3.634453773498535,0.6330430507659912,0.5512827634811401,-0.03835010528564453,-15.359371185302734,-68.99885559082031,67.13516998291016,97.48786285833239,8263807,1720698453
2.0,0,0.31364521384239197,1.6663898229599,3.196308135986328,0.5997530221939087,0.5566091537475586,-0.044741787016391754,-15.882987022399902,-68.12323760986328,66.29176330566406,96.37241649651524,20263807,1720698453
2.0,0,4.350330829620361,16.934446334838867,11.473190307617188,0.7219939231872559,0.5249170660972595,-0.03089314140379429,-15.010294914245605,-69.69935607910156,68.14725494384766,98.62736713324445,33263807,1720698453
2.0,0,2.652815818786621,-1.1276862621307373,-0.7733389735221863,0.6839101910591125,0.5044103860855103,-0.03195841982960701,-16.581140518188477,-67.77298736572266,68.99066162109375,98.12147281953412,45263807,1720698453
2.0,0,-1.3335906267166138,11.190669059753418,5.10690975189209,0.6655341386795044,0.5653977394104004,-0.021305613219738007,-15.533909797668457,-69.52423095703125,68.31593322753906,98.70150848147306,58263807,1720698453
2.0,0,2.291285991668701,1.1564171314239502,2.1811511516571045,0.546755313873291,0.5872359871864319,-0.010386486537754536,-17.104755401611328,-69.34910583496094,68.82198333740234,99.18838907831527,70263807,1720698453
2.0,0,4.472437381744385,18.643932342529297,12.210614204406738,0.7939004302024841,0.5153295397758484,-0.019441373646259308,-15.359371185302734,-69.69935607910156,70.50879669189453,100.32647174095288,83263807,1720698453
2.0,0,-0.6081365346908569,-2.087775707244873,-1.3503503799438477,0.6287819147109985,0.56060391664505,0.0013316008262336254,-16.23206329345703,-68.4734878540039,69.3280258178711,98.7849866197218,95263807,1720698453
2.0,0,0.8188294768333435,12.718193054199219,6.806819438934326,0.7235919237136841,0.5555438995361328,-0.00878856610506773,-15.533909797668457,-68.4734878540039,68.6532974243164,98.19977667859622,108263807,1720698453
2.0,0,2.937730312347412,2.7007007598876953,2.243401288986206,0.5406299233436584,0.5520817041397095,-0.000266320159425959,-14.661218643188477,-67.59786224365234,69.4967041015625,98.05209938086645,120263807,1720698453
2.0,0,1.3790812492370605,16.915292739868164,11.585718154907227,0.834381103515625,0.5225201845169067,0.009321206249296665,-14.486680030822754,-67.42274475097656,69.66539001464844,98.02528742097039,133263807,1720698453
2.0,0,0.6033480167388916,0.7637620568275452,-0.3016740083694458,0.6231892108917236,0.5757842063903809,0.011984407901763916,-15.533909797668457,-67.07249450683594,71.35220336914062,99.15220017025764,145263807,1720698453
2.0,0,4.726226329803467,10.031858444213867,4.2928690910339355,0.7172002196311951,0.5193243026733398,0.017310811206698418,-15.70844841003418,-67.24761962890625,70.17143249511719,98.45317483769404,158263807,1720698453
2.0,0,2.372690200805664,8.545036315917969,5.968835830688477,0.5347709059715271,0.5789800882339478,0.009321206249296665,-16.23206329345703,-67.77298736572266,71.68955993652344,99.98025154564067,170263807,1720698453
2.0,0,1.4604852199554443,3.8810603618621826,2.5211329460144043,0.5347709059715271,0.5789800882339478,0.009321206249296665,-16.755678176879883,-68.2983627319336,72.53296661376953,101.02697832175399,183263807,1720698453
2.0,0,-1.9560925960540771,14.075726509094238,12.418913841247559,0.4279765188694,0.4892301559448242,0.02982785925269127,-16.755678176879883,-67.59786224365234,72.19561004638672,100.31166353445099,195263807,1720698453
2.0,0,-10.367051124572754,-39.22719955444336,-12.18427848815918,-0.37178295850753784,0.5262486338615417,-0.02370249480009079,-15.70844841003418,-68.2983627319336,71.52088165283203,100.13320236421028,208263807,1720698453
2.0,0,-15.054969787597656,-1.1803593635559082,19.72852325439453,0.40933412313461304,0.08602141588926315,0.004261122550815344,-16.755678176879883,-66.1968765258789,70.84615325927734,98.39693412188532,220263807,1720698453
2.0,0,-6.016720771789551,-39.22719955444336,-15.184258460998535,-0.05139978975057602,0.05086715519428253,-0.034621622413396835,-17.104755401611328,-66.89736938476562,73.8824234008789,101.12587787276543,233263807,1720698453
2.0,0,-1.1109265089035034,20.3606014251709,16.043790817260742,0.40187713503837585,-0.11238711327314377,-0.004527443088591099,-16.23206329345703,-67.42274475097656,72.36428833007812,100.22922036031615,245263807,1720698453
2.0,0,2.454094171524048,11.015890121459961,0.5243381857872009,0.08974990248680115,-0.04021434485912323,-0.0015979211311787367,-16.755678176879883,-67.94811248779297,72.19561004638672,100.54802261502148,258263807,1720698453
2.0,0,4.470042705535889,24.895288467407227,9.878626823425293,-0.14354658126831055,0.002130561275407672,0.0,-17.802907943725586,-68.2983627319336,73.54505920410156,101.93373149478218,270263807,1720698453
2.0,0,0.7015117406845093,11.19785213470459,4.4245524406433105,-0.3214484453201294,0.05459563434123993,-0.0098538463935256,-17.45383071899414,-67.59786224365234,72.53296661376953,100.67342465851307,283263807,1720698453
2.0,0,0.787704348564148,7.515513896942139,7.841130256652832,-0.27723929286003113,0.03595322370529175,-0.01145176775753498,-17.279293060302734,-67.42274475097656,72.70165252685547,100.64755714151633,295263807,1720698453
2.0,0,1.3383792638778687,-0.7996755838394165,2.190727949142456,-0.22610582411289215,0.023169854655861855,-0.021305613219738007,-16.057525634765625,-67.59786224365234,73.20769500732422,100.92909252395148,308263807,1720698453
2.0,0,1.6232936382293701,4.611302852630615,4.173157215118408,-0.016245530918240547,0.014114969410002232,-0.006658004131168127,-16.057525634765625,-67.59786224365234,73.20769500732422,100.92909252395148,320263807,1720698453
2.0,0,1.5682260990142822,9.38062572479248,4.606513977050781,0.015979209914803505,0.004261122550815344,0.0007989605655893683,-16.057525634765625,-67.59786224365234,73.20769500732422,100.92909252395148,333263807,1720698453
2.0,0,2.607325315475464,13.527446746826172,7.127647399902344,-0.03329002112150192,-0.001065280637703836,-0.005326403304934502,-16.057525634765625,-67.59786224365234,73.20769500732422,100.92909252395148,345263807,1720698453
2.0,0,2.8299896717071533,10.766889572143555,5.961653232574463,-0.12996424734592438,0.01651185005903244,-0.010919126681983471,-16.057525634765625,-67.59786224365234,73.20769500732422,100.92909252395148,358263807,1720698453
2.0,0,2.3559303283691406,5.72941255569458,4.2138590812683105,-0.13981808722019196,0.029295219108462334,-0.00825592502951622,-16.057525634765625,-67.59786224365234,73.20769500732422,100.92909252395148,370263807,1720698453
2.0,0,1.8268038034439087,5.343940258026123,5.027900218963623,-0.09028254449367523,0.02796361781656742,-0.005060083232820034,-16.057525634765625,-67.59786224365234,73.20769500732422,100.92909252395148,383263807,1720698453
2.0,0,0.8571372628211975,6.002355575561523,4.8124189376831055,-0.047937631607055664,0.014647609554231167,-0.0031958422623574734,-16.581140518188477,-66.72224426269531,73.03901672363281,100.30697914048555,395263807,1720698453
2.0,0,1.7070918083190918,9.11486530303955,5.284083843231201,-0.030626820400357246,-0.002663201652467251,-0.006924324203282595,-16.406600952148438,-67.94811248779297,72.87033081054688,100.97627274709312,408263807,1720698453
2.0,0,2.403815269470215,10.031858444213867,5.473228454589844,-0.05033451318740845,-0.0018642412032932043,-0.005060083232820034,-15.184833526611328,-66.37199401855469,73.71373748779297,100.34707695617851,420263807,1720698453
2.0,0,2.9018168449401855,9.64638614654541,6.280086994171143,-0.1025332659482956,0.011984407901763916,-0.009321206249296665,-15.533909797668457,-67.07249450683594,72.70165252685547,100.1276792555748,433263807,1720698453
2.0,0,2.3894498348236084,7.908168792724609,5.913768291473389,-0.11904511600732803,0.019175052642822266,-0.007456964813172817,-15.184833526611328,-67.77298736572266,72.02692413330078,100.05815701785421,445263807,1720698453
2.0,0,1.8052555322647095,7.517908096313477,5.042265892028809,-0.048203952610492706,0.012517048045992851,-0.001065280637703836,-16.406600952148438,-67.24761962890625,72.19561004638672,100.01812341034514,458263807,1720698453
2.0,0,1.6855436563491821,8.04464054107666,4.719043254852295,-0.031425777822732925,0.0037284824065864086,-0.0037284824065864086,-15.882987022399902,-67.07249450683594,72.70165252685547,100.1824289796314,471263807,1720698453
2.0,0,2.2266414165496826,8.94487476348877,5.724623203277588,-0.03808378428220749,-0.0007989605655893683,-0.007989604957401752,-16.755678176879883,-67.94811248779297,71.85824584960938,100.30606281977096,483263807,1720698453
2.0,0,2.8012585639953613,8.55461311340332,4.697495460510254,-0.0537966750562191,0.0031958422623574734,-0.004527443088591099,-15.70844841003418,-67.94811248779297,72.87033081054688,100.86518950828878,496263807,1720698453
2.0,0,2.2386128902435303,8.60728645324707,6.03826904296875,-0.09401101619005203,0.02769729681313038,-0.004527443088591099,-16.406600952148438,-68.99885559082031,72.53296661376953,101.44481195921317,508263807,1720698453
2.0,0,1.6711782217025757,7.616071701049805,5.267324447631836,-0.07084116339683533,0.017310811206698418,-0.004793763160705566,-15.533909797668457,-67.07249450683594,73.03901672363281,100.37290389804785,521263807,1720698453
2.0,0,1.6663898229599,7.319186210632324,5.164371967315674,-0.06737900525331497,0.00825592502951622,-0.00825592502951622,-16.406600952148438,-66.547119140625,72.53296661376953,99.79342095806608,533263807,1720698453
2.0,0,2.1763625144958496,8.006332397460938,5.14761209487915,-0.05885675922036171,0.007723285350948572,-0.006391684524714947,-16.581140518188477,-66.72224426269531,72.36428833007812,99.81674371493678,546263807,1720698453
2.0,0,2.4349403381347656,8.537853240966797,5.207468032836914,-0.06098731979727745,0.012517048045992851,-0.007989604957401752,-15.70844841003418,-66.547119140625,72.19561004638672,99.43581109106104,558263807,1720698453
2.0,0,2.142843246459961,8.324766159057617,5.322391510009766,-0.0719064474105835,0.019974011927843094,-0.0031958422623574734,-16.581140518188477,-66.72224426269531,72.36428833007812,99.81674371493678,571263807,1720698453
2.0,0,1.7717362642288208,8.006332397460938,5.480411052703857,-0.07563493400812149,0.015446570701897144,-0.0037284824065864086,-16.93021583557129,-68.4734878540039,72.70165252685547,101.29551336198006,583263807,1720698453
2.0,0,1.833986520767212,7.568187236785889,5.001564025878906,-0.0681779608130455,0.015446570701897144,-0.009321206249296665,-15.70844841003418,-67.24761962890625,72.87033081054688,100.39463536286837,596263807,1720698453
2.0,0,2.094958543777466,8.056611061096191,5.468440055847168,-0.06684636324644089,0.009587526321411133,-0.004527443088591099,-15.010294914245605,-68.99885559082031,73.54505920410156,101.9560040389496,608263807,1720698453
2.0,0,2.219458818435669,8.279275894165039,5.437314987182617,-0.06285155564546585,0.01145176775753498,-0.005592723377048969,-16.406600952148438,-66.547119140625,72.19561004638672,99.54848934408554,621263807,1720698453
2.0,0,1.999189019203186,8.04703426361084,5.142823696136475,-0.07030852884054184,0.017843451350927353,-0.003994802478700876,-17.45383071899414,-67.59786224365234,72.19561004638672,100.43063923250233,633263807,1720698453
2.0,0,1.8890539407730103,8.094919204711914,5.504354000091553,-0.06977588683366776,0.01864241249859333,-0.005859043914824724,-16.23206329345703,-66.72224426269531,72.36428833007812,99.75935035740888,646263807,1720698453
2.0,0,2.0518622398376465,7.934505462646484,5.224227428436279,-0.06578107923269272,0.014647609554231167,-0.005859043914824724,-17.45383071899414,-67.59786224365234,72.19561004638672,100.43063923250233,658263807,1720698453
2.0,0,2.1787569522857666,7.917746067047119,5.214650630950928,-0.06791163980960846,0.018376091495156288,-0.007456964813172817,-17.802907943725586,-67.24761962890625,72.87033081054688,100.7435903144481,671263807,1720698453
2.0,0,2.1045353412628174,8.032669067382812,5.3559112548828125,-0.06737900525331497,0.014114969410002232,-0.002130561275407672,-16.406600952148438,-67.24761962890625,73.54505920410156,100.99650802820808,683263807,1720698453
2.0,0,1.9920061826705933,8.056611061096191,5.281689643859863,-0.06338419765233994,0.018109772354364395,-0.007989604957401752,-16.057525634765625,-66.89736938476562,72.53296661376953,99.9706627261575,696263807,1720698453
2.0,0,2.0542564392089844,8.260122299194336,5.396613121032715,-0.06844428181648254,0.012250727973878384,-0.004261122550815344,-16.057525634765625,-66.547119140625,72.53296661376953,99.7366253751444,708263807,1720698453
2.0,0,2.092564105987549,8.039852142333984,5.27450704574585,-0.07110748440027237,0.011718087829649448,-0.004527443088591099,-16.057525634765625,-68.64861297607422,74.55714416503906,102.6121042523561,721263807,1720698453
2.0,0,2.018342971801758,7.929717063903809,5.221833229064941,-0.06524843722581863,0.0197076927870512,-0.005326403304934502,-16.581140518188477,-66.0217514038086,73.03901672363281,99.84239501967753,733263807,1720698453
2.0,0,2.008765935897827,7.936899662017822,5.272112846374512,-0.06764532625675201,0.014114969410002232,-0.006125363986939192,-16.581140518188477,-67.07249450683594,73.03901672363281,100.54029890650098,746263807,1720698453
2.0,0,1.999189019203186,8.054217338562012,5.243381977081299,-0.06551475822925568,0.011718087829649448,-0.005859043914824724,-15.70844841003418,-67.94811248779297,71.85824584960938,100.13645109892488,758263807,1720698453
2.0,0,2.0805928707122803,8.157169342041016,5.319997310638428,-0.06791163980960846,0.01384864840656519,-0.0031958422623574734,-16.057525634765625,-66.89736938476562,73.20769500732422,100.46127994604855,771263807,1720698453
2.0,0,2.116506576538086,8.138015747070312,5.284083843231201,-0.06977588683366776,0.013316008262336254,-0.004793763160705566,-17.279293060302734,-67.77298736572266,73.71373748779297,101.61430450265102,783263807,1720698453
2.0,0,2.0518622398376465,7.972813129425049,5.310420513153076,-0.07270540297031403,0.014913929626345634,-0.006924324203282595,-16.406600952148438,-66.547119140625,73.8824234008789,100.77851015125356,796263807,1720698453
2.0,0,1.999189019203186,7.829158782958984,5.1978912353515625,-0.06977588683366776,0.014114969410002232,-0.007456964813172817,-15.533909797668457,-68.12323760986328,73.03901672363281,101.07806794753797,808263807,1720698453
2.0,0,2.015948534011841,8.01351547241211,5.272112846374512,-0.06524843722581863,0.014647609554231167,-0.0031958422623574734,-16.406600952148438,-68.2983627319336,73.20769500732422,101.45545581658591,821263807,1720698453
2.0,0,2.109323740005493,8.178718566894531,5.331968307495117,-0.06391683965921402,0.012250727973878384,-0.005592723377048969,-16.755678176879883,-66.547119140625,72.53296661376953,99.85140491188851,833263807,1720698453
2.0,0,2.1500258445739746,8.056611061096191,5.293660640716553,-0.06285155564546585,0.010652806609869003,-0.002396881580352783,-16.406600952148438,-66.89736938476562,73.54505920410156,100.76363589479897,846263807,1720698453
2.0,0,2.0015830993652344,7.972813129425049,5.111698150634766,-0.06897692382335663,0.017310811206698418,-0.004261122550815344,-15.533909797668457,-67.77298736572266,73.03901672363281,100.84234296183135,858263807,1720698453
2.0,0,2.042285203933716,8.003938674926758,5.351122856140137,-0.06950956583023071,0.014114969410002232,-0.005859043914824724,-15.70844841003418,-67.59786224365234,72.87033081054688,100.62957539312706,871263807,1720698453
2.0,0,1.9369386434555054,8.035063743591309,5.329574108123779,-0.06498212367296219,0.015180249698460102,-0.003994802478700876,-14.661218643188477,-66.1968765258789,72.53296661376953,99.28750696678833,883263807,1720698453
2.0,0,2.0279197692871094,8.106890678405762,5.296054840087891,-0.07110748440027237,0.014913929626345634,-0.0031958422623574734,-16.406600952148438,-67.59786224365234,73.54505920410156,101.23005121034781,896263807,1720698453
2.0,0,2.0566506385803223,8.039852142333984,5.281689643859863,-0.07084116339683533,0.0143812894821167,-0.007456964813172817,-15.70844841003418,-66.547119140625,72.19561004638672,99.43581109106104,909263807,1720698453
2.0,0,2.0566506385803223,8.039852142333984,5.281689643859863,-0.07084116339683533,0.0143812894821167,-0.007456964813172817,-16.23206329345703,-66.37199401855469,72.36428833007812,99.52543239936482,921263807,1720698453
2.0,0,2.111717939376831,8.04703426361084,5.21225643157959,-0.07030852884054184,0.012517048045992851,-0.006125363986939192,-15.70844841003418,-67.59786224365234,72.19561004638672,100.14206129959798,934263807,1720698453
2.0,0,1.999189019203186,8.126044273376465,5.434920787811279,-0.06418316066265106,0.01651185005903244,-0.002130561275407672,-15.70844841003418,-67.59786224365234,72.19561004638672,100.14206129959798,946263807,1720698453
2.0,0,2.039891004562378,8.080554008483887,5.231410980224609,-0.06604740023612976,0.015712888911366463,-0.004261122550815344,-15.70844841003418,-67.59786224365234,72.19561004638672,100.14206129959798,959263807,1720698453
2.0,0,2.0470738410949707,8.061399459838867,5.291266441345215,-0.06950956583023071,0.013316008262336254,-0.004793763160705566,-15.70844841003418,-67.59786224365234,72.19561004638672,100.14206129959798,971263807,1720698453
2.0,0,1.9896119832992554,8.068583488464355,5.269718647003174,-0.06711268424987793,0.018109772354364395,-0.005859043914824724,-15.70844841003418,-67.59786224365234,72.19561004638672,100.14206129959798,984263807,1720698453
2.0,0,2.013554334640503,7.970418930053711,5.269718647003174,-0.06711268424987793,0.012517048045992851,-0.0037284824065864086,-15.70844841003418,-67.59786224365234,72.19561004638672,100.14206129959798,996263807,1720698453
2.0,0,1.975246548652649,8.068583488464355,5.37027645111084,-0.07030852884054184,0.013582328334450722,-0.006125363986939192,-15.70844841003418,-67.59786224365234,72.19561004638672,100.14206129959798,9263807,1720698454
2.0,0,2.094958543777466,8.049428939819336,5.35830545425415,-0.0631178766489029,0.0143812894821167,-0.005859043914824724,-15.70844841003418,-67.59786224365234,72.19561004638672,100.14206129959798,21263807,1720698454
2.0,0,2.066227674484253,8.015909194946289,5.319997310638428,-0.06844428181648254,0.01651185005903244,-0.004527443088591099,-15.70844841003418,-67.59786224365234,72.19561004638672,100.14206129959798,34263807,1720698454
2.0,0,2.018342971801758,8.075765609741211,5.37027645111084,-0.06711268424987793,0.013049688190221786,-0.006391684524714947,-15.70844841003418,-66.1968765258789,71.85824584960938,98.95650210984655,46263807,1720698454
2.0,0,2.0542564392089844,8.06618881225586,5.27450704574585,-0.06737900525331497,0.01651185005903244,-0.009321206249296665,-15.70844841003418,-68.2983627319336,72.87033081054688,101.1014679208567,59263807,1720698454
2.0,0,1.9872177839279175,8.059005737304688,5.262535572052002,-0.07057484239339828,0.014114969410002232,-0.006125363986939192,-16.23206329345703,-68.12323760986328,73.71373748779297,101.6758106711323,71263807,1720698454
2.0,0,2.061439037322998,8.030275344848633,5.327179908752441,-0.06604740023612976,0.014647609554231167,-0.006391684524714947,-16.23206329345703,-66.0217514038086,73.03901672363281,99.78501641601413,84263807,1720698454
2.0,0,2.039891004562378,8.037457466125488,5.205073833465576,-0.06791163980960846,0.012783369049429893,-0.006391684524714947,-16.755678176879883,-68.2983627319336,72.87033081054688,101.26946339083901,96263807,1720698454
2.0,0,2.0039772987365723,8.075765609741211,5.391824722290039,-0.06977588683366776,0.015446570701897144,-0.008522245101630688,-16.406600952148438,-68.2983627319336,71.85824584960938,100.4860706926523,109263807,1720698454
2.0,0,2.0279197692871094,8.082948684692383,5.308026313781738,-0.06844428181648254,0.018109772354364395,-0.006125363986939192,-15.184833526611328,-67.07249450683594,72.36428833007812,99.8292988762273,121263807,1720698454
2.0,0,1.958486795425415,8.025486946105957,5.334362506866455,-0.0631178766489029,0.012783369049429893,-0.004261122550815344,-15.70844841003418,-66.89736938476562,71.85824584960938,99.42645965051449,134263807,1720698454
2.0,0,2.008765935897827,8.030275344848633,5.26492977142334,-0.07110748440027237,0.012250727973878384,-0.004527443088591099,-14.486680030822754,-67.42274475097656,73.37637329101562,100.69648735389555,146263807,1720698454
2.0,0,2.061439037322998,8.056611061096191,5.319997310638428,-0.0700422003865242,0.017044490203261375,-0.005326403304934502,-16.581140518188477,-68.12323760986328,72.02692413330078,100.51660322274161,159263807,1720698454
2.0,0,2.0231313705444336,8.01351547241211,5.394218921661377,-0.0681779608130455,0.018908733502030373,-0.005859043914824724,-15.533909797668457,-66.37199401855469,72.70165252685547,99.65979241267156,171263807,1720698454
2.0,0,2.090169906616211,8.011120796203613,5.2984490394592285,-0.06844428181648254,0.011984407901763916,-0.003994802478700876,-15.70844841003418,-67.59786224365234,73.8824234008789,101.36487961295688,184263807,1720698454
2.0,0,2.03749680519104,8.061399459838867,5.310420513153076,-0.0663137212395668,0.0143812894821167,-0.006924324203282595,-16.406600952148438,-67.59786224365234,71.85824584960938,100.0112745209146,196263807,1720698454
2.0,0,2.0829873085021973,8.102102279663086,5.348728656768799,-0.06791163980960846,0.014647609554231167,-0.0034621621016412973,-16.581140518188477,-68.4734878540039,72.36428833007812,100.99575726383269,209263807,1720698454
2.0,0,2.042285203933716,8.032669067382812,5.2769012451171875,-0.07057484239339828,0.013582328334450722,-0.006125363986939192,-15.882987022399902,-67.77298736572266,73.71373748779297,101.38620314247585,221263807,1720698454
2.0,0,1.98482346534729,8.063794136047363,5.303237438201904,-0.06684636324644089,0.014114969410002232,-0.006391684524714947,-17.45383071899414,-67.24761962890625,73.20769500732422,100.92692980967351,234263807,1720698454
2.0,0,2.061439037322998,7.99196720123291,5.272112846374512,-0.07030852884054184,0.01757713221013546,-0.005060083232820034,-17.104755401611328,-67.59786224365234,73.20769500732422,101.10099032920574,246263807,1720698454
2.0,0,2.0494680404663086,8.094919204711914,5.233805179595947,-0.0700422003865242,0.013582328334450722,-0.00719064474105835,-17.104755401611328,-66.89736938476562,72.53296661376953,100.14420569231619,259263807,1720698454
2.0,0,2.0494680404663086,8.094919204711914,5.233805179595947,-0.06524843722581863,0.014114969410002232,-0.006125363986939192,-16.581140518188477,-66.37199401855469,71.01483917236328,98.60670967819377,271263807,1720698454
2.0,0,2.1021411418914795,8.042245864868164,5.267324447631836,-0.06764532625675201,0.013049688190221786,-0.005592723377048969,-16.057525634765625,-67.24761962890625,71.85824584960938,99.71807244350502,284263807,1720698454
2.0,0,1.9776407480239868,8.027880668640137,5.286478042602539,-0.0681779608130455,0.015712888911366463,-0.005592723377048969,-16.406600952148438,-65.84662628173828,71.52088165283203,98.59103032166948,296263807,1720698454
