IMU,nth_pos,acc.x,acc.y,acc.z,gyr.x,gyr.y,gyr.z,mag.x,mag.y,mag.z,mag.norm,nsecs,secs
1.0,0,-0.04788476601243019,0.11731767654418945,10.857871055603027,-0.01384864840656519,0.027164656668901443,0.0018642412032932043,15.533909797668457,14.885540008544922,10.626923561096191,23.9961071701531,40054338,1720698676
1.0,0,-0.1221061497926712,0.019153906032443047,10.82913875579834,-0.016778171062469482,0.03275737911462784,0.003994802478700876,15.533909797668457,14.885540008544922,10.626923561096191,23.9961071701531,52054338,1720698676
1.0,0,-0.033519335091114044,0.059855956584215164,10.855476379394531,-0.017843451350927353,0.02902889810502529,0.000532640318851918,15.882987022399902,14.885540008544922,11.63901138305664,24.684310078967922,65054338,1720698676
1.0,0,-0.12689462304115295,-0.07182714343070984,10.824350357055664,-0.014114969410002232,0.030626820400357246,0.0037284824065864086,15.010294914245605,15.060664176940918,10.120879173278809,23.549198587283765,77054338,1720698676
1.0,0,-0.08140409737825394,0.019153906032443047,10.807591438293457,-0.014913929626345634,0.0287625789642334,-0.000532640318851918,17.45383071899414,14.36016845703125,9.783516883850098,24.628598163480575,90054338,1720698676
1.0,0,-0.09337528795003891,0.055067479610443115,10.798014640808105,-0.013316008262336254,0.03169209882616997,0.0015979211311787367,16.23206329345703,16.987028121948242,9.952198028564453,25.51637217118487,102054338,1720698676
1.0,0,-0.09576953202486038,0.04309628903865814,10.82674503326416,-0.015446570701897144,0.03089314140379429,0.0007989605655893683,16.93021583557129,14.885540008544922,9.614835739135742,24.508296062263945,115054338,1720698676
1.0,0,-0.07182714343070984,0.07900986075401306,10.853082656860352,-0.015180249698460102,0.030626820400357246,0.0015979211311787367,16.581140518188477,14.185044288635254,9.952198028564453,23.9832430658203,127054338,1720698676
1.0,0,-0.07661562412977219,0.055067479610443115,10.812379837036133,-0.01651185005903244,0.029561540111899376,0.0013316008262336254,14.835756301879883,15.235788345336914,9.952198028564453,23.479249501473316,140054338,1720698676
1.0,0,-0.07661562412977219,0.0,10.831533432006836,-0.015979209914803505,0.02982785925269127,0.0015979211311787367,15.533909797668457,14.185044288635254,11.976373672485352,24.20643223227339,152054338,1720698676
1.0,0,-0.1125291958451271,0.03112509660422802,10.774072647094727,-0.017044490203261375,0.029561540111899376,0.0031958422623574734,15.70844841003418,15.761160850524902,9.783516883850098,24.308162115293786,165054338,1720698676
1.0,0,-0.07900986075401306,0.023942383006215096,10.836321830749512,-0.012783369049429893,0.030626820400357246,0.0007989605655893683,16.406600952148438,15.41091251373291,9.10879135131836,24.282562862902665,177054338,1720698676
1.0,0,-0.09098105132579803,0.009576953016221523,10.809985160827637,-0.013582328334450722,0.029561540111899376,0.0037284824065864086,16.406600952148438,15.060664176940918,9.783516883850098,24.325241270544666,190054338,1720698676
1.0,0,-0.08379834145307541,0.04309628903865814,10.833927154541016,-0.01651185005903244,0.029561540111899376,0.004261122550815344,16.406600952148438,13.30942440032959,10.458242416381836,23.573123830136193,202054338,1720698676
1.0,0,-0.09098105132579803,0.06225019320845604,10.87702465057373,-0.013316008262336254,0.03009418025612831,0.002130561275407672,16.755678176879883,14.710416793823242,10.458242416381836,24.627706914265765,215054338,1720698676
1.0,0,-0.08858681470155716,0.11013495922088623,10.841111183166504,-0.011185446754097939,0.031425777822732925,-0.000532640318851918,16.93021583557129,15.235788345336914,9.614835739135742,24.722591309033422,227054338,1720698676
1.0,0,-0.09098105132579803,0.059855956584215164,10.87941837310791,-0.013582328334450722,0.029561540111899376,0.0037284824065864086,18.501060485839844,15.060664176940918,9.44615364074707,25.658189007720225,240054338,1720698676
1.0,0,-0.03591357171535492,0.02633661963045597,10.90096664428711,-0.0143812894821167,0.03169209882616997,0.004261122550815344,14.312141418457031,15.761160850524902,9.10879135131836,23.156460507164827,252054338,1720698676
1.0,0,-0.08379834145307541,0.04788476601243019,10.90096664428711,-0.017310811206698418,0.02982785925269127,0.0013316008262336254,15.359371185302734,14.009920120239258,10.458242416381836,23.271505740351245,265054338,1720698676
1.0,0,-0.06943290680646896,0.023942383006215096,10.903360366821289,-0.014913929626345634,0.0287625789642334,0.002130561275407672,16.755678176879883,14.36016845703125,11.132966995239258,24.716596517291183,277054338,1720698676
1.0,0,0.033519335091114044,-0.007182714529335499,10.798014640808105,-0.012250727973878384,0.030360499396920204,0.0037284824065864086,17.279293060302734,15.235788345336914,8.602747917175293,24.590861857490765,290054338,1720698676
1.0,0,-0.04549052566289902,0.07182714343070984,10.843505859375,-0.015712888911366463,0.028496257960796356,0.0013316008262336254,16.581140518188477,15.936284065246582,10.289560317993164,25.194730048757485,302054338,1720698676
1.0,0,-0.11731767654418945,0.05746171623468399,10.910543441772461,-0.019175052642822266,0.029295219108462334,0.002929521957412362,15.184833526611328,15.235788345336914,9.952198028564453,23.70136412391839,315054338,1720698676
1.0,0,-0.10774072259664536,0.06943290680646896,10.833927154541016,-0.015180249698460102,0.0287625789642334,0.0,16.93021583557129,14.535292625427246,10.289560317993164,24.571975734227156,327054338,1720698676
1.0,0,-0.1412600576877594,0.023942383006215096,10.872236251831055,-0.01384864840656519,0.029295219108462334,0.004793763160705566,16.93021583557129,14.535292625427246,10.289560317993164,24.571975734227156,340054338,1720698676
1.0,0,-0.10055800527334213,0.011971191503107548,10.781254768371582,-0.015979209914803505,0.03302370011806488,0.002663201652467251,16.93021583557129,14.535292625427246,10.289560317993164,24.571975734227156,352054338,1720698676
1.0,0,-0.10534647852182388,0.03830781206488609,10.850687980651855,-0.014114969410002232,0.02796361781656742,0.002130561275407672,16.93021583557129,14.535292625427246,10.289560317993164,24.571975734227156,365054338,1720698676
1.0,0,-0.05746171623468399,0.07900986075401306,10.927303314208984,-0.010652806609869003,0.029561540111899376,0.002130561275407672,16.406600952148438,14.710416793823242,9.783516883850098,24.10995893127184,377054338,1720698676
1.0,0,-0.03591357171535492,0.05267323926091194,10.84589958190918,-0.012250727973878384,0.03382266312837601,0.0031958422623574734,15.70844841003418,15.41091251373291,9.10879135131836,23.816415679914705,390054338,1720698676
1.0,0,-0.03112509660422802,0.05746171623468399,10.896178245544434,-0.010120166465640068,0.03009418025612831,0.0034621621016412973,14.486680030822754,15.235788345336914,9.277472496032715,22.979657106536347,402054338,1720698676
1.0,0,-0.059855956584215164,0.05746171623468399,10.778861045837402,-0.01384864840656519,0.029295219108462334,0.002396881580352783,15.184833526611328,13.834795951843262,10.626923561096191,23.12817010992049,415054338,1720698676
1.0,0,-0.16759668290615082,0.03112509660422802,10.867447853088379,-0.015712888911366463,0.031425777822732925,0.0013316008262336254,15.184833526611328,14.885540008544922,8.940110206604004,23.066946938923582,427054338,1720698676
1.0,0,-0.13647158443927765,-0.05267323926091194,10.869841575622559,-0.014647609554231167,0.0287625789642334,0.0018642412032932043,15.70844841003418,14.710416793823242,9.783516883850098,23.640408547977383,440054338,1720698676
1.0,0,-0.11731767654418945,0.002394238254055381,10.798014640808105,-0.0143812894821167,0.03115946054458618,0.0018642412032932043,15.882987022399902,15.235788345336914,9.277472496032715,23.884514212607954,453054338,1720698676
1.0,0,-0.11731767654418945,-0.009576953016221523,10.82913875579834,-0.017310811206698418,0.03115946054458618,0.002929521957412362,15.359371185302734,16.111408233642578,8.09670352935791,23.68637512413646,465054338,1720698676
1.0,0,-0.11492343246936798,0.04070204868912697,10.831533432006836,-0.013049688190221786,0.028496257960796356,0.000266320159425959,17.104755401611328,14.710416793823242,10.795604705810547,25.01027989769542,478054338,1720698676
1.0,0,-0.07900986075401306,0.03112509660422802,10.814773559570312,-0.014647609554231167,0.031425777822732925,0.0031958422623574734,16.406600952148438,16.111408233642578,11.470330238342285,25.696741152347574,490054338,1720698676
1.0,0,-0.04309628903865814,0.06464443355798721,10.798014640808105,-0.014114969410002232,0.031425777822732925,0.000532640318851918,15.533909797668457,14.885540008544922,10.289560317993164,23.848620641154724,503054338,1720698676
1.0,0,-0.06703867018222809,0.0,10.82913875579834,-0.014114969410002232,0.029295219108462334,0.005060083232820034,16.581140518188477,16.28653335571289,8.602747917175293,24.782910671612488,515054338,1720698676
1.0,0,-0.08379834145307541,0.03830781206488609,10.891389846801758,-0.012517048045992851,0.030360499396920204,-0.000266320159425959,16.23206329345703,16.28653335571289,11.30164909362793,25.621442577361734,528054338,1720698676
1.0,0,-0.12689462304115295,-0.03830781206488609,10.814773559570312,-0.01384864840656519,0.030626820400357246,0.0031958422623574734,15.882987022399902,16.28653335571289,8.602747917175293,24.321342833547167,540054338,1720698676
1.0,0,-0.13407734036445618,-0.019153906032443047,10.886601448059082,-0.01757713221013546,0.03169209882616997,0.000532640318851918,16.057525634765625,14.36016845703125,8.771429061889648,23.259332221997106,553054338,1720698676
1.0,0,-0.09576953202486038,0.028730858117341995,10.821956634521484,-0.013582328334450722,0.03195841982960701,0.000266320159425959,15.882987022399902,14.535292625427246,9.277472496032715,23.443879891672516,565054338,1720698676
1.0,0,-0.08379834145307541,0.04309628903865814,10.855476379394531,-0.015446570701897144,0.02769729681313038,0.0034621621016412973,16.057525634765625,14.36016845703125,9.783516883850098,23.65958093969651,578054338,1720698676
1.0,0,-0.11492343246936798,0.02154814451932907,10.82674503326416,-0.013049688190221786,0.029561540111899376,0.001065280637703836,16.755678176879883,14.36016845703125,9.783516883850098,24.138856474532176,590054338,1720698676
1.0,0,-0.1412600576877594,0.10055800527334213,10.82674503326416,-0.013316008262336254,0.028496257960796356,0.0018642412032932043,16.755678176879883,16.46165657043457,10.795604705810547,25.851188931540833,603054338,1720698676
1.0,0,-0.055067479610443115,0.08858681470155716,10.920121192932129,-0.013316008262336254,0.03089314140379429,0.0018642412032932043,17.104755401611328,13.30942440032959,10.120879173278809,23.919565850097474,615054338,1720698676
1.0,0,-0.06703867018222809,0.04309628903865814,10.862659454345703,-0.014647609554231167,0.03329002112150192,-0.0013316008262336254,15.184833526611328,15.235788345336914,10.289560317993164,23.84498830514335,628054338,1720698676
1.0,0,-0.09576953202486038,0.016759667545557022,10.87702465057373,-0.016245530918240547,0.03195841982960701,0.0037284824065864086,15.533909797668457,15.235788345336914,9.952198028564453,23.926509267040323,640054338,1720698676
1.0,0,-0.06225019320845604,0.07422138750553131,10.90096664428711,-0.0143812894821167,0.028229938820004463,0.0,16.23206329345703,16.63677978515625,10.289560317993164,25.41923232358126,653054338,1720698676
1.0,0,-0.06703867018222809,0.023942383006215096,10.853082656860352,-0.011984407901763916,0.03009418025612831,0.0034621621016412973,16.23206329345703,16.63677978515625,10.289560317993164,25.41923232358126,665054338,1720698676
1.0,0,-0.08858681470155716,0.059855956584215164,10.881813049316406,-0.010919126681983471,0.02982785925269127,-0.000266320159425959,16.23206329345703,16.63677978515625,10.289560317993164,25.41923232358126,678054338,1720698676
1.0,0,-0.09816376864910126,0.055067479610443115,10.814773559570312,-0.010919126681983471,0.02982785925269127,0.0018642412032932043,16.755678176879883,15.41091251373291,9.783516883850098,24.778340910756683,690054338,1720698676
1.0,0,-0.15562549233436584,0.019153906032443047,10.857871055603027,-0.018109772354364395,0.02583305537700653,0.0013316008262336254,15.882987022399902,14.535292625427246,10.289560317993164,23.862503221542852,703054338,1720698676
1.0,0,-0.16759668290615082,0.04788476601243019,10.817168235778809,-0.013049688190221786,0.030626820400357246,-0.001065280637703836,15.533909797668457,14.885540008544922,9.952198028564453,23.7050184675704,715054338,1720698676
1.0,0,-0.10774072259664536,0.019153906032443047,10.87941837310791,-0.013049688190221786,0.028496257960796356,0.0031958422623574734,16.23206329345703,14.535292625427246,8.940110206604004,23.551649219870356,728054338,1720698676
1.0,0,-0.06943290680646896,0.055067479610443115,10.855476379394531,-0.021039292216300964,0.025034096091985703,-0.001065280637703836,16.93021583557129,14.535292625427246,10.964285850524902,24.862069587181377,740054338,1720698676
1.0,0,-0.06464443355798721,0.07422138750553131,10.853082656860352,-0.014647609554231167,0.02982785925269127,0.002663201652467251,16.406600952148438,14.36016845703125,9.44615364074707,23.761751019694497,753054338,1720698676
1.0,0,-0.03591357171535492,0.009576953016221523,10.853082656860352,-0.016778171062469482,0.029295219108462334,0.001065280637703836,16.057525634765625,15.060664176940918,10.795604705810547,24.519641431429324,765054338,1720698676
1.0,0,-0.07182714343070984,0.004788476508110762,10.898571968078613,-0.012517048045992851,0.030626820400357246,0.002929521957412362,15.533909797668457,15.936284065246582,9.952198028564453,24.378551003086596,778054338,1720698676
1.0,0,-0.08619257807731628,-0.007182714529335499,10.857871055603027,-0.0143812894821167,0.03115946054458618,0.002130561275407672,15.359371185302734,15.060664176940918,8.771429061889648,23.23083847919101,790054338,1720698676
1.0,0,-0.05746171623468399,0.06225019320845604,10.776466369628906,-0.015180249698460102,0.03195841982960701,-0.0018642412032932043,16.23206329345703,13.834795951843262,9.952198028564453,23.53566874749252,803054338,1720698676
1.0,0,-0.14365428686141968,0.014365429058670998,10.82674503326416,-0.01145176775753498,0.02902889810502529,0.0018642412032932043,15.882987022399902,13.834795951843262,8.940110206604004,22.882229486854804,815054338,1720698676
1.0,0,-0.10055800527334213,-0.002394238254055381,10.79322624206543,-0.011718087829649448,0.035686902701854706,0.0015979211311787367,16.581140518188477,15.586036682128906,10.289560317993164,24.97466339869667,828054338,1720698676
1.0,0,-0.09337528795003891,0.002394238254055381,10.733369827270508,-0.010120166465640068,0.02902889810502529,0.002929521957412362,16.23206329345703,15.586036682128906,10.289560317993164,24.74428155669674,840054338,1720698676
1.0,0,-0.10295224189758301,0.07422138750553131,10.79322624206543,-0.013049688190221786,0.03089314140379429,0.0,15.70844841003418,14.36016845703125,9.783516883850098,23.42406865131676,853054338,1720698676
1.0,0,-0.05267323926091194,0.05746171623468399,10.898571968078613,-0.01145176775753498,0.0287625789642334,0.002396881580352783,16.057525634765625,16.46165657043457,10.795604705810547,25.404238770689542,865054338,1720698676
1.0,0,-0.07422138750553131,0.05267323926091194,10.848294258117676,-0.015979209914803505,0.031425777822732925,0.002663201652467251,16.057525634765625,14.36016845703125,10.458242416381836,23.94646951150166,878054338,1720698676
1.0,0,-0.11971191316843033,0.04070204868912697,10.79561996459961,-0.015446570701897144,0.029561540111899376,0.0007989605655893683,16.23206329345703,15.235788345336914,9.952198028564453,24.385556603581175,891054338,1720698676
1.0,0,-0.09576953202486038,0.033519335091114044,10.807591438293457,-0.016245530918240547,0.02982785925269127,0.002396881580352783,15.70844841003418,14.710416793823242,10.458242416381836,23.927526995878836,903054338,1720698676
1.0,0,-0.1125291958451271,0.03112509660422802,10.850687980651855,-0.018109772354364395,0.028496257960796356,0.002130561275407672,16.057525634765625,14.36016845703125,10.120879173278809,23.801066422863897,916054338,1720698676
1.0,0,-0.12689462304115295,0.02154814451932907,10.82913875579834,-0.015446570701897144,0.03009418025612831,0.0015979211311787367,16.93021583557129,15.936284065246582,9.277472496032715,25.03335482834661,928054338,1720698676
1.0,0,-0.08858681470155716,0.004788476508110762,10.893783569335938,-0.015712888911366463,0.029295219108462334,0.001065280637703836,16.581140518188477,15.936284065246582,9.952198028564453,25.058843075686994,941054338,1720698676
1.0,0,-0.055067479610443115,0.07900986075401306,10.824350357055664,-0.01384864840656519,0.029561540111899376,0.0034621621016412973,16.581140518188477,15.936284065246582,9.952198028564453,25.058843075686994,953054338,1720698676
1.0,0,-0.10295224189758301,0.050279002636671066,10.881813049316406,-0.012250727973878384,0.02902889810502529,0.002396881580352783,16.581140518188477,15.936284065246582,9.952198028564453,25.058843075686994,966054338,1720698676
1.0,0,-0.059855956584215164,0.07661562412977219,10.867447853088379,-0.012783369049429893,0.03115946054458618,0.0015979211311787367,16.581140518188477,15.936284065246582,9.952198028564453,25.058843075686994,978054338,1720698676
1.0,0,-0.05746171623468399,0.07422138750553131,10.833927154541016,-0.016245530918240547,0.02902889810502529,0.0034621621016412973,15.70844841003418,14.710416793823242,8.771429061889648,23.2398296354871,991054338,1720698676
1.0,0,0.009576953016221523,0.028730858117341995,10.860264778137207,-0.013316008262336254,0.03169209882616997,-0.0018642412032932043,16.406600952148438,15.761160850524902,9.783516883850098,24.765054992382648,3054338,1720698677
1.0,0,-0.007182714529335499,0.03830781206488609,10.893783569335938,-0.015712888911366463,0.02796361781656742,0.0013316008262336254,15.359371185302734,14.009920120239258,8.771429061889648,22.563823097408715,16054338,1720698677
1.0,0,-0.06943290680646896,-0.009576953016221523,10.84589958190918,-0.013582328334450722,0.03115946054458618,0.002130561275407672,16.057525634765625,15.060664176940918,8.09670352935791,23.456861320391173,28054338,1720698677
1.0,0,0.0,-0.016759667545557022,10.927303314208984,-0.014913929626345634,0.030360499396920204,0.002663201652467251,16.23206329345703,15.235788345336914,9.277472496032715,24.118055916291073,41054338,1720698677
1.0,0,-0.05267323926091194,0.033519335091114044,10.836321830749512,-0.015180249698460102,0.030626820400357246,0.002130561275407672,16.406600952148438,15.41091251373291,8.771429061889648,24.15803690486315,53054338,1720698677
1.0,0,1.2665519714355469,-0.8906566500663757,10.888995170593262,-0.003994802478700876,0.03488794341683388,-0.10200062394142151,16.581140518188477,14.535292625427246,10.289560317993164,24.33277633416152,66054338,1720698677
1.0,0,-0.3471645414829254,11.947248458862305,1.8507461547851562,0.09534262120723724,0.08389085531234741,-0.5922960638999939,17.104755401611328,15.761160850524902,10.120879173278809,25.365706060450584,78054338,1720698677
1.0,0,-1.5658318996429443,4.168368816375732,-4.776504993438721,-0.05859043821692467,0.28549522161483765,-1.2146862745285034,16.057525634765625,16.811904907226562,8.771429061889648,24.847982692937993,91054338,1720698677
1.0,0,8.920931816101074,22.40767478942871,-3.7326173782348633,-0.32491061091423035,0.30120810866355896,-1.5390641689300537,16.406600952148438,15.761160850524902,9.783516883850098,24.765054992382648,103054338,1720698677
1.0,0,-7.766909122467041,1.4868218898773193,-0.806858241558075,-0.4996166527271271,0.5598049759864807,-2.1534650325775146,15.70844841003418,14.36016845703125,8.771429061889648,23.019725396989056,116054338,1720698677
1.0,0,2.092564105987549,10.517888069152832,3.3399622440338135,-0.6487559676170349,0.5645987391471863,-2.496751546859741,15.882987022399902,14.885540008544922,10.626923561096191,24.22354397013568,128054338,1720698677
1.0,0,-0.5315209031105042,-9.823558807373047,12.485952377319336,-0.7166675925254822,0.540363609790802,-2.5819740295410156,15.184833526611328,15.235788345336914,9.614835739135742,23.561695228174173,141054338,1720698677
1.0,0,-4.4365234375,-5.360699653625488,20.231313705444336,-0.5544785857200623,0.5566091537475586,-2.5878329277038574,14.137603759765625,15.586036682128906,9.952198028564453,23.277513293403338,153054338,1720698677
1.0,0,1.4126006364822388,-12.354269027709961,20.667064666748047,-0.33875924348831177,0.441558837890625,-2.522052049636841,13.090373992919922,16.987028121948242,9.614835739135742,23.502384602012977,166054338,1720698677
1.0,0,-2.4612767696380615,1.7932844161987305,11.70543098449707,-0.20187069475650787,0.42131850123405457,-2.4006102085113525,12.392220497131348,13.834795951843262,10.289560317993164,21.23308172207418,178054338,1720698677
1.0,0,-1.0438878536224365,-4.359908103942871,9.818770408630371,-0.3033386766910553,0.41492682695388794,-2.3758420944213867,13.78852653503418,15.235788345336914,9.614835739135742,22.686951685975966,191054338,1720698677
1.0,0,0.4046262502670288,7.917746067047119,6.787665367126465,-0.27723929286003113,0.3920232951641083,-2.298609495162964,12.217681884765625,16.111408233642578,10.458242416381836,22.764535144566956,203054338,1720698677
1.0,0,-1.158811330795288,2.094958543777466,6.4093756675720215,-0.4586033225059509,0.3763103783130646,-2.3031368255615234,12.217681884765625,15.41091251373291,8.771429061889648,21.53383251841209,216054338,1720698677
1.0,0,0.7637620568275452,-2.1284778118133545,9.270490646362305,-0.5696588754653931,0.3488794267177582,-2.285027027130127,11.694067001342773,15.936284065246582,9.277472496032715,21.83547225856976,228054338,1720698677
1.0,0,1.441331386566162,-1.573014497756958,13.127608299255371,-0.5369014739990234,0.3358297348022461,-2.29221773147583,11.51952838897705,15.060664176940918,11.470330238342285,22.160586985268893,241054338,1720698677
1.0,0,-1.1109265089035034,-2.087775707244873,11.485160827636719,-0.49881768226623535,0.3347644507884979,-2.308729410171509,10.123222351074219,15.060664176940918,10.795604705810547,21.115120581801065,253054338,1720698677
1.0,0,-2.607325315475464,-4.295263290405273,10.862659454345703,-0.4596686363220215,0.30866506695747375,-2.30340313911438,9.948683738708496,15.586036682128906,10.626923561096191,21.326798915047988,266054338,1720698677
1.0,0,-0.12450038641691208,-2.267343759536743,10.704639434814453,-0.4633970856666565,0.29934385418891907,-2.286891222000122,8.028762817382812,16.111408233642578,11.470330238342285,21.344952176697518,278054338,1720698677
1.0,0,0.22026991844177246,0.6847521066665649,9.70145320892334,-0.4791100025177002,0.2902889847755432,-2.287423849105835,8.028762817382812,16.111408233642578,11.470330238342285,21.344952176697518,291054338,1720698677
1.0,0,-1.702303409576416,-0.3758954107761383,9.17232608795166,-0.5369014739990234,0.2559337019920349,-2.2812986373901367,8.028762817382812,16.111408233642578,11.470330238342285,21.344952176697518,303054338,1720698677
1.0,0,-0.826012134552002,-2.583383083343506,11.023073196411133,-0.5619356036186218,0.24235135316848755,-2.287423849105835,8.028762817382812,16.111408233642578,11.470330238342285,21.344952176697518,316054338,1720698677
1.0,0,1.3192253112792969,-2.214670419692993,11.70543098449707,-0.531575083732605,0.23356278240680695,-2.302337884902954,4.887072563171387,16.111408233642578,10.795604705810547,20.000150861253704,328054338,1720698677
1.0,0,-0.23702958226203918,-0.2849143445491791,10.979975700378418,-0.5102694630622864,0.2095939666032791,-2.297544240951538,3.8398427963256836,15.41091251373291,10.458242416381836,19.01618919884402,341054338,1720698677
1.0,0,-1.0798014402389526,-2.5211329460144043,9.797223091125488,-0.5590060353279114,0.17843452095985413,-2.302870512008667,6.1088409423828125,16.987028121948242,10.626923561096191,20.947758029168046,353054338,1720698677
1.0,0,1.0917726755142212,-3.562626600265503,10.197060585021973,-0.5600712895393372,0.17151018977165222,-2.3039357662200928,3.4907662868499756,16.46165657043457,11.470330238342285,20.365167863019675,366054338,1720698677
1.0,0,0.8738968968391418,-0.8308007121086121,11.049408912658691,-0.5587397217750549,0.14807401597499847,-2.311126232147217,4.014381408691406,15.586036682128906,13.663187026977539,21.112140518793503,378054338,1720698677
1.0,0,0.03591357171535492,-2.111717939376831,11.058985710144043,-0.540363609790802,0.1414160132408142,-2.314056158065796,1.9199213981628418,13.834795951843262,12.65109920501709,18.84510515490551,391054338,1720698677
1.0,0,-1.2402154207229614,-2.4876136779785156,9.727789878845215,-0.5741863250732422,0.1344916969537735,-2.322578191757202,1.2217681407928467,14.535292625427246,10.289560317993164,17.850560233064833,404054338,1720698677
1.0,0,1.27373468875885,-2.6935181617736816,10.45803165435791,-0.5635334849357605,0.10599542409181595,-2.3276381492614746,1.2217681407928467,13.134300231933594,10.964285850524902,17.15278765053797,416054338,1720698677
1.0,0,-1.0223398208618164,0.05267323926091194,10.37183952331543,-0.5347709059715271,0.09773950278759003,-2.3084630966186523,0.17453831434249878,14.885540008544922,12.313736915588379,19.31936546047745,429054338,1720698677
1.0,0,0.6153191924095154,-3.3136258125305176,10.714216232299805,-0.5677946209907532,0.046872351318597794,-2.321779251098633,-0.6981532573699951,13.659672737121582,11.807692527770996,18.06919146188943,441054338,1720698677
1.0,0,-0.1604139655828476,-3.7733194828033447,9.766098022460938,-0.550483763217926,0.06365051865577698,-2.323110818862915,-1.5708448886871338,13.834795951843262,10.964285850524902,17.722434846980644,454054338,1720698677
1.0,0,-0.04309628903865814,-1.8124382495880127,10.66872501373291,-0.5488858819007874,0.042877547442913055,-2.333231210708618,-2.0944597721099854,13.659672737121582,12.482418060302734,18.622142241278834,466054338,1720698677
1.0,0,-1.4556968212127686,-0.8020698428153992,9.624837875366211,-0.5542122721672058,0.03195841982960701,-2.3305678367614746,-1.2217681407928467,12.784051895141602,11.976373672485352,17.560131736138263,479054338,1720698677
1.0,0,1.7382169961929321,-2.403815269470215,10.443666458129883,-0.5795127153396606,-0.026365695521235466,-2.3526723384857178,-1.9199213981628418,11.383060455322266,11.30164909362793,16.155105562643225,491054338,1720698677
1.0,0,0.636867344379425,-2.39902663230896,10.66633129119873,-0.5592723488807678,-0.017843451350927353,-2.3364269733428955,-3.4907662868499756,13.659672737121582,12.482418060302734,18.8303709253653,504054338,1720698677
1.0,0,0.17717362940311432,-2.4373345375061035,10.060588836669922,-0.5475542545318604,-0.027164656668901443,-2.341486930847168,-4.363457679748535,11.383060455322266,12.313736915588379,17.327491020883606,516054338,1720698677
1.0,0,-0.9840319752693176,-2.5618350505828857,9.08613395690918,-0.5627345442771912,-0.06258523464202881,-2.346280574798584,-6.806994438171387,11.733307838439941,12.65109920501709,18.548746513122563,529054338,1720698677
1.0,0,1.8842655420303345,-4.261744022369385,11.291227340698242,-0.5656640529632568,-0.0876193419098854,-2.3553357124328613,-6.806994438171387,11.733307838439941,12.65109920501709,18.548746513122563,541054338,1720698677
1.0,0,0.5746171474456787,-2.8778743743896484,9.94566535949707,-0.5411626100540161,-0.0751022920012474,-2.3257739543914795,-6.283379554748535,10.857687950134277,13.494505882263184,18.424764184595652,554054338,1720698677
1.0,0,0.08379834145307541,-2.7701337337493896,9.34950065612793,-0.5230528116226196,-0.0825592502951622,-2.3398890495300293,-7.85422420501709,9.281572341918945,14.000550270080566,18.543242188625054,566054338,1720698677
1.0,0,-1.4173890352249146,-0.19393329322338104,9.84031867980957,-0.5387657284736633,-0.11771351844072342,-2.338024854660034,-9.425068855285645,9.806943893432617,13.157143592834473,18.924019102143074,579054338,1720698677
1.0,0,2.291285991668701,-1.3072539567947388,11.207428932189941,-0.5438258051872253,-0.1632542759180069,-2.3430848121643066,-8.72691535949707,8.756199836730957,14.169231414794922,18.804180550042705,591054338,1720698677
1.0,0,0.7015117406845093,-2.966461181640625,9.538644790649414,-0.5190579891204834,-0.15553098917007446,-2.3454816341400146,-10.123222351074219,7.705456256866455,12.819780349731445,18.061020323091704,604054338,1720698677
1.0,0,1.7980729341506958,-4.723832130432129,10.259310722351074,-0.5281128883361816,-0.1808314025402069,-2.361727237701416,-10.472298622131348,7.355208396911621,12.482418060302734,17.876769552278322,616054338,1720698677
1.0,0,1.2857059240341187,-2.4109978675842285,10.364657402038574,-0.5078725814819336,-0.1720428317785263,-2.333231210708618,-10.472298622131348,7.355208396911621,12.482418060302734,17.876769552278322,629054338,1720698677
1.0,0,2.966461181640625,-2.7222487926483154,10.379022598266602,-0.5014808773994446,-0.2157193422317505,-2.343883752822876,-10.472298622131348,7.355208396911621,12.482418060302734,17.876769552278322,641054338,1720698677
1.0,0,0.46687644720077515,-2.0015830993652344,9.818770408630371,-0.4908280670642853,-0.2133224606513977,-2.342019557952881,-10.472298622131348,7.355208396911621,12.482418060302734,17.876769552278322,655044584,1720698677
1.0,0,1.0510705709457397,-2.121295213699341,10.50831127166748,-0.4985513687133789,-0.24315032362937927,-2.3436174392700195,-12.56675910949707,5.954216003417969,15.181319236755371,20.58758306600765,667044584,1720698677
1.0,0,3.871483087539673,-3.304048538208008,10.110868453979492,-0.48576799035072327,-0.25060728192329407,-2.3585314750671387,-14.137603759765625,5.428843975067139,14.000550270080566,20.62424773994957,680044584,1720698677
1.0,0,1.716668725013733,-2.2290358543395996,10.604080200195312,-0.4889638423919678,-0.23809023201465607,-2.3595967292785645,-15.359371185302734,4.553224086761475,14.506593704223633,21.612112198755437,692044584,1720698677
1.0,0,1.4772449731826782,-3.591357469558716,9.45724105834961,-0.45194533467292786,-0.254069447517395,-2.3571999073028564,-15.70844841003418,2.4517359733581543,14.843955993652344,21.751077910651947,705044584,1720698677
1.0,0,2.6169025897979736,-2.9281532764434814,10.23058032989502,-0.44688525795936584,-0.2996101677417755,-2.3683853149414062,-16.581140518188477,2.6268601417541504,12.9884614944458,21.225803802941115,717044584,1720698677
1.0,0,2.3559303283691406,-2.3295936584472656,9.622443199157715,-0.43490082025527954,-0.3209157884120941,-2.361194610595703,-15.70844841003418,44.656620025634766,14.843955993652344,49.61161248242307,730044584,1720698677
1.0,0,4.6855244636535645,-4.204282283782959,11.631209373474121,-0.4285091459751129,-0.31798627972602844,-2.3585314750671387,-19.024675369262695,-0.8756200075149536,15.012638092041016,24.250449187303563,742044584,1720698677
1.0,0,1.2665519714355469,-1.9632753133773804,9.48836612701416,-0.4279765188694,-0.3107956349849701,-2.3068652153015137,-16.93021583557129,-0.5253720283508301,15.012638092041016,22.633769604062934,755044584,1720698677
1.0,0,3.2394042015075684,-2.4588825702667236,10.252128601074219,-0.4183889925479889,-0.37258192896842957,-2.355868339538574,-18.501060485839844,-2.1014881134033203,16.19340705871582,24.676546021693294,767044584,1720698677
1.0,0,4.3718791007995605,-2.8994224071502686,10.5059175491333,-0.37923991680145264,-0.3608638048171997,-2.348677635192871,-19.548290252685547,-2.8019840717315674,15.518681526184082,25.11605547956536,780044584,1720698677
1.0,0,3.2920775413513184,-3.4117894172668457,9.442874908447266,-0.3763103783130646,-0.3627280592918396,-2.3683853149414062,-19.024675369262695,-5.078596115112305,16.699451446533203,25.818638423073057,792044584,1720698677
1.0,0,2.6935181617736816,-2.4876136779785156,8.619257926940918,-0.36432600021362305,-0.3858979344367981,-2.371314764022827,-20.420982360839844,-3.3273561000823975,15.687362670898438,25.964998878620914,805044584,1720698677
1.0,0,5.319997310638428,-3.1867308616638184,10.21381950378418,-0.35607007145881653,-0.4202532470226288,-2.392087697982788,-19.37375259399414,-6.129340171813965,16.699451446533203,26.301763802646906,817044584,1720698677
1.0,0,3.792473316192627,-2.762950897216797,9.576952934265137,-0.33875924348831177,-0.3946864902973175,-2.383565664291382,-19.199214935302734,-6.654712200164795,17.542858123779297,26.844867661249943,830044584,1720698677
1.0,0,2.3798727989196777,-2.779710531234741,8.937690734863281,-0.3408898115158081,-0.40187713503837585,-2.3934192657470703,-20.420982360839844,-7.180084228515625,17.374176025390625,27.75665906897963,842044584,1720698677
1.0,0,2.3798727989196777,-2.779710531234741,8.937690734863281,-0.3408898115158081,-0.40187713503837585,-2.3934192657470703,-20.944597244262695,-9.10644817352295,17.542858123779297,28.798531615561327,855044584,1720698677
1.0,0,5.384642124176025,-1.6161108016967773,11.240948677062988,-0.286294162273407,-0.42824283242225647,-2.402740716934204,-22.68998146057129,-9.456696510314941,17.205495834350586,30.00489050930076,867044584,1720698677
1.0,0,2.6959123611450195,-2.2122762203216553,9.495549201965332,-0.2820330560207367,-0.422916442155838,-2.4070017337799072,-22.166366577148438,-11.383060455322266,17.711538314819336,30.571562963632694,880044584,1720698677
1.0,0,2.343959331512451,-2.576200246810913,8.8514986038208,-0.26179271936416626,-0.4458199441432953,-2.4006102085113525,-22.68998146057129,-12.608928680419922,17.205495834350586,31.142405624081775,893044584,1720698677
1.0,0,4.146820545196533,-1.4796391725540161,9.603289604187012,-0.24101975560188293,-0.4721856415271759,-2.4176547527313232,-22.864519119262695,-13.834795951843262,18.38626480102539,32.438288285877434,905044584,1720698677
1.0,0,5.870672225952148,-2.5139501094818115,10.362262725830078,-0.2420850396156311,-0.4554075002670288,-2.4107301235198975,-20.77005958557129,-15.235788345336914,19.398351669311523,32.24625046696696,918044584,1720698677
1.0,0,2.528315544128418,-2.8419606685638428,8.549824714660645,-0.23276382684707642,-0.43063971400260925,-2.412328004837036,-22.68998146057129,-17.862648010253906,20.916484832763672,35.65681968962641,930044584,1720698677
1.0,0,2.810835838317871,-1.7669477462768555,8.173929214477539,-0.20400124788284302,-0.4564727544784546,-2.402740716934204,-22.68998146057129,-16.46165657043457,20.916484832763672,34.97600225130415,943044584,1720698677
1.0,0,6.210653781890869,-1.1827536821365356,10.144387245178223,-0.17124387621879578,-0.5012145638465881,-2.4328346252441406,-22.68998146057129,-16.46165657043457,20.916484832763672,34.97600225130415,955044584,1720698677
1.0,0,6.217836380004883,-2.7916817665100098,9.715819358825684,-0.18003243207931519,-0.4759141504764557,-2.3910224437713623,-22.68998146057129,-16.46165657043457,20.916484832763672,34.97600225130415,968044584,1720698677
1.0,0,1.4293601512908936,-1.5251296758651733,7.812399387359619,-0.1720428317785263,-0.4679245352745056,-2.398479461669922,-22.68998146057129,-16.46165657043457,20.916484832763672,34.97600225130415,980044584,1720698677
1.0,0,1.4293601512908936,-1.5251296758651733,7.812399387359619,-0.1720428317785263,-0.4679245352745056,-2.398479461669922,-22.68998146057129,-16.46165657043457,20.916484832763672,34.97600225130415,993044584,1720698677
1.0,0,7.216233730316162,0.44772255420684814,11.530651092529297,-0.11398503184318542,-0.5028124451637268,-2.4149911403656006,-22.51544189453125,-24.34223747253418,20.41044044494629,38.93681712764873,5044584,1720698678
1.0,0,4.388638496398926,-1.467668056488037,9.500337600708008,-0.13156215846538544,-0.4767131209373474,-2.4006102085113525,-20.77005958557129,-24.69248390197754,21.08516502380371,38.54475736748951,18044584,1720698678
1.0,0,3.42854905128479,-0.45490527153015137,8.511516571044922,-0.09108150005340576,-0.491627037525177,-2.4309704303741455,-22.68998146057129,-28.019840240478516,19.904396057128906,41.18411936878166,30044584,1720698678
1.0,0,7.213839530944824,0.2442122995853424,10.429301261901855,-0.05060083419084549,-0.5161284804344177,-2.4285736083984375,-21.9918270111084,-29.420833587646484,22.265933990478516,42.95343665816335,43044584,1720698678
1.0,0,6.852309703826904,-1.4149948358535767,9.45484733581543,-0.06205260008573532,-0.49322494864463806,-2.423513650894165,-21.468212127685547,-28.89546012878418,20.747802734375,41.54880342823364,55044584,1720698678
1.0,0,4.450888633728027,-0.16759668290615082,8.444478034973145,-0.036752182990312576,-0.47751206159591675,-2.421116828918457,-19.37375259399414,-29.946205139160156,21.759891510009766,41.78050227483332,68044584,1720698678
1.0,0,4.350330829620361,0.7900986075401306,9.145990371704102,-0.008522245101630688,-0.49375757575035095,-2.4280409812927246,-22.864519119262695,-30.646699905395508,20.41044044494629,43.342733287175115,80044584,1720698678
1.0,0,6.972021579742432,0.8834738731384277,10.034252166748047,-0.01757713221013546,-0.5012145638465881,-2.413925886154175,-20.07190704345703,-33.44868469238281,21.08516502380371,44.34275751566043,93044584,1720698678
1.0,0,5.446891784667969,0.10534647852182388,9.078951835632324,-0.015712888911366463,-0.480175256729126,-2.412328004837036,-19.722829818725586,-34.1491813659668,23.446704864501953,45.87923901970438,105044584,1720698678
1.0,0,3.172365665435791,-0.05746171623468399,7.63043737411499,0.03488794341683388,-0.4841700792312622,-2.4219157695770264,-19.199214935302734,-35.72529602050781,21.928571701049805,46.10606127975958,118044584,1720698678
1.0,0,6.816396236419678,1.1492342948913574,9.790040016174316,0.0644494816660881,-0.5084052085876465,-2.43363356590271,-18.326522827148438,-36.250667572021484,22.097253799438477,46.2413339321867,130044584,1720698678
1.0,0,9.737366676330566,0.7637620568275452,10.113262176513672,0.05885675922036171,-0.5014808773994446,-2.431769371032715,-17.977445602416992,-38.35215759277344,22.434616088867188,47.93108116309969,143044584,1720698678
1.0,0,4.369484901428223,0.7230599522590637,8.061399459838867,0.07217276096343994,-0.4554075002670288,-2.423513650894165,-17.45383071899414,-41.32926559448242,24.290111541748047,51.01719239684926,155044584,1720698678
1.0,0,4.333570957183838,0.9361472129821777,8.092525482177734,0.10200062394142151,-0.4958881437778473,-2.4376285076141357,-16.057525634765625,-39.92827224731445,23.27802276611328,48.92828832144555,168044584,1720698678
1.0,0,7.596917629241943,1.8004671335220337,8.83952808380127,0.1182461604475975,-0.5084052085876465,-2.4671900272369385,-16.057525634765625,-40.9790153503418,23.27802276611328,49.78945844749059,180044584,1720698678
1.0,0,7.900986194610596,2.3343822956085205,9.864261627197266,0.10785967111587524,-0.47511518001556396,-2.452542543411255,-14.312141418457031,-43.08050537109375,23.615385055541992,51.1708290565266,193044584,1720698678
1.0,0,5.959259033203125,1.441331386566162,8.703056335449219,0.10785967111587524,-0.47511518001556396,-2.452542543411255,-15.010294914245605,-44.131248474121094,24.96483612060547,52.87834233243257,205044584,1720698678
1.0,0,6.5410590171813965,1.223455786705017,8.6839017868042,0.17497234046459198,-0.47884365916252136,-2.48050594329834,-13.264911651611328,-43.781002044677734,22.60329818725586,51.02590626439803,218044584,1720698678
1.0,0,10.161147117614746,2.032708168029785,10.15635871887207,0.17124387621879578,-0.48949646949768066,-2.4783754348754883,-13.613988876342773,-44.83174514770508,24.290111541748047,52.775331214730656,230044584,1720698678
1.0,0,4.177945613861084,1.367110013961792,7.379042625427246,0.1664501130580902,-0.42984074354171753,-2.457868814468384,-9.250530242919922,-48.15909957885742,24.121429443359375,54.650842083287664,243044584,1720698678
1.0,0,3.9528872966766357,1.367110013961792,7.728600978851318,0.2063981294631958,-0.4514126777648926,-2.4730491638183594,-11.344990730285645,-49.20984649658203,24.121429443359375,55.96571419430291,255044584,1720698678
1.0,0,7.153984069824219,3.1316637992858887,10.036646842956543,0.22850270569324493,-0.4679245352745056,-2.4962189197540283,-8.72691535949707,-49.03472137451172,25.9769229888916,56.172622156515246,268044584,1720698678
1.0,0,6.586549282073975,3.711069345474243,9.96481990814209,0.2258395105600357,-0.43383556604385376,-2.477043867111206,-8.377839088439941,-49.38496780395508,25.30219841003418,56.118307860895165,280044584,1720698678
1.0,0,2.3343822956085205,2.2553725242614746,7.448474884033203,0.23729127645492554,-0.3976159989833832,-2.481837511062622,-8.377839088439941,-49.38496780395508,25.30219841003418,56.118307860895165,293044584,1720698678
1.0,0,6.756540298461914,3.023922920227051,8.913748741149902,0.26978233456611633,-0.42504701018333435,-2.478109121322632,-8.377839088439941,-49.38496780395508,25.30219841003418,56.118307860895165,305044584,1720698678
1.0,0,8.480391502380371,4.699889659881592,9.988761901855469,0.2737771272659302,-0.4021434485912323,-2.4695868492126465,-5.934302806854248,-51.48645782470703,26.314287185668945,58.12497741271505,318044584,1720698678
1.0,0,2.734220027923584,3.6176939010620117,8.367862701416016,0.25540104508399963,-0.3632607161998749,-2.452009677886963,-4.188919544219971,-54.98893737792969,25.9769229888916,60.960075532044954,330044584,1720698678
1.0,0,2.0207371711730957,3.691915512084961,7.783668518066406,0.29934385418891907,-0.38509899377822876,-2.4786417484283447,-3.316227912902832,-55.1640625,25.47088050842285,60.8509401155691,343044584,1720698678
1.0,0,6.8211846351623535,4.496379375457764,8.537853240966797,0.336362361907959,-0.3941538631916046,-2.496751546859741,-1.2217681407928467,-54.11331558227539,26.145605087280273,60.11103314764105,356044584,1720698678
1.0,0,8.913748741149902,1.4293601512908936,9.957636833190918,0.3257095515727997,-0.3704513609409332,-2.402208089828491,-0.6981532573699951,-56.03968048095703,26.651649475097656,62.05838884568311,368044584,1720698678
1.0,0,3.94809889793396,5.128458499908447,20.887332916259766,0.509470522403717,-0.17550499737262726,-1.730015754699707,1.0472298860549927,-57.79092025756836,25.9769229888916,63.36945386084432,381044584,1720698678
1.0,0,26.693361282348633,-1.640053153038025,29.71489143371582,0.06498212367296219,-0.20852869749069214,-1.1140172481536865,1.5708448886871338,-58.666542053222656,26.482967376708984,64.38616521600498,393044584,1720698678
1.0,0,-0.4261744022369385,8.60728645324707,24.14349937438965,-0.022370893508195877,0.006658004131168127,-0.604546844959259,3.4907662868499756,-58.84166717529297,24.290111541748047,63.75371960872495,406044584,1720698678
1.0,0,7.80042839050293,-0.5195496678352356,12.47877025604248,-0.22157837450504303,0.07909709215164185,0.02157193422317505,1.9199213981628418,-55.51430892944336,27.83241844177246,62.130251169673485,418044584,1720698678
1.0,0,4.077387809753418,5.892220497131348,11.755709648132324,-0.1182461604475975,0.06950956583023071,0.1595257818698883,2.967151403427124,-56.91530227661133,26.482967376708984,62.84507285193271,431044584,1720698678
1.0,0,4.515533447265625,5.427738189697266,6.825973033905029,-0.13768751919269562,0.10839231312274933,0.4034750461578369,2.0944597721099854,-56.740177154541016,26.989011764526367,62.86685312063447,443044584,1720698678
1.0,0,4.338359355926514,2.5642292499542236,2.6432390213012695,-0.09081517904996872,0.07164012640714645,0.3283727765083313,2.7926130294799805,-57.440673828125,24.96483612060547,62.69348243549845,456044584,1720698678
1.0,0,4.355119228363037,3.016740322113037,3.591357469558716,0.017310811206698418,0.02769729681313038,0.1994738131761551,2.0944597721099854,-58.141170501708984,25.63956069946289,63.57805865160735,468044584,1720698678
1.0,0,2.161997079849243,3.7278289794921875,5.719834804534912,0.07590124756097794,0.04261122643947601,0.1368885636329651,1.9199213981628418,-57.26554870605469,27.15769386291504,63.407960878208804,481044584,1720698678
1.0,0,6.5410590171813965,5.434920787811279,10.417330741882324,0.07670021057128906,0.014647609554231167,0.05353035405278206,2.967151403427124,-57.61579895019531,25.808242797851562,63.20165877912576,493044584,1720698678
1.0,0,5.743777751922607,4.80763053894043,11.549805641174316,0.00719064474105835,0.0287625789642334,0.04554075002670288,2.7926130294799805,-57.090423583984375,26.989011764526367,63.21014086803575,506044584,1720698678
1.0,0,5.085361957550049,4.197099685668945,10.278464317321777,-0.04953555390238762,0.03435530140995979,0.03275737911462784,1.2217681407928467,-58.666542053222656,26.820329666137695,64.51810565471295,518044584,1720698678
1.0,0,6.9480791091918945,-12.368634223937988,2.6623928546905518,0.15606361627578735,0.10386486351490021,-0.10519646853208542,3.4907662868499756,-56.740177154541016,26.989011764526367,62.92884798583118,531044584,1720698678
1.0,0,28.7380428314209,20.001466751098633,39.22600173950195,0.48337113857269287,0.005592723377048969,-0.22663846611976624,2.0944597721099854,-58.141170501708984,25.9769229888916,63.714856956730166,543044584,1720698678
1.0,0,2.3631131649017334,-6.064605236053467,11.274467468261719,0.26552119851112366,0.5795127153396606,0.010120166465640068,2.0944597721099854,-58.141170501708984,25.9769229888916,63.714856956730166,556044584,1720698678
1.0,0,39.22600173950195,4.956072807312012,29.518564224243164,0.41998693346977234,0.1350243240594864,-0.22317631542682648,2.0944597721099854,-58.141170501708984,25.9769229888916,63.714856956730166,568044584,1720698678
1.0,0,-15.861827850341797,4.4772257804870605,12.153153419494629,0.5323740243911743,0.7105422019958496,-0.0737706869840622,2.0944597721099854,-58.141170501708984,25.9769229888916,63.714856956730166,581044584,1720698678
1.0,0,25.046125411987305,2.55704665184021,17.81073760986328,0.577648401260376,0.6309124827384949,-0.17151018977165222,3.665304660797119,-57.61579895019531,28.169780731201172,64.23823856060922,593044584,1720698678
1.0,0,-7.146801471710205,6.488385200500488,11.382208824157715,0.8104122877120972,0.5816432237625122,-0.24821040034294128,3.4907662868499756,-57.79092025756836,29.013187408447266,64.75909941532322,606044584,1720698678
1.0,0,10.381417274475098,5.037477493286133,13.252108573913574,0.8788565397262573,0.8644752502441406,-0.20293596386909485,5.061611175537109,-58.666542053222656,29.85659408569336,66.02120321966818,618044584,1720698678
1.0,0,7.276090145111084,5.195497035980225,9.691876411437988,0.7861771583557129,0.7417016625404358,-0.19654428958892822,4.014381408691406,-59.016788482666016,29.181869506835938,65.95967016909793,631044584,1720698678
1.0,0,3.071807622909546,19.6112060546875,1.975246548652649,0.672724723815918,0.7009547352790833,-0.1344916969537735,6.283379554748535,-59.54216003417969,31.71208953857422,67.75253724450063,643044584,1720698678
1.0,0,-21.670249938964844,-4.122878074645996,-14.659920692443848,0.9608831405639648,0.7747253775596619,-0.22237734496593475,4.887072563171387,-57.090423583984375,30.362638473510742,64.84666343235847,656044584,1720698678
1.0,0,14.729352951049805,12.93846321105957,13.17309856414795,1.3060342073440552,0.4522116482257843,-0.4058719277381897,7.330609321594238,-58.84166717529297,31.037363052368164,66.92830144444353,668044584,1720698678
1.0,0,9.260913848876953,11.556987762451172,13.472378730773926,1.1081582307815552,0.5430268049240112,-0.34009087085723877,6.1088409423828125,-57.96604537963867,31.206045150756836,66.11503315105224,681044584,1720698678
1.0,0,0.1699909120798111,13.807571411132812,16.697418212890625,1.0391813516616821,0.7124064564704895,-0.23942182958126068,6.981532573699951,-59.19191360473633,32.38681411743164,67.83310520642021,693044584,1720698678
1.0,0,9.660751342773438,7.93929386138916,12.940857887268066,0.8522245287895203,0.6932314038276672,-0.14834032952785492,7.330609321594238,-59.89241027832031,33.398902893066406,68.96611745221688,706044584,1720698678
1.0,0,9.660751342773438,7.93929386138916,12.940857887268066,0.8522245287895203,0.6932314038276672,-0.14834032952785492,9.075992584228516,-59.54216003417969,33.398902893066406,68.87037953565607,718044584,1720698678
1.0,0,-3.0789904594421387,3.177154064178467,1.2928886413574219,0.8367779850959778,0.6761869192123413,-0.15313409268856049,7.85422420501709,-60.067535400390625,33.904945373535156,69.42148779536679,731044584,1720698678
1.0,0,2.6384506225585938,3.2920775413513184,4.280898094177246,0.9342511296272278,0.6940303444862366,-0.18376091122627258,6.283379554748535,-59.54216003417969,34.07362747192383,68.88948954129606,743044584,1720698678
1.0,0,4.233013153076172,2.7461910247802734,5.78447961807251,0.9180055856704712,0.6695289015769958,-0.19041892886161804,8.377839088439941,-60.24265670776367,34.07362747192383,69.71641100986695,756044584,1720698678
1.0,0,6.3088178634643555,4.0869646072387695,7.350311279296875,0.886846125125885,0.6026825308799744,-0.15100352466106415,9.250530242919922,-60.768028259277344,35.591758728027344,71.028859329498,769044584,1720698678
1.0,0,0.18435634672641754,6.3878278732299805,5.7629313468933105,0.8698016405105591,0.7046831250190735,-0.161390021443367,9.075992584228516,-60.5929069519043,35.42307662963867,70.77194622292336,781044584,1720698678
1.0,0,1.8986308574676514,9.160355567932129,7.522696495056152,0.8639426231384277,0.7305161952972412,-0.12596943974494934,10.297760963439941,-60.417781829833984,37.27857208251953,71.73593366374463,794044584,1720698678
1.0,0,8.317583084106445,8.913748741149902,8.801219940185547,0.8809871077537537,0.6325104236602783,-0.1294316053390503,8.901453971862793,-61.11827850341797,37.27857208251953,72.14133202641992,806044584,1720698678
1.0,0,7.216233730316162,9.948060035705566,8.214631080627441,0.9297237396240234,0.6527507901191711,-0.14967192709445953,10.821375846862793,-60.24265670776367,37.10988998413086,71.57809579098081,819044584,1720698678
1.0,0,2.6216909885406494,12.490740776062012,8.535459518432617,0.9401101469993591,0.6484896540641785,-0.14647608995437622,9.599607467651367,-61.11827850341797,36.94121170043945,72.05726578667162,831044584,1720698678
1.0,0,2.03749680519104,9.96721363067627,6.323183059692383,0.9971027374267578,0.6796491146087646,-0.10013638436794281,9.250530242919922,-60.067535400390625,38.2906608581543,71.83213645581306,844044584,1720698678
1.0,0,4.6855244636535645,8.995153427124023,6.7948479652404785,0.9678075313568115,0.6833775639533997,-0.14807401597499847,10.472298622131348,-60.943153381347656,38.121978759765625,72.64311562050173,856044584,1720698678
1.0,0,6.196288585662842,4.984804153442383,6.2561445236206055,0.938245952129364,0.6074762940406799,-0.09347837418317795,10.472298622131348,-60.943153381347656,38.121978759765625,72.64311562050173,869044584,1720698678
1.0,0,2.7390084266662598,6.7493577003479,4.443706035614014,0.9339848160743713,0.657011866569519,-0.09907110780477524,10.472298622131348,-60.943153381347656,38.121978759765625,72.64311562050173,881044584,1720698678
1.0,0,0.6536269783973694,5.731806755065918,4.517927646636963,0.949697732925415,0.7022863030433655,-0.09747318178415298,10.472298622131348,-60.943153381347656,38.121978759765625,72.64311562050173,894044584,1720698678
1.0,0,5.305631637573242,5.195497035980225,6.153192520141602,0.9283921122550964,0.6788501143455505,-0.07536860555410385,10.821375846862793,-61.64365005493164,39.47142791748047,73.99348207213116,906044584,1720698678
1.0,0,5.346334457397461,6.679924488067627,6.08136510848999,0.9065538644790649,0.6538160443305969,-0.08335821330547333,10.9959135055542,-60.768028259277344,39.64011001586914,73.3825707808889,919044584,1720698678
1.0,0,0.9193874597549438,6.447683334350586,5.020717620849609,0.8943031430244446,0.6868396997451782,-0.06950956583023071,10.64683723449707,-60.768028259277344,40.98956298828125,74.06924243968261,931044584,1720698678
1.0,0,2.1548144817352295,6.229808330535889,5.765325546264648,0.9014937877655029,0.7078790068626404,-0.03408898040652275,10.821375846862793,-60.943153381347656,40.146156311035156,73.77590382931001,944044584,1720698678
1.0,0,1.5538605451583862,3.96964693069458,4.230618953704834,0.8772586584091187,0.704416811466217,-0.0751022920012474,11.344990730285645,-60.067535400390625,40.652198791503906,73.41266164859711,956044584,1720698678
1.0,0,1.8579288721084595,9.718213081359863,6.787665367126465,0.9076191186904907,0.7001556754112244,-0.026365695521235466,12.741296768188477,-61.11827850341797,41.66428756713867,75.05796073058234,969044584,1720698678
1.0,0,3.198702335357666,9.332740783691406,6.9528679847717285,0.9374470114707947,0.682844877243042,-0.035420581698417664,11.694067001342773,-61.11827850341797,40.98956298828125,74.51402179605884,981044584,1720698678
1.0,0,4.067810535430908,9.665539741516113,7.1803202629089355,0.9443712830543518,0.6799154281616211,-0.03595322370529175,11.51952838897705,-62.344146728515625,41.49560546875,75.77187762507465,994044584,1720698678
1.0,0,4.302446365356445,7.254541397094727,6.54824161529541,0.9185382723808289,0.6852418184280396,-0.03515426442027092,12.217681884765625,-61.293399810791016,43.18241882324219,75.96626821444309,6044584,1720698679
1.0,0,3.9840123653411865,7.4293212890625,4.881851673126221,0.9518283009529114,0.6375705003738403,-0.014114969410002232,12.56675910949707,-61.64365005493164,42.507694244384766,75.9260633549844,19044584,1720698679
1.0,0,2.063833475112915,9.584136009216309,6.064605236053467,0.9912436604499817,0.6785838007926941,-0.027164656668901443,11.694067001342773,-60.768028259277344,43.68846130371094,75.75081592060954,31044584,1720698679
1.0,0,3.581780433654785,5.7677202224731445,3.8619062900543213,0.9422407746315002,0.6591424345970154,0.021305613219738007,10.9959135055542,-61.11827850341797,45.03791427612305,76.71224024486835,44044584,1720698679
1.0,0,2.394238233566284,8.090130805969238,3.5003764629364014,0.9635463953018188,0.6655341386795044,0.022370893508195877,12.217681884765625,-59.89241027832031,43.18241882324219,74.84045600482322,56044584,1720698679
1.0,0,0.32561638951301575,7.412561893463135,4.561023712158203,0.9515619874000549,0.714004397392273,0.024235136806964874,12.217681884765625,-61.64365005493164,44.53186798095703,77.02141655803008,69044584,1720698679
1.0,0,2.109323740005493,7.103704452514648,4.498773574829102,0.9417081475257874,0.7038841843605042,0.03009418025612831,12.741296768188477,-61.46852493286133,43.68846130371094,76.48138238710577,81044584,1720698679
1.0,0,6.5410590171813965,7.881832599639893,5.66716194152832,0.9571546912193298,0.675387978553772,0.02902889810502529,11.694067001342773,-61.11827850341797,44.53186798095703,76.51981727713836,94044584,1720698679
1.0,0,3.950493097305298,5.319997310638428,3.967252731323242,0.8804544806480408,0.6636698842048645,0.03195841982960701,12.392220497131348,-60.768028259277344,45.71263885498047,77.04521879036831,106044584,1720698679
1.0,0,-0.7972812652587891,7.1803202629089355,4.02232027053833,0.8889767527580261,0.6618056297302246,0.05139978975057602,12.56675910949707,-60.5929069519043,45.88132095336914,77.03583205122361,119044584,1720698679
1.0,0,-1.0654360055923462,4.446100234985352,3.3902413845062256,0.8596814870834351,0.7174665331840515,0.05273139104247093,12.392220497131348,-61.11827850341797,46.724727630615234,77.92439456438571,131044584,1720698679
1.0,0,-0.7493965029716492,13.718984603881836,9.45724105834961,0.8253262042999268,0.7049494981765747,0.06791163980960846,12.9158353805542,-60.943153381347656,47.56813430786133,78.38121043445793,144044584,1720698679
1.0,0,-1.7094860076904297,-0.27773162722587585,20.494680404663086,0.11904511600732803,0.5510164499282837,0.018109772354364395,13.78852653503418,-59.71728515625,47.399452209472656,77.47893700999195,156044584,1720698679
1.0,0,-9.143595695495605,-17.250486373901367,5.559421062469482,0.707080066204071,0.30440396070480347,0.08655405789613724,11.694067001342773,-59.71728515625,48.41154098510742,77.75977526984956,169044584,1720698679
1.0,0,0.9074163436889648,-14.039813041687012,15.07172966003418,0.03808378428220749,0.04980187490582466,-0.034621622413396835,11.694067001342773,-59.71728515625,48.41154098510742,77.75977526984956,181044584,1720698679
1.0,0,-4.956072807312012,9.078951835632324,21.143518447875977,0.5542122721672058,-0.06711268424987793,0.05432931333780289,11.694067001342773,-59.71728515625,48.41154098510742,77.75977526984956,194044584,1720698679
1.0,0,7.58973503112793,-6.768511772155762,0.6416558623313904,-0.06604740023612976,-0.19121788442134857,-0.017310811206698418,11.694067001342773,-59.71728515625,48.41154098510742,77.75977526984956,206044584,1720698679
1.0,0,9.414144515991211,25.074857711791992,11.497132301330566,0.34381935000419617,-0.18056508898735046,0.040746983140707016,12.9158353805542,-59.19191360473633,48.24285888671875,77.44594807562241,219044584,1720698679
1.0,0,8.406169891357422,30.131488800048828,14.652737617492676,-0.12783367931842804,-0.0556609146296978,-0.021838253363966942,14.137603759765625,-59.36703872680664,47.399452209472656,77.27240902816723,231044584,1720698679
1.0,0,3.4979822635650635,16.654319763183594,5.655190944671631,-0.2801688015460968,0.046872351318597794,-0.018109772354364395,13.264911651611328,-58.141170501708984,48.580223083496094,76.91808411079995,244044584,1720698679
1.0,0,2.470853805541992,9.617654800415039,8.69347858428955,-0.30680084228515625,0.06897692382335663,-0.009321206249296665,13.264911651611328,-59.89241027832031,47.230770111083984,77.41966375125745,256044584,1720698679
1.0,0,0.05267323926091194,-0.4620879888534546,3.38545298576355,-0.15313409268856049,0.06924324482679367,-0.012250727973878384,12.9158353805542,-59.89241027832031,48.24285888671875,77.98264580076828,269044584,1720698679
1.0,0,0.011971191503107548,2.8275954723358154,5.77250862121582,-0.029561540111899376,0.03089314140379429,0.009587526321411133,12.392220497131348,-60.768028259277344,46.724727630615234,77.64998750498954,281044584,1720698679
1.0,0,1.6304762363433838,8.475603103637695,5.595334529876709,0.0751022920012474,0.012783369049429893,0.0037284824065864086,11.344990730285645,-60.417781829833984,46.724727630615234,77.21539579684134,294044584,1720698679
1.0,0,2.2888917922973633,12.064565658569336,7.029483795166016,0.06658004224300385,0.0015979211311787367,0.00825592502951622,12.741296768188477,-59.36703872680664,46.724727630615234,76.6158345427392,307044584,1720698679
1.0,0,3.634453773498535,11.875421524047852,7.8531012535095215,-0.05432931333780289,0.030360499396920204,-0.0034621621016412973,11.344990730285645,-60.417781829833984,45.71263885498047,76.6071963133592,319044584,1720698679
1.0,0,7.331157207489014,17.094860076904297,14.257688522338867,-0.2402207851409912,0.38936007022857666,-0.0287625789642334,11.868605613708496,-59.54216003417969,47.230770111083984,76.9212471690084,332044584,1720698679
1.0,0,39.22600173950195,-7.6735334396362305,5.851518154144287,-0.34994468092918396,0.6205259561538696,0.12437152117490768,13.264911651611328,-59.19191360473633,46.55604553222656,76.46637099349215,344044584,1720698679
1.0,0,-14.45401668548584,20.535381317138672,11.324747085571289,-0.5219874978065491,2.0107171535491943,0.22317631542682648,13.43945026397705,-59.71728515625,47.399452209472656,77.41757577959201,357044584,1720698679
1.0,0,14.413313865661621,1.7789191007614136,3.995983600616455,-0.38483262062072754,2.0922112464904785,0.35074368119239807,10.9959135055542,-58.31629180908203,46.724727630615234,75.53078959165471,369044584,1720698679
1.0,0,-2.161997079849243,20.679035186767578,12.842694282531738,-0.7563492655754089,2.1428122520446777,0.27670666575431824,11.694067001342773,-60.067535400390625,45.71263885498047,76.38393393374646,382044584,1720698679
1.0,0,-3.5722033977508545,9.825953483581543,2.50437331199646,-0.6879050135612488,2.1337573528289795,0.262591689825058,13.090373992919922,-59.36703872680664,46.38736343383789,76.46954076498456,394044584,1720698679
1.0,0,-1.096561074256897,12.701434135437012,10.3383207321167,-0.8120101690292358,2.0554590225219727,0.19867484271526337,12.043143272399902,-58.31629180908203,44.02582550048828,74.05471289013957,407044584,1720698679
1.0,0,0.028730858117341995,4.264138221740723,4.4365234375,-0.7467617392539978,2.0232343673706055,0.20107172429561615,13.090373992919922,-59.016788482666016,44.363189697265625,74.98287680662719,419044584,1720698679
1.0,0,6.895406246185303,10.656754493713379,9.311192512512207,-0.7281193733215332,2.062117099761963,0.20559915900230408,13.613988876342773,-58.84166717529297,43.51978302001953,74.44228639155783,432044584,1720698679
1.0,0,6.586549282073975,4.6328511238098145,5.236199378967285,-0.7081453204154968,2.0083203315734863,0.2026696503162384,11.694067001342773,-59.71728515625,44.02582550048828,75.10778029248512,444044584,1720698679
1.0,0,-2.889845609664917,15.98154067993164,9.263307571411133,-0.7179992198944092,2.024832248687744,0.19041892886161804,12.392220497131348,-59.36703872680664,41.66428756713867,73.57938077013769,457044584,1720698679
1.0,0,-0.9864261746406555,7.434109687805176,5.655190944671631,-0.7731274366378784,1.9494636058807373,0.16218899190425873,12.392220497131348,-59.36703872680664,41.66428756713867,73.57938077013769,469044584,1720698679
1.0,0,0.5195496678352356,7.170743465423584,8.252939224243164,-0.7853781580924988,1.9220325946807861,0.17230914533138275,12.392220497131348,-59.36703872680664,41.66428756713867,73.57938077013769,482044584,1720698679
1.0,0,1.9417272806167603,4.539475917816162,5.11409330368042,-0.7606104016304016,1.9627796411514282,0.13475801050662994,12.392220497131348,-59.36703872680664,41.66428756713867,73.57938077013769,494044584,1720698679
1.0,0,0.2346353530883789,7.841130256652832,8.09970760345459,-0.7262550592422485,1.9830199480056763,0.15366673469543457,13.43945026397705,-57.96604537963867,38.628021240234375,70.94226712819545,507044584,1720698679
1.0,0,0.5841941237449646,6.373461723327637,5.432526588439941,-0.7712632417678833,1.9848841428756714,0.13156215846538544,13.613988876342773,-57.090423583984375,40.146156311035156,71.10816426173588,519044584,1720698679
1.0,0,0.24181805551052094,11.892181396484375,8.336737632751465,-0.7329131364822388,1.9521268606185913,0.10892495512962341,12.9158353805542,-58.141170501708984,37.78461456298828,70.53291152759793,532044584,1720698679
1.0,0,4.2449846267700195,4.352725028991699,6.507539749145508,-0.8229293823242188,1.9079177379608154,0.09401101619005203,13.090373992919922,-58.666542053222656,37.27857208251953,70.73056612433312,544044584,1720698679
1.0,0,-0.48603036999702454,7.910562992095947,8.39659309387207,-0.7582135200500488,1.9172389507293701,0.09108150005340576,13.264911651611328,-57.440673828125,37.10988998413086,69.66012364034674,557044584,1720698679
1.0,0,-0.5578575134277344,4.503561973571777,5.257747173309326,-0.8050858974456787,1.9438709020614624,0.07164012640714645,13.613988876342773,-57.79092025756836,36.77252960205078,69.83802753998363,569044584,1720698679
1.0,0,-2.1308720111846924,6.768511772155762,7.541850566864014,-0.7555503249168396,1.9281580448150635,0.07803180813789368,14.835756301879883,-58.31629180908203,35.591758728027344,69.91182192422743,582044584,1720698679
1.0,0,-2.3271994590759277,6.033480644226074,5.801239013671875,-0.821597695350647,1.9505289793014526,0.056193556636571884,15.184833526611328,-57.96604537963867,35.254398345947266,69.5234794074632,594044584,1720698679
1.0,0,2.789287567138672,7.84352445602417,8.228997230529785,-0.7797854542732239,1.8748940229415894,0.05139978975057602,15.533909797668457,-56.5650520324707,35.254398345947266,68.43814775235334,607044584,1720698679
1.0,0,3.6464247703552246,6.7158379554748535,8.487574577331543,-0.8383758664131165,1.8629095554351807,0.00878856610506773,16.406600952148438,-57.090423583984375,35.760440826416016,69.33471098880703,619044584,1720698679
1.0,0,-2.2098820209503174,4.5418701171875,6.351913928985596,-0.779252827167511,1.87409508228302,0.014114969410002232,14.312141418457031,-57.090423583984375,34.07362747192383,68.0085725925498,632044584,1720698679
1.0,0,-2.5905656814575195,8.846710205078125,8.463632583618164,-0.8234620094299316,1.8748940229415894,-0.006125363986939192,16.057525634765625,-56.740177154541016,34.74835205078125,68.44515909313738,644044584,1720698679
1.0,0,-3.1651828289031982,4.836360931396484,6.636828422546387,-0.8109449148178101,1.8900742530822754,-0.0037284824065864086,16.581140518188477,-55.1640625,33.904945373535156,66.83975862591232,657044584,1720698679
1.0,0,-6.521904945373535,10.005521774291992,7.968024730682373,-0.811477541923523,1.9007270336151123,-0.02476777695119381,16.581140518188477,-55.51430892944336,32.55549621582031,66.45775387910636,669044584,1720698679
1.0,0,-0.5961652994155884,5.4037957191467285,7.558609962463379,-0.8338484764099121,1.869301199913025,-0.04527442902326584,19.897367477416992,-55.33918380737305,32.0494499206543,66.97385861076035,682044584,1720698679
1.0,0,-1.132474660873413,6.80203104019165,7.917746067047119,-0.8418380618095398,1.8703665733337402,-0.07030852884054184,17.45383071899414,-54.2884407043457,31.71208953857422,65.24973274871792,694044584,1720698679
1.0,0,-2.834778070449829,5.966441631317139,7.537062168121338,-0.8317179083824158,1.85625159740448,-0.07856445014476776,19.37375259399414,-53.06257247924805,30.868682861328125,64.37277739294771,707044584,1720698679
1.0,0,0.7757331728935242,2.6169025897979736,7.364676475524902,-0.8788565397262573,1.8085802793502808,-0.09081517904996872,18.326522827148438,-53.76306915283203,30.868682861328125,64.64676809601114,719044584,1720698679
1.0,0,-4.666370391845703,7.53466796875,8.542641639709473,-0.824260950088501,1.8455986976623535,-0.09028254449367523,18.501060485839844,-53.58794403076172,30.362638473510742,64.31054967591142,732044584,1720698679
1.0,0,-5.51871919631958,6.181922912597656,6.402193069458008,-0.8799218535423279,1.8432018756866455,-0.14434552192687988,18.501060485839844,-53.58794403076172,30.362638473510742,64.31054967591142,744044584,1720698679
1.0,0,-3.2370100021362305,6.960050582885742,8.207448959350586,-0.8410391211509705,1.818167805671692,-0.12250728160142899,18.501060485839844,-53.58794403076172,30.362638473510742,64.31054967591142,757044584,1720698679
1.0,0,0.6632039546966553,6.452471733093262,9.119653701782227,-0.8796555399894714,1.7707628011703491,-0.1539330631494522,18.501060485839844,-53.58794403076172,30.362638473510742,64.31054967591142,769044584,1720698679
1.0,0,-0.33519336581230164,7.893803596496582,9.167537689208984,-0.8255925178527832,1.7910031080245972,-0.15473201870918274,22.68998146057129,-52.186954498291016,29.350549697875977,64.02943265448518,782044584,1720698679
1.0,0,-3.126875162124634,4.941707611083984,7.716629505157471,-0.8863134980201721,1.7934000492095947,-0.20213700830936432,23.388134002685547,-52.537200927734375,29.013187408447266,64.41216761642471,795044584,1720698679
1.0,0,-3.5793862342834473,8.23617935180664,8.626440048217773,-0.8247935771942139,1.7491908073425293,-0.17657028138637543,23.737211227416992,-52.537200927734375,29.013187408447266,64.53973754032339,807044584,1720698679
1.0,0,-5.700681209564209,5.707863807678223,7.470023155212402,-0.8881778120994568,1.797394871711731,-0.2332964688539505,23.0390567779541,-52.186954498291016,27.66373634338379,63.399989475557035,820044584,1720698679
1.0,0,-4.853120803833008,5.67913293838501,7.237782001495361,-0.8349137306213379,1.756115198135376,-0.19654428958892822,26.006208419799805,-51.661582946777344,26.482967376708984,63.61280995221524,832044584,1720698679
1.0,0,-5.619277477264404,6.150798320770264,7.865072250366211,-0.8706006407737732,1.7758228778839111,-0.24554719030857086,26.006208419799805,-51.661582946777344,28.507143020629883,64.48177441835382,845044584,1720698679
1.0,0,-5.351122856140137,5.176342964172363,6.088547706604004,-0.821597695350647,1.7894052267074585,-0.262591689825058,24.9589786529541,-50.610836029052734,27.49505615234375,62.77248960953211,857044584,1720698679
1.0,0,-5.116487503051758,6.840338706970215,8.832345008850098,-0.8599478006362915,1.7390706539154053,-0.27990248799324036,26.35528564453125,-49.910343170166016,26.820329666137695,62.4897873269615,870044584,1720698679
1.0,0,2.1787569522857666,2.039891004562378,8.298429489135742,-0.8743290901184082,1.6756864786148071,-0.2601948082447052,27.402515411376953,-50.610836029052734,26.145605087280273,63.21350520110738,882044584,1720698679
1.0,0,-7.975207328796387,8.873046875,8.559401512145996,-0.8261251449584961,1.757979393005371,-0.29561537504196167,28.449745178222656,-48.859596252441406,25.808242797851562,62.1507324411406,895044584,1720698679
1.0,0,-4.106118679046631,2.1739683151245117,6.160375118255615,-0.9012274742126465,1.6812793016433716,-0.32544323801994324,29.147897720336914,-48.859596252441406,26.145605087280273,62.61351893039413,907044584,1720698679
1.0,0,-4.513139247894287,5.458862781524658,8.13083267211914,-0.8439685702323914,1.7039164304733276,-0.329171746969223,29.671512603759766,-47.983978271484375,24.96483612060547,61.69362911583372,920044584,1720698679
1.0,0,-5.743777751922607,3.42854905128479,6.232202529907227,-0.8905746340751648,1.6818119287490845,-0.3821694254875183,31.765974044799805,-47.28348159790039,24.290111541748047,61.925877125354,932044584,1720698679
1.0,0,-1.355138897895813,3.9097909927368164,8.370256423950195,-0.8551540970802307,1.6495871543884277,-0.3739134967327118,31.067819595336914,-46.582984924316406,25.30219841003418,61.444162808587656,945044584,1720698679
1.0,0,-6.8690690994262695,4.6328511238098145,6.655982494354248,-0.8735301494598389,1.6716917753219604,-0.40240976214408875,32.63866424560547,-47.4586067199707,25.808242797851562,63.11629862286817,957044584,1720698679
1.0,0,-3.5698091983795166,3.8523292541503906,8.580949783325195,-0.8620784282684326,1.6064432859420776,-0.38936007022857666,34.38404846191406,-47.80885314941406,24.121429443359375,63.63798069144289,970044584,1720698679
1.0,0,-8.511516571044922,4.891428470611572,6.296846389770508,-0.8732638359069824,1.669294834136963,-0.4420914947986603,33.511356353759766,-46.23273849487305,23.952747344970703,61.92100789534996,982044584,1720698679
1.0,0,-9.32795238494873,3.900214195251465,5.873066425323486,-0.8511592745780945,1.6676969528198242,-0.4383630156517029,34.38404846191406,-46.75811004638672,23.446704864501953,62.596578283036564,995044584,1720698679
1.0,0,-5.892220497131348,4.608908653259277,7.788456916809082,-0.8612794280052185,1.6429290771484375,-0.47325095534324646,36.129432678222656,-45.707366943359375,22.434616088867188,62.4324538809743,7044584,1720698680
1.0,0,-5.616883277893066,3.7805020809173584,6.852309703826904,-0.8447676301002502,1.6290805339813232,-0.47937631607055664,37.52573776245117,-46.057613372802734,24.458791732788086,64.24731307411022,20044584,1720698680
1.0,0,-4.884245872497559,4.134849548339844,7.400590419769287,-0.8567519783973694,1.5997852087020874,-0.5078725814819336,37.52573776245117,-46.057613372802734,24.458791732788086,64.24731307411022,32044584,1720698680
1.0,0,-8.030275344848633,1.3311964273452759,5.743777751922607,-0.8591488599777222,1.5843387842178345,-0.5193243026733398,37.52573776245117,-46.057613372802734,24.458791732788086,64.24731307411022,45044584,1720698680
1.0,0,-8.027880668640137,3.4500973224639893,6.141221046447754,-0.8562193512916565,1.6019158363342285,-0.5422278642654419,37.52573776245117,-46.057613372802734,24.458791732788086,64.24731307411022,57044584,1720698680
1.0,0,-8.69347858428955,4.06541633605957,6.232202529907227,-0.845832884311676,1.583806037902832,-0.546755313873291,37.52573776245117,-46.057613372802734,24.458791732788086,64.24731307411022,70044584,1720698680
1.0,0,-5.310420513153076,2.140449047088623,6.272904396057129,-0.8599478006362915,1.5723543167114258,-0.5768494606018066,40.31835174560547,-43.25563049316406,23.784067153930664,63.73618208856094,82044584,1720698680
1.0,0,-4.034291744232178,6.184317111968994,8.715027809143066,-0.8157386779785156,1.4900614023208618,-0.5491521954536438,40.84196472167969,-42.029762268066406,23.27802276611328,63.05896718577616,95044584,1720698680
1.0,0,-7.575369834899902,2.7414026260375977,5.4516801834106445,-0.8527571558952332,1.5547771453857422,-0.6634035706520081,41.191043853759766,-42.380008697509766,24.290111541748047,63.89660984491998,107044584,1720698680
1.0,0,-10.333532333374023,4.189917087554932,6.035874843597412,-0.7968299984931946,1.4687557220458984,-0.5813769102096558,44.1581916809082,-41.854637145996094,26.145605087280273,66.22196922872985,120044584,1720698680
1.0,0,-4.618485450744629,2.803652763366699,7.606494903564453,-0.8463655114173889,1.4397268295288086,-0.6269177198410034,44.50727081298828,-41.15414047241211,25.47088050842285,65.75200519465594,132044584,1720698680
1.0,0,-8.846710205078125,2.4924020767211914,5.085361957550049,-0.7827149629592896,1.5704900026321411,-0.6527507901191711,44.1581916809082,-39.40290069580078,24.121429443359375,63.90913732919521,143821994,1720698680
1.0,0,-12.93606948852539,3.682338237762451,4.1659746170043945,-0.7827149629592896,1.5704900026321411,-0.6527507901191711,45.72903823852539,-40.27852249145508,25.30219841003418,65.98261556422196,155821994,1720698680
1.0,0,-6.014326572418213,2.9760379791259766,6.567395210266113,-0.799493134021759,1.4796749353408813,-0.6745890378952026,47.474422454833984,-38.87752914428711,25.30219841003418,66.37382243148028,168821994,1720698680
1.0,0,-11.427699089050293,4.048656940460205,4.776504993438721,-0.7784538269042969,1.507372260093689,-0.7438322305679321,49.394344329833984,-40.103397369384766,24.796154022216797,68.28567189853577,180821994,1720698680
1.0,0,-5.794056415557861,2.7725279331207275,6.088547706604004,-0.7787201404571533,1.4378626346588135,-0.7084116339683533,47.9980354309082,-38.7024040222168,24.121429443359375,66.20823846559118,193821994,1720698680
1.0,0,-4.829178333282471,2.118900775909424,6.811607837677002,-0.784312903881073,1.4048389196395874,-0.7238582372665405,49.56888198852539,-38.177032470703125,25.30219841003418,67.48897031546869,205821994,1720698680
1.0,0,-12.210614204406738,2.427757740020752,3.5267128944396973,-0.7411690354347229,1.4839359521865845,-0.7411690354347229,51.48880386352539,-36.250667572021484,25.47088050842285,67.9262362904655,218821994,1720698680
1.0,0,-23.24087142944336,-0.7374253869056702,-4.335965156555176,-0.7038841843605042,1.3204153776168823,-0.6825785636901855,51.8378791809082,-36.250667572021484,23.784067153930664,67.57927543096574,230821994,1720698680
1.0,0,-6.615280628204346,4.0390801429748535,-6.766117572784424,-0.3651249408721924,0.7030852437019348,-0.23809023201465607,51.13972473144531,-35.900421142578125,26.482967376708984,67.86353398474252,243821994,1720698680
1.0,0,-36.05243682861328,-4.994380950927734,-17.83946990966797,-0.17497234046459198,0.4026761054992676,-0.2908216118812561,51.314266204833984,-33.974056243896484,24.96483612060547,66.41260013229942,255821994,1720698680
1.0,0,-11.583324432373047,3.0287113189697266,1.0343109369277954,0.15712890028953552,0.15686258673667908,-0.048203952610492706,51.48880386352539,-34.84967803955078,26.145605087280273,67.44768082104048,268821994,1720698680
1.0,0,-3.4381263256073,0.871502697467804,8.901777267456055,0.06551475822925568,-0.14407920837402344,-0.04873659089207649,51.8378791809082,-34.84967803955078,26.482967376708984,67.84551082061816,280821994,1720698680
1.0,0,-5.4037957191467285,5.528295993804932,13.177886962890625,0.06205260008573532,-0.04341018572449684,0.08548877388238907,51.6633415222168,-34.67455291748047,25.9769229888916,67.42570730247603,293821994,1720698680
1.0,0,-9.32795238494873,-0.38068386912345886,5.671950340270996,-0.037817467004060745,-0.014114969410002232,0.09560894221067429,52.536033630371094,-35.550174713134766,26.482967376708984,68.74007064894334,305821994,1720698680
1.0,0,-12.76607894897461,1.8914482593536377,3.304048538208008,-0.056193556636571884,-0.005859043914824724,0.06098731979727745,49.56888198852539,-35.72529602050781,25.63956069946289,66.26279431330006,318821994,1720698680
1.0,0,-8.942479133605957,2.320016860961914,2.9233648777008057,-0.011718087829649448,-0.08895093947649002,0.03488794341683388,49.56888198852539,-35.72529602050781,25.63956069946289,66.26279431330006,330821994,1720698680
1.0,0,-30.804269790649414,-5.391824722290039,-15.995905876159668,0.0,-0.657011866569519,0.0631178766489029,49.56888198852539,-35.72529602050781,25.63956069946289,66.26279431330006,343821994,1720698680
1.0,0,-10.896178245544434,4.79805326461792,-8.738969802856445,0.23276382684707642,-1.473549485206604,0.16245530545711517,49.56888198852539,-35.72529602050781,25.63956069946289,66.26279431330006,356821994,1720698680
1.0,0,-31.266357421875,-3.0047690868377686,-10.438878059387207,0.3872295022010803,-2.0714383125305176,0.16538482904434204,49.56888198852539,-35.72529602050781,25.63956069946289,66.26279431330006,368821994,1720698680
1.0,0,-4.666370391845703,2.011160135269165,-1.7501882314682007,0.47325095534324646,-2.323110818862915,0.05246507376432419,49.7434196472168,-35.900421142578125,25.133516311645508,66.2943563103326,381821994,1720698680
1.0,0,-0.40941473841667175,5.983201026916504,3.507559061050415,0.4860343039035797,-3.3034353256225586,0.15979209542274475,50.26703643798828,-35.37504959106445,23.615385055541992,65.84721328309823,393821994,1720698680
1.0,0,-35.834564208984375,2.1476316452026367,-5.631248474121094,0.5789800882339478,-3.1327240467071533,0.03808378428220749,48.52165222167969,-35.72529602050781,23.615385055541992,64.71733864580698,406821994,1720698680
1.0,0,-3.514741897583008,8.451661109924316,4.996775150299072,0.6492885947227478,-3.593724489212036,-0.0825592502951622,44.856346130371094,-36.95116424560547,21.08516502380371,61.82284781012927,418821994,1720698680
1.0,0,-5.621671676635742,0.6488385796546936,8.961633682250977,0.5507500767707825,-3.563363790512085,-0.0644494816660881,44.332733154296875,-36.4257926940918,21.928571701049805,61.425498444629056,431821994,1720698680
1.0,0,-12.224981307983398,4.359908103942871,9.248942375183105,0.5129326581954956,-3.307696580886841,-0.06711268424987793,43.46004104614258,-38.00190734863281,20.41044044494629,61.23321165040398,443821994,1720698680
1.0,0,8.861075401306152,3.9648585319519043,11.597689628601074,0.4572717547416687,-3.435530185699463,-0.09241309762001038,43.9836540222168,-37.47653579711914,20.241758346557617,61.2272924230629,456821994,1720698680
1.0,0,-14.679075241088867,5.05184268951416,4.079782009124756,0.40427401661872864,-3.2112886905670166,-0.17923347651958466,39.271121978759766,-38.35215759277344,19.060989379882812,58.10705920653327,468821994,1720698680
1.0,0,0.1221061497926712,3.098144292831421,10.683090209960938,0.42131850123405457,-3.104494333267212,-0.23489437997341156,38.39842987060547,-38.87752914428711,19.567033767700195,58.04111042493088,481821994,1720698680
1.0,0,2.3271994590759277,1.170782446861267,7.307215213775635,0.35234156250953674,-3.134854793548584,-0.2764403223991394,37.17666244506836,-37.65166091918945,19.398351669311523,56.356435728445916,493821994,1720698680
1.0,0,-4.154003143310547,3.1340579986572266,7.764514923095703,0.38936007022857666,-2.9758617877960205,-0.32863909006118774,37.00212097167969,-38.177032470703125,16.53076934814453,55.67682731544151,506821994,1720698680
1.0,0,-9.076557159423828,5.126064300537109,5.243381977081299,0.406404584646225,-2.9843838214874268,-0.38882744312286377,36.30397033691406,-37.47653579711914,17.205495834350586,54.94085988116807,518821994,1720698680
1.0,0,-9.818770408630371,4.304840564727783,6.718232154846191,0.37364718317985535,-3.0544259548187256,-0.4034750461578369,33.33681869506836,-37.301414489746094,18.38626480102539,53.299096962116764,531821994,1720698680
1.0,0,-2.375084400177002,1.6161108016967773,8.327159881591797,0.3488794267177582,-3.089846611022949,-0.4697887599468231,34.55858612060547,-39.22777557373047,16.19340705871582,54.729705675140785,543821994,1720698680
1.0,0,-1.6568129062652588,5.504354000091553,10.649571418762207,0.3621954321861267,-3.122337818145752,-0.4908280670642853,31.242359161376953,-37.65166091918945,16.02472496032715,51.48324374003861,556821994,1720698680
1.0,0,-10.412542343139648,4.618485450744629,6.457260608673096,0.3158557415008545,-3.044039487838745,-0.5749852657318115,31.067819595336914,-39.92827224731445,17.542858123779297,53.546505116721775,568821994,1720698680
1.0,0,-8.98078727722168,3.40700101852417,7.153984069824219,0.2681844234466553,-3.0597524642944336,-0.585371732711792,27.926130294799805,-38.177032470703125,14.843955993652344,49.57517111470966,581821994,1720698680
1.0,0,8.166746139526367,0.014365429058670998,10.819561958312988,0.2282363772392273,-3.249638557434082,-0.5962908864021301,27.926130294799805,-39.92827224731445,15.518681526184082,51.136729991356745,593821994,1720698680
1.0,0,-0.44532832503318787,1.225849986076355,9.426115989685059,0.22530686855316162,-3.126598834991455,-0.7012210488319397,26.8789005279541,-39.578025817871094,14.843955993652344,50.09229931609458,606821994,1720698680
1.0,0,-5.832364082336426,3.562626600265503,7.558609962463379,0.22024677693843842,-3.016608715057373,-0.7209286689758301,23.9117488861084,-38.35215759277344,16.362089157104492,48.06638834360526,618821994,1720698680
1.0,0,0.3495587706565857,5.5091423988342285,9.198662757873535,0.19734324514865875,-3.0613503456115723,-0.7398374676704407,23.9117488861084,-38.35215759277344,16.362089157104492,48.06638834360526,631821994,1720698680
1.0,0,0.42856863141059875,1.8411691188812256,9.758914947509766,0.14594346284866333,-3.132990598678589,-0.7720621824264526,23.9117488861084,-38.35215759277344,16.362089157104492,48.06638834360526,643821994,1720698680
1.0,0,-7.388619422912598,6.411769866943359,10.062982559204102,0.13236112892627716,-3.088515043258667,-0.8093469738960266,23.9117488861084,-38.35215759277344,16.362089157104492,48.06638834360526,656821994,1720698680
1.0,0,-2.2841031551361084,6.0717878341674805,8.540247917175293,0.12916527688503265,-3.0666768550872803,-0.8604804873466492,20.77005958557129,-39.05265426635742,15.350000381469727,46.82016330756384,668821994,1720698680
1.0,0,3.8020501136779785,4.134849548339844,9.323163032531738,0.023169854655861855,-3.190249443054199,-0.9033580422401428,19.024675369262695,-39.75314712524414,16.362089157104492,47.01030675130905,681821994,1720698680
1.0,0,-3.220250368118286,3.2417984008789062,8.597709655761719,0.006924324203282595,-3.151366710662842,-0.9126791954040527,17.45383071899414,-41.32926559448242,16.19340705871582,47.69665432203646,693821994,1720698680
1.0,0,1.5155527591705322,0.5434920787811279,9.986367225646973,0.001065280637703836,-3.136718988418579,-0.9238646626472473,17.802907943725586,-38.87752914428711,17.880220413208008,46.34768695029517,706821994,1720698680
1.0,0,6.447683334350586,4.106118679046631,11.114053726196289,-0.0537966750562191,-3.168144941329956,-0.9803245663642883,15.010294914245605,-40.9790153503418,16.19340705871582,46.549061050309525,718821994,1720698680
1.0,0,-0.12450038641691208,4.23540735244751,8.111679077148438,-0.06578107923269272,-3.0877161026000977,-1.0266642570495605,14.137603759765625,-40.80389404296875,16.02472496032715,46.06106185480412,731821994,1720698680
1.0,0,-7.201868534088135,4.740592002868652,7.493966102600098,-0.08149396628141403,-3.0227339267730713,-1.0255990028381348,11.868605613708496,-38.87752914428711,17.205495834350586,44.140176239844145,743821994,1720698680
1.0,0,3.8331754207611084,3.2944717407226562,10.438878059387207,-0.13608960807323456,-3.0999670028686523,-1.0466382503509521,11.51952838897705,-40.27852249145508,16.868131637573242,45.161850862665055,756821994,1720698680
1.0,0,3.3591160774230957,4.110907077789307,9.660751342773438,-0.21838253736495972,-3.162285566329956,-1.0823252201080322,12.56675910949707,-40.27852249145508,16.53076934814453,45.31610247861498,768821994,1720698680
1.0,0,-2.161997079849243,4.611302852630615,7.209051132202148,-0.22024677693843842,-3.0978360176086426,-1.1182783842086792,9.425068855285645,-40.62876892089844,18.55494499206543,45.648820035278156,781821994,1720698680
1.0,0,-0.11492343246936798,5.399007320404053,8.317583084106445,-0.24874304234981537,-3.119940757751465,-1.1236047744750977,8.552377700805664,-40.80389404296875,17.036813735961914,45.037250756245314,793821994,1720698680
1.0,0,7.810005187988281,2.559440851211548,10.968005180358887,-0.33423179388046265,-3.1987714767456055,-1.1342575550079346,8.901453971862793,-39.75314712524414,17.711538314819336,44.42124692815153,806821994,1720698680
1.0,0,4.381455898284912,0.15323124825954437,9.70145320892334,-0.37923991680145264,-3.1534972190856934,-1.1462420225143433,6.283379554748535,-41.67951202392578,17.880220413208008,45.786077176435484,818821994,1720698680
1.0,0,4.616091251373291,1.999189019203186,7.012723922729492,-0.3816367983818054,-3.0751988887786865,-1.1869889497756958,5.759764194488525,-40.103397369384766,19.398351669311523,44.919410187903964,831821994,1720698680
1.0,0,6.141221046447754,5.825181484222412,8.537853240966797,-0.41199731826782227,-3.083188772201538,-1.212023138999939,4.712534427642822,-41.15414047241211,19.398351669311523,45.74021541533258,844821994,1720698680
1.0,0,-0.24660654366016388,2.988009214401245,7.79085111618042,-0.500415563583374,-3.073068380355835,-1.1883206367492676,3.4907662868499756,-41.32926559448242,18.89230728149414,45.576451356671825,856821994,1720698680
1.0,0,1.7334284782409668,2.47324800491333,8.695873260498047,-0.48630064725875854,-3.070138931274414,-1.2152189016342163,3.1416897773742676,-40.62876892089844,20.579120635986328,45.651585786645995,869821994,1720698680
1.0,0,6.921742916107178,2.652815818786621,7.352705478668213,-0.568859875202179,-3.1191418170928955,-1.2256053686141968,3.4907662868499756,-42.029762268066406,20.241758346557617,46.78049963970054,881821994,1720698680
1.0,0,4.185128211975098,7.604100227355957,8.04703426361084,-0.5784474611282349,-3.1066248416900635,-1.2596943378448486,1.7453831434249878,-41.67951202392578,21.928571701049805,47.12844514428635,894821994,1720698680
1.0,0,4.522716045379639,6.275298595428467,9.052614212036133,-0.6245207786560059,-3.130859851837158,-1.2471773624420166,1.2217681407928467,-40.80389404296875,21.759891510009766,46.259521884549045,906821994,1720698680
1.0,0,6.4357123374938965,2.1739683151245117,7.508331298828125,-0.7278530597686768,-3.143110513687134,-1.2256053686141968,0.6981532573699951,-41.67951202392578,22.265933990478516,47.25929492694211,919821994,1720698680
1.0,0,11.736556053161621,2.8730859756469727,8.50193977355957,-0.7313151955604553,-3.1500349044799805,-1.2780704498291016,0.6981532573699951,-41.67951202392578,22.265933990478516,47.25929492694211,931821994,1720698680
1.0,0,7.795639991760254,2.296074390411377,5.832364082336426,-0.7635399103164673,-3.084254026412964,-1.2817989587783813,0.6981532573699951,-41.67951202392578,22.265933990478516,47.25929492694211,944821994,1720698680
1.0,0,3.167577028274536,6.416558742523193,6.392616271972656,-0.7907045483589172,-3.009417772293091,-1.2647545337677002,-1.7453831434249878,-42.73025894165039,23.615385055541992,48.85292010575582,956821994,1720698680
1.0,0,3.9840123653411865,2.195516347885132,5.612093925476074,-0.8559530377388,-3.0514965057373047,-1.2471773624420166,-0.34907662868499756,-42.380008697509766,23.615385055541992,48.51673322695185,969821994,1720698680
1.0,0,6.368673324584961,3.3615105152130127,6.44289493560791,-0.8804544806480408,-3.0895802974700928,-1.2716788053512573,-3.4907662868499756,-41.67951202392578,24.290111541748047,48.367103392001304,981821994,1720698680
1.0,0,10.517888069152832,3.1627886295318604,6.4093756675720215,-0.9361154437065125,-3.1180765628814697,-1.2746083736419678,-2.268998146057129,-41.504390716552734,23.446704864501953,47.723272837706126,994821994,1720698680
1.0,0,6.955262184143066,3.2106735706329346,4.534687519073486,-1.0074892044067383,-3.093308687210083,-1.2610260248184204,-3.4907662868499756,-43.08050537109375,25.9769229888916,50.42733306718739,6821994,1720698681
1.0,0,5.82757568359375,6.943290710449219,6.406981468200684,-1.0242674350738525,-3.1297945976257324,-1.249840497970581,-4.014381408691406,-42.20488357543945,25.63956069946289,49.545479395927615,19821994,1720698681
1.0,0,7.187503337860107,3.2178561687469482,6.201076984405518,-1.0698081254959106,-3.1263325214385986,-1.2413182258605957,-5.4106879234313965,-42.20488357543945,27.49505615234375,50.66069338492813,31821994,1720698681
1.0,0,7.187503337860107,3.2178561687469482,6.201076984405518,-1.1201425790786743,-3.0794599056243896,-1.2487752437591553,-5.934302806854248,-40.9790153503418,27.326374053955078,49.61074851101983,44821994,1720698681
1.0,0,10.173118591308594,2.243401288986206,4.2138590812683105,-1.1419808864593506,-3.061882972717285,-1.247976303100586,-4.014381408691406,-41.504390716552734,27.83241844177246,50.13355386529696,56821994,1720698681
1.0,0,0.6081365346908569,4.929736614227295,4.005560398101807,-1.137187123298645,-2.9891774654388428,-1.2184147834777832,-6.283379554748535,-42.029762268066406,29.013187408447266,51.45626121801791,69821994,1720698681
1.0,0,4.06541633605957,5.652796745300293,5.334362506866455,-1.2080281972885132,-3.0163424015045166,-1.1694118976593018,-6.283379554748535,-43.781002044677734,27.66373634338379,52.168374587879974,81821994,1720698681
1.0,0,8.817978858947754,6.655982494354248,3.8834545612335205,-1.2706135511398315,-3.0815908908843994,-1.1923154592514038,-5.759764194488525,-44.306373596191406,29.51923179626465,53.55011363818942,94821994,1720698681
1.0,0,7.213839530944824,2.4660654067993164,2.604931116104126,-1.304702639579773,-3.070138931274414,-1.1907174587249756,-7.330609321594238,-44.131248474121094,31.71208953857422,54.83576887226993,106821994,1720698681
1.0,0,7.235387802124023,4.977621555328369,3.2346158027648926,-1.3390578031539917,-3.0762641429901123,-1.1411819458007812,-7.679685592651367,-41.67951202392578,30.700000762939453,52.33210620832143,119821994,1720698681
1.0,0,9.56258773803711,5.856306552886963,4.359908103942871,-1.3672877550125122,-3.0994343757629395,-1.1273332834243774,-5.934302806854248,-42.73025894165039,31.374725341796875,53.34289427184395,131821994,1720698681
1.0,0,39.22600173950195,-1.4868218898773193,-1.9321502447128296,-1.080727219581604,-2.54069447517395,-1.0900484323501587,-7.330609321594238,-41.32926559448242,31.374725341796875,52.40438357502456,144821994,1720698681
1.0,0,-15.083701133728027,1.02952241897583,-27.289527893066406,-0.9174729585647583,-1.4000450372695923,-0.35234156250953674,-7.156070709228516,-41.15414047241211,30.19395637512207,51.541707651195274,156821994,1720698681
1.0,0,39.22600173950195,1.0917726755142212,7.68311071395874,-0.31319254636764526,-0.9592852592468262,-0.4836374521255493,-6.632455825805664,-43.43075180053711,31.71208953857422,54.18372721716059,169821994,1720698681
1.0,0,-14.32951545715332,-0.007182714529335499,-13.082118034362793,-0.31132829189300537,-0.6783174276351929,-0.06365051865577698,-7.505147457122803,-42.55513381958008,31.880769729614258,53.6996287818474,181821994,1720698681
1.0,0,-3.074201822280884,2.171574115753174,-6.979204177856445,-0.05965571850538254,0.43623244762420654,0.3052029311656952,-9.425068855285645,-43.781002044677734,32.38681411743164,55.26765592677168,194821994,1720698681
1.0,0,39.22600173950195,-2.3271994590759277,4.675947189331055,0.21918150782585144,0.07776549458503723,-0.06737900525331497,-6.806994438171387,-45.00687026977539,33.56758499145508,56.557371817652985,206821994,1720698681
1.0,0,-22.477109909057617,5.825181484222412,-11.609662055969238,0.33369916677474976,1.1222732067108154,0.5635334849357605,-6.806994438171387,-45.00687026977539,33.56758499145508,56.557371817652985,219821994,1720698681
1.0,0,10.6328125,7.082156658172607,12.500317573547363,0.43063971400260925,0.7363752722740173,0.15686258673667908,-6.806994438171387,-45.00687026977539,33.56758499145508,56.557371817652985,231821994,1720698681
1.0,0,2.5187387466430664,3.744588851928711,15.22974967956543,0.2388891875743866,0.4476841986179352,0.15153618156909943,-6.806994438171387,-45.00687026977539,33.56758499145508,56.557371817652985,244821994,1720698681
1.0,0,-4.927342414855957,3.7781078815460205,8.485180854797363,-0.029295219108462334,0.2532704770565033,0.08149396628141403,-8.203300476074219,-40.80389404296875,31.543407440185547,52.2229687083005,256821994,1720698681
1.0,0,10.984764099121094,3.897819995880127,7.661562442779541,-0.03275737911462784,0.09267941862344742,-0.007723285350948572,-6.806994438171387,-40.80389404296875,30.19395637512207,51.21491915383535,269821994,1720698681
1.0,0,10.218607902526855,1.6807552576065063,-0.6392616629600525,-0.0876193419098854,0.016778171062469482,-0.031425777822732925,-8.377839088439941,-39.578025817871094,31.037363052368164,50.98947166500523,282821994,1720698681
1.0,0,15.61282730102539,1.5849857330322266,0.7039060592651367,-0.07563493400812149,-0.01757713221013546,-0.042877547442913055,-7.85422420501709,-40.453643798828125,30.868682861328125,51.48846197021614,294821994,1720698681
1.0,0,8.039852142333984,2.4876136779785156,3.6727614402770996,0.03195841982960701,0.06018836051225662,0.000532640318851918,-8.028762817382812,-39.578025817871094,30.362638473510742,50.52495398405598,307821994,1720698681
1.0,0,7.510725498199463,4.053445339202881,8.41814136505127,0.013316008262336254,0.05033451318740845,0.002929521957412362,-7.679685592651367,-40.9790153503418,31.037363052368164,51.976679146806156,319821994,1720698681
1.0,0,8.020697593688965,3.071807622909546,6.404587268829346,-0.043676506727933884,0.012783369049429893,0.00825592502951622,-6.981532573699951,-40.27852249145508,31.037363052368164,51.32659229304819,332821994,1720698681
1.0,0,39.22600173950195,3.9911949634552,27.282344818115234,-0.08042868971824646,0.5233191251754761,0.6319777965545654,-7.330609321594238,-40.62876892089844,30.700000762939453,51.44827250645147,344821994,1720698681
1.0,0,-39.22719955444336,11.643180847167969,-9.598501205444336,-0.5544785857200623,1.5371999740600586,2.2080605030059814,-7.156070709228516,-41.504390716552734,32.55549621582031,53.23235980685092,357821994,1720698681
1.0,0,39.22600173950195,17.31273651123047,39.22600173950195,-0.6399673819541931,1.7286841869354248,2.5787782669067383,-7.85422420501709,-41.854637145996094,31.543407440185547,52.995151112372774,369821994,1720698681
1.0,0,39.22600173950195,17.31273651123047,39.22600173950195,-0.6399673819541931,1.7286841869354248,2.5787782669067383,-8.901453971862793,-41.15414047241211,29.85659408569336,51.617006608617665,382821994,1720698681
1.0,0,-4.17076301574707,3.3686931133270264,-1.8268038034439087,-0.9880477786064148,2.3228445053100586,3.489593267440796,-8.203300476074219,-38.35215759277344,30.53131866455078,49.702550740560945,394821994,1720698681
1.0,0,26.99264144897461,-4.096541881561279,4.678341388702393,-0.6080089211463928,1.5925945043563843,2.539362668991089,-8.901453971862793,-36.95116424560547,29.181869506835938,47.918742990951934,407821994,1720698681
1.0,0,-24.26560401916504,-0.2920970618724823,-10.094108581542969,-0.7113412022590637,2.3127245903015137,3.073601007461548,-11.344990730285645,-37.301414489746094,29.181869506835938,48.699957346183666,419821994,1720698681
1.0,0,17.140352249145508,10.850687980651855,16.20659828186035,-0.402942419052124,1.9396097660064697,2.5135297775268555,-11.694067001342773,-34.84967803955078,26.145605087280273,45.10924437265889,432821994,1720698681
1.0,0,1.6472358703613281,4.355119228363037,6.112490653991699,-0.6205259561538696,2.028294324874878,2.632575035095215,-11.694067001342773,-32.74818801879883,26.820329666137695,43.91497586184921,444821994,1720698681
1.0,0,11.777257919311523,5.27450704574585,10.046223640441895,-0.6836438775062561,2.0525295734405518,2.6152641773223877,-13.090373992919922,-31.697444915771484,24.796154022216797,42.3194418648968,457821994,1720698681
1.0,0,8.652776718139648,0.6225019693374634,3.6512134075164795,-0.6194607019424438,2.0756993293762207,2.538297414779663,-10.123222351074219,-31.172073364257812,24.290111541748047,40.79445191820233,469821994,1720698681
1.0,0,10.539437294006348,-2.659998655319214,3.2920775413513184,-0.5598049759864807,2.1433448791503906,2.5271122455596924,-11.51952838897705,-28.370088577270508,21.928571701049805,37.661966452041575,482821994,1720698681
1.0,0,8.995153427124023,0.4908188283443451,5.650402545928955,-0.44315674901008606,2.0756993293762207,2.3912887573242188,-11.51952838897705,-28.370088577270508,21.928571701049805,37.661966452041575,494821994,1720698681
1.0,0,3.658396005630493,2.0542564392089844,7.1324357986450195,-0.550483763217926,2.1968750953674316,2.4682552814483643,-11.51952838897705,-28.370088577270508,21.928571701049805,37.661966452041575,507821994,1720698681
1.0,0,11.135601997375488,1.0343109369277954,8.272092819213867,-0.4253133237361908,2.134023666381836,2.3055336475372314,-11.51952838897705,-28.370088577270508,21.928571701049805,37.661966452041575,519821994,1720698681
1.0,0,2.8706917762756348,-0.40941473841667175,4.769322395324707,-0.480175256729126,2.2615909576416016,2.358797788619995,-9.250530242919922,-23.291492462158203,20.073078155517578,32.10910147493177,532821994,1720698681
1.0,0,5.786873817443848,-3.229827404022217,3.169971466064453,-0.4194542467594147,2.1896843910217285,2.2847607135772705,-10.472298622131348,-23.116369247436523,18.89230728149414,31.637870346047624,544821994,1720698681
1.0,0,6.529087543487549,-0.7637620568275452,6.105307102203369,-0.3691197633743286,2.3609282970428467,2.340421676635742,-9.774145126342773,-21.715375900268555,19.567033767700195,30.821425565782874,557821994,1720698681
1.0,0,-0.17238515615463257,-1.2210614681243896,5.865883827209473,-0.34248775243759155,2.2799670696258545,2.243481159210205,-9.774145126342773,-20.66463279724121,18.21758270263672,29.23082758190462,569821994,1720698681
1.0,0,12.782837867736816,2.015948534011841,11.688671112060547,-0.2740434408187866,2.2426819801330566,2.1449427604675293,-7.505147457122803,-20.83975601196289,17.036813735961914,27.944153078330373,582821994,1720698681
1.0,0,1.0462820529937744,-2.731825828552246,6.184317111968994,-0.2902889847755432,2.4064691066741943,2.1867549419403076,-8.203300476074219,-18.388019561767578,16.699451446533203,26.15884326035512,594821994,1720698681
1.0,0,15.622404098510742,-5.343940258026123,9.440481185913086,-0.24927568435668945,2.2408177852630615,2.066378116607666,-7.156070709228516,-18.388019561767578,14.675274848937988,24.590492131945982,607821994,1720698681
1.0,0,7.735783576965332,-4.156397342681885,7.841130256652832,-0.23303015530109406,2.3888919353485107,2.115114688873291,-5.934302806854248,-18.2128963470459,16.53076934814453,25.302013326872444,619821994,1720698681
1.0,0,2.937730312347412,-3.914579391479492,5.549844264984131,-0.14461186528205872,2.329768657684326,2.00805401802063,-5.4106879234313965,-16.63677978515625,14.337912559509277,22.61932187287417,632821994,1720698681
1.0,0,10.134810447692871,-4.108512878417969,9.131624221801758,-0.16724906861782074,2.389158248901367,2.0048582553863525,-2.967151403427124,-15.586036682128906,13.325824737548828,20.71970395163492,644821994,1720698681
1.0,0,0.8044640421867371,-3.023922920227051,6.189105987548828,-0.07936341315507889,2.426443099975586,1.9601165056228638,-2.4435362815856934,-15.41091251373291,13.494505882263184,20.62931853144429,657821994,1720698681
1.0,0,7.79085111618042,1.290494441986084,9.725396156311035,0.00825592502951622,2.389158248901367,1.8762255907058716,-1.3963065147399902,-14.710416793823242,13.831868171691895,20.24022260871074,669821994,1720698681
1.0,0,0.009576953016221523,-5.4301323890686035,5.140429496765137,0.015446570701897144,2.5348353385925293,1.930821180343628,0.17453831434249878,-14.185044288635254,12.65109920501709,19.00779461665401,682821994,1720698681
1.0,0,6.069393634796143,-1.4868218898773193,9.828347206115723,0.08122765272855759,2.409931182861328,1.83095121383667,0.5236149430274963,-13.834795951843262,12.65109920501709,18.754361165683154,694821994,1720698681
1.0,0,3.2130677700042725,-3.5410783290863037,7.93929386138916,0.07270540297031403,2.505007743835449,1.845332384109497,0.5236149430274963,-12.083556175231934,11.63901138305664,16.785502328600998,707821994,1720698681
1.0,0,-0.9098105430603027,-5.303237438201904,6.390222072601318,0.22610582411289215,2.4874305725097656,1.7680996656417847,2.268998146057129,-12.784051895141602,11.30164909362793,17.213587879346516,719821994,1720698681
1.0,0,3.663184404373169,-1.067830204963684,10.074954986572266,0.193881094455719,2.5217854976654053,1.7683659791946411,3.8398427963256836,-11.558184623718262,11.132966995239258,16.500878116437868,732821994,1720698681
1.0,0,-1.6903321743011475,-4.2665324211120605,6.605702877044678,0.2500746250152588,2.51619291305542,1.7481255531311035,5.061611175537109,-11.733307838439941,9.614835739135742,15.991731826618413,745821994,1720698681
1.0,0,6.153192520141602,2.3343822956085205,11.86345100402832,0.3896264135837555,2.470386028289795,1.6445269584655762,6.632455825805664,-11.558184623718262,11.132966995239258,17.36444805325834,757821994,1720698681
1.0,0,-0.6464443206787109,-5.240987777709961,7.709446907043457,0.32118213176727295,2.5106003284454346,1.6780833005905151,7.85422420501709,-9.982068061828613,10.289560317993164,16.34642383493328,770821994,1720698681
1.0,0,3.8044445514678955,-7.168349266052246,9.770886421203613,0.41386154294013977,2.475712299346924,1.5875345468521118,8.377839088439941,-11.908432006835938,11.132966995239258,18.32871776121596,782821994,1720698681
1.0,0,2.135660409927368,0.1412600576877594,10.537042617797852,0.49562183022499084,2.5414934158325195,1.5843387842178345,8.377839088439941,-11.908432006835938,11.132966995239258,18.32871776121596,795821994,1720698681
1.0,0,2.118900775909424,-10.022281646728516,7.029483795166016,0.5257160067558289,2.437095880508423,1.5150954723358154,8.377839088439941,-11.908432006835938,11.132966995239258,18.32871776121596,807821994,1720698681
1.0,0,2.243401288986206,-3.2346158027648926,10.070165634155273,0.5925623774528503,2.4807722568511963,1.4850012063980103,8.377839088439941,-11.908432006835938,11.132966995239258,18.32871776121596,820821994,1720698681
1.0,0,-0.6727809309959412,-3.972041130065918,9.399779319763184,0.6221239566802979,2.4863650798797607,1.466092586517334,14.312141418457031,-14.36016845703125,8.771429061889648,22.090491119121612,832821994,1720698681
1.0,0,4.9656500816345215,-3.967252731323242,10.007916450500488,0.717732846736908,2.4482812881469727,1.402175784111023,16.755678176879883,-11.558184623718262,7.759340763092041,21.784208777022585,845821994,1720698681
1.0,0,-5.054236888885498,-2.221853017807007,6.349519729614258,0.7707306146621704,2.476511240005493,1.386729121208191,17.62837028503418,-12.784051895141602,9.952198028564453,23.942382240781967,857821994,1720698681
1.0,0,0.3471645414829254,-4.429340839385986,9.16993236541748,0.7747253775596619,2.4296388626098633,1.360896110534668,17.45383071899414,-12.608928680419922,8.09670352935791,23.003867007038977,870821994,1720698681
1.0,0,-1.6089280843734741,-3.1795482635498047,7.38622522354126,0.9017601013183594,2.494354724884033,1.3265408277511597,19.548290252685547,-14.36016845703125,9.783516883850098,26.154680126779144,882821994,1720698681
1.0,0,-4.328782558441162,0.02633661963045597,9.634414672851562,0.9531598687171936,2.393152952194214,1.2895222902297974,20.595521926879883,-12.959176063537598,9.783516883850098,26.22656993018599,895821994,1720698681
1.0,0,-2.760556697845459,-3.634453773498535,8.92811393737793,0.9640790224075317,2.418720006942749,1.2362582683563232,20.595521926879883,-14.710416793823242,8.434065818786621,26.677806355174926,907821994,1720698681
1.0,0,-3.7230403423309326,-2.0207371711730957,8.62883472442627,1.0801945924758911,2.4315030574798584,1.2317308187484741,21.119136810302734,-14.885540008544922,8.602747917175293,27.23241657812871,920821994,1720698681
1.0,0,0.2154814451932907,-2.396632432937622,11.372631072998047,1.0636827945709229,2.3215129375457764,1.2224096059799194,24.784440994262695,-15.761160850524902,10.458242416381836,31.177837339912085,932821994,1720698681
1.0,0,-5.432526588439941,-4.915370941162109,6.6942901611328125,1.1550304889678955,2.3204476833343506,1.1664824485778809,24.43536376953125,-16.46165657043457,9.783516883850098,31.044972897537406,945821994,1720698681
1.0,0,-3.4644627571105957,0.47405916452407837,9.919328689575195,1.2218769788742065,2.317784547805786,1.1510357856750488,24.43536376953125,-17.512399673461914,11.132966995239258,32.05798026996517,957821994,1720698681
1.0,0,-2.2888917922973633,-3.304048538208008,8.463632583618164,1.230132818222046,2.269580602645874,1.0932443141937256,27.926130294799805,-17.162153244018555,11.132966995239258,34.61720975657048,970821994,1720698681
1.0,0,-2.169179677963257,-3.713463544845581,8.98078727722168,1.3198827505111694,2.213120698928833,1.0511656999588013,28.449745178222656,-18.03777313232422,11.63901138305664,35.64008762971723,982821994,1720698681
1.0,0,-6.047845840454102,1.0893784761428833,8.913748741149902,1.3590319156646729,2.22377347946167,1.042110800743103,29.49697494506836,-19.789012908935547,12.65109920501709,37.70579363858016,995821994,1720698681
1.0,0,-3.3327796459198,-9.129230499267578,6.809213638305664,1.3782068490982056,2.18808650970459,0.9963037371635437,31.242359161376953,-19.438764572143555,12.65109920501709,38.910164291029176,7821994,1720698682
1.0,0,-3.8738772869110107,2.195516347885132,8.8945951461792,1.4732831716537476,2.154263973236084,0.9824550747871399,30.195127487182617,-20.13926124572754,12.313736915588379,38.327062036075745,20821994,1720698682
1.0,0,-6.02869176864624,-2.755768299102783,7.654379844665527,1.5063068866729736,2.069840431213379,0.9323869347572327,32.813201904296875,-23.116369247436523,13.494505882263184,42.34589041928882,32821994,1720698682
1.0,0,-3.7589540481567383,-2.109323740005493,7.968024730682373,1.586469292640686,2.103929281234741,0.9038906693458557,34.209510803222656,-24.51736068725586,13.831868171691895,44.30250762184766,45821994,1720698682
1.0,0,-6.423741340637207,1.467668056488037,7.7788801193237305,1.646125078201294,2.061051845550537,0.8913735747337341,33.68589401245117,-24.34223747253418,15.012638092041016,44.18894978464573,57821994,1720698682
1.0,0,-2.291285991668701,-1.276128888130188,8.276881217956543,1.645326018333435,1.9515942335128784,0.8612794280052185,35.78035354614258,-24.34223747253418,15.350000381469727,45.91732501755003,70821994,1720698682
1.0,0,-7.989573001861572,-0.4142032265663147,6.6942901611328125,1.763838529586792,1.97156822681427,0.8450339436531067,35.08220291137695,-28.545211791992188,16.02472496032715,47.983141700172645,82821994,1720698682
1.0,0,-5.616883277893066,-0.7948870658874512,7.654379844665527,1.740668535232544,1.9015259742736816,0.8042868971824646,35.08220291137695,-28.545211791992188,16.02472496032715,47.983141700172645,95821994,1720698682
1.0,0,-3.8762714862823486,0.49321308732032776,8.439689636230469,1.7832797765731812,1.8554526567459106,0.8016237616539001,35.08220291137695,-28.545211791992188,16.02472496032715,47.983141700172645,107821994,1720698682
1.0,0,-7.845918655395508,1.2689461708068848,6.758934497833252,1.9068524837493896,1.7957969903945923,0.7600777745246887,35.08220291137695,-28.545211791992188,16.02472496032715,47.983141700172645,120821994,1720698682
1.0,0,-5.059025287628174,0.6871464252471924,7.139618396759033,1.8485283851623535,1.7593110799789429,0.7235919237136841,37.70027542114258,-28.370088577270508,17.205495834350586,50.22152705382461,132821994,1720698682
1.0,0,-39.22719955444336,7.2856669425964355,-8.272092819213867,0.992042601108551,1.396849274635315,0.31985053420066833,38.04935073852539,-31.172073364257812,20.579120635986328,53.3193347257866,145821994,1720698682
1.0,0,-0.7182714939117432,-39.22719955444336,-4.388638496398926,0.6974925398826599,0.5619356036186218,0.32064947485923767,37.351200103759766,-30.471576690673828,21.253847122192383,52.68163961666574,157821994,1720698682
1.0,0,-5.286478042602539,-33.50497055053711,-1.3192253112792969,-0.38483262062072754,-0.1057291105389595,-0.01757713221013546,38.22389221191406,-31.697444915771484,20.41044044494629,53.68780149319854,170821994,1720698682
1.0,0,-10.970398902893066,34.31422424316406,16.067733764648438,0.40693724155426025,-0.003994802478700876,0.24847672879695892,38.92204284667969,-31.347196578979492,19.735713958740234,53.73146711361199,182821994,1720698682
1.0,0,-4.254561424255371,-15.689443588256836,6.327971458435059,-0.17683659493923187,-0.050068192183971405,-0.03648586571216583,37.70027542114258,-31.172073364257812,20.579120635986328,53.070793576195534,195821994,1720698682
1.0,0,-9.57455825805664,4.256955623626709,9.620049476623535,-0.2282363772392273,-0.053264033049345016,-0.09534262120723724,38.04935073852539,-32.57306671142578,19.567033767700195,53.773846589923586,207821994,1720698682
1.0,0,-9.450058937072754,3.711069345474243,6.507539749145508,-0.0788307711482048,-0.012250727973878384,-0.05859043821692467,39.096580505371094,-32.222816467285156,19.229671478271484,54.19070744564564,220821994,1720698682
1.0,0,-5.609699726104736,-3.3160200119018555,6.550635814666748,-0.136355921626091,-0.049002911895513535,-0.02077297307550907,39.44565963745117,-30.471576690673828,20.241758346557617,53.79782366610843,232821994,1720698682
1.0,0,-6.165163516998291,-0.7470023036003113,6.955262184143066,-0.10972391068935394,-0.04420914873480797,-0.006391684524714947,38.74750518798828,-31.172073364257812,19.904396057128906,53.56540206624887,245821994,1720698682
1.0,0,-7.2569355964660645,4.094147682189941,9.107682228088379,-0.04154594615101814,-0.03302370011806488,-0.021039292216300964,36.82758331298828,-31.347196578979492,21.08516502380371,52.75890266217932,257821994,1720698682
1.0,0,-6.354308128356934,0.09337528795003891,8.961633682250977,-0.036752182990312576,0.01651185005903244,-0.04554075002670288,37.52573776245117,-32.047691345214844,22.097253799438477,54.06962308589926,270821994,1720698682
1.0,0,-6.189105987548828,-0.41899168491363525,8.511516571044922,-0.015446570701897144,0.05672619491815567,-0.017843451350927353,38.22389221191406,-32.047691345214844,20.747802734375,54.02399258376524,283821994,1720698682
1.0,0,-7.165955066680908,0.23942382633686066,6.778088569641113,-0.03302370011806488,0.03515426442027092,0.021305613219738007,38.572967529296875,-32.74818801879883,19.735713958740234,54.31220901410662,295821994,1720698682
1.0,0,-7.259330749511719,2.217064619064331,6.9265313148498535,-0.013582328334450722,0.014114969410002232,0.011185446754097939,38.74750518798828,-32.222816467285156,20.241758346557617,54.30845091086614,308821994,1720698682
1.0,0,-6.682318687438965,2.214670419692993,8.597709655761719,-0.025566738098859787,-0.004261122550815344,-0.006391684524714947,37.874813079833984,-30.646699905395508,20.073078155517578,52.69392894405625,320821994,1720698682
1.0,0,-6.9528679847717285,0.8092525005340576,9.241759300231934,-0.012250727973878384,0.03435530140995979,-0.019175052642822266,38.74750518798828,-31.522321701049805,19.904396057128906,53.76998145914413,333821994,1720698682
1.0,0,-6.402193069458008,0.8212237358093262,8.406169891357422,-0.03009418025612831,0.03648586571216583,0.007989604957401752,37.70027542114258,-32.57306671142578,20.579120635986328,53.90561796294965,345821994,1720698682
1.0,0,-6.902588844299316,1.0103685855865479,7.153984069824219,-0.01864241249859333,0.04101330414414406,0.0034621621016412973,39.096580505371094,-30.82182502746582,20.579120635986328,53.870471609102886,358821994,1720698682
1.0,0,-6.4835968017578125,2.011160135269165,7.402984619140625,-0.0098538463935256,0.0031958422623574734,0.015446570701897144,39.096580505371094,-30.82182502746582,20.579120635986328,53.870471609102886,370821994,1720698682
1.0,0,-6.806819438934326,2.1332662105560303,8.825161933898926,-0.026365695521235466,0.019441373646259308,-0.00825592502951622,39.096580505371094,-30.82182502746582,20.579120635986328,53.870471609102886,383821994,1720698682
1.0,0,-6.430923938751221,-0.5410978198051453,9.069375038146973,-0.04527442902326584,0.04420914873480797,-0.025034096091985703,39.096580505371094,-30.82182502746582,20.579120635986328,53.870471609102886,395821994,1720698682
1.0,0,-4.094147682189941,1.8483519554138184,8.985576629638672,-0.0394153855741024,0.06871060281991959,-0.004527443088591099,38.04935073852539,-31.172073364257812,20.579120635986328,53.3193347257866,408821994,1720698682
1.0,0,-5.935316562652588,3.146028995513916,9.418932914733887,-0.01145176775753498,0.018376091495156288,0.031425777822732925,38.04935073852539,-31.522321701049805,19.567033767700195,53.14394290522785,420821994,1720698682
1.0,0,-5.731806755065918,2.0494680404663086,7.965630531311035,-0.0143812894821167,0.023436175659298897,0.005326403304934502,38.572967529296875,-31.347196578979492,21.08516502380371,53.99170993271476,433821994,1720698682
1.0,0,-6.624857425689697,0.9026277661323547,7.9823899269104,-0.00878856610506773,0.04607338830828667,-0.012250727973878384,38.22389221191406,-30.9969482421875,20.073078155517578,53.14889653411811,445821994,1720698682
1.0,0,-7.999150276184082,-0.04788476601243019,7.115676403045654,-0.017044490203261375,-0.007989604957401752,0.011718087829649448,38.572967529296875,-31.697444915771484,20.41044044494629,53.93688828029717,458821994,1720698682
1.0,0,-6.7469635009765625,1.120503544807434,8.286458015441895,-0.017843451350927353,0.035686902701854706,0.002396881580352783,38.04935073852539,-31.872568130493164,20.916484832763672,53.86198129121769,470821994,1720698682
1.0,0,-7.137224197387695,0.9265702366828918,7.388619422912598,-0.026632016524672508,0.08602141588926315,-0.006125363986939192,37.52573776245117,-33.09843826293945,21.422527313232422,54.42988413131207,483821994,1720698682
1.0,0,-7.505937099456787,0.8571372628211975,7.505937099456787,-0.013582328334450722,-0.024501455947756767,0.009587526321411133,37.00212097167969,-31.522321701049805,19.904396057128906,52.52617161212439,495821994,1720698682
1.0,0,-7.412561893463135,1.2976771593093872,7.953659534454346,-0.012250727973878384,0.02476777695119381,-0.0007989605655893683,38.92204284667969,-30.9969482421875,21.08516502380371,54.03998893198125,508821994,1720698682
1.0,0,-8.473209381103516,0.23702958226203918,6.797242164611816,-0.021039292216300964,0.08389085531234741,-0.006125363986939192,38.04935073852539,-30.471576690673828,20.579120635986328,52.91285556260801,520821994,1720698682
1.0,0,-4.9656500816345215,1.7884960174560547,9.342317581176758,-0.015446570701897144,0.05060083419084549,0.0018642412032932043,38.22389221191406,-32.39794158935547,20.41044044494629,54.1043310115929,533821994,1720698682
1.0,0,-5.913768291473389,1.467668056488037,8.161957740783691,-0.010120166465640068,-0.026365695521235466,0.015180249698460102,39.794734954833984,-31.172073364257812,20.241758346557617,54.45225311144243,545821994,1720698682
1.0,0,-8.477997779846191,0.6272904276847839,7.041454792022705,-0.011185446754097939,0.016245530918240547,-0.0007989605655893683,37.52573776245117,-32.047691345214844,21.08516502380371,53.66395158069752,558821994,1720698682
1.0,0,-8.585738182067871,0.24900077283382416,6.981598377227783,-0.013582328334450722,0.06977588683366776,-0.010386486537754536,38.04935073852539,-32.92331314086914,20.241758346557617,54.23491883238588,570821994,1720698682
1.0,0,-7.051031589508057,0.5889825820922852,7.539456367492676,-0.019974011927843094,0.08016236871480942,-0.005060083232820034,38.39842987060547,-32.222816467285156,19.904396057128906,53.93453717249457,583821994,1720698682
1.0,0,-3.950493097305298,2.3655073642730713,9.813982009887695,-0.00825592502951622,-0.009321206249296665,0.010386486537754536,37.17666244506836,-32.39794158935547,20.41044044494629,53.36962552743409,595821994,1720698682
1.0,0,-8.035063743591309,0.7470023036003113,6.986386775970459,-0.0098538463935256,-0.007456964813172817,0.006125363986939192,37.351200103759766,-30.471576690673828,19.904396057128906,52.15183714506871,608821994,1720698682
1.0,0,-7.474811553955078,0.5722229480743408,7.752542972564697,-0.017310811206698418,0.040746983140707016,-0.00719064474105835,38.572967529296875,-32.39794158935547,21.08516502380371,54.60846662674676,620821994,1720698682
1.0,0,-8.252939224243164,0.42856863141059875,6.873857498168945,-0.02157193422317505,0.08335821330547333,-0.00719064474105835,38.74750518798828,-30.82182502746582,20.916484832763672,53.748054793416756,633821994,1720698682
1.0,0,-3.768531084060669,2.0805928707122803,9.871444702148438,-0.006125363986939192,-0.018376091495156288,0.011718087829649448,37.00212097167969,-30.82182502746582,20.241758346557617,52.23859335191723,646542589,1720698682
1.0,0,-8.7677001953125,0.6632039546966553,6.672741889953613,-0.02077297307550907,0.007456964813172817,0.007723285350948572,37.00212097167969,-30.82182502746582,20.241758346557617,52.23859335191723,659542589,1720698682
1.0,0,-8.293641090393066,0.5027900338172913,7.144406795501709,-0.014647609554231167,0.049002911895513535,-0.010120166465640068,37.00212097167969,-30.82182502746582,20.241758346557617,52.23859335191723,671542589,1720698682
1.0,0,-7.108493804931641,0.6201077103614807,7.7477545738220215,-0.019441373646259308,0.07829813659191132,-0.005326403304934502,37.00212097167969,-30.82182502746582,20.241758346557617,52.23859335191723,684542589,1720698682
1.0,0,-4.618485450744629,1.6975148916244507,9.241759300231934,-0.007723285350948572,-0.018908733502030373,0.016778171062469482,38.74750518798828,-31.522321701049805,20.579120635986328,54.02338502785745,696542589,1720698682
1.0,0,-8.425324440002441,0.7757331728935242,6.873857498168945,-0.015712888911366463,0.02263721451163292,0.005060083232820034,39.794734954833984,-31.522321701049805,19.904396057128906,54.5294661439942,709542589,1720698682
1.0,0,-8.324766159057617,0.6584155559539795,7.161166667938232,-0.011984407901763916,0.05273139104247093,-0.00878856610506773,38.04935073852539,-31.522321701049805,21.253847122192383,53.78787850939395,721542589,1720698682
1.0,0,-5.616883277893066,1.3527445793151855,8.844316482543945,-0.014114969410002232,0.05992203950881958,-0.002929521957412362,38.04935073852539,-31.872568130493164,20.579120635986328,53.73187040301807,734542589,1720698682
1.0,0,-7.2186279296875,0.6991175413131714,7.48438835144043,-0.0098538463935256,-0.01384864840656519,0.016245530918240547,36.653045654296875,-31.522321701049805,19.904396057128906,52.28085216940802,746542589,1720698682
1.0,0,-7.68311071395874,1.264157772064209,7.477205753326416,-0.011185446754097939,0.02077297307550907,0.005326403304934502,39.62019729614258,-32.39794158935547,19.398351669311523,54.73283018900844,759542589,1720698682
1.0,0,-8.592921257019043,0.4908188283443451,6.885829448699951,-0.018376091495156288,0.06178628280758858,-0.009321206249296665,39.794734954833984,-30.82182502746582,20.579120635986328,54.37927945734186,772542589,1720698682
1.0,0,-3.8499350547790527,2.2386128902435303,10.077349662780762,-0.011718087829649448,0.023169854655861855,0.0031958422623574734,37.70027542114258,-31.522321701049805,21.253847122192383,53.54151239690571,784542589,1720698682
1.0,0,-8.430112838745117,0.4333571195602417,6.7733001708984375,-0.016245530918240547,0.013316008262336254,0.014913929626345634,39.62019729614258,-30.9969482421875,20.41044044494629,54.28772341211974,797542589,1720698682
1.0,0,-6.881041049957275,1.2066960334777832,8.015909194946289,-0.0098538463935256,0.03222474083304405,0.0007989605655893683,38.74750518798828,-33.974056243896484,21.253847122192383,55.74344511644527,809542589,1720698682
1.0,0,-6.275298595428467,1.5107643604278564,8.489969253540039,-0.01651185005903244,0.06498212367296219,-0.000532640318851918,38.22389221191406,-31.697444915771484,20.41044044494629,53.68780149319854,822542589,1720698682
1.0,0,-5.9712300300598145,1.0127627849578857,8.446871757507324,-0.007989604957401752,-0.014647609554231167,0.011185446754097939,38.92204284667969,-31.697444915771484,20.41044044494629,54.18707883530756,834542589,1720698682
1.0,0,-6.883435249328613,1.4006292819976807,8.296035766601562,-0.0098538463935256,0.035420581698417664,0.0018642412032932043,38.572967529296875,-32.047691345214844,20.073078155517578,54.01718996034379,847542589,1720698682
1.0,0,-8.451661109924316,0.4261744022369385,6.624857425689697,-0.01757713221013546,0.0644494816660881,-0.0037284824065864086,38.74750518798828,-32.222816467285156,20.579120635986328,54.43509222485069,859542589,1720698682
1.0,0,-3.9840123653411865,2.018342971801758,9.881021499633789,-0.009054886177182198,-0.012250727973878384,0.007456964813172817,38.04935073852539,-32.92331314086914,20.579120635986328,54.3617314472739,872542589,1720698682
1.0,0,-8.612074851989746,0.3854723572731018,6.734992027282715,-0.019974011927843094,0.024501455947756767,0.003994802478700876,39.096580505371094,-32.222816467285156,20.916484832763672,54.81196809143546,884542589,1720698682
1.0,0,-8.116467475891113,0.6464443206787109,7.230599403381348,-0.013049688190221786,0.047138672322034836,-0.0034621621016412973,37.52573776245117,-31.697444915771484,20.41044044494629,53.192998486279386,897542589,1720698682
1.0,0,-5.135641098022461,1.8962366580963135,9.167537689208984,-0.015180249698460102,0.0394153855741024,0.002929521957412362,37.52573776245117,-31.347196578979492,20.41044044494629,52.985033803274455,909542589,1720698682
1.0,0,-5.135641098022461,1.8962366580963135,9.167537689208984,-0.014913929626345634,0.0034621621016412973,0.008522245101630688,38.74750518798828,-32.222816467285156,20.916484832763672,54.56352625277031,922542589,1720698682
1.0,0,-6.897800445556641,0.9912146329879761,8.008727073669434,-0.017310811206698418,0.025566738098859787,0.000266320159425959,38.92204284667969,-31.697444915771484,20.41044044494629,54.18707883530756,934542589,1720698682
1.0,0,-5.15718936920166,1.663995623588562,9.078951835632324,-0.018109772354364395,0.061519961804151535,-0.0037284824065864086,38.92204284667969,-31.697444915771484,20.41044044494629,54.18707883530756,947542589,1720698682
1.0,0,-8.185900688171387,0.5889825820922852,7.003147125244141,-0.014114969410002232,0.007456964813172817,0.011718087829649448,38.92204284667969,-31.697444915771484,20.41044044494629,54.18707883530756,959542589,1720698682
1.0,0,-6.579366683959961,1.213878870010376,8.145198822021484,-0.01384864840656519,0.03115946054458618,0.0015979211311787367,38.92204284667969,-31.697444915771484,20.41044044494629,54.18707883530756,972542589,1720698682
1.0,0,-6.351913928985596,1.3503503799438477,8.324766159057617,-0.013582328334450722,0.052198752760887146,-0.0013316008262336254,38.92204284667969,-31.697444915771484,20.41044044494629,54.18707883530756,984542589,1720698682
1.0,0,-8.305612564086914,0.5626459717750549,6.936108112335205,-0.015712888911366463,0.01145176775753498,0.005592723377048969,37.70027542114258,-30.82182502746582,20.579120635986328,52.86582895410044,997542589,1720698682
1.0,0,-6.689501762390137,1.1947249174118042,8.188295364379883,-0.009054886177182198,0.03329002112150192,0.001065280637703836,39.096580505371094,-32.57306671142578,20.579120635986328,54.89123325587097,9542589,1720698683
1.0,0,-4.374273300170898,2.018342971801758,9.612866401672363,-0.0098538463935256,0.014913929626345634,0.0031958422623574734,37.874813079833984,-31.347196578979492,20.747802734375,53.36309134128275,22542589,1720698683
1.0,0,-7.625648498535156,0.8810796737670898,7.582552433013916,-0.017843451350927353,0.036752182990312576,-0.000532640318851918,38.92204284667969,-31.347196578979492,21.08516502380371,54.24164762247722,34542589,1720698683
1.0,0,-7.596917629241943,0.6344730854034424,7.297637939453125,-0.019175052642822266,0.047138672322034836,-0.002396881580352783,38.74750518798828,-31.522321701049805,21.253847122192383,54.28399341621045,47542589,1720698683
1.0,0,-7.201868534088135,1.225849986076355,7.900986194610596,-0.014913929626345634,0.018109772354364395,0.004793763160705566,37.52573776245117,-33.09843826293945,20.41044044494629,54.039556708198184,59542589,1720698683
1.0,0,-7.817187786102295,0.7374253869056702,7.307215213775635,-0.019441373646259308,0.04847027361392975,-0.0018642412032932043,37.00212097167969,-32.222816467285156,20.916484832763672,53.338224522816596,72542589,1720698683
1.0,0,-6.533876419067383,1.161205530166626,8.14998722076416,-0.016778171062469482,0.025566738098859787,0.002396881580352783,37.00212097167969,-30.82182502746582,19.904396057128906,52.108798075042806,84542589,1720698683
1.0,0,-7.000752925872803,1.0390993356704712,7.8531012535095215,-0.015979209914803505,0.02769729681313038,0.000266320159425959,38.572967529296875,-32.74818801879883,21.08516502380371,54.81698483692646,97542589,1720698683
1.0,0,-6.790059566497803,1.1492342948913574,7.987178325653076,-0.01651185005903244,0.027164656668901443,0.004793763160705566,39.62019729614258,-31.347196578979492,21.08516502380371,54.74478012767503,109542589,1720698683
1.0,0,-6.806819438934326,1.1348689794540405,7.972813129425049,-0.015979209914803505,0.02583305537700653,0.0037284824065864086,37.52573776245117,-32.39794158935547,18.7236270904541,52.9941678419987,122542589,1720698683
1.0,0,-6.907377243041992,1.1157150268554688,7.915351867675781,-0.015979209914803505,0.02902889810502529,0.0007989605655893683,38.22389221191406,-32.39794158935547,20.41044044494629,54.1043310115929,134542589,1720698683
1.0,0,-6.7421746253967285,1.0414936542510986,7.951265335083008,-0.014913929626345634,0.029295219108462334,0.0015979211311787367,38.572967529296875,-32.39794158935547,20.41044044494629,54.3515089247776,147542589,1720698683
1.0,0,-6.864280700683594,1.1061381101608276,7.944082260131836,-0.013582328334450722,0.027164656668901443,0.0015979211311787367,37.00212097167969,-31.172073364257812,20.241758346557617,52.446009335219436,159542589,1720698683
1.0,0,-6.8762526512146,1.0869841575622559,8.023092269897461,-0.012783369049429893,0.028496257960796356,0.002929521957412362,37.00212097167969,-31.872568130493164,19.229671478271484,52.486167899723775,172542589,1720698683
1.0,0,-6.8690690994262695,1.0654360055923462,7.922534465789795,-0.015712888911366463,0.028229938820004463,0.0015979211311787367,39.794734954833984,-31.522321701049805,18.55494499206543,54.0514909989404,184542589,1720698683
1.0,0,-6.90977144241333,1.1779651641845703,8.011120796203613,-0.014647609554231167,0.028496257960796356,0.0,38.04935073852539,-31.522321701049805,19.904396057128906,53.26907958137485,197542589,1720698683
1.0,0,-6.852309703826904,1.0367051362991333,8.185900688171387,-0.015712888911366463,0.03115946054458618,-0.002130561275407672,37.874813079833984,-31.347196578979492,20.747802734375,53.36309134128275,209542589,1720698683
1.0,0,-6.825973033905029,1.1252919435501099,7.881832599639893,-0.014647609554231167,0.03169209882616997,0.000266320159425959,38.22389221191406,-31.347196578979492,20.073078155517578,53.353923340526,222542589,1720698683
1.0,0,-6.864280700683594,1.0486763715744019,7.829158782958984,-0.012783369049429893,0.03115946054458618,0.0018642412032932043,37.70027542114258,-32.57306671142578,20.916484832763672,54.0353104883856,234542589,1720698683
1.0,0,-6.881041049957275,1.0390993356704712,7.968024730682373,-0.013316008262336254,0.02796361781656742,0.002130561275407672,38.572967529296875,-32.39794158935547,22.097253799438477,55.00717288427281,247542589,1720698683
1.0,0,-6.833155632019043,1.0798014402389526,8.018303871154785,-0.012250727973878384,0.029295219108462334,0.0013316008262336254,38.572967529296875,-32.39794158935547,22.097253799438477,55.00717288427281,259542589,1720698683
1.0,0,-6.91934871673584,1.158811330795288,8.032669067382812,-0.015180249698460102,0.02902889810502529,0.000532640318851918,38.572967529296875,-32.39794158935547,22.097253799438477,55.00717288427281,272542589,1720698683
1.0,0,-6.81400203704834,1.1348689794540405,7.831552982330322,-0.015180249698460102,0.028229938820004463,0.0015979211311787367,38.572967529296875,-32.39794158935547,22.097253799438477,55.00717288427281,285542589,1720698683
1.0,0,-6.85709810256958,0.9888203740119934,7.862678050994873,-0.015180249698460102,0.0287625789642334,0.0013316008262336254,38.572967529296875,-32.39794158935547,22.097253799438477,55.00717288427281,297542589,1720698683
1.0,0,-6.85709810256958,1.0462820529937744,8.037457466125488,-0.015180249698460102,0.0287625789642334,0.005592723377048969,37.52573776245117,-31.697444915771484,20.073078155517578,53.06446527990401,310542589,1720698683
1.0,0,-6.897800445556641,1.1564171314239502,7.946476459503174,-0.015180249698460102,0.029561540111899376,0.0018642412032932043,39.271121978759766,-32.74818801879883,20.073078155517578,54.93262515684777,322542589,1720698683
1.0,0,-6.866674900054932,1.1779651641845703,7.994361877441406,-0.017044490203261375,0.027430977672338486,0.000532640318851918,38.22389221191406,-32.047691345214844,21.422527313232422,54.28669388415887,335542589,1720698683
1.0,0,-6.849915504455566,1.1396573781967163,7.968024730682373,-0.015180249698460102,0.028496257960796356,0.0018642412032932043,37.17666244506836,-30.9969482421875,20.073078155517578,52.4007967260129,347542589,1720698683
1.0,0,-6.8786468505859375,1.1252919435501099,7.951265335083008,-0.0143812894821167,0.029295219108462334,0.006658004131168127,36.47850799560547,-31.697444915771484,20.073078155517578,52.32913171849249,360542589,1720698683
1.0,0,-6.8475213050842285,1.0917726755142212,7.975207328796387,-0.01651185005903244,0.03089314140379429,0.004261122550815344,38.04935073852539,-30.121328353881836,20.579120635986328,52.71193147263878,372542589,1720698683
1.0,0,-6.835549831390381,1.0893784761428833,7.922534465789795,-0.014647609554231167,0.030360499396920204,0.003994802478700876,38.04935073852539,-33.2735595703125,21.253847122192383,54.83255306472591,385542589,1720698683
1.0,0,-6.823578834533691,1.0917726755142212,8.008727073669434,-0.015712888911366463,0.02583305537700653,0.0013316008262336254,37.00212097167969,-31.872568130493164,18.55494499206543,52.242736713291734,397542589,1720698683
1.0,0,-6.873857498168945,1.058253288269043,7.936899662017822,-0.012783369049429893,0.028496257960796356,0.0031958422623574734,37.00212097167969,-30.121328353881836,21.253847122192383,52.2319576092904,410542589,1720698683
1.0,0,-6.835549831390381,1.0534647703170776,8.008727073669434,-0.011718087829649448,0.029295219108462334,0.002396881580352783,38.39842987060547,-31.872568130493164,20.241758346557617,53.8519154415251,422542589,1720698683
1.0,0,-6.888223648071289,1.161205530166626,7.917746067047119,-0.011984407901763916,0.029561540111899376,-0.0018642412032932043,38.22389221191406,-32.39794158935547,19.735713958740234,53.85342106604303,435542589,1720698683
1.0,0,-6.859492301940918,1.132474660873413,7.970418930053711,-0.013049688190221786,0.0287625789642334,0.002663201652467251,38.04935073852539,-29.771080017089844,19.567033767700195,52.124266013763766,447542589,1720698683
1.0,0,-7.0318779945373535,1.0702245235443115,7.912957668304443,-0.014913929626345634,0.026365695521235466,0.002929521957412362,38.74750518798828,-32.57306671142578,20.579120635986328,54.64315180725441,460542589,1720698683
1.0,0,-6.828367233276367,1.0845898389816284,7.881832599639893,-0.015712888911366463,0.024501455947756767,0.004793763160705566,39.096580505371094,-31.872568130493164,21.591209411621094,54.86878466215893,472542589,1720698683
1.0,0,-6.825973033905029,1.0558589696884155,7.93929386138916,-0.016245530918240547,0.027164656668901443,0.008522245101630688,38.22389221191406,-31.347196578979492,20.073078155517578,53.353923340526,485542589,1720698683
1.0,0,-6.852309703826904,1.0414936542510986,7.965630531311035,-0.015446570701897144,0.02370249480009079,0.007456964813172817,39.44565963745117,-31.872568130493164,19.567033767700195,54.35705541999946,497542589,1720698683
1.0,0,-6.837944030761719,1.1133207082748413,7.929717063903809,-0.013316008262336254,0.02476777695119381,0.004261122550815344,38.74750518798828,-31.522321701049805,19.229671478271484,53.52388428430715,510542589,1720698683
1.0,0,-6.842732906341553,1.0726187229156494,7.960842132568359,-0.017044490203261375,0.025300417095422745,0.003994802478700876,39.271121978759766,-31.697444915771484,20.073078155517578,54.31277476152837,522542589,1720698683
1.0,0,-6.91934871673584,1.0438878536224365,7.929717063903809,-0.018376091495156288,0.029561540111899376,0.002130561275407672,38.04935073852539,-32.92331314086914,19.904396057128906,54.10991242086886,535542589,1720698683
1.0,0,-6.866674900054932,1.1181093454360962,8.006332397460938,-0.01651185005903244,0.02902889810502529,0.002663201652467251,39.271121978759766,-30.646699905395508,21.759891510009766,54.35930568991286,547542589,1720698683
1.0,0,-6.866674900054932,1.1061381101608276,8.003938674926758,-0.012517048045992851,0.02982785925269127,0.0034621621016412973,37.351200103759766,-31.522321701049805,20.916484832763672,53.162658439686886,560542589,1720698683
1.0,0,-6.859492301940918,1.058253288269043,7.881832599639893,-0.01384864840656519,0.03115946054458618,0.0015979211311787367,38.04935073852539,-31.872568130493164,19.229671478271484,53.229634190162336,572542589,1720698683
1.0,0,-6.866674900054932,1.1013495922088623,8.051822662353516,-0.010652806609869003,0.02902889810502529,0.002663201652467251,37.52573776245117,-30.9969482421875,20.747802734375,52.909952875141016,585542589,1720698683
1.0,0,-6.842732906341553,1.0845898389816284,8.003938674926758,-0.011718087829649448,0.028496257960796356,0.004261122550815344,37.52573776245117,-32.047691345214844,20.41044044494629,53.40244932895037,597542589,1720698683
1.0,0,-6.85709810256958,1.122897744178772,7.936899662017822,-0.01384864840656519,0.030626820400357246,0.0007989605655893683,37.52573776245117,-32.047691345214844,20.41044044494629,53.40244932895037,610542589,1720698683
1.0,0,-6.950473308563232,1.120503544807434,7.975207328796387,-0.013316008262336254,0.032491061836481094,0.004527443088591099,37.52573776245117,-32.047691345214844,20.41044044494629,53.40244932895037,622542589,1720698683
1.0,0,-6.9001946449279785,1.0821956396102905,7.972813129425049,-0.014647609554231167,0.03009418025612831,0.006125363986939192,37.52573776245117,-32.047691345214844,20.41044044494629,53.40244932895037,635542589,1720698683
1.0,0,-6.85709810256958,1.0869841575622559,7.941688060760498,-0.015712888911366463,0.026632016524672508,0.000266320159425959,38.92204284667969,-32.39794158935547,21.759891510009766,55.11846257937038,647542589,1720698683
1.0,0,-6.859492301940918,1.0606476068496704,7.908168792724609,-0.01384864840656519,0.031425777822732925,0.004527443088591099,35.954891204833984,-31.872568130493164,19.567033767700195,51.87951051475618,660542589,1720698683
1.0,0,-6.818790435791016,1.0750129222869873,7.9584479331970215,-0.01384864840656519,0.03115946054458618,0.000266320159425959,38.572967529296875,-31.347196578979492,22.097253799438477,54.39493710681329,672542589,1720698683
1.0,0,-6.861886501312256,1.1061381101608276,7.927322864532471,-0.015446570701897144,0.027430977672338486,0.0007989605655893683,38.04935073852539,-31.872568130493164,20.579120635986328,53.73187040301807,685542589,1720698683
1.0,0,-6.8475213050842285,1.1061381101608276,7.9799957275390625,-0.013582328334450722,0.02902889810502529,0.0037284824065864086,38.74750518798828,-32.222816467285156,23.27802276611328,55.51166907306256,697542589,1720698683
1.0,0,-6.9001946449279785,1.1468400955200195,7.951265335083008,-0.01384864840656519,0.028496257960796356,0.0013316008262336254,38.74750518798828,-31.172073364257812,21.928571701049805,54.35006506866328,710542589,1720698683
1.0,0,-6.864280700683594,1.1109265089035034,7.960842132568359,-0.012783369049429893,0.0287625789642334,0.0015979211311787367,38.04935073852539,-32.222816467285156,20.916484832763672,54.06997623882314,722542589,1720698683
1.0,0,-6.840338706970215,1.122897744178772,7.953659534454346,-0.015180249698460102,0.028496257960796356,-0.0007989605655893683,39.44565963745117,-32.57306671142578,19.229671478271484,54.65112079713358,735542589,1720698683
1.0,0,-12.198643684387207,4.273715019226074,9.495549201965332,-0.09347837418317795,0.1920168399810791,0.08202660828828812,38.04935073852539,-30.82182502746582,20.579120635986328,53.115329197864526,747542589,1720698683
1.0,0,-18.095651626586914,-4.800447940826416,-25.7021484375,-0.23462806642055511,0.22663846611976624,0.1400844007730484,36.82758331298828,-32.047691345214844,20.41044044494629,52.91418989637799,760542589,1720698683
1.0,0,-7.707052707672119,-7.553821563720703,-11.995134353637695,-0.2383565604686737,-0.31425780057907104,0.34248775243759155,38.04935073852539,-30.471576690673828,20.916484832763672,53.04497540199422,773542589,1720698683
1.0,0,-9.418932914733887,-0.08858681470155716,-1.6663898229599,-0.3257095515727997,-0.48816487193107605,0.5147969126701355,39.096580505371094,-33.2735595703125,20.241758346557617,55.18515338977081,785542589,1720698683
1.0,0,-4.994380950927734,0.8379833698272705,9.40456771850586,-0.3219811022281647,-0.46765822172164917,0.556875467300415,37.52573776245117,-30.9969482421875,18.7236270904541,52.14945835162136,798542589,1720698683
1.0,0,-3.3734817504882812,3.3208084106445312,16.09406852722168,-0.3941538631916046,-0.3222474157810211,0.4708540737628937,37.00212097167969,-32.57306671142578,19.567033767700195,53.03800940699162,810542589,1720698683
1.0,0,-2.8802685737609863,4.932130813598633,13.192252159118652,-0.41066569089889526,-0.08974990248680115,0.386430561542511,36.129432678222656,-32.047691345214844,18.7236270904541,51.797341993878106,823542589,1720698683
1.0,0,-5.542661666870117,-2.5474693775177,8.267304420471191,-0.3321012556552887,-0.05459563434123993,0.3920232951641083,35.954891204833984,-31.872568130493164,19.229671478271484,51.75321309780316,835542589,1720698683
1.0,0,-6.241779327392578,-1.3599272966384888,6.3303656578063965,-0.40507298707962036,-0.09933742135763168,0.4636634290218353,36.653045654296875,-32.222816467285156,19.904396057128906,52.70617268612248,848542589,1720698683
1.0,0,-4.419764041900635,1.3072539567947388,4.735803127288818,-0.3739134967327118,-0.1470087319612503,0.4697887599468231,35.431278228759766,-32.39794158935547,19.735713958740234,51.90857830467223,860542589,1720698683
1.0,0,-5.205073833465576,3.919368028640747,8.200265884399414,-0.3664565682411194,-0.1952126920223236,0.45380955934524536,34.90766143798828,-31.522321701049805,18.89230728149414,50.68649590287423,873542589,1720698683
1.0,0,-4.810024738311768,3.2417984008789062,9.11725902557373,-0.36991873383522034,-0.20187069475650787,0.4021434485912323,35.78035354614258,-32.39794158935547,18.04890251159668,51.5327391178401,885542589,1720698683
1.0,0,-5.904191493988037,-1.8148326873779297,8.525882720947266,-0.36006486415863037,-0.14354658126831055,0.3922896087169647,35.60581588745117,-32.57306671142578,18.21758270263672,51.58157732684678,898542589,1720698683
1.0,0,-4.534687519073486,-1.5778030157089233,8.31279468536377,-0.3858979344367981,-0.16165633499622345,0.41998693346977234,35.60581588745117,-32.222816467285156,19.567033767700195,51.85511389016259,910542589,1720698683
1.0,0,-5.1978912353515625,0.8810796737670898,6.4835968017578125,-0.37737569212913513,-0.17364074289798737,0.45061373710632324,34.209510803222656,-32.222816467285156,17.542858123779297,50.16325748624386,923542589,1720698683
1.0,0,-6.296846389770508,2.580988883972168,7.6998701095581055,-0.36246174573898315,-0.18562515079975128,0.4221174418926239,34.209510803222656,-32.222816467285156,17.542858123779297,50.16325748624386,935542589,1720698683
1.0,0,-4.7070722579956055,1.1564171314239502,8.832345008850098,-0.3582006096839905,-0.20240333676338196,0.41679105162620544,34.209510803222656,-32.222816467285156,17.542858123779297,50.16325748624386,948542589,1720698683
1.0,0,-5.671950340270996,0.6057422757148743,7.649591445922852,-0.35234156250953674,-0.15686258673667908,0.41119831800460815,34.209510803222656,-32.222816467285156,17.542858123779297,50.16325748624386,960542589,1720698683
1.0,0,-5.923345565795898,-0.6009538173675537,8.561796188354492,-0.371516615152359,-0.15126986801624298,0.4141278564929962,34.209510803222656,-32.222816467285156,17.542858123779297,50.16325748624386,973542589,1720698683
1.0,0,-4.901005744934082,1.3766870498657227,7.49157190322876,-0.37364718317985535,-0.15153618156909943,0.42824283242225647,32.63866424560547,-32.74818801879883,18.04890251159668,49.63354817182714,985542589,1720698683
1.0,0,-6.406981468200684,2.161997079849243,7.723812580108643,-0.35873326659202576,-0.17364074289798737,0.422916442155838,32.98773956298828,-31.347196578979492,18.04890251159668,48.95508734248001,998542589,1720698683
1.0,0,-5.7102580070495605,2.7437968254089355,8.636016845703125,-0.36432600021362305,-0.17177650332450867,0.4247806966304779,33.68589401245117,-32.047691345214844,16.02472496032715,49.179119410888035,10542589,1720698684
1.0,0,-5.7102580070495605,2.7437968254089355,8.636016845703125,-0.36432600021362305,-0.17177650332450867,0.4247806966304779,31.242359161376953,-32.047691345214844,18.04890251159668,48.25870292910651,23542589,1720698684
1.0,0,-6.723021030426025,0.2346353530883789,7.9057745933532715,-0.3589996099472046,-0.15180249512195587,0.41572579741477966,33.68589401245117,-31.347196578979492,16.699451446533203,48.95158697523909,35542589,1720698684
1.0,0,-5.209862232208252,0.6248961687088013,7.881832599639893,-0.3669891953468323,-0.18535883724689484,0.4266449213027954,32.46412658691406,-32.57306671142578,15.518681526184082,48.53610683140235,48542589,1720698684
1.0,0,-3.7038865089416504,3.1388463973999023,9.272884368896484,-0.3515426218509674,-0.15366673469543457,0.4133288860321045,33.33681869506836,-33.09843826293945,17.036813735961914,49.97102278748489,60542589,1720698684
1.0,0,-6.392616271972656,0.9936088919639587,7.817187786102295,-0.3584669530391693,-0.14967192709445953,0.4103993773460388,31.591434478759766,-31.347196578979492,16.699451446533203,47.53458892640258,73542589,1720698684
1.0,0,-4.85072660446167,1.441331386566162,7.877044200897217,-0.3885611295700073,-0.14674241840839386,0.406404584646225,30.195127487182617,-32.047691345214844,16.02472496032715,46.857145181706294,85542589,1720698684
1.0,0,-6.119673252105713,1.3838696479797363,7.774091720581055,-0.3566026985645294,-0.13182848691940308,0.41066569089889526,31.41689682006836,-32.222816467285156,15.518681526184082,47.6042097213922,98542589,1720698684
1.0,0,-5.492382049560547,-0.9624837636947632,7.508331298828125,-0.3853653073310852,-0.16165633499622345,0.4221174418926239,30.71874237060547,-32.222816467285156,15.181319236755371,47.03640598179514,110542589,1720698684
1.0,0,-6.13403844833374,0.6823578476905823,7.898591995239258,-0.37870728969573975,-0.15659627318382263,0.4189216196537018,30.369667053222656,-32.92331314086914,15.181319236755371,47.29411886126649,123542589,1720698684
1.0,0,-4.989592552185059,1.4724565744400024,9.055008888244629,-0.34568357467651367,-0.16032473742961884,0.40613824129104614,30.195127487182617,-33.79893112182617,15.687362670898438,47.960471395863685,135542589,1720698684
1.0,0,-4.23540735244751,1.0917726755142212,8.612074851989746,-0.3816367983818054,-0.15313409268856049,0.3992139399051666,30.71874237060547,-32.222816467285156,16.19340705871582,47.37275024827292,148542589,1720698684
1.0,0,-4.307234764099121,0.7350311875343323,8.865863800048828,-0.3621954321861267,-0.16724906861782074,0.4096004366874695,29.671512603759766,-31.172073364257812,14.506593704223633,45.415174544651556,160542589,1720698684
1.0,0,-4.862698078155518,0.4596937298774719,9.287249565124512,-0.3765767216682434,-0.1619226634502411,0.4221174418926239,28.10066795349121,-32.74818801879883,15.350000381469727,45.8008064302157,173542589,1720698684
1.0,0,-5.533084392547607,2.480430841445923,8.60489273071289,-0.3840336799621582,-0.1470087319612503,0.4045403301715851,29.49697494506836,-32.047691345214844,15.350000381469727,46.18169077869789,185542589,1720698684
1.0,0,-4.989592552185059,1.6663898229599,8.885018348693848,-0.35367318987846375,-0.1326274424791336,0.421584814786911,30.195127487182617,-32.047691345214844,15.350000381469727,46.63070615202487,198542589,1720698684
1.0,0,-5.353517055511475,1.1061381101608276,8.7677001953125,-0.36299437284469604,-0.14487817883491516,0.4034750461578369,27.7515926361084,-32.39794158935547,15.350000381469727,45.336519769154265,210542589,1720698684
1.0,0,-4.063022136688232,0.4884245991706848,8.178718566894531,-0.3928222358226776,-0.1432802528142929,0.40693724155426025,27.402515411376953,-32.74818801879883,14.675274848937988,45.15202499641874,223542589,1720698684
1.0,0,-5.164371967315674,1.3479561805725098,9.090922355651855,-0.3488794267177582,-0.143812894821167,0.41119831800460815,27.053438186645508,-30.646699905395508,14.675274848937988,43.43354031968716,236542589,1720698684
1.0,0,-5.382247447967529,0.3399818241596222,8.147592544555664,-0.4058719277381897,-0.1395517736673355,0.4109320044517517,27.053438186645508,-30.646699905395508,14.675274848937988,43.43354031968716,248542589,1720698684
1.0,0,-1.908207893371582,1.6903321743011475,10.45803165435791,-0.3640596866607666,-0.1526014655828476,0.3970833718776703,27.053438186645508,-30.646699905395508,14.675274848937988,43.43354031968716,261542589,1720698684
1.0,0,-3.6320595741271973,1.7645535469055176,9.904963493347168,-0.3483467996120453,-0.1637869030237198,0.4117310047149658,27.053438186645508,-30.646699905395508,14.675274848937988,43.43354031968716,273542589,1720698684
1.0,0,-3.5937516689300537,1.4820334911346436,8.975998878479004,-0.3901590406894684,-0.13342641294002533,0.3904253840446472,24.43536376953125,-32.92331314086914,13.494505882263184,43.164027149091204,286542589,1720698684
1.0,0,-4.144426345825195,1.8627172708511353,10.062982559204102,-0.3723156154155731,-0.14620977640151978,0.417856365442276,25.308055877685547,-32.047691345214844,13.663187026977539,43.0608278206583,298542589,1720698684
1.0,0,-4.972832679748535,-0.598559558391571,8.195477485656738,-0.35553741455078125,-0.12303992360830307,0.4159921109676361,25.8316707611084,-31.522321701049805,13.831868171691895,43.03780381076434,311542589,1720698684
1.0,0,-6.44289493560791,-0.8619257807731628,7.891409397125244,-0.4194542467594147,-0.11345238983631134,0.3901590406894684,25.8316707611084,-32.222816467285156,13.494505882263184,43.447517816338845,323542589,1720698684
1.0,0,-4.7597455978393555,2.066227674484253,9.80919361114502,-0.33662867546081543,-0.13928544521331787,0.4053393006324768,25.308055877685547,-31.347196578979492,14.000550270080566,42.65160997587653,336542589,1720698684
1.0,0,-4.3982157707214355,-0.4142032265663147,7.963236331939697,-0.4021434485912323,-0.1131860762834549,0.3882948160171509,24.9589786529541,-30.9969482421875,12.313736915588379,41.658006824064366,348542589,1720698684
1.0,0,-3.871483087539673,3.229827404022217,9.706241607666016,-0.391490638256073,-0.1182461604475975,0.381370484828949,23.737211227416992,-31.522321701049805,11.807692527770996,41.18899810762415,361542589,1720698684
1.0,0,-3.074201822280884,2.6384506225585938,9.445270538330078,-0.391490638256073,-0.1182461604475975,0.381370484828949,23.0390567779541,-30.82182502746582,11.807692527770996,40.251765651607016,373542589,1720698684
1.0,0,-6.61049222946167,-0.002394238254055381,7.628042697906494,-0.4066708981990814,-0.1006690263748169,0.39255592226982117,23.388134002685547,-31.172073364257812,13.157143592834473,41.131659308575344,386542589,1720698684
1.0,0,-6.083759307861328,-0.2992797791957855,8.482786178588867,-0.39548543095588684,-0.11212079226970673,0.39734968543052673,24.609901428222656,-31.347196578979492,11.30164909362793,41.42488689065451,398542589,1720698684
1.0,0,-4.606513977050781,0.6871464252471924,9.387807846069336,-0.3608638048171997,-0.13768751919269562,0.3970833718776703,22.864519119262695,-29.946205139160156,10.964285850524902,39.23999236752999,411542589,1720698684
1.0,0,-4.857909679412842,1.209090232849121,9.028672218322754,-0.40427401661872864,-0.09640790522098541,0.38936007022857666,21.9918270111084,-31.172073364257812,11.132966995239258,39.740175732252055,423542589,1720698684
1.0,0,-5.458862781524658,1.5825914144515991,9.19387435913086,-0.381370484828949,-0.12357256561517715,0.39868131279945374,22.68998146057129,-30.471576690673828,11.470330238342285,39.68527082524844,436542589,1720698684
1.0,0,-5.140429496765137,0.2825201153755188,8.6839017868042,-0.38509899377822876,-0.12463784217834473,0.41199731826782227,22.51544189453125,-30.29645347595215,9.952198028564453,39.036732221413054,448542589,1720698684
1.0,0,-3.5745978355407715,-0.033519335091114044,9.78525161743164,-0.4266449213027954,-0.12090936303138733,0.3816367983818054,22.51544189453125,-28.89546012878418,10.626923561096191,38.14215835704045,461542589,1720698684
1.0,0,-4.359908103942871,1.302465558052063,10.31198501586914,-0.34994468092918396,-0.12410520017147064,0.40507298707962036,22.864519119262695,-30.9969482421875,10.289560317993164,39.868183886673336,473542589,1720698684
1.0,0,-4.264138221740723,0.7637620568275452,8.786853790283203,-0.37311455607414246,-0.09188045561313629,0.39362120628356934,21.817289352416992,-30.29645347595215,9.614835739135742,38.55274664921013,486542589,1720698684
1.0,0,-14.935257911682129,-2.008765935897827,10.735764503479004,-0.32943806052207947,-0.28416362404823303,0.2652548849582672,20.944597244262695,-29.771080017089844,9.44615364074707,37.606158773702774,498542589,1720698684
1.0,0,-16.68544578552246,4.826784133911133,39.22600173950195,-0.2708476185798645,-0.4428904354572296,0.21998046338558197,20.420982360839844,-30.9969482421875,7.928022384643555,37.95630197795871,511542589,1720698684
1.0,0,-17.793977737426758,4.714254856109619,24.658260345458984,-0.06125364080071449,0.006391684524714947,0.06178628280758858,20.07190704345703,-29.946205139160156,7.928022384643555,36.91219572890851,523542589,1720698684
1.0,0,-10.407753944396973,1.058253288269043,28.161029815673828,-0.038616426289081573,0.07403700798749924,0.006658004131168127,21.29367446899414,-30.471576690673828,8.434065818786621,38.11916872969208,536542589,1720698684
1.0,0,-15.033421516418457,2.322411060333252,15.36622142791748,0.0575251579284668,0.48496901988983154,-0.050068192183971405,21.29367446899414,-30.471576690673828,8.434065818786621,38.11916872969208,548542589,1720698684
1.0,0,-1.654418706893921,-0.2633661925792694,5.226621627807617,0.07776549458503723,0.45380955934524536,-0.035686902701854706,21.29367446899414,-30.471576690673828,8.434065818786621,38.11916872969208,561542589,1720698684
1.0,0,-1.611322283744812,-1.3431676626205444,-0.6464443206787109,0.037817467004060745,0.2388891875743866,-0.006125363986939192,21.29367446899414,-30.471576690673828,8.434065818786621,38.11916872969208,573542589,1720698684
1.0,0,-3.0358939170837402,0.4692707061767578,3.993589162826538,-0.007456964813172817,0.04447546973824501,0.007723285350948572,22.51544189453125,-31.347196578979492,7.5906596183776855,39.334590000523285,586542589,1720698684
1.0,0,-3.945704698562622,0.5937711000442505,3.3447508811950684,-0.010919126681983471,-0.023436175659298897,-0.018908733502030373,20.944597244262695,-28.019840240478516,8.434065818786621,35.9850117001779,598542589,1720698684
1.0,0,-20.90888214111328,10.062982559204102,9.452452659606934,0.2846962511539459,-0.35500478744506836,-0.006391684524714947,22.166366577148438,-28.89546012878418,9.614835739135742,37.66617168730108,611542589,1720698684
1.0,0,-15.986329078674316,17.123592376708984,24.708538055419922,0.4170573949813843,-0.272711843252182,-0.49136069416999817,20.944597244262695,-29.420833587646484,8.434065818786621,37.08631916154512,623542589,1720698684
1.0,0,-17.042186737060547,39.22600173950195,21.387731552124023,1.2064303159713745,-0.052198752760887146,-0.5496848225593567,20.246444702148438,-30.471576690673828,8.771429061889648,37.621449691373314,636542589,1720698684
1.0,0,-2.1548144817352295,-26.425207138061523,8.79882526397705,0.8783239126205444,0.03994802385568619,-0.8953683972358704,21.9918270111084,-31.522321701049805,9.10879135131836,39.50021899423906,648542589,1720698684
1.0,0,-5.27450704574585,7.307215213775635,5.360699653625488,1.122006893157959,-0.03515426442027092,-0.7550176978111267,21.817289352416992,-29.946205139160156,8.602747917175293,38.036516515714396,661542589,1720698684
1.0,0,-2.1596028804779053,-17.135562896728516,3.093355894088745,1.0740692615509033,-0.17497234046459198,-0.7004221081733704,22.51544189453125,-32.047691345214844,10.289560317993164,40.49536634976638,673542589,1720698684
1.0,0,-2.1524202823638916,-4.678341388702393,7.606494903564453,0.9353164434432983,-0.2982785999774933,-0.5859043598175049,22.68998146057129,-32.222816467285156,10.458242416381836,40.77401125968869,686542589,1720698684
1.0,0,-5.4780168533325195,4.067810535430908,10.359869003295898,1.003494381904602,-0.27564138174057007,-0.5065409541130066,22.340904235839844,-32.57306671142578,12.819780349731445,41.52670761422487,698542589,1720698684
1.0,0,-5.9448933601379395,-0.08858681470155716,10.644783020019531,0.8671385049819946,-0.2314322292804718,-0.5749852657318115,22.51544189453125,-32.047691345214844,11.63901138305664,40.859102171230994,711542589,1720698684
1.0,0,-6.320788860321045,9.950454711914062,11.128418922424316,1.0716724395751953,-0.2045339047908783,-0.6285156011581421,23.21359634399414,-33.09843826293945,11.63901138305664,42.06951695280604,723542589,1720698684
1.0,0,-4.273715019226074,1.9225733280181885,8.547430038452148,0.983254075050354,-0.17790187895298004,-0.6799154281616211,23.388134002685547,-33.623809814453125,11.807692527770996,42.626130499923036,736542589,1720698684
1.0,0,-5.21225643157959,-5.703075408935547,6.567395210266113,0.9534262418746948,-0.19974012672901154,-0.6508864760398865,22.864519119262695,-32.39794158935547,11.63901138305664,41.32649803403792,748542589,1720698684
1.0,0,-4.948890209197998,1.9536983966827393,9.148384094238281,0.9771286845207214,-0.24128606915473938,-0.5946929454803467,23.0390567779541,-32.222816467285156,12.819780349731445,41.63477880951809,761542589,1720698684
1.0,0,-4.2138590812683105,-0.8451660871505737,9.282461166381836,0.9560893774032593,-0.25540104508399963,-0.5821758508682251,23.9117488861084,-33.79893112182617,11.976373672485352,43.099570834444,774542589,1720698684
1.0,0,-4.122878074645996,4.953678607940674,11.324747085571289,0.970470666885376,-0.21918150782585144,-0.5869696736335754,24.086286544799805,-34.67455291748047,14.169231414794922,44.53359336985248,786542589,1720698684
1.0,0,-4.3311767578125,3.256164073944092,10.201848983764648,0.9233320355415344,-0.22370894253253937,-0.5976224541664124,24.609901428222656,-35.550174713134766,14.000550270080566,45.44752554657178,799542589,1720698684
1.0,0,-5.0949387550354,2.9066052436828613,9.337529182434082,0.9734002351760864,-0.18802203238010406,-0.6322441101074219,24.609901428222656,-33.79893112182617,12.9884614944458,43.78030522138335,811542589,1720698684
1.0,0,-4.510745048522949,1.5251296758651733,9.991155624389648,0.9552904367446899,-0.22717110812664032,-0.6381031274795532,24.784440994262695,-35.02479934692383,14.506593704223633,45.29289508951471,824542589,1720698684
1.0,0,-4.38385009765625,2.6719701290130615,8.774883270263672,0.9888468384742737,-0.21811622381210327,-0.5944266319274902,24.609901428222656,-35.550174713134766,14.337912559509277,45.55258397726057,836542589,1720698684
1.0,0,-6.172346115112305,0.3782896399497986,8.20266056060791,0.924397349357605,-0.24874304234981537,-0.5896328687667847,24.609901428222656,-35.550174713134766,15.350000381469727,45.88120183857832,849542589,1720698684
1.0,0,-4.479619979858398,2.650421619415283,9.59371280670166,0.9395775198936462,-0.2708476185798645,-0.6154659390449524,24.609901428222656,-35.550174713134766,15.350000381469727,45.88120183857832,861542589,1720698684
1.0,0,-5.676738739013672,4.194705486297607,9.306404113769531,0.9776613712310791,-0.242617666721344,-0.5965571999549866,24.609901428222656,-35.550174713134766,15.350000381469727,45.88120183857832,874542589,1720698684
1.0,0,-6.131644248962402,0.20351025462150574,7.874650001525879,0.926794171333313,-0.23089958727359772,-0.5986877083778381,24.609901428222656,-35.550174713134766,15.350000381469727,45.88120183857832,886542589,1720698684
1.0,0,-4.640033721923828,2.8012585639953613,9.22021198272705,0.9606168270111084,-0.2652548849582672,-0.6061447262763977,26.8789005279541,-37.47653579711914,15.181319236755371,48.55346004882332,899542589,1720698684
1.0,0,-5.188313961029053,4.891428470611572,10.18030071258545,0.9574210047721863,-0.2796361744403839,-0.5989540219306946,23.562671661376953,-35.900421142578125,17.711538314819336,46.451462016966055,911542589,1720698684
1.0,0,-4.142032146453857,1.4485141038894653,9.057402610778809,0.9574210047721863,-0.2681844234466553,-0.5901654958724976,25.13351821899414,-36.07554626464844,17.542858123779297,47.33804651132479,924542589,1720698684
1.0,0,-5.547450065612793,1.5514663457870483,8.62883472442627,0.9499640464782715,-0.2884247303009033,-0.6013509631156921,24.9589786529541,-37.301414489746094,18.04890251159668,48.374673334375906,936542589,1720698684
1.0,0,-3.615299701690674,3.4117894172668457,9.871444702148438,0.9534262418746948,-0.28602784872055054,-0.6029488444328308,26.35528564453125,-38.35215759277344,18.38626480102539,50.035425517918696,949542589,1720698684
1.0,0,-4.963255882263184,2.3894498348236084,9.225000381469727,0.9643453359603882,-0.3020070493221283,-0.5805779695510864,26.180747985839844,-38.177032470703125,18.89230728149414,49.998366451170924,961542589,1720698684
1.0,0,-4.388638496398926,1.7717362642288208,9.378231048583984,0.9150761365890503,-0.2807014584541321,-0.5827085375785828,26.8789005279541,-38.52728271484375,18.55494499206543,50.508541759188844,974542589,1720698684
1.0,0,-3.6440305709838867,4.778899669647217,9.749338150024414,0.9691390991210938,-0.28176674246788025,-0.6005520224571228,26.35528564453125,-39.05265426635742,18.7236270904541,50.697979230684,986542589,1720698684
1.0,0,-6.031085968017578,0.4405398368835449,8.171534538269043,0.9278594851493835,-0.2833646535873413,-0.5930950045585632,26.006208419799805,-38.00190734863281,19.398351669311523,49.96762838072686,999542589,1720698684
1.0,0,-5.351122856140137,0.11731767654418945,8.674324989318848,0.9185382723808289,-0.30440396070480347,-0.5813769102096558,27.402515411376953,-38.00190734863281,19.398351669311523,50.708370714223356,11542589,1720698685
1.0,0,-5.26492977142334,3.277712106704712,8.987970352172852,0.9528935551643372,-0.2801688015460968,-0.5981550812721252,27.402515411376953,-39.05265426635742,19.398351669311523,51.500521391580854,24542589,1720698685
1.0,0,-4.620879650115967,3.608116865158081,8.748546600341797,0.9558230638504028,-0.297745943069458,-0.5978887677192688,26.35528564453125,-39.40290069580078,19.060989379882812,51.09315982387445,36542589,1720698685
1.0,0,-4.853120803833008,4.27850341796875,9.251337051391602,0.938245952129364,-0.31425780057907104,-0.5733873248100281,26.180747985839844,-39.22777557373047,21.591209411621094,51.86935767307609,49542589,1720698685
1.0,0,-4.980015754699707,1.881871223449707,8.60728645324707,0.923065721988678,-0.3102629780769348,-0.5832412242889404,28.10066795349121,-39.40290069580078,21.08516502380371,52.79034293084807,61542589,1720698685
1.0,0,-4.594542980194092,3.763742446899414,8.952056884765625,0.9358490705490112,-0.31479042768478394,-0.5912307500839233,27.57705307006836,-39.22777557373047,21.253847122192383,52.45034079952062,74542589,1720698685
1.0,0,-4.996775150299072,2.6192967891693115,8.83952808380127,0.9406428933143616,-0.32997068762779236,-0.575251579284668,27.227977752685547,-39.92827224731445,21.253847122192383,52.795413765306606,86542589,1720698685
1.0,0,-5.552238464355469,2.837172269821167,8.343920707702637,0.9342511296272278,-0.3347644507884979,-0.5739200115203857,28.624282836914062,-39.92827224731445,21.591209411621094,53.66373837555291,99542589,1720698685
1.0,0,-3.256164073944092,3.275317907333374,9.761309623718262,0.9259952306747437,-0.3352971076965332,-0.6005520224571228,28.624282836914062,-40.62876892089844,22.94066047668457,54.73865485250741,111542589,1720698685
1.0,0,-3.507559061050415,1.4317545890808105,9.466817855834961,0.9177392721176147,-0.3352971076965332,-0.5949592590332031,29.322437286376953,-39.22777557373047,22.60329818725586,53.94008522257337,124542589,1720698685
1.0,0,-4.532293319702148,-0.06703867018222809,8.360679626464844,0.9094833731651306,-0.34115612506866455,-0.5685935616493225,26.8789005279541,-40.27852249145508,22.94066047668457,53.58272642179401,136542589,1720698685
1.0,0,-4.323994159698486,3.35432767868042,9.174720764160156,0.9425070881843567,-0.36672288179397583,-0.5667293071746826,26.8789005279541,-40.27852249145508,22.94066047668457,53.58272642179401,149542589,1720698685
1.0,0,-4.575389385223389,6.090941905975342,9.64877986907959,0.9494314193725586,-0.3334328532218933,-0.5723220109939575,26.8789005279541,-40.27852249145508,22.94066047668457,53.58272642179401,161380485,1720698685
1.0,0,-5.6049113273620605,2.5474693775177,8.343920707702637,0.9180055856704712,-0.3390255570411682,-0.5683272480964661,26.8789005279541,-40.27852249145508,22.94066047668457,53.58272642179401,174380485,1720698685
1.0,0,-5.334362506866455,3.4237606525421143,8.379834175109863,0.9374470114707947,-0.34115612506866455,-0.5800453424453735,26.8789005279541,-40.27852249145508,22.94066047668457,53.58272642179401,186380485,1720698685
1.0,0,-2.401421070098877,3.071807622909546,9.699058532714844,0.9393112063407898,-0.37497881054878235,-0.5757842063903809,31.242359161376953,-41.504390716552734,23.784067153930664,57.13476441802685,199380485,1720698685
1.0,0,-4.757351398468018,1.9034193754196167,8.087737083435059,0.9326532483100891,-0.3219811022281647,-0.58031165599823,30.195127487182617,-41.504390716552734,24.796154022216797,57.00183704945814,211380485,1720698685
1.0,0,-5.568997859954834,3.766136884689331,7.862678050994873,0.9124128818511963,-0.3645923137664795,-0.5590060353279114,30.02058982849121,-42.029762268066406,25.30219841003418,57.514676164796626,224380485,1720698685
1.0,0,-4.558629512786865,4.197099685668945,9.13880729675293,0.9204025268554688,-0.37364718317985535,-0.5616692304611206,29.671512603759766,-41.67951202392578,25.30219841003418,57.07697983538008,236380485,1720698685
1.0,0,-5.37027645111084,2.7940759658813477,8.724604606628418,0.9137444496154785,-0.3739134967327118,-0.5528806447982788,29.846052169799805,-40.103397369384766,25.133516311645508,55.9532211126128,249380485,1720698685
1.0,0,-4.960861682891846,2.087775707244873,8.463632583618164,0.9153424501419067,-0.3890937566757202,-0.5558102130889893,30.02058982849121,-42.73025894165039,26.651649475097656,58.629525519267816,262380485,1720698685
1.0,0,-3.8882429599761963,3.900214195251465,8.858681678771973,0.9523609280586243,-0.38323473930358887,-0.5677946209907532,30.71874237060547,-41.67951202392578,26.314287185668945,58.07981203029213,274380485,1720698685
1.0,0,-5.602517127990723,3.845146656036377,8.319977760314941,0.9124128818511963,-0.39255592226982117,-0.5643324255943298,31.067819595336914,-42.380008697509766,26.314287185668945,58.76832702824936,287380485,1720698685
1.0,0,-4.364696502685547,3.792473316192627,8.932902336120605,0.9390448927879333,-0.40240976214408875,-0.5424941778182983,29.846052169799805,-42.55513381958008,27.15769386291504,58.645260511626965,299380485,1720698685
1.0,0,-3.5219244956970215,5.573786735534668,9.043037414550781,0.9054886102676392,-0.4066708981990814,-0.5448910593986511,30.71874237060547,-43.08050537109375,26.651649475097656,59.24425284872738,312380485,1720698685
1.0,0,-3.6967039108276367,3.8020501136779785,8.705450057983398,0.9134781360626221,-0.39948025345802307,-0.551815390586853,30.71874237060547,-41.67951202392578,28.338462829589844,59.02449771855963,324380485,1720698685
1.0,0,-3.5195302963256836,4.010348796844482,9.028672218322754,0.914277195930481,-0.42504701018333435,-0.5337056517601013,32.11505126953125,-42.029762268066406,27.66373634338379,59.692208392980845,337380485,1720698685
1.0,0,-4.857909679412842,3.3160200119018555,8.679113388061523,0.899629533290863,-0.4048066735267639,-0.5502174496650696,31.591434478759766,-42.20488357543945,28.844507217407227,60.09389758251022,349380485,1720698685
1.0,0,-3.095750093460083,6.9001946449279785,9.507519721984863,0.9563557505607605,-0.4114646911621094,-0.5616692304611206,32.63866424560547,-43.60587692260742,27.15769386291504,60.862921733012165,362380485,1720698685
1.0,0,-4.27850341796875,3.296865940093994,8.209842681884766,0.8929715752601624,-0.4189216196537018,-0.5448910593986511,31.765974044799805,-42.73025894165039,29.013187408447266,60.63593967139514,374380485,1720698685
1.0,0,-5.542661666870117,3.6967039108276367,7.941688060760498,0.906021237373352,-0.4133288860321045,-0.5291782021522522,32.98773956298828,-42.90538024902344,28.507143020629883,61.169598813360544,387380485,1720698685
1.0,0,-4.747774600982666,6.169951915740967,8.41814136505127,0.9467682242393494,-0.41386154294013977,-0.5435594916343689,31.41689682006836,-42.73025894165039,29.687911987304688,60.78049484159588,399380485,1720698685
1.0,0,-5.1715545654296875,4.848332405090332,8.056611061096191,0.9251962900161743,-0.4266449213027954,-0.5387657284736633,33.16228103637695,-42.73025894165039,30.02527618408203,61.8637949263262,412380485,1720698685
1.0,0,-5.856306552886963,3.0311055183410645,7.414956092834473,0.9006947875022888,-0.4370313882827759,-0.5230528116226196,32.289588928222656,-43.95612335205078,29.181869506835938,61.85741541002424,424380485,1720698685
1.0,0,-4.917765140533447,1.5945625305175781,7.742966175079346,0.8820524215698242,-0.45620644092559814,-0.5283792018890381,31.242359161376953,-42.55513381958008,29.181869506835938,60.32085815275545,437380485,1720698685
1.0,0,-3.6536076068878174,5.406189918518066,9.134018898010254,0.9518283009529114,-0.43303659558296204,-0.5475542545318604,32.11505126953125,-45.53224182128906,30.02527618408203,63.293591881385346,449380485,1720698685
1.0,0,-4.359908103942871,2.762950897216797,7.836341857910156,0.8988305926322937,-0.44741788506507874,-0.5193243026733398,32.11505126953125,-45.53224182128906,30.02527618408203,63.293591881385346,462380485,1720698685
1.0,0,-5.238593578338623,5.995172023773193,7.929717063903809,0.9121465682983398,-0.46446236968040466,-0.5121337175369263,32.11505126953125,-45.53224182128906,30.02527618408203,63.293591881385346,474380485,1720698685
1.0,0,-2.8515377044677734,8.238574028015137,9.361471176147461,0.9449039697647095,-0.4620654881000519,-0.5259823203086853,32.11505126953125,-45.53224182128906,30.02527618408203,63.293591881385346,487380485,1720698685
1.0,0,-5.061419486999512,1.6592071056365967,7.446080684661865,0.8650078773498535,-0.45940232276916504,-0.5102694630622864,32.11505126953125,-45.53224182128906,30.02527618408203,63.293591881385346,499380485,1720698685
1.0,0,-5.059025287628174,4.90339994430542,7.5945234298706055,0.9201362133026123,-0.4636634290218353,-0.5124000310897827,32.46412658691406,-43.43075180053711,31.037363052368164,62.47773701291962,512380485,1720698685
1.0,0,-3.1795482635498047,4.869880676269531,8.755729675292969,0.9145435094833374,-0.4836374521255493,-0.5110684037208557,34.209510803222656,-42.380008697509766,30.700000762939453,62.520763058693504,524380485,1720698685
1.0,0,-3.7014923095703125,3.89542555809021,8.46842098236084,0.9134781360626221,-0.4554075002670288,-0.5230528116226196,34.03497314453125,-44.656620025634766,29.85659408569336,63.59252565719298,537380485,1720698685
1.0,0,-5.62406587600708,7.7788801193237305,7.987178325653076,0.92812579870224,-0.4535432457923889,-0.5073399543762207,33.68589401245117,-45.00687026977539,31.206045150756836,64.29755112638085,549380485,1720698685
1.0,0,-4.996775150299072,2.470853805541992,7.230599403381348,0.9126791954040527,-0.47005507349967957,-0.5086715221405029,33.511356353759766,-42.73025894165039,31.71208953857422,62.88515450240793,562380485,1720698685
1.0,0,-3.816415786743164,5.497171401977539,8.219420433044434,0.9129455089569092,-0.4772457480430603,-0.5190579891204834,33.86043167114258,-44.48149871826172,31.374725341796875,64.1054284086147,574380485,1720698685
1.0,0,-5.734200954437256,5.011140823364258,7.098916053771973,0.8940368294715881,-0.47511518001556396,-0.4902954399585724,34.55858612060547,-43.43075180053711,33.398902893066406,64.77663769504899,587380485,1720698685
1.0,0,-1.628082036972046,7.517908096313477,9.076557159423828,0.8820524215698242,-0.4785773456096649,-0.5028124451637268,35.431278228759766,-44.656620025634766,33.230220794677734,65.98360980653258,599380485,1720698685
1.0,0,10.185089111328125,-20.805931091308594,14.45401668548584,0.322780042886734,-0.24128606915473938,-0.5861706733703613,32.98773956298828,-42.20488357543945,32.55549621582031,62.684156634274274,612380485,1720698685
1.0,0,-12.052595138549805,-1.0510705709457397,3.4189720153808594,0.5432931184768677,0.02769729681313038,-0.13102951645851135,34.209510803222656,-43.08050537109375,34.07362747192383,64.70882985744748,624380485,1720698685
1.0,0,2.3319880962371826,-28.65424346923828,4.5011677742004395,-0.052997712045907974,-0.06977588683366776,0.1557973027229309,34.209510803222656,-43.43075180053711,33.06153869628906,64.41728162785111,637380485,1720698685
1.0,0,-13.125213623046875,9.330347061157227,2.9760379791259766,-0.04926923289895058,-0.055128276348114014,0.2524715065956116,35.25674057006836,-43.08050537109375,33.06153869628906,64.74591137377062,649380485,1720698685
1.0,0,-5.638431072235107,18.502674102783203,11.142784118652344,-0.0143812894821167,-0.026099376380443573,0.21944782137870789,33.511356353759766,-42.380008697509766,34.07362747192383,63.875568341621204,662380485,1720698685
1.0,0,-6.08136510848999,11.810776710510254,8.50193977355957,-0.10865862667560577,0.0881519764661789,-0.023169854655861855,33.16228103637695,-42.380008697509766,32.724178314208984,62.98153592186202,674380485,1720698685
1.0,0,-4.386244297027588,6.85709810256958,7.048637390136719,-0.08122765272855759,0.11291975528001785,-0.12783367931842804,33.68589401245117,-44.656620025634766,33.904945373535156,65.41023229063187,687380485,1720698685
1.0,0,-5.269718647003174,-0.9026277661323547,7.410167217254639,-0.017843451350927353,0.08096133172512054,-0.12783367931842804,34.38404846191406,-44.656620025634766,34.57966995239258,66.12284079470255,699380485,1720698685
1.0,0,-4.611302852630615,-0.5841941237449646,9.706241607666016,-0.20746341347694397,0.2647222578525543,-0.030626820400357246,34.38404846191406,-43.25563049316406,33.904945373535156,64.82945070548418,712380485,1720698685
1.0,0,12.016681671142578,-38.91834259033203,11.81556510925293,-0.7475606799125671,0.421584814786911,0.26765176653862,35.60581588745117,-43.08050537109375,32.38681411743164,64.59574132028347,725380485,1720698685
1.0,0,-14.600065231323242,19.106019973754883,0.9122047424316406,-0.6958945989608765,0.49322494864463806,0.702019989490509,33.86043167114258,-43.43075180053711,33.736263275146484,64.5824627486903,737380485,1720698685
1.0,0,4.12766695022583,-20.822690963745117,6.593731880187988,-0.850892961025238,0.48070788383483887,0.8042868971824646,34.38404846191406,-44.656620025634766,33.904945373535156,65.77250049623765,750380485,1720698685
1.0,0,-5.822787284851074,11.044620513916016,10.209031105041504,-1.1204088926315308,0.40427401661872864,0.6849755048751831,34.733123779296875,-43.60587692260742,32.89285659790039,64.7286830147778,762380485,1720698685
1.0,0,-7.065396785736084,29.906429290771484,11.923306465148926,-0.8772586584091187,0.6090742349624634,0.5893665552139282,34.733123779296875,-43.60587692260742,32.89285659790039,64.7286830147778,775380485,1720698685
1.0,0,-1.3455618619918823,-0.9265702366828918,9.988761901855469,-1.0817925930023193,0.5952255725860596,0.3858979344367981,34.733123779296875,-43.60587692260742,32.89285659790039,64.7286830147778,787380485,1720698685
1.0,0,-5.738989353179932,5.389430522918701,6.660770893096924,-0.9414418339729309,0.5944266319274902,0.3733808696269989,34.733123779296875,-43.60587692260742,32.89285659790039,64.7286830147778,800380485,1720698685
1.0,0,-3.0263171195983887,-1.187542200088501,8.209842681884766,-0.9478334784507751,0.5891002416610718,0.5052093863487244,32.813201904296875,-43.08050537109375,31.374725341796875,62.586017228404785,812380485,1720698685
1.0,0,-2.5977485179901123,2.4062094688415527,8.700661659240723,-0.9662095308303833,0.5126663446426392,0.6072099804878235,32.289588928222656,-42.55513381958008,30.53131866455078,61.52819180629571,825380485,1720698685
1.0,0,-4.290474891662598,10.161147117614746,7.934505462646484,-0.9486324191093445,0.4934912621974945,0.5883012413978577,34.03497314453125,-43.60587692260742,31.880769729614258,63.84540216563162,837380485,1720698685
1.0,0,-3.076596260070801,9.78525161743164,9.682299613952637,-0.9486324191093445,0.518791675567627,0.5254496932029724,32.63866424560547,-43.25563049316406,29.85659408569336,61.86879814168341,850380485,1720698685
1.0,0,-5.470834255218506,3.533895492553711,7.3120036125183105,-0.9696717262268066,0.509470522403717,0.50813889503479,32.11505126953125,-43.43075180053711,30.362638473510742,61.96367109103198,862380485,1720698685
1.0,0,-6.016720771789551,0.8475603461265564,6.964838981628418,-0.9816561341285706,0.518791675567627,0.5086715221405029,33.33681869506836,-42.55513381958008,29.85659408569336,61.75515448533901,875380485,1720698685
1.0,0,-3.2944717407226562,3.3710873126983643,8.791643142700195,-0.9222667217254639,0.4977523982524872,0.5102694630622864,31.94051170349121,-43.25563049316406,29.51923179626465,61.34028776492335,887380485,1720698685
1.0,0,-4.568206310272217,3.380664348602295,8.353497505187988,-0.9164077043533325,0.4892301559448242,0.5566091537475586,32.46412658691406,-42.029762268066406,30.02527618408203,61.00768510025407,900380485,1720698685
1.0,0,-2.762950897216797,6.521904945373535,8.973605155944824,-0.9632800817489624,0.461532860994339,0.5994866490364075,32.63866424560547,-43.60587692260742,28.507143020629883,61.47692338695552,912380485,1720698685
1.0,0,-3.8331754207611084,5.6049113273620605,8.885018348693848,-0.9672749042510986,0.4745825529098511,0.5659303665161133,31.94051170349121,-42.90538024902344,28.507143020629883,60.611262529275834,925380485,1720698685
1.0,0,-4.017531871795654,9.526674270629883,9.744549751281738,-0.9150761365890503,0.4977523982524872,0.5153295397758484,31.765974044799805,-40.9790153503418,29.687911987304688,59.74720850604146,937380485,1720698685
1.0,0,-4.017531871795654,9.526674270629883,9.744549751281738,-0.9150761365890503,0.4977523982524872,0.5153295397758484,32.46412658691406,-43.43075180053711,27.326374053955078,60.71968738348137,950380485,1720698685
1.0,0,-5.1452178955078125,2.348747730255127,7.841130256652832,-0.9526272416114807,0.47990894317626953,0.550483763217926,31.591434478759766,-42.55513381958008,28.507143020629883,60.17985834169757,962380485,1720698685
1.0,0,-3.7493772506713867,3.790079116821289,8.918537139892578,-0.9635463953018188,0.4639297425746918,0.556875467300415,30.195127487182617,-42.90538024902344,28.507143020629883,59.70992029369281,975380485,1720698685
1.0,0,-3.5434725284576416,3.869088888168335,9.236970901489258,-0.9467682242393494,0.47138670086860657,0.5630008578300476,31.765974044799805,-42.73025894165039,26.651649475097656,59.54210741969805,987380485,1720698685
1.0,0,-7.22820520401001,3.8571176528930664,6.7469635009765625,-0.9792592525482178,0.49002912640571594,0.5608702898025513,30.02058982849121,-41.32926559448242,27.66373634338379,58.09153395036175,380485,1720698686
1.0,0,-3.5769920349121094,4.982409954071045,8.9999418258667,-0.9427734017372131,0.45487484335899353,0.5480868816375732,30.893281936645508,-42.90538024902344,28.844507217407227,60.2268388656205,12380485,1720698686
1.0,0,-4.587360382080078,2.918576240539551,8.549824714660645,-0.9584863185882568,0.45380955934524536,0.551815390586853,30.71874237060547,-43.43075180053711,25.9769229888916,59.20026911055636,25380485,1720698686
1.0,0,-5.3774590492248535,1.8651115894317627,7.730995178222656,-0.9747318029403687,0.46765822172164917,0.5624682307243347,29.49697494506836,-41.854637145996094,27.83241844177246,58.27971943867697,37380485,1720698686
1.0,0,-4.2401957511901855,2.8754801750183105,8.240967750549316,-0.9688727855682373,0.4271775484085083,0.5773820877075195,29.49697494506836,-42.55513381958008,26.145605087280273,58.00520330705147,50380485,1720698686
1.0,0,-4.122878074645996,5.755748748779297,9.17232608795166,-0.9544914960861206,0.43117237091064453,0.5707241296768188,30.369667053222656,-42.029762268066406,25.63956069946289,57.846388531136654,62380485,1720698686
1.0,0,-3.9911949634552,4.8339667320251465,9.464424133300781,-0.9608831405639648,0.42557963728904724,0.5808442831039429,30.369667053222656,-42.029762268066406,25.63956069946289,57.846388531136654,75380485,1720698686
1.0,0,-5.336756706237793,2.8419606685638428,8.054217338562012,-0.9723349809646606,0.43490082025527954,0.572588324546814,30.369667053222656,-42.029762268066406,25.63956069946289,57.846388531136654,87380485,1720698686
1.0,0,-2.9975860118865967,4.874669075012207,9.766098022460938,-0.9457029700279236,0.4109320044517517,0.5720556974411011,30.369667053222656,-42.029762268066406,25.63956069946289,57.846388531136654,100380485,1720698686
1.0,0,-4.295263290405273,5.923345565795898,9.38062572479248,-0.9478334784507751,0.4183889925479889,0.5792464017868042,30.02058982849121,-41.32926559448242,23.615385055541992,56.27637532349871,112380485,1720698686
1.0,0,-5.205073833465576,2.317622661590576,8.837133407592773,-0.9888468384742737,0.421584814786911,0.5920297503471375,31.242359161376953,-41.15414047241211,24.796154022216797,57.31140844792598,125380485,1720698686
1.0,0,-1.6568129062652588,3.919368028640747,9.845107078552246,-0.954757809638977,0.4234490692615509,0.56060391664505,29.846052169799805,-41.854637145996094,24.458791732788086,56.928287992643085,137380485,1720698686
1.0,0,-4.0917534828186035,2.1069295406341553,8.932902336120605,-0.9504966735839844,0.39814862608909607,0.5736536383628845,29.49697494506836,-39.75314712524414,23.784067153930664,54.918722560288856,150380485,1720698686
1.0,0,-4.898611545562744,2.4828250408172607,9.100500106811523,-0.9616820812225342,0.41252994537353516,0.5883012413978577,29.846052169799805,-41.15414047241211,23.446704864501953,55.98390909134963,162380485,1720698686
1.0,0,-4.821995735168457,4.668764591217041,9.43569278717041,-0.9536925554275513,0.42691123485565186,0.5813769102096558,28.624282836914062,-40.62876892089844,23.615385055541992,55.02483842117968,175380485,1720698686
1.0,0,-5.006352424621582,4.9656500816345215,8.865863800048828,-0.97313392162323,0.41386154294013977,0.5707241296768188,28.624282836914062,-41.67951202392578,23.615385055541992,55.805176299351864,187380485,1720698686
1.0,0,-4.944101810455322,5.954470157623291,9.095710754394531,-0.9385122656822205,0.3989476263523102,0.5928286910057068,28.624282836914062,-39.92827224731445,20.579120635986328,53.26459141619124,200380485,1720698686
1.0,0,-5.217044830322266,-0.17238515615463257,8.003938674926758,-0.9773949980735779,0.39628443121910095,0.5883012413978577,28.973360061645508,-40.62876892089844,21.928571701049805,54.50701527452774,212380485,1720698686
1.0,0,-5.128458499908447,4.367090702056885,9.052614212036133,-0.9504966735839844,0.3965507447719574,0.5797790288925171,27.7515926361084,-38.35215759277344,21.759891510009766,52.10116855108751,225380485,1720698686
1.0,0,-3.533895492553711,2.267343759536743,9.27767276763916,-0.9883142113685608,0.37125030159950256,0.5946929454803467,27.926130294799805,-41.32926559448242,21.591209411621094,54.3521597701313,237380485,1720698686
1.0,0,-5.592940330505371,2.7653450965881348,8.387016296386719,-0.9688727855682373,0.37444618344306946,0.599220335483551,29.147897720336914,-40.80389404296875,22.434616088867188,54.9351409358336,250380485,1720698686
1.0,0,-4.539475917816162,2.3894498348236084,8.983181953430176,-0.983254075050354,0.36619022488594055,0.5965571999549866,27.053438186645508,-40.453643798828125,21.759891510009766,53.30927398538184,263380485,1720698686
1.0,0,-4.27850341796875,1.9417272806167603,9.311192512512207,-0.971802294254303,0.3784409463405609,0.5824421644210815,28.973360061645508,-38.52728271484375,21.253847122192383,52.68332871169758,275380485,1720698686
1.0,0,-4.853120803833008,1.2569750547409058,8.391804695129395,-0.9885805249214172,0.36299437284469604,0.5944266319274902,27.926130294799805,-40.27852249145508,21.253847122192383,53.422412383102966,288380485,1720698686
1.0,0,-4.853120803833008,1.2569750547409058,8.391804695129395,-0.9885805249214172,0.36299437284469604,0.5944266319274902,27.57705307006836,-39.22777557373047,19.904396057128906,51.918178077542166,300380485,1720698686
1.0,0,-3.7230403423309326,4.537081718444824,10.175512313842773,-0.9587526321411133,0.3576679825782776,0.5816432237625122,27.227977752685547,-37.826786041259766,20.916484832763672,51.08549551948397,313380485,1720698686
1.0,0,-4.130061149597168,2.6480274200439453,8.971210479736328,-0.9760634303092957,0.3704513609409332,0.5946929454803467,26.006208419799805,-38.7024040222168,19.060989379882812,50.373805391423176,325380485,1720698686
1.0,0,-5.758142948150635,3.1053268909454346,8.25772762298584,-0.9744654893875122,0.3552711009979248,0.6141343116760254,27.053438186645508,-39.75314712524414,20.41044044494629,52.2377957348571,338380485,1720698686
1.0,0,-3.1891250610351562,3.3974239826202393,9.790040016174316,-0.9643453359603882,0.33236756920814514,0.5938939452171326,26.006208419799805,-37.65166091918945,19.735713958740234,49.83441433195436,350380485,1720698686
1.0,0,-5.41337251663208,2.6935181617736816,9.174720764160156,-0.9792592525482178,0.3440856635570526,0.6024162173271179,26.35528564453125,-38.7024040222168,19.060989379882812,50.554905544800924,363380485,1720698686
1.0,0,-6.368673324584961,3.9888007640838623,8.786853790283203,-0.9813898205757141,0.33796030282974243,0.6109384894371033,26.35528564453125,-38.7024040222168,19.060989379882812,50.554905544800924,375380485,1720698686
1.0,0,-3.3327796459198,1.702303409576416,9.490760803222656,-0.9835203886032104,0.3326338827610016,0.5936276316642761,26.35528564453125,-38.7024040222168,19.060989379882812,50.554905544800924,388380485,1720698686
1.0,0,-4.2665324211120605,0.8810796737670898,9.162749290466309,-0.9837867021560669,0.3265085518360138,0.5883012413978577,26.35528564453125,-38.7024040222168,19.060989379882812,50.554905544800924,400380485,1720698686
1.0,0,-5.856306552886963,1.2713404893875122,8.286458015441895,-0.983254075050354,0.33369916677474976,0.6050794720649719,25.8316707611084,-37.47653579711914,15.85604476928711,48.19937868260018,413380485,1720698686
1.0,0,-5.952075958251953,1.9872177839279175,8.228997230529785,-0.963013768196106,0.30999666452407837,0.6130690574645996,25.482593536376953,-38.87752914428711,17.205495834350586,49.56666150358474,425380485,1720698686
1.0,0,-5.480411052703857,5.070996284484863,9.24415397644043,-0.9686064720153809,0.31372517347335815,0.6008183360099792,26.704362869262695,-35.900421142578125,16.699451446533203,47.75808741022662,438380485,1720698686
1.0,0,-5.070996284484863,0.4692707061767578,9.464424133300781,-1.008554458618164,0.2996101677417755,0.6128026843070984,24.784440994262695,-35.72529602050781,16.868131637573242,46.6379583182358,450380485,1720698686
1.0,0,-5.1236701011657715,3.7565598487854004,9.655962944030762,-0.9675412178039551,0.30626818537712097,0.6149332523345947,24.43536376953125,-36.776039123535156,16.19340705871582,47.02967667690664,463380485,1720698686
1.0,0,-3.2633466720581055,0.6703867316246033,9.768491744995117,-0.9901784062385559,0.28229936957359314,0.5912307500839233,24.9589786529541,-35.900421142578125,15.687362670898438,46.45303220653509,475380485,1720698686
1.0,0,-4.8339667320251465,3.842752456665039,9.904963493347168,-0.9696717262268066,0.28735947608947754,0.6154659390449524,24.43536376953125,-35.02479934692383,15.85604476928711,45.554777220037344,488380485,1720698686
1.0,0,-3.766136884689331,0.4309628903865814,9.56258773803711,-1.0152125358581543,0.29801228642463684,0.6080089211463928,24.260826110839844,-34.499427795410156,15.687362670898438,44.998794976748265,500380485,1720698686
1.0,0,-5.173948764801025,3.48122239112854,9.531462669372559,-0.9664758443832397,0.29854491353034973,0.6037477850914001,23.737211227416992,-35.72529602050781,15.518681526184082,45.61339111400346,513380485,1720698686
1.0,0,-4.891428470611572,0.7182714939117432,9.157960891723633,-1.009087085723877,0.27803826332092285,0.6101395487785339,25.8316707611084,-35.02479934692383,14.506593704223633,45.87431791865683,525380485,1720698686
1.0,0,-5.9448933601379395,0.871502697467804,8.786853790283203,-0.9994996190071106,0.26791810989379883,0.6247870922088623,24.43536376953125,-36.07554626464844,14.169231414794922,45.81810951717805,538380485,1720698686
1.0,0,-4.414975166320801,1.9608811140060425,9.569769859313965,-0.9843193888664246,0.287625789642334,0.6154659390449524,23.9117488861084,-33.79893112182617,13.663187026977539,43.59841923171554,550380485,1720698686
1.0,0,-5.817998886108398,0.9983972907066345,8.750940322875977,-0.9960374236106873,0.2838973104953766,0.6002857089042664,23.21359634399414,-33.79893112182617,12.65109920501709,42.910244829120145,563380485,1720698686
1.0,0,-4.604119777679443,2.4109978675842285,9.524279594421387,-0.9816561341285706,0.27803826332092285,0.6250534057617188,22.68998146057129,-34.67455291748047,12.145055770874023,43.18173524056048,575380485,1720698686
1.0,0,-4.80763053894043,-1.2593693733215332,8.83952808380127,-1.0138808488845825,0.2519388794898987,0.6178628206253052,23.737211227416992,-32.57306671142578,11.470330238342285,41.90499191765386,588380485,1720698686
1.0,0,-4.3311767578125,3.0837788581848145,9.612866401672363,-0.9861835837364197,0.26685282588005066,0.6082752346992493,21.9918270111084,-32.57306671142578,12.482418060302734,41.23658437486892,600380485,1720698686
1.0,0,-4.776504993438721,2.861114501953125,9.730184555053711,-0.9931079149246216,0.23356278240680695,0.6253197193145752,20.77005958557129,-34.1491813659668,11.976373672485352,41.72523804002652,613380485,1720698686
1.0,0,-5.717440605163574,1.3910523653030396,8.880229949951172,-0.9789929389953613,0.24101975560188293,0.6157322525978088,22.51544189453125,-33.09843826293945,12.313736915588379,41.88173654444084,625380485,1720698686
1.0,0,-4.640033721923828,2.375084400177002,9.524279594421387,-0.9963037371635437,0.2407534420490265,0.6093405485153198,23.21359634399414,-32.39794158935547,10.289560317993164,41.16275896956868,638380485,1720698686
1.0,0,-5.269718647003174,0.1987217664718628,9.251337051391602,-0.9891131520271301,0.23169854283332825,0.6101395487785339,23.21359634399414,-32.39794158935547,10.289560317993164,41.16275896956868,650380485,1720698686
1.0,0,-4.9129767417907715,-0.5363093614578247,8.992758750915527,-1.019473671913147,0.2157193422317505,0.6231892108917236,23.21359634399414,-32.39794158935547,10.289560317993164,41.16275896956868,663380485,1720698686
1.0,0,-5.284083843231201,1.3072539567947388,9.385414123535156,-1.0010974407196045,0.2101266235113144,0.6112048029899597,23.21359634399414,-32.39794158935547,10.289560317993164,41.16275896956868,675380485,1720698686
1.0,0,-4.9129767417907715,5.159583568572998,10.601686477661133,-0.943306028842926,0.2402207851409912,0.6114711165428162,23.21359634399414,-32.39794158935547,10.289560317993164,41.16275896956868,688380485,1720698686
1.0,0,-5.564209461212158,1.0989553928375244,9.203451156616211,-0.9994996190071106,0.24421559274196625,0.6213249564170837,20.944597244262695,-29.420833587646484,8.09670352935791,37.011055250542114,700380485,1720698686
1.0,0,-10.855476379394531,-7.086945056915283,12.598481178283691,-0.9076191186904907,0.013316008262336254,0.5070735812187195,20.246444702148438,-30.82182502746582,8.434065818786621,37.82904819495857,713380485,1720698686
1.0,0,-15.52663516998291,39.22600173950195,26.99982452392578,-0.4423578083515167,-0.04607338830828667,0.22610582411289215,20.420982360839844,-29.946205139160156,7.928022384643555,37.103170508055015,725380485,1720698686
1.0,0,-13.778841018676758,13.817148208618164,15.799577713012695,0.09374470263719559,0.27164655923843384,0.021838253363966942,20.246444702148438,-29.771080017089844,9.44615364074707,37.22184233841361,738380485,1720698686
1.0,0,-0.08379834145307541,-8.9999418258667,9.076557159423828,-0.007989604957401752,0.19840852916240692,-0.25113990902900696,21.468212127685547,-31.347196578979492,7.5906596183776855,38.74466387468806,750380485,1720698686
1.0,0,-3.4884049892425537,-1.9680639505386353,4.879457473754883,0.1387528032064438,0.13049687445163727,-0.10892495512962341,21.119136810302734,-31.347196578979492,8.265384674072266,38.69084202733065,763380485,1720698686
1.0,0,-2.145237445831299,-4.74298620223999,7.410167217254639,0.08841829746961594,-0.07217276096343994,-0.0412796251475811,20.944597244262695,-30.471576690673828,8.771429061889648,38.00172505989374,776380485,1720698686
1.0,0,-5.080573558807373,-4.453282833099365,8.961633682250977,0.007456964813172817,-0.09294573962688446,0.035686902701854706,22.68998146057129,-29.070585250854492,8.771429061889648,37.90609651884549,788380485,1720698686
1.0,0,-6.253750324249268,2.7390084266662598,11.585718154907227,-0.032491061836481094,-0.05779147893190384,0.08202660828828812,20.944597244262695,-28.7203369140625,8.434065818786621,36.53309968257912,801380485,1720698686
1.0,0,-10.45803165435791,28.371723175048828,19.211368560791016,0.15473201870918274,-0.34355300664901733,0.06604740023612976,21.468212127685547,-30.9969482421875,9.614835739135742,38.91195187315483,813380485,1720698686
1.0,0,-14.386978149414062,11.698247909545898,20.53777503967285,0.7225266695022583,-0.2277037501335144,-0.3384929299354553,20.420982360839844,-29.946205139160156,7.928022384643555,37.103170508055015,826380485,1720698686
1.0,0,-12.100480079650879,34.52012634277344,22.766813278198242,0.9675412178039551,-0.1632542759180069,-0.7584798336029053,20.944597244262695,-30.121328353881836,7.759340763092041,37.49903924908642,838380485,1720698686
1.0,0,-13.371821403503418,33.6390495300293,16.88656234741211,1.6447932720184326,0.011984407901763916,-0.8234620094299316,23.388134002685547,-30.82182502746582,9.10879135131836,39.74870802973533,851380485,1720698686
1.0,0,-1.7501882314682007,-22.56330108642578,8.36307430267334,1.119343638420105,-0.04953555390238762,-1.086319923400879,22.166366577148438,-31.697444915771484,9.277472496032715,39.77621547276129,863380485,1720698686
1.0,0,-5.626460075378418,17.27442741394043,7.80042839050293,1.616829752922058,-0.1576615422964096,-0.8713996410369873,23.21359634399414,-31.697444915771484,10.626923561096191,40.700498446378354,876380485,1720698686
1.0,0,2.013554334640503,-16.182655334472656,5.0183234214782715,1.214419960975647,-0.27990248799324036,-0.83810955286026,22.864519119262695,-32.74818801879883,11.976373672485352,41.69728503647124,888380485,1720698686
1.0,0,-3.5793862342834473,2.4421229362487793,9.572164535522461,1.1869889497756958,-0.34861311316490173,-0.6881713271141052,23.737211227416992,-31.872568130493164,11.132966995239258,41.27055548699371,901380485,1720698686
1.0,0,-4.063022136688232,3.9050025939941406,12.15075969696045,1.2101589441299438,-0.3928222358226776,-0.6444948315620422,23.0390567779541,-33.2735595703125,12.819780349731445,42.45320567297937,913380485,1720698686
1.0,0,-6.608097076416016,7.216233730316162,10.587321281433105,1.1952449083328247,-0.24501456320285797,-0.7622083425521851,21.9918270111084,-34.32430648803711,10.458242416381836,42.08530985523371,926380485,1720698686
1.0,0,-4.405398368835449,3.639242172241211,10.194665908813477,1.2256053686141968,-0.23089958727359772,-0.8309189081192017,23.388134002685547,-33.2735595703125,12.819780349731445,42.6436554111168,938380485,1720698686
1.0,0,-3.742194175720215,2.8275954723358154,9.014307022094727,1.3044360876083374,-0.2833646535873413,-0.8088143467903137,23.388134002685547,-33.2735595703125,12.819780349731445,42.6436554111168,951380485,1720698686
1.0,0,-2.782104730606079,-2.9209704399108887,9.22021198272705,1.1627538204193115,-0.2721792161464691,-0.8090806603431702,23.388134002685547,-33.2735595703125,12.819780349731445,42.6436554111168,963380485,1720698686
1.0,0,-5.001564025878906,4.915370941162109,10.359869003295898,1.2104252576828003,-0.29668065905570984,-0.7353100180625916,23.737211227416992,-35.02479934692383,14.843955993652344,44.83898745164496,976380485,1720698686
1.0,0,-3.8762714862823486,1.5586491823196411,10.26170539855957,1.1952449083328247,-0.3283727765083313,-0.7361089587211609,24.43536376953125,-35.02479934692383,14.843955993652344,45.21246068710576,988380485,1720698686
1.0,0,-4.101330280303955,6.3303656578063965,10.23058032989502,1.2141536474227905,-0.2745760977268219,-0.7528871297836304,25.482593536376953,-35.72529602050781,15.518681526184082,46.54555645176281,1380485,1720698687
1.0,0,-3.1867308616638184,0.5698286890983582,9.694270133972168,1.177934169769287,-0.30733346939086914,-0.7773885726928711,24.43536376953125,-35.02479934692383,15.85604476928711,45.554777220037344,13380485,1720698687
1.0,0,-3.9409162998199463,4.810024738311768,10.05101203918457,1.2237411737442017,-0.3289054334163666,-0.7733937501907349,24.43536376953125,-36.07554626464844,16.53076934814453,46.60255761311459,26380485,1720698687
1.0,0,-4.082176208496094,1.0821956396102905,10.058194160461426,1.2008377313613892,-0.3004091680049896,-0.7835139632225037,24.43536376953125,-34.32430648803711,16.19340705871582,45.13835897109347,38380485,1720698687
1.0,0,-2.8994224071502686,1.2402154207229614,9.861867904663086,1.2024356126785278,-0.30067548155784607,-0.7845792174339294,24.260826110839844,-35.19992446899414,16.699451446533203,45.896558093373635,51380485,1720698687
1.0,0,-4.482014179229736,-2.2817089557647705,8.92811393737793,1.132127046585083,-0.3566026985645294,-0.7544850707054138,24.086286544799805,-36.4257926940918,17.542858123779297,47.06101830668568,63380485,1720698687
1.0,0,-5.030294418334961,5.940104961395264,9.361471176147461,1.2160178422927856,-0.324111670255661,-0.7606104016304016,26.006208419799805,-36.95116424560547,17.036813735961914,48.29041765975563,76380485,1720698687
1.0,0,-2.652815818786621,1.2593693733215332,9.665539741516113,1.1691455841064453,-0.36192911863327026,-0.7542187571525574,25.8316707611084,-36.776039123535156,17.542858123779297,48.24421352947046,88380485,1720698687
1.0,0,-5.734200954437256,7.211445331573486,9.94327163696289,1.2317308187484741,-0.36805447936058044,-0.7387721538543701,25.657133102416992,-37.65166091918945,17.711538314819336,48.88388935514515,101380485,1720698687
1.0,0,-4.27850341796875,-1.1731767654418945,8.825161933898926,1.1723413467407227,-0.34808048605918884,-0.7504902482032776,27.227977752685547,-37.47653579711914,18.89230728149414,50.027720138658005,113380485,1720698687
1.0,0,-4.862698078155518,3.4907991886138916,9.588924407958984,1.1987069845199585,-0.3632607161998749,-0.7374405264854431,26.704362869262695,-38.00190734863281,20.41044044494629,50.73316506531037,126380485,1720698687
1.0,0,-3.023922920227051,2.3798727989196777,9.854684829711914,1.1608896255493164,-0.3960181176662445,-0.7409027218818665,27.227977752685547,-37.826786041259766,18.21758270263672,50.04107147373438,138380485,1720698687
1.0,0,-5.880249500274658,6.766117572784424,8.84192180633545,1.1925817728042603,-0.3597985506057739,-0.7254561185836792,26.180747985839844,-38.177032470703125,20.241758346557617,50.523718730192584,151380485,1720698687
1.0,0,-3.9289448261260986,-0.004788476508110762,9.045432090759277,1.1851247549057007,-0.38376736640930176,-0.7305161952972412,28.624282836914062,-39.578025817871094,18.89230728149414,52.370688080128566,163380485,1720698687
1.0,0,-3.4189720153808594,4.898611545562744,10.350292205810547,1.1963101625442505,-0.4117310047149658,-0.7422342896461487,28.10066795349121,-39.40290069580078,21.08516502380371,52.79034293084807,176380485,1720698687
1.0,0,-5.937710762023926,-0.9960030913352966,8.133227348327637,1.1244038343429565,-0.39308857917785645,-0.7347773313522339,27.227977752685547,-39.22777557373047,20.579120635986328,51.996936016597964,188380485,1720698687
1.0,0,-3.9097909927368164,4.307234764099121,9.22260570526123,1.196043848991394,-0.4077361822128296,-0.717732846736908,28.10066795349121,-40.453643798828125,22.097253799438477,53.985493065374804,201380485,1720698687
1.0,0,-2.8012585639953613,3.3184142112731934,10.058194160461426,1.1832605600357056,-0.436498761177063,-0.7350436449050903,28.624282836914062,-39.92827224731445,23.615385055541992,54.50965881295562,213380485,1720698687
1.0,0,-5.190708637237549,6.4548659324646,9.157960891723633,1.2200127840042114,-0.3957517743110657,-0.7281193733215332,28.624282836914062,-39.92827224731445,23.615385055541992,54.50965881295562,226380485,1720698687
1.0,0,-2.9544899463653564,0.826012134552002,9.134018898010254,1.1627538204193115,-0.4386293292045593,-0.7371742129325867,28.624282836914062,-39.92827224731445,23.615385055541992,54.50965881295562,239380485,1720698687
1.0,0,-4.414975166320801,5.643219470977783,9.418932914733887,1.2032345533370972,-0.4420914947986603,-0.7121401429176331,28.624282836914062,-39.92827224731445,23.615385055541992,54.50965881295562,251380485,1720698687
1.0,0,-6.502751350402832,0.8571372628211975,7.580158233642578,1.1323933601379395,-0.4253133237361908,-0.7206623554229736,28.973360061645508,-39.22777557373047,23.27802276611328,54.03832263888663,264380485,1720698687
1.0,0,-4.589754581451416,5.67913293838501,9.184297561645508,1.196043848991394,-0.4335692524909973,-0.7201297283172607,30.02058982849121,-40.9790153503418,24.96483612060547,56.601753994578175,276380485,1720698687
1.0,0,-3.2465872764587402,-1.1085323095321655,8.655171394348145,1.1497042179107666,-0.4847027063369751,-0.7156022787094116,29.846052169799805,-39.05265426635742,22.7719783782959,54.170652890948546,289380485,1720698687
1.0,0,-6.629645824432373,4.977621555328369,7.73817777633667,1.1667487621307373,-0.4391619563102722,-0.7118738293647766,29.671512603759766,-42.380008697509766,26.314287185668945,58.04227345207921,301380485,1720698687
1.0,0,-4.419764041900635,3.943310499191284,8.858681678771973,1.1598243713378906,-0.47564783692359924,-0.7148033380508423,29.49697494506836,-39.75314712524414,24.796154022216797,55.36455085670609,314380485,1720698687
1.0,0,-4.029502868652344,5.458862781524658,9.778068542480469,1.1955112218856812,-0.5049430131912231,-0.6849755048751831,30.893281936645508,-41.854637145996094,25.133516311645508,57.774554620765485,326380485,1720698687
1.0,0,-4.458071708679199,1.5299183130264282,8.391804695129395,1.1323933601379395,-0.46632662415504456,-0.7073463797569275,29.671512603759766,-42.73025894165039,24.96483612060547,57.70196471476734,339380485,1720698687
1.0,0,-4.592148780822754,5.645613670349121,8.612074851989746,1.1872552633285522,-0.47697943449020386,-0.7046831250190735,30.195127487182617,-42.55513381958008,25.133516311645508,57.91699906380967,351380485,1720698687
1.0,0,-3.7278289794921875,2.2817089557647705,8.626440048217773,1.147573709487915,-0.5046766996383667,-0.6985577940940857,31.242359161376953,-41.854637145996094,26.820329666137695,58.713079803326416,364380485,1720698687
1.0,0,-5.035082817077637,5.322391510009766,8.391804695129395,1.180863618850708,-0.47884365916252136,-0.7065474390983582,29.671512603759766,-40.62876892089844,26.989011764526367,57.09205093748674,376380485,1720698687
1.0,0,-5.406189918518066,1.5251296758651733,7.802822589874268,1.1204088926315308,-0.49562183022499084,-0.6998893618583679,31.94051170349121,-42.55513381958008,25.47088050842285,58.9906895718094,389380485,1720698687
1.0,0,-2.865903377532959,2.8778743743896484,8.84192180633545,1.1513020992279053,-0.536635160446167,-0.6735236644744873,29.671512603759766,-42.380008697509766,29.013187408447266,59.314659579177906,401380485,1720698687
1.0,0,-3.7062809467315674,4.1133012771606445,8.57376766204834,1.1566286087036133,-0.5086715221405029,-0.7065474390983582,32.63866424560547,-41.854637145996094,26.820329666137695,59.46783279858672,414380485,1720698687
1.0,0,-4.793264865875244,6.727809429168701,8.973605155944824,1.1920491456985474,-0.5025461316108704,-0.6889702677726746,31.067819595336914,-44.131248474121094,27.66373634338379,60.647001696450495,426380485,1720698687
1.0,0,-1.4006292819976807,2.839566469192505,9.564981460571289,1.14277982711792,-0.5550112128257751,-0.6796491146087646,32.289588928222656,-43.95612335205078,28.844507217407227,61.69897835385413,439380485,1720698687
1.0,0,-5.243381977081299,6.60330867767334,8.106890678405762,1.1797983646392822,-0.5139979720115662,-0.6735236644744873,32.289588928222656,-43.60587692260742,28.844507217407227,61.449944279537334,451380485,1720698687
1.0,0,-5.882643699645996,3.100538492202759,7.3910136222839355,1.1467746496200562,-0.5286455154418945,-0.6772521734237671,32.11505126953125,-41.67951202392578,29.013187408447266,60.0859657839905,464380485,1720698687
1.0,0,-3.7972617149353027,3.7302231788635254,8.561796188354492,1.1659497022628784,-0.5603376030921936,-0.660740315914154,32.11505126953125,-43.43075180053711,28.001100540161133,60.84133752198985,476380485,1720698687
1.0,0,-5.073390483856201,-1.225849986076355,7.592129230499268,1.106826663017273,-0.5510164499282837,-0.6748553514480591,30.893281936645508,-42.20488357543945,28.507143020629883,59.567644486181536,489380485,1720698687
1.0,0,-5.731806755065918,6.450077533721924,7.898591995239258,1.1654170751571655,-0.546755313873291,-0.6681972742080688,33.86043167114258,-42.380008697509766,29.350549697875977,61.67697088642248,501380485,1720698687
1.0,0,-3.1172983646392822,5.085361957550049,8.786853790283203,1.1342575550079346,-0.5744526386260986,-0.6460927128791809,33.86043167114258,-42.380008697509766,29.350549697875977,61.67697088642248,514380485,1720698687
1.0,0,-3.711069345474243,4.774110794067383,8.566584587097168,1.134523868560791,-0.563267171382904,-0.6551476120948792,33.86043167114258,-42.380008697509766,29.350549697875977,61.67697088642248,526380485,1720698687
1.0,0,-3.842752456665039,3.0837788581848145,7.558609962463379,1.1462420225143433,-0.5784474611282349,-0.6599413752555847,33.86043167114258,-42.380008697509766,29.350549697875977,61.67697088642248,539380485,1720698687
1.0,0,-3.6200881004333496,4.4484944343566895,8.39659309387207,1.134523868560791,-0.6040140986442566,-0.6378368139266968,33.16228103637695,-43.95612335205078,32.724178314208984,64.05270884214418,551380485,1720698687
1.0,0,-5.88982629776001,4.522716045379639,7.616071701049805,1.1212078332901,-0.5784474611282349,-0.6415652632713318,32.46412658691406,-43.781002044677734,32.0494499206543,63.22865564998029,564380485,1720698687
1.0,0,-4.819601535797119,7.544244766235352,8.176322937011719,1.164884328842163,-0.5760505199432373,-0.6373041868209839,34.03497314453125,-43.60587692260742,32.89285659790039,64.3567550013873,576380485,1720698687
1.0,0,-2.6959123611450195,2.9473073482513428,8.676718711853027,1.1273332834243774,-0.6178628206253052,-0.6343746185302734,33.511356353759766,-43.08050537109375,32.724178314208984,63.638139460842645,589380485,1720698687
1.0,0,-4.391032695770264,3.995983600616455,7.63043737411499,1.13532292842865,-0.5922960638999939,-0.6458263993263245,35.08220291137695,-43.60587692260742,31.880769729614258,64.40975812605805,601380485,1720698687
1.0,0,-7.529879570007324,-20.501861572265625,4.199493885040283,0.8032216429710388,-0.2801688015460968,-0.8024227023124695,35.25674057006836,-43.08050537109375,33.06153869628906,64.74591137377062,614380485,1720698687
1.0,0,-6.478808403015137,-5.782085418701172,7.407773017883301,0.3195841908454895,-0.27191290259361267,-0.47298464179039,35.08220291137695,-43.25563049316406,33.230220794677734,64.85412943320728,626380485,1720698687
1.0,0,-11.978373527526855,-17.142745971679688,-1.3958408832550049,0.37684306502342224,0.04847027361392975,0.12517046928405762,34.55858612060547,-42.73025894165039,32.724178314208984,63.961259761014276,639380485,1720698687
1.0,0,8.11886215209961,-20.78677749633789,9.909751892089844,-0.21598565578460693,-0.19121788442134857,0.26285800337791443,34.90766143798828,-42.73025894165039,33.398902893066406,64.49733770280899,649975744,1720698687
1.0,0,-13.01029109954834,21.502653121948242,5.154795169830322,0.0143812894821167,-0.022370893508195877,0.3078661262989044,34.55858612060547,-42.029762268066406,34.07362747192383,64.20131525179937,662975744,1720698687
1.0,0,-3.6296653747558594,19.271224975585938,11.430092811584473,-0.0932120606303215,0.0644494816660881,0.09667421877384186,34.03497314453125,-43.95612335205078,32.21813201904297,64.25362408367445,674975744,1720698687
1.0,0,-3.256164073944092,10.431695938110352,8.794036865234375,-0.12250728160142899,0.11771351844072342,-0.11771351844072342,34.55858612060547,-42.380008697509766,33.736263275146484,64.25337712234514,687975744,1720698687
1.0,0,-4.924948215484619,6.426135540008545,7.740571975708008,-0.08282557129859924,0.10466382652521133,-0.16218899190425873,31.242359161376953,-41.854637145996094,32.55549621582031,61.54474787055156,699975744,1720698687
1.0,0,-10.34789752960205,-6.497962951660156,9.028672218322754,-0.3398245573043823,-0.03089314140379429,-0.007989604957401752,35.431278228759766,-43.95612335205078,34.91703414916992,66.38309672528683,712975744,1720698687
1.0,0,2.1572086811065674,-21.957557678222656,16.08928108215332,-0.3816367983818054,-0.22131206095218658,0.7211949825286865,34.90766143798828,-43.43075180053711,34.41099166870117,65.4896280082006,725975744,1720698687
1.0,0,-5.363093852996826,-14.877796173095703,6.169951915740967,-1.0024291276931763,-0.32943806052207947,0.9755308032035828,34.209510803222656,-44.48149871826172,33.06153869628906,65.1303285619284,737975744,1720698687
1.0,0,-7.716629505157471,33.138648986816406,9.931300163269043,-0.6061447262763977,-0.34808048605918884,1.2549006938934326,33.68589401245117,-42.90538024902344,33.56758499145508,64.04993264547547,750975744,1720698687
1.0,0,4.084570407867432,-1.5442836284637451,8.882623672485352,-1.0037606954574585,-0.4572717547416687,0.994705855846405,31.94051170349121,-45.00687026977539,33.230220794677734,64.42097665686453,762975744,1720698687
1.0,0,-6.50514554977417,19.656694412231445,6.881041049957275,-0.8732638359069824,-0.4127962589263916,0.8924389481544495,30.02058982849121,-44.83174514770508,32.38681411743164,62.92874474607258,775975744,1720698687
1.0,0,-5.138035297393799,9.799616813659668,5.97601842880249,-0.7664694786071777,-0.3960181176662445,0.8322505354881287,32.289588928222656,-43.95612335205078,31.880769729614258,63.175484262860955,787975744,1720698687
1.0,0,-1.0271282196044922,-3.847540855407715,8.844316482543945,-0.8397074937820435,-0.5084052085876465,0.7877750992774963,31.067819595336914,-44.48149871826172,31.374725341796875,62.67524657234553,800975744,1720698687
1.0,0,-3.6320595741271973,-0.7900986075401306,10.534648895263672,-0.7579472064971924,-0.4447546899318695,0.9310553073883057,31.067819595336914,-44.48149871826172,31.374725341796875,62.67524657234553,812975744,1720698687
1.0,0,-3.143634796142578,4.221041679382324,9.742155075073242,-0.7265214323997498,-0.45940232276916504,1.0511656999588013,31.067819595336914,-44.48149871826172,31.374725341796875,62.67524657234553,825975744,1720698687
1.0,0,-3.5195302963256836,10.5490140914917,7.295243740081787,-0.7411690354347229,-0.4428904354572296,1.0120166540145874,31.067819595336914,-44.48149871826172,31.374725341796875,62.67524657234553,837975744,1720698687
1.0,0,-4.891428470611572,9.48597240447998,7.424532890319824,-0.7675347328186035,-0.4452873170375824,0.9156087636947632,28.624282836914062,-44.131248474121094,30.02527618408203,60.56759752328527,850975744,1720698687
1.0,0,-0.9672722220420837,4.515533447265625,8.9999418258667,-0.7081453204154968,-0.4809742271900177,0.8530234694480896,28.10066795349121,-45.707366943359375,30.53131866455078,61.73307340254182,862975744,1720698687
1.0,0,-2.403815269470215,2.7485857009887695,8.7677001953125,-0.6996230483055115,-0.4908280670642853,0.884449303150177,29.49697494506836,-43.95612335205078,30.19395637512207,60.941671396782915,875975744,1720698687
1.0,0,-2.839566469192505,3.3471450805664062,9.768491744995117,-0.6900355815887451,-0.47431620955467224,0.9337185025215149,27.227977752685547,-43.43075180053711,29.350549697875977,59.06816183044876,887975744,1720698687
1.0,0,-3.404606819152832,4.5011677742004395,9.361471176147461,-0.660740315914154,-0.47618046402931213,0.9710033535957336,26.704362869262695,-43.60587692260742,29.181869506835938,58.874247395247814,900975744,1720698687
1.0,0,-3.744588851928711,4.482014179229736,7.376648426055908,-0.6966935992240906,-0.4695224463939667,0.9771286845207214,25.482593536376953,-44.83174514770508,29.687911987304688,59.503109704408956,912975744,1720698687
1.0,0,-1.9034193754196167,6.047845840454102,9.22021198272705,-0.6596750617027283,-0.5134652853012085,0.9422407746315002,25.13351821899414,-44.131248474121094,29.687911987304688,58.82714465376571,925975744,1720698687
1.0,0,-1.6879379749298096,6.768511772155762,8.731786727905273,-0.6426305770874023,-0.5078725814819336,0.9036243557929993,24.9589786529541,-43.60587692260742,28.169780731201172,57.6017331686483,937975744,1720698687
1.0,0,-0.22026991844177246,3.3423564434051514,10.606474876403809,-0.6484896540641785,-0.5020135045051575,0.8879114389419556,23.0390567779541,-44.48149871826172,28.001100540161133,57.388705307758286,950975744,1720698687
1.0,0,-0.22026991844177246,3.3423564434051514,10.606474876403809,-0.6484896540641785,-0.5020135045051575,0.8879114389419556,22.864519119262695,-42.20488357543945,28.507143020629883,55.82737353100337,962975744,1720698687
1.0,0,-5.166766166687012,3.837963819503784,7.661562442779541,-0.6205259561538696,-0.4870995879173279,0.9473008513450623,23.0390567779541,-44.83174514770508,29.013187408447266,58.158821805503024,975975744,1720698687
1.0,0,-1.9417272806167603,5.717440605163574,8.7677001953125,-0.5867033004760742,-0.5390320420265198,0.9419744610786438,22.864519119262695,-44.656620025634766,29.51923179626465,58.209835874280344,987975744,1720698687
1.0,0,-0.4501167833805084,5.003958225250244,9.569769859313965,-0.5962908864021301,-0.5435594916343689,0.919337272644043,23.21359634399414,-45.00687026977539,28.169780731201172,57.94847688374771,975744,1720698688
1.0,0,-0.7733389735221863,6.148403644561768,9.960031509399414,-0.5760505199432373,-0.536635160446167,0.9190709590911865,20.595521926879883,-43.43075180053711,27.66373634338379,55.458885977602364,12975744,1720698688
1.0,0,-1.3910523653030396,4.565812110900879,10.077349662780762,-0.5558102130889893,-0.5281128883361816,0.9172066450119019,21.119136810302734,-43.95612335205078,27.49505615234375,55.98336210494618,25975744,1720698688
1.0,0,-2.937730312347412,2.394238233566284,8.217025756835938,-0.5472879409790039,-0.5424941778182983,0.9201362133026123,20.07190704345703,-42.55513381958008,27.15769386291504,54.32643189751524,37975744,1720698688
1.0,0,-2.221853017807007,3.8499350547790527,9.428509712219238,-0.5446247458457947,-0.5643324255943298,0.9534262418746948,19.548290252685547,-44.83174514770508,27.326374053955078,56.02456375313143,50975744,1720698688
1.0,0,0.08619257807731628,4.216253280639648,9.545827865600586,-0.5318413972854614,-0.5720556974411011,0.9443712830543518,17.977445602416992,-45.00687026977539,28.844507217407227,56.3986925245906,62975744,1720698688
1.0,0,-0.15323124825954437,6.670347690582275,10.130022048950195,-0.4948228895664215,-0.570191502571106,0.92812579870224,18.326522827148438,-45.35711669921875,26.482967376708984,55.6280238304074,75975744,1720698688
1.0,0,0.22984686493873596,5.9927778244018555,10.426907539367676,-0.49881768226623535,-0.5728546380996704,0.914277195930481,18.501060485839844,-44.83174514770508,25.9769229888916,55.01795288867341,87975744,1720698688
1.0,0,-2.573806047439575,4.3982157707214355,8.930508613586426,-0.4884311854839325,-0.572588324546814,0.9262615442276001,16.93021583557129,-43.95612335205078,25.808242797851562,53.71069153057508,100975744,1720698688
1.0,0,-2.193122148513794,3.584174633026123,8.588132858276367,-0.4785773456096649,-0.5811105966567993,0.9467682242393494,16.93021583557129,-43.95612335205078,25.808242797851562,53.71069153057508,112975744,1720698688
1.0,0,-0.6416558623313904,3.1939139366149902,9.761309623718262,-0.4591359496116638,-0.606943666934967,0.9315879940986633,16.93021583557129,-43.95612335205078,25.808242797851562,53.71069153057508,125975744,1720698688
1.0,0,1.3647156953811646,4.438917636871338,10.544225692749023,-0.44262412190437317,-0.6293145418167114,0.9377133250236511,16.93021583557129,-43.95612335205078,25.808242797851562,53.71069153057508,137975744,1720698688
1.0,0,-0.23702958226203918,5.164371967315674,10.450849533081055,-0.4407598674297333,-0.6053457856178284,0.9164077043533325,13.264911651611328,-44.131248474121094,25.9769229888916,52.89920132648955,150975744,1720698688
1.0,0,0.06464443355798721,4.692707061767578,9.560193061828613,-0.41572579741477966,-0.5938939452171326,0.889509379863739,12.217681884765625,-42.029762268066406,26.989011764526367,51.42158518534071,162975744,1720698688
1.0,0,-0.6871464252471924,4.194705486297607,9.802011489868164,-0.4197205901145935,-0.6037477850914001,0.9148098230361938,11.344990730285645,-42.90538024902344,26.145605087280273,51.50896168982223,175975744,1720698688
1.0,0,-1.132474660873413,3.483616590499878,8.60489273071289,-0.39548543095588684,-0.6327767372131348,0.9078854322433472,11.868605613708496,-44.48149871826172,25.9769229888916,52.86083668849063,188975744,1720698688
1.0,0,1.8746886253356934,5.643219470977783,10.807591438293457,-0.3739134967327118,-0.6673983335494995,0.8929715752601624,12.56675910949707,-42.73025894165039,24.627473831176758,50.895097318326414,200975744,1720698688
1.0,0,1.02952241897583,4.721437454223633,10.503522872924805,-0.36672288179397583,-0.6261186599731445,0.9054886102676392,11.51952838897705,-42.73025894165039,27.326374053955078,52.012549278627084,213975744,1720698688
1.0,0,0.050279002636671066,2.7414026260375977,9.483577728271484,-0.36485862731933594,-0.6516854166984558,0.9270604848861694,10.64683723449707,-43.25563049316406,25.808242797851562,51.48271660248588,225975744,1720698688
1.0,0,-0.8810796737670898,4.3311767578125,8.9568452835083,-0.3558037579059601,-0.6293145418167114,0.9086844325065613,9.425068855285645,-42.73025894165039,25.30219841003418,50.54609971627984,238975744,1720698688
1.0,0,0.36152997612953186,2.7964701652526855,9.375837326049805,-0.33556342124938965,-0.662604570388794,0.8879114389419556,9.948683738708496,-44.306373596191406,25.47088050842285,52.065312860411055,250975744,1720698688
1.0,0,0.36152997612953186,2.7964701652526855,9.375837326049805,-0.33556342124938965,-0.662604570388794,0.8879114389419556,8.028762817382812,-43.43075180053711,25.30219841003418,50.90081019707233,263975744,1720698688
1.0,0,1.625687837600708,5.260141372680664,10.209031105041504,-0.30120810866355896,-0.65062016248703,0.8767260313034058,6.981532573699951,-42.380008697509766,25.63956069946289,50.02193525984454,275975744,1720698688
1.0,0,1.0869841575622559,5.657585144042969,10.395782470703125,-0.2833646535873413,-0.6732573509216309,0.9006947875022888,7.156070709228516,-43.60587692260742,25.133516311645508,50.83675336184261,288975744,1720698688
1.0,0,2.1763625144958496,3.4740395545959473,10.108473777770996,-0.2684507369995117,-0.6713931560516357,0.8897756934165955,6.632455825805664,-42.73025894165039,25.63956069946289,50.27177709573433,300975744,1720698688
1.0,0,-0.35434725880622864,2.4588825702667236,8.880229949951172,-0.26418960094451904,-0.694296658039093,0.8871124386787415,5.585226058959961,-43.43075180053711,26.651649475097656,51.26144137490689,313975744,1720698688
1.0,0,2.090169906616211,4.561023712158203,10.120445251464844,-0.23276382684707642,-0.6807143688201904,0.8591488599777222,3.8398427963256836,-42.73025894165039,25.63956069946289,49.98006097217599,325975744,1720698688
1.0,0,1.0774072408676147,2.3104398250579834,9.248942375183105,-0.25753161311149597,-0.7086779475212097,0.8788565397262573,5.061611175537109,-42.20488357543945,25.47088050842285,49.554392935269384,338975744,1720698688
1.0,0,2.420574903488159,4.407792568206787,10.235368728637695,-0.23036694526672363,-0.7211949825286865,0.8839166760444641,3.4907662868499756,-43.08050537109375,26.651649475097656,50.77820213479125,350975744,1720698688
1.0,0,1.0845898389816284,3.2154619693756104,9.363865852355957,-0.2263721525669098,-0.6990904211997986,0.8634099960327148,2.0944597721099854,-43.781002044677734,26.651649475097656,51.297888080471076,363975744,1720698688
1.0,0,0.4908188283443451,3.7086751461029053,9.270490646362305,-0.1994738131761551,-0.6913671493530273,0.8535561561584473,1.2217681407928467,-42.20488357543945,26.145605087280273,49.66223495158339,375975744,1720698688
1.0,0,3.409395217895508,4.498773574829102,10.417330741882324,-0.1813640296459198,-0.7289183139801025,0.8506266474723816,0.6981532573699951,-42.380008697509766,26.314287185668945,49.88982125906687,388975744,1720698688
1.0,0,-0.4812418818473816,4.817207336425781,8.753334999084473,-0.173907071352005,-0.7025526165962219,0.8442348837852478,0.34907662868499756,-42.73025894165039,25.63956069946289,49.833562551503675,400975744,1720698688
1.0,0,4.252167224884033,3.5482609272003174,11.339112281799316,-0.15526466071605682,-0.7784538269042969,0.8732638359069824,0.34907662868499756,-42.73025894165039,25.63956069946289,49.833562551503675,413975744,1720698688
1.0,0,3.914579391479492,3.098144292831421,10.000733375549316,-0.15872682631015778,-0.7385058403015137,0.8516919016838074,0.34907662868499756,-42.73025894165039,25.63956069946289,49.833562551503675,425975744,1720698688
1.0,0,2.4612767696380615,3.3208084106445312,9.452452659606934,-0.13209480047225952,-0.7515555024147034,0.8439685702323914,0.34907662868499756,-42.73025894165039,25.63956069946289,49.833562551503675,438975744,1720698688
1.0,0,3.48122239112854,4.683129787445068,10.426907539367676,-0.10972391068935394,-0.7403700947761536,0.8194671869277954,-1.3963065147399902,-42.380008697509766,27.326374053955078,50.44547083753682,450975744,1720698688
1.0,0,1.972852349281311,3.864300489425659,9.526674270629883,-0.09853846579790115,-0.7555503249168396,0.8255925178527832,-2.7926130294799805,-41.32926559448242,26.651649475097656,49.25664728597718,463975744,1720698688
1.0,0,3.641636371612549,4.053445339202881,9.991155624389648,-0.08708669990301132,-0.7781875133514404,0.8247935771942139,-2.7926130294799805,-40.9790153503418,26.651649475097656,48.96313721933515,475975744,1720698688
1.0,0,1.5251296758651733,3.1891250610351562,9.399779319763184,-0.08389085531234741,-0.7552840113639832,0.834381103515625,-3.8398427963256836,-41.32926559448242,27.326374053955078,49.69490221558376,488975744,1720698688
1.0,0,3.454885721206665,2.1763625144958496,9.24415397644043,-0.05859043821692467,-0.7701979875564575,0.8034879565238953,-5.061611175537109,-40.453643798828125,28.507143020629883,49.747104513664254,500975744,1720698688
1.0,0,4.728620529174805,2.966461181640625,9.924118041992188,-0.05539459362626076,-0.7800517678260803,0.7939004302024841,-4.363457679748535,-40.80389404296875,28.169780731201172,49.77483378612861,513975744,1720698688
1.0,0,2.1572086811065674,2.8706917762756348,8.540247917175293,-0.03728482499718666,-0.7715295553207397,0.7811170816421509,-6.4579176902771,-40.80389404296875,28.169780731201172,50.00199012447572,525975744,1720698688
1.0,0,3.794867515563965,2.9209704399108887,9.993550300598145,-0.022370893508195877,-0.7981615662574768,0.8010910749435425,-5.585226058959961,-41.67951202392578,27.66373634338379,50.335462460958006,538975744,1720698688
1.0,0,3.1149041652679443,3.8547234535217285,8.688690185546875,-0.010120166465640068,-0.7717958688735962,0.7867097854614258,-7.156070709228516,-41.504390716552734,27.49505615234375,50.297136196490186,550975744,1720698688
1.0,0,4.218647480010986,3.7278289794921875,10.333532333374023,-0.003994802478700876,-0.8109449148178101,0.7813833951950073,-7.156070709228516,-41.15414047241211,29.181869506835938,50.95541319558215,563975744,1720698688
1.0,0,4.2665324211120605,2.832383871078491,8.990365028381348,0.009054886177182198,-0.792036235332489,0.7611430287361145,-9.250530242919922,-42.20488357543945,29.181869506835938,52.13833537144791,575975744,1720698688
1.0,0,2.085381507873535,1.702303409576416,8.075765609741211,0.0143812894821167,-0.7907045483589172,0.7504902482032776,-9.425068855285645,-40.27852249145508,29.687911987304688,50.91722120449502,588975744,1720698688
1.0,0,3.253769874572754,7.486782550811768,12.378211975097656,0.10173431038856506,-0.7454301714897156,0.7869760990142822,-8.203300476074219,-41.504390716552734,29.85659408569336,51.781510192837054,600975744,1720698688
1.0,0,0.48363611102104187,15.236931800842285,13.99671745300293,0.000266320159425959,-0.5179927349090576,0.5310423970222473,-10.9959135055542,-40.80389404296875,30.53131866455078,52.13472261638875,613975744,1720698688
1.0,0,-3.1795482635498047,39.22600173950195,17.114013671875,0.10652806609869003,-0.1557973027229309,0.2245079129934311,-10.821375846862793,-39.578025817871094,30.02527618408203,50.84328385135582,625975744,1720698688
1.0,0,5.97601842880249,2.320016860961914,10.738158226013184,-0.1850925236940384,-0.010652806609869003,-0.12357256561517715,-11.694067001342773,-39.75314712524414,30.19395637512207,51.27122888107886,638975744,1720698688
1.0,0,2.631267786026001,2.52592134475708,7.333551406860352,-0.12170831859111786,0.09028254449367523,-0.1270347237586975,-10.123222351074219,-40.27852249145508,30.362638473510742,51.44636838433842,651975744,1720698688
1.0,0,2.5905656814575195,-6.193894386291504,9.560193061828613,-0.026632016524672508,0.012783369049429893,-0.07909709215164185,-9.425068855285645,-42.380008697509766,29.350549697875977,52.4056469065631,663975744,1720698688
1.0,0,2.317622661590576,-0.4333571195602417,9.402173042297363,0.005326403304934502,0.07110748440027237,0.005326403304934502,-10.297760963439941,-41.854637145996094,29.85659408569336,52.433488744131864,676975744,1720698688
1.0,0,4.6328511238098145,3.0526535511016846,10.079743385314941,0.04873659089207649,0.04926923289895058,0.027430977672338486,-9.774145126342773,-40.9790153503418,29.013187408447266,51.15250390383682,688975744,1720698688
1.0,0,4.441311836242676,8.430112838745117,9.560193061828613,0.02290353551506996,0.07270540297031403,0.049002911895513535,-9.774145126342773,-40.9790153503418,29.013187408447266,51.15250390383682,701975744,1720698688
1.0,0,3.1819424629211426,5.671950340270996,9.394990921020508,-0.035686902701854706,0.0700422003865242,-0.04554075002670288,-9.774145126342773,-40.9790153503418,29.013187408447266,51.15250390383682,713975744,1720698688
1.0,0,2.0494680404663086,2.6935181617736816,8.717421531677246,-0.04767131060361862,0.04234490543603897,-0.051932431757450104,-9.774145126342773,-40.9790153503418,29.013187408447266,51.15250390383682,726975744,1720698688
1.0,0,3.787684917449951,-1.5825914144515991,9.665539741516113,-0.007456964813172817,0.015979209914803505,-0.01864241249859333,-9.774145126342773,-40.9790153503418,29.013187408447266,51.15250390383682,738975744,1720698688
1.0,0,4.453282833099365,1.9106022119522095,9.227394104003906,0.01651185005903244,0.0143812894821167,0.043942827731370926,-9.599607467651367,-40.103397369384766,30.868682861328125,51.51029533688404,751975744,1720698688
1.0,0,4.120483875274658,6.172346115112305,11.523468017578125,0.009587526321411133,0.02290353551506996,0.04953555390238762,-8.901453971862793,-40.103397369384766,29.85659408569336,50.78321153469745,763975744,1720698688
1.0,0,3.5171360969543457,5.9185566902160645,9.256125450134277,-0.01651185005903244,0.04767131060361862,-0.02769729681313038,-8.72691535949707,-40.62876892089844,29.687911987304688,51.07081391446134,776975744,1720698688
1.0,0,3.5195302963256836,2.52592134475708,8.667141914367676,-0.05139978975057602,0.047138672322034836,-0.017843451350927353,-9.948683738708496,-41.504390716552734,29.51923179626465,51.893889840006345,788975744,1720698688
1.0,0,3.4716453552246094,0.2442122995853424,9.315980911254883,-0.01384864840656519,0.02050665207207203,-0.02476777695119381,-10.64683723449707,-40.453643798828125,30.53131866455078,51.78816331070919,801975744,1720698688
1.0,0,4.010348796844482,2.1500258445739746,9.988761901855469,-0.017044490203261375,0.023436175659298897,0.02982785925269127,-9.599607467651367,-39.05265426635742,29.85659408569336,50.086709606226805,813975744,1720698688
1.0,0,4.323994159698486,3.6224822998046875,10.216214179992676,0.0007989605655893683,0.03115946054458618,0.010120166465640068,-9.599607467651367,-40.80389404296875,29.85659408569336,51.463836263930695,826975744,1720698688
1.0,0,3.665578603744507,4.841149806976318,9.026278495788574,-0.020240332931280136,0.04420914873480797,0.004261122550815344,-9.425068855285645,-41.32926559448242,29.013187408447266,51.36832838533708,838975744,1720698688
1.0,0,3.5985400676727295,3.356721878051758,9.459635734558105,-0.026632016524672508,0.03648586571216583,-0.010652806609869003,-9.948683738708496,-41.504390716552734,29.51923179626465,51.893889840006345,851975744,1720698688
1.0,0,3.2154619693756104,2.346353530883789,9.414144515991211,-0.02476777695119381,0.038882747292518616,-0.015180249698460102,-10.472298622131348,-40.27852249145508,30.02527618408203,51.31808280183653,863975744,1720698688
1.0,0,4.28808069229126,1.0606476068496704,9.610472679138184,-0.01651185005903244,0.02370249480009079,-0.000532640318851918,-9.774145126342773,-40.62876892089844,30.362638473510742,51.65385360311162,876975744,1720698688
1.0,0,4.137243747711182,3.222644567489624,9.73257827758789,-0.0013316008262336254,0.03728482499718666,0.02050665207207203,-9.425068855285645,-40.62876892089844,30.362638473510742,51.58893875655665,888975744,1720698688
1.0,0,3.739799976348877,4.4245524406433105,9.538644790649414,-0.010120166465640068,0.03621954470872879,-0.0031958422623574734,-10.821375846862793,-39.92827224731445,29.687911987304688,50.9189671737426,901975744,1720698688
1.0,0,3.272923707962036,3.3926355838775635,9.093317031860352,-0.018109772354364395,0.030626820400357246,-0.013582328334450722,-10.472298622131348,-40.453643798828125,29.013187408447266,50.87171491734127,913975744,1720698688
1.0,0,3.770925283432007,2.372690200805664,9.476394653320312,-0.0197076927870512,0.018109772354364395,-0.01145176775753498,-8.901453971862793,-40.453643798828125,30.868682861328125,51.65857877457441,926975744,1720698688
1.0,0,4.175551414489746,2.2338242530822754,9.895386695861816,-0.014913929626345634,0.02263721451163292,-0.006658004131168127,-9.599607467651367,-39.75314712524414,29.51923179626465,50.43659599671548,938975744,1720698688
1.0,0,3.9289448261260986,3.0646250247955322,10.003128051757812,-0.010120166465640068,0.039681706577539444,0.013049688190221786,-8.901453971862793,-40.103397369384766,29.85659408569336,50.78321153469745,951975744,1720698688
1.0,0,3.5458667278289795,3.5195302963256836,9.236970901489258,-0.012783369049429893,0.035686902701854706,0.000532640318851918,-8.901453971862793,-41.15414047241211,31.206045150756836,52.40912530072692,963975744,1720698688
1.0,0,3.356721878051758,3.4500973224639893,9.155567169189453,-0.017044490203261375,0.02796361781656742,0.000266320159425959,-10.821375846862793,-39.22777557373047,29.687911987304688,50.37154623245131,976975744,1720698688
1.0,0,4.000771999359131,2.6959123611450195,9.746943473815918,-0.014647609554231167,0.01864241249859333,-0.005326403304934502,-10.297760963439941,-41.504390716552734,28.507143020629883,51.393730481558386,988975744,1720698688
1.0,0,4.019926071166992,2.7509799003601074,9.931300163269043,-0.009587526321411133,0.02982785925269127,0.004261122550815344,-12.043143272399902,-40.453643798828125,29.51923179626465,51.506500971465904,1975744,1720698689
1.0,0,3.6751556396484375,3.1867308616638184,9.550616264343262,-0.011984407901763916,0.0375511460006237,0.006924324203282595,-12.043143272399902,-40.453643798828125,29.51923179626465,51.506500971465904,13975744,1720698689
1.0,0,3.4644627571105957,3.3327796459198,9.110076904296875,-0.010919126681983471,0.032491061836481094,-0.000266320159425959,-12.043143272399902,-40.453643798828125,29.51923179626465,51.506500971465904,26975744,1720698689
1.0,0,3.7206461429595947,3.1364521980285645,9.569769859313965,-0.021039292216300964,0.023436175659298897,0.002396881580352783,-12.043143272399902,-40.453643798828125,29.51923179626465,51.506500971465904,38975744,1720698689
1.0,0,4.031897068023682,2.8252012729644775,9.878626823425293,-0.017044490203261375,0.026632016524672508,-0.002130561275407672,-9.425068855285645,-41.32926559448242,30.700000762939453,52.33956595493152,51975744,1720698689
1.0,0,3.7517714500427246,2.8252012729644775,9.739761352539062,-0.016245530918240547,0.03621954470872879,0.006125363986939192,-11.170452117919922,-40.62876892089844,29.687911987304688,51.54462127819404,63975744,1720698689
1.0,0,3.565020799636841,3.1292693614959717,9.292038917541504,-0.011718087829649448,0.03275737911462784,0.000532640318851918,-10.472298622131348,-40.27852249145508,28.675825119018555,50.54039333822286,76975744,1720698689
1.0,0,3.6200881004333496,3.28010630607605,9.29682731628418,-0.01757713221013546,0.027164656668901443,0.002663201652467251,-10.123222351074219,-41.67951202392578,31.037363052368164,52.943170084217385,88975744,1720698689
1.0,0,3.869088888168335,3.1340579986572266,9.804405212402344,-0.017310811206698418,0.028229938820004463,-0.000532640318851918,-8.901453971862793,-40.453643798828125,30.19395637512207,51.25824988232072,101975744,1720698689
1.0,0,3.94809889793396,2.837172269821167,9.641597747802734,-0.015712888911366463,0.03488794341683388,0.0013316008262336254,-9.075992584228516,-40.27852249145508,28.675825119018555,50.2696326000117,113975744,1720698689
1.0,0,3.5937516689300537,2.9856150150299072,9.48836612701416,-0.01145176775753498,0.036752182990312576,0.005859043914824724,-9.075992584228516,-40.62876892089844,29.687911987304688,51.131620584357414,126975744,1720698689
1.0,0,3.7086751461029053,3.1125094890594482,9.359077453613281,-0.012783369049429893,0.029295219108462334,0.002663201652467251,-9.425068855285645,-42.029762268066406,30.362638473510742,52.699361042712546,139975744,1720698689
1.0,0,3.7086751461029053,3.1125094890594482,9.359077453613281,-0.012783369049429893,0.029295219108462334,0.002663201652467251,-9.948683738708496,-40.80389404296875,30.19395637512207,51.726290015672284,151975744,1720698689
1.0,0,3.8738772869110107,2.968855381011963,9.713424682617188,-0.016778171062469482,0.03089314140379429,-0.0007989605655893683,-10.64683723449707,-40.453643798828125,29.51923179626465,51.19802228154853,164975744,1720698689
1.0,0,3.7206461429595947,2.916182041168213,9.385414123535156,-0.015180249698460102,0.03382266312837601,0.001065280637703836,-9.599607467651367,-39.75314712524414,28.844507217407227,50.0446876951925,176975744,1720698689
1.0,0,3.639242172241211,3.1843366622924805,9.553009986877441,-0.015712888911366463,0.03195841982960701,0.0034621621016412973,-10.472298622131348,-39.22777557373047,28.675825119018555,49.707045387455835,189975744,1720698689
1.0,0,3.840358018875122,3.047865152359009,9.48597240447998,-0.013049688190221786,0.026365695521235466,0.002396881580352783,-10.64683723449707,-40.103397369384766,29.85659408569336,51.11803824544238,201975744,1720698689
1.0,0,3.761348247528076,3.2106735706329346,9.665539741516113,-0.013582328334450722,0.02689833752810955,-0.000266320159425959,-9.774145126342773,-40.62876892089844,29.687911987304688,51.260149191594465,214975744,1720698689
1.0,0,3.7805020809173584,3.0263171195983887,9.651174545288086,-0.015446570701897144,0.030360499396920204,-0.0015979211311787367,-10.472298622131348,-41.67951202392578,30.700000762939453,52.81421028310611,226975744,1720698689
1.0,0,3.742194175720215,3.0382883548736572,9.514702796936035,-0.014114969410002232,0.02982785925269127,-0.0013316008262336254,-10.472298622131348,-40.62876892089844,29.013187408447266,51.01108650143163,239975744,1720698689
1.0,0,3.6512134075164795,3.069413423538208,9.598501205444336,-0.017843451350927353,0.03009418025612831,0.0031958422623574734,-10.64683723449707,-41.15414047241211,30.868682861328125,52.53469332464171,251975744,1720698689
1.0,0,3.715857744216919,3.0813846588134766,9.45484733581543,-0.017044490203261375,0.03009418025612831,0.0018642412032932043,-10.123222351074219,-40.9790153503418,30.02527618408203,51.80035269940969,264975744,1720698689
1.0,0,3.7086751461029053,3.126875162124634,9.517096519470215,-0.015979209914803505,0.0287625789642334,0.0013316008262336254,-8.72691535949707,-40.9790153503418,29.687911987304688,51.349886747112926,276975744,1720698689
1.0,0,3.8068387508392334,3.0311055183410645,9.639203071594238,-0.015180249698460102,0.030360499396920204,0.000532640318851918,-9.425068855285645,-40.62876892089844,29.350549697875977,50.999838769569905,289975744,1720698689
1.0,0,3.7757136821746826,2.944913148880005,9.538644790649414,-0.013316008262336254,0.03089314140379429,0.0007989605655893683,-9.425068855285645,-40.62876892089844,29.350549697875977,50.999838769569905,301975744,1720698689
1.0,0,3.6703672409057617,3.090961456298828,9.653568267822266,-0.015446570701897144,0.03009418025612831,0.002396881580352783,-9.425068855285645,-40.62876892089844,29.350549697875977,50.999838769569905,314975744,1720698689
1.0,0,3.8092329502105713,3.0382883548736572,9.483577728271484,-0.014114969410002232,0.030626820400357246,0.002929521957412362,-9.425068855285645,-40.62876892089844,29.350549697875977,50.999838769569905,326975744,1720698689
1.0,0,3.770925283432007,3.0789904594421387,9.61526107788086,-0.01757713221013546,0.02769729681313038,0.0037284824065864086,-10.64683723449707,-40.103397369384766,28.844507217407227,50.53358507250112,339975744,1720698689
1.0,0,3.8331754207611084,2.968855381011963,9.620049476623535,-0.014913929626345634,0.03169209882616997,0.005326403304934502,-8.901453971862793,-40.80389404296875,30.53131866455078,51.7335004738647,351975744,1720698689
1.0,0,3.7972617149353027,3.1627886295318604,9.524279594421387,-0.013316008262336254,0.03329002112150192,0.000266320159425959,-9.774145126342773,-40.62876892089844,29.013187408447266,50.87234829036552,364975744,1720698689
1.0,0,3.7733194828033447,3.0622308254241943,9.581741333007812,-0.015979209914803505,0.028229938820004463,0.0031958422623574734,-10.64683723449707,-40.453643798828125,30.19395637512207,51.589993615846794,376975744,1720698689
1.0,0,3.8523292541503906,3.0263171195983887,9.560193061828613,-0.016778171062469482,0.03009418025612831,0.004261122550815344,-10.821375846862793,-41.32926559448242,29.013187408447266,51.642767290260664,389975744,1720698689
1.0,0,3.735011577606201,2.9544899463653564,9.54343318939209,-0.017310811206698418,0.02769729681313038,0.0013316008262336254,-10.297760963439941,-39.40290069580078,30.53131866455078,50.899841684426015,401975744,1720698689
1.0,0,3.7302231788635254,2.968855381011963,9.572164535522461,-0.015712888911366463,0.0287625789642334,0.005592723377048969,-10.472298622131348,-40.62876892089844,31.037363052368164,52.18892418610835,414975744,1720698689
1.0,0,3.715857744216919,3.143634796142578,9.54343318939209,-0.014913929626345634,0.028229938820004463,0.0015979211311787367,-10.297760963439941,-40.80389404296875,29.85659408569336,51.59862265921279,426975744,1720698689
1.0,0,3.7014923095703125,3.220250368118286,9.572164535522461,-0.016245530918240547,0.02796361781656742,0.0013316008262336254,-10.472298622131348,-40.62876892089844,30.02527618408203,51.59344059460719,439975744,1720698689
1.0,0,3.7326173782348633,3.1125094890594482,9.584136009216309,-0.017310811206698418,0.032491061836481094,0.003994802478700876,-9.250530242919922,-39.40290069580078,30.19395637512207,50.49589978009193,451975744,1720698689
1.0,0,3.711069345474243,2.944913148880005,9.600895881652832,-0.015180249698460102,0.02796361781656742,0.005592723377048969,-10.9959135055542,-40.103397369384766,29.85659408569336,51.191882215701604,464975744,1720698689
1.0,0,3.7517714500427246,3.016740322113037,9.567376136779785,-0.011718087829649448,0.028229938820004463,0.004793763160705566,-10.9959135055542,-41.854637145996094,29.85659408569336,52.575060388386476,476975744,1720698689
1.0,0,3.7565598487854004,3.076596260070801,9.478789329528809,-0.015446570701897144,0.03382266312837601,-0.0007989605655893683,-9.250530242919922,-40.80389404296875,29.85659408569336,51.399866626702995,489975744,1720698689
1.0,0,3.7565598487854004,3.047865152359009,9.59371280670166,-0.01757713221013546,0.0287625789642334,0.0031958422623574734,-10.297760963439941,-41.854637145996094,30.19395637512207,52.626319775050945,501975744,1720698689
1.0,0,3.8044445514678955,2.9329419136047363,9.512308120727539,-0.01651185005903244,0.02902889810502529,0.0034621621016412973,-9.599607467651367,-40.80389404296875,30.53131866455078,51.858187897372154,514975744,1720698689
1.0,0,3.715857744216919,3.0622308254241943,9.598501205444336,-0.015979209914803505,0.03089314140379429,-0.000532640318851918,-10.297760963439941,-41.504390716552734,29.51923179626465,51.96194160589092,526975744,1720698689
1.0,0,3.6799440383911133,3.1388463973999023,9.481184005737305,-0.013049688190221786,0.02902889810502529,0.003994802478700876,-9.774145126342773,-40.62876892089844,29.013187408447266,50.87234829036552,539975744,1720698689
1.0,0,3.737405776977539,3.0071632862091064,9.54103946685791,-0.0098538463935256,0.029295219108462334,0.000266320159425959,-10.123222351074219,-40.9790153503418,30.700000762939453,52.194342382075476,551975744,1720698689
1.0,0,3.763742446899414,3.040682554244995,9.600895881652832,-0.015979209914803505,0.03009418025612831,-0.000266320159425959,-10.472298622131348,-42.029762268066406,31.037363052368164,53.286845093191445,564975744,1720698689
1.0,0,3.739799976348877,3.045470952987671,9.56258773803711,-0.014647609554231167,0.03195841982960701,-0.0013316008262336254,-9.250530242919922,-41.504390716552734,29.51923179626465,51.76458059686224,576975744,1720698689
1.0,0,3.8044445514678955,3.0382883548736572,9.64638614654541,-0.01384864840656519,0.02902889810502529,0.0007989605655893683,-9.250530242919922,-41.504390716552734,29.51923179626465,51.76458059686224,589975744,1720698689
1.0,0,3.746983051300049,3.0334997177124023,9.555404663085938,-0.013049688190221786,0.029295219108462334,0.002396881580352783,-9.250530242919922,-41.504390716552734,29.51923179626465,51.76458059686224,602975744,1720698689
1.0,0,3.794867515563965,3.0622308254241943,9.54103946685791,-0.016245530918240547,0.02796361781656742,0.000532640318851918,-9.250530242919922,-41.504390716552734,29.51923179626465,51.76458059686224,614975744,1720698689
1.0,0,3.6990981101989746,3.0861730575561523,9.57455825805664,-0.014647609554231167,0.029561540111899376,0.002929521957412362,-9.075992584228516,-40.9790153503418,30.02527618408203,51.60591584695425,627975744,1720698689
1.0,0,3.7805020809173584,2.9520957469940186,9.59610652923584,-0.015712888911366463,0.026099376380443573,0.0031958422623574734,-10.821375846862793,-40.9790153503418,29.013187408447266,51.362894368408575,639975744,1720698689
1.0,0,3.7038865089416504,3.090961456298828,9.545827865600586,-0.015979209914803505,0.028496257960796356,0.002130561275407672,-8.901453971862793,-40.453643798828125,30.19395637512207,51.25824988232072,652975744,1720698689
1.0,0,3.7326173782348633,3.1101152896881104,9.54343318939209,-0.022370893508195877,0.03089314140379429,0.002130561275407672,-10.123222351074219,-41.32926559448242,30.362638473510742,52.27310628250125,664975744,1720698689
1.0,0,3.7733194828033447,2.908999443054199,9.45724105834961,-0.021838253363966942,0.029561540111899376,0.001065280637703836,-8.552377700805664,-40.453643798828125,30.19395637512207,51.1987837992513,677975744,1720698689
1.0,0,3.665578603744507,3.143634796142578,9.598501205444336,-0.014913929626345634,0.02796361781656742,0.002396881580352783,-10.123222351074219,-41.32926559448242,30.02527618408203,52.077874719298606,689975744,1720698689
1.0,0,3.7302231788635254,3.1149041652679443,9.531462669372559,-0.016245530918240547,0.029561540111899376,-0.0007989605655893683,-9.948683738708496,-40.453643798828125,30.53131866455078,51.64915317923088,702975744,1720698689
1.0,0,3.739799976348877,3.090961456298828,9.507519721984863,-0.012517048045992851,0.02796361781656742,0.0007989605655893683,-10.472298622131348,-40.9790153503418,29.687911987304688,51.67514736970367,714975744,1720698689
1.0,0,3.6703672409057617,3.0311055183410645,9.56258773803711,-0.012250727973878384,0.03275737911462784,0.005592723377048969,-9.425068855285645,-41.67951202392578,29.350549697875977,51.84079873079635,727975744,1720698689
1.0,0,3.7014923095703125,3.0071632862091064,9.536251068115234,-0.011718087829649448,0.03115946054458618,0.0018642412032932043,-10.123222351074219,-41.67951202392578,30.362638473510742,52.55046306546667,739975744,1720698689
1.0,0,3.792473316192627,3.0646250247955322,9.639203071594238,-0.011984407901763916,0.02982785925269127,0.001065280637703836,-9.425068855285645,-41.32926559448242,29.687911987304688,51.75241284879473,752975744,1720698689
1.0,0,3.770925283432007,3.0837788581848145,9.524279594421387,-0.011185446754097939,0.029295219108462334,0.0031958422623574734,-11.868605613708496,-39.22777557373047,30.700000762939453,51.207150111299896,764975744,1720698689
1.0,0,3.763742446899414,3.074201822280884,9.564981460571289,-0.011718087829649448,0.028229938820004463,-0.000266320159425959,-10.123222351074219,-40.62876892089844,29.350549697875977,51.13346519026985,777975744,1720698689
1.0,0,3.6990981101989746,3.126875162124634,9.505125999450684,-0.0143812894821167,0.03089314140379429,0.004261122550815344,-9.948683738708496,-40.80389404296875,29.85659408569336,51.530091088610774,789975744,1720698689
1.0,0,3.8068387508392334,3.069413423538208,9.567376136779785,-0.01864241249859333,0.02769729681313038,0.0007989605655893683,-9.425068855285645,-41.32926559448242,29.687911987304688,51.75241284879473,802975744,1720698689
1.0,0,3.761348247528076,3.0287113189697266,9.538644790649414,-0.01757713221013546,0.026365695521235466,0.004261122550815344,-9.425068855285645,-39.92827224731445,29.687911987304688,50.6406058983153,814975744,1720698689
1.0,0,3.7733194828033447,3.0287113189697266,9.569769859313965,-0.011984407901763916,0.029295219108462334,0.0013316008262336254,-8.901453971862793,-41.504390716552734,30.53131866455078,52.28777821787619,827975744,1720698689
1.0,0,3.746983051300049,3.1029326915740967,9.54103946685791,-0.014913929626345634,0.03115946054458618,0.002663201652467251,-10.821375846862793,-39.578025817871094,30.02527618408203,50.84328385135582,839975744,1720698689
1.0,0,3.7038865089416504,3.021528720855713,9.555404663085938,-0.015180249698460102,0.03009418025612831,0.002130561275407672,-11.170452117919922,-40.9790153503418,28.338462829589844,51.0600350092549,852975744,1720698689
1.0,0,3.7302231788635254,2.9856150150299072,9.572164535522461,-0.013582328334450722,0.03169209882616997,0.001065280637703836,-10.297760963439941,-41.504390716552734,29.51923179626465,51.96194160589092,864975744,1720698689
1.0,0,3.766136884689331,3.071807622909546,9.591318130493164,-0.013316008262336254,0.030626820400357246,0.002663201652467251,-10.297760963439941,-41.504390716552734,29.51923179626465,51.96194160589092,877975744,1720698689
1.0,0,3.7589540481567383,3.0837788581848145,9.598501205444336,-0.017044490203261375,0.03089314140379429,0.0018642412032932043,-10.297760963439941,-41.504390716552734,29.51923179626465,51.96194160589092,889975744,1720698689
1.0,0,3.742194175720215,3.0526535511016846,9.56258773803711,-0.0143812894821167,0.031425777822732925,0.0034621621016412973,-10.297760963439941,-41.504390716552734,29.51923179626465,51.96194160589092,902975744,1720698689
1.0,0,3.746983051300049,3.06701922416687,9.512308120727539,-0.014913929626345634,0.030360499396920204,0.0034621621016412973,-10.297760963439941,-41.504390716552734,29.51923179626465,51.96194160589092,914975744,1720698689
1.0,0,3.742194175720215,3.040682554244995,9.555404663085938,-0.012517048045992851,0.029561540111899376,0.000266320159425959,-10.64683723449707,-41.854637145996094,30.53131866455078,52.88976472926701,927975744,1720698689
1.0,0,3.7565598487854004,3.019134521484375,9.533856391906738,-0.014647609554231167,0.029295219108462334,0.000266320159425959,-9.425068855285645,-40.9790153503418,29.687911987304688,51.473136102013186,939975744,1720698689
1.0,0,3.7805020809173584,3.0263171195983887,9.59610652923584,-0.014647609554231167,0.028229938820004463,0.0015979211311787367,-9.425068855285645,-41.32926559448242,30.362638473510742,52.14240052566873,952975744,1720698689
1.0,0,3.7972617149353027,3.0263171195983887,9.507519721984863,-0.014913929626345634,0.027430977672338486,0.002396881580352783,-9.599607467651367,-40.453643798828125,29.85659408569336,51.18657998473147,964975744,1720698689
1.0,0,3.7254345417022705,3.069413423538208,9.533856391906738,-0.014114969410002232,0.029561540111899376,-0.000266320159425959,-9.774145126342773,-40.27852249145508,29.687911987304688,50.9829913325161,977975744,1720698689
1.0,0,3.7254345417022705,3.069413423538208,9.533856391906738,-0.014114969410002232,0.029561540111899376,-0.000266320159425959,-10.472298622131348,-41.32926559448242,31.374725341796875,52.93534380056064,989975744,1720698689
1.0,0,3.768531084060669,3.093355894088745,9.545827865600586,-0.007989604957401752,0.029295219108462334,0.0037284824065864086,-10.64683723449707,-41.15414047241211,29.85659408569336,51.946459277979294,2975744,1720698690
1.0,0,3.7996559143066406,3.0574424266815186,9.548221588134766,-0.015712888911366463,0.028496257960796356,0.0007989605655893683,-10.297760963439941,-40.103397369384766,29.181869506835938,50.65479117853439,14975744,1720698690
1.0,0,3.7493772506713867,3.040682554244995,9.548221588134766,-0.015446570701897144,0.03009418025612831,0.0031958422623574734,-10.64683723449707,-40.453643798828125,29.181869506835938,51.00425421094146,27975744,1720698690
1.0,0,3.735011577606201,3.0358939170837402,9.550616264343262,-0.013582328334450722,0.02902889810502529,0.0015979211311787367,-10.297760963439941,-40.80389404296875,29.51923179626465,51.404150569497496,39975744,1720698690
1.0,0,3.7757136821746826,3.021528720855713,9.557799339294434,-0.014647609554231167,0.028496257960796356,-0.000532640318851918,-9.250530242919922,-40.103397369384766,29.51923179626465,50.64819677129241,52975744,1720698690
1.0,0,3.7733194828033447,3.040682554244995,9.502731323242188,-0.017044490203261375,0.02796361781656742,0.0015979211311787367,-10.472298622131348,-39.92827224731445,30.02527618408203,51.043639888013075,64975744,1720698690
1.0,0,3.7278289794921875,2.995191812515259,9.586529731750488,-0.01384864840656519,0.03009418025612831,0.0,-10.472298622131348,-40.62876892089844,30.362638473510742,51.790498332531726,77975744,1720698690
1.0,0,3.768531084060669,3.01434588432312,9.466817855834961,-0.017310811206698418,0.02902889810502529,0.002396881580352783,-8.901453971862793,-41.15414047241211,29.51923179626465,51.4226040441149,89975744,1720698690
1.0,0,3.7828965187072754,2.992797613143921,9.560193061828613,-0.018908733502030373,0.03009418025612831,0.000532640318851918,-10.297760963439941,-40.453643798828125,31.206045150756836,52.118695603532586,102975744,1720698690
1.0,0,3.770925283432007,3.090961456298828,9.600895881652832,-0.018376091495156288,0.028229938820004463,-0.000266320159425959,-10.821375846862793,-40.62876892089844,28.675825119018555,50.89304456901123,115975744,1720698690
1.0,0,3.823598623275757,3.0574424266815186,9.59371280670166,-0.02050665207207203,0.029561540111899376,-0.000532640318851918,-9.425068855285645,-39.92827224731445,30.02527618408203,50.83911936209105,127975744,1720698690
1.0,0,3.7733194828033447,3.069413423538208,9.588924407958984,-0.013582328334450722,0.030360499396920204,0.002396881580352783,-10.821375846862793,-41.32926559448242,30.700000762939453,52.60893856221409,140975744,1720698690
1.0,0,3.7541656494140625,3.0047690868377686,9.526674270629883,-0.015446570701897144,0.030626820400357246,0.0031958422623574734,-9.774145126342773,-39.92827224731445,31.037363052368164,51.5084337060542,153803150,1720698690
1.0,0,3.735011577606201,3.0622308254241943,9.517096519470215,-0.009321206249296665,0.032491061836481094,-0.000266320159425959,-9.425068855285645,-41.67951202392578,29.013187408447266,51.650543937863155,166803150,1720698690
1.0,0,3.7589540481567383,3.098144292831421,9.62723159790039,-0.01384864840656519,0.02982785925269127,-0.000532640318851918,-9.425068855285645,-41.67951202392578,29.013187408447266,51.650543937863155,178803150,1720698690
1.0,0,3.7302231788635254,3.0263171195983887,9.603289604187012,-0.010652806609869003,0.03115946054458618,0.001065280637703836,-9.425068855285645,-41.67951202392578,29.013187408447266,51.650543937863155,191803150,1720698690
1.0,0,3.737405776977539,3.016740322113037,9.502731323242188,-0.014913929626345634,0.030626820400357246,-0.000266320159425959,-10.472298622131348,-39.92827224731445,30.02527618408203,51.043639888013075,203803150,1720698690
1.0,0,3.7206461429595947,3.0574424266815186,9.43808650970459,-0.014913929626345634,0.02982785925269127,-0.000532640318851918,-10.821375846862793,-40.27852249145508,29.350549697875977,50.99917957066766,216803150,1720698690
1.0,0,22.41006851196289,-31.086790084838867,24.040546417236328,-0.3251769244670868,0.18189668655395508,-0.8373106122016907,-10.123222351074219,-38.52728271484375,29.350549697875977,49.4801567471878,228803150,1720698690
1.0,0,17.820316314697266,-6.972021579742432,25.86256217956543,-0.4354335069656372,0.5326403379440308,-1.0607532262802124,-8.028762817382812,-41.67951202392578,29.687911987304688,51.797826914807075,241803150,1720698690
1.0,0,3.11969256401062,1.7717362642288208,13.673494338989258,-0.20932765305042267,0.960350513458252,-1.2327960729599,-8.901453971862793,-41.504390716552734,29.51923179626465,51.703340099137336,253803150,1720698690
1.0,0,20.925643920898438,-19.41008949279785,13.836302757263184,-0.7907045483589172,0.782981276512146,-1.850658893585205,-9.075992584228516,-40.9790153503418,29.687911987304688,51.41036333890735,266803150,1720698690
1.0,0,-1.8698999881744385,14.128398895263672,13.68067741394043,-0.5528806447982788,1.075667142868042,-1.9515942335128784,-7.156070709228516,-43.25563049316406,29.85659408569336,53.044086642664354,278803150,1720698690
1.0,0,19.07968521118164,-15.689443588256836,15.502692222595215,-1.0210715532302856,0.9867162108421326,-2.4892947673797607,-5.236149311065674,-42.029762268066406,29.013187408447266,51.33890551536558,291803150,1720698690
1.0,0,-1.2809175252914429,11.590506553649902,8.932902336120605,-0.9502303600311279,1.121474266052246,-2.2045984268188477,-4.537996292114258,-42.380008697509766,28.001100540161133,50.99725658315806,303803150,1720698690
1.0,0,-6.416558742523193,16.29758071899414,2.317622661590576,-0.8713996410369873,0.9406428933143616,-2.2336273193359375,-3.1416897773742676,-41.67951202392578,27.66373634338379,50.12319069738163,316803150,1720698690
1.0,0,1.1564171314239502,5.099727153778076,6.663165092468262,-0.924397349357605,0.7440986037254333,-2.2298989295959473,-2.268998146057129,-44.656620025634766,27.49505615234375,52.49133430882921,328803150,1720698690
1.0,0,5.849123954772949,1.0055800676345825,11.315170288085938,-1.0399802923202515,0.655680239200592,-2.2008697986602783,-0.34907662868499756,-43.43075180053711,25.9769229888916,50.60783125587735,341803150,1720698690
1.0,0,6.201076984405518,-3.612905502319336,10.513099670410156,-0.9526272416114807,0.690568208694458,-2.075965642929077,2.0944597721099854,-45.53224182128906,26.314287185668945,52.630917881974966,353803150,1720698690
1.0,0,4.508350372314453,-2.6097195148468018,6.883435249328613,-1.0743355751037598,0.5962908864021301,-1.869301199913025,-0.17453831434249878,-43.60587692260742,26.145605087280273,50.84383572462621,366803150,1720698690
1.0,0,-8.482786178588867,12.773261070251465,4.642427921295166,-0.8932378888130188,0.5334393382072449,-1.7696975469589233,1.5708448886871338,-44.306373596191406,24.796154022216797,50.797357699028986,378803150,1720698690
1.0,0,1.5011874437332153,3.253769874572754,8.679113388061523,-0.9315879940986633,0.39442017674446106,-1.8133740425109863,3.665304660797119,-45.35711669921875,24.458791732788086,51.66173619373348,391803150,1720698690
1.0,0,5.379853248596191,3.8283870220184326,13.089300155639648,-0.9379796385765076,0.3616628050804138,-1.83095121383667,4.887072563171387,-44.131248474121094,23.615385055541992,50.29052576225301,403803150,1720698690
1.0,0,7.127647399902344,-0.07900986075401306,12.794809341430664,-0.9939069151878357,0.38936007022857666,-1.75877845287323,5.759764194488525,-44.306373596191406,23.784067153930664,50.615328460892975,416803150,1720698690
1.0,0,3.9528872966766357,2.197910785675049,9.73257827758789,-0.9805908799171448,0.4101330637931824,-1.696992039680481,6.4579176902771,-43.60587692260742,23.10934066772461,49.77166693190947,428803150,1720698690
1.0,0,0.5243381857872009,5.588151931762695,9.608078002929688,-1.0386486053466797,0.30493661761283875,-1.735342264175415,7.505147457122803,-43.95612335205078,21.422527313232422,49.471129914123146,441803150,1720698690
1.0,0,-0.9529067873954773,5.331968307495117,9.833135604858398,-1.0556931495666504,0.22983431816101074,-1.755582571029663,7.505147457122803,-43.95612335205078,21.422527313232422,49.471129914123146,453803150,1720698690
1.0,0,-2.2601609230041504,5.3247857093811035,9.378231048583984,-1.0378496646881104,0.2082623690366745,-1.7619742155075073,7.505147457122803,-43.95612335205078,21.422527313232422,49.471129914123146,466803150,1720698690
1.0,0,-0.3304048776626587,4.582571983337402,9.57455825805664,-1.0080218315124512,0.18216300010681152,-1.7457287311553955,7.505147457122803,-43.95612335205078,21.422527313232422,49.471129914123146,478803150,1720698690
1.0,0,3.076596260070801,1.1420515775680542,9.737366676330566,-1.0317243337631226,0.0806950107216835,-1.6911331415176392,13.264911651611328,-42.380008697509766,19.229671478271484,48.392182049255695,491803150,1720698690
1.0,0,8.810796737670898,-0.514761209487915,11.432487487792969,-1.0660796165466309,-0.012250727973878384,-1.671159029006958,11.868605613708496,-43.08050537109375,19.567033767700195,48.78178505045618,503803150,1720698690
1.0,0,0.5123670101165771,3.1915197372436523,10.218607902526855,-1.0663459300994873,-0.04207858443260193,-1.6706264019012451,13.613988876342773,-42.380008697509766,18.89230728149414,48.35623129178477,516803150,1720698690
1.0,0,-2.8946340084075928,4.905794143676758,9.713424682617188,-1.0216041803359985,-0.037817467004060745,-1.7036501169204712,13.43945026397705,-41.504390716552734,18.7236270904541,47.47428233867857,528803150,1720698690
1.0,0,-3.770925283432007,5.006352424621582,8.995153427124023,-1.0026954412460327,-0.06125364080071449,-1.6570441722869873,14.661218643188477,-40.27852249145508,17.880220413208008,46.44365390688948,541803150,1720698690
1.0,0,-0.5099727511405945,2.887451410293579,10.077349662780762,-1.0098860263824463,-0.16059106588363647,-1.6501197814941406,15.359371185302734,-40.62876892089844,18.21758270263672,47.10082235760942,554803150,1720698690
1.0,0,4.321599960327148,0.6344730854034424,10.199454307556152,-0.9952384829521179,-0.2383565604686737,-1.650386095046997,15.010294914245605,-39.22777557373047,18.55494499206543,45.917461967471226,566803150,1720698690
1.0,0,5.734200954437256,1.6592071056365967,10.50831127166748,-0.9883142113685608,-0.31319254636764526,-1.6506524085998535,14.661218643188477,-37.47653579711914,17.205495834350586,43.76609594608577,579803150,1720698690
1.0,0,0.7302426099777222,2.114112377166748,10.383811950683594,-0.9755308032035828,-0.34568357467651367,-1.6399996280670166,16.755678176879883,-37.826786041259766,16.868131637573242,44.678320898629494,591803150,1720698690
1.0,0,-0.43814560770988464,1.4269659519195557,9.588924407958984,-0.963013768196106,-0.38669687509536743,-1.6221561431884766,17.62837028503418,-38.35215759277344,17.374176025390625,45.64547538900722,604803150,1720698690
1.0,0,-3.4117894172668457,3.2705295085906982,9.931300163269043,-0.9030917286872864,-0.3784409463405609,-1.5920618772506714,17.45383071899414,-36.776039123535156,17.542858123779297,44.32679924756739,616803150,1720698690
1.0,0,0.7948870658874512,1.9153906106948853,9.962425231933594,-0.8772586584091187,-0.4402272403240204,-1.583806037902832,18.326522827148438,-35.900421142578125,15.350000381469727,43.13147561653304,629803150,1720698690
1.0,0,5.396613121032715,0.36392420530319214,10.941668510437012,-0.8604804873466492,-0.5195906758308411,-1.5925945043563843,18.675600051879883,-36.60091781616211,16.362089157104492,44.2280813948363,641803150,1720698690
1.0,0,5.372670650482178,1.2952828407287598,10.934486389160156,-0.8620784282684326,-0.6040140986442566,-1.5752838850021362,20.595521926879883,-35.02479934692383,14.506593704223633,43.14340452064819,654803150,1720698690
1.0,0,-2.4109978675842285,2.916182041168213,9.445270538330078,-0.8080154061317444,-0.5733873248100281,-1.571022629737854,17.45383071899414,-35.37504959106445,15.181319236755371,42.2670414638386,666803150,1720698690
1.0,0,1.19951331615448,-0.5937711000442505,9.198662757873535,-0.7912371754646301,-0.6402336955070496,-1.5848714113235474,20.246444702148438,-35.02479934692383,14.169231414794922,42.86516314276013,679803150,1720698690
1.0,0,-1.1061381101608276,1.5706202983856201,10.065377235412598,-0.7321141362190247,-0.6634035706520081,-1.5566413402557373,20.420982360839844,-33.79893112182617,12.9884614944458,41.57023451404121,691803150,1720698690
1.0,0,2.45169997215271,1.170782446861267,10.604080200195312,-0.6871060132980347,-0.7203960418701172,-1.5619678497314453,20.246444702148438,-34.32430648803711,14.169231414794922,42.29472375897344,704803150,1720698690
1.0,0,1.599351167678833,1.654418706893921,10.972793579101562,-0.6551476120948792,-0.7643388509750366,-1.53560209274292,20.77005958557129,-34.1491813659668,13.325824737548828,42.13240520181282,716803150,1720698690
1.0,0,4.70228385925293,0.5195496678352356,10.711822509765625,-0.635439932346344,-0.8152060508728027,-1.5414612293243408,19.024675369262695,-33.44868469238281,14.000550270080566,40.94836002114527,729803150,1720698690
1.0,0,3.1939139366149902,0.9002335667610168,11.011101722717285,-0.5973561406135559,-0.8066837787628174,-1.5371999740600586,19.722829818725586,-32.39794158935547,12.9884614944458,40.0913552686661,741803150,1720698690
1.0,0,1.3599272966384888,1.1013495922088623,10.163541793823242,-0.5973561406135559,-0.8066837787628174,-1.5371999740600586,19.722829818725586,-32.39794158935547,12.9884614944458,40.0913552686661,754803150,1720698690
1.0,0,0.28730857372283936,1.3862639665603638,10.072559356689453,-0.4870995879173279,-0.8506266474723816,-1.4980510473251343,19.722829818725586,-32.39794158935547,12.9884614944458,40.0913552686661,766803150,1720698690
1.0,0,-0.09337528795003891,1.8866597414016724,10.225790977478027,-0.43490082025527954,-0.8982979655265808,-1.4810065031051636,19.722829818725586,-32.39794158935547,12.9884614944458,40.0913552686661,779803150,1720698690
1.0,0,1.9704581499099731,0.23702958226203918,10.692668914794922,-0.3920232951641083,-0.926794171333313,-1.4948550462722778,21.468212127685547,-31.347196578979492,14.000550270080566,40.49131108257105,791803150,1720698690
1.0,0,1.4628795385360718,2.5426809787750244,10.831533432006836,-0.34381935000419617,-0.9736665487289429,-1.497252106666565,20.595521926879883,-30.82182502746582,13.157143592834473,39.33536384713854,804803150,1720698690
1.0,0,0.4620879888534546,0.20590448379516602,9.931300163269043,-0.297745943069458,-0.9449039697647095,-1.5079048871994019,20.07190704345703,-30.9969482421875,11.30164909362793,38.61890113565548,816803150,1720698690
1.0,0,1.0367051362991333,-0.5195496678352356,9.198662757873535,-0.25540104508399963,-0.9752644896507263,-1.5057742595672607,21.29367446899414,-31.172073364257812,13.157143592834473,39.97785834359601,829803150,1720698690
1.0,0,3.3950297832489014,0.9145990014076233,9.933694839477539,-0.19281581044197083,-0.9803245663642883,-1.4935234785079956,20.420982360839844,-30.29645347595215,12.313736915588379,38.55541117182631,841803150,1720698690
1.0,0,4.599331378936768,1.807649850845337,11.30080509185791,-0.11904511600732803,-1.0668786764144897,-1.470353603363037,19.37375259399414,-28.89546012878418,12.65109920501709,37.018106606397836,854803150,1720698690
1.0,0,3.718251943588257,0.6392616629600525,10.936880111694336,-0.09347837418317795,-1.0216041803359985,-1.4897950887680054,19.37375259399414,-30.29645347595215,11.63901138305664,37.79793603847636,866803150,1720698690
1.0,0,-3.7014923095703125,-1.1133207082748413,7.398196220397949,-0.06844428181648254,-0.9907110333442688,-1.4788758754730225,18.85013771057129,-29.070585250854492,13.157143592834473,37.061260718669104,879803150,1720698690
1.0,0,-0.8858681321144104,-0.2753373980522156,9.208239555358887,0.018908733502030373,-1.0208052396774292,-1.4402594566345215,18.326522827148438,-30.9969482421875,11.30164909362793,37.74121767376278,891803150,1720698690
1.0,0,1.6304762363433838,2.142843246459961,10.857871055603027,0.06924324482679367,-1.024001121520996,-1.4421236515045166,18.85013771057129,-30.471576690673828,12.482418060302734,37.942791652108184,904803150,1720698690
1.0,0,4.326388359069824,1.716668725013733,10.678301811218262,0.13395905494689941,-1.0287948846817017,-1.4799412488937378,17.62837028503418,-27.494468688964844,12.9884614944458,35.1483339489576,916803150,1720698690
1.0,0,4.738197326660156,1.8100440502166748,10.790831565856934,0.18775571882724762,-1.0530298948287964,-1.4858001470565796,18.326522827148438,-28.89546012878418,11.976373672485352,36.25248379533669,929803150,1720698690
1.0,0,7.951265335083008,1.9153906106948853,11.08771800994873,0.2593958377838135,-1.0855209827423096,-1.473549485206604,18.15198516845703,-29.420833587646484,11.470330238342285,36.42318616382291,941803150,1720698690
1.0,0,0.23702958226203918,0.09576953202486038,10.843505859375,0.27537503838539124,-1.0197399854660034,-1.4463849067687988,17.104755401611328,-30.121328353881836,13.494505882263184,37.17484052632578,954803150,1720698690
1.0,0,0.05267323926091194,-1.2402154207229614,8.92811393737793,0.3310359716415405,-0.9694054126739502,-1.452510118484497,18.675600051879883,-30.29645347595215,12.313736915588379,37.66007497794757,966803150,1720698690
1.0,0,0.15562549233436584,-0.12928886711597443,8.949663162231445,0.3597985506057739,-0.9387785792350769,-1.45597243309021,16.755678176879883,-29.420833587646484,13.494505882263184,36.44776933044863,979803150,1720698690
1.0,0,4.731014728546143,3.5506551265716553,10.05101203918457,0.47990894317626953,-0.9702043533325195,-1.4402594566345215,18.326522827148438,-30.646699905395508,12.65109920501709,37.88313562946639,991803150,1720698690
1.0,0,6.517116546630859,4.225830554962158,11.324747085571289,0.5166611075401306,-0.9792592525482178,-1.4426562786102295,15.70844841003418,-30.121328353881836,11.807692527770996,35.96486307611153,4803150,1720698691
1.0,0,6.421347141265869,4.479619979858398,10.113262176513672,0.5837738513946533,-1.0000321865081787,-1.4431889057159424,17.977445602416992,-32.047691345214844,12.9884614944458,38.973621886331294,17803150,1720698691
1.0,0,2.2122762203216553,0.08379834145307541,9.536251068115234,0.6122700572013855,-0.9313216209411621,-1.4493143558502197,18.85013771057129,-31.522321701049805,13.494505882263184,39.12909590238973,29803150,1720698691
1.0,0,-0.37110692262649536,-0.5722229480743408,8.755729675292969,0.6322441101074219,-0.872997522354126,-1.4527764320373535,18.15198516845703,-31.172073364257812,13.831868171691895,38.63305968340611,42803150,1720698691
1.0,0,-0.514761209487915,-1.6807552576065063,8.413352966308594,0.6783174276351929,-0.8077490925788879,-1.450113296508789,16.581140518188477,-32.047691345214844,14.337912559509277,38.827367641989376,54803150,1720698691
1.0,0,3.689521312713623,3.174759864807129,11.391785621643066,0.7446312308311462,-0.8016237616539001,-1.4490480422973633,16.581140518188477,-32.047691345214844,14.337912559509277,38.827367641989376,67803150,1720698691
1.0,0,8.647988319396973,9.588924407958984,11.849085807800293,0.8530234694480896,-0.8367779850959778,-1.4407920837402344,16.581140518188477,-32.047691345214844,14.337912559509277,38.827367641989376,79803150,1720698691
1.0,0,6.4357123374938965,6.509933948516846,10.661542892456055,0.8796555399894714,-0.8202661275863647,-1.4418573379516602,16.581140518188477,-32.047691345214844,14.337912559509277,38.827367641989376,92803150,1720698691
1.0,0,1.6831494569778442,-1.9441214799880981,7.886620998382568,0.8524908423423767,-0.7217276096343994,-1.437596321105957,17.45383071899414,-34.32430648803711,14.843955993652344,41.26908349107716,104803150,1720698691
1.0,0,2.7940759658813477,0.8355891108512878,8.98078727722168,0.9273268580436707,-0.6868396997451782,-1.4365310668945312,17.279293060302734,-32.74818801879883,15.012638092041016,39.954938238733725,117803150,1720698691
1.0,0,1.4126006364822388,1.7525824308395386,9.667933464050293,0.9624811410903931,-0.6231892108917236,-1.414692759513855,15.70844841003418,-34.67455291748047,14.843955993652344,40.85857316426194,129803150,1720698691
1.0,0,2.806046962738037,1.9417272806167603,9.560193061828613,0.9885805249214172,-0.5888339281082153,-1.4604997634887695,16.057525634765625,-34.32430648803711,15.518681526184082,40.9491345660319,142803150,1720698691
1.0,0,6.100518703460693,6.447683334350586,9.54343318939209,1.06315016746521,-0.5867033004760742,-1.4581029415130615,15.533909797668457,-35.19992446899414,13.663187026977539,40.82915277052856,154803150,1720698691
1.0,0,6.165163516998291,7.113282203674316,10.139598846435547,1.109223484992981,-0.5422278642654419,-1.467956781387329,14.661218643188477,-35.37504959106445,14.843955993652344,41.069313303428075,167803150,1720698691
1.0,0,5.786873817443848,3.9552814960479736,9.064586639404297,1.134790301322937,-0.4977523982524872,-1.488996148109436,16.23206329345703,-33.44868469238281,16.02472496032715,40.48562950563288,179803150,1720698691
1.0,0,1.7501882314682007,0.9265702366828918,7.771697521209717,1.1507694721221924,-0.41998693346977234,-1.4652936458587646,15.70844841003418,-35.37504959106445,16.868131637573242,42.22183499048181,192803150,1720698691
1.0,0,1.2043018341064453,1.096561074256897,9.205845832824707,1.1363881826400757,-0.3584669530391693,-1.4514448642730713,17.62837028503418,-35.900421142578125,17.711538314819336,43.74126503198164,204803150,1720698691
1.0,0,5.06381368637085,2.8443548679351807,14.288813591003418,0.8676711320877075,-0.1720428317785263,-1.0607532262802124,16.23206329345703,-36.95116424560547,17.711538314819336,44.07456190758815,217803150,1720698691
1.0,0,9.605684280395508,-15.79239559173584,6.888223648071289,0.9283921122550964,-0.3704513609409332,-0.8468981385231018,18.15198516845703,-37.826786041259766,18.21758270263672,45.74101690271585,229803150,1720698691
1.0,0,-3.296865940093994,-21.021411895751953,7.951265335083008,0.3616628050804138,-0.050068192183971405,-0.6588761210441589,17.45383071899414,-38.177032470703125,18.55494499206543,45.8956206919026,242803150,1720698691
1.0,0,12.462010383605957,10.754918098449707,7.465234756469727,0.46126651763916016,0.007989604957401752,-0.5411626100540161,18.85013771057129,-37.47653579711914,17.542858123779297,45.470543192393286,254803150,1720698691
1.0,0,-0.636867344379425,-10.031858444213867,7.58973503112793,-0.06018836051225662,0.1326274424791336,-0.07430332899093628,18.501060485839844,-38.177032470703125,17.542858123779297,45.90780890568482,267803150,1720698691
1.0,0,6.474020004272461,8.908960342407227,13.94643783569336,-0.11638191342353821,0.18029874563217163,0.09960374981164932,18.85013771057129,-38.177032470703125,18.21758270263672,46.31083911466117,279803150,1720698691
1.0,0,1.4940046072006226,-10.860264778137207,10.606474876403809,-0.3475477993488312,0.047138672322034836,0.34381935000419617,18.501060485839844,-37.826786041259766,17.880220413208008,45.747756921371014,292803150,1720698691
1.0,0,-0.1795678734779358,2.8419606685638428,8.331949234008789,-0.2522051930427551,0.10279957950115204,0.16618378460407257,18.675600051879883,-36.95116424560547,18.04890251159668,45.16557824579033,304803150,1720698691
1.0,0,5.482805252075195,17.89932632446289,6.213047981262207,-0.21092556416988373,0.0644494816660881,0.18908731639385223,19.199214935302734,-37.12628936767578,17.880220413208008,45.46068079526799,317803150,1720698691
1.0,0,5.272112846374512,14.53781509399414,8.796431541442871,-0.0700422003865242,0.07137380540370941,0.20879501104354858,17.977445602416992,-37.65166091918945,17.711538314819336,45.32697552053075,329803150,1720698691
1.0,0,0.9529067873954773,3.9576759338378906,11.094900131225586,-0.16778171062469482,0.04847027361392975,0.2471451312303543,17.45383071899414,-37.826786041259766,17.205495834350586,45.07250864866968,342803150,1720698691
1.0,0,4.395821571350098,1.3240137100219727,10.10129165649414,-0.042877547442913055,-0.02769729681313038,0.10892495512962341,18.15198516845703,-36.776039123535156,16.868131637573242,44.345298331550005,354803150,1720698691
1.0,0,4.726226329803467,0.3184336721897125,6.730203628540039,-0.019974011927843094,-0.03621954470872879,0.021039292216300964,18.15198516845703,-38.177032470703125,17.205495834350586,45.63999847426444,367803150,1720698691
1.0,0,5.492382049560547,4.972832679748535,6.253750324249268,0.019175052642822266,0.023968815803527832,-0.07270540297031403,18.15198516845703,-38.177032470703125,17.205495834350586,45.63999847426444,379803150,1720698691
1.0,0,5.133246898651123,7.422138690948486,6.8475213050842285,-0.007989604957401752,0.08522245287895203,-0.02982785925269127,18.15198516845703,-38.177032470703125,17.205495834350586,45.63999847426444,392803150,1720698691
1.0,0,4.307234764099121,5.564209461212158,11.00631332397461,-0.006658004131168127,0.07483596354722977,0.028229938820004463,18.15198516845703,-38.177032470703125,17.205495834350586,45.63999847426444,404803150,1720698691
1.0,0,14.499505996704102,4.879457473754883,19.1467227935791,-0.33609604835510254,0.10359854996204376,0.4085351228713989,17.279293060302734,-38.35215759277344,18.7236270904541,46.043850535192455,417803150,1720698691
1.0,0,6.184317111968994,12.284835815429688,24.916837692260742,-0.2703149616718292,-0.09108150005340576,0.6373041868209839,16.406600952148438,-36.776039123535156,17.542858123779297,43.92499834456315,429803150,1720698691
1.0,0,-3.9792239665985107,-22.163463592529297,13.25450325012207,-1.1121530532836914,0.08495613932609558,1.101766586303711,17.104755401611328,-37.47653579711914,17.205495834350586,44.64406432671156,442803150,1720698691
1.0,0,7.010329723358154,20.83466148376465,15.394951820373535,-0.899629533290863,-0.0197076927870512,1.2746083736419678,18.326522827148438,-38.00190734863281,16.362089157104492,45.25178850225814,454803150,1720698691
1.0,0,6.545847415924072,-1.628082036972046,6.428529739379883,-1.1755372285842896,0.06018836051225662,1.4359984397888184,17.62837028503418,-36.250667572021484,16.699451446533203,43.63189219984169,467803150,1720698691
1.0,0,5.9927778244018555,6.392616271972656,7.493966102600098,-1.1124193668365479,0.19787588715553284,1.524949312210083,16.755678176879883,-35.37504959106445,16.53076934814453,42.49015438874037,479803150,1720698691
1.0,0,5.4516801834106445,3.2657408714294434,8.592921257019043,-1.0450403690338135,0.20719709992408752,1.4687557220458984,17.45383071899414,-36.07554626464844,16.19340705871582,43.223924824446016,492803150,1720698691
1.0,0,1.6424474716186523,-3.457279920578003,8.31279468536377,-1.0921789407730103,0.25353679060935974,1.3675540685653687,13.78852653503418,-35.550174713134766,16.362089157104492,41.49284694651338,505803150,1720698691
1.0,0,5.013535022735596,1.8435633182525635,8.272092819213867,-1.0234684944152832,0.29375115036964417,1.3563685417175293,16.057525634765625,-35.37504959106445,16.868131637573242,42.35294709962842,517803150,1720698691
1.0,0,7.7262067794799805,6.689501762390137,8.04464054107666,-0.9670085906982422,0.24900935590267181,1.3190838098526,14.835756301879883,-32.74818801879883,15.687362670898438,39.22546151585301,530803150,1720698691
1.0,0,5.305631637573242,3.514741897583008,8.547430038452148,-0.9931079149246216,0.3382266163825989,1.394452452659607,12.043143272399902,-33.44868469238281,13.325824737548828,37.966161413367345,542803150,1720698691
1.0,0,5.2984490394592285,4.142032146453857,8.968816757202148,-0.9438386559486389,0.3321012556552887,1.3699510097503662,14.312141418457031,-32.222816467285156,14.169231414794922,37.99887382478944,555803150,1720698691
1.0,0,2.0805928707122803,1.4604852199554443,10.690274238586426,-0.9651442766189575,0.372848242521286,1.355036973953247,13.78852653503418,-31.347196578979492,14.000550270080566,36.997102659986474,567803150,1720698691
1.0,0,3.9361279010772705,0.7470023036003113,9.174720764160156,-0.9417081475257874,0.39388754963874817,1.3361282348632812,14.137603759765625,-31.347196578979492,15.012638092041016,37.5219652458653,580803150,1720698691
1.0,0,1.4317545890808105,2.937730312347412,8.578556060791016,-0.9233320355415344,0.45620644092559814,1.3004413843154907,14.486680030822754,-30.9969482421875,14.000550270080566,36.96877204492114,592803150,1720698691
1.0,0,8.133227348327637,7.357493877410889,10.381417274475098,-0.8855145573616028,0.44608625769615173,1.355036973953247,13.090373992919922,-30.9969482421875,14.337912559509277,36.57518869626647,605803150,1720698691
1.0,0,6.3303656578063965,3.169971466064453,9.43808650970459,-0.8745954036712646,0.4535432457923889,1.327339768409729,13.78852653503418,-30.646699905395508,12.9884614944458,36.02837508258472,617803150,1720698691
1.0,0,5.075784683227539,0.9648780226707458,10.029463768005371,-0.8506266474723816,0.5025461316108704,1.3124257326126099,10.64683723449707,-28.89546012878418,11.976373672485352,33.04143286080417,630803150,1720698691
1.0,0,-0.4237801730632782,-0.636867344379425,8.6839017868042,-0.8399738669395447,0.48630064725875854,1.3004413843154907,11.344990730285645,-28.194965362548828,12.65109920501709,32.919829853156585,642803150,1720698691
1.0,0,1.9153906106948853,1.678360939025879,9.608078002929688,-0.8562193512916565,0.5616692304611206,1.3342640399932861,12.56675910949707,-28.019840240478516,13.494505882263184,33.54305547538122,655803150,1720698691
1.0,0,6.840338706970215,-0.2633661925792694,8.698267936706543,-0.8413054347038269,0.5768494606018066,1.3542380332946777,12.741296768188477,-26.093477249145508,12.65109920501709,31.674287827540944,667803150,1720698691
1.0,0,4.11808967590332,0.9361472129821777,9.272884368896484,-0.775524377822876,0.636771559715271,1.2980445623397827,12.9158353805542,-28.019840240478516,13.157143592834473,33.54162605184757,680803150,1720698691
1.0,0,5.288872241973877,3.143634796142578,10.194665908813477,-0.7504902482032776,0.5653977394104004,1.3156217336654663,12.9158353805542,-28.019840240478516,13.157143592834473,33.54162605184757,692803150,1720698691
1.0,0,4.747774600982666,-0.9912146329879761,8.420536041259766,-0.7925688624382019,0.6242544651031494,1.2828642129898071,12.9158353805542,-28.019840240478516,13.157143592834473,33.54162605184757,705803150,1720698691
1.0,0,4.2401957511901855,0.5865883827209473,9.718213081359863,-0.7307825088500977,0.6567455530166626,1.3158880472183228,12.9158353805542,-28.019840240478516,13.157143592834473,33.54162605184757,717803150,1720698691
1.0,0,-1.0271282196044922,-2.784498929977417,8.485180854797363,-0.7409027218818665,0.7603440880775452,1.3132246732711792,12.9158353805542,-28.019840240478516,13.157143592834473,33.54162605184757,730803150,1720698691
1.0,0,3.8547234535217285,0.7565792798995972,10.158753395080566,-0.721461296081543,0.7438322305679321,1.3217469453811646,12.217681884765625,-24.51736068725586,12.145055770874023,29.964564161421897,742803150,1720698691
1.0,0,5.224227428436279,3.0789904594421387,11.126025199890137,-0.6628708839416504,0.7137380838394165,1.3100289106369019,11.694067001342773,-23.291492462158203,11.30164909362793,28.40725429150391,755803150,1720698691
1.0,0,7.881832599639893,2.4588825702667236,10.6328125,-0.65062016248703,0.7243908643722534,1.27593994140625,13.264911651611328,-23.816864013671875,12.145055770874023,29.844652322458586,767803150,1720698691
1.0,0,3.869088888168335,0.1891448199748993,10.22818660736084,-0.6136016845703125,0.7454301714897156,1.3081647157669067,13.264911651611328,-22.065624237060547,11.470330238342285,28.18542406764243,780803150,1720698691
1.0,0,1.120503544807434,-2.8802685737609863,7.867466449737549,-0.6311788558959961,0.8120101690292358,1.3015066385269165,12.56675910949707,-22.065624237060547,10.120879173278809,27.335826358963253,792803150,1720698691
1.0,0,3.098144292831421,-1.3838696479797363,9.770886421203613,-0.5789800882339478,0.8082817196846008,1.291652798652649,12.217681884765625,-21.715375900268555,10.120879173278809,26.893521457172604,805803150,1720698691
1.0,0,5.181131362915039,0.12928886711597443,10.027070045471191,-0.5377004146575928,0.8197335004806519,1.2903212308883667,11.694067001342773,-21.540252685546875,10.964285850524902,26.850498189067626,817803150,1720698691
1.0,0,6.395010471343994,2.4086036682128906,11.159544944763184,-0.5206559300422668,0.8024227023124695,1.2788695096969604,13.264911651611328,-22.41587257385254,9.10879135131836,27.593464883086007,830803150,1720698691
1.0,0,4.410186767578125,-1.8052555322647095,9.96721363067627,-0.509470522403717,0.8069500923156738,1.3198827505111694,12.9158353805542,-22.76612091064453,11.132966995239258,28.443945208299578,842803150,1720698691
1.0,0,1.5179469585418701,-2.0542564392089844,9.600895881652832,-0.4735172688961029,0.8572846055030823,1.2985771894454956,14.661218643188477,-20.66463279724121,11.132966995239258,27.67528382628227,855803150,1720698691
1.0,0,2.779710531234741,-1.0007915496826172,10.417330741882324,-0.46126651763916016,0.8911072611808777,1.2967129945755005,12.9158353805542,-20.31438446044922,10.120879173278809,26.113697838962313,867803150,1720698691
1.0,0,3.4405205249786377,-3.2082793712615967,8.037457466125488,-0.42424800992012024,0.8836503624916077,1.283929467201233,13.264911651611328,-19.263641357421875,9.10879135131836,25.100116321528883,880803150,1720698691
1.0,0,1.1372631788253784,-1.3695042133331299,10.18030071258545,-0.386430561542511,0.924397349357605,1.281532645225525,15.184833526611328,-19.088516235351562,9.952198028564453,26.343820279107998,892803150,1720698691
1.0,0,4.395821571350098,-0.5027900338172913,9.902568817138672,-0.3571353554725647,0.8916398882865906,1.28339684009552,14.486680030822754,-16.987028121948242,11.30164909362793,25.02299532363782,905803150,1720698691
1.0,0,3.3375680446624756,-1.7070918083190918,9.96481990814209,-0.3321012556552887,0.9089507460594177,1.2932506799697876,14.486680030822754,-17.337276458740234,8.602747917175293,24.175448807595917,917803150,1720698691
1.0,0,2.559440851211548,-0.4812418818473816,11.027861595153809,-0.29481643438339233,0.9180055856704712,1.286592721939087,15.533909797668457,-19.088516235351562,8.602747917175293,26.070693841857068,930803150,1720698691
1.0,0,-0.7948870658874512,-1.264157772064209,9.428509712219238,-0.30307236313819885,0.9457029700279236,1.296446681022644,15.533909797668457,-17.687524795532227,9.614835739135742,25.428251085853887,942803150,1720698691
1.0,0,3.306443214416504,0.03830781206488609,11.315170288085938,-0.2402207851409912,0.943306028842926,1.2831305265426636,15.359371185302734,-16.46165657043457,8.771429061889648,24.16266516836671,955803150,1720698691
1.0,0,3.074201822280884,-0.3184336721897125,11.592901229858398,-0.24794407188892365,0.9467682242393494,1.299376130104065,16.057525634765625,-16.111408233642578,10.120879173278809,24.896863256690587,967803150,1720698691
1.0,0,1.4317545890808105,0.055067479610443115,11.81317138671875,-0.17550499737262726,0.9347837567329407,1.2852611541748047,15.70844841003418,-16.46165657043457,10.458242416381836,25.04229068862202,980803150,1720698691
1.0,0,0.15801972150802612,-1.4102063179016113,9.782856941223145,-0.1619226634502411,0.9829877018928528,1.2903212308883667,16.93021583557129,-17.687524795532227,9.952198028564453,26.429661125927407,993803150,1720698691
1.0,0,4.146820545196533,-1.2497923374176025,11.535440444946289,-0.16059106588363647,0.9385122656822205,1.2873917818069458,16.93021583557129,-17.687524795532227,9.952198028564453,26.429661125927407,5803150,1720698692
1.0,0,1.4509084224700928,-2.7461910247802734,9.40456771850586,-0.15925946831703186,0.9584863185882568,1.2863264083862305,16.93021583557129,-17.687524795532227,9.952198028564453,26.429661125927407,18803150,1720698692
1.0,0,-0.19632753729820251,-1.8387749195098877,10.934486389160156,-0.08202660828828812,0.9965700507164001,1.30124032497406,16.93021583557129,-17.687524795532227,9.952198028564453,26.429661125927407,30803150,1720698692
1.0,0,0.7709447145462036,-1.958486795425415,10.065377235412598,-0.07164012640714645,0.9675412178039551,1.2796684503555298,18.501060485839844,-16.111408233642578,8.771429061889648,26.053880366646972,43803150,1720698692
1.0,0,1.1037437915802002,-3.296865940093994,9.426115989685059,-0.02982785925269127,0.9688727855682373,1.2921854257583618,18.501060485839844,-16.811904907226562,9.10879135131836,26.60638016702357,55803150,1720698692
1.0,0,1.0319167375564575,-0.46448221802711487,11.288832664489746,0.03728482499718666,0.9582200050354004,1.2823315858840942,18.85013771057129,-17.162153244018555,9.783516883850098,27.30539137780776,68803150,1720698692
1.0,0,-0.28730857372283936,-3.349539279937744,8.504334449768066,0.03302370011806488,0.9821887612342834,1.299376130104065,19.024675369262695,-16.63677978515625,8.602747917175293,26.696965862286262,80803150,1720698692
1.0,0,5.327179908752441,-1.8794770240783691,11.140390396118164,0.08096133172512054,0.9233320355415344,1.2897886037826538,20.246444702148438,-17.862648010253906,8.771429061889648,28.388918345071634,93803150,1720698692
1.0,0,-0.5219439268112183,-2.322411060333252,9.921723365783691,0.09667421877384186,0.9486324191093445,1.2743420600891113,20.944597244262695,-17.337276458740234,8.771429061889648,28.56913153245872,105803150,1720698692
1.0,0,-3.1412405967712402,-3.660790205001831,9.445270538330078,0.12863264977931976,0.992042601108551,1.3015066385269165,19.199214935302734,-17.512399673461914,9.44615364074707,27.650023780453058,118803150,1720698692
1.0,0,0.42138591408729553,-1.5538605451583862,10.259310722351074,0.14993825554847717,0.9454366564750671,1.304169774055481,20.595521926879883,-17.162153244018555,8.434065818786621,28.104243338816143,130803150,1720698692
1.0,0,0.9002335667610168,-3.375875949859619,9.48836612701416,0.17736923694610596,0.9174729585647583,1.286060094833374,21.817289352416992,-18.73826789855957,9.277472496032715,30.219005517056967,143803150,1720698692
1.0,0,2.063833475112915,-2.0542564392089844,10.395782470703125,0.22237734496593475,0.9377133250236511,1.2897886037826538,22.864519119262695,-18.388019561767578,9.614835739135742,30.876375503767253,155803150,1720698692
1.0,0,-0.11492343246936798,-1.8315922021865845,9.70384693145752,0.2532704770565033,0.8974990248680115,1.2897886037826538,20.944597244262695,-16.46165657043457,9.44615364074707,28.264679537753604,168803150,1720698692
1.0,0,-2.7988643646240234,-1.2497923374176025,10.98955249786377,0.2538031339645386,0.8913735747337341,1.2972456216812134,22.166366577148438,-18.03777313232422,9.952198028564453,30.26144927800853,180803150,1720698692
1.0,0,-4.015137672424316,-1.2881001234054565,9.976790428161621,0.3065345287322998,0.9220004081726074,1.3116267919540405,20.246444702148438,-17.162153244018555,9.783516883850098,28.287368729963397,193803150,1720698692
1.0,0,-8.164352416992188,1.6951206922531128,10.292829513549805,0.33050331473350525,0.9278594851493835,1.2897886037826538,23.0390567779541,-18.56314468383789,9.783516883850098,31.1625685781431,205803150,1720698692
1.0,0,9.363865852355957,5.396613121032715,9.38301944732666,0.13102951645851135,0.4588696360588074,0.8080154061317444,22.51544189453125,-17.687524795532227,8.602747917175293,29.896503622080026,218803150,1720698692
1.0,0,-24.088430404663086,-7.199474334716797,-2.0231313705444336,0.29428377747535706,0.6745890378952026,0.6082752346992493,21.817289352416992,-19.789012908935547,8.940110206604004,30.781889433615518,230803150,1720698692
1.0,0,37.963043212890625,-0.09098105132579803,11.056591987609863,-0.0412796251475811,-0.047937631607055664,0.20799605548381805,23.21359634399414,-18.73826789855957,10.289560317993164,31.557388843149013,243803150,1720698692
1.0,0,-5.217044830322266,-0.07422138750553131,9.17232608795166,0.20746341347694397,0.05353035405278206,0.08016236871480942,23.562671661376953,-18.73826789855957,9.277472496032715,31.502280482128402,255803150,1720698692
1.0,0,-4.795659065246582,-0.8834738731384277,10.95363998413086,0.018109772354364395,0.033556342124938965,0.01145176775753498,22.68998146057129,-17.512399673461914,9.783516883850098,30.28591427744452,268803150,1720698692
1.0,0,-5.296054840087891,8.626440048217773,15.047786712646484,0.08468981087207794,-0.06711268424987793,-0.11425135284662247,23.21359634399414,-18.73826789855957,9.277472496032715,31.242042746509547,280803150,1720698692
1.0,0,-0.7637620568275452,-3.735011577606201,11.650362968444824,-0.10999023169279099,-0.048203952610492706,-0.1494056135416031,23.21359634399414,-18.73826789855957,9.277472496032715,31.242042746509547,293803150,1720698692
1.0,0,4.893823146820068,-0.6775694489479065,12.711010932922363,-0.0719064474105835,-0.015979209914803505,-0.09800582379102707,23.21359634399414,-18.73826789855957,9.277472496032715,31.242042746509547,305803150,1720698692
1.0,0,-2.5977485179901123,-15.84506893157959,3.591357469558716,-0.3432866930961609,0.1275673657655716,0.06098731979727745,23.21359634399414,-18.73826789855957,9.277472496032715,31.242042746509547,318803150,1720698692
1.0,0,-33.01893997192383,-17.504274368286133,-16.309551239013672,-0.8397074937820435,0.4948228895664215,0.67032790184021,20.77005958557129,-16.987028121948242,8.940110206604004,28.282151087041935,330803150,1720698692
1.0,0,-10.319167137145996,-18.75885581970215,-12.483558654785156,0.12330623716115952,0.022104574367403984,0.626651406288147,23.0390567779541,-17.512399673461914,8.434065818786621,30.14325373572811,343803150,1720698692
1.0,0,-23.441986083984375,-39.22719955444336,-16.060550689697266,-1.0780640840530396,0.46499502658843994,1.0282622575759888,23.737211227416992,-16.811904907226562,7.421977996826172,30.01967856007142,355803150,1720698692
1.0,0,2.293680191040039,-6.416558742523193,-7.944082260131836,0.21811622381210327,0.15473201870918274,1.1305291652679443,22.864519119262695,-16.987028121948242,8.265384674072266,29.6590954477944,368803150,1720698692
1.0,0,2.6743643283843994,-10.759706497192383,6.912165641784668,-0.3033386766910553,0.23569335043430328,1.206164002418518,23.737211227416992,-17.862648010253906,10.120879173278809,31.384097661607985,380803150,1720698692
1.0,0,-0.35195302963256836,-0.36152997612953186,17.463573455810547,-0.041812267154455185,0.20932765305042267,1.2226759195327759,23.388134002685547,-17.512399673461914,9.783516883850098,30.812435104470804,393803150,1720698692
1.0,0,3.1077210903167725,17.066129684448242,27.552894592285156,-0.4940238893032074,0.4210521876811981,1.2074955701828003,23.21359634399414,-18.73826789855957,7.928022384643555,30.86822440619958,405803150,1720698692
1.0,0,-0.5506747961044312,-6.066999435424805,8.343920707702637,-0.6013509631156921,0.42185112833976746,1.1939133405685425,23.388134002685547,-18.2128963470459,9.44615364074707,31.111802006319287,418803150,1720698692
1.0,0,1.9417272806167603,6.550635814666748,18.205787658691406,-0.5973561406135559,0.5265149474143982,1.2005714178085327,22.864519119262695,-18.03777313232422,9.277472496032715,30.564996156436372,430803150,1720698692
1.0,0,-3.8547234535217285,-10.481975555419922,3.28010630607605,-0.6868396997451782,0.5898991823196411,1.170743465423584,21.817289352416992,-18.03777313232422,9.952198028564453,30.006692917748325,443803150,1720698692
1.0,0,-0.05746171623468399,-4.510745048522949,3.8307812213897705,-0.5052093863487244,0.49189335107803345,1.1837931871414185,23.737211227416992,-18.2128963470459,8.771429061889648,31.17856247473593,455803150,1720698692
1.0,0,-4.95846700668335,-0.6536269783973694,4.312023162841797,-0.3158557415008545,0.481506884098053,1.175803542137146,23.388134002685547,-16.111408233642578,8.09670352935791,29.53199782339452,468803150,1720698692
1.0,0,-1.98482346534729,0.435751348733902,9.27767276763916,-0.24687878787517548,0.3701850473880768,1.1742056608200073,23.21359634399414,-17.337276458740234,7.928022384643555,30.038404570817267,481803150,1720698692
1.0,0,-0.7134829759597778,0.3399818241596222,13.14676284790039,-0.22370894253253937,0.39175698161125183,1.106027603149414,23.562671661376953,-17.337276458740234,9.277472496032715,30.689609752215624,493803150,1720698692
1.0,0,-4.197099685668945,0.08379834145307541,10.520282745361328,-0.35793429613113403,0.47431620955467224,1.1507694721221924,22.51544189453125,-17.687524795532227,8.602747917175293,29.896503622080026,506803150,1720698692
1.0,0,1.5873799324035645,-1.6304762363433838,12.052595138549805,-0.33316653966903687,0.5395646691322327,1.1337249279022217,23.388134002685547,-18.913393020629883,9.10879135131836,31.427556818216704,518803150,1720698692
1.0,0,-2.3367764949798584,-0.5650402307510376,9.80919361114502,-0.3419550955295563,0.5424941778182983,1.1755372285842896,23.9117488861084,-15.936284065246582,9.277472496032715,30.196164996820073,531803150,1720698692
1.0,0,-1.6472358703613281,-0.10055800527334213,8.92572021484375,-0.2713802456855774,0.5547448992729187,1.1592917442321777,23.388134002685547,-17.862648010253906,9.44615364074707,30.908070542665758,543803150,1720698692
1.0,0,1.2426096200942993,-0.4812418818473816,9.016700744628906,-0.2013380527496338,0.4604675769805908,1.1438450813293457,24.609901428222656,-16.28653335571289,7.253296852111816,30.389286472019037,556803150,1720698692
1.0,0,-2.2050933837890625,-1.7837074995040894,9.253730773925781,-0.22024677693843842,0.48337113857269287,1.1662161350250244,24.260826110839844,-17.687524795532227,7.928022384643555,31.053015246580884,568803150,1720698692
1.0,0,-2.2003049850463867,0.8403776288032532,11.925701141357422,-0.20906133949756622,0.5371677875518799,1.1323933601379395,24.43536376953125,-19.263641357421875,8.771429061889648,32.328205157175944,581803150,1720698692
1.0,0,0.08619257807731628,0.1221061497926712,11.837113380432129,-0.24421559274196625,0.5624682307243347,1.1483726501464844,24.43536376953125,-18.56314468383789,7.759340763092041,31.65256248995018,593803150,1720698692
1.0,0,-1.0534647703170776,0.38068386912345886,11.207428932189941,-0.20053909718990326,0.5779147148132324,1.1723413467407227,24.43536376953125,-18.56314468383789,7.759340763092041,31.65256248995018,606803150,1720698692
1.0,0,1.5179469585418701,-0.08619257807731628,10.38860034942627,-0.16405321657657623,0.540363609790802,1.152367353439331,24.43536376953125,-18.56314468383789,7.759340763092041,31.65256248995018,618803150,1720698692
1.0,0,-3.89542555809021,-2.3798727989196777,8.626440048217773,-0.1720428317785263,0.551815390586853,1.1614222526550293,24.43536376953125,-18.56314468383789,7.759340763092041,31.65256248995018,631803150,1720698692
1.0,0,-5.734200954437256,-1.6185050010681152,7.831552982330322,-0.14541080594062805,0.596823513507843,1.1563622951507568,25.13351821899414,-18.56314468383789,7.421977996826172,32.11494723649692,643803150,1720698692
1.0,0,-3.2681353092193604,-0.8475603461265564,9.184297561645508,-0.16112370789051056,0.5880349278450012,1.1568949222564697,25.13351821899414,-18.2128963470459,7.421977996826172,31.913775846773756,656789342,1720698692
1.0,0,0.3280106484889984,-1.0989553928375244,11.6551513671875,-0.11345238983631134,0.5733873248100281,1.173140287399292,25.482593536376953,-18.913393020629883,9.783516883850098,33.208375622869475,668789342,1720698692
1.0,0,-0.20111601054668427,1.3599272966384888,11.956825256347656,-0.09081517904996872,0.5760505199432373,1.1521010398864746,24.784440994262695,-19.613887786865234,8.434065818786621,32.71248348489389,681789342,1720698692
1.0,0,-0.37110692262649536,-0.4046262502670288,10.611263275146484,-0.0700422003865242,0.5600712895393372,1.1672813892364502,26.180747985839844,-20.31438446044922,8.09670352935791,34.11249608497324,693789342,1720698692
1.0,0,-4.666370391845703,-1.5299183130264282,8.83952808380127,-0.08948357403278351,0.6117374300956726,1.1811299324035645,26.704362869262695,-20.13926124572754,6.915934085845947,34.15469197718939,706789342,1720698692
1.0,0,-4.175551414489746,0.13647158443927765,9.897780418395996,-0.0700422003865242,0.636771559715271,1.147573709487915,25.482593536376953,-18.2128963470459,7.759340763092041,32.26886325494315,718789342,1720698692
1.0,0,-0.37110692262649536,-0.7517908215522766,10.79322624206543,-0.04953555390238762,0.6162648797035217,1.1635527610778809,25.482593536376953,-20.66463279724121,8.09670352935791,33.7926949210526,731789342,1720698692
1.0,0,0.12928886711597443,0.7733389735221863,11.712613105773926,-0.03302370011806488,0.5768494606018066,1.186456322669983,25.8316707611084,-21.014881134033203,8.434065818786621,34.35162164474149,743789342,1720698692
1.0,0,-1.7262457609176636,-1.2976771593093872,10.21381950378418,0.036752182990312576,0.5867033004760742,1.1720750331878662,26.529823303222656,-21.014881134033203,8.771429061889648,34.96276192416044,756789342,1720698692
1.0,0,-3.4477031230926514,-4.249773025512695,8.315189361572266,-0.026365695521235466,0.6061447262763977,1.181396245956421,26.8789005279541,-21.014881134033203,8.434065818786621,35.14589576187838,768789342,1720698692
1.0,0,-2.9592783451080322,-1.5059758424758911,10.089320182800293,0.018109772354364395,0.6479569673538208,1.1829942464828491,25.657133102416992,-21.190004348754883,7.928022384643555,34.20757667925049,781789342,1720698692
1.0,0,-1.7453995943069458,2.7749221324920654,11.238554954528809,0.0375511460006237,0.6852418184280396,1.189119577407837,26.006208419799805,-21.190004348754883,7.5906596183776855,34.3941459279975,793789342,1720698692
1.0,0,0.4070205092430115,0.7829159498214722,12.198643684387207,0.0631178766489029,0.6295808553695679,1.178466796875,26.006208419799805,-20.13926124572754,8.265384674072266,33.91503064583782,806789342,1720698692
1.0,0,-3.9648585319519043,-0.20590448379516602,10.070165634155273,0.09001621603965759,0.6136016845703125,1.1867226362228394,25.482593536376953,-21.365129470825195,8.09670352935791,34.22554511892602,818789342,1720698692
1.0,0,-5.439709186553955,-2.944913148880005,7.53466796875,0.0788307711482048,0.6258523464202881,1.2050987482070923,25.482593536376953,-21.715375900268555,7.759340763092041,34.367535450013676,831789342,1720698692
1.0,0,-2.7964701652526855,-2.762950897216797,9.335135459899902,0.09853846579790115,0.6210586428642273,1.2050987482070923,26.704362869262695,-22.24074935913086,8.602747917175293,35.80197201322016,843789342,1720698692
1.0,0,-1.7669477462768555,0.6416558623313904,11.33671760559082,0.11931143701076508,0.618928074836731,1.1856573820114136,25.657133102416992,-22.94124412536621,7.253296852111816,35.17384648115197,856789342,1720698692
1.0,0,-0.7853101491928101,0.02154814451932907,11.422910690307617,0.16298793256282806,0.6008183360099792,1.1947122812271118,25.308055877685547,-23.641740798950195,9.614835739135742,35.94265803475533,868789342,1720698692
1.0,0,-1.1037437915802002,0.15562549233436584,10.821956634521484,0.17044490575790405,0.5590060353279114,1.2074955701828003,26.35528564453125,-24.34223747253418,8.265384674072266,36.81660210264482,881789342,1720698692
1.0,0,-5.075784683227539,-1.7884960174560547,9.260913848876953,0.1763039529323578,0.5867033004760742,1.2005714178085327,26.35528564453125,-24.34223747253418,8.265384674072266,36.81660210264482,893789342,1720698692
1.0,0,-5.51871919631958,-0.2944912910461426,9.387807846069336,0.19441372156143188,0.6407663226127625,1.2050987482070923,26.35528564453125,-24.34223747253418,8.265384674072266,36.81660210264482,906789342,1720698692
1.0,0,-3.5698091983795166,-0.15562549233436584,10.316773414611816,0.2138551026582718,0.6274503469467163,1.2226759195327759,26.35528564453125,-24.34223747253418,8.265384674072266,36.81660210264482,918789342,1720698692
1.0,0,-2.4684596061706543,0.2920970618724823,10.735764503479004,0.2439492791891098,0.5976224541664124,1.2165504693984985,26.006208419799805,-25.04273223876953,8.940110206604004,37.19390924416252,931789342,1720698692
1.0,0,-1.599351167678833,1.8363807201385498,12.332720756530762,0.26685282588005066,0.5424941778182983,1.1979080438613892,25.482593536376953,-25.217857360839844,9.783516883850098,37.162078868497716,943789342,1720698692
1.0,0,-4.901005744934082,-2.0207371711730957,8.794036865234375,0.2644559144973755,0.5563428401947021,1.2186810970306396,25.8316707611084,-24.86760902404785,9.10879135131836,36.99517904761458,956789342,1720698692
1.0,0,-5.006352424621582,-0.4309628903865814,9.256125450134277,0.2559337019920349,0.591763436794281,1.2237411737442017,25.308055877685547,-26.79397201538086,8.940110206604004,37.92545582027053,969789342,1720698692
1.0,0,-2.6911237239837646,0.3304048776626587,10.956033706665039,0.30413761734962463,0.5872359871864319,1.22161066532135,24.609901428222656,-26.4437255859375,9.277472496032715,37.295969850452266,981789342,1720698692
1.0,0,-1.9249675273895264,-1.8627172708511353,10.055800437927246,0.3004091680049896,0.5616692304611206,1.2226759195327759,25.308055877685547,-26.4437255859375,8.265384674072266,37.524457344281586,994789342,1720698692
1.0,0,-2.3535361289978027,1.5107643604278564,11.626420974731445,0.3384929299354553,0.5217211842536926,1.206696629524231,25.308055877685547,-27.844717025756836,10.289560317993164,39.00898627355171,6789342,1720698693
1.0,0,-4.929736614227295,0.6823578476905823,9.208239555358887,0.34728148579597473,0.509470522403717,1.2365245819091797,23.562671661376953,-26.4437255859375,10.289560317993164,36.88285740318721,19789342,1720698693
1.0,0,-5.217044830322266,-0.6919348239898682,9.1052885055542,0.34781414270401,0.5523480176925659,1.2160178422927856,25.482593536376953,-28.019840240478516,9.44615364074707,39.03464921126791,31789342,1720698693
1.0,0,-3.7038865089416504,-2.576200246810913,9.43808650970459,0.36858710646629333,0.5614029169082642,1.2399866580963135,24.609901428222656,-26.79397201538086,9.277472496032715,37.545115269266276,44789342,1720698693
1.0,0,-1.5251296758651733,-1.2282441854476929,10.903360366821289,0.36619022488594055,0.5222538709640503,1.245046854019165,24.260826110839844,-28.545211791992188,10.964285850524902,39.03373366771515,56789342,1720698693
1.0,0,-2.8706917762756348,0.6584155559539795,11.796411514282227,0.4127962589263916,0.4703214466571808,1.2453131675720215,23.0390567779541,-27.669591903686523,8.771429061889648,37.05863490634956,69789342,1720698693
1.0,0,-4.620879650115967,1.5921683311462402,10.431695938110352,0.41199731826782227,0.4684571921825409,1.239720344543457,23.21359634399414,-28.89546012878418,9.277472496032715,38.2085090940578,81789342,1720698693
1.0,0,-6.5602126121521,1.4963988065719604,7.93929386138916,0.44182518124580383,0.5182590484619141,1.2293338775634766,22.166366577148438,-28.194965362548828,9.952198028564453,37.22029183963519,94789342,1720698693
1.0,0,-6.040663242340088,2.011160135269165,9.787646293640137,0.4596686363220215,0.5243843793869019,1.2684829235076904,21.468212127685547,-28.545211791992188,9.952198028564453,37.07774930883422,106789342,1720698693
1.0,0,-8.47081470489502,1.0486763715744019,24.14349937438965,0.4610002040863037,0.13342641294002533,1.0556931495666504,23.0390567779541,-29.771080017089844,8.771429061889648,38.652985788804486,119789342,1720698693
1.0,0,-38.70046615600586,-21.01901626586914,22.75723648071289,0.16538482904434204,0.0197076927870512,0.4753814935684204,20.944597244262695,-30.471576690673828,11.132966995239258,38.615231371274724,131789342,1720698693
1.0,0,-28.309473037719727,1.7501882314682007,27.138690948486328,0.13369272649288177,0.2319648712873459,0.36539125442504883,20.07190704345703,-30.29645347595215,8.265384674072266,37.270271388763746,144789342,1720698693
1.0,0,-12.914521217346191,-4.778899669647217,28.285531997680664,-0.024501455947756767,-0.027164656668901443,0.26924970746040344,21.468212127685547,-30.29645347595215,9.277472496032715,38.27310702169973,156789342,1720698693
1.0,0,-19.44121551513672,3.478828191757202,15.354249000549316,-0.0876193419098854,0.4652613401412964,0.0575251579284668,19.37375259399414,-30.29645347595215,8.602747917175293,36.97600106177372,169789342,1720698693
1.0,0,-5.401401519775391,7.754937171936035,5.315208911895752,-0.02077297307550907,0.3539395034313202,-0.03275737911462784,21.29367446899414,-29.771080017089844,9.783516883850098,37.887398701838045,181789342,1720698693
1.0,0,-1.0630418062210083,2.856326103210449,-1.4628795385360718,-0.0013316008262336254,0.2032022923231125,-0.13023056089878082,21.29367446899414,-29.771080017089844,9.783516883850098,37.887398701838045,194789342,1720698693
1.0,0,-1.6065338850021362,0.45490527153015137,1.9393328428268433,-0.003994802478700876,-0.025034096091985703,-0.15526466071605682,21.29367446899414,-29.771080017089844,9.783516883850098,37.887398701838045,206789342,1720698693
1.0,0,-9.730184555053711,2.2074875831604004,2.1260836124420166,0.07297173142433167,-0.2119908481836319,-0.09907110780477524,21.29367446899414,-29.771080017089844,9.783516883850098,37.887398701838045,219789342,1720698693
1.0,0,-11.585718154907227,-9.287249565124512,19.07010841369629,0.15712890028953552,-0.48337113857269287,-0.2796361744403839,21.29367446899414,-29.771080017089844,9.783516883850098,37.887398701838045,231789342,1720698693
1.0,0,-22.524993896484375,39.22600173950195,27.777952194213867,1.2016366720199585,-0.2881584167480469,-0.4586033225059509,20.246444702148438,-30.121328353881836,9.44615364074707,37.50257009171664,244789342,1720698693
1.0,0,-10.798014640808105,0.35195302963256836,12.174701690673828,1.3750110864639282,-0.24847672879695892,-0.8916398882865906,21.29367446899414,-30.471576690673828,9.44615364074707,38.355799783236286,256789342,1720698693
1.0,0,-13.465195655822754,18.586471557617188,21.732500076293945,1.3752774000167847,-0.14780768752098083,-1.1670150756835938,21.29367446899414,-31.522321701049805,9.783516883850098,39.27842334453546,269789342,1720698693
1.0,0,-7.608889102935791,7.446080684661865,10.292829513549805,1.7875410318374634,-0.023436175659298897,-0.9949721693992615,23.21359634399414,-31.347196578979492,9.952198028564453,40.25622975618611,281789342,1720698693
1.0,0,-0.9600895047187805,-24.188989639282227,2.446911573410034,1.337992548942566,-0.11371871083974838,-1.0671449899673462,22.68998146057129,-30.82182502746582,11.807692527770996,40.052986899046196,294789342,1720698693
1.0,0,-0.39026084542274475,8.60728645324707,5.334362506866455,1.5726206302642822,-0.27430975437164307,-0.8261251449584961,23.737211227416992,-32.57306671142578,10.795604705810547,41.725351440175125,306789342,1720698693
1.0,0,-0.2633661925792694,-5.911374092102051,5.820393085479736,1.3180185556411743,-0.4527443051338196,-0.7827149629592896,23.21359634399414,-33.44868469238281,12.313736915588379,42.53602801977009,319789342,1720698693
1.0,0,-4.323994159698486,5.501959800720215,11.942460060119629,1.3361282348632812,-0.45514118671417236,-0.826657772064209,23.388134002685547,-32.57306671142578,11.807692527770996,41.80228570239849,331789342,1720698693
1.0,0,-8.7461519241333,9.972002029418945,11.346294403076172,1.435732126235962,-0.3928222358226776,-0.8538224697113037,23.562671661376953,-33.44868469238281,12.9884614944458,42.926846325638714,344789342,1720698693
1.0,0,-2.810835838317871,4.508350372314453,12.335115432739258,1.4083009958267212,-0.28416362404823303,-0.9377133250236511,23.737211227416992,-34.32430648803711,12.819780349731445,43.65730157665586,356789342,1720698693
1.0,0,-3.153211832046509,0.9696664214134216,10.33592700958252,1.430405616760254,-0.3171873092651367,-0.8927052617073059,24.784440994262695,-35.37504959106445,13.157143592834473,45.152774848184286,369789342,1720698693
1.0,0,-3.148423194885254,-6.459654808044434,8.015909194946289,1.3457157611846924,-0.3488794267177582,-0.8535561561584473,24.9589786529541,-35.19992446899414,14.000550270080566,45.36519266890161,381789342,1720698693
1.0,0,-4.283292293548584,3.42854905128479,8.63122844696045,1.337992548942566,-0.3539395034313202,-0.8623447418212891,24.086286544799805,-35.37504959106445,14.506593704223633,45.188323646578155,394789342,1720698693
1.0,0,-4.532293319702148,10.259310722351074,10.197060585021973,1.4029747247695923,-0.3835010528564453,-0.8434359431266785,24.43536376953125,-35.72529602050781,15.518681526184082,45.98057475296888,407789342,1720698693
1.0,0,-4.963255882263184,-2.0734102725982666,8.885018348693848,1.3355956077575684,-0.38243576884269714,-0.8711333274841309,25.8316707611084,-36.250667572021484,16.19340705871582,47.366787371498816,419789342,1720698693
1.0,0,-4.948890209197998,1.5059758424758911,9.330347061157227,1.3206816911697388,-0.381370484828949,-0.8828513622283936,24.9589786529541,-36.60091781616211,17.374176025390625,47.58613025814696,432789342,1720698693
1.0,0,-3.658396005630493,7.4412922859191895,10.17790699005127,1.4019094705581665,-0.39734968543052673,-0.8655405044555664,25.482593536376953,-37.826786041259766,17.542858123779297,48.8669641649908,444789342,1720698693
1.0,0,-4.137243747711182,2.2888917922973633,8.750940322875977,1.4013768434524536,-0.3747124969959259,-0.8642089366912842,26.35528564453125,-36.60091781616211,16.699451446533203,48.09469768077774,457789342,1720698693
1.0,0,-3.349539279937744,-2.296074390411377,9.01191234588623,1.3257417678833008,-0.40613824129104614,-0.8527571558952332,25.482593536376953,-37.826786041259766,17.880220413208008,48.98908651502236,469789342,1720698693
1.0,0,-5.238593578338623,3.9888007640838623,10.039040565490723,1.3361282348632812,-0.42557963728904724,-0.8468981385231018,26.006208419799805,-37.65166091918945,18.7236270904541,49.442336694072935,482789342,1720698693
1.0,0,-5.231410980224609,7.922534465789795,9.75173282623291,1.4120296239852905,-0.42691123485565186,-0.8437022566795349,26.006208419799805,-37.65166091918945,18.7236270904541,49.442336694072935,494789342,1720698693
1.0,0,-3.711069345474243,0.5937711000442505,9.402173042297363,1.3350629806518555,-0.43996092677116394,-0.8572846055030823,26.006208419799805,-37.65166091918945,18.7236270904541,49.442336694072935,507789342,1720698693
1.0,0,-3.4405205249786377,0.8044640421867371,8.966422080993652,1.3148226737976074,-0.4266449213027954,-0.860214114189148,26.006208419799805,-37.65166091918945,18.7236270904541,49.442336694072935,519789342,1720698693
1.0,0,-4.8124189376831055,7.407773017883301,9.787646293640137,1.4037736654281616,-0.44874951243400574,-0.843169629573822,27.926130294799805,-38.177032470703125,20.579120635986328,51.583473784359796,532789342,1720698693
1.0,0,-2.4421229362487793,4.177945613861084,10.481975555419922,1.3590319156646729,-0.4791100025177002,-0.8333157896995544,27.402515411376953,-39.75314712524414,20.747802734375,52.55170668528851,544789342,1720698693
1.0,0,-3.5793862342834473,-2.3583245277404785,8.46842098236084,1.2895222902297974,-0.4639297425746918,-0.8298536539077759,26.8789005279541,-38.52728271484375,21.253847122192383,51.56115615921228,557789342,1720698693
1.0,0,-4.525110244750977,6.059816837310791,9.43808650970459,1.3590319156646729,-0.4721856415271759,-0.8442348837852478,28.10066795349121,-40.80389404296875,21.08516502380371,53.84412217302111,569789342,1720698693
1.0,0,-4.592148780822754,5.9999613761901855,9.725396156311035,1.3622276782989502,-0.4689898192882538,-0.8255925178527832,28.10066795349121,-40.103397369384766,22.097253799438477,53.723539025979505,582789342,1720698693
1.0,0,-2.274526357650757,-0.19393329322338104,9.19387435913086,1.3193501234054565,-0.4929586350917816,-0.83810955286026,29.671512603759766,-40.9790153503418,22.265933990478516,55.27612663480474,594789342,1720698693
1.0,0,-4.769322395324707,4.063022136688232,8.398987770080566,1.3443841934204102,-0.5214548707008362,-0.8194671869277954,27.926130294799805,-41.67951202392578,22.265933990478516,54.889181923791284,607789342,1720698693
1.0,0,-5.279295444488525,6.162769317626953,9.069375038146973,1.3289376497268677,-0.4910943806171417,-0.8253262042999268,27.926130294799805,-40.62876892089844,22.265933990478516,54.095632298164745,619789342,1720698693
1.0,0,-3.531501293182373,3.299260139465332,9.304009437561035,1.3566348552703857,-0.5038777589797974,-0.8309189081192017,30.544204711914062,-41.504390716552734,24.121429443359375,56.8982095379683,632789342,1720698693
1.0,0,-2.2553725242614746,-1.0821956396102905,9.27767276763916,1.3028382062911987,-0.5462226867675781,-0.8205324411392212,29.322437286376953,-40.9790153503418,24.290111541748047,55.93831018369807,644789342,1720698693
1.0,0,-5.130852699279785,6.512328147888184,9.148384094238281,1.3337314128875732,-0.5297108292579651,-0.8205324411392212,29.147897720336914,-40.80389404296875,23.784067153930664,55.49990595458452,657789342,1720698693
1.0,0,-4.675947189331055,7.48438835144043,9.292038917541504,1.3803374767303467,-0.551815390586853,-0.8085480332374573,30.369667053222656,-41.32926559448242,24.96483612060547,57.04093191762871,669789342,1720698693
1.0,0,-1.71906316280365,2.3343822956085205,9.770886421203613,1.3150889873504639,-0.5574080944061279,-0.8162713050842285,28.973360061645508,-41.67951202392578,24.627473831176758,56.41940963108019,682789342,1720698693
1.0,0,-3.251375675201416,3.1364521980285645,9.043037414550781,1.303637146949768,-0.5576744675636292,-0.8109449148178101,29.49697494506836,-42.55513381958008,25.808242797851562,57.85392243940955,694789342,1720698693
1.0,0,-4.005560398101807,6.4835968017578125,9.758914947509766,1.3459820747375488,-0.5821758508682251,-0.7845792174339294,30.195127487182617,-40.80389404296875,25.808242797851562,56.945314902543906,707789342,1720698693
1.0,0,-3.196308135986328,6.440500736236572,9.655962944030762,1.3438515663146973,-0.5843064785003662,-0.7978952527046204,31.591434478759766,-41.504390716552734,27.15769386291504,58.806237059769884,719789342,1720698693
1.0,0,-5.2194390296936035,-2.4924020767211914,6.983992576599121,1.2660861015319824,-0.5755178928375244,-0.799493134021759,30.369667053222656,-41.67951202392578,27.326374053955078,58.36290875558586,732789342,1720698693
1.0,0,-3.9026083946228027,5.774902820587158,8.882623672485352,1.3387914896011353,-0.5906981229782104,-0.7904382348060608,31.067819595336914,-43.08050537109375,26.314287185668945,59.27546767025207,744789342,1720698693
1.0,0,-4.508350372314453,3.6320595741271973,8.315189361572266,1.3419873714447021,-0.6034814715385437,-0.7907045483589172,30.893281936645508,-43.60587692260742,28.507143020629883,60.5683463056843,757789342,1720698693
1.0,0,-4.582571983337402,-1.3144367933273315,7.402984619140625,1.2876580953598022,-0.6322441101074219,-0.7707306146621704,31.41689682006836,-42.029762268066406,28.338462829589844,59.63715953712958,769789342,1720698693
1.0,0,-3.790079116821289,4.738197326660156,8.609681129455566,1.3228123188018799,-0.618928074836731,-0.7723284959793091,34.209510803222656,-43.08050537109375,28.675825119018555,62.0364692635,782789342,1720698693
1.0,0,-2.727037191390991,8.056611061096191,9.667933464050293,1.3513085842132568,-0.6247870922088623,-0.7747253775596619,31.765974044799805,-43.08050537109375,28.675825119018555,60.723224521596904,794789342,1720698693
1.0,0,-0.8930508494377136,1.9704581499099731,9.519491195678711,1.325209140777588,-0.6652677655220032,-0.7552840113639832,31.765974044799805,-43.08050537109375,28.675825119018555,60.723224521596904,807789342,1720698693
1.0,0,-2.8419606685638428,2.039891004562378,8.655171394348145,1.296979308128357,-0.6466253399848938,-0.7736600637435913,31.765974044799805,-43.08050537109375,28.675825119018555,60.723224521596904,819789342,1720698693
1.0,0,-5.027900218963623,6.703866958618164,8.11886215209961,1.3361282348632812,-0.6397010684013367,-0.7659368515014648,31.41689682006836,-43.781002044677734,30.700000762939453,62.01844558422422,832789342,1720698693
1.0,0,-4.417369842529297,7.326368808746338,8.286458015441895,1.3640918731689453,-0.6444948315620422,-0.7638062238693237,33.511356353759766,-43.43075180053711,30.362638473510742,62.698732217658495,844789342,1720698693
1.0,0,-3.3878471851348877,3.3734817504882812,7.891409397125244,1.294049620628357,-0.6809806823730469,-0.7488923668861389,34.733123779296875,-44.656620025634766,30.53131866455078,64.28658506234585,857789342,1720698693
1.0,0,-3.1627886295318604,4.867486476898193,8.109285354614258,1.3044360876083374,-0.7179992198944092,-0.7153359651565552,33.33681869506836,-42.55513381958008,30.868682861328125,62.25077089244341,870789342,1720698693
1.0,0,-2.43015193939209,11.556987762451172,10.209031105041504,1.3385251760482788,-0.6756542921066284,-0.7315815091133118,34.55858612060547,-42.380008697509766,32.0494499206543,63.383974726052294,882789342,1720698693
1.0,0,-4.051051139831543,4.857909679412842,8.176322937011719,1.309496283531189,-0.6767195463180542,-0.7219939231872559,33.511356353759766,-44.131248474121094,33.06153869628906,64.52630035512271,895789342,1720698693
1.0,0,-2.425363302230835,2.0829873085021973,8.7677001953125,1.2823315858840942,-0.6926987767219543,-0.7166675925254822,34.733123779296875,-44.306373596191406,31.543407440185547,64.53240412111421,907789342,1720698693
1.0,0,-2.9281532764434814,14.32712173461914,10.685484886169434,1.2367908954620361,-0.6026825308799744,-0.7403700947761536,35.78035354614258,-45.00687026977539,32.21813201904297,65.90796690965237,920789342,1720698693
1.0,0,-1.9800350666046143,-39.22719955444336,3.562626600265503,0.6338419914245605,-0.1781681925058365,-0.7467617392539978,33.33681869506836,-43.95612335205078,33.904945373535156,64.75360670751064,932789342,1720698693
1.0,0,-9.797223091125488,-1.575408697128296,4.517927646636963,0.45247796177864075,-0.20053909718990326,-0.17843452095985413,34.55858612060547,-42.380008697509766,35.42307662963867,65.1548568394219,945789342,1720698693
1.0,0,-11.91851806640625,-11.047015190124512,0.033519335091114044,0.3150567412376404,-0.009587526321411133,0.2807014584541321,35.78035354614258,-42.55513381958008,34.2423095703125,65.29708170353742,957789342,1720698693
1.0,0,2.346353530883789,-4.3192057609558105,8.401381492614746,-0.20293596386909485,-0.21651829779148102,0.2745760977268219,35.78035354614258,-42.55513381958008,32.55549621582031,64.4285142475567,970789342,1720698693
1.0,0,-5.700681209564209,27.65345001220703,11.688671112060547,-0.026632016524672508,0.015979209914803505,0.24634616076946259,34.03497314453125,-43.60587692260742,32.89285659790039,64.3567550013873,982789342,1720698693
1.0,0,-1.5251296758651733,13.388580322265625,10.575349807739258,-0.14913929998874664,0.10093534737825394,0.0,33.511356353759766,-45.53224182128906,34.07362747192383,66.00915193392854,995789342,1720698693
1.0,0,-4.309628963470459,5.590546131134033,7.733389377593994,-0.12810000777244568,0.13981808722019196,-0.15206880867481232,33.511356353759766,-43.08050537109375,32.724178314208984,63.638139460842645,7789342,1720698694
1.0,0,-6.914559841156006,4.898611545562744,7.565793037414551,-0.028229938820004463,0.09987006336450577,-0.14035072922706604,33.33681869506836,-43.60587692260742,33.56758499145508,64.33971359165353,20789342,1720698694
1.0,0,-4.6855244636535645,-2.188333749771118,8.731786727905273,-0.03595322370529175,0.09081517904996872,-0.017310811206698418,34.55858612060547,-42.73025894165039,33.398902893066406,64.30907881735111,32789342,1720698694
1.0,0,-4.845938205718994,3.588963031768799,7.477205753326416,-0.024235136806964874,0.057258836925029755,0.1094575896859169,32.813201904296875,-43.43075180053711,32.38681411743164,63.33910442885247,45789342,1720698694
1.0,0,-4.891428470611572,9.72060775756836,7.022300720214844,-0.022104574367403984,0.02583305537700653,0.09773950278759003,33.511356353759766,-42.73025894165039,34.07362747192383,64.10848713691979,57789342,1720698694
1.0,0,-4.4245524406433105,10.481975555419922,6.806819438934326,-0.03089314140379429,0.029295219108462334,-0.004793763160705566,34.209510803222656,-42.380008697509766,33.06153869628906,63.713586522523045,70789342,1720698694
1.0,0,-4.163579940795898,6.720626354217529,8.50193977355957,-0.012517048045992851,0.03115946054458618,-0.07217276096343994,34.38404846191406,-43.25563049316406,33.56758499145508,64.6536551182604,82789342,1720698694
1.0,0,-4.989592552185059,1.534706711769104,7.6208600997924805,-0.009587526321411133,0.026099376380443573,-0.060454681515693665,34.38404846191406,-43.25563049316406,33.56758499145508,64.6536551182604,95789342,1720698694
1.0,0,-4.561023712158203,2.042285203933716,7.5729756355285645,-0.035686902701854706,0.03515426442027092,0.014647609554231167,34.38404846191406,-43.25563049316406,33.56758499145508,64.6536551182604,107789342,1720698694
1.0,0,-4.48919677734375,4.661581516265869,8.92811393737793,-0.002663201652467251,0.022370893508195877,0.05486195534467697,34.38404846191406,-43.25563049316406,33.56758499145508,64.6536551182604,120789342,1720698694
1.0,0,-4.297657489776611,7.2856669425964355,7.63043737411499,-0.021838253363966942,0.03089314140379429,0.04847027361392975,34.38404846191406,-43.95612335205078,33.230220794677734,64.95114427656368,132789342,1720698694
1.0,0,-4.407792568206787,8.442083358764648,7.49157190322876,-0.02157193422317505,0.0412796251475811,0.004793763160705566,34.55858612060547,-44.48149871826172,32.724178314208984,65.14423573285798,145789342,1720698694
1.0,0,-4.450888633728027,6.275298595428467,7.144406795501709,-0.03115946054458618,0.04234490543603897,-0.04633970931172371,34.03497314453125,-42.90538024902344,33.230220794677734,64.05855622261,157789342,1720698694
1.0,0,-4.077387809753418,3.8810603618621826,8.305612564086914,-0.010386486537754536,0.03089314140379429,-0.03994802385568619,33.16228103637695,-43.08050537109375,33.06153869628906,63.62964849447703,170789342,1720698694
1.0,0,-3.7781078815460205,3.124480962753296,8.528276443481445,-0.017310811206698418,0.019441373646259308,0.032491061836481094,33.68589401245117,-44.306373596191406,34.2423095703125,65.34776171662267,182789342,1720698694
1.0,0,-6.095730304718018,5.904191493988037,7.47241735458374,-0.02370249480009079,0.03089314140379429,0.04847027361392975,35.431278228759766,-43.25563049316406,32.89285659790039,64.87191273158955,195789342,1720698694
1.0,0,-7.541850566864014,5.906585693359375,5.798844814300537,-0.011984407901763916,0.05592723563313484,0.005592723377048969,33.68589401245117,-43.95612335205078,33.56758499145508,64.75849749428532,207789342,1720698694
1.0,0,-5.777297019958496,6.806819438934326,6.845127105712891,-0.010120166465640068,0.07323804497718811,-0.04048066586256027,35.08220291137695,-43.60587692260742,34.2423095703125,65.61074018797325,220789342,1720698694
1.0,0,-4.853120803833008,4.845938205718994,7.252147197723389,-0.015180249698460102,0.0143812894821167,-0.02290353551506996,35.08220291137695,-44.306373596191406,32.55549621582031,65.22021186885706,232789342,1720698694
1.0,0,-4.285686492919922,3.8044445514678955,8.114073753356934,-0.017843451350927353,0.019974011927843094,0.0007989605655893683,35.25674057006836,-43.43075180053711,33.06153869628906,64.97948367408885,245789342,1720698694
1.0,0,-4.470042705535889,4.666370391845703,8.784460067749023,-0.014114969410002232,0.029295219108462334,0.023436175659298897,34.38404846191406,-43.60587692260742,32.89285659790039,64.54204293319883,257789342,1720698694
1.0,0,-4.470042705535889,4.666370391845703,8.784460067749023,-0.014114969410002232,0.029295219108462334,0.023436175659298897,34.733123779296875,-43.25563049316406,33.230220794677734,64.66596501168242,270789342,1720698694
1.0,0,-4.695101261138916,6.629645824432373,6.9265313148498535,-0.014913929626345634,0.0412796251475811,0.010919126681983471,34.38404846191406,-43.95612335205078,33.56758499145508,65.1243912135117,282789342,1720698694
1.0,0,-4.721437454223633,6.03826904296875,6.885829448699951,-0.027164656668901443,0.03222474083304405,-0.004793763160705566,34.03497314453125,-44.656620025634766,32.55549621582031,64.9034162654107,295789342,1720698694
1.0,0,-4.376667499542236,5.05184268951416,7.829158782958984,-0.006658004131168127,0.017310811206698418,-0.011984407901763916,35.25674057006836,-43.781002044677734,32.0494499206543,64.70688630955524,308789342,1720698694
1.0,0,-4.683129787445068,4.640033721923828,8.011120796203613,-0.014647609554231167,0.021305613219738007,0.0034621621016412973,33.86043167114258,-44.131248474121094,33.736263275146484,65.05560225384689,320789342,1720698694
1.0,0,-4.395821571350098,5.104515552520752,8.513911247253418,-0.018376091495156288,0.035420581698417664,0.0098538463935256,33.68589401245117,-43.25563049316406,34.2423095703125,64.63996278996727,333789342,1720698694
1.0,0,-4.594542980194092,5.705469608306885,7.587340831756592,-0.009587526321411133,0.037817467004060745,0.011984407901763916,34.38404846191406,-43.60587692260742,33.904945373535156,65.06366583280752,345789342,1720698694
1.0,0,-4.788476467132568,6.064605236053467,7.022300720214844,-0.015712888911366463,0.032491061836481094,0.0013316008262336254,34.733123779296875,-43.95612335205078,33.904945373535156,65.48340238862872,358789342,1720698694
1.0,0,-4.513139247894287,5.566603660583496,7.551427364349365,-0.012517048045992851,0.022104574367403984,-0.006924324203282595,34.733123779296875,-41.854637145996094,34.2423095703125,64.27080443560722,370789342,1720698694
1.0,0,-4.599331378936768,4.917765140533447,8.138015747070312,-0.011185446754097939,0.021838253363966942,-0.00878856610506773,33.68589401245117,-43.95612335205078,32.55549621582031,64.23971177875168,383789342,1720698694
1.0,0,-4.522716045379639,4.862698078155518,8.106890678405762,-0.014114969410002232,0.029295219108462334,0.007723285350948572,33.68589401245117,-43.95612335205078,32.55549621582031,64.23971177875168,395789342,1720698694
1.0,0,-4.561023712158203,5.454074382781982,7.819581985473633,-0.016778171062469482,0.03408898040652275,0.00878856610506773,33.68589401245117,-43.95612335205078,32.55549621582031,64.23971177875168,408789342,1720698694
1.0,0,-4.644822120666504,5.887432098388672,7.462840557098389,-0.014913929626345634,0.030360499396920204,0.006391684524714947,33.68589401245117,-43.95612335205078,32.55549621582031,64.23971177875168,420789342,1720698694
1.0,0,-4.659187316894531,5.72941255569458,7.608889102935791,-0.015712888911366463,0.028229938820004463,-0.002396881580352783,33.68589401245117,-43.95612335205078,32.55549621582031,64.23971177875168,433789342,1720698694
1.0,0,-4.496379375457764,5.243381977081299,7.951265335083008,-0.015180249698460102,0.02583305537700653,-0.002130561275407672,34.55858612060547,-45.18199157714844,32.724178314208984,65.6245387326491,445789342,1720698694
1.0,0,-4.635245323181152,5.059025287628174,7.972813129425049,-0.01145176775753498,0.03089314140379429,-0.000266320159425959,33.68589401245117,-43.25563049316406,32.21813201904297,63.59085669792254,458789342,1720698694
1.0,0,-4.551446914672852,5.240987777709961,7.774091720581055,-0.013049688190221786,0.03329002112150192,0.005592723377048969,32.11505126953125,-43.781002044677734,32.724178314208984,63.39577670808082,470789342,1720698694
1.0,0,-4.525110244750977,5.66716194152832,7.637619972229004,-0.011984407901763916,0.03009418025612831,0.005326403304934502,34.209510803222656,-42.029762268066406,33.398902893066406,63.657507492568904,483789342,1720698694
1.0,0,-4.558629512786865,5.72941255569458,7.608889102935791,-0.014114969410002232,0.02583305537700653,0.0015979211311787367,34.03497314453125,-43.95612335205078,33.56758499145508,64.94076484957833,495789342,1720698694
1.0,0,-4.625668525695801,5.3774590492248535,7.8052167892456055,-0.017310811206698418,0.025566738098859787,-0.001065280637703836,34.90766143798828,-43.08050537109375,33.06153869628906,64.5564877534727,508789342,1720698694
1.0,0,-4.565812110900879,5.078179359436035,7.9057745933532715,-0.0197076927870512,0.026632016524672508,0.0015979211311787367,34.03497314453125,-45.00687026977539,33.904945373535156,65.82965205142557,520789342,1720698694
1.0,0,-4.577783584594727,5.279295444488525,7.891409397125244,-0.015712888911366463,0.029295219108462334,0.0034621621016412973,35.431278228759766,-43.60587692260742,32.55549621582031,64.93618646772894,533789342,1720698694
1.0,0,-4.673552989959717,5.521113395690918,7.783668518066406,-0.0197076927870512,0.03329002112150192,0.006658004131168127,35.431278228759766,-42.55513381958008,33.230220794677734,64.57989211348364,545789342,1720698694
1.0,0,-4.5538411140441895,5.703075408935547,7.711841106414795,-0.018908733502030373,0.0287625789642334,0.000266320159425959,34.90766143798828,-44.48149871826172,33.398902893066406,65.67065760103527,558789342,1720698694
1.0,0,-4.644822120666504,5.545055866241455,7.640014171600342,-0.014913929626345634,0.030360499396920204,-0.0007989605655893683,34.55858612060547,-42.73025894165039,33.736263275146484,64.48493129131639,570789342,1720698694
1.0,0,-4.563417911529541,5.2505645751953125,7.781274318695068,-0.012250727973878384,0.02902889810502529,-0.0007989605655893683,34.55858612060547,-43.43075180053711,34.41099166870117,65.30422975763962,583789342,1720698694
1.0,0,-4.551446914672852,5.329574108123779,7.912957668304443,-0.009321206249296665,0.03329002112150192,0.0018642412032932043,33.68589401245117,-43.60587692260742,34.2423095703125,64.87486202156268,595789342,1720698694
1.0,0,-4.613697052001953,5.497171401977539,7.795639991760254,-0.012517048045992851,0.031425777822732925,0.0018642412032932043,34.209510803222656,-44.131248474121094,33.06153869628906,64.89162551706224,608789342,1720698694
1.0,0,-4.577783584594727,5.501959800720215,7.663956642150879,-0.013316008262336254,0.031425777822732925,-0.002663201652467251,34.209510803222656,-43.08050537109375,34.07362747192383,64.70882985744748,620789342,1720698694
1.0,0,-4.616091251373291,5.489987850189209,7.719024181365967,-0.014647609554231167,0.03009418025612831,0.0013316008262336254,34.38404846191406,-43.60587692260742,32.89285659790039,64.54204293319883,633789342,1720698694
1.0,0,-4.58496618270874,5.485199451446533,7.702264308929443,-0.014647609554231167,0.028496257960796356,0.0007989605655893683,34.55858612060547,-42.73025894165039,33.06153869628906,64.13451679744705,645789342,1720698694
1.0,0,-4.635245323181152,5.480411052703857,7.774091720581055,-0.013582328334450722,0.03275737911462784,0.0013316008262336254,34.03497314453125,-42.90538024902344,33.230220794677734,64.05855622261,658789342,1720698694
1.0,0,-4.623273849487305,5.4516801834106445,7.874650001525879,-0.013049688190221786,0.02796361781656742,0.0,34.55858612060547,-44.48149871826172,33.06153869628906,65.31435480692006,670789342,1720698694
1.0,0,-4.575389385223389,5.4037957191467285,7.80042839050293,-0.01651185005903244,0.030360499396920204,0.0007989605655893683,35.25674057006836,-43.08050537109375,34.74835205078125,65.62328602637157,683789342,1720698694
1.0,0,-4.592148780822754,5.41337251663208,7.802822589874268,-0.012783369049429893,0.030626820400357246,0.002663201652467251,35.08220291137695,-42.90538024902344,34.91703414916992,65.50444175170577,695789342,1720698694
1.0,0,-4.640033721923828,5.427738189697266,7.798034191131592,-0.014114969410002232,0.024235136806964874,0.0034621621016412973,35.78035354614258,-43.25563049316406,33.904945373535156,65.58070287844211,708789342,1720698694
1.0,0,-4.563417911529541,5.458862781524658,7.754937171936035,-0.01651185005903244,0.027430977672338486,0.002929521957412362,35.78035354614258,-43.25563049316406,33.904945373535156,65.58070287844211,720789342,1720698694
1.0,0,-4.625668525695801,5.410978317260742,7.903380393981934,-0.01651185005903244,0.029295219108462334,0.004793763160705566,35.78035354614258,-43.25563049316406,33.904945373535156,65.58070287844211,733789342,1720698694
1.0,0,-4.611302852630615,5.4301323890686035,7.836341857910156,-0.015712888911366463,0.028496257960796356,0.002929521957412362,35.78035354614258,-43.25563049316406,33.904945373535156,65.58070287844211,745789342,1720698694
1.0,0,-4.678341388702393,5.4516801834106445,7.766909122467041,-0.017843451350927353,0.02796361781656742,0.0034621621016412973,35.78035354614258,-43.25563049316406,33.904945373535156,65.58070287844211,758789342,1720698694
1.0,0,-4.522716045379639,5.418160915374756,7.740571975708008,-0.014114969410002232,0.030360499396920204,0.0037284824065864086,34.90766143798828,-43.781002044677734,32.724178314208984,64.85516797792937,771789342,1720698694
1.0,0,-4.63763952255249,5.489987850189209,7.79085111618042,-0.012783369049429893,0.027430977672338486,0.002130561275407672,34.38404846191406,-42.90538024902344,34.91703414916992,65.13319980408488,783789342,1720698694
1.0,0,-4.575389385223389,5.365488052368164,7.920140266418457,-0.015712888911366463,0.03009418025612831,0.0018642412032932043,34.90766143798828,-43.43075180053711,32.38681411743164,64.44905552221957,796789342,1720698694
1.0,0,-4.539475917816162,5.434920787811279,7.757331371307373,-0.015446570701897144,0.029295219108462334,0.0007989605655893683,35.431278228759766,-44.306373596191406,33.56758499145508,65.9182294993398,808789342,1720698694
1.0,0,-4.594542980194092,5.367882251739502,7.721418380737305,-0.015979209914803505,0.0287625789642334,0.005859043914824724,33.511356353759766,-44.131248474121094,32.724178314208984,64.35409810488711,821789342,1720698694
1.0,0,-4.6017255783081055,5.45646858215332,7.771697521209717,-0.014647609554231167,0.0287625789642334,0.004527443088591099,35.08220291137695,-44.306373596191406,32.89285659790039,65.38926301412451,833789342,1720698694
1.0,0,-4.613697052001953,5.473228454589844,7.786062717437744,-0.011185446754097939,0.02982785925269127,0.0013316008262336254,35.78035354614258,-43.25563049316406,33.56758499145508,65.40692647882686,846789342,1720698694
1.0,0,-4.594542980194092,5.434920787811279,7.810005187988281,-0.013316008262336254,0.02902889810502529,0.0,33.86043167114258,-42.380008697509766,33.06153869628906,63.52683929744449,858789342,1720698694
1.0,0,-4.6017255783081055,5.367882251739502,7.8267645835876465,-0.01384864840656519,0.031425777822732925,0.0037284824065864086,35.08220291137695,-42.20488357543945,32.89285659790039,63.98400717289801,871789342,1720698694
1.0,0,-4.620879650115967,5.442103385925293,7.757331371307373,-0.01651185005903244,0.03169209882616997,0.0031958422623574734,33.86043167114258,-43.781002044677734,33.736263275146484,64.81851921142744,883789342,1720698694
1.0,0,-4.491590976715088,5.375064849853516,7.771697521209717,-0.0143812894821167,0.030626820400357246,0.002130561275407672,33.86043167114258,-43.08050537109375,33.736263275146484,64.34744933371447,896789342,1720698694
1.0,0,-4.6017255783081055,5.425343990325928,7.8052167892456055,-0.018109772354364395,0.03222474083304405,0.0007989605655893683,34.90766143798828,-43.43075180053711,32.724178314208984,64.61924539461303,908789342,1720698694
1.0,0,-4.577783584594727,5.425343990325928,7.798034191131592,-0.015446570701897144,0.030626820400357246,-0.0018642412032932043,34.55858612060547,-43.781002044677734,33.398902893066406,65.01198911856075,921789342,1720698694
1.0,0,-4.534687519073486,5.3774590492248535,7.831552982330322,-0.015446570701897144,0.027164656668901443,0.0015979211311787367,34.733123779296875,-43.60587692260742,34.2423095703125,65.42475184795629,933789342,1720698694
1.0,0,-4.587360382080078,5.3774590492248535,7.759726524353027,-0.014114969410002232,0.0287625789642334,0.004793763160705566,34.733123779296875,-43.60587692260742,34.2423095703125,65.42475184795629,946789342,1720698694
1.0,0,-4.563417911529541,5.444497585296631,7.848312854766846,-0.016245530918240547,0.02796361781656742,0.002663201652467251,34.03497314453125,-42.90538024902344,33.56758499145508,64.23421061568995,958789342,1720698694
1.0,0,-4.604119777679443,5.4516801834106445,7.795639991760254,-0.01651185005903244,0.029561540111899376,0.002663201652467251,35.08220291137695,-43.60587692260742,34.2423095703125,65.61074018797325,971789342,1720698694
1.0,0,-4.5801777839660645,5.42294979095459,7.810005187988281,-0.013316008262336254,0.03115946054458618,0.002663201652467251,34.55858612060547,-44.131248474121094,33.736263275146484,65.421696907906,983789342,1720698694
1.0,0,-4.606513977050781,5.418160915374756,7.762120723724365,-0.016245530918240547,0.02796361781656742,0.0034621621016412973,34.38404846191406,-43.60587692260742,32.89285659790039,64.54204293319883,996789342,1720698694
1.0,0,-4.613697052001953,5.399007320404053,7.728600978851318,-0.012517048045992851,0.032491061836481094,0.002929521957412362,34.38404846191406,-43.60587692260742,32.89285659790039,64.54204293319883,8789342,1720698695
1.0,0,-4.517927646636963,5.4301323890686035,7.872255802154541,-0.015446570701897144,0.033556342124938965,0.0037284824065864086,34.38404846191406,-43.60587692260742,32.89285659790039,64.54204293319883,21789342,1720698695
1.0,0,-4.577783584594727,5.446891784667969,7.814793586730957,-0.013049688190221786,0.03408898040652275,0.002396881580352783,34.38404846191406,-43.60587692260742,32.89285659790039,64.54204293319883,33789342,1720698695
1.0,0,-4.544264316558838,5.372670650482178,7.814793586730957,-0.010652806609869003,0.03009418025612831,0.000266320159425959,34.209510803222656,-43.781002044677734,33.736263275146484,65.00155559063091,46789342,1720698695
1.0,0,-4.608908653259277,5.425343990325928,7.766909122467041,-0.012517048045992851,0.02982785925269127,0.003994802478700876,34.733123779296875,-44.306373596191406,32.55549621582031,65.03310666554025,58789342,1720698695
1.0,0,-4.613697052001953,5.399007320404053,7.8052167892456055,-0.012517048045992851,0.030360499396920204,0.002663201652467251,35.431278228759766,-44.656620025634766,34.2423095703125,66.49905979596122,71789342,1720698695
1.0,0,-4.525110244750977,5.415766716003418,7.79085111618042,-0.011718087829649448,0.028229938820004463,0.002130561275407672,34.03497314453125,-44.656620025634766,32.89285659790039,65.07329040576423,83789342,1720698695
1.0,0,-4.625668525695801,5.470834255218506,7.771697521209717,-0.0143812894821167,0.02796361781656742,0.002663201652467251,34.209510803222656,-43.08050537109375,32.724178314208984,64.00853395262847,96789342,1720698695
1.0,0,-4.608908653259277,5.42294979095459,7.702264308929443,-0.0143812894821167,0.02689833752810955,0.002929521957412362,35.431278228759766,-43.60587692260742,32.89285659790039,65.1059751043129,108789342,1720698695
1.0,0,-4.563417911529541,5.396613121032715,7.79085111618042,-0.016245530918240547,0.028496257960796356,0.000532640318851918,34.90766143798828,-42.73025894165039,32.724178314208984,64.15053937910307,121789342,1720698695
1.0,0,-4.575389385223389,5.3559112548828125,7.802822589874268,-0.015180249698460102,0.02982785925269127,0.001065280637703836,34.209510803222656,-43.43075180053711,33.736263275146484,64.76616625311138,133789342,1720698695
1.0,0,-4.570600986480713,5.463651657104492,7.865072250366211,-0.017044490203261375,0.02982785925269127,0.0018642412032932043,34.38404846191406,-42.90538024902344,31.880769729614258,63.557201964035784,146789342,1720698695
1.0,0,-4.577783584594727,5.410978317260742,7.829158782958984,-0.014913929626345634,0.030360499396920204,0.0015979211311787367,33.33681869506836,-43.25563049316406,33.230220794677734,63.926838058299396,157607522,1720698695
1.0,0,-4.549052715301514,5.35830545425415,7.776485919952393,-0.016245530918240547,0.03115946054458618,0.000266320159425959,35.431278228759766,-43.25563049316406,32.21813201904297,64.53241880699508,170607522,1720698695
1.0,0,-4.556235313415527,5.379853248596191,7.8052167892456055,-0.01384864840656519,0.027164656668901443,0.0031958422623574734,34.55858612060547,-44.131248474121094,33.06153869628906,65.07632678252622,182607522,1720698695
1.0,0,-4.577783584594727,5.446891784667969,7.795639991760254,-0.012783369049429893,0.02902889810502529,0.0007989605655893683,33.511356353759766,-44.131248474121094,33.06153869628906,64.52630035512271,195607522,1720698695
1.0,0,-4.604119777679443,5.482805252075195,7.774091720581055,-0.01145176775753498,0.0287625789642334,-0.0013316008262336254,33.68589401245117,-45.00687026977539,34.57966995239258,66.00084394092917,207607522,1720698695
1.0,0,-4.623273849487305,5.42294979095459,7.80042839050293,-0.010386486537754536,0.03275737911462784,0.0015979211311787367,33.33681869506836,-44.306373596191406,31.206045150756836,63.62558821656756,220607522,1720698695
1.0,0,-4.539475917816162,5.401401519775391,7.740571975708008,-0.0143812894821167,0.03009418025612831,0.0007989605655893683,34.733123779296875,-44.656620025634766,33.904945373535156,65.95565874407052,233607522,1720698695
1.0,0,-4.618485450744629,5.379853248596191,7.857889652252197,-0.015712888911366463,0.03222474083304405,0.000532640318851918,35.08220291137695,-43.95612335205078,34.2423095703125,65.84403925918309,245607522,1720698695
1.0,0,-4.589754581451416,5.468440055847168,7.771697521209717,-0.015180249698460102,0.03089314140379429,0.000266320159425959,35.25674057006836,-42.73025894165039,33.06153869628906,64.51339493323705,258607522,1720698695
1.0,0,-4.563417911529541,5.425343990325928,7.8052167892456055,-0.016245530918240547,0.028229938820004463,0.002396881580352783,34.733123779296875,-43.25563049316406,32.21813201904297,64.15175358184361,270607522,1720698695
1.0,0,-4.58496618270874,5.408584117889404,7.845918655395508,-0.014913929626345634,0.03009418025612831,-0.0013316008262336254,34.209510803222656,-44.83174514770508,32.724178314208984,65.20006018957905,283607522,1720698695
1.0,0,-4.594542980194092,5.444497585296631,7.781274318695068,-0.013582328334450722,0.03009418025612831,0.002130561275407672,34.38404846191406,-43.25563049316406,31.880769729614258,63.79416773142423,295607522,1720698695
1.0,0,-4.630456924438477,5.461257457733154,7.798034191131592,-0.014114969410002232,0.02769729681313038,0.002130561275407672,34.38404846191406,-43.25563049316406,31.880769729614258,63.79416773142423,308607522,1720698695
1.0,0,-4.568206310272217,5.461257457733154,7.829158782958984,-0.015979209914803505,0.029295219108462334,0.0018642412032932043,34.38404846191406,-43.25563049316406,31.880769729614258,63.79416773142423,320607522,1720698695
1.0,0,-4.604119777679443,5.418160915374756,7.79085111618042,-0.017044490203261375,0.027164656668901443,-0.000266320159425959,34.38404846191406,-43.25563049316406,31.880769729614258,63.79416773142423,333607522,1720698695
1.0,0,-4.613697052001953,5.425343990325928,7.764514923095703,-0.014647609554231167,0.029295219108462334,0.0,34.209510803222656,-43.781002044677734,33.736263275146484,65.00155559063091,345607522,1720698695
1.0,0,-4.572995185852051,5.399007320404053,7.79085111618042,-0.014647609554231167,0.027164656668901443,0.005326403304934502,34.38404846191406,-43.25563049316406,31.206045150756836,63.45966917612692,358607522,1720698695
1.0,0,-4.563417911529541,5.418160915374756,7.752542972564697,-0.016245530918240547,0.02902889810502529,0.001065280637703836,34.733123779296875,-43.25563049316406,32.89285659790039,64.49325136786904,370607522,1720698695
1.0,0,-4.5275044441223145,5.410978317260742,7.84352445602417,-0.017044490203261375,0.028496257960796356,0.004793763160705566,34.90766143798828,-44.83174514770508,33.736263275146484,66.07999439942462,383607522,1720698695
1.0,0,-4.6017255783081055,5.458862781524658,7.711841106414795,-0.014114969410002232,0.03089314140379429,0.0013316008262336254,34.38404846191406,-43.95612335205078,32.55549621582031,64.6085435730465,395607522,1720698695
1.0,0,-4.6017255783081055,5.482805252075195,7.836341857910156,-0.017044490203261375,0.02902889810502529,0.001065280637703836,35.08220291137695,-43.95612335205078,33.56758499145508,65.4956830899128,408607522,1720698695
1.0,0,-4.589754581451416,5.42294979095459,7.762120723724365,-0.015712888911366463,0.02982785925269127,0.0007989605655893683,34.733123779296875,-41.504390716552734,33.230220794677734,63.507888567352474,420607522,1720698695
1.0,0,-4.5538411140441895,5.389430522918701,7.795639991760254,-0.014114969410002232,0.035420581698417664,0.0007989605655893683,34.733123779296875,-43.60587692260742,32.89285659790039,64.7286830147778,433607522,1720698695
1.0,0,-4.5538411140441895,5.434920787811279,7.788456916809082,-0.0143812894821167,0.03435530140995979,0.000532640318851918,35.431278228759766,-43.25563049316406,32.89285659790039,64.87191273158955,445607522,1720698695
1.0,0,-4.625668525695801,5.45646858215332,7.841130256652832,-0.01384864840656519,0.03222474083304405,0.001065280637703836,33.86043167114258,-43.08050537109375,32.724178314208984,63.82264975951013,458607522,1720698695
1.0,0,-4.532293319702148,5.401401519775391,7.817187786102295,-0.011984407901763916,0.03009418025612831,0.002396881580352783,35.25674057006836,-42.73025894165039,33.06153869628906,64.51339493323705,470607522,1720698695
1.0,0,-4.620879650115967,5.372670650482178,7.788456916809082,-0.011984407901763916,0.02982785925269127,-0.001065280637703836,35.431278228759766,-45.00687026977539,33.56758499145508,66.39108833693524,483607522,1720698695
1.0,0,-4.534687519073486,5.449285984039307,7.788456916809082,-0.010652806609869003,0.030360499396920204,0.002663201652467251,34.733123779296875,-42.55513381958008,32.89285659790039,64.02553644476839,495607522,1720698695
1.0,0,-4.58496618270874,5.348728656768799,7.762120723724365,-0.01384864840656519,0.029561540111899376,0.002929521957412362,35.60581588745117,-42.380008697509766,32.724178314208984,64.3017193281192,508607522,1720698695
1.0,0,1.0726187229156494,8.662353515625,11.03983211517334,-0.11558295786380768,0.0862877368927002,-0.04953555390238762,34.90766143798828,-44.48149871826172,34.07362747192383,66.01636648882892,520607522,1720698695
1.0,0,-5.037477493286133,-26.60238265991211,4.8866400718688965,-0.46579399704933167,0.3933548927307129,0.051133476197719574,34.733123779296875,-42.90538024902344,33.230220794677734,64.43220557954136,533607522,1720698695
1.0,0,12.201037406921387,-39.22719955444336,9.739761352539062,-1.2293338775634766,0.3510099947452545,0.5305097699165344,35.08220291137695,-43.95612335205078,34.2423095703125,65.84403925918309,545607522,1720698695
1.0,0,-13.87221622467041,6.09333610534668,0.7398195862770081,-0.8234620094299316,0.575251579284668,1.245579481124878,35.25674057006836,-44.48149871826172,34.41099166870117,66.37588290539904,558607522,1720698695
1.0,0,8.126044273376465,-34.04367446899414,6.80203104019165,-1.622955083847046,0.3683207929134369,1.3180185556411743,34.03497314453125,-44.656620025634766,32.89285659790039,65.07329040576423,570607522,1720698695
1.0,0,-14.341486930847168,39.22600173950195,10.991947174072266,-1.2594280242919922,0.4708540737628937,1.4557061195373535,33.68589401245117,-43.25563049316406,32.89285659790039,63.93535047177952,583607522,1720698695
1.0,0,-2.885057210922241,13.04380989074707,12.224981307983398,-1.4043062925338745,0.6540823578834534,1.213887333869934,32.63866424560547,-44.306373596191406,30.53131866455078,62.93249211956411,595607522,1720698695
1.0,0,-3.308837413787842,5.621671676635742,8.300824165344238,-1.4892624616622925,0.6474242806434631,0.94596928358078,32.63866424560547,-44.306373596191406,30.53131866455078,62.93249211956411,608607522,1720698695
1.0,0,-6.904983043670654,10.934486389160156,6.888223648071289,-1.3233449459075928,0.691899836063385,0.9310553073883057,32.63866424560547,-44.306373596191406,30.53131866455078,62.93249211956411,620607522,1720698695
1.0,0,-2.8275954723358154,-15.79239559173584,7.249752998352051,-1.3212143182754517,0.6082752346992493,1.0130819082260132,32.63866424560547,-44.306373596191406,30.53131866455078,62.93249211956411,633607522,1720698695
1.0,0,-4.206676483154297,-1.2545808553695679,6.213047981262207,-1.3819353580474854,0.5534133315086365,1.1443777084350586,32.63866424560547,-44.306373596191406,30.53131866455078,62.93249211956411,645607522,1720698695
1.0,0,-4.714254856109619,11.375025749206543,8.212237358093262,-1.337459921836853,0.5203896164894104,1.213887333869934,32.63866424560547,-45.707366943359375,29.51923179626465,63.44943532037041,658607522,1720698695
1.0,0,-3.6464247703552246,5.643219470977783,9.251337051391602,-1.3292039632797241,0.5033451318740845,1.1273332834243774,29.846052169799805,-44.306373596191406,28.169780731201172,60.393527118488876,671607522,1720698695
1.0,0,-4.058233737945557,13.57533073425293,9.418932914733887,-1.2738094329833984,0.5092041492462158,1.083390474319458,31.41689682006836,-44.48149871826172,30.02527618408203,62.18635174984897,683607522,1720698695
1.0,0,-4.683129787445068,-0.8379833698272705,7.807610988616943,-1.340123176574707,0.536635160446167,1.0501004457473755,29.49697494506836,-45.00687026977539,28.844507217407227,61.05485647354713,696607522,1720698695
1.0,0,-1.625687837600708,-3.095750093460083,9.208239555358887,-1.3563685417175293,0.47378358244895935,1.075933575630188,28.973360061645508,-42.73025894165039,26.989011764526367,58.25579266054142,708607522,1720698695
1.0,0,-2.5618350505828857,3.3591160774230957,8.76530647277832,-1.2852611541748047,0.4636634290218353,1.1430461406707764,28.624282836914062,-43.08050537109375,29.350549697875977,59.47044878360998,721607522,1720698695
1.0,0,-0.6895406246185303,6.136432647705078,10.168330192565918,-1.3209480047225952,0.4777783751487732,1.1414482593536377,27.926130294799805,-43.43075180053711,28.338462829589844,58.899638630012305,733607522,1720698695
1.0,0,-5.00874662399292,8.042245864868164,8.442083358764648,-1.2844622135162354,0.4610002040863037,1.1720750331878662,27.053438186645508,-43.25563049316406,26.820329666137695,57.63912013971154,746607522,1720698695
1.0,0,-3.811627149581909,5.535478591918945,8.916143417358398,-1.2985771894454956,0.45807069540023804,1.1156152486801147,26.8789005279541,-43.781002044677734,25.9769229888916,57.56780316807766,758607522,1720698695
1.0,0,-3.0646250247955322,2.506767511367798,9.94566535949707,-1.3339977264404297,0.45114636421203613,1.1007012128829956,27.053438186645508,-42.90538024902344,25.808242797851562,56.910680617479855,771607522,1720698695
1.0,0,-3.1364521980285645,4.9393134117126465,9.308797836303711,-1.2639555931091309,0.46739187836647034,1.1153489351272583,27.227977752685547,-43.08050537109375,27.326374053955078,57.82753180333954,783607522,1720698695
1.0,0,-2.116506576538086,2.3295936584472656,9.651174545288086,-1.3326661586761475,0.4239816963672638,1.1435787677764893,26.529823303222656,-42.73025894165039,25.9769229888916,56.60836582777773,796607522,1720698695
1.0,0,-2.7174603939056396,8.65995979309082,10.331138610839844,-1.2706135511398315,0.43436819314956665,1.1598243713378906,26.006208419799805,-42.90538024902344,24.458791732788086,55.816010460398005,808607522,1720698695
1.0,0,-3.251375675201416,2.736614227294922,8.98078727722168,-1.27593994140625,0.4263785779476166,1.1515684127807617,26.35528564453125,-42.55513381958008,23.446704864501953,55.27466385976728,821607522,1720698695
1.0,0,-3.1891250610351562,4.781293869018555,9.78525161743164,-1.2985771894454956,0.4146605134010315,1.1457092761993408,26.8789005279541,-42.73025894165039,24.627473831176758,56.168165272843304,833607522,1720698695
1.0,0,-1.2665519714355469,1.0821956396102905,9.821165084838867,-1.3169533014297485,0.4058719277381897,1.137719750404358,25.482593536376953,-43.43075180053711,22.265933990478516,55.05782952286082,846607522,1720698695
1.0,0,-2.7653450965881348,3.9361279010772705,8.614469528198242,-1.284195899963379,0.42744386196136475,1.1252027750015259,23.388134002685547,-41.67951202392578,22.94066047668457,53.013775924628,858607522,1720698695
1.0,0,-3.452491521835327,8.090130805969238,10.273675918579102,-1.224007487297058,0.3901590406894684,1.1393177509307861,23.737211227416992,-40.62876892089844,22.60329818725586,52.202118250362005,871607522,1720698695
1.0,0,-3.5937516689300537,0.9457241296768188,9.32795238494873,-1.3078984022140503,0.3904253840446472,1.1632864475250244,23.562671661376953,-40.80389404296875,23.10934066772461,52.48046199290387,883607522,1720698695
1.0,0,-3.0263171195983887,3.529107093811035,9.430904388427734,-1.278336763381958,0.387762188911438,1.1568949222564697,22.51544189453125,-40.80389404296875,22.097253799438477,51.57704448931357,896607522,1720698695
1.0,0,-3.3423564434051514,0.3280106484889984,8.863470077514648,-1.27593994140625,0.3853653073310852,1.1441113948822021,21.119136810302734,-41.854637145996094,22.434616088867188,51.97249839376724,908607522,1720698695
1.0,0,-3.4668569564819336,4.766928195953369,9.495549201965332,-1.2943159341812134,0.37551143765449524,1.162487506866455,21.119136810302734,-41.854637145996094,22.434616088867188,51.97249839376724,921607522,1720698695
1.0,0,-3.993589162826538,5.968835830688477,9.308797836303711,-1.2546343803405762,0.3515426218509674,1.1686129570007324,21.119136810302734,-41.854637145996094,22.434616088867188,51.97249839376724,933607522,1720698695
1.0,0,-2.7485857009887695,1.290494441986084,9.981578826904297,-1.2879244089126587,0.34674885869026184,1.1478400230407715,21.119136810302734,-41.854637145996094,22.434616088867188,51.97249839376724,946607522,1720698695
1.0,0,-4.058233737945557,5.51871919631958,10.10129165649414,-1.2596943378448486,0.3326338827610016,1.1771351099014282,20.595521926879883,-38.87752914428711,18.55494499206543,47.74854740684849,958607522,1720698695
1.0,0,-2.806046962738037,0.533915102481842,9.411750793457031,-1.3023055791854858,0.3171873092651367,1.1739393472671509,19.897367477416992,-39.22777557373047,18.21758270263672,47.608863970081714,971607522,1720698695
1.0,0,-2.2290358543395996,0.6464443206787109,9.75412654876709,-1.3060342073440552,0.33316653966903687,1.1478400230407715,19.37375259399414,-38.35215759277344,18.7236270904541,46.87008100074728,983607522,1720698695
1.0,0,-3.1172983646392822,3.8882429599761963,9.907357215881348,-1.252237319946289,0.31798627972602844,1.1755372285842896,18.675600051879883,-37.65166091918945,19.735713958740234,46.43192880693854,996607522,1720698695
1.0,0,-1.4102063179016113,6.684712886810303,10.467610359191895,-1.2466447353363037,0.31186091899871826,1.1699445247650146,18.675600051879883,-39.40290069580078,16.699451446533203,46.693021953564255,8607522,1720698696
1.0,0,-2.171574115753174,4.63763952255249,11.20024585723877,-1.247443675994873,0.29002267122268677,1.175803542137146,17.45383071899414,-38.177032470703125,17.542858123779297,45.49586669344231,21607522,1720698696
1.0,0,-2.264949321746826,1.757370948791504,9.708635330200195,-1.2618249654769897,0.292685866355896,1.1635527610778809,16.93021583557129,-38.00190734863281,18.04890251159668,45.349090974861035,33607522,1720698696
1.0,0,-1.2497923374176025,3.900214195251465,11.501920700073242,-1.283929467201233,0.27936986088752747,1.165150761604309,17.802907943725586,-38.52728271484375,17.542858123779297,45.924360809850306,46607522,1720698696
1.0,0,-1.1372631788253784,6.287269592285156,11.600083351135254,-1.2282686233520508,0.26871705055236816,1.190983772277832,15.184833526611328,-35.900421142578125,16.699451446533203,42.40626234485291,58607522,1720698696
1.0,0,-2.0518622398376465,4.350330829620361,10.66872501373291,-1.250373125076294,0.26765176653862,1.1675477027893066,14.661218643188477,-38.177032470703125,16.19340705871582,43.98481070257965,71607522,1720698696
1.0,0,-2.1548144817352295,4.491590976715088,10.802803039550781,-1.2493078708648682,0.24474823474884033,1.1867226362228394,15.70844841003418,-36.4257926940918,15.518681526184082,42.596046778483846,83607522,1720698696
1.0,0,-3.045470952987671,-1.6975148916244507,9.538644790649414,-1.2394540309906006,0.22876903414726257,1.2024356126785278,16.755678176879883,-36.4257926940918,16.19340705871582,43.24138708146846,96607522,1720698696
1.0,0,-2.935336112976074,1.6328704357147217,9.691876411437988,-1.2695481777191162,0.2527378499507904,1.1816625595092773,13.43945026397705,-35.19992446899414,13.663187026977539,40.07912406421793,108607522,1720698696
1.0,0,-2.0063717365264893,2.475642204284668,10.357474327087402,-1.2639555931091309,0.22157837450504303,1.1787331104278564,14.312141418457031,-35.02479934692383,12.145055770874023,39.7375935475694,121607522,1720698696
1.0,0,-3.2465872764587402,3.0813846588134766,10.589715003967285,-1.2439815998077393,0.22690477967262268,1.173140287399292,13.264911651611328,-35.37504959106445,12.819780349731445,39.89609984585817,133607522,1720698696
1.0,0,-3.2082793712615967,4.242590427398682,9.974396705627441,-1.2133547067642212,0.23569335043430328,1.1704771518707275,13.43945026397705,-34.1491813659668,12.313736915588379,38.70934678071862,146607522,1720698696
1.0,0,-2.6719701290130615,0.6416558623313904,9.629626274108887,-1.2578301429748535,0.21811622381210327,1.1787331104278564,12.043143272399902,-34.1491813659668,12.65109920501709,38.35693156315334,159607522,1720698696
1.0,0,-3.2178561687469482,2.449305772781372,9.912145614624023,-1.2567648887634277,0.19547900557518005,1.1766024827957153,12.392220497131348,-32.39794158935547,12.65109920501709,36.92213508414695,171607522,1720698696
1.0,0,-2.6623928546905518,0.4237801730632782,10.649571418762207,-1.259960651397705,0.18802203238010406,1.1920491456985474,12.9158353805542,-33.623809814453125,11.132966995239258,37.70042896484305,184607522,1720698696
1.0,0,-2.7533740997314453,1.2952828407287598,10.572956085205078,-1.2756736278533936,0.2013380527496338,1.1787331104278564,9.948683738708496,-32.047691345214844,12.65109920501709,35.8619734508042,196607522,1720698696
1.0,0,-2.1739683151245117,5.6049113273620605,11.906546592712402,-1.206696629524231,0.16671642661094666,1.1872552633285522,10.64683723449707,-30.9969482421875,9.614835739135742,34.1556878091671,209607522,1720698696
1.0,0,-3.304048538208008,0.45729950070381165,10.15635871887207,-1.255167007446289,0.1544657051563263,1.172607660293579,9.774145126342773,-29.771080017089844,9.10879135131836,32.63159815603012,221607522,1720698696
1.0,0,-1.6831494569778442,-0.3184336721897125,9.950454711914062,-1.257563829421997,0.14461186528205872,1.1824615001678467,9.774145126342773,-29.771080017089844,9.10879135131836,32.63159815603012,234607522,1720698696
1.0,0,-2.6887295246124268,-0.3758954107761383,9.823558807373047,-1.2671513557434082,0.1275673657655716,1.178466796875,9.774145126342773,-29.771080017089844,9.10879135131836,32.63159815603012,246607522,1720698696
1.0,0,-2.837172269821167,1.807649850845337,10.812379837036133,-1.2668850421905518,0.12357256561517715,1.1739393472671509,9.774145126342773,-29.771080017089844,9.10879135131836,32.63159815603012,259607522,1720698696
1.0,0,-12.014287948608398,-0.9576953053474426,7.438898086547852,-1.157693862915039,0.07057484239339828,1.165150761604309,9.774145126342773,-29.771080017089844,9.10879135131836,32.63159815603012,271607522,1720698696
1.0,0,-12.014287948608398,-0.9576953053474426,7.438898086547852,-1.157693862915039,0.07057484239339828,1.165150761604309,8.552377700805664,-29.245708465576172,7.253296852111816,31.321956248222538,284607522,1720698696
1.0,0,-17.15471649169922,39.22600173950195,25.615955352783203,-0.08149396628141403,0.09294573962688446,0.4546085298061371,7.679685592651367,-27.319345474243164,7.759340763092041,29.419918032190527,296607522,1720698696
1.0,0,-4.505956172943115,4.793264865875244,21.509836196899414,-0.3028060495853424,0.2620590329170227,-0.17470602691173553,6.632455825805664,-26.969097137451172,7.759340763092041,28.83624524393428,309607522,1720698696
1.0,0,-7.0055413246154785,20.331871032714844,7.730995178222656,0.25673264265060425,0.3014744222164154,-0.16218899190425873,8.901453971862793,-27.14422035217285,8.265384674072266,29.738210523683087,321607522,1720698696
1.0,0,-8.633623123168945,-9.339923858642578,-0.7182714939117432,0.07962973415851593,0.13848648965358734,-0.16671642661094666,8.028762817382812,-26.268600463867188,8.434065818786621,28.733845356020435,334607522,1720698696
1.0,0,-6.457260608673096,-5.645613670349121,3.610511064529419,0.08122765272855759,-0.04554075002670288,-0.08229293674230576,8.203300476074219,-25.743228912353516,7.928022384643555,28.157796655029717,346607522,1720698696
1.0,0,-1.8842655420303345,-4.90339994430542,10.209031105041504,0.025300417095422745,-0.1262357532978058,-0.004527443088591099,9.075992584228516,-26.61884880065918,7.421977996826172,29.086466101035676,359607522,1720698696
1.0,0,-3.229827404022217,1.5562547445297241,12.794809341430664,-0.012783369049429893,-0.07084116339683533,0.06871060281991959,8.377839088439941,-27.319345474243164,7.759340763092041,29.60983272513751,371607522,1720698696
1.0,0,-11.032649993896484,0.617713451385498,11.882604598999023,0.0700422003865242,-0.08335821330547333,-0.009587526321411133,8.203300476074219,-26.79397201538086,8.602747917175293,29.31242649096516,384607522,1720698696
1.0,0,-7.563398361206055,24.981481552124023,25.898475646972656,0.3060018718242645,-0.1763039529323578,-0.31798627972602844,8.377839088439941,-27.669591903686523,6.747252941131592,29.687032963230866,396607522,1720698696
1.0,0,-11.154756546020508,17.336679458618164,17.90411376953125,0.9105486869812012,0.002663201652467251,-0.5052093863487244,7.156070709228516,-29.595956802368164,8.265384674072266,31.55069873795998,409607522,1720698696
1.0,0,-2.47324800491333,-21.868972778320312,10.733369827270508,0.5925623774528503,0.06338419765233994,-0.827989399433136,8.203300476074219,-28.194965362548828,7.5906596183776855,30.32933108293286,421607522,1720698696
1.0,0,-2.47324800491333,-21.868972778320312,10.733369827270508,0.5925623774528503,0.06338419765233994,-0.827989399433136,8.901453971862793,-29.595956802368164,8.265384674072266,31.991766529393512,434607522,1720698696
1.0,0,-2.4109978675842285,-14.873007774353027,5.039871692657471,0.8892430663108826,-0.15739521384239197,-0.684176504611969,7.156070709228516,-28.194965362548828,9.277472496032715,30.53255501436868,446607522,1720698696
1.0,0,-4.130061149597168,1.8531404733657837,8.68150806427002,0.854621410369873,-0.20879501104354858,-0.6237218379974365,10.472298622131348,-28.370088577270508,10.120879173278809,31.889859823357288,459607522,1720698696
1.0,0,-1.7621593475341797,6.59133768081665,12.179490089416504,0.8551540970802307,-0.21731725335121155,-0.5177264213562012,9.425068855285645,-30.121328353881836,10.120879173278809,33.144509952167795,471607522,1720698696
1.0,0,-1.7621593475341797,6.59133768081665,12.179490089416504,0.8551540970802307,-0.21731725335121155,-0.5177264213562012,10.821375846862793,-30.82182502746582,11.470330238342285,34.621605234584564,484607522,1720698696
1.0,0,-3.3998184204101562,6.3303656578063965,10.065377235412598,0.8056185245513916,-0.14594346284866333,-0.6167975068092346,9.948683738708496,-31.347196578979492,10.964285850524902,34.667543981453996,496607522,1720698696
1.0,0,-4.297657489776611,0.08379834145307541,9.45724105834961,0.8564856648445129,-0.14727506041526794,-0.6263850927352905,10.472298622131348,-31.522321701049805,10.458242416381836,34.82385157180891,509607522,1720698696
1.0,0,-2.4588825702667236,-3.074201822280884,8.636016845703125,0.8048195242881775,-0.17044490575790405,-0.6279829740524292,9.774145126342773,-31.522321701049805,11.807692527770996,35.051566030716295,521607522,1720698696
1.0,0,-2.971249580383301,1.8387749195098877,9.797223091125488,0.7744590044021606,-0.1645858734846115,-0.606943666934967,9.425068855285645,-31.172073364257812,11.807692527770996,34.64031875696189,534607522,1720698696
1.0,0,-2.7437968254089355,1.9369386434555054,11.126025199890137,0.8405064940452576,-0.18029874563217163,-0.5869696736335754,10.123222351074219,-32.222816467285156,12.145055770874023,35.89278355785843,546607522,1720698696
1.0,0,-3.040682554244995,0.83319491147995,9.466817855834961,0.7885740399360657,-0.17736923694610596,-0.5960245728492737,10.123222351074219,-32.222816467285156,12.145055770874023,35.89278355785843,559607522,1720698696
1.0,0,-4.134849548339844,2.868297576904297,9.622443199157715,0.7933678030967712,-0.16858068108558655,-0.5808442831039429,10.123222351074219,-32.222816467285156,12.145055770874023,35.89278355785843,571607522,1720698696
1.0,0,-3.1101152896881104,4.910582542419434,10.47239875793457,0.8234620094299316,-0.18003243207931519,-0.5944266319274902,10.123222351074219,-32.222816467285156,12.145055770874023,35.89278355785843,584607522,1720698696
1.0,0,-3.1101152896881104,4.910582542419434,10.47239875793457,0.8234620094299316,-0.18003243207931519,-0.5944266319274902,10.297760963439941,-33.09843826293945,14.000550270080566,37.38403274354995,596607522,1720698696
1.0,0,-2.760556697845459,2.1500258445739746,10.417330741882324,0.7925688624382019,-0.18722309172153473,-0.5859043598175049,12.217681884765625,-33.974056243896484,13.494505882263184,38.543610849363965,609607522,1720698696
1.0,0,-2.47324800491333,2.370296001434326,10.055800437927246,0.7997594475746155,-0.20160436630249023,-0.5949592590332031,12.043143272399902,-34.499427795410156,12.313736915588379,38.56003027639623,621607522,1720698696
1.0,0,-3.761348247528076,1.3240137100219727,9.157960891723633,0.8032216429710388,-0.2050665318965912,-0.5962908864021301,10.9959135055542,-33.09843826293945,14.000550270080566,37.58233810092577,634607522,1720698696
1.0,0,-4.204282283782959,2.911393642425537,9.995944023132324,0.8016237616539001,-0.1970769315958023,-0.5946929454803467,10.64683723449707,-34.1491813659668,14.337912559509277,38.53696235599922,647607522,1720698696
1.0,0,-3.1843366622924805,3.5769920349121094,10.074954986572266,0.8314515948295593,-0.21864885091781616,-0.591763436794281,11.694067001342773,-35.19992446899414,15.350000381469727,40.14235166710973,659607522,1720698696
1.0,0,-3.1077210903167725,1.8746886253356934,9.232182502746582,0.7747253775596619,-0.2138551026582718,-0.5896328687667847,13.963065147399902,-35.72529602050781,14.506593704223633,41.00859940259928,672607522,1720698696
1.0,0,-2.343959331512451,2.7725279331207275,10.599291801452637,0.779252827167511,-0.22930166125297546,-0.5885675549507141,12.392220497131348,-35.900421142578125,16.02472496032715,41.22134370830389,684607522,1720698696
1.0,0,-1.9489099979400635,1.7621593475341797,10.376627922058105,0.800824761390686,-0.21358877420425415,-0.5938939452171326,13.090373992919922,-37.301414489746094,14.675274848937988,42.16772588250671,697607522,1720698696
1.0,0,-1.9489099979400635,1.7621593475341797,10.376627922058105,0.800824761390686,-0.21358877420425415,-0.5938939452171326,13.090373992919922,-36.95116424560547,15.350000381469727,42.09951237355781,709607522,1720698696
1.0,0,-3.1556060314178467,3.610511064529419,9.878626823425293,0.8080154061317444,-0.22317631542682648,-0.5994866490364075,12.217681884765625,-37.826786041259766,15.181319236755371,42.551262573710474,722607522,1720698696
1.0,0,-3.3160200119018555,3.7589540481567383,9.471606254577637,0.7835139632225037,-0.24368295073509216,-0.5922960638999939,13.090373992919922,-36.250667572021484,17.036813735961914,42.1393143390538,734607522,1720698696
1.0,0,-2.5666234493255615,2.39902663230896,10.58253288269043,0.7901719212532043,-0.2407534420490265,-0.591763436794281,14.661218643188477,-36.776039123535156,14.843955993652344,42.282046015544864,747607522,1720698696
1.0,0,-3.021528720855713,3.2848949432373047,9.991155624389648,0.800824761390686,-0.2444819211959839,-0.5930950045585632,13.264911651611328,-38.177032470703125,16.868131637573242,43.794720621744744,759607522,1720698696
1.0,0,-1.9824292659759521,3.3926355838775635,10.510705947875977,0.8088143467903137,-0.2647222578525543,-0.5813769102096558,15.533909797668457,-38.35215759277344,16.362089157104492,44.496160589516776,772607522,1720698696
1.0,0,-1.9824292659759521,3.3926355838775635,10.510705947875977,0.8088143467903137,-0.2647222578525543,-0.5813769102096558,14.486680030822754,-38.7024040222168,17.711538314819336,44.96041108454921,784607522,1720698696
1.0,0,-3.6009342670440674,2.631267786026001,9.442874908447266,0.7867097854614258,-0.24501456320285797,-0.5840401649475098,15.533909797668457,-40.103397369384766,17.711538314819336,46.51111075480987,797607522,1720698696
1.0,0,-3.304048538208008,3.1603944301605225,9.387807846069336,0.7954983115196228,-0.25300416350364685,-0.5880349278450012,13.78852653503418,-38.7024040222168,19.060989379882812,45.2915097700027,809607522,1720698696
1.0,0,-3.045470952987671,2.343959331512451,9.256125450134277,0.7976289391517639,-0.26552119851112366,-0.5906981229782104,15.70844841003418,-38.87752914428711,18.55494499206543,45.85306540978665,822607522,1720698696
1.0,0,-4.168368816375732,3.943310499191284,9.239365577697754,0.7962972521781921,-0.26126009225845337,-0.5848391056060791,15.184833526611328,-39.05265426635742,18.38626480102539,45.7574442884649,834607522,1720698696
1.0,0,-2.8180184364318848,5.834758281707764,10.194665908813477,0.811477541923523,-0.2934848368167877,-0.5789800882339478,15.184833526611328,-39.75314712524414,19.398351669311523,46.76738097305094,847607522,1720698696
1.0,0,-2.320016860961914,2.6959123611450195,9.902568817138672,0.7891066670417786,-0.26418960094451904,-0.5797790288925171,15.184833526611328,-39.75314712524414,19.398351669311523,46.76738097305094,859607522,1720698696
1.0,0,-1.8866597414016724,4.441311836242676,10.570561408996582,0.7883077263832092,-0.2820330560207367,-0.5827085375785828,15.184833526611328,-39.75314712524414,19.398351669311523,46.76738097305094,872607522,1720698696
1.0,0,-1.8148326873779297,3.8547234535217285,10.570561408996582,0.8050858974456787,-0.2764403223991394,-0.5832412242889404,15.184833526611328,-39.75314712524414,19.398351669311523,46.76738097305094,884607522,1720698696
1.0,0,-3.172365665435791,2.683941125869751,8.9568452835083,0.7845792174339294,-0.28043514490127563,-0.5720556974411011,15.184833526611328,-39.75314712524414,19.398351669311523,46.76738097305094,897607522,1720698696
1.0,0,-4.362302303314209,3.0837788581848145,8.537853240966797,0.7853781580924988,-0.2740434408187866,-0.570191502571106,14.835756301879883,-41.15414047241211,19.398351669311523,47.854560812508545,909607522,1720698696
1.0,0,-4.0079545974731445,4.323994159698486,9.007123947143555,0.8117438554763794,-0.30680084228515625,-0.5731210112571716,16.581140518188477,-40.453643798828125,22.097253799438477,48.986938493471655,922607522,1720698696
1.0,0,-3.8882429599761963,2.4564883708953857,9.799616813659668,0.7693989276885986,-0.3065345287322998,-0.5579407811164856,15.533909797668457,-41.15414047241211,20.747802734375,48.6357579351825,934607522,1720698696
1.0,0,-3.0023748874664307,1.640053153038025,9.263307571411133,0.7789865136146545,-0.3060018718242645,-0.5795127153396606,16.93021583557129,-41.504390716552734,21.759891510009766,49.82709639863327,947607522,1720698696
1.0,0,-1.958486795425415,5.334362506866455,9.933694839477539,0.7813833951950073,-0.31052932143211365,-0.5683272480964661,17.45383071899414,-40.9790153503418,20.916484832763672,49.207877861274255,959607522,1720698696
1.0,0,-2.60014271736145,2.6480274200439453,9.13880729675293,0.8034879565238953,-0.2940174639225006,-0.5795127153396606,17.802907943725586,-40.62876892089844,22.60329818725586,49.785032732966386,972607522,1720698696
1.0,0,-3.0334997177124023,6.907377243041992,9.514702796936035,0.8189345598220825,-0.3115946054458618,-0.5837738513946533,17.802907943725586,-43.43075180053711,24.627473831176758,53.00647319448749,984607522,1720698696
1.0,0,-1.8962366580963135,4.537081718444824,9.447664260864258,0.7616757154464722,-0.32118213176727295,-0.5528806447982788,19.024675369262695,-43.60587692260742,21.422527313232422,52.17600455747456,997607522,1720698696
1.0,0,-3.9552814960479736,3.9864065647125244,8.786853790283203,0.7773885726928711,-0.3464825451374054,-0.5574080944061279,17.279293060302734,-43.95612335205078,21.759891510009766,52.00199637833076,9607522,1720698697
1.0,0,-2.964066982269287,5.82757568359375,9.564981460571289,0.7752580642700195,-0.3504773676395416,-0.5704578161239624,17.802907943725586,-43.08050537109375,23.952747344970703,52.4080869680778,22607522,1720698697
1.0,0,-4.015137672424316,3.2274329662323,8.844316482543945,0.7968299984931946,-0.32357898354530334,-0.5640661120414734,19.024675369262695,-41.854637145996094,24.458791732788086,52.076687841650696,34607522,1720698697
1.0,0,-4.374273300170898,4.134849548339844,8.69347858428955,0.7752580642700195,-0.3302370011806488,-0.5741863250732422,17.802907943725586,-44.131248474121094,23.952747344970703,53.27517929119886,47607522,1720698697
1.0,0,-2.3631131649017334,5.674344539642334,9.746943473815918,0.7752580642700195,-0.3302370011806488,-0.5741863250732422,17.62837028503418,-43.60587692260742,25.133516311645508,53.32846878810241,59607522,1720698697
1.0,0,-3.0334997177124023,3.8523292541503906,8.633623123168945,0.7859108448028564,-0.34808048605918884,-0.5733873248100281,19.024675369262695,-41.504390716552734,24.796154022216797,51.95576941930124,72607522,1720698697
1.0,0,-2.626479387283325,3.1340579986572266,8.834739685058594,0.775524377822876,-0.3504773676395416,-0.5571417808532715,19.199214935302734,-43.08050537109375,25.30219841003418,53.523275698909956,84607522,1720698697
1.0,0,-2.4900078773498535,5.367882251739502,9.59371280670166,0.7896392941474915,-0.3613964915275574,-0.5683272480964661,17.62837028503418,-42.90538024902344,25.133516311645508,52.75722448544197,97607522,1720698697
1.0,0,-3.4189720153808594,7.563398361206055,9.021490097045898,0.7896392941474915,-0.36379337310791016,-0.546755313873291,18.501060485839844,-44.83174514770508,26.314287185668945,55.17804202922883,109607522,1720698697
1.0,0,-1.2713404893875122,2.0758044719696045,9.926511764526367,0.7787201404571533,-0.39175698161125183,-0.5414289236068726,20.595521926879883,-43.43075180053711,26.651649475097656,54.961042067485586,122607522,1720698697
1.0,0,-2.5690176486968994,7.886620998382568,9.670328140258789,0.8125428557395935,-0.3544721305370331,-0.5624682307243347,20.420982360839844,-45.00687026977539,26.145605087280273,55.912677967006196,135607522,1720698697
1.0,0,-4.221041679382324,2.633662223815918,7.910562992095947,0.7635399103164673,-0.35926592350006104,-0.5427604913711548,19.548290252685547,-44.48149871826172,26.651649475097656,55.41705332990408,147607522,1720698697
1.0,0,-4.221041679382324,2.633662223815918,7.910562992095947,0.7635399103164673,-0.35926592350006104,-0.5427604913711548,20.420982360839844,-44.306373596191406,28.507143020629883,56.504234045119716,160607522,1720698697
1.0,0,-1.537100911140442,7.788456916809082,9.96721363067627,0.7880414128303528,-0.39628443121910095,-0.55314701795578,20.420982360839844,-44.306373596191406,28.507143020629883,56.504234045119716,172607522,1720698697
1.0,0,-2.425363302230835,3.5410783290863037,8.62883472442627,0.7800517678260803,-0.3920232951641083,-0.540363609790802,20.420982360839844,-44.306373596191406,28.507143020629883,56.504234045119716,185607522,1720698697
1.0,0,-2.786893367767334,4.917765140533447,8.808402061462402,0.7848455309867859,-0.38563162088394165,-0.5475542545318604,20.420982360839844,-44.306373596191406,28.507143020629883,56.504234045119716,197607522,1720698697
1.0,0,-3.943310499191284,3.0622308254241943,8.154775619506836,0.761409342288971,-0.39308857917785645,-0.5334393382072449,21.817289352416992,-45.707366943359375,28.844507217407227,58.28518769118829,210607522,1720698697
1.0,0,-3.766136884689331,4.546658515930176,8.817978858947754,0.7659368515014648,-0.39122432470321655,-0.5321077108383179,20.07190704345703,-45.00687026977539,28.844507217407227,57.10083554954892,222607522,1720698697
1.0,0,-2.7773163318634033,1.5203412771224976,8.545036315917969,0.7619420289993286,-0.3992139399051666,-0.5331729650497437,21.29367446899414,-46.582984924316406,28.675825119018555,58.70006816952701,235607522,1720698697
1.0,0,-3.3327796459198,6.701472759246826,8.308006286621094,0.7808507680892944,-0.39388754963874817,-0.546755313873291,21.817289352416992,-45.00687026977539,30.19395637512207,58.42334711183753,247607522,1720698697
1.0,0,-2.7749221324920654,6.627251625061035,8.920931816101074,0.7853781580924988,-0.40134450793266296,-0.5307760834693909,21.9918270111084,-46.23273849487305,29.687911987304688,59.18174281134159,260607522,1720698697
1.0,0,-3.557838201522827,4.941707611083984,8.506728172302246,0.7707306146621704,-0.38749587535858154,-0.5440921187400818,21.9918270111084,-44.83174514770508,31.374725341796875,58.973716336589185,272607522,1720698697
1.0,0,-2.035102367401123,7.877044200897217,8.7677001953125,0.7949656844139099,-0.4322376251220703,-0.5321077108383179,20.420982360839844,-46.057613372802734,30.53131866455078,58.910794338360915,285607522,1720698697
1.0,0,-1.8651115894317627,4.893823146820068,8.952056884765625,0.7672684192657471,-0.42877548933029175,-0.5233191251754761,21.642751693725586,-47.28348159790039,31.037363052368164,60.55950989018781,297607522,1720698697
1.0,0,-3.3591160774230957,4.728620529174805,8.434901237487793,0.7619420289993286,-0.4146605134010315,-0.5392983555793762,23.0390567779541,-46.582984924316406,30.362638473510742,60.18855735727512,310607522,1720698697
1.0,0,-1.3072539567947388,7.479599952697754,9.48836612701416,0.7864434719085693,-0.43330293893814087,-0.540363609790802,23.562671661376953,-47.4586067199707,32.21813201904297,62.01231231311397,322607522,1720698697
1.0,0,-3.146028995513916,4.836360931396484,8.281669616699219,0.7776548862457275,-0.43063971400260925,-0.5113347172737122,23.9117488861084,-47.4586067199707,30.868682861328125,61.457031072013294,335607522,1720698697
1.0,0,-3.222644567489624,5.437314987182617,8.111679077148438,0.794433057308197,-0.4335692524909973,-0.5390320420265198,23.562671661376953,-47.10835647583008,30.53131866455078,60.88150922137267,347607522,1720698697
1.0,0,-2.4564883708953857,8.123650550842285,8.497151374816895,0.7731274366378784,-0.4396946132183075,-0.5259823203086853,21.642751693725586,-46.933231353759766,31.71208953857422,60.63656923906851,360607522,1720698697
1.0,0,-1.8842655420303345,7.177926063537598,8.7461519241333,0.7768559455871582,-0.43063971400260925,-0.509470522403717,21.642751693725586,-44.83174514770508,32.724178314208984,59.574876585731886,372607522,1720698697
1.0,0,1.1659940481185913,1.1803593635559082,11.257708549499512,0.5113347172737122,-0.2857615351676941,-0.568859875202179,23.737211227416992,-46.582984924316406,31.71208953857422,61.14806868754441,385607522,1720698697
1.0,0,-13.718984603881836,-6.153192520141602,0.5387036204338074,0.5374341011047363,-0.02796361781656742,-0.3115946054458618,23.21359634399414,-47.10835647583008,32.55549621582031,61.78938937175274,397607522,1720698697
1.0,0,3.660790205001831,-27.069257736206055,6.349519729614258,-0.10892495512962341,-0.1502045840024948,-0.015446570701897144,22.864519119262695,-48.15909957885742,32.55549621582031,62.46555403308071,410607522,1720698697
1.0,0,-11.178698539733887,15.007085800170898,3.509953260421753,0.11212079226970673,-0.06737900525331497,0.21252350509166718,22.68998146057129,-47.983978271484375,32.724178314208984,62.355186438495224,422607522,1720698697
1.0,0,-0.5961652994155884,3.943310499191284,9.308797836303711,-0.03914906829595566,-0.07989604771137238,0.25486841797828674,22.51544189453125,-45.707366943359375,32.55549621582031,60.464608246967124,435607522,1720698697
1.0,0,-2.2505838871002197,12.074143409729004,11.394180297851562,-0.13715487718582153,0.0412796251475811,0.06498212367296219,24.260826110839844,-46.407859802246094,32.21813201904297,61.48402366307705,447607522,1720698697
1.0,0,-3.253769874572754,11.904151916503906,8.542641639709473,-0.05086715519428253,0.11052287369966507,-0.07776549458503723,24.260826110839844,-46.407859802246094,32.21813201904297,61.48402366307705,460607522,1720698697
1.0,0,-4.493985176086426,3.0263171195983887,6.727809429168701,-0.09241309762001038,0.12277359515428543,-0.10679438710212708,24.260826110839844,-46.407859802246094,32.21813201904297,61.48402366307705,472607522,1720698697
1.0,0,-4.90339994430542,-8.09731388092041,8.260122299194336,-0.09214677661657333,0.17710290849208832,-0.05859043821692467,24.260826110839844,-46.407859802246094,32.21813201904297,61.48402366307705,485607522,1720698697
1.0,0,2.7390084266662598,-23.817880630493164,9.591318130493164,-0.5712567567825317,0.3419550955295563,0.16218899190425873,24.784440994262695,-46.582984924316406,32.724178314208984,62.089571154883366,497607522,1720698697
1.0,0,-10.606474876403809,12.414125442504883,3.3615105152130127,-0.46872350573539734,0.49322494864463806,0.7028189301490784,22.68998146057129,-46.582984924316406,33.736263275146484,61.82997010277585,510607522,1720698697
1.0,0,3.4429147243499756,-26.216907501220703,6.593731880187988,-0.9568883776664734,0.3752451241016388,0.850892961025238,23.9117488861084,-47.4586067199707,31.880769729614258,61.971562552075795,522607522,1720698697
1.0,0,-1.276128888130188,13.137185096740723,9.684693336486816,-0.976862370967865,0.42744386196136475,0.9259952306747437,22.864519119262695,-45.00687026977539,31.206045150756836,59.34830966410581,535607522,1720698697
1.0,0,-1.276128888130188,13.137185096740723,9.684693336486816,-0.976862370967865,0.42744386196136475,0.9259952306747437,21.642751693725586,-47.63372802734375,32.724178314208984,61.71104109476165,547607522,1720698697
1.0,0,-0.10055800527334213,1.4700623750686646,9.823558807373047,-0.9864498972892761,0.6173301339149475,0.6575444936752319,22.864519119262695,-47.4586067199707,30.868682861328125,61.05719587361698,560607522,1720698697
1.0,0,-1.4149948358535767,12.833117485046387,10.290435791015625,-0.8660731911659241,0.6716594696044922,0.5965571999549866,22.340904235839844,-46.582984924316406,31.71208953857422,60.61969242281426,572607522,1720698697
1.0,0,-5.748566150665283,2.9066052436828613,6.7948479652404785,-0.7576808929443359,0.6165311932563782,0.6628708839416504,20.595521926879883,-45.53224182128906,31.037363052368164,58.82753159837189,585607522,1720698697
1.0,0,-3.3471450805664062,-3.8834545612335205,6.136432647705078,-0.9342511296272278,0.5864369869232178,0.7504902482032776,22.340904235839844,-45.53224182128906,31.037363052368164,59.46107090014289,597607522,1720698697
1.0,0,-4.781293869018555,11.114053726196289,7.912957668304443,-0.8149397373199463,0.5363688468933105,0.7888403534889221,21.817289352416992,-45.707366943359375,29.51923179626465,58.6220312973168,610607522,1720698697
1.0,0,-3.402212619781494,4.572995185852051,8.15238094329834,-0.8751280903816223,0.5195906758308411,0.743033230304718,19.199214935302734,-46.933231353759766,29.350549697875977,58.590040339676996,623607522,1720698697
1.0,0,-4.1396379470825195,6.30402946472168,8.262516021728516,-0.8492950201034546,0.5683272480964661,0.6785838007926941,21.29367446899414,-45.18199157714844,30.700000762939453,58.62868736474908,635607522,1720698697
1.0,0,-4.072599411010742,2.803652763366699,7.900986194610596,-0.8423706889152527,0.5480868816375732,0.6948292851448059,18.675600051879883,-46.057613372802734,30.19395637512207,58.15287429249846,648607522,1720698697
1.0,0,-3.351933479309082,2.9473073482513428,8.408564567565918,-0.8317179083824158,0.546755313873291,0.69562828540802,20.77005958557129,-46.057613372802734,29.181869506835938,58.34621352496458,661423484,1720698697
1.0,0,-3.6200881004333496,4.810024738311768,8.497151374816895,-0.8306525945663452,0.531575083732605,0.7451638579368591,20.246444702148438,-45.18199157714844,28.675825119018555,57.21567820284229,674423484,1720698697
1.0,0,-3.222644567489624,3.251375675201416,7.996756076812744,-0.8463655114173889,0.5014808773994446,0.7869760990142822,19.897367477416992,-45.18199157714844,26.651649475097656,56.103725501541845,686423484,1720698697
1.0,0,-2.573806047439575,6.138826847076416,8.9568452835083,-0.8674048185348511,0.4996166527271271,0.7720621824264526,18.326522827148438,-45.35711669921875,27.83241844177246,56.28297247408364,699423484,1720698697
1.0,0,-3.383058786392212,5.540267467498779,9.03346061706543,-0.8498277068138123,0.49562183022499084,0.7265214323997498,18.15198516845703,-44.48149871826172,26.989011764526367,55.10449210186358,711423484,1720698697
1.0,0,-3.251375675201416,3.304048538208008,8.636016845703125,-0.826657772064209,0.48310476541519165,0.7281193733215332,19.199214935302734,-44.83174514770508,26.651649475097656,55.577024451334225,724423484,1720698697
1.0,0,-2.837172269821167,2.396632432937622,8.516304969787598,-0.8644752502441406,0.503078818321228,0.7419679760932922,18.675600051879883,-43.95612335205078,25.808242797851562,54.28613279421676,736423484,1720698697
1.0,0,-1.640053153038025,6.418952941894531,9.876233100891113,-0.819200873374939,0.49615445733070374,0.7579472064971924,19.024675369262695,-45.707366943359375,24.458791732788086,55.22077651417657,749423484,1720698697
1.0,0,-3.4500973224639893,5.72222900390625,8.959239959716797,-0.8290547132492065,0.5121337175369263,0.74809330701828,19.024675369262695,-45.707366943359375,24.458791732788086,55.22077651417657,761423484,1720698697
1.0,0,-4.388638496398926,5.925739765167236,8.04703426361084,-0.8237283229827881,0.500415563583374,0.7520881295204163,19.024675369262695,-45.707366943359375,24.458791732788086,55.22077651417657,774423484,1720698697
1.0,0,-3.5793862342834473,5.1452178955078125,8.9999418258667,-0.8223966360092163,0.47431620955467224,0.7486260533332825,19.024675369262695,-45.707366943359375,24.458791732788086,55.22077651417657,786423484,1720698697
1.0,0,-2.035102367401123,5.5306901931762695,10.005521774291992,-0.8399738669395447,0.49056175351142883,0.7321141362190247,16.755678176879883,-44.131248474121094,26.314287185668945,54.044070471622,799423484,1720698697
1.0,0,-2.4924020767211914,3.2322216033935547,9.394990921020508,-0.8370442986488342,0.4948228895664215,0.7494249939918518,16.406600952148438,-42.380008697509766,23.952747344970703,51.37096258954121,811423484,1720698697
1.0,0,-2.348747730255127,2.885057210922241,9.122047424316406,-0.8311852216720581,0.48949646949768066,0.7552840113639832,15.882987022399902,-43.95612335205078,24.796154022216797,52.90802690696305,824423484,1720698697
1.0,0,-1.3982350826263428,4.283292293548584,9.813982009887695,-0.826657772064209,0.4689898192882538,0.7528871297836304,17.104755401611328,-42.380008697509766,24.96483612060547,52.075722146492055,836423484,1720698697
1.0,0,-2.346353530883789,6.670347690582275,9.54343318939209,-0.8218640089035034,0.4740498960018158,0.7459627985954285,16.23206329345703,-43.60587692260742,25.47088050842285,53.044492030999194,849423484,1720698697
1.0,0,-3.0095574855804443,2.813230037689209,8.92811393737793,-0.8719322681427002,0.47271832823753357,0.7518218159675598,15.184833526611328,-42.90538024902344,24.796154022216797,51.829529014237515,862423484,1720698697
1.0,0,-3.864300489425659,5.669556140899658,8.513911247253418,-0.8109449148178101,0.47191932797431946,0.7560829520225525,16.23206329345703,-41.15414047241211,22.434616088867188,49.60297527206087,874423484,1720698697
1.0,0,-3.6512134075164795,2.1069295406341553,8.94726848602295,-0.8450339436531067,0.4434230625629425,0.7712632417678833,15.359371185302734,-41.67951202392578,22.94066047668457,49.99365868654743,887423484,1720698697
1.0,0,-3.2657408714294434,4.877063274383545,9.19387435913086,-0.8349137306213379,0.4604675769805908,0.7752580642700195,15.70844841003418,-42.380008697509766,21.928571701049805,50.236269223537995,899423484,1720698697
1.0,0,-3.225038766860962,4.623273849487305,9.145990371704102,-0.8397074937820435,0.4588696360588074,0.7611430287361145,15.184833526611328,-41.15414047241211,22.434616088867188,49.27021865497236,912423484,1720698697
1.0,0,-2.3056514263153076,4.570600986480713,9.38301944732666,-0.8229293823242188,0.46313077211380005,0.745696485042572,15.010294914245605,-40.27852249145508,21.928571701049805,48.254850371287674,924423484,1720698697
1.0,0,-4.1133012771606445,3.4237606525421143,9.153172492980957,-0.8333157896995544,0.461532860994339,0.7654041647911072,13.613988876342773,-41.32926559448242,22.60329818725586,49.0342530956316,937423484,1720698697
1.0,0,-4.108512878417969,1.278523325920105,9.028672218322754,-0.8578172922134399,0.4383630156517029,0.7747253775596619,13.613988876342773,-42.380008697509766,20.579120635986328,49.03984131781695,949423484,1720698697
1.0,0,-2.8180184364318848,4.422158241271973,9.416539192199707,-0.8218640089035034,0.44608625769615173,0.7590124607086182,13.613988876342773,-41.32926559448242,20.579120635986328,48.13469740067898,962423484,1720698697
1.0,0,-4.28808069229126,3.225038766860962,8.487574577331543,-0.8455665707588196,0.4479505121707916,0.7709969282150269,12.741296768188477,-41.15414047241211,20.747802734375,47.817101958008884,974423484,1720698697
1.0,0,-3.742194175720215,3.2705295085906982,9.157960891723633,-0.8466318249702454,0.4151931405067444,0.7875087261199951,12.392220497131348,-40.103397369384766,21.422527313232422,47.125091892775,987423484,1720698697
1.0,0,-1.096561074256897,3.4213664531707764,10.704639434814453,-0.8370442986488342,0.39948025345802307,0.7675347328186035,15.010294914245605,-40.62876892089844,20.579120635986328,47.953164896499466,999423484,1720698697
1.0,0,-2.734220027923584,3.220250368118286,9.416539192199707,-0.845832884311676,0.43197131156921387,0.7688663005828857,12.56675910949707,-40.27852249145508,20.916484832763672,47.093334415498894,12423484,1720698698
1.0,0,-4.0606279373168945,3.5530495643615723,8.813190460205078,-0.8301199674606323,0.4210521876811981,0.7797854542732239,12.9158353805542,-39.22777557373047,18.89230728149414,45.41537685034593,24423484,1720698698
1.0,0,-2.6887295246124268,5.4516801834106445,9.833135604858398,-0.8085480332374573,0.42318275570869446,0.7544850707054138,12.392220497131348,-39.40290069580078,17.711538314819336,44.94278920549962,37423484,1720698698
1.0,0,-3.588963031768799,4.470042705535889,9.203451156616211,-0.826657772064209,0.4077361822128296,0.780584454536438,12.217681884765625,-38.87752914428711,18.55494499206543,44.77744975610824,49423484,1720698698
1.0,0,-3.8307812213897705,2.5642292499542236,8.949663162231445,-0.8596814870834351,0.39548543095588684,0.7981615662574768,12.217681884765625,-38.87752914428711,18.55494499206543,44.77744975610824,62423484,1720698698
1.0,0,-3.3399622440338135,0.7565792798995972,9.43569278717041,-0.8647415637969971,0.39175698161125183,0.7885740399360657,12.217681884765625,-38.87752914428711,18.55494499206543,44.77744975610824,74423484,1720698698
1.0,0,-3.3591160774230957,3.296865940093994,10.36944580078125,-0.8298536539077759,0.3976159989833832,0.7747253775596619,12.217681884765625,-38.87752914428711,18.55494499206543,44.77744975610824,87423484,1720698698
1.0,0,-2.032708168029785,3.5003764629364014,10.637600898742676,-0.8085480332374573,0.4072035551071167,0.777921199798584,10.472298622131348,-38.177032470703125,16.53076934814453,42.90013032546369,99423484,1720698698
1.0,0,-1.74061119556427,3.7733194828033447,9.684693336486816,-0.8716659545898438,0.40507298707962036,0.7797854542732239,12.392220497131348,-38.35215759277344,17.036813735961914,43.75737815665276,112423484,1720698698
1.0,0,-2.497190475463867,4.69031286239624,9.643991470336914,-0.8298536539077759,0.3763103783130646,0.7848455309867859,10.9959135055542,-38.7024040222168,17.036813735961914,43.69255329223039,124423484,1720698698
1.0,0,-1.5490721464157104,5.418160915374756,11.106871604919434,-0.8186682462692261,0.36299437284469604,0.7771222591400146,10.9959135055542,-35.900421142578125,16.362089157104492,40.956908008553775,137423484,1720698698
1.0,0,-5.11409330368042,-0.09816376864910126,8.46842098236084,-0.8753944039344788,0.4002791941165924,0.7917698621749878,9.425068855285645,-36.07554626464844,15.181319236755371,40.258532201111656,149423484,1720698698
1.0,0,-3.711069345474243,4.249773025512695,9.684693336486816,-0.833049476146698,0.37870728969573975,0.7928351759910583,10.821375846862793,-35.37504959106445,15.518681526184082,40.11640294319098,162423484,1720698698
1.0,0,-1.5107643604278564,3.244192600250244,10.927303314208984,-0.8322505354881287,0.36858710646629333,0.7739263772964478,9.948683738708496,-35.550174713134766,14.337912559509277,39.6026131313501,174423484,1720698698
1.0,0,-2.317622661590576,2.3128342628479004,9.833135604858398,-0.8341147899627686,0.37258192896842957,0.7757906913757324,9.599607467651367,-36.250667572021484,16.362089157104492,40.91431686506857,187423484,1720698698
1.0,0,-2.966461181640625,2.4900078773498535,9.737366676330566,-0.833049476146698,0.3829684257507324,0.7885740399360657,9.075992584228516,-34.32430648803711,15.181319236755371,38.61352238584245,199423484,1720698698
1.0,0,-3.0023748874664307,2.2888917922973633,9.512308120727539,-0.8333157896995544,0.37737569212913513,0.7752580642700195,9.599607467651367,-35.19992446899414,15.012638092041016,39.45334521480379,212423484,1720698698
1.0,0,-3.890637159347534,3.560232400894165,9.538644790649414,-0.8474307656288147,0.36619022488594055,0.7909708619117737,9.948683738708496,-34.84967803955078,15.012638092041016,39.22825091787539,224423484,1720698698
1.0,0,-3.9385221004486084,1.0869841575622559,9.766098022460938,-0.8716659545898438,0.3440856635570526,0.789372980594635,8.203300476074219,-33.44868469238281,14.000550270080566,37.17692905843968,237423484,1720698698
1.0,0,-2.5905656814575195,2.990403413772583,10.197060585021973,-0.8263914585113525,0.3475477993488312,0.7946993708610535,9.075992584228516,-32.57306671142578,14.506593704223633,36.79428729130904,249423484,1720698698
1.0,0,-2.5211329460144043,0.5243381857872009,9.976790428161621,-0.8618121147155762,0.3475477993488312,0.7765896320343018,7.679685592651367,-32.57306671142578,13.831868171691895,36.21191548244907,262423484,1720698698
1.0,0,-2.5211329460144043,0.5243381857872009,9.976790428161621,-0.8618121147155762,0.3475477993488312,0.7765896320343018,7.505147457122803,-33.09843826293945,14.337912559509277,36.84303991750552,275423484,1720698698
1.0,0,-2.5211329460144043,0.5243381857872009,9.976790428161621,-0.8618121147155762,0.3475477993488312,0.7765896320343018,8.72691535949707,-31.522321701049805,10.795604705810547,34.44359008698745,287423484,1720698698
1.0,0,-3.2585582733154297,4.122878074645996,9.45724105834961,-0.8285220861434937,0.33662867546081543,0.780584454536438,7.156070709228516,-32.047691345214844,11.63901138305664,34.838634510103276,300423484,1720698698
1.0,0,-2.9760379791259766,3.8595120906829834,9.904963493347168,-0.8253262042999268,0.32304635643959045,0.7928351759910583,6.283379554748535,-30.121328353881836,10.458242416381836,32.498463269379464,312423484,1720698698
1.0,0,-4.230618953704834,1.6352647542953491,9.406962394714355,-0.8578172922134399,0.327840119600296,0.7907045483589172,6.981532573699951,-31.522321701049805,12.145055770874023,34.49494082006446,325423484,1720698698
1.0,0,-2.707883358001709,0.3016740083694458,10.362262725830078,-0.860214114189148,0.3078661262989044,0.7923025488853455,6.806994438171387,-30.646699905395508,10.964285850524902,33.25313447759002,337423484,1720698698
1.0,0,-3.3639047145843506,3.1939139366149902,10.517888069152832,-0.8445013165473938,0.31558942794799805,0.7917698621749878,5.934302806854248,-30.471576690673828,10.458242416381836,32.758323679011156,350423484,1720698698
1.0,0,-3.821204423904419,0.9050220251083374,9.162749290466309,-0.8349137306213379,0.3297043740749359,0.7840465903282166,6.806994438171387,-29.245708465576172,9.952198028564453,31.633730139433954,362423484,1720698698
1.0,0,-2.9281532764434814,2.552257776260376,10.47239875793457,-0.843169629573822,0.3139914870262146,0.7856444716453552,6.806994438171387,-29.245708465576172,9.952198028564453,31.633730139433954,375423484,1720698698
1.0,0,-3.169971466064453,2.4109978675842285,10.223396301269531,-0.8575509786605835,0.3052029311656952,0.7952319979667664,6.806994438171387,-29.245708465576172,9.952198028564453,31.633730139433954,387423484,1720698698
1.0,0,-4.225830554962158,2.4109978675842285,9.110076904296875,-0.8442348837852478,0.30546924471855164,0.7976289391517639,6.806994438171387,-29.245708465576172,9.952198028564453,31.633730139433954,400423484,1720698698
1.0,0,-2.736614227294922,0.8738968968391418,10.675908088684082,-0.8594151735305786,0.27164655923843384,0.7848455309867859,6.806994438171387,-29.245708465576172,9.952198028564453,31.633730139433954,412423484,1720698698
1.0,0,-2.8419606685638428,3.842752456665039,10.501129150390625,-0.8413054347038269,0.28922373056411743,0.7907045483589172,6.1088409423828125,-27.494468688964844,9.277472496032715,29.653587338843916,425423484,1720698698
1.0,0,-3.694309711456299,2.7988643646240234,9.983973503112793,-0.8604804873466492,0.2908216118812561,0.8010910749435425,5.061611175537109,-28.545211791992188,8.602747917175293,30.2399784336642,437423484,1720698698
1.0,0,-3.694309711456299,2.7988643646240234,9.983973503112793,-0.8604804873466492,0.2908216118812561,0.8010910749435425,4.188919544219971,-26.61884880065918,6.747252941131592,27.77832933550741,450423484,1720698698
1.0,0,-3.2082793712615967,1.5442836284637451,10.422119140625,-0.8668721914291382,0.2844299376010895,0.7747253775596619,4.712534427642822,-25.04273223876953,7.5906596183776855,26.588804639481168,462423484,1720698698
1.0,0,-4.273715019226074,0.3878665864467621,10.022281646728516,-0.8727312088012695,0.2884247303009033,0.799493134021759,5.236149311065674,-26.268600463867188,9.10879135131836,28.29181347704507,475423484,1720698698
1.0,0,-8.52348804473877,-2.729431390762329,11.33432388305664,-0.8189345598220825,0.1637869030237198,0.7369078993797302,4.014381408691406,-25.392980575561523,8.265384674072266,27.004357137611713,487423484,1720698698
1.0,0,-6.114884853363037,39.22600173950195,25.321462631225586,-0.3603311777114868,-0.02769729681313038,0.5986877083778381,5.585226058959961,-23.816864013671875,5.735165119171143,25.126278684269604,500423484,1720698698
1.0,0,-7.889015197753906,2.7222487926483154,18.615201950073242,-0.16591747105121613,0.19920749962329865,0.10519646853208542,3.4907662868499756,-24.51736068725586,5.735165119171143,25.420042157371903,512423484,1720698698
1.0,0,-2.3080456256866455,15.84746265411377,15.485932350158691,-0.09054885804653168,0.20986029505729675,-0.20719709992408752,3.8398427963256836,-24.51736068725586,5.397802352905273,25.39648869451293,525423484,1720698698
1.0,0,-0.9960030913352966,6.557818412780762,7.83394718170166,0.1888210028409958,0.1576615422964096,-0.12543679773807526,4.014381408691406,-23.641740798950195,5.903846263885498,24.696205514345483,537423484,1720698698
1.0,0,-6.6440110206604,-5.367882251739502,3.5003764629364014,0.09747318178415298,0.013049688190221786,-0.09347837418317795,4.712534427642822,-22.94124412536621,5.903846263885498,24.152930742644116,550423484,1720698698
1.0,0,-7.618465900421143,-3.095750093460083,6.227414131164551,0.021039292216300964,-0.03648586571216583,-0.011984407901763916,5.585226058959961,-24.51736068725586,6.072527885437012,25.868345909974504,562423484,1720698698
1.0,0,-2.5714118480682373,0.7086945176124573,12.007104873657227,-0.023436175659298897,-0.06231892108917236,0.04607338830828667,3.4907662868499756,-23.116369247436523,6.409890174865723,24.24125963119651,575423484,1720698698
1.0,0,-5.791662216186523,11.240948677062988,15.021450996398926,0.06258523464202881,-0.18482619524002075,0.04527442902326584,4.014381408691406,-23.291492462158203,6.241209030151367,24.445072496666125,587423484,1720698698
1.0,0,-12.426095962524414,4.027108669281006,16.331098556518555,0.2764403223991394,-0.22530686855316162,-0.3257095515727997,4.712534427642822,-24.34223747253418,6.578571796417236,25.652097629269665,600423484,1720698698
1.0,0,-1.9776407480239868,39.22600173950195,30.018959045410156,0.8205324411392212,-0.2258395105600357,-0.7787201404571533,3.4907662868499756,-23.816864013671875,6.072527885437012,24.825471911618454,612423484,1720698698
1.0,0,-3.4453089237213135,24.545730590820312,19.750070571899414,1.3414547443389893,-0.16245530545711517,-1.0663459300994873,4.188919544219971,-25.217857360839844,7.421977996826172,26.619037063819274,625423484,1720698698
1.0,0,-2.4636712074279785,-9.282461166381836,10.204242706298828,0.9542251825332642,-0.10919126868247986,-1.4213507175445557,5.4106879234313965,-27.494468688964844,8.265384674072266,29.215371572232712,637423484,1720698698
1.0,0,-3.7852907180786133,13.25450325012207,6.622463226318359,1.4114969968795776,-0.26552119851112366,-1.2069629430770874,4.363457679748535,-26.79397201538086,7.5906596183776855,28.188203432039415,650423484,1720698698
1.0,0,-4.309628963470459,-22.75723648071289,4.364696502685547,1.037583351135254,-0.35686904191970825,-1.278603196144104,6.806994438171387,-27.494468688964844,9.277472496032715,29.80524245303849,662423484,1720698698
1.0,0,-0.31603944301605225,2.501979112625122,9.490760803222656,1.1406493186950684,-0.42824283242225647,-1.0852546691894531,6.806994438171387,-27.494468688964844,9.277472496032715,29.80524245303849,675423484,1720698698
1.0,0,-3.4477031230926514,-1.9872177839279175,10.781254768371582,1.05276358127594,-0.43197131156921387,-1.0338549613952637,6.806994438171387,-27.494468688964844,9.277472496032715,29.80524245303849,687423484,1720698698
1.0,0,-1.8268038034439087,4.347936630249023,12.519471168518066,1.0306590795516968,-0.38563162088394165,-1.0780640840530396,6.806994438171387,-27.494468688964844,9.277472496032715,29.80524245303849,700423484,1720698698
1.0,0,-0.20351025462150574,10.841111183166504,12.095691680908203,1.1774015426635742,-0.36432600021362305,-1.1100224256515503,6.981532573699951,-30.82182502746582,9.44615364074707,32.98418581238517,712423484,1720698698
1.0,0,0.44772255420684814,-2.3846611976623535,9.744549751281738,1.0738029479980469,-0.341422438621521,-1.1734066009521484,7.505147457122803,-30.646699905395508,9.614835739135742,32.98473161532602,725423484,1720698698
1.0,0,-2.52592134475708,2.197910785675049,9.912145614624023,1.0993696451187134,-0.39681705832481384,-1.1435787677764893,6.1088409423828125,-31.697444915771484,11.976373672485352,34.430792587314926,738423484,1720698698
1.0,0,-3.531501293182373,5.121275901794434,9.904963493347168,1.0562257766723633,-0.3853653073310852,-1.085787296295166,6.4579176902771,-31.697444915771484,11.30164909362793,34.266017967051006,750423484,1720698698
1.0,0,-4.723832130432129,0.18196210265159607,10.280858993530273,1.0642154216766357,-0.3635270595550537,-1.0754008293151855,7.156070709228516,-32.74818801879883,12.65109920501709,35.82880792888959,763423484,1720698698
1.0,0,-2.4373345375061035,0.9002335667610168,10.199454307556152,1.06315016746521,-0.3872295022010803,-1.0868526697158813,7.505147457122803,-32.39794158935547,10.626923561096191,34.91253874976478,775423484,1720698698
1.0,0,-1.7741304636001587,5.612093925476074,9.818770408630371,1.068210244178772,-0.39388754963874817,-1.099103331565857,8.203300476074219,-34.84967803955078,13.663187026977539,38.320710821894664,788423484,1720698698
1.0,0,-3.2705295085906982,2.5426809787750244,10.393388748168945,1.0501004457473755,-0.3909580111503601,-1.1065603494644165,8.028762817382812,-34.32430648803711,14.506593704223633,38.1190281770393,800423484,1720698698
1.0,0,-2.298468589782715,0.1221061497926712,9.852291107177734,1.073270320892334,-0.40560561418533325,-1.1020328998565674,8.552377700805664,-34.499427795410156,14.000550270080566,38.20168962772471,813423484,1720698698
1.0,0,-3.4165778160095215,2.626479387283325,9.59371280670166,1.0381159782409668,-0.41199731826782227,-1.088983178138733,9.948683738708496,-34.499427795410156,13.325824737548828,38.2983606865807,825423484,1720698698
1.0,0,-1.158811330795288,3.998378038406372,10.663936614990234,1.093510627746582,-0.4295744299888611,-1.0828578472137451,9.075992584228516,-34.32430648803711,16.19340705871582,39.02253309874879,838423484,1720698698
1.0,0,-3.452491521835327,-2.0039772987365723,8.39419937133789,1.0271968841552734,-0.4133288860321045,-1.098570704460144,10.472298622131348,-34.67455291748047,15.181319236755371,39.274242350763764,850423484,1720698698
1.0,0,-2.1763625144958496,5.607305526733398,10.039040565490723,1.0767325162887573,-0.43490082025527954,-1.0921789407730103,9.599607467651367,-36.60091781616211,15.687362670898438,40.96184805507118,863423484,1720698698
1.0,0,-2.2841031551361084,7.83394718170166,10.580138206481934,1.0719387531280518,-0.45807069540023804,-1.0799282789230347,10.297760963439941,-35.550174713134766,16.02472496032715,40.33175688026355,875423484,1720698698
1.0,0,-0.5506747961044312,-1.2306383848190308,9.876233100891113,1.0463719367980957,-0.4514126777648926,-1.0905810594558716,11.344990730285645,-36.95116424560547,15.350000381469727,41.58990100357417,888423484,1720698698
1.0,0,-1.9800350666046143,1.8220152854919434,9.811588287353516,1.0282622575759888,-0.45700541138648987,-1.0980380773544312,11.868605613708496,-36.776039123535156,18.55494499206543,42.8675499240173,900423484,1720698698
1.0,0,-2.856326103210449,5.861095428466797,10.321561813354492,1.0967063903808594,-0.45993494987487793,-1.0780640840530396,13.090373992919922,-36.95116424560547,17.036813735961914,42.74341414363255,913423484,1720698698
1.0,0,-1.4245717525482178,4.537081718444824,9.739761352539062,1.0559594631195068,-0.46259814500808716,-1.0764662027359009,12.392220497131348,-38.00190734863281,17.374176025390625,43.58410356477294,925423484,1720698698
1.0,0,-4.510745048522949,-0.23224110901355743,8.463632583618164,1.0618184804916382,-0.47325095534324646,-1.0852546691894531,13.963065147399902,-39.22777557373047,17.542858123779297,45.183375658803406,938423484,1720698698
1.0,0,-2.626479387283325,4.3982157707214355,10.149175643920898,1.0556931495666504,-0.4870995879173279,-1.0775314569473267,11.694067001342773,-38.7024040222168,20.073078155517578,45.13929271453324,950423484,1720698698
1.0,0,-3.3399622440338135,2.892239809036255,8.90417194366455,1.088983178138733,-0.5028124451637268,-1.0692754983901978,13.264911651611328,-39.22777557373047,18.89230728149414,45.51588219519002,963423484,1720698698
1.0,0,-2.0758044719696045,2.3870553970336914,9.787646293640137,1.044774055480957,-0.491627037525177,-1.075933575630188,11.868605613708496,-40.27852249145508,20.579120635986328,46.7624141748358,975423484,1720698698
1.0,0,-1.833986520767212,3.1340579986572266,10.15635871887207,1.0564920902252197,-0.5009482502937317,-1.060486912727356,14.312141418457031,-38.52728271484375,19.904396057128906,45.665894141804124,988423484,1720698698
1.0,0,-3.0287113189697266,6.035874843597412,9.931300163269043,1.0429097414016724,-0.49562183022499084,-1.0586227178573608,14.312141418457031,-38.52728271484375,19.904396057128906,45.665894141804124,423484,1720698699
1.0,0,-1.692726492881775,0.6057422757148743,9.196269035339355,1.0610195398330688,-0.506807267665863,-1.052230954170227,14.312141418457031,-38.52728271484375,19.904396057128906,45.665894141804124,13423484,1720698699
1.0,0,-3.2394042015075684,0.7446081042289734,8.69347858428955,1.0261316299438477,-0.5182590484619141,-1.0775314569473267,14.312141418457031,-38.52728271484375,19.904396057128906,45.665894141804124,25423484,1720698699
1.0,0,-2.061439037322998,6.296846389770508,10.10368537902832,1.0658133029937744,-0.528911828994751,-1.0532962083816528,15.70844841003418,-40.9790153503418,21.591209411621094,48.91027882143721,38423484,1720698699
1.0,0,-3.665578603744507,3.8020501136779785,8.585738182067871,1.0381159782409668,-0.5507500767707825,-1.0407792329788208,14.486680030822754,-42.20488357543945,22.434616088867188,49.944249869096005,50423484,1720698699
1.0,0,-2.1835453510284424,2.990403413772583,9.885809898376465,1.0495678186416626,-0.5486195087432861,-1.0495678186416626,15.359371185302734,-42.029762268066406,22.265933990478516,49.98182685723315,63423484,1720698699
1.0,0,-1.743005394935608,5.798844814300537,9.969608306884766,1.0530298948287964,-0.5544785857200623,-1.044774055480957,17.279293060302734,-41.15414047241211,23.10934066772461,50.262101754540716,75423484,1720698699
1.0,0,-2.758162498474121,6.153192520141602,9.342317581176758,1.0860536098480225,-0.556875467300415,-1.0415781736373901,15.533909797668457,-42.20488357543945,22.097253799438477,50.1083144467592,88423484,1720698699
1.0,0,-2.7725279331207275,1.1468400955200195,9.366259574890137,1.0152125358581543,-0.5723220109939575,-1.0386486053466797,17.802907943725586,-41.67951202392578,23.615385055541992,51.105886795229935,100423484,1720698699
1.0,0,-1.9058135747909546,2.267343759536743,9.416539192199707,1.0341212749481201,-0.5699251890182495,-1.05276358127594,16.93021583557129,-43.25563049316406,24.121429443359375,52.34047321137953,113423484,1720698699
1.0,0,-2.57859468460083,7.168349266052246,9.426115989685059,1.042643427848816,-0.5709904432296753,-1.0170767307281494,17.977445602416992,-42.90538024902344,24.796154022216797,52.71536264690447,125423484,1720698699
1.0,0,-2.679152727127075,3.9361279010772705,8.846710205078125,1.0450403690338135,-0.5984213948249817,-1.0160114765167236,15.882987022399902,-43.95612335205078,26.145605087280273,53.55373677227803,138423484,1720698699
1.0,0,-1.4485141038894653,3.28010630607605,10.043828964233398,1.0338549613952637,-0.6021499037742615,-1.0514320135116577,19.199214935302734,-44.131248474121094,24.96483612060547,54.21641807188349,150423484,1720698699
1.0,0,-3.0095574855804443,4.642427921295166,8.743758201599121,1.0383822917938232,-0.5986877083778381,-1.026397943496704,16.755678176879883,-43.781002044677734,24.96483612060547,53.11093986865542,163423484,1720698699
1.0,0,-2.988009214401245,6.91934871673584,9.378231048583984,1.0703407526016235,-0.6082752346992493,-1.0160114765167236,18.15198516845703,-42.73025894165039,25.9769229888916,53.19934325484839,175423484,1720698699
1.0,0,-1.704697608947754,4.532293319702148,9.837924003601074,1.0506330728530884,-0.6202596426010132,-1.004027009010315,19.37375259399414,-44.656620025634766,25.133516311645508,54.78366219845995,188423484,1720698699
1.0,0,-0.4261744022369385,6.392616271972656,9.84271240234375,1.0615521669387817,-0.6114711165428162,-1.0429097414016724,19.199214935302734,-45.18199157714844,26.314287185668945,55.69976595192591,200423484,1720698699
1.0,0,-2.7485857009887695,1.1372631788253784,8.39419937133789,1.0415781736373901,-0.6223902702331543,-1.004027009010315,20.07190704345703,-44.306373596191406,26.145605087280273,55.22253941088261,213423484,1720698699
1.0,0,-3.5027706623077393,5.202679634094238,8.542641639709473,1.0359854698181152,-0.6322441101074219,-1.0024291276931763,19.722829818725586,-44.656620025634766,26.820329666137695,55.700393280233136,226423484,1720698699
1.0,0,-2.341564893722534,6.2250189781188965,9.131624221801758,1.0546278953552246,-0.6426305770874023,-0.9973690509796143,20.77005958557129,-44.656620025634766,28.844507217407227,57.07551737756884,238423484,1720698699
1.0,0,-2.0063717365264893,5.964047431945801,8.985576629638672,1.0538289546966553,-0.6588761210441589,-0.9971027374267578,20.944597244262695,-45.18199157714844,28.001100540161133,57.13274147161241,251423484,1720698699
1.0,0,-1.19951331615448,1.8651115894317627,9.227394104003906,1.0354528427124023,-0.6538160443305969,-1.001630187034607,21.817289352416992,-43.60587692260742,28.844507217407227,56.652203959702504,263423484,1720698699
1.0,0,-0.07661562412977219,5.458862781524658,10.441272735595703,1.040246605873108,-0.6783174276351929,-1.0077555179595947,20.77005958557129,-44.656620025634766,29.181869506835938,57.24675183113979,276423484,1720698699
1.0,0,-3.0598366260528564,10.12523365020752,9.167537689208984,1.0743355751037598,-0.65062016248703,-1.0053585767745972,22.340904235839844,-45.18199157714844,30.362638473510742,58.84231623606938,288423484,1720698699
1.0,0,-2.5091617107391357,4.082176208496094,8.34152603149414,1.0692754983901978,-0.6612730026245117,-0.981922447681427,22.340904235839844,-45.18199157714844,30.362638473510742,58.84231623606938,301423484,1720698699
1.0,0,-2.1021411418914795,2.03749680519104,7.838736057281494,1.0237348079681396,-0.7068137526512146,-0.9925752282142639,22.340904235839844,-45.18199157714844,30.362638473510742,58.84231623606938,313423484,1720698699
1.0,0,-1.8028613328933716,7.798034191131592,9.201057434082031,1.0540952682495117,-0.7145370244979858,-0.971802294254303,22.340904235839844,-45.18199157714844,30.362638473510742,58.84231623606938,326423484,1720698699
1.0,0,-1.0127627849578857,5.3774590492248535,9.344712257385254,1.0439749956130981,-0.716401219367981,-0.9550241231918335,22.340904235839844,-45.18199157714844,30.362638473510742,58.84231623606938,338423484,1720698699
1.0,0,-2.367901563644409,5.166766166687012,8.849104881286621,1.0423771142959595,-0.680448055267334,-0.9712696671485901,23.737211227416992,-46.23273849487305,32.724178314208984,61.41492613307023,351423484,1720698699
1.0,0,-2.2122762203216553,4.9393134117126465,8.619257926940918,1.0439749956130981,-0.6988241076469421,-0.9600841999053955,25.657133102416992,-47.10835647583008,30.53131866455078,61.72233913491428,363423484,1720698699
1.0,0,-3.735011577606201,5.7102580070495605,7.812399387359619,1.052230954170227,-0.6831112504005432,-0.9771286845207214,24.609901428222656,-47.10835647583008,31.206045150756836,61.63328445013937,376423484,1720698699
1.0,0,-3.7493772506713867,-10.26170539855957,7.273695945739746,0.8684700727462769,-0.5720556974411011,-1.0173430442810059,25.308055877685547,-46.407859802246094,30.868682861328125,61.2132561241945,388423484,1720698699
1.0,0,-5.487593650817871,5.877854824066162,11.997528076171875,0.7097432613372803,-0.3664565682411194,-0.7667357921600342,24.784440994262695,-46.23273849487305,33.398902893066406,62.18698689110033,401423484,1720698699
1.0,0,-12.615242004394531,-34.79546356201172,1.654418706893921,0.431438684463501,-0.027430977672338486,-0.18748940527439117,25.657133102416992,-46.75811004638672,33.56758499145508,63.01898203163641,413423484,1720698699
1.0,0,-3.5506551265716553,-13.04620361328125,6.244173526763916,-0.21252350509166718,-0.19308212399482727,0.14487817883491516,24.609901428222656,-47.10835647583008,33.56758499145508,62.861969904858036,426423484,1720698699
1.0,0,-13.086906433105469,20.956768035888672,4.115695476531982,0.08655405789613724,0.008522245101630688,0.329171746969223,25.482593536376953,-46.933231353759766,33.398902893066406,62.98870925099369,438423484,1720698699
1.0,0,1.1540228128433228,8.46842098236084,10.898571968078613,-0.0988047793507576,0.012250727973878384,0.20559915900230408,24.260826110839844,-46.407859802246094,32.89285659790039,61.84025509468227,451423484,1720698699
1.0,0,-2.272132158279419,14.219381332397461,9.023883819580078,-0.14807401597499847,0.1395517736673355,-0.03009418025612831,26.35528564453125,-46.057613372802734,33.230220794677734,62.61112045848122,463423484,1720698699
1.0,0,-3.6320595741271973,10.395782470703125,8.612074851989746,-0.07164012640714645,0.12224096059799194,-0.10173431038856506,25.13351821899414,-46.582984924316406,33.06153869628906,62.40780050193901,476423484,1720698699
1.0,0,-8.885018348693848,0.9337528944015503,7.225811004638672,-0.1994738131761551,0.03808378428220749,-0.02290353551506996,25.657133102416992,-46.75811004638672,32.55549621582031,62.485755720831634,488423484,1720698699
1.0,0,0.617713451385498,-26.705331802368164,15.303971290588379,-0.3952191174030304,-0.15286777913570404,0.5563428401947021,26.006208419799805,-46.407859802246094,33.56758499145508,62.90306105395472,501423484,1720698699
1.0,0,-7.204262733459473,-11.513891220092773,9.780463218688965,-0.7685999870300293,-0.1707112193107605,0.965410590171814,24.086286544799805,-46.933231353759766,31.71208953857422,61.55106845316571,513423484,1720698699
1.0,0,-5.473228454589844,20.762834548950195,9.026278495788574,-0.5243843793869019,-0.2551347315311432,1.316686987876892,22.166366577148438,-46.407859802246094,32.21813201904297,60.68809841685546,526423484,1720698699
1.0,0,1.0534647703170776,-2.7725279331207275,7.156378269195557,-0.9907110333442688,-0.36006486415863037,1.1944459676742554,23.737211227416992,-47.63372802734375,32.0494499206543,62.12563466761923,538423484,1720698699
1.0,0,-1.3072539567947388,23.118764877319336,8.590526580810547,-0.7981615662574768,-0.3584669530391693,1.1262680292129517,21.642751693725586,-46.933231353759766,32.38681411743164,60.99215223993059,551423484,1720698699
1.0,0,-2.8180184364318848,8.422929763793945,6.964838981628418,-0.8010910749435425,-0.3257095515727997,1.032523274421692,22.166366577148438,-46.75811004638672,31.880769729614258,60.77871453802904,563423484,1720698699
1.0,0,-5.1715545654296875,-2.3343822956085205,6.553030014038086,-0.8575509786605835,-0.3597985506057739,0.9904447197914124,21.468212127685547,-46.057613372802734,30.868682861328125,59.45639968204546,576423484,1720698699
1.0,0,-3.2106735706329346,0.7589734792709351,9.96721363067627,-0.7422342896461487,-0.38057151436805725,1.0221368074417114,20.246444702148438,-47.28348159790039,32.0494499206543,60.603740769961284,588423484,1720698699
1.0,0,-0.6512327790260315,4.94649600982666,10.608868598937988,-0.7211949825286865,-0.38616424798965454,1.1563622951507568,20.595521926879883,-45.18199157714844,30.02527618408203,58.02676189697738,601423484,1720698699
1.0,0,-1.0558589696884155,8.020697593688965,8.140409469604492,-0.7414353489875793,-0.36006486415863037,1.1515684127807617,20.595521926879883,-45.18199157714844,30.02527618408203,58.02676189697738,613423484,1720698699
1.0,0,-1.3144367933273315,9.524279594421387,8.779671669006348,-0.7081453204154968,-0.35607007145881653,1.0583564043045044,20.595521926879883,-45.18199157714844,30.02527618408203,58.02676189697738,626423484,1720698699
1.0,0,-2.449305772781372,4.568206310272217,7.49157190322876,-0.7150696516036987,-0.3566026985645294,1.000831127166748,20.595521926879883,-45.18199157714844,30.02527618408203,58.02676189697738,638423484,1720698699
1.0,0,-4.122878074645996,3.1795482635498047,8.037457466125488,-0.7012210488319397,-0.3808378577232361,1.032523274421692,18.675600051879883,-47.4586067199707,31.880769729614258,60.14549748444445,651423484,1720698699
1.0,0,-0.26815468072891235,3.169971466064453,9.706241607666016,-0.6732573509216309,-0.40746986865997314,1.0698081254959106,16.581140518188477,-44.656620025634766,30.19395637512207,56.39878486794383,664423484,1720698699
1.0,0,-0.42138591408729553,4.771716594696045,10.027070045471191,-0.667664647102356,-0.39548543095588684,1.075667142868042,15.533909797668457,-45.35711669921875,29.181869506835938,56.12621398938868,676423484,1720698699
1.0,0,-0.21308720111846924,7.570581436157227,9.342317581176758,-0.6466253399848938,-0.3922896087169647,1.0953748226165771,16.23206329345703,-45.00687026977539,28.844507217407227,55.86684031568498,689423484,1720698699
1.0,0,-2.085381507873535,7.108493804931641,8.624046325683594,-0.6397010684013367,-0.38669687509536743,1.0594216585159302,15.010294914245605,-44.83174514770508,29.013187408447266,55.4703467629245,701423484,1720698699
1.0,0,-2.1811511516571045,4.453282833099365,7.953659534454346,-0.6458263993263245,-0.42131850123405457,1.06315016746521,13.264911651611328,-44.83174514770508,28.675825119018555,54.84656963174969,714423484,1720698699
1.0,0,-0.9576953053474426,3.7996559143066406,10.084531784057617,-0.6213249564170837,-0.4322376251220703,1.0596879720687866,13.613988876342773,-45.53224182128906,29.687911987304688,56.03479148318015,726423484,1720698699
1.0,0,1.5227354764938354,3.3327796459198,9.730184555053711,-0.6074762940406799,-0.4522116482257843,1.0524972677230835,12.741296768188477,-45.35711669921875,27.49505615234375,54.54893941610721,739423484,1720698699
1.0,0,2.063833475112915,5.650402545928955,10.465215682983398,-0.6037477850914001,-0.4266449213027954,1.0660796165466309,10.64683723449707,-43.95612335205078,28.169780731201172,53.28257191317373,751423484,1720698699
1.0,0,-0.4620879888534546,5.56181526184082,8.940085411071777,-0.606943666934967,-0.4372977018356323,1.0748682022094727,11.170452117919922,-44.83174514770508,30.02527618408203,55.101556996494416,764423484,1720698699
1.0,0,-1.25218665599823,3.687126636505127,8.949663162231445,-0.5965571999549866,-0.47511518001556396,1.0580899715423584,11.868605613708496,-43.781002044677734,27.66373634338379,53.131179619184834,776423484,1720698699
1.0,0,-0.8212237358093262,4.321599960327148,9.050220489501953,-0.5728546380996704,-0.4572717547416687,1.0474371910095215,9.948683738708496,-45.00687026977539,27.83241844177246,53.8445744335597,789423484,1720698699
1.0,0,0.6129249930381775,5.913768291473389,10.120445251464844,-0.5387657284736633,-0.47138670086860657,1.0458393096923828,8.552377700805664,-43.60587692260742,29.181869506835938,53.16198994056586,801423484,1720698699
1.0,0,1.9680639505386353,6.323183059692383,10.21142578125,-0.5262486338615417,-0.4972197711467743,1.0469045639038086,8.901453971862793,-42.20488357543945,26.482967376708984,50.61457933743422,814423484,1720698699
1.0,0,-0.6129249930381775,3.4955875873565674,8.698267936706543,-0.5675283074378967,-0.4578043818473816,1.0559594631195068,8.203300476074219,-43.25563049316406,27.49505615234375,51.90685716629779,826423484,1720698699
1.0,0,0.011971191503107548,2.9736437797546387,9.066980361938477,-0.5323740243911743,-0.48630064725875854,1.0423771142959595,7.505147457122803,-42.90538024902344,26.820329666137695,51.15201829905398,839423484,1720698699
1.0,0,-0.9888203740119934,3.7805020809173584,8.817978858947754,-0.5299771428108215,-0.491627037525177,1.0516983270645142,7.156070709228516,-43.95612335205078,26.482967376708984,51.81406844875255,851423484,1720698699
1.0,0,-1.3192253112792969,5.025506019592285,8.8945951461792,-0.5012145638465881,-0.5028124451637268,1.0381159782409668,6.1088409423828125,-43.25563049316406,27.83241844177246,51.7977897534093,864423484,1720698699
1.0,0,2.2386128902435303,5.487593650817871,10.367051124572754,-0.49002912640571594,-0.528911828994751,1.0479698181152344,5.4106879234313965,-42.20488357543945,27.15769386291504,50.47839218292297,876423484,1720698699
1.0,0,0.9457241296768188,5.786873817443848,9.505125999450684,-0.47804468870162964,-0.5214548707008362,1.0365180969238281,3.8398427963256836,-42.73025894165039,27.326374053955078,50.86600181710429,889423484,1720698699
1.0,0,0.1125291958451271,4.347936630249023,9.100500106811523,-0.47271832823753357,-0.5230528116226196,1.0490350723266602,3.8398427963256836,-43.08050537109375,27.326374053955078,51.16058106263064,901423484,1720698699
1.0,0,1.6807552576065063,4.647216320037842,9.758914947509766,-0.4628644585609436,-0.5278465747833252,1.0423771142959595,2.268998146057129,-42.90538024902344,27.83241844177246,51.19241665733331,914423484,1720698699
1.0,0,0.7924928665161133,3.529107093811035,9.861867904663086,-0.45567381381988525,-0.5579407811164856,1.0338549613952637,2.967151403427124,-42.20488357543945,26.820329666137695,50.093774747642684,926423484,1720698699
1.0,0,4.393426895141602,3.94809889793396,11.219399452209473,-0.43383556604385376,-0.575251579284668,1.0298601388931274,2.967151403427124,-42.20488357543945,26.820329666137695,50.093774747642684,939423484,1720698699
1.0,0,2.4947962760925293,3.660790205001831,9.847502708435059,-0.43889564275741577,-0.5598049759864807,1.0274631977081299,2.967151403427124,-42.20488357543945,26.820329666137695,50.093774747642684,951423484,1720698699
1.0,0,1.6161108016967773,4.290474891662598,10.010310173034668,-0.4253133237361908,-0.5614029169082642,1.0266642570495605,2.967151403427124,-42.20488357543945,26.820329666137695,50.093774747642684,964423484,1720698699
1.0,0,0.9864261746406555,2.372690200805664,8.79882526397705,-0.4383630156517029,-0.5749852657318115,1.0261316299438477,2.967151403427124,-42.20488357543945,26.820329666137695,50.093774747642684,976423484,1720698699
1.0,0,0.8882623910903931,3.1101152896881104,9.236970901489258,-0.4082688093185425,-0.5962908864021301,1.0197399854660034,-0.34907662868499756,-40.9790153503418,28.338462829589844,49.82439190918729,989423484,1720698699
1.0,0,2.3104398250579834,5.621671676635742,10.601686477661133,-0.3664565682411194,-0.5973561406135559,1.0088207721710205,-1.5708448886871338,-39.75314712524414,27.49505615234375,48.360711045704825,1423484,1720698700
1.0,0,2.5881714820861816,5.229015827178955,9.653568267822266,-0.36379337310791016,-0.5957582592964172,1.0002985000610352,-1.5708448886871338,-39.05265426635742,26.145605087280273,47.02307969807991,14423484,1720698700
1.0,0,3.6009342670440674,2.171574115753174,10.10129165649414,-0.3808378577232361,-0.6191943883895874,1.0226694345474243,-2.967151403427124,-39.75314712524414,26.820329666137695,48.04629826753016,26423484,1720698700
1.0,0,0.5003957748413086,2.4109978675842285,9.256125450134277,-0.36379337310791016,-0.6024162173271179,1.0096197128295898,-4.537996292114258,-40.9790153503418,28.001100540161133,49.839088483749414,39423484,1720698700
1.0,0,1.714274525642395,3.739799976348877,9.315980911254883,-0.34435197710990906,-0.6088079214096069,0.9923089146614075,-5.934302806854248,-39.92827224731445,29.013187408447266,49.711647710137136,51423484,1720698700
1.0,0,2.679152727127075,3.3662989139556885,9.643991470336914,-0.3307696580886841,-0.6399673819541931,0.9888468384742737,-4.537996292114258,-39.92827224731445,26.989011764526367,48.407304108250514,64423484,1720698700
1.0,0,1.975246548652649,4.470042705535889,9.397384643554688,-0.3121272325515747,-0.6447611451148987,0.9923089146614075,-5.759764194488525,-39.05265426635742,27.83241844177246,48.300395496741764,76423484,1720698700
1.0,0,4.774110794067383,4.386244297027588,10.702245712280273,-0.30360499024391174,-0.6769858598709106,1.0018965005874634,-6.283379554748535,-38.87752914428711,26.651649475097656,47.552639787265214,89423484,1720698700
1.0,0,2.940124750137329,1.4341487884521484,9.54343318939209,-0.3102629780769348,-0.6389020681381226,0.9760634303092957,-6.4579176902771,-39.40290069580078,27.15769386291504,48.28906315191199,101423484,1720698700
1.0,0,2.815624237060547,3.7254345417022705,9.763703346252441,-0.28309834003448486,-0.6634035706520081,0.9747318029403687,-5.759764194488525,-38.35215759277344,26.482967376708984,46.96179763033857,114423484,1720698700
1.0,0,3.5674149990081787,3.8762714862823486,9.579346656799316,-0.26791810989379883,-0.658343493938446,0.9568883776664734,-8.028762817382812,-37.826786041259766,26.651649475097656,46.96421184617609,126423484,1720698700
1.0,0,3.9265506267547607,3.8044445514678955,9.672721862792969,-0.25753161311149597,-0.7068137526512146,0.9552904367446899,-8.901453971862793,-38.35215759277344,28.507143020629883,48.60844657086635,139423484,1720698700
1.0,0,5.372670650482178,3.0071632862091064,10.431695938110352,-0.2657875418663025,-0.7201297283172607,0.9795255661010742,-8.901453971862793,-36.60091781616211,28.507143020629883,47.23896983420883,152423484,1720698700
1.0,0,2.6240851879119873,2.7150661945343018,9.43569278717041,-0.2551347315311432,-0.6785838007926941,0.9526272416114807,-10.297760963439941,-37.301414489746094,28.507143020629883,48.063464367382366,164835254,1720698700
1.0,0,4.848332405090332,3.045470952987671,9.746943473815918,-0.24181872606277466,-0.6911008358001709,0.9390448927879333,-10.123222351074219,-38.52728271484375,30.02527618408203,49.88334746274743,177835254,1720698700
1.0,0,3.330385446548462,2.942518949508667,9.536251068115234,-0.2170509397983551,-0.6974925398826599,0.9318543076515198,-10.9959135055542,-36.95116424560547,28.507143020629883,47.94742804495345,189835254,1720698700
1.0,0,1.8004671335220337,2.061439037322998,7.934505462646484,-0.20559915900230408,-0.7209286689758301,0.948366105556488,-12.741296768188477,-35.900421142578125,29.181869506835938,47.98710649188511,202835254,1720698700
1.0,0,4.613697052001953,4.510745048522949,10.185089111328125,-0.20373493432998657,-0.7427669167518616,0.9422407746315002,-10.821375846862793,-37.12628936767578,28.338462829589844,47.94300796753898,214835254,1720698700
1.0,0,4.115695476531982,2.2601609230041504,9.141201972961426,-0.18376091122627258,-0.7345110177993774,0.924397349357605,-12.392220497131348,-34.84967803955078,29.181869506835938,47.11314780635944,227835254,1720698700
1.0,0,6.579366683959961,1.1300804615020752,10.484369277954102,-0.19334843754768372,-0.7520881295204163,0.9164077043533325,-12.217681884765625,-36.4257926940918,29.013187408447266,48.144316046943324,239835254,1720698700
1.0,0,3.5769920349121094,3.691915512084961,9.004730224609375,-0.16831433773040771,-0.7243908643722534,0.899629533290863,-12.217681884765625,-36.4257926940918,29.013187408447266,48.144316046943324,252835254,1720698700
1.0,0,4.024714469909668,3.146028995513916,9.107682228088379,-0.15899313986301422,-0.7494249939918518,0.8916398882865906,-12.217681884765625,-36.4257926940918,29.013187408447266,48.144316046943324,264835254,1720698700
1.0,0,3.993589162826538,3.687126636505127,9.282461166381836,-0.1294316053390503,-0.7542187571525574,0.9156087636947632,-12.217681884765625,-36.4257926940918,29.013187408447266,48.144316046943324,277835254,1720698700
1.0,0,3.821204423904419,1.5514663457870483,8.7677001953125,-0.1326274424791336,-0.7781875133514404,0.9062875509262085,-12.217681884765625,-36.4257926940918,29.013187408447266,48.144316046943324,289835254,1720698700
1.0,0,7.419744491577148,1.9560925960540771,9.991155624389648,-0.12277359515428543,-0.8050858974456787,0.891906201839447,-16.23206329345703,-34.84967803955078,31.206045150756836,49.515625737480256,302835254,1720698700
1.0,0,4.69031286239624,1.4461199045181274,8.849104881286621,-0.1275673657655716,-0.7409027218818665,0.8442348837852478,-18.326522827148438,-34.84967803955078,32.55549621582031,51.090330124717646,314835254,1720698700
1.0,0,4.8339667320251465,2.193122148513794,8.686296463012695,-0.11584927141666412,-0.8104122877120972,0.8724648952484131,-17.62837028503418,-33.09843826293945,31.880769729614258,49.220417845692644,327835254,1720698700
1.0,0,4.297657489776611,1.5323125123977661,8.808402061462402,-0.10279957950115204,-0.7781875133514404,0.8644752502441406,-18.501060485839844,-33.623809814453125,31.037363052368164,49.35754988635201,339835254,1720698700
1.0,0,4.312023162841797,2.470853805541992,8.286458015441895,-0.08096133172512054,-0.8301199674606323,0.8663395643234253,-20.07190704345703,-33.09843826293945,31.71208953857422,50.040430560790966,352835254,1720698700
1.0,0,4.556235313415527,2.5450751781463623,8.511516571044922,-0.08096133172512054,-0.8301199674606323,0.8663395643234253,-19.897367477416992,-33.623809814453125,31.71208953857422,50.32019914380739,364835254,1720698700
1.0,0,5.947287559509277,3.5961458683013916,9.136412620544434,-0.036752182990312576,-0.7739263772964478,0.8253262042999268,-19.722829818725586,-32.39794158935547,32.89285659790039,50.205145657150915,377835254,1720698700
1.0,0,2.8515377044677734,13.158733367919922,12.643972396850586,-0.021305613219738007,-0.6687299609184265,0.6996230483055115,-21.119136810302734,-32.74818801879883,34.2423095703125,51.8748255210174,389835254,1720698700
1.0,0,14.73414134979248,32.33179473876953,19.479522705078125,0.15366673469543457,-0.3384929299354553,0.4498147666454315,-21.468212127685547,-31.697444915771484,32.89285659790039,50.47328165790007,402835254,1720698700
1.0,0,7.259330749511719,2.7653450965881348,9.869050025939941,-0.21119190752506256,-0.08735301345586777,-0.033556342124938965,-22.340904235839844,-31.522321701049805,32.724178314208984,50.632446255731985,414835254,1720698700
1.0,0,6.70865535736084,4.8387556076049805,11.243343353271484,-0.09960374981164932,0.08575509488582611,-0.08575509488582611,-20.595521926879883,-32.222816467285156,33.736263275146484,50.996283043913415,427835254,1720698700
1.0,0,4.055839538574219,-7.972813129425049,5.281689643859863,-0.08868461847305298,0.07110748440027237,-0.11105551570653915,-20.07190704345703,-32.047691345214844,33.230220794677734,50.34067487611157,439835254,1720698700
1.0,0,5.097332954406738,-1.8746886253356934,11.999922752380371,-0.01384864840656519,0.052997712045907974,-0.007456964813172817,-21.29367446899414,-32.57306671142578,33.398902893066406,51.28266726525607,452835254,1720698700
1.0,0,5.4037957191467285,1.9920061826705933,8.334343910217285,0.044741787016391754,0.05992203950881958,-0.012250727973878384,-21.468212127685547,-32.047691345214844,33.56758499145508,51.13434672190526,464835254,1720698700
1.0,0,7.2329936027526855,3.837963819503784,9.665539741516113,0.011185446754097939,0.053264033049345016,0.00878856610506773,-22.51544189453125,-31.347196578979492,33.904945373535156,51.372533301849145,477835254,1720698700
1.0,0,5.205073833465576,4.197099685668945,8.375045776367188,-0.02050665207207203,0.07084116339683533,-0.023169854655861855,-22.340904235839844,-31.872568130493164,32.724178314208984,50.85123840820438,489835254,1720698700
1.0,0,4.103724479675293,1.393446683883667,9.19387435913086,-0.04207858443260193,0.06977588683366776,-0.052997712045907974,-23.562671661376953,-32.74818801879883,32.89285659790039,52.05365817602539,502835254,1720698700
1.0,0,4.355119228363037,-1.0702245235443115,8.856287002563477,-0.011984407901763916,0.021838253363966942,-0.018376091495156288,-21.9918270111084,-32.92331314086914,35.085716247558594,52.901724811790785,514835254,1720698700
1.0,0,5.353517055511475,0.514761209487915,8.231390953063965,-0.000266320159425959,0.009321206249296665,0.040746983140707016,-21.29367446899414,-32.92331314086914,33.398902893066406,51.50584272705087,527835254,1720698700
1.0,0,5.8682780265808105,4.666370391845703,10.611263275146484,0.010652806609869003,0.016245530918240547,0.029561540111899376,-21.29367446899414,-32.57306671142578,34.07362747192383,51.72462988242574,539835254,1720698700
1.0,0,5.832364082336426,4.268926620483398,9.586529731750488,-0.025566738098859787,0.046872351318597794,-0.011718087829649448,-20.944597244262695,-32.92331314086914,32.38681411743164,50.710220178709264,552835254,1720698700
1.0,0,4.285686492919922,0.9648780226707458,7.168349266052246,-0.03275737911462784,0.042877547442913055,-0.035420581698417664,-20.944597244262695,-32.92331314086914,32.38681411743164,50.710220178709264,564835254,1720698700
1.0,0,4.460465908050537,0.14604853093624115,9.734972953796387,-0.018908733502030373,0.024235136806964874,0.002396881580352783,-20.944597244262695,-32.92331314086914,32.38681411743164,50.710220178709264,577835254,1720698700
1.0,0,5.796450614929199,1.5107643604278564,9.653568267822266,-0.007723285350948572,0.01651185005903244,0.018376091495156288,-20.944597244262695,-32.92331314086914,32.38681411743164,50.710220178709264,589835254,1720698700
1.0,0,5.7102580070495605,3.2896833419799805,9.064586639404297,-0.00825592502951622,0.03595322370529175,0.007989604957401752,-20.944597244262695,-32.92331314086914,32.38681411743164,50.710220178709264,602835254,1720698700
1.0,0,4.924948215484619,2.4852192401885986,8.533064842224121,-0.016245530918240547,0.03648586571216583,-0.007989604957401752,-20.420982360839844,-34.1491813659668,33.56758499145508,52.05733253544582,614835254,1720698700
1.0,0,4.853120803833008,1.8627172708511353,9.004730224609375,-0.015446570701897144,0.03648586571216583,-0.0098538463935256,-21.9918270111084,-33.2735595703125,34.07362747192383,52.457433323229736,627835254,1720698700
1.0,0,5.0662078857421875,1.5203412771224976,9.483577728271484,-0.017044490203261375,0.03914906829595566,-0.005592723377048969,-23.388134002685547,-32.92331314086914,33.736263275146484,52.62209440975625,639835254,1720698700
1.0,0,5.085361957550049,0.9217816591262817,9.126835823059082,-0.007723285350948572,0.021838253363966942,0.010120166465640068,-22.340904235839844,-32.57306671142578,34.41099166870117,52.38546577711591,652835254,1720698700
1.0,0,5.686315536499023,2.633662223815918,8.889806747436523,-0.006391684524714947,0.038616426289081573,0.014114969410002232,-20.246444702148438,-33.2735595703125,34.41099166870117,51.97272974531654,665835254,1720698700
1.0,0,5.061419486999512,3.143634796142578,9.531462669372559,-0.015712888911366463,0.031425777822732925,-0.005326403304934502,-21.468212127685547,-32.047691345214844,34.2423095703125,51.579786905594894,677835254,1720698700
1.0,0,4.9129767417907715,1.9369386434555054,9.055008888244629,-0.021039292216300964,0.035420581698417664,-0.013049688190221786,-21.468212127685547,-32.39794158935547,34.57966995239258,52.02176780159432,690835254,1720698700
1.0,0,5.013535022735596,1.652024269104004,9.019095420837402,-0.017310811206698418,0.0375511460006237,-0.00878856610506773,-21.29367446899414,-32.222816467285156,33.736263275146484,51.282218489899925,702835254,1720698700
1.0,0,5.293660640716553,2.1811511516571045,9.019095420837402,-0.019175052642822266,0.02689833752810955,-0.007723285350948572,-22.51544189453125,-30.9969482421875,34.2423095703125,51.383768728500044,715835254,1720698700
1.0,0,5.284083843231201,1.4628795385360718,9.481184005737305,-0.017843451350927353,0.02476777695119381,0.005060083232820034,-21.468212127685547,-32.39794158935547,35.591758728027344,52.69994345861013,727835254,1720698700
1.0,0,5.142823696136475,1.9273617267608643,9.148384094238281,-0.00719064474105835,0.03648586571216583,0.0031958422623574734,-22.340904235839844,-32.222816467285156,34.07362747192383,51.946491626044896,740835254,1720698700
1.0,0,4.896217346191406,2.2553725242614746,9.0621919631958,-0.012250727973878384,0.03009418025612831,0.00719064474105835,-22.340904235839844,-33.2735595703125,33.398902893066406,52.17022602035169,752835254,1720698700
1.0,0,5.221833229064941,1.9680639505386353,8.882623672485352,-0.016778171062469482,0.02689833752810955,0.002663201652467251,-21.642751693725586,-32.92331314086914,35.42307662963867,52.98252171194989,765835254,1720698700
1.0,0,5.303237438201904,2.094958543777466,9.359077453613281,-0.014114969410002232,0.02370249480009079,0.0013316008262336254,-22.51544189453125,-33.44868469238281,33.904945373535156,52.68116316235681,777835254,1720698700
1.0,0,5.14761209487915,1.9441214799880981,9.325557708740234,-0.01757713221013546,0.034621622413396835,0.0034621621016412973,-22.51544189453125,-33.09843826293945,34.2423095703125,52.67815015602525,790835254,1720698700
1.0,0,4.975227355957031,1.7525824308395386,8.935297012329102,-0.01384864840656519,0.029561540111899376,0.002396881580352783,-21.642751693725586,-31.172073364257812,33.398902893066406,50.55287897996921,802835254,1720698700
1.0,0,5.047054290771484,1.9800350666046143,8.949663162231445,-0.010386486537754536,0.025300417095422745,0.005859043914824724,-20.77005958557129,-32.74818801879883,34.2423095703125,51.733692680997514,815835254,1720698700
1.0,0,5.31760311126709,2.418180465698242,9.318374633789062,-0.014114969410002232,0.02263721451163292,0.0031958422623574734,-21.468212127685547,-32.74818801879883,33.230220794677734,51.35733175055862,827835254,1720698700
1.0,0,5.202679634094238,1.9944003820419312,9.22021198272705,-0.02050665207207203,0.03488794341683388,-0.005859043914824724,-21.119136810302734,-32.39794158935547,33.56758499145508,51.20964089893751,840835254,1720698700
1.0,0,4.980015754699707,1.7597651481628418,8.990365028381348,-0.016245530918240547,0.03222474083304405,0.0,-21.817289352416992,-31.347196578979492,33.56758499145508,50.84706097904609,852835254,1720698700
1.0,0,5.070996284484863,1.9800350666046143,8.961633682250977,-0.017310811206698418,0.028496257960796356,0.0037284824065864086,-22.68998146057129,-33.623809814453125,33.736263275146484,52.75918218556444,865835254,1720698700
1.0,0,5.217044830322266,2.320016860961914,9.27767276763916,-0.015446570701897144,0.028496257960796356,0.004261122550815344,-22.68998146057129,-33.623809814453125,33.736263275146484,52.75918218556444,877835254,1720698700
1.0,0,5.248170375823975,2.011160135269165,9.213027954101562,-0.015446570701897144,0.03195841982960701,0.0007989605655893683,-22.68998146057129,-33.623809814453125,33.736263275146484,52.75918218556444,890835254,1720698700
1.0,0,5.073390483856201,1.8938424587249756,9.098105430603027,-0.0143812894821167,0.03195841982960701,0.003994802478700876,-20.246444702148438,-32.92331314086914,32.724178314208984,50.64321195964003,902835254,1720698700
1.0,0,4.994380950927734,1.9513041973114014,9.066980361938477,-0.01651185005903244,0.02982785925269127,0.002663201652467251,-21.817289352416992,-32.74818801879883,33.904945373535156,51.94211445430471,915835254,1720698700
1.0,0,5.193102836608887,2.008765935897827,9.260913848876953,-0.015712888911366463,0.03382266312837601,0.007723285350948572,-21.468212127685547,-30.646699905395508,33.56758499145508,50.26815203694317,927835254,1720698700
1.0,0,5.2002854347229,2.2098820209503174,9.189085960388184,-0.008522245101630688,0.02769729681313038,0.002130561275407672,-22.340904235839844,-32.222816467285156,33.06153869628906,51.288314888730056,940835254,1720698700
1.0,0,5.140429496765137,2.032708168029785,9.205845832824707,-0.01384864840656519,0.03222474083304405,0.0013316008262336254,-22.340904235839844,-32.222816467285156,33.398902893066406,51.50643277902081,952835254,1720698700
1.0,0,5.047054290771484,1.975246548652649,9.03346061706543,-0.015180249698460102,0.028496257960796356,-0.0031958422623574734,-21.817289352416992,-33.09843826293945,34.2423095703125,52.38355175856079,965835254,1720698700
1.0,0,5.025506019592285,1.8914482593536377,9.162749290466309,-0.013582328334450722,0.02769729681313038,0.005859043914824724,-23.0390567779541,-32.222816467285156,33.398902893066406,51.81307511393833,977835254,1720698700
1.0,0,5.221833229064941,2.061439037322998,9.177115440368652,-0.014913929626345634,0.02370249480009079,0.002396881580352783,-20.595521926879883,-32.57306671142578,32.724178314208984,50.55741335123594,990835254,1720698700
1.0,0,5.121275901794434,2.166785478591919,9.17232608795166,-0.018376091495156288,0.029561540111899376,0.002396881580352783,-22.166366577148438,-33.09843826293945,33.56758499145508,52.092582819790174,2835254,1720698701
1.0,0,5.061419486999512,1.9920061826705933,9.026278495788574,-0.01651185005903244,0.03089314140379429,0.0015979211311787367,-22.340904235839844,-32.57306671142578,32.0494499206543,50.865390171299076,15835254,1720698701
1.0,0,5.080573558807373,1.8579288721084595,9.052614212036133,-0.01651185005903244,0.025566738098859787,0.0013316008262336254,-21.9918270111084,-31.522321701049805,33.398902893066406,50.91938663388898,27835254,1720698701
1.0,0,5.205073833465576,1.999189019203186,9.22260570526123,-0.015979209914803505,0.027430977672338486,0.001065280637703836,-21.817289352416992,-32.74818801879883,33.56758499145508,51.72253566251607,40835254,1720698701
1.0,0,5.267324447631836,2.094958543777466,9.16993236541748,-0.016778171062469482,0.030360499396920204,0.0037284824065864086,-20.246444702148438,-33.2735595703125,34.74835205078125,52.1967073655161,52835254,1720698701
1.0,0,5.142823696136475,2.035102367401123,9.107682228088379,-0.015180249698460102,0.03435530140995979,-0.002130561275407672,-20.595521926879883,-32.57306671142578,32.38681411743164,50.33970527431258,65835254,1720698701
1.0,0,5.102121353149414,1.9680639505386353,9.150778770446777,-0.015180249698460102,0.02796361781656742,0.0037284824065864086,-22.68998146057129,-32.222816467285156,34.41099166870117,52.318844667947644,78835254,1720698701
1.0,0,5.102121353149414,1.9393328428268433,9.184297561645508,-0.012517048045992851,0.03115946054458618,0.004527443088591099,-22.166366577148438,-31.697444915771484,35.254398345947266,52.33496368734405,90835254,1720698701
1.0,0,5.0925445556640625,2.0805928707122803,9.11486530303955,-0.012517048045992851,0.031425777822732925,0.004261122550815344,-22.68998146057129,-32.222816467285156,33.06153869628906,51.44133066641678,103835254,1720698701
1.0,0,5.080573558807373,2.1476316452026367,9.141201972961426,-0.012250727973878384,0.03329002112150192,-0.0015979211311787367,-21.9918270111084,-32.57306671142578,34.41099166870117,52.2375485440974,115835254,1720698701
1.0,0,5.150006294250488,2.0470738410949707,9.167537689208984,-0.013582328334450722,0.02769729681313038,0.000532640318851918,-21.642751693725586,-32.222816467285156,33.06153869628906,50.98807647800439,128835254,1720698701
1.0,0,5.099727153778076,1.9273617267608643,9.126835823059082,-0.017310811206698418,0.02902889810502529,-0.001065280637703836,-20.944597244262695,-31.872568130493164,34.41099166870117,51.367821645274454,140835254,1720698701
1.0,0,5.099727153778076,1.9273617267608643,9.126835823059082,-0.017310811206698418,0.02902889810502529,-0.001065280637703836,-22.166366577148438,-32.047691345214844,33.230220794677734,51.21181408477651,153835254,1720698701
1.0,0,5.1452178955078125,2.0781986713409424,9.189085960388184,-0.013316008262336254,0.027164656668901443,0.001065280637703836,-21.817289352416992,-32.39794158935547,33.904945373535156,51.72200745037628,165835254,1720698701
1.0,0,5.1715545654296875,2.05904483795166,9.153172492980957,-0.01145176775753498,0.03089314140379429,0.003994802478700876,-21.817289352416992,-32.39794158935547,33.904945373535156,51.72200745037628,178835254,1720698701
1.0,0,5.135641098022461,1.972852349281311,9.148384094238281,-0.01384864840656519,0.028496257960796356,0.001065280637703836,-21.817289352416992,-32.39794158935547,33.904945373535156,51.72200745037628,190835254,1720698701
1.0,0,5.133246898651123,1.972852349281311,9.112470626831055,-0.015979209914803505,0.02689833752810955,0.002929521957412362,-21.817289352416992,-32.39794158935547,33.904945373535156,51.72200745037628,203835254,1720698701
1.0,0,5.099727153778076,2.109323740005493,9.165143966674805,-0.015446570701897144,0.026632016524672508,0.0,-22.166366577148438,-33.44868469238281,33.56758499145508,52.315820523447094,215835254,1720698701
1.0,0,5.138035297393799,2.066227674484253,9.196269035339355,-0.015180249698460102,0.0287625789642334,0.0018642412032932043,-22.68998146057129,-34.32430648803711,34.74835205078125,53.8557447707374,228835254,1720698701
1.0,0,5.152400493621826,1.999189019203186,9.134018898010254,-0.0143812894821167,0.02982785925269127,0.001065280637703836,-20.77005958557129,-32.74818801879883,33.56758499145508,51.289589156683064,240835254,1720698701
1.0,0,5.109303951263428,1.972852349281311,9.129230499267578,-0.017843451350927353,0.02902889810502529,0.0037284824065864086,-20.595521926879883,-32.57306671142578,34.41099166870117,51.66523537206625,253835254,1720698701
1.0,0,5.15718936920166,2.039891004562378,9.184297561645508,-0.01651185005903244,0.029295219108462334,0.0031958422623574734,-22.166366577148438,-32.74818801879883,33.56758499145508,51.87074693799659,265835254,1720698701
1.0,0,5.133246898651123,2.085381507873535,9.110076904296875,-0.017843451350927353,0.03009418025612831,0.002130561275407672,-22.340904235839844,-32.57306671142578,34.41099166870117,52.38546577711591,278835254,1720698701
1.0,0,5.161977767944336,2.0470738410949707,9.052614212036133,-0.017310811206698418,0.02982785925269127,0.002396881580352783,-21.29367446899414,-33.2735595703125,34.41099166870117,52.389566580513424,290835254,1720698701
1.0,0,5.111698150634766,1.8794770240783691,9.189085960388184,-0.021039292216300964,0.03009418025612831,0.0018642412032932043,-20.246444702148438,-31.172073364257812,34.07362747192383,50.42448581789672,303835254,1720698701
1.0,0,5.090150356292725,2.013554334640503,9.153172492980957,-0.015446570701897144,0.03169209882616997,0.001065280637703836,-21.642751693725586,-32.222816467285156,34.07362747192383,51.65007929380213,315835254,1720698701
1.0,0,5.142823696136475,2.0039772987365723,9.078951835632324,-0.010919126681983471,0.03009418025612831,0.0013316008262336254,-21.29367446899414,-33.2735595703125,34.41099166870117,52.389566580513424,328835254,1720698701
1.0,0,5.0925445556640625,2.035102367401123,9.155567169189453,-0.012517048045992851,0.03195841982960701,-0.0007989605655893683,-21.29367446899414,-32.222816467285156,33.398902893066406,51.06091644238591,340835254,1720698701
1.0,0,5.15718936920166,2.044679641723633,9.201057434082031,-0.010652806609869003,0.03275737911462784,0.0015979211311787367,-22.166366577148438,-33.09843826293945,33.56758499145508,52.092582819790174,353835254,1720698701
1.0,0,5.154795169830322,2.0231313705444336,9.208239555358887,-0.01145176775753498,0.02982785925269127,0.002130561275407672,-21.29367446899414,-32.92331314086914,34.41099166870117,52.16782023610572,365835254,1720698701
1.0,0,5.142823696136475,2.008765935897827,9.11486530303955,-0.014647609554231167,0.026632016524672508,-0.000266320159425959,-22.864519119262695,-30.9969482421875,32.55549621582031,50.43270138255803,378835254,1720698701
1.0,0,5.15718936920166,2.0015830993652344,9.083740234375,-0.011718087829649448,0.030360499396920204,-0.0018642412032932043,-21.468212127685547,-32.74818801879883,33.230220794677734,51.35733175055862,390835254,1720698701
1.0,0,5.11409330368042,1.9920061826705933,9.160355567932129,-0.016245530918240547,0.02689833752810955,0.002663201652467251,-20.595521926879883,-33.974056243896484,33.736263275146484,52.12050921541375,403835254,1720698701
1.0,0,5.10690975189209,1.9944003820419312,9.153172492980957,-0.017044490203261375,0.027430977672338486,0.0,-21.642751693725586,-32.92331314086914,33.398902893066406,51.651137097923296,415835254,1720698701
1.0,0,5.111698150634766,1.9129964113235474,9.059797286987305,-0.01757713221013546,0.02583305537700653,0.0018642412032932043,-22.166366577148438,-33.44868469238281,34.57966995239258,52.9708966216296,428835254,1720698701
1.0,0,5.0949387550354,1.9536983966827393,9.107682228088379,-0.018908733502030373,0.030626820400357246,0.002396881580352783,-21.642751693725586,-32.92331314086914,33.06153869628906,51.43363286813607,440835254,1720698701
1.0,0,5.1452178955078125,1.9872177839279175,9.131624221801758,-0.016245530918240547,0.02902889810502529,-0.000532640318851918,-22.340904235839844,-32.222816467285156,34.41099166870117,52.168402800763715,453835254,1720698701
1.0,0,5.14761209487915,2.0542564392089844,9.129230499267578,-0.014114969410002232,0.02902889810502529,0.0013316008262336254,-22.68998146057129,-32.57306671142578,34.07362747192383,52.31493116466374,465835254,1720698701
1.0,0,5.193102836608887,2.0063717365264893,9.129230499267578,-0.018908733502030373,0.030360499396920204,0.0013316008262336254,-21.29367446899414,-32.92331314086914,35.085716247558594,52.615326713491164,478835254,1720698701
1.0,0,7.6519856452941895,-3.608116865158081,11.89696979522705,-0.15606361627578735,0.04580707103013992,-0.26871705055236816,-21.29367446899414,-32.92331314086914,35.085716247558594,52.615326713491164,490835254,1720698701
1.0,0,7.702264308929443,6.1292500495910645,26.0924072265625,-0.011718087829649448,0.2916206121444702,-0.6349073052406311,-21.29367446899414,-32.92331314086914,35.085716247558594,52.615326713491164,503835254,1720698701
1.0,0,18.325498580932617,-36.46185302734375,19.795560836791992,-0.18163035809993744,0.655680239200592,-0.9989669919013977,-21.29367446899414,-32.92331314086914,35.085716247558594,52.615326713491164,515835254,1720698701
1.0,0,11.554594039916992,-1.9824292659759521,17.032609939575195,-0.23862287402153015,0.8815197348594666,-1.357700228691101,-20.595521926879883,-33.623809814453125,32.0494499206543,50.81243302672715,528835254,1720698701
1.0,0,8.04464054107666,-10.513099670410156,11.999922752380371,-0.15313409268856049,1.08845055103302,-1.650386095046997,-20.420982360839844,-33.79893112182617,31.880769729614258,50.7520220691981,540835254,1720698701
1.0,0,13.635187149047852,-9.416539192199707,15.110036849975586,-0.5693925023078918,1.1369208097457886,-2.1318929195404053,-19.024675369262695,-34.1491813659668,33.230220794677734,51.30645607459706,553835254,1720698701
1.0,0,6.323183059692383,4.94649600982666,17.20499610900879,-0.2657875418663025,1.3875280618667603,-2.2709121704101562,-19.37375259399414,-35.900421142578125,31.880769729614258,51.77418281673265,565835254,1720698701
1.0,0,8.975998878479004,-7.244964599609375,4.915370941162109,-0.5217211842536926,1.4098989963531494,-2.1143157482147217,-16.93021583557129,-36.95116424560547,31.206045150756836,51.24293123247162,578835254,1720698701
1.0,0,1.3240137100219727,6.790059566497803,1.3407734632492065,-0.6410326361656189,1.201370358467102,-2.2402851581573486,-15.882987022399902,-39.40290069580078,31.880769729614258,53.1153587820844,591835254,1720698701
1.0,0,-6.122067451477051,22.438798904418945,7.972813129425049,-0.5321077108383179,1.0719387531280518,-2.1217727661132812,-15.184833526611328,-38.00190734863281,29.85659408569336,50.65708580014085,603835254,1720698701
1.0,0,10.649571418762207,-5.15718936920166,7.333551406860352,-0.6721920967102051,0.9451702833175659,-1.9635785818099976,-13.613988876342773,-39.22777557373047,30.02527618408203,51.24135321708974,616835254,1720698701
1.0,0,4.956072807312012,-0.07182714343070984,8.932902336120605,-0.7379732131958008,0.8514255881309509,-1.9433382749557495,-11.344990730285645,-40.103397369384766,29.181869506835938,50.878018860319685,628835254,1720698701
1.0,0,6.1555867195129395,-1.654418706893921,9.313586235046387,-0.6937640309333801,0.8530234694480896,-1.8136403560638428,-11.51952838897705,-39.22777557373047,28.338462829589844,49.74521470766267,641835254,1720698701
1.0,0,7.271301746368408,-0.4333571195602417,9.9169340133667,-0.6793828010559082,0.8570182919502258,-1.799791693687439,-11.170452117919922,-40.62876892089844,28.675825119018555,50.96840993010318,653835254,1720698701
1.0,0,3.5793862342834473,5.329574108123779,10.484369277954102,-0.7366415858268738,0.8532898426055908,-1.7284178733825684,-9.599607467651367,-41.504390716552734,28.507143020629883,51.25840531545928,666835254,1720698701
1.0,0,2.4373345375061035,3.3375680446624756,10.173118591308594,-0.7896392941474915,0.8290547132492065,-1.7340106964111328,-7.85422420501709,-41.15414047241211,26.820329666137695,49.74617773544024,678835254,1720698701
1.0,0,5.415766716003418,-0.36392420530319214,8.104496955871582,-0.8551540970802307,0.7656704783439636,-1.7425329685211182,-8.552377700805664,-42.20488357543945,25.808242797851562,50.20419064447204,691835254,1720698701
1.0,0,2.8419606685638428,2.7461910247802734,8.865863800048828,-0.8588825464248657,0.689236581325531,-1.7380053997039795,-6.283379554748535,-42.029762268066406,25.9769229888916,49.80745228286642,703835254,1720698701
1.0,0,2.8419606685638428,2.7461910247802734,8.865863800048828,-0.8980316519737244,0.6458263993263245,-1.7228251695632935,-5.934302806854248,-41.32926559448242,24.290111541748047,48.30459256730428,716835254,1720698701
1.0,0,3.507559061050415,3.636847972869873,11.020678520202637,-0.9188046455383301,0.6085415482521057,-1.6884697675704956,-3.665304660797119,-40.453643798828125,24.458791732788086,47.41481042761669,728835254,1720698701
1.0,0,3.5769920349121094,2.707883358001709,9.292038917541504,-0.9225330352783203,0.5912307500839233,-1.6802140474319458,-3.8398427963256836,-42.029762268066406,23.952747344970703,48.52813013482669,741835254,1720698701
1.0,0,0.1604139655828476,6.883435249328613,10.539437294006348,-0.923065721988678,0.546755313873291,-1.646125078201294,-3.665304660797119,-43.25563049316406,23.446704864501953,49.337936687914556,753835254,1720698701
1.0,0,3.06701922416687,2.727037191390991,10.007916450500488,-0.9864498972892761,0.4586033225059509,-1.6522502899169922,-0.17453831434249878,-41.15414047241211,22.434616088867188,46.8722278188381,766835254,1720698701
1.0,0,3.7852907180786133,2.5331039428710938,9.816376686096191,-0.9864498972892761,0.4173237085342407,-1.6328089237213135,0.6981532573699951,-42.029762268066406,22.94066047668457,47.88801768070456,778835254,1720698701
1.0,0,4.618485450744629,0.8834738731384277,8.863470077514648,-1.0130819082260132,0.3451509475708008,-1.627482533454895,-0.34907662868499756,-41.67951202392578,21.253847122192383,46.78706653060003,791835254,1720698701
1.0,0,1.8986308574676514,3.742194175720215,10.90096664428711,-1.0192073583602905,0.30680084228515625,-1.5973883867263794,-0.34907662868499756,-41.67951202392578,21.253847122192383,46.78706653060003,803835254,1720698701
1.0,0,2.4876136779785156,1.9896119832992554,9.73257827758789,-1.0423771142959595,0.2476777583360672,-1.6264172792434692,-0.34907662868499756,-41.67951202392578,21.253847122192383,46.78706653060003,816835254,1720698701
1.0,0,-0.02154814451932907,4.381455898284912,10.441272735595703,-1.0335886478424072,0.20852869749069214,-1.5915292501449585,-0.34907662868499756,-41.67951202392578,21.253847122192383,46.78706653060003,828835254,1720698701
1.0,0,4.616091251373291,0.8403776288032532,11.375025749206543,-1.0399802923202515,0.12490416318178177,-1.5656962394714355,3.8398427963256836,-40.62876892089844,20.241758346557617,45.554034263593955,841835254,1720698701
1.0,0,2.628873586654663,1.9417272806167603,10.745341300964355,-1.024533748626709,0.09933742135763168,-1.5569076538085938,5.236149311065674,-39.92827224731445,20.579120635986328,45.22371491169112,853835254,1720698701
1.0,0,3.356721878051758,3.2585582733154297,11.047015190124512,-1.0516983270645142,0.008522245101630688,-1.5417275428771973,5.061611175537109,-39.40290069580078,20.073078155517578,44.50996469974984,866835254,1720698701
1.0,0,2.889845609664917,1.8555346727371216,10.357474327087402,-1.0327895879745483,-0.013316008262336254,-1.5281450748443604,5.585226058959961,-40.27852249145508,18.21758270263672,44.55821409966681,878835254,1720698701
1.0,0,2.1236894130706787,2.7246429920196533,10.185089111328125,-1.0383822917938232,-0.09454365819692612,-1.5153617858886719,6.981532573699951,-40.62876892089844,18.21758270263672,45.07015620821393,891835254,1720698701
1.0,0,3.1412405967712402,1.5059758424758911,10.704639434814453,-1.0229357481002808,-0.14434552192687988,-1.5103017091751099,6.981532573699951,-39.92827224731445,17.880220413208008,44.302494328854614,903835254,1720698701
1.0,0,1.2976771593093872,3.426154851913452,10.798014640808105,-1.0024291276931763,-0.19308212399482727,-1.4956539869308472,8.901453971862793,-38.7024040222168,18.04890251159668,43.621953667679946,916835254,1720698701
1.0,0,3.6009342670440674,2.109323740005493,10.501129150390625,-0.9811235070228577,-0.2388891875743866,-1.4969857931137085,7.85422420501709,-38.00190734863281,15.687362670898438,41.85602880786765,928835254,1720698701
1.0,0,4.565812110900879,1.2282441854476929,11.72937297821045,-0.9821887612342834,-0.322780042886734,-1.4892624616622925,8.552377700805664,-38.35215759277344,16.02472496032715,42.436104515050616,941835254,1720698701
1.0,0,5.554632663726807,0.6847521066665649,11.152361869812012,-0.9683401584625244,-0.36192911863327026,-1.479142189025879,8.552377700805664,-38.00190734863281,17.374176025390625,42.65149609371949,953835254,1720698701
1.0,0,4.323994159698486,0.3016740083694458,9.938483238220215,-0.9587526321411133,-0.44182518124580383,-1.4751473665237427,9.250530242919922,-37.301414489746094,16.362089157104492,41.76943612614434,966835254,1720698701
1.0,0,2.0470738410949707,0.5003957748413086,9.088528633117676,-0.8916398882865906,-0.42131850123405457,-1.4650273323059082,9.948683738708496,-36.250667572021484,16.02472496032715,40.86415321041395,978835254,1720698701
1.0,0,1.067830204963684,1.8291980028152466,10.750129699707031,-0.8660731911659241,-0.5057420134544373,-1.4202854633331299,10.64683723449707,-36.250667572021484,16.362089157104492,41.17261230599924,991835254,1720698701
1.0,0,2.810835838317871,1.7262457609176636,11.114053726196289,-0.8479633927345276,-0.551815390586853,-1.4144264459609985,12.217681884765625,-35.37504959106445,14.169231414794922,40.01790852972717,3835254,1720698702
1.0,0,2.0542564392089844,1.4293601512908936,10.374234199523926,-0.833049476146698,-0.5909644365310669,-1.428008794784546,9.774145126342773,-36.776039123535156,15.85604476928711,41.224084250498954,16835254,1720698702
1.0,0,5.760537147521973,0.31364521384239197,10.654359817504883,-0.7917698621749878,-0.662604570388794,-1.4301393032073975,11.170452117919922,-35.72529602050781,14.506593704223633,40.143704826175096,28835254,1720698702
1.0,0,4.106118679046631,0.35195302963256836,10.29761791229248,-0.7680673599243164,-0.7081453204154968,-1.4008442163467407,12.741296768188477,-34.1491813659668,14.337912559509277,39.16737121463321,41835254,1720698702
1.0,0,3.612905502319336,0.16520243883132935,10.10368537902832,-0.7209286689758301,-0.7432995438575745,-1.4144264459609985,11.170452117919922,-35.02479934692383,15.518681526184082,39.90419835208,53835254,1720698702
1.0,0,0.17477938532829285,1.8555346727371216,10.36944580078125,-0.6586098074913025,-0.7853781580924988,-1.4056378602981567,11.51952838897705,-33.974056243896484,13.494505882263184,38.32802787744662,66835254,1720698702
1.0,0,2.43015193939209,0.7733389735221863,9.373442649841309,-0.6301134824752808,-0.770464301109314,-1.4051052331924438,12.741296768188477,-32.74818801879883,15.012638092041016,38.21208924322576,78835254,1720698702
1.0,0,1.9489099979400635,0.6679925322532654,10.809985160827637,-0.5816432237625122,-0.8210650682449341,-1.4130948781967163,12.392220497131348,-32.39794158935547,13.663187026977539,37.28104649565216,91835254,1720698702
1.0,0,5.578575134277344,0.4525110125541687,9.339923858642578,-0.5558102130889893,-0.8993632197380066,-1.3806037902832031,12.392220497131348,-32.39794158935547,13.663187026977539,37.28104649565216,104835254,1720698702
1.0,0,2.0734102725982666,1.5059758424758911,10.443666458129883,-0.4884311854839325,-0.919337272644043,-1.357700228691101,12.392220497131348,-32.39794158935547,13.663187026977539,37.28104649565216,116835254,1720698702
1.0,0,3.993589162826538,0.09337528795003891,9.179509162902832,-0.4391619563102722,-0.9504966735839844,-1.3880606889724731,12.392220497131348,-32.39794158935547,13.663187026977539,37.28104649565216,129835254,1720698702
1.0,0,3.6200881004333496,1.3120425939559937,10.984764099121094,-0.37870728969573975,-0.9664758443832397,-1.35556960105896,11.344990730285645,-34.499427795410156,12.9884614944458,38.56967027177815,141835254,1720698702
1.0,0,-0.9457241296768188,1.6161108016967773,9.452452659606934,-0.34062349796295166,-0.9536925554275513,-1.3518412113189697,12.217681884765625,-31.872568130493164,13.157143592834473,36.58200072976769,154835254,1720698702
1.0,0,-1.714274525642395,0.533915102481842,10.197060585021973,-0.28496259450912476,-0.9707369804382324,-1.3209480047225952,12.9158353805542,-33.974056243896484,13.157143592834473,38.65443996183986,166835254,1720698702
1.0,0,4.472437381744385,0.32322216033935547,10.130022048950195,-0.22983431816101074,-0.9949721693992615,-1.3510422706604004,11.344990730285645,-29.946205139160156,12.65109920501709,34.431589100738776,179835254,1720698702
1.0,0,5.494776248931885,1.1396573781967163,10.300012588500977,-0.17736923694610596,-1.0301264524459839,-1.3494443893432617,10.297760963439941,-31.347196578979492,12.313736915588379,35.21815910929552,191835254,1720698702
1.0,0,6.112490653991699,-0.4429340660572052,9.507519721984863,-0.10706070810556412,-1.0791293382644653,-1.3640918731689453,10.9959135055542,-30.9969482421875,12.313736915588379,35.11906933528854,204835254,1720698702
1.0,0,1.2043018341064453,0.6105307340621948,10.01749324798584,-0.06072099879384041,-1.0394476652145386,-1.3300029039382935,11.868605613708496,-31.872568130493164,14.506593704223633,36.975203303648,216835254,1720698702
1.0,0,1.355138897895813,0.6057422757148743,10.367051124572754,-0.010120166465640068,-1.090847373008728,-1.322013258934021,12.043143272399902,-32.047691345214844,13.325824737548828,36.73784731545355,229835254,1720698702
1.0,0,-1.213878870010376,-0.4812418818473816,9.371048927307129,0.05699251592159271,-1.0570247173309326,-1.308963656425476,11.868605613708496,-31.522321701049805,13.157143592834473,36.16118073515705,241835254,1720698702
1.0,0,2.631267786026001,-1.2282441854476929,8.942479133605957,0.1025332659482956,-1.065546989440918,-1.3076320886611938,10.821375846862793,-31.172073364257812,14.506593704223633,36.04499402060094,254835254,1720698702
1.0,0,0.06943290680646896,1.4197832345962524,9.708635330200195,0.16751539707183838,-1.0381159782409668,-1.2908538579940796,10.472298622131348,-31.872568130493164,13.157143592834473,36.036648917268764,266835254,1720698702
1.0,0,4.948890209197998,3.3734817504882812,10.613658905029297,0.22610582411289215,-1.0767325162887573,-1.2937833070755005,11.868605613708496,-32.57306671142578,14.843955993652344,37.712219554704475,279835254,1720698702
1.0,0,6.730203628540039,3.0861730575561523,11.624027252197266,0.30413761734962463,-1.0825915336608887,-1.3028382062911987,9.774145126342773,-31.172073364257812,14.843955993652344,35.882796718190306,291835254,1720698702
1.0,0,4.613697052001953,2.219458818435669,9.708635330200195,0.3368949890136719,-1.0932443141937256,-1.3289376497268677,9.948683738708496,-32.74818801879883,14.675274848937988,37.239546433050364,304835254,1720698702
1.0,0,0.46687644720077515,0.023942383006215096,9.80919361114502,0.3696523904800415,-1.0021628141403198,-1.3193501234054565,11.170452117919922,-32.222816467285156,15.518681526184082,37.46889880840124,316835254,1720698702
1.0,0,2.1021411418914795,0.579405665397644,9.584136009216309,0.4452873170375824,-1.006690263748169,-1.3150889873504639,9.774145126342773,-33.623809814453125,14.169231414794922,37.773821864822416,329835254,1720698702
1.0,0,0.9624837636947632,2.0279197692871094,9.849896430969238,0.5155958533287048,-0.9891131520271301,-1.278603196144104,9.774145126342773,-33.623809814453125,16.53076934814453,38.721580993431544,341835254,1720698702
1.0,0,3.150817394256592,1.8196210861206055,9.883415222167969,0.5592723488807678,-0.9829877018928528,-1.3092299699783325,9.075992584228516,-33.974056243896484,14.506593704223633,38.040128810925886,354835254,1720698702
1.0,0,4.036685943603516,2.6647870540618896,10.091714859008789,0.6170638203620911,-0.9728676080703735,-1.3049689531326294,8.901453971862793,-33.79893112182617,12.9884614944458,37.286777278062566,366835254,1720698702
1.0,0,5.487593650817871,2.659998655319214,8.786853790283203,0.682844877243042,-0.9590189456939697,-1.3044360876083374,8.901453971862793,-34.84967803955078,13.663187026977539,38.47620851913176,379835254,1720698702
1.0,0,2.063833475112915,3.167577028274536,10.027070045471191,0.7440986037254333,-0.9105486869812012,-1.289255976676941,9.250530242919922,-34.84967803955078,15.012638092041016,39.05703101514662,391835254,1720698702
1.0,0,3.770925283432007,1.6161108016967773,9.80919361114502,0.799493134021759,-0.8927052617073059,-1.3249428272247314,9.075992584228516,-34.67455291748047,16.19340705871582,39.33096354763498,404835254,1720698702
1.0,0,2.9473073482513428,2.272132158279419,10.893783569335938,0.8090806603431702,-0.8253262042999268,-1.3169533014297485,8.377839088439941,-35.02479934692383,15.85604476928711,39.34893788667878,416835254,1720698702
1.0,0,0.3280106484889984,-0.3782896399497986,8.042245864868164,0.8250598907470703,-0.7891066670417786,-1.3161543607711792,8.377839088439941,-35.02479934692383,15.85604476928711,39.34893788667878,429835254,1720698702
1.0,0,3.8331754207611084,1.4748507738113403,8.777276992797852,0.9286584258079529,-0.7800517678260803,-1.3233449459075928,8.377839088439941,-35.02479934692383,15.85604476928711,39.34893788667878,441835254,1720698702
1.0,0,2.7150661945343018,3.1125094890594482,8.190689086914062,0.9608831405639648,-0.7390384674072266,-1.3124257326126099,8.377839088439941,-35.02479934692383,15.85604476928711,39.34893788667878,454835254,1720698702
1.0,0,3.3327796459198,4.043868541717529,10.024675369262695,1.0266642570495605,-0.6996230483055115,-1.3150889873504639,8.377839088439941,-35.02479934692383,15.85604476928711,39.34893788667878,466835254,1720698702
1.0,0,4.994380950927734,3.900214195251465,10.089320182800293,1.062351107597351,-0.6610066294670105,-1.3262743949890137,9.250530242919922,-37.301414489746094,19.060989379882812,42.89859145532661,479835254,1720698702
1.0,0,-0.34237605333328247,-3.562626600265503,9.203451156616211,0.9952384829521179,-0.5494185090065002,-1.168346643447876,9.075992584228516,-38.52728271484375,19.567033767700195,44.15420665400737,491835254,1720698702
1.0,0,8.401381492614746,-5.444497585296631,11.415727615356445,0.6548812985420227,-0.3928222358226776,-0.7502239346504211,9.075992584228516,-38.52728271484375,19.567033767700195,44.15420665400737,504835254,1720698702
1.0,0,0.25857773423194885,-20.451581954956055,8.566584587097168,0.7145370244979858,-0.4660603106021881,-0.7102758884429932,8.901453971862793,-38.35215759277344,19.735713958740234,44.04114304029058,516835254,1720698702
1.0,0,-2.6384506225585938,-12.0980863571167,5.401401519775391,0.28363096714019775,-0.035686902701854706,-0.5459563136100769,10.472298622131348,-38.177032470703125,20.579120635986328,44.61675753403303,529835254,1720698702
1.0,0,13.218589782714844,-5.990383625030518,4.709466457366943,0.2838973104953766,-0.11238711327314377,-0.3957517743110657,10.123222351074219,-38.52728271484375,21.591209411621094,45.310169587138624,541835254,1720698702
1.0,0,-6.143615245819092,-8.11886215209961,9.802011489868164,-0.14487817883491516,0.22743742167949677,0.05965571850538254,10.472298622131348,-39.578025817871094,20.579120635986328,45.82127641414677,554835254,1720698702
1.0,0,10.683090209960938,-2.5163443088531494,12.505105972290039,-0.15872682631015778,0.0969405472278595,0.217583566904068,10.297760963439941,-39.75314712524414,20.41044044494629,45.857852832182985,567835254,1720698702
1.0,0,2.2841031551361084,-4.137243747711182,8.60728645324707,-0.3169209957122803,0.10093534737825394,0.20719709992408752,8.377839088439941,-37.47653579711914,18.89230728149414,42.79717511195033,579835254,1720698702
1.0,0,2.042285203933716,7.259330749511719,7.0534257888793945,-0.22903534770011902,0.18562515079975128,0.12596943974494934,10.64683723449707,-39.75314712524414,19.735713958740234,45.64171616975411,592835254,1720698702
1.0,0,10.66633129119873,19.328685760498047,6.9528679847717285,-0.1451444923877716,0.13182848691940308,0.22104574739933014,9.425068855285645,-39.22777557373047,19.904396057128906,44.98705682514571,604835254,1720698702
1.0,0,3.560232400894165,5.580969333648682,9.553009986877441,-0.1368885636329651,0.09161414206027985,0.23409543931484222,9.075992584228516,-39.22777557373047,20.579120635986328,45.218273120525225,617835254,1720698702
1.0,0,1.7980729341506958,3.4165778160095215,12.23695182800293,-0.09747318178415298,0.036752182990312576,0.217583566904068,8.72691535949707,-39.92827224731445,21.253847122192383,46.06682096521327,629835254,1720698702
1.0,0,5.059025287628174,-1.094166874885559,8.612074851989746,-0.056193556636571884,-0.04633970931172371,0.05166611075401306,9.774145126342773,-38.87752914428711,20.579120635986328,45.061029631669335,642835254,1720698702
1.0,0,4.781293869018555,0.24900077283382416,5.090150356292725,0.001065280637703836,-0.02077297307550907,-0.014114969410002232,10.297760963439941,-38.7024040222168,20.41044044494629,44.950039344985555,654835254,1720698702
1.0,0,5.499565601348877,4.611302852630615,5.961653232574463,-0.02370249480009079,0.06018836051225662,-0.05992203950881958,9.599607467651367,-39.05265426635742,19.735713958740234,44.796882416545984,666349451,1720698702
1.0,0,6.0239033699035645,6.083759307861328,8.966422080993652,0.05086715519428253,0.09960374981164932,-0.006125363986939192,9.250530242919922,-39.05265426635742,19.398351669311523,44.57553322742311,678349451,1720698702
1.0,0,6.0239033699035645,6.083759307861328,8.966422080993652,0.05086715519428253,0.09960374981164932,-0.006125363986939192,9.250530242919922,-39.40290069580078,20.41044044494629,45.3293169171455,691349451,1720698702
1.0,0,19.117992401123047,4.59693717956543,23.4778995513916,-0.4540758728981018,0.10386486351490021,0.5933613181114197,8.901453971862793,-39.75314712524414,21.422527313232422,46.026875471410044,703349451,1720698702
1.0,0,4.652004718780518,6.699078559875488,24.53136444091797,-0.47058776021003723,-0.0681779608130455,0.6442285180091858,9.599607467651367,-40.103397369384766,20.073078155517578,45.86244008703944,716349451,1720698702
1.0,0,-2.5163443088531494,-16.0294246673584,11.118842124938965,-1.237856149673462,0.2383565604686737,1.184059500694275,9.599607467651367,-40.103397369384766,20.073078155517578,45.86244008703944,728349451,1720698702
1.0,0,15.993512153625488,15.129190444946289,12.29201889038086,-0.9473008513450623,0.1350243240594864,1.1198762655258179,9.599607467651367,-40.103397369384766,20.073078155517578,45.86244008703944,741349451,1720698702
1.0,0,4.285686492919922,2.5929598808288574,5.621671676635742,-1.1979080438613892,0.33369916677474976,1.348379135131836,9.599607467651367,-40.103397369384766,20.073078155517578,45.86244008703944,753349451,1720698702
1.0,0,9.981578826904297,6.9265313148498535,9.08613395690918,-1.075667142868042,0.3821694254875183,1.3699510097503662,9.599607467651367,-40.103397369384766,20.073078155517578,45.86244008703944,766349451,1720698702
1.0,0,3.591357469558716,-0.8379833698272705,9.090922355651855,-1.0514320135116577,0.4303734004497528,1.3513085842132568,8.377839088439941,-35.72529602050781,17.542858123779297,40.672310417478776,778349451,1720698702
1.0,0,2.090169906616211,0.7637620568275452,9.076557159423828,-1.0469045639038086,0.42691123485565186,1.2636892795562744,8.028762817382812,-35.72529602050781,17.205495834350586,40.45722302675451,791349451,1720698702
1.0,0,6.7469635009765625,1.5155527591705322,7.582552433013916,-1.0285285711288452,0.3904253840446472,1.2855274677276611,8.552377700805664,-34.499427795410156,17.711538314819336,39.71211744575288,803349451,1720698702
1.0,0,4.618485450744629,0.30646249651908875,7.012723922729492,-0.9643453359603882,0.5102694630622864,1.234660267829895,7.505147457122803,-33.44868469238281,17.374176025390625,38.43180634012484,816349451,1720698702
1.0,0,5.753354549407959,3.0311055183410645,9.749338150024414,-0.9691390991210938,0.5161284804344177,1.273543119430542,8.203300476074219,-34.1491813659668,18.38626480102539,39.64234427982127,828349451,1720698702
1.0,0,2.3080456256866455,1.6807552576065063,9.885809898376465,-0.9310553073883057,0.5073399543762207,1.2612923383712769,7.85422420501709,-31.347196578979492,16.02472496032715,36.07114333200421,841349451,1720698702
1.0,0,6.596126079559326,2.6719701290130615,10.194665908813477,-0.911613941192627,0.5065409541130066,1.2128220796585083,6.1088409423828125,-31.697444915771484,15.687362670898438,35.89065755062169,853349451,1720698702
1.0,0,7.625648498535156,7.041454792022705,9.84031867980957,-0.8807207942008972,0.5211885571479797,1.2234748601913452,6.981532573699951,-31.172073364257812,14.843955993652344,35.224749600895564,866349451,1720698702
1.0,0,7.074974060058594,0.17238515615463257,7.786062717437744,-0.8998958468437195,0.5664629936218262,1.2357256412506104,6.283379554748535,-29.771080017089844,15.518681526184082,34.1559297973884,878349451,1720698702
1.0,0,3.711069345474243,0.9145990014076233,8.975998878479004,-0.8397074937820435,0.6128026843070984,1.2391877174377441,6.1088409423828125,-30.9969482421875,14.337912559509277,34.694444433544646,891349451,1720698702
1.0,0,4.034291744232178,2.7198545932769775,10.685484886169434,-0.8402401804924011,0.6673983335494995,1.2362582683563232,5.061611175537109,-29.946205139160156,14.000550270080566,33.442645197323095,903349451,1720698702
1.0,0,3.256164073944092,2.4062094688415527,10.326350212097168,-0.8202661275863647,0.6564791798591614,1.2074955701828003,5.4106879234313965,-29.245708465576172,14.000550270080566,32.872517629827094,916349451,1720698702
1.0,0,5.365488052368164,2.736614227294922,10.122838973999023,-0.7976289391517639,0.696959912776947,1.2130883932113647,6.1088409423828125,-30.29645347595215,13.663187026977539,33.79165149284706,928349451,1720698702
1.0,0,8.217025756835938,4.168368816375732,9.70384693145752,-0.7544850707054138,0.6887039542198181,1.2141536474227905,4.363457679748535,-27.14422035217285,13.325824737548828,30.552022296177704,941349451,1720698702
1.0,0,4.352725028991699,1.096561074256897,10.132415771484375,-0.7491586804389954,0.7382395267486572,1.1952449083328247,6.283379554748535,-28.019840240478516,14.169231414794922,32.02123396462076,953349451,1720698702
1.0,0,4.774110794067383,2.43015193939209,9.622443199157715,-0.7467617392539978,0.7257224321365356,1.2093600034713745,5.236149311065674,-26.61884880065918,14.506593704223633,30.763966453946555,966349451,1720698702
1.0,0,3.9840123653411865,0.5387036204338074,9.96481990814209,-0.7065474390983582,0.7691326141357422,1.1955112218856812,5.4106879234313965,-26.4437255859375,11.976373672485352,29.52930227777372,978349451,1720698702
1.0,0,6.414164066314697,2.573806047439575,10.446061134338379,-0.6642025113105774,0.7907045483589172,1.198973298072815,6.632455825805664,-24.51736068725586,12.819780349731445,28.4506100736983,991349451,1720698702
1.0,0,4.199493885040283,0.8571372628211975,10.34789752960205,-0.6346409320831299,0.7965636849403381,1.209626317024231,6.1088409423828125,-25.743228912353516,11.63901138305664,28.904988470298488,3349451,1720698703
1.0,0,4.867486476898193,0.47405916452407837,10.12523365020752,-0.5957582592964172,0.8237283229827881,1.183526873588562,5.4106879234313965,-24.69248390197754,12.9884614944458,28.419965465265566,16349451,1720698703
1.0,0,3.045470952987671,-0.13647158443927765,10.192272186279297,-0.6066773533821106,0.8583499193191528,1.209093689918518,6.4579176902771,-22.94124412536621,12.65109920501709,26.982507185382673,28349451,1720698703
1.0,0,4.766928195953369,-0.08858681470155716,10.577744483947754,-0.5566091537475586,0.8564856648445129,1.18592369556427,6.1088409423828125,-22.94124412536621,12.65109920501709,26.90109534524879,41349451,1720698703
1.0,0,3.6990981101989746,-0.9385414123535156,9.43569278717041,-0.5334393382072449,0.8724648952484131,1.2040334939956665,6.1088409423828125,-22.94124412536621,12.65109920501709,26.90109534524879,53349451,1720698703
1.0,0,4.9656500816345215,0.08858681470155716,9.895386695861816,-0.49881768226623535,0.9113476276397705,1.1837931871414185,6.1088409423828125,-22.94124412536621,12.65109920501709,26.90109534524879,66349451,1720698703
1.0,0,2.4924020767211914,-1.6855436563491821,9.775674819946289,-0.480175256729126,0.8820524215698242,1.173140287399292,6.1088409423828125,-22.94124412536621,12.65109920501709,26.90109534524879,79349451,1720698703
1.0,0,-0.20111601054668427,0.1604139655828476,9.581741333007812,-0.4578043818473816,0.9747318029403687,1.1861900091171265,6.1088409423828125,-20.13926124572754,9.952198028564453,23.27990607332336,91349451,1720698703
1.0,0,5.0446600914001465,-1.5035816431045532,9.426115989685059,-0.4327702522277832,0.919337272644043,1.1805973052978516,6.632455825805664,-21.715375900268555,10.458242416381836,24.998437055364803,104349451,1720698703
1.0,0,5.341545104980469,-1.1420515775680542,10.462821960449219,-0.3816367983818054,0.9329195618629456,1.18592369556427,8.203300476074219,-22.24074935913086,9.952198028564453,25.709751386510945,116349451,1720698703
1.0,0,6.4620490074157715,-1.3647156953811646,10.326350212097168,-0.3627280592918396,0.9299900531768799,1.1566286087036133,8.377839088439941,-20.31438446044922,9.783516883850098,24.053681764239602,129349451,1720698703
1.0,0,2.7653450965881348,-3.1125094890594482,8.995153427124023,-0.3659239113330841,0.9369143843650818,1.2021692991256714,9.250530242919922,-20.4895076751709,10.626923561096191,24.8661162813867,141349451,1720698703
1.0,0,2.322411060333252,-1.833986520767212,9.57455825805664,-0.2809678018093109,0.9792592525482178,1.1611559391021729,8.028762817382812,-17.862648010253906,11.470330238342285,22.695896150904595,154349451,1720698703
1.0,0,-0.9505125284194946,-1.611322283744812,8.861075401306152,-0.2671191394329071,1.0074892044067383,1.18592369556427,8.028762817382812,-18.56314468383789,9.44615364074707,22.322212962327164,166349451,1720698703
1.0,0,4.752562999725342,-2.015948534011841,10.766889572143555,-0.23382911086082458,0.9771286845207214,1.1867226362228394,8.377839088439941,-17.512399673461914,10.458242416381836,22.05101277843422,179349451,1720698703
1.0,0,5.688709735870361,-1.7980729341506958,9.766098022460938,-0.20213700830936432,0.9600841999053955,1.1387850046157837,9.075992584228516,-18.56314468383789,9.44615364074707,22.719898779410727,191349451,1720698703
1.0,0,3.9337332248687744,-1.8124382495880127,9.96721363067627,-0.16538482904434204,0.9784603118896484,1.1638190746307373,10.472298622131348,-19.263641357421875,9.783516883850098,24.009875455633846,204349451,1720698703
1.0,0,0.8954451084136963,-3.91697359085083,9.45484733581543,-0.1645858734846115,0.9917762875556946,1.1691455841064453,10.9959135055542,-18.03777313232422,8.602747917175293,22.809617382176548,216349451,1720698703
1.0,0,-0.897839367389679,-1.7525824308395386,9.72060775756836,-0.13102951645851135,1.0365180969238281,1.1795320510864258,9.948683738708496,-18.388019561767578,8.940110206604004,22.738098910045558,229349451,1720698703
1.0,0,1.7741304636001587,-4.884245872497559,8.401381492614746,-0.09534262120723724,1.0146799087524414,1.1776678562164307,11.170452117919922,-17.512399673461914,8.771429061889648,22.547751786587792,241349451,1720698703
1.0,0,3.735011577606201,-3.0646250247955322,9.778068542480469,-0.03195841982960701,1.0271968841552734,1.1297301054000854,10.472298622131348,-16.111408233642578,9.10879135131836,21.265384867996914,254349451,1720698703
1.0,0,5.664767742156982,-1.833986520767212,9.979185104370117,-0.02769729681313038,0.9499640464782715,1.1598243713378906,11.170452117919922,-15.761160850524902,10.120879173278809,21.808837362752037,266349451,1720698703
1.0,0,0.06943290680646896,-4.932130813598633,8.71263313293457,-0.004527443088591099,0.9957711100578308,1.1632864475250244,12.392220497131348,-16.28653335571289,10.626923561096191,23.059700821338776,279349451,1720698703
1.0,0,0.5315209031105042,-2.3846611976623535,10.326350212097168,0.07030852884054184,0.992042601108551,1.1627538204193115,11.51952838897705,-16.811904907226562,8.09670352935791,21.929347663722094,291349451,1720698703
1.0,0,-0.36392420530319214,-2.6887295246124268,9.591318130493164,0.06072099879384041,1.0037606954574585,1.1699445247650146,14.137603759765625,-17.687524795532227,8.265384674072266,24.104708197177896,304349451,1720698703
1.0,0,1.5203412771224976,-2.446911573410034,9.677511215209961,0.0876193419098854,1.0002985000610352,1.165683388710022,13.264911651611328,-17.162153244018555,8.771429061889648,23.397336448493295,316349451,1720698703
1.0,0,3.4453089237213135,-2.6695754528045654,9.948060035705566,0.13289377093315125,0.9744654893875122,1.1513020992279053,13.963065147399902,-17.162153244018555,8.771429061889648,23.80009790041782,329349451,1720698703
1.0,0,3.3375680446624756,-0.5506747961044312,10.869841575622559,0.16937962174415588,0.9078854322433472,1.1803309917449951,15.184833526611328,-16.63677978515625,9.614835739135742,24.490950923580836,341349451,1720698703
1.0,0,0.6967233419418335,-4.462860107421875,9.394990921020508,0.21492037177085876,0.9606168270111084,1.165683388710022,15.184833526611328,-16.63677978515625,9.614835739135742,24.490950923580836,354349451,1720698703
1.0,0,-1.972852349281311,-0.42138591408729553,11.015890121459961,0.24341663718223572,0.9864498972892761,1.152899980545044,15.184833526611328,-16.63677978515625,9.614835739135742,24.490950923580836,366349451,1720698703
1.0,0,-2.1811511516571045,-1.3647156953811646,10.122838973999023,0.26099374890327454,0.9859172701835632,1.1715424060821533,15.184833526611328,-16.63677978515625,9.614835739135742,24.490950923580836,379349451,1720698703
1.0,0,2.4684596061706543,-3.380664348602295,9.385414123535156,0.29241955280303955,0.9451702833175659,1.1521010398864746,14.835756301879883,-16.63677978515625,8.602747917175293,23.89329149353467,391349451,1720698703
1.0,0,2.135660409927368,-1.0798014402389526,10.977581977844238,0.3395582437515259,0.9145435094833374,1.1787331104278564,15.359371185302734,-16.111408233642578,9.10879135131836,24.051150458155757,404349451,1720698703
1.0,0,1.7286399602890015,-2.241007089614868,9.871444702148438,0.3246442973613739,0.8905746340751648,1.1723413467407227,16.406600952148438,-18.913393020629883,8.771429061889648,26.5298126292594,416349451,1720698703
1.0,0,-1.9704581499099731,-1.1947249174118042,10.683090209960938,0.3659239113330841,0.8974990248680115,1.167814016342163,16.755678176879883,-17.512399673461914,10.120879173278809,26.26535910149234,429349451,1720698703
1.0,0,-2.868297576904297,-1.769342064857483,9.304009437561035,0.41865530610084534,0.9222667217254639,1.1603569984436035,17.62837028503418,-17.337276458740234,9.614835739135742,26.52895889784645,441349451,1720698703
1.0,0,-0.7517908215522766,-1.0151569843292236,10.750129699707031,0.441558837890625,0.8852482438087463,1.1718087196350098,17.45383071899414,-17.512399673461914,9.10879135131836,26.34939143457064,454349451,1720698703
1.0,0,4.048656940460205,-2.5115559101104736,10.723793029785156,0.45940232276916504,0.8274567723274231,1.1803309917449951,17.802907943725586,-17.862648010253906,9.10879135131836,26.81394795759937,466349451,1720698703
1.0,0,0.6679925322532654,-2.3152284622192383,10.170723915100098,0.4689898192882538,0.8535561561584473,1.1670150756835938,16.93021583557129,-18.73826789855957,9.277472496032715,26.904021780987698,479349451,1720698703
1.0,0,4.194705486297607,-5.937710762023926,7.060608386993408,0.417856365442276,0.74809330701828,1.070074439048767,17.802907943725586,-19.964136123657227,9.44615364074707,28.3679410782891,491349451,1720698703
1.0,0,9.081345558166504,11.236160278320312,12.689462661743164,0.27058130502700806,0.287625789642334,0.5464890003204346,19.024675369262695,-18.73826789855957,9.952198028564453,28.497494667843714,504349451,1720698703
1.0,0,-1.663995623588562,-28.91282081604004,-7.4173502922058105,0.09907110780477524,0.6444948315620422,0.49748608469963074,17.62837028503418,-19.438764572143555,10.289560317993164,28.186877417250727,516349451,1720698703
1.0,0,36.16975784301758,1.6424474716186523,16.78360939025879,0.05033451318740845,-0.168846994638443,0.15047089755535126,17.977445602416992,-19.438764572143555,9.614835739135742,28.169117571724666,529349451,1720698703
1.0,0,-15.193835258483887,-13.84109115600586,0.41899168491363525,0.09241309762001038,-0.05432931333780289,0.08495613932609558,17.45383071899414,-19.964136123657227,8.434065818786621,27.826900728734483,541349451,1720698703
1.0,0,-6.861886501312256,6.318394660949707,12.210614204406738,-0.005326403304934502,-0.01145176775753498,-0.09188045561313629,17.802907943725586,-19.964136123657227,8.771429061889648,28.150457015907314,554349451,1720698703
1.0,0,-6.955262184143066,-0.44772255420684814,11.276862144470215,-0.007989604957401752,-0.09214677661657333,-0.12463784217834473,19.199214935302734,-19.613887786865234,10.458242416381836,29.371572696869688,567349451,1720698703
1.0,0,2.2003049850463867,-1.8962366580963135,12.770867347717285,-0.12037672102451324,-0.028229938820004463,-0.14807401597499847,19.897367477416992,-19.263641357421875,9.783516883850098,29.371930707655665,579349451,1720698703
1.0,0,8.068583488464355,-0.6057422757148743,14.607248306274414,-0.14487817883491516,0.0719064474105835,0.07829813659191132,18.85013771057129,-18.913393020629883,9.10879135131836,28.213723737609772,592349451,1720698703
1.0,0,-22.92483139038086,-32.68135070800781,-13.127608299255371,-0.613867998123169,0.37870728969573975,0.3126598596572876,18.501060485839844,-18.56314468383789,8.771429061889648,27.637249274151102,604349451,1720698703
1.0,0,-16.46278190612793,27.51937484741211,2.9568841457366943,-0.5073399543762207,0.5307760834693909,0.7931014895439148,17.802907943725586,-19.263641357421875,8.771429061889648,27.65807978490019,617349451,1720698703
1.0,0,-25.996639251708984,-39.22719955444336,-24.995847702026367,-0.1720428317785263,0.14860665798187256,0.6982914805412292,19.024675369262695,-18.73826789855957,8.265384674072266,27.953131140435904,629349451,1720698703
1.0,0,-11.94006633758545,-0.3567414879798889,-1.4748507738113403,-0.6101395487785339,0.5707241296768188,1.078330397605896,19.024675369262695,-18.73826789855957,8.265384674072266,27.953131140435904,642349451,1720698703
1.0,0,-10.15396499633789,-37.75952911376953,-23.46832275390625,0.07217276096343994,0.06524843722581863,1.1454429626464844,19.024675369262695,-18.73826789855957,8.265384674072266,27.953131140435904,654349451,1720698703
1.0,0,13.194646835327148,20.121177673339844,27.945547103881836,0.03222474083304405,0.17710290849208832,1.2149525880813599,19.024675369262695,-18.73826789855957,8.265384674072266,27.953131140435904,667349451,1720698703
1.0,0,-7.436503887176514,-1.19951331615448,18.75406837463379,-0.24421559274196625,0.41572579741477966,1.227735996246338,19.897367477416992,-18.56314468383789,8.434065818786621,28.489103870078033,679349451,1720698703
1.0,0,7.606494903564453,20.815507888793945,26.477880477905273,-0.39948025345802307,0.5430268049240112,1.227203369140625,19.37375259399414,-18.03777313232422,8.940110206604004,27.939740865883444,692349451,1720698703
1.0,0,-1.8172268867492676,-3.612905502319336,12.325538635253906,-0.5334393382072449,0.5962908864021301,1.1843258142471313,19.199214935302734,-18.2128963470459,8.434065818786621,27.775041200974197,704349451,1720698703
1.0,0,5.911374092102051,3.8810603618621826,13.386186599731445,-0.46552765369415283,0.6149332523345947,1.1691455841064453,17.977445602416992,-18.388019561767578,7.5906596183776855,26.812794095988558,717349451,1720698703
1.0,0,-0.18196210265159607,-1.7262457609176636,6.718232154846191,-0.42824283242225647,0.6117374300956726,1.1803309917449951,18.85013771057129,-17.162153244018555,8.771429061889648,26.959324239795787,729349451,1720698703
1.0,0,-6.371067523956299,-5.648007869720459,0.08858681470155716,-0.29854491353034973,0.523851752281189,1.2005714178085327,20.246444702148438,-17.862648010253906,7.759340763092041,28.092705211374074,742349451,1720698703
1.0,0,-4.776504993438721,-0.019153906032443047,6.026297569274902,-0.1994738131761551,0.49056175351142883,1.1571612358093262,19.199214935302734,-17.862648010253906,8.771429061889648,27.651799504877467,754349451,1720698703
1.0,0,-2.298468589782715,2.042285203933716,12.007104873657227,-0.186424121260643,0.44608625769615173,1.1483726501464844,19.37375259399414,-18.03777313232422,8.940110206604004,27.939740865883444,767349451,1720698703
1.0,0,-0.8044640421867371,1.6687840223312378,14.061361312866211,-0.19867484271526337,0.4982850253582001,1.111886739730835,20.420982360839844,-17.687524795532227,8.265384674072266,28.252108554666997,779349451,1720698703
1.0,0,1.71906316280365,2.4947962760925293,13.082118034362793,-0.18376091122627258,0.5171937942504883,1.116946816444397,19.199214935302734,-17.862648010253906,8.434065818786621,27.546642523287737,792349451,1720698703
1.0,0,0.636867344379425,-5.700681209564209,8.154775619506836,-0.2556673586368561,0.5536796450614929,1.1491715908050537,19.897367477416992,-17.512399673461914,9.10879135131836,28.02783357193867,804349451,1720698703
1.0,0,-4.0079545974731445,-2.401421070098877,8.126044273376465,-0.1989411562681198,0.5997530221939087,1.1478400230407715,20.595521926879883,-18.2128963470459,8.09670352935791,28.660804678709646,817349451,1720698703
1.0,0,-2.351141929626465,-2.3918440341949463,7.388619422912598,-0.1970769315958023,0.5811105966567993,1.1723413467407227,21.119136810302734,-18.73826789855957,7.928022384643555,29.325657066498636,829349451,1720698703
1.0,0,-2.5115559101104736,0.6967233419418335,9.667933464050293,-0.14620977640151978,0.5584734082221985,1.1691455841064453,20.420982360839844,-18.03777313232422,6.915934085845947,28.11063721146668,842349451,1720698703
1.0,0,-0.8906566500663757,4.419764041900635,11.856267929077148,-0.07936341315507889,0.5227864980697632,1.1595580577850342,21.29367446899414,-18.56314468383789,8.09670352935791,29.386519375164333,854349451,1720698703
1.0,0,0.6272904276847839,-1.9106022119522095,11.44206428527832,-0.11851247400045395,0.5028124451637268,1.1454429626464844,20.07190704345703,-18.388019561767578,7.928022384643555,28.35232362076407,867349451,1720698703
1.0,0,-2.5857772827148438,-2.8730859756469727,8.726998329162598,-0.12250728160142899,0.5976224541664124,1.1441113948822021,20.944597244262695,-18.56314468383789,8.771429061889648,29.329242439334124,879349451,1720698703
1.0,0,-0.6727809309959412,-0.6009538173675537,10.041435241699219,-0.12037672102451324,0.6114711165428162,1.1459757089614868,21.9918270111084,-16.811904907226562,8.434065818786621,28.938107542335423,892349451,1720698703
1.0,0,-0.6584155559539795,-1.0534647703170776,10.465215682983398,-0.0700422003865242,0.6144006252288818,1.152367353439331,20.944597244262695,-17.512399673461914,7.421977996826172,28.29215533381678,904349451,1720698703
1.0,0,0.3375875949859619,-2.394238233566284,10.608868598937988,-0.08229293674230576,0.6040140986442566,1.1584928035736084,21.29367446899414,-18.56314468383789,6.747252941131592,29.043696996012763,917349451,1720698703
1.0,0,-1.1755709648132324,-0.5961652994155884,9.466817855834961,-0.00719064474105835,0.5478205680847168,1.1662161350250244,21.29367446899414,-18.56314468383789,6.747252941131592,29.043696996012763,929349451,1720698703
1.0,0,-5.755748748779297,-4.223435878753662,6.557818412780762,-0.0375511460006237,0.5661966800689697,1.1622211933135986,21.29367446899414,-18.56314468383789,6.747252941131592,29.043696996012763,942349451,1720698703
1.0,0,0.002394238254055381,-0.3375875949859619,11.875421524047852,0.0007989605655893683,0.5944266319274902,1.163020133972168,21.29367446899414,-18.56314468383789,6.747252941131592,29.043696996012763,954349451,1720698703
1.0,0,0.05746171623468399,-1.7908902168273926,10.649571418762207,-0.016245530918240547,0.6242544651031494,1.1654170751571655,20.07190704345703,-19.088516235351562,8.265384674072266,28.906218850601142,967349451,1720698703
1.0,0,-1.0390993356704712,0.15323124825954437,10.841111183166504,0.0018642412032932043,0.6090742349624634,1.1952449083328247,22.166366577148438,-20.83975601196289,6.578571796417236,31.12749339010906,979349451,1720698703
1.0,0,-2.0494680404663086,1.9369386434555054,11.346294403076172,0.10466382652521133,0.5680609345436096,1.1646180152893066,20.420982360839844,-19.438764572143555,7.5906596183776855,29.197606102470544,992349451,1720698703
1.0,0,-4.90339994430542,-0.3974435329437256,8.7677001953125,0.03488794341683388,0.5587397217750549,1.1675477027893066,21.9918270111084,-20.31438446044922,8.434065818786621,31.103828342007716,4349451,1720698704
1.0,0,-1.8387749195098877,-1.7908902168273926,9.198662757873535,0.07803180813789368,0.6210586428642273,1.1782004833221436,20.77005958557129,-20.83975601196289,7.928022384643555,30.472025609692153,17349451,1720698704
1.0,0,-2.5881714820861816,-0.5865883827209473,9.739761352539062,0.08602141588926315,0.6349073052406311,1.173140287399292,20.944597244262695,-19.964136123657227,6.747252941131592,29.711417117665405,30349451,1720698704
1.0,0,-1.4126006364822388,0.2346353530883789,11.24813175201416,0.10999023169279099,0.5909644365310669,1.1947122812271118,20.77005958557129,-18.73826789855957,6.578571796417236,28.736660660330493,42349451,1720698704
1.0,0,0.787704348564148,-0.2992797791957855,11.118842124938965,0.14620977640151978,0.5619356036186218,1.1923154592514038,21.468212127685547,-20.4895076751709,7.928022384643555,30.717382630387004,55349451,1720698704
1.0,0,-2.45169997215271,-1.5921683311462402,9.186692237854004,0.14114968478679657,0.5704578161239624,1.194179654121399,20.77005958557129,-20.4895076751709,8.940110206604004,30.514600938981555,67349451,1720698704
1.0,0,-4.297657489776611,-1.0893784761428833,8.772488594055176,0.17284178733825684,0.6066773533821106,1.163020133972168,22.340904235839844,-21.014881134033203,8.434065818786621,31.80997795327963,80349451,1720698704
1.0,0,-2.4397287368774414,0.2154814451932907,10.637600898742676,0.16298793256282806,0.604280412197113,1.1803309917449951,22.68998146057129,-22.065624237060547,7.421977996826172,32.5086571398696,92349451,1720698704
1.0,0,-1.8866597414016724,1.3479561805725098,10.984764099121094,0.20932765305042267,0.5957582592964172,1.1915165185928345,21.29367446899414,-22.065624237060547,8.434065818786621,31.803235866783613,105349451,1720698704
1.0,0,-0.2561835050582886,0.3495587706565857,11.513891220092773,0.21172453463077545,0.540363609790802,1.2050987482070923,20.420982360839844,-21.890501022338867,7.253296852111816,30.802936074595326,117349451,1720698704
1.0,0,-1.5873799324035645,-2.197910785675049,10.479580879211426,0.2207794189453125,0.5097368359565735,1.1952449083328247,20.246444702148438,-22.76612091064453,7.421977996826172,31.357623343943217,130349451,1720698704
1.0,0,-5.983201026916504,1.6065338850021362,8.7461519241333,0.25486841797828674,0.5912307500839233,1.201370358467102,19.897367477416992,-21.715375900268555,7.421977996826172,30.37348416640257,142349451,1720698704
1.0,0,-2.9736437797546387,-0.8092525005340576,10.244945526123047,0.2551347315311432,0.5859043598175049,1.2154852151870728,20.595521926879883,-22.065624237060547,6.747252941131592,30.928833128059534,155349451,1720698704
1.0,0,-1.731034278869629,1.4245717525482178,11.066168785095215,0.29002267122268677,0.5616692304611206,1.1768687963485718,19.548290252685547,-23.116369247436523,7.084615707397461,31.09170240930163,167349451,1720698704
1.0,0,-0.22026991844177246,0.9936088919639587,12.126816749572754,0.31479042768478394,0.5297108292579651,1.198973298072815,20.595521926879883,-23.116369247436523,7.759340763092041,31.91785424652166,180349451,1720698704
1.0,0,-2.7461910247802734,-0.7134829759597778,10.058194160461426,0.3070671558380127,0.4996166527271271,1.214419960975647,20.595521926879883,-24.167112350463867,7.759340763092041,32.68688134218856,192349451,1720698704
1.0,0,-5.786873817443848,1.2186672687530518,8.643199920654297,0.32943806052207947,0.5488858819007874,1.2154852151870728,19.37375259399414,-23.991989135742188,8.265384674072266,31.926077367463336,205349451,1720698704
1.0,0,-3.1412405967712402,-0.7924928665161133,10.084531784057617,0.34168878197669983,0.5438258051872253,1.2077618837356567,19.37375259399414,-23.991989135742188,8.265384674072266,31.926077367463336,217349451,1720698704
1.0,0,-1.5945625305175781,-1.714274525642395,10.70703411102295,0.3334328532218933,0.5419615507125854,1.1987069845199585,19.37375259399414,-23.991989135742188,8.265384674072266,31.926077367463336,230349451,1720698704
1.0,0,-1.7094860076904297,-1.563437581062317,10.704639434814453,0.3595322370529175,0.491627037525177,1.230132818222046,19.37375259399414,-23.991989135742188,8.265384674072266,31.926077367463336,242349451,1720698704
1.0,0,-3.5219244956970215,2.2050933837890625,10.798014640808105,0.3928222358226776,0.44555363059043884,1.2213443517684937,19.37375259399414,-24.69248390197754,8.940110206604004,32.6341327650811,255349451,1720698704
1.0,0,-6.3088178634643555,0.6560212969779968,8.20266056060791,0.40134450793266296,0.4934912621974945,1.2229422330856323,19.548290252685547,-26.61884880065918,8.771429061889648,34.17069989133026,267349451,1720698704
1.0,0,-5.712652206420898,0.2657604515552521,9.406962394714355,0.4239816963672638,0.5102694630622864,1.2264044284820557,19.722829818725586,-25.743228912353516,7.5906596183776855,33.30648531944364,280349451,1720698704
1.0,0,-2.4349403381347656,0.9145990014076233,11.525862693786621,0.43303659558296204,0.48310476541519165,1.2261381149291992,18.15198516845703,-26.268600463867188,7.421977996826172,32.7813924852429,292349451,1720698704
1.0,0,-3.090961456298828,1.0486763715744019,10.915331840515137,0.44182518124580383,0.4452873170375824,1.2205454111099243,16.755678176879883,-25.918352127075195,7.084615707397461,31.665525542326545,305349451,1720698704
1.0,0,-3.093355894088745,1.9536983966827393,10.807591438293457,0.4588696360588074,0.40427401661872864,1.2269370555877686,19.024675369262695,-26.79397201538086,8.940110206604004,34.05555431604466,317349451,1720698704
1.0,0,-5.719834804534912,1.4030234813690186,8.65995979309082,0.45487484335899353,0.416524738073349,1.2333287000656128,16.93021583557129,-26.79397201538086,7.5906596183776855,32.59090759770447,330349451,1720698704
1.0,0,-5.082967758178711,1.4126006364822388,9.402173042297363,0.49136069416999817,0.4554075002670288,1.2383887767791748,17.104755401611328,-27.669591903686523,8.771429061889648,33.69149657188397,342349451,1720698704
1.0,0,-3.1651828289031982,0.08619257807731628,11.28404426574707,0.4998829662799835,0.4359661340713501,1.2386550903320312,16.406600952148438,-26.61884880065918,8.09670352935791,32.30009712551511,355349451,1720698704
1.0,0,-3.0526535511016846,1.8603230714797974,10.872236251831055,0.49801871180534363,0.3882948160171509,1.237323522567749,16.23206329345703,-27.14422035217285,8.602747917175293,32.77645266066134,367349451,1720698704
1.0,0,-2.8012585639953613,0.4309628903865814,11.032649993896484,0.4953555166721344,0.3315685987472534,1.2543680667877197,17.104755401611328,-27.669591903686523,8.434065818786621,33.60524422915464,380349451,1720698704
1.0,0,-15.215384483337402,3.5267128944396973,4.000771999359131,0.4921596944332123,0.28416362404823303,1.1281322240829468,15.533909797668457,-29.595956802368164,7.928022384643555,34.35224230790694,392349451,1720698704
1.0,0,-12.246528625488281,1.972852349281311,6.825973033905029,0.4703214466571808,0.2008054107427597,1.1110877990722656,16.406600952148438,-28.370088577270508,8.09670352935791,33.757889281285486,405349451,1720698704
1.0,0,-33.117103576660156,-12.756500244140625,27.67978858947754,0.10439750552177429,0.1414160132408142,0.3526079058647156,14.661218643188477,-29.420833587646484,7.421977996826172,33.698999072386954,417349451,1720698704
1.0,0,-12.933674812316895,9.155567169189453,32.10434341430664,0.11984407901763916,0.1656511425971985,0.33929190039634705,16.057525634765625,-28.7203369140625,7.421977996826172,33.73110788802805,430349451,1720698704
1.0,0,-24.033363342285156,-3.7326173782348633,19.745283126831055,-0.07297173142433167,0.15846049785614014,0.11345238983631134,13.613988876342773,-29.771080017089844,6.747252941131592,33.42429237486951,442349451,1720698704
1.0,0,-17.568920135498047,0.7134829759597778,25.240060806274414,-0.042877547442913055,0.09720686078071594,0.16165633499622345,12.043143272399902,-29.595956802368164,8.940110206604004,33.179564937374,455349451,1720698704
1.0,0,-2.2242472171783447,5.425343990325928,2.217064619064331,0.02689833752810955,0.36485862731933594,-0.09427734464406967,13.78852653503418,-29.595956802368164,7.253296852111816,33.44629184647887,467349451,1720698704
1.0,0,-0.40941473841667175,3.6703672409057617,-0.26097196340560913,0.011185446754097939,0.1275673657655716,-0.13555696606636047,15.533909797668457,-29.245708465576172,7.928022384643555,34.05095235359774,480349451,1720698704
1.0,0,-3.4740395545959473,1.9896119832992554,2.3822669982910156,-0.00825592502951622,-0.05805779621005058,-0.14407920837402344,14.312141418457031,-29.771080017089844,8.771429061889648,34.177369195911524,492349451,1720698704
1.0,0,-2.554651975631714,-0.02154814451932907,4.486802577972412,-0.0412796251475811,-0.10279957950115204,-0.08868461847305298,14.137603759765625,-30.29645347595215,6.915934085845947,34.14054887620347,505349451,1720698704
1.0,0,-5.674344539642334,0.4812418818473816,9.96721363067627,-0.09907110780477524,-0.1368885636329651,-0.03808378428220749,14.661218643188477,-30.121328353881836,7.421977996826172,34.312264735676,518349451,1720698704
1.0,0,-5.291266441345215,3.167577028274536,14.16910171508789,-0.061519961804151535,-0.08522245287895203,0.006125363986939192,14.661218643188477,-30.121328353881836,7.421977996826172,34.312264735676,530349451,1720698704
1.0,0,-6.459654808044434,3.8283870220184326,10.56098461151123,-0.000532640318851918,0.0556609146296978,-0.002396881580352783,14.661218643188477,-30.121328353881836,7.421977996826172,34.312264735676,543349451,1720698704
1.0,0,-4.666370391845703,3.0023748874664307,8.375045776367188,-0.002396881580352783,0.07643388956785202,-0.013582328334450722,14.661218643188477,-30.121328353881836,7.421977996826172,34.312264735676,555349451,1720698704
1.0,0,-4.261744022369385,1.5562547445297241,7.276090145111084,0.000532640318851918,0.027164656668901443,-0.010386486537754536,15.359371185302734,-28.370088577270508,7.759340763092041,33.18101231378971,568349451,1720698704
1.0,0,-5.068602085113525,1.4604852199554443,8.276881217956543,-0.015180249698460102,-0.007456964813172817,-0.013316008262336254,14.661218643188477,-28.7203369140625,7.421977996826172,33.08919524476246,580349451,1720698704
1.0,0,-5.068602085113525,1.4604852199554443,8.276881217956543,-0.015180249698460102,-0.007456964813172817,-0.013316008262336254,14.835756301879883,-27.494468688964844,7.5906596183776855,32.150638982441805,593349451,1720698704
1.0,0,-8.942479133605957,2.5474693775177,12.72776985168457,-0.015712888911366463,-0.11531662940979004,-0.003994802478700876,14.661218643188477,-28.019840240478516,7.421977996826172,32.48304998904334,605349451,1720698704
1.0,0,-15.679866790771484,39.22600173950195,21.344633102416992,0.5723220109939575,-0.39628443121910095,-0.06178628280758858,15.359371185302734,-29.070585250854492,6.747252941131592,33.5638888135257,618349451,1720698704
1.0,0,-15.679866790771484,39.22600173950195,21.344633102416992,0.5723220109939575,-0.39628443121910095,-0.06178628280758858,13.43945026397705,-28.545211791992188,7.253296852111816,32.37372784948403,630349451,1720698704
1.0,0,-5.892220497131348,39.22600173950195,24.32546043395996,1.2229422330856323,-0.46313077211380005,-0.7776548862457275,13.78852653503418,-28.194965362548828,9.952198028564453,32.926065379914924,643349451,1720698704
1.0,0,-9.641597747802734,-13.388580322265625,11.537834167480469,1.4090999364852905,-0.3060018718242645,-0.9345174431800842,15.359371185302734,-30.471576690673828,8.771429061889648,35.233013453454234,655349451,1720698704
1.0,0,-6.703866958618164,-6.316000461578369,5.489987850189209,1.2802010774612427,-0.337693989276886,-0.9979016780853271,15.359371185302734,-29.771080017089844,10.120879173278809,34.995138002756654,668349451,1720698704
1.0,0,-3.7852907180786133,-3.1053268909454346,4.3311767578125,1.4802075624465942,-0.45194533467292786,-0.7954983115196228,17.104755401611328,-32.57306671142578,10.458242416381836,38.248557708438554,680349451,1720698704
1.0,0,-2.573806047439575,-14.57372760772705,4.410186767578125,1.1558294296264648,-0.6034814715385437,-0.7504902482032776,15.882987022399902,-30.9969482421875,9.952198028564453,36.223284261402036,693349451,1720698704
1.0,0,-2.0781986713409424,11.6766996383667,10.786043167114258,1.2311981916427612,-0.6903018951416016,-0.6263850927352905,16.057525634765625,-33.2735595703125,10.795604705810547,38.49050502337438,705349451,1720698704
1.0,0,-3.225038766860962,5.236199378967285,12.34469223022461,1.1853910684585571,-0.6303797960281372,-0.7153359651565552,15.359371185302734,-33.623809814453125,11.807692527770996,38.805830392826294,718349451,1720698704
1.0,0,-6.945684909820557,5.56181526184082,10.161147117614746,1.2109578847885132,-0.5859043598175049,-0.7736600637435913,15.359371185302734,-33.623809814453125,12.819780349731445,39.12566469546278,730349451,1720698704
1.0,0,-1.5059758424758911,9.153172492980957,11.327140808105469,1.2738094329833984,-0.5257160067558289,-0.8120101690292358,15.359371185302734,-33.974056243896484,12.145055770874023,39.21286983311716,743349451,1720698704
1.0,0,-2.2864975929260254,-0.4596937298774719,9.723001480102539,1.2588953971862793,-0.5685935616493225,-0.7784538269042969,15.70844841003418,-33.623809814453125,13.157143592834473,39.37545384388204,755349451,1720698704
1.0,0,-4.130061149597168,-4.000771999359131,8.063794136047363,1.1595580577850342,-0.5867033004760742,-0.7470280528068542,17.279293060302734,-34.499427795410156,14.675274848937988,41.28132966325597,768349451,1720698704
1.0,0,-5.9927778244018555,3.8858487606048584,7.965630531311035,1.1787331104278564,-0.5720556974411011,-0.7105422019958496,16.23206329345703,-36.60091781616211,13.663187026977539,42.30590672095819,780349451,1720698704
1.0,0,-2.5690176486968994,6.519510746002197,10.036646842956543,1.198973298072815,-0.6072099804878235,-0.7366415858268738,16.755678176879883,-35.72529602050781,15.181319236755371,42.27909626149025,793349451,1720698704
1.0,0,-4.496379375457764,0.5171554684638977,8.8945951461792,1.1952449083328247,-0.5872359871864319,-0.757148265838623,16.406600952148438,-36.07554626464844,14.169231414794922,42.087868940846114,805349451,1720698704
1.0,0,-3.4764339923858643,0.4525110125541687,9.145990371704102,1.1449103355407715,-0.5928286910057068,-0.775524377822876,16.406600952148438,-36.07554626464844,14.169231414794922,42.087868940846114,818349451,1720698704
1.0,0,-2.8539319038391113,3.763742446899414,9.567376136779785,1.194179654121399,-0.6359725594520569,-0.7448975443840027,16.406600952148438,-36.07554626464844,14.169231414794922,42.087868940846114,830349451,1720698704
1.0,0,-3.1627886295318604,2.758162498474121,9.071768760681152,1.2224096059799194,-0.6141343116760254,-0.7520881295204163,16.406600952148438,-36.07554626464844,14.169231414794922,42.087868940846114,843349451,1720698704
1.0,0,-2.657604455947876,2.087775707244873,9.495549201965332,1.160090684890747,-0.623988151550293,-0.7395710945129395,16.406600952148438,-36.07554626464844,14.169231414794922,42.087868940846114,855349451,1720698704
1.0,0,-3.426154851913452,4.752562999725342,10.21381950378418,1.1521010398864746,-0.6343746185302734,-0.7377068400382996,17.62837028503418,-36.60091781616211,18.7236270904541,44.73210072547583,868349451,1720698704
1.0,0,-3.095750093460083,4.503561973571777,9.80919361114502,1.2200127840042114,-0.6463590264320374,-0.7345110177993774,17.802907943725586,-38.52728271484375,16.19340705871582,45.42600000893247,880349451,1720698704
1.0,0,-2.8539319038391113,1.9321502447128296,9.239365577697754,1.1542315483093262,-0.6394347548484802,-0.7568818926811218,17.802907943725586,-39.578025817871094,17.880220413208008,46.936829259311274,893349451,1720698704
1.0,0,-4.268926620483398,4.575389385223389,9.323163032531738,1.1742056608200073,-0.6319777965545654,-0.7459627985954285,16.581140518188477,-39.92827224731445,19.398351669311523,47.38667737904668,905349451,1720698704
1.0,0,-3.584174633026123,5.9448933601379395,9.019095420837402,1.2032345533370972,-0.6642025113105774,-0.7294509410858154,19.024675369262695,-40.103397369384766,18.04890251159668,47.91642344067145,918349451,1720698704
1.0,0,-3.251375675201416,0.5530690550804138,9.227394104003906,1.1667487621307373,-0.6911008358001709,-0.7150696516036987,19.722829818725586,-40.103397369384766,19.398351669311523,48.71928308289716,930349451,1720698704
1.0,0,-3.1316637992858887,0.4237801730632782,8.772488594055176,1.11375093460083,-0.667664647102356,-0.7310488820075989,18.326522827148438,-39.75314712524414,20.073078155517578,48.15706191134189,943349451,1720698704
1.0,0,-4.678341388702393,7.783668518066406,9.251337051391602,1.191250205039978,-0.6844428181648254,-0.7198634147644043,18.85013771057129,-40.27852249145508,19.904396057128906,48.72239780841254,955349451,1720698704
1.0,0,-2.449305772781372,5.602517127990723,10.065377235412598,1.1680803298950195,-0.6708605289459229,-0.7156022787094116,19.199214935302734,-39.92827224731445,20.916484832763672,48.99363342871037,968349451,1720698704
1.0,0,-2.1332662105560303,1.9369386434555054,8.94487476348877,1.1283985376358032,-0.691899836063385,-0.7097432613372803,19.722829818725586,-41.504390716552734,22.434616088867188,51.136253909193805,980349451,1720698704
1.0,0,-3.8020501136779785,6.533876419067383,8.707844734191895,1.1598243713378906,-0.7209286689758301,-0.7054821252822876,19.024675369262695,-39.75314712524414,21.08516502380371,48.85524704008949,993349451,1720698704
1.0,0,-3.9409162998199463,6.045451641082764,8.973605155944824,1.152899980545044,-0.689236581325531,-0.7086779475212097,19.722829818725586,-40.80389404296875,22.434616088867188,50.56935617726501,5349451,1720698705
1.0,0,-3.1603944301605225,3.6464247703552246,9.16993236541748,1.1401166915893555,-0.702019989490509,-0.7182655334472656,19.548290252685547,-41.67951202392578,22.60329818725586,51.2857335259799,18349451,1720698705
1.0,0,-2.6121137142181396,2.4062094688415527,9.442874908447266,1.1185446977615356,-0.7334457635879517,-0.6924324631690979,20.420982360839844,-42.20488357543945,25.47088050842285,53.357609317439305,31349451,1720698705
1.0,0,-4.175551414489746,6.14600944519043,8.559401512145996,1.1172131299972534,-0.7179992198944092,-0.6852418184280396,20.246444702148438,-42.380008697509766,23.615385055541992,52.57061985177342,43349451,1720698705
1.0,0,-4.098936080932617,5.82757568359375,8.600103378295898,1.1584928035736084,-0.7425006031990051,-0.6958945989608765,21.119136810302734,-41.854637145996094,23.784067153930664,52.56910157704774,56349451,1720698705
1.0,0,-4.098936080932617,5.82757568359375,8.600103378295898,1.1584928035736084,-0.7425006031990051,-0.6958945989608765,20.420982360839844,-43.60587692260742,24.796154022216797,54.16030167073312,68349451,1720698705
1.0,0,-3.0502593517303467,3.7206461429595947,8.94487476348877,1.1172131299972534,-0.7307825088500977,-0.6926987767219543,19.548290252685547,-42.73025894165039,24.627473831176758,53.052079585337935,81349451,1720698705
1.0,0,-4.17076301574707,4.9656500816345215,8.705450057983398,1.1307954788208008,-0.7598114609718323,-0.6751216650009155,21.29367446899414,-43.08050537109375,26.651649475097656,54.95144161133358,93349451,1720698705
1.0,0,-5.9927778244018555,2.7222487926483154,7.465234756469727,1.1190773248672485,-0.735576331615448,-0.6921661496162415,20.246444702148438,-43.781002044677734,25.9769229888916,54.78590321500628,106349451,1720698705
1.0,0,-4.731014728546143,4.783688068389893,7.53466796875,1.108690857887268,-0.7443649172782898,-0.6833775639533997,21.468212127685547,-45.00687026977539,27.15769386291504,56.78065550336232,118349451,1720698705
1.0,0,-4.237801551818848,2.6456332206726074,7.831552982330322,1.103630781173706,-0.7821823358535767,-0.6713931560516357,21.468212127685547,-45.00687026977539,27.15769386291504,56.78065550336232,131349451,1720698705
1.0,0,-3.816415786743164,3.8810603618621826,8.334343910217285,1.1166805028915405,-0.7824486494064331,-0.6764532327651978,21.468212127685547,-45.00687026977539,27.15769386291504,56.78065550336232,143349451,1720698705
1.0,0,-5.492382049560547,1.1061381101608276,7.182714939117432,1.085787296295166,-0.8048195242881775,-0.662071943283081,21.468212127685547,-45.00687026977539,27.15769386291504,56.78065550336232,156349451,1720698705
1.0,0,-2.8730859756469727,6.452471733093262,8.863470077514648,1.1342575550079346,-0.7962972521781921,-0.6596750617027283,21.468212127685547,-45.00687026977539,27.15769386291504,56.78065550336232,168349451,1720698705
1.0,0,0.8236179351806641,5.765325546264648,10.1276273727417,1.119343638420105,-0.826657772064209,-0.6673983335494995,20.595521926879883,-45.18199157714844,28.338462829589844,57.17216422230444,182361631,1720698705
1.0,0,-2.2026991844177246,2.0781986713409424,8.303217887878418,1.0740692615509033,-0.8354463577270508,-0.6375705003738403,21.468212127685547,-46.057613372802734,29.51923179626465,58.76710752963331,194361631,1720698705
1.0,0,-3.581780433654785,5.178737163543701,8.248150825500488,1.099103331565857,-0.805884838104248,-0.67032790184021,21.119136810302734,-45.707366943359375,29.51923179626465,58.36579801860664,207361631,1720698705
1.0,0,-3.5506551265716553,7.22820520401001,8.243362426757812,1.137719750404358,-0.7946993708610535,-0.6679309606552124,22.340904235839844,-46.933231353759766,29.687911987304688,59.85997264906204,219361631,1720698705
1.0,0,-1.5418894290924072,4.539475917816162,8.935297012329102,1.1057612895965576,-0.8144071102142334,-0.6767195463180542,20.420982360839844,-45.00687026977539,31.543407440185547,58.63123267508263,232361631,1720698705
1.0,0,-1.5418894290924072,4.539475917816162,8.935297012329102,1.1057612895965576,-0.8144071102142334,-0.6767195463180542,20.595521926879883,-45.88248825073242,30.700000762939453,58.92256187882254,244361631,1720698705
1.0,0,-2.291285991668701,5.935316562652588,8.075765609741211,1.0887168645858765,-0.8791228532791138,-0.6194607019424438,23.388134002685547,-46.23273849487305,31.037363052368164,60.39692729028026,257361631,1720698705
1.0,0,0.5219439268112183,8.123650550842285,10.237763404846191,1.1379860639572144,-0.8695353269577026,-0.6428968906402588,22.864519119262695,-44.656620025634766,30.868682861328125,58.90564937476121,269361631,1720698705
1.0,0,-2.731825828552246,5.573786735534668,8.564190864562988,1.083923101425171,-0.8484960198402405,-0.6378368139266968,23.21359634399414,-47.80885314941406,31.880769729614258,61.97532551940995,282361631,1720698705
1.0,0,-2.0231313705444336,6.6416168212890625,8.655171394348145,1.0903147459030151,-0.8596814870834351,-0.6109384894371033,23.21359634399414,-46.75811004638672,33.904945373535156,62.24738734368144,294361631,1720698705
1.0,0,0.019153906032443047,-1.3527445793151855,9.888203620910645,0.9342511296272278,-0.6751216650009155,-0.7403700947761536,22.51544189453125,-47.4586067199707,32.89285659790039,61.97745146968291,307361631,1720698705
1.0,0,-10.98715877532959,0.9505125284194946,3.976829767227173,0.8881778120994568,-0.3709839880466461,-0.6114711165428162,22.864519119262695,-45.35711669921875,34.2423095703125,61.25838746270418,319361631,1720698705
1.0,0,-3.8547234535217285,-39.22719955444336,2.2841031551361084,0.09534262120723724,-0.1494056135416031,-0.22290997207164764,23.21359634399414,-46.407859802246094,33.230220794677734,61.618244706497926,332361631,1720698705
1.0,0,-13.30717658996582,19.55853271484375,1.2019076347351074,0.26365697383880615,-0.1475413739681244,0.1994738131761551,23.9117488861084,-46.75811004638672,32.55549621582031,61.78958588435925,344361631,1720698705
1.0,0,-5.387036323547363,3.1388463973999023,4.697495460510254,0.024235136806964874,-0.02077297307550907,0.32544323801994324,22.51544189453125,-46.75811004638672,34.57966995239258,62.36200407966718,357361631,1720698705
1.0,0,4.312023162841797,13.769264221191406,12.957616806030273,-0.2239752560853958,-0.10812598466873169,0.21119190752506256,22.166366577148438,-46.75811004638672,33.904945373535156,61.86448078764532,369361631,1720698705
1.0,0,-0.289702832698822,23.46592903137207,12.062171936035156,-0.0751022920012474,0.10359854996204376,0.034621622413396835,23.21359634399414,-46.057613372802734,33.230220794677734,61.35488879366915,382361631,1720698705
1.0,0,-2.0303139686584473,9.337529182434082,9.385414123535156,-0.05699251592159271,0.1669827401638031,-0.12437152117490768,23.388134002685547,-47.983978271484375,33.06153869628906,62.789587702517046,394361631,1720698705
1.0,0,-5.504354000091553,2.8802685737609863,7.431715488433838,-0.04341018572449684,0.12490416318178177,-0.1507372111082077,22.340904235839844,-46.582984924316406,33.736263275146484,61.70272235731624,407361631,1720698705
1.0,0,-5.449285984039307,0.4429340660572052,7.616071701049805,-0.02050665207207203,0.09241309762001038,-0.03621954470872879,23.0390567779541,-45.53224182128906,32.38681411743164,60.439133937931366,419361631,1720698705
1.0,0,-2.626479387283325,3.4955875873565674,7.723812580108643,-0.014114969410002232,0.04021434485912323,0.10839231312274933,22.166366577148438,-47.10835647583008,31.880769729614258,61.048575213833566,432361631,1720698705
1.0,0,-2.4612767696380615,10.110868453979492,7.26890754699707,-0.03089314140379429,0.015712888911366463,0.1025332659482956,22.166366577148438,-47.10835647583008,31.880769729614258,61.048575213833566,444361631,1720698705
1.0,0,-2.401421070098877,11.590506553649902,7.656774044036865,-0.03089314140379429,0.030626820400357246,0.005060083232820034,22.166366577148438,-47.10835647583008,31.880769729614258,61.048575213833566,457361631,1720698705
1.0,0,-2.636056423187256,7.915351867675781,8.645594596862793,0.000532640318851918,0.02982785925269127,-0.07164012640714645,22.166366577148438,-47.10835647583008,31.880769729614258,61.048575213833566,469361631,1720698705
1.0,0,-4.233013153076172,4.089359283447266,7.197080135345459,-0.01757713221013546,0.033556342124938965,-0.059389397501945496,22.166366577148438,-47.10835647583008,31.880769729614258,61.048575213833566,482361631,1720698705
1.0,0,-3.967252731323242,2.889845609664917,7.750148773193359,-0.023968815803527832,0.04527442902326584,0.0007989605655893683,23.388134002685547,-48.334224700927734,33.736263275146484,63.41401697840428,495361631,1720698705
1.0,0,-3.7733194828033447,4.879457473754883,8.252939224243164,-0.0015979211311787367,0.021039292216300964,0.05033451318740845,22.340904235839844,-46.582984924316406,34.07362747192383,61.88782251484938,507361631,1720698705
1.0,0,-2.7246429920196533,7.608889102935791,7.355099678039551,-0.02583305537700653,0.02796361781656742,0.05086715519428253,23.9117488861084,-45.00687026977539,32.89285659790039,60.65748199062287,520361631,1720698705
1.0,0,-2.9209704399108887,9.409356117248535,8.01351547241211,-0.0098538463935256,0.04048066586256027,0.006658004131168127,23.21359634399414,-46.407859802246094,31.880769729614258,60.90110003275405,532361631,1720698705
1.0,0,-3.019134521484375,7.47241735458374,7.470023155212402,-0.018376091495156288,0.03808378428220749,-0.04341018572449684,23.21359634399414,-47.10835647583008,33.230220794677734,62.14753317018152,545361631,1720698705
1.0,0,-3.9121851921081543,4.199493885040283,7.623254299163818,0.0037284824065864086,0.0394153855741024,-0.05273139104247093,22.166366577148438,-47.4586067199707,33.904945373535156,62.3956126648002,557361631,1720698705
1.0,0,-3.8499350547790527,3.5458667278289795,8.41574764251709,-0.03595322370529175,0.03222474083304405,0.023436175659298897,23.0390567779541,-46.582984924316406,33.06153869628906,61.59413902834507,570361631,1720698705
1.0,0,-4.484408378601074,6.0981245040893555,7.371859073638916,-0.011185446754097939,0.02796361781656742,0.04767131060361862,24.609901428222656,-48.50934982299805,32.55549621582031,63.39293811155251,582361631,1720698705
1.0,0,-4.5538411140441895,7.625648498535156,7.063002586364746,-0.021305613219738007,0.042877547442913055,0.013049688190221786,23.0390567779541,-46.582984924316406,32.724178314208984,61.41371563435181,595361631,1720698705
1.0,0,-2.727037191390991,7.6519856452941895,7.924928665161133,-0.002396881580352783,0.04953555390238762,-0.022104574367403984,22.864519119262695,-48.15909957885742,33.56758499145508,62.99895133222453,607361631,1720698705
1.0,0,-4.063022136688232,6.213047981262207,7.089339256286621,-0.01757713221013546,0.03435530140995979,-0.021838253363966942,21.817289352416992,-46.75811004638672,34.2423095703125,61.9261716441943,620361631,1720698705
1.0,0,-3.581780433654785,4.85072660446167,7.83394718170166,-0.018908733502030373,0.021838253363966942,-0.006924324203282595,24.086286544799805,-46.582984924316406,32.38681411743164,61.636267024004326,632361631,1720698705
1.0,0,-3.718251943588257,5.0925445556640625,8.353497505187988,-0.010120166465640068,0.027164656668901443,0.013316008262336254,23.0390567779541,-47.28348159790039,33.06153869628906,62.125607523814175,645361631,1720698705
1.0,0,-3.3639047145843506,6.636828422546387,8.018303871154785,-0.018376091495156288,0.035686902701854706,0.023169854655861855,23.562671661376953,-48.15909957885742,32.21813201904297,62.5500311659766,657361631,1720698705
1.0,0,-3.203490734100342,6.988780975341797,7.474811553955078,-0.02050665207207203,0.03994802385568619,0.009321206249296665,22.864519119262695,-47.80885314941406,33.904945373535156,62.91278085412988,670361631,1720698705
1.0,0,-3.4931933879852295,6.9480791091918945,7.551427364349365,-0.013582328334450722,0.03648586571216583,-0.0018642412032932043,21.29367446899414,-46.933231353759766,32.0494499206543,60.69032886641462,682361631,1720698705
1.0,0,-3.536289930343628,6.13403844833374,7.424532890319824,-0.017310811206698418,0.02796361781656742,-0.005859043914824724,24.086286544799805,-47.28348159790039,33.398902893066406,62.700586488466506,695361631,1720698705
1.0,0,-3.4907991886138916,5.564209461212158,7.946476459503174,-0.015712888911366463,0.021305613219738007,0.000266320159425959,23.0390567779541,-46.582984924316406,32.724178314208984,61.41371563435181,707361631,1720698705
1.0,0,-3.4668569564819336,6.004749774932861,8.104496955871582,-0.015712888911366463,0.030626820400357246,0.011185446754097939,22.51544189453125,-47.10835647583008,32.89285659790039,61.70966203707434,720361631,1720698705
1.0,0,-3.3351738452911377,6.368673324584961,7.649591445922852,-0.015180249698460102,0.027164656668901443,0.01145176775753498,23.388134002685547,-46.933231353759766,33.736263275146484,62.35277441464102,732361631,1720698705
1.0,0,-3.3423564434051514,6.787665367126465,7.637619972229004,-0.013049688190221786,0.029295219108462334,0.0018642412032932043,22.864519119262695,-45.35711669921875,33.56758499145508,60.8837994213587,745361631,1720698705
1.0,0,-3.3591160774230957,6.459654808044434,7.821976184844971,-0.01384864840656519,0.028496257960796356,-0.0034621621016412973,22.864519119262695,-45.35711669921875,33.56758499145508,60.8837994213587,757361631,1720698705
1.0,0,-3.512347459793091,5.906585693359375,7.810005187988281,-0.015446570701897144,0.03169209882616997,-0.006391684524714947,22.864519119262695,-45.35711669921875,33.56758499145508,60.8837994213587,770361631,1720698705
1.0,0,-3.4884049892425537,5.760537147521973,7.8267645835876465,-0.012250727973878384,0.02902889810502529,0.002929521957412362,22.864519119262695,-45.35711669921875,33.56758499145508,60.8837994213587,782361631,1720698705
1.0,0,-3.42854905128479,6.339942932128906,7.776485919952393,-0.012783369049429893,0.02982785925269127,0.00719064474105835,23.562671661376953,-46.407859802246094,32.55549621582031,61.3901399339102,795361631,1720698705
1.0,0,-3.3423564434051514,6.648799896240234,7.671139240264893,-0.015979209914803505,0.032491061836481094,0.003994802478700876,24.086286544799805,-46.933231353759766,31.374725341796875,61.3779341058082,807361631,1720698705
1.0,0,-3.433337450027466,6.3303656578063965,7.663956642150879,-0.013316008262336254,0.026099376380443573,-0.0031958422623574734,23.388134002685547,-47.28348159790039,34.41099166870117,62.982924604768726,820361631,1720698705
1.0,0,-3.457279920578003,6.083759307861328,7.759726524353027,-0.017044490203261375,0.026099376380443573,-0.000532640318851918,23.562671661376953,-46.407859802246094,32.21813201904297,61.211902258002624,832361631,1720698705
1.0,0,-3.5195302963256836,5.968835830688477,7.845918655395508,-0.014913929626345634,0.02769729681313038,0.0037284824065864086,22.340904235839844,-46.933231353759766,32.724178314208984,61.422439333851365,845361631,1720698705
1.0,0,-3.4381263256073,6.157980918884277,7.802822589874268,-0.01384864840656519,0.029295219108462334,0.006658004131168127,22.340904235839844,-46.582984924316406,33.398902893066406,61.518917423785474,857361631,1720698705
1.0,0,-3.3639047145843506,6.447683334350586,7.874650001525879,-0.017843451350927353,0.03195841982960701,0.004261122550815344,23.388134002685547,-47.63372802734375,33.06153869628906,62.52233360069623,870361631,1720698705
1.0,0,-3.3926355838775635,6.4357123374938965,7.582552433013916,-0.014647609554231167,0.028229938820004463,-0.0013316008262336254,23.562671661376953,-46.75811004638672,34.2423095703125,62.56241775731643,882361631,1720698705
1.0,0,-3.4644627571105957,6.220230579376221,7.661562442779541,-0.019175052642822266,0.03009418025612831,-0.001065280637703836,22.51544189453125,-46.407859802246094,32.89285659790039,61.176585310893095,895361631,1720698705
1.0,0,-3.4429147243499756,5.990383625030518,7.968024730682373,-0.014913929626345634,0.02982785925269127,0.0007989605655893683,23.737211227416992,-47.28348159790039,32.38681411743164,62.03296347548669,907361631,1720698705
1.0,0,-3.4213664531707764,6.105307102203369,7.9321112632751465,-0.019175052642822266,0.03169209882616997,0.002396881580352783,23.737211227416992,-46.933231353759766,31.71208953857422,61.41530774215089,920361631,1720698705
1.0,0,-3.404606819152832,6.390222072601318,7.776485919952393,-0.011984407901763916,0.03222474083304405,0.007723285350948572,24.43536376953125,-47.63372802734375,31.71208953857422,62.22311203431425,932361631,1720698705
1.0,0,-3.409395217895508,6.438106536865234,7.656774044036865,-0.012250727973878384,0.030360499396920204,0.0,23.737211227416992,-47.28348159790039,34.41099166870117,63.113383497459694,945361631,1720698705
1.0,0,-3.4381263256073,6.253750324249268,7.6208600997924805,-0.015712888911366463,0.028496257960796356,0.001065280637703836,22.864519119262695,-47.10835647583008,32.55549621582031,61.659093556970994,957361631,1720698705
1.0,0,-3.3639047145843506,6.117279052734375,7.953659534454346,-0.013049688190221786,0.02689833752810955,-0.0015979211311787367,22.864519119262695,-47.4586067199707,32.21813201904297,61.75041390268133,970361631,1720698705
1.0,0,-3.4644627571105957,6.03826904296875,7.831552982330322,-0.010919126681983471,0.03275737911462784,0.006125363986939192,23.0390567779541,-46.582984924316406,32.0494499206543,61.0568576156144,982361631,1720698705
1.0,0,-3.349539279937744,6.277692794799805,7.831552982330322,-0.011718087829649448,0.03115946054458618,0.002663201652467251,21.9918270111084,-46.582984924316406,33.06153869628906,61.21013217361833,995361631,1720698705
1.0,0,-3.3950297832489014,6.512328147888184,7.608889102935791,-0.012783369049429893,0.0287625789642334,0.0034621621016412973,21.817289352416992,-47.80885314941406,33.230220794677734,62.17658826449357,8361631,1720698706
1.0,0,-3.3902413845062256,6.296846389770508,7.6998701095581055,-0.015446570701897144,0.029561540111899376,0.0007989605655893683,22.864519119262695,-47.4586067199707,30.53131866455078,60.88733042064108,20361631,1720698706
1.0,0,-3.4500973224639893,6.126855850219727,7.891409397125244,-0.015712888911366463,0.023968815803527832,-0.000532640318851918,23.737211227416992,-47.28348159790039,32.724178314208984,62.209763503923895,33361631,1720698706
1.0,0,-3.4907991886138916,6.09333610534668,7.8531012535095215,-0.014647609554231167,0.028229938820004463,0.0013316008262336254,22.340904235839844,-45.88248825073242,33.398902893066406,60.99020777644593,45361631,1720698706
1.0,0,-3.4357316493988037,6.191500186920166,7.8052167892456055,-0.017310811206698418,0.029561540111899376,0.006658004131168127,22.340904235839844,-45.88248825073242,33.398902893066406,60.99020777644593,58361631,1720698706
1.0,0,-3.4165778160095215,6.395010471343994,7.625648498535156,-0.012783369049429893,0.027430977672338486,0.002663201652467251,22.340904235839844,-45.88248825073242,33.398902893066406,60.99020777644593,70361631,1720698706
1.0,0,-3.409395217895508,6.272904396057129,7.685504913330078,-0.01757713221013546,0.02796361781656742,0.002130561275407672,22.340904235839844,-45.88248825073242,33.398902893066406,60.99020777644593,83361631,1720698706
1.0,0,-3.40700101852417,6.136432647705078,7.891409397125244,-0.01384864840656519,0.029295219108462334,-0.000266320159425959,23.388134002685547,-47.28348159790039,33.06153869628906,62.255905624388596,95361631,1720698706
1.0,0,-3.48122239112854,6.150798320770264,7.860283851623535,-0.01864241249859333,0.03701850399374962,0.002929521957412362,21.9918270111084,-46.582984924316406,33.736263275146484,61.57719057829453,108361631,1720698706
1.0,0,-3.3615105152130127,6.2250189781188965,7.9057745933532715,-0.011185446754097939,0.02982785925269127,0.000266320159425959,22.51544189453125,-46.75811004638672,33.904945373535156,61.99041296521928,120361631,1720698706
1.0,0,-3.4955875873565674,6.313606262207031,7.599311828613281,-0.014647609554231167,0.027164656668901443,0.0034621621016412973,23.737211227416992,-47.63372802734375,33.398902893066406,62.8324275919564,133361631,1720698706
1.0,0,-3.404606819152832,6.351913928985596,7.754937171936035,-0.015979209914803505,0.029561540111899376,0.0031958422623574734,24.43536376953125,-46.933231353759766,32.0494499206543,61.862609450874174,145361631,1720698706
1.0,0,-3.3734817504882812,6.157980918884277,7.764514923095703,-0.015979209914803505,0.028496257960796356,0.0013316008262336254,23.562671661376953,-46.75811004638672,32.21813201904297,61.47786904023552,158361631,1720698706
1.0,0,-3.3423564434051514,6.088547706604004,7.786062717437744,-0.018109772354364395,0.028496257960796356,-0.0018642412032932043,22.166366577148438,-47.4586067199707,33.230220794677734,62.031562394448876,170361631,1720698706
1.0,0,-3.4213664531707764,6.1292500495910645,7.874650001525879,-0.012517048045992851,0.03195841982960701,0.0031958422623574734,22.864519119262695,-46.057613372802734,31.206045150756836,60.14904187187673,183361631,1720698706
1.0,0,-3.4955875873565674,6.236990928649902,7.685504913330078,-0.013582328334450722,0.03009418025612831,0.0018642412032932043,21.9918270111084,-47.983978271484375,32.724178314208984,62.104544699924716,195361631,1720698706
1.0,0,-3.3686931133270264,6.215442180633545,7.711841106414795,-0.015180249698460102,0.02982785925269127,0.0013316008262336254,23.9117488861084,-45.707366943359375,32.21813201904297,60.81893749880616,208361631,1720698706
1.0,0,-3.4165778160095215,6.260932922363281,7.829158782958984,-0.0098538463935256,0.0287625789642334,-0.0013316008262336254,23.21359634399414,-48.15909957885742,32.55549621582031,62.59417114497558,220361631,1720698706
1.0,0,-3.4405205249786377,6.0981245040893555,7.788456916809082,-0.013582328334450722,0.02796361781656742,0.003994802478700876,23.9117488861084,-48.859596252441406,33.230220794677734,63.74385817321481,233361631,1720698706
1.0,0,-3.454885721206665,6.191500186920166,7.829158782958984,-0.011984407901763916,0.0287625789642334,0.004527443088591099,22.864519119262695,-46.75811004638672,33.56758499145508,61.93456104489399,245361631,1720698706
1.0,0,-3.380664348602295,6.244173526763916,7.771697521209717,-0.013582328334450722,0.02902889810502529,0.002663201652467251,22.864519119262695,-47.10835647583008,33.56758499145508,62.199407123923386,258361631,1720698706
1.0,0,-3.4477031230926514,6.287269592285156,7.745360374450684,-0.015180249698460102,0.02982785925269127,0.0018642412032932043,22.51544189453125,-46.407859802246094,33.56758499145508,61.54199653317645,270361631,1720698706
1.0,0,-3.4117894172668457,6.299240589141846,7.793245315551758,-0.013049688190221786,0.026099376380443573,0.000266320159425959,23.562671661376953,-47.10835647583008,33.230220794677734,62.27876299139837,283361631,1720698706
1.0,0,-3.4740395545959473,6.169951915740967,7.766909122467041,-0.016245530918240547,0.028496257960796356,0.000266320159425959,23.21359634399414,-47.4586067199707,32.89285659790039,62.23447936789369,295361631,1720698706
1.0,0,-3.4141836166381836,6.105307102203369,7.810005187988281,-0.01757713221013546,0.026632016524672508,0.0013316008262336254,23.21359634399414,-46.407859802246094,33.230220794677734,61.618244706497926,308361631,1720698706
1.0,0,-3.4429147243499756,6.131644248962402,7.742966175079346,-0.016245530918240547,0.02902889810502529,0.001065280637703836,22.51544189453125,-47.10835647583008,32.724178314208984,61.61991739608258,320361631,1720698706
1.0,0,-3.3447508811950684,6.296846389770508,7.795639991760254,-0.015712888911366463,0.031425777822732925,0.004261122550815344,22.864519119262695,-46.407859802246094,32.89285659790039,61.305918973212506,333361631,1720698706
1.0,0,-3.3471450805664062,6.220230579376221,7.764514923095703,-0.014647609554231167,0.03195841982960701,0.000266320159425959,22.68998146057129,-46.933231353759766,34.74835205078125,62.64991168574495,345361631,1720698706
1.0,0,-3.433337450027466,6.062211036682129,7.7477545738220215,-0.017044490203261375,0.033556342124938965,0.000532640318851918,22.68998146057129,-46.933231353759766,34.74835205078125,62.64991168574495,358361631,1720698706
