IMU,nth_pos,acc.x,acc.y,acc.z,gyr.x,gyr.y,gyr.z,mag.x,mag.y,mag.z,mag.norm,nsecs,secs
5.0,0,-0.02633661963045597,0.17717362940311432,10.465215682983398,0.0013316008262336254,-0.002130561275407672,-0.002130561275407672,11.694067001342773,23.641740798950195,16.699451446533203,31.217860106864467,656553689,1720698287
5.0,0,0.04788476601243019,0.11013495922088623,10.541831016540527,-0.000532640318851918,-0.001065280637703836,-0.0015979211311787367,11.51952838897705,21.365129470825195,15.518681526184082,28.809681843448022,669553689,1720698287
5.0,0,-0.11013495922088623,0.07900986075401306,10.58253288269043,-0.0037284824065864086,-0.0015979211311787367,-0.0007989605655893683,10.64683723449707,22.59099578857422,16.362089157104492,29.856761301291332,681553689,1720698287
5.0,0,-0.09816376864910126,0.10055800527334213,10.50831127166748,-0.002396881580352783,-0.000266320159425959,0.0015979211311787367,10.123222351074219,23.116369247436523,16.19340705871582,29.98453918475962,694553689,1720698287
5.0,0,-0.03591357171535492,0.15323124825954437,10.489157676696777,0.0,-0.0007989605655893683,-0.0018642412032932043,10.123222351074219,23.116369247436523,16.19340705871582,29.98453918475962,706553689,1720698287
5.0,0,-0.11492343246936798,0.16520243883132935,10.520282745361328,-0.0031958422623574734,-0.005859043914824724,-0.0015979211311787367,11.170452117919922,22.065624237060547,16.53076934814453,29.747892509074493,719553689,1720698287
5.0,0,0.004788476508110762,0.22026991844177246,10.49634075164795,-0.002663201652467251,-0.0018642412032932043,-0.000532640318851918,11.694067001342773,21.890501022338867,16.362089157104492,29.72647304383669,731553689,1720698287
5.0,0,-0.009576953016221523,0.15562549233436584,10.510705947875977,-0.002929521957412362,-0.0034621621016412973,-0.002130561275407672,11.694067001342773,21.890501022338867,16.362089157104492,29.72647304383669,744553689,1720698287
5.0,0,-0.019153906032443047,0.17477938532829285,10.503522872924805,-0.002663201652467251,0.000532640318851918,-0.0013316008262336254,11.51952838897705,20.66463279724121,15.85604476928711,28.480532626250206,756553689,1720698287
5.0,0,-0.05267323926091194,0.1412600576877594,10.565773010253906,-0.002130561275407672,-0.0013316008262336254,-0.0034621621016412973,11.694067001342773,23.991989135742188,15.687362670898438,30.95900665864076,769553689,1720698287
5.0,0,0.04549052566289902,0.13647158443927765,10.568167686462402,-0.006125363986939192,-0.0007989605655893683,-0.002130561275407672,10.821375846862793,21.365129470825195,16.53076934814453,29.100468514540164,781553689,1720698287
5.0,0,0.016759667545557022,0.16280819475650787,10.477187156677246,-0.0015979211311787367,-0.0007989605655893683,-0.0007989605655893683,11.694067001342773,22.24074935913086,16.699451446533203,30.1707443345817,794553689,1720698287
5.0,0,0.016759667545557022,0.1221061497926712,10.470004081726074,-0.0031958422623574734,-0.0015979211311787367,-0.004261122550815344,10.821375846862793,22.065624237060547,15.518681526184082,29.06584635790512,806553689,1720698287
5.0,0,-0.06943290680646896,0.13407734036445618,10.58253288269043,-0.001065280637703836,0.0037284824065864086,-0.002130561275407672,10.297760963439941,22.24074935913086,15.350000381469727,28.919151519831075,819553689,1720698287
5.0,0,-0.06703867018222809,0.1412600576877594,10.556196212768555,-0.002130561275407672,-0.0007989605655893683,-0.0031958422623574734,10.297760963439941,22.24074935913086,15.350000381469727,28.919151519831075,831553689,1720698287
5.0,0,-0.05267323926091194,0.19393329322338104,10.546619415283203,-0.002130561275407672,-0.0007989605655893683,-0.0015979211311787367,11.51952838897705,22.41587257385254,15.85604476928711,29.77557779921793,844553689,1720698287
5.0,0,-0.04309628903865814,0.1412600576877594,10.486763954162598,-0.003994802478700876,0.0018642412032932043,-0.002396881580352783,10.9959135055542,21.540252685546875,18.04890251159668,30.17706880152477,856553689,1720698287
5.0,0,-0.019153906032443047,0.21069295704364777,10.503522872924805,-0.004793763160705566,-0.005326403304934502,-0.0034621621016412973,10.9959135055542,21.540252685546875,18.04890251159668,30.17706880152477,869553689,1720698287
5.0,0,-0.05746171623468399,0.1221061497926712,10.493946075439453,-0.0015979211311787367,-0.001065280637703836,0.0018642412032932043,11.344990730285645,21.890501022338867,16.02472496032715,29.4056909412688,881553689,1720698287
5.0,0,0.03112509660422802,0.14604853093624115,10.553802490234375,-0.000266320159425959,0.0,-0.0018642412032932043,11.868605613708496,23.116369247436523,17.205495834350586,31.16503510832993,894553689,1720698287
5.0,0,0.03830781206488609,0.1316830962896347,10.55859088897705,-0.005060083232820034,-0.006125363986939192,-0.0034621621016412973,11.868605613708496,23.466615676879883,18.55494499206543,32.18434144422892,906553689,1720698287
5.0,0,-0.004788476508110762,0.14844277501106262,10.501129150390625,-0.004793763160705566,-0.0015979211311787367,-0.002130561275407672,11.868605613708496,22.065624237060547,16.53076934814453,30.01702695848577,919553689,1720698287
5.0,0,0.033519335091114044,0.11971191316843033,10.5059175491333,-0.004261122550815344,-0.004261122550815344,-0.002929521957412362,12.392220497131348,21.190004348754883,16.02472496032715,29.315102305874785,931553689,1720698287
5.0,0,-0.08619257807731628,0.1891448199748993,10.50831127166748,-0.007456964813172817,-0.004527443088591099,-0.004527443088591099,10.64683723449707,22.59099578857422,16.02472496032715,29.673220989157603,944553689,1720698287
5.0,0,-0.05267323926091194,0.1316830962896347,10.489157676696777,-0.0031958422623574734,-0.0007989605655893683,-0.000532640318851918,10.9959135055542,21.890501022338867,17.036813735961914,29.838853381195946,956553689,1720698287
5.0,0,-0.011971191503107548,0.12689462304115295,10.539437294006348,-0.005859043914824724,-0.004261122550815344,-0.001065280637703836,10.64683723449707,21.890501022338867,17.036813735961914,29.711987486210894,969553689,1720698287
5.0,0,0.03591357171535492,0.2154814451932907,10.58253288269043,-0.0013316008262336254,-0.001065280637703836,0.003994802478700876,11.694067001342773,21.190004348754883,16.362089157104492,29.2144732781062,981553689,1720698287
5.0,0,0.016759667545557022,0.14844277501106262,10.493946075439453,-0.004261122550815344,-0.001065280637703836,-0.000532640318851918,12.56675910949707,21.365129470825195,15.85604476928711,29.424587466044244,994553689,1720698287
5.0,0,0.033519335091114044,0.18435634672641754,10.50831127166748,-0.0031958422623574734,-0.000266320159425959,-0.002929521957412362,12.043143272399902,21.540252685546875,17.374176025390625,30.18081805051047,6553689,1720698288
5.0,0,0.06943290680646896,0.19393329322338104,10.534648895263672,-0.005859043914824724,-0.002929521957412362,-0.002929521957412362,12.392220497131348,21.890501022338867,16.02472496032715,29.82537466508465,19553689,1720698288
5.0,0,0.004788476508110762,0.14365428686141968,10.565773010253906,-0.006658004131168127,-0.001065280637703836,-0.001065280637703836,11.344990730285645,23.291492462158203,17.711538314819336,31.383132814656236,31553689,1720698288
5.0,0,0.009576953016221523,0.12928886711597443,10.493946075439453,-0.000266320159425959,-0.001065280637703836,-0.0015979211311787367,9.774145126342773,22.065624237060547,15.518681526184082,28.692423429070804,44553689,1720698288
5.0,0,0.023942383006215096,0.16520243883132935,10.481975555419922,-0.004793763160705566,0.000532640318851918,-0.002130561275407672,12.043143272399902,22.94124412536621,16.362089157104492,30.644019701798868,57553689,1720698288
5.0,0,0.004788476508110762,0.15323124825954437,10.489157676696777,-0.002663201652467251,-0.000266320159425959,-0.0031958422623574734,10.64683723449707,21.890501022338867,18.7236270904541,30.710314057809292,69553689,1720698288
5.0,0,-0.04788476601243019,0.1316830962896347,10.5059175491333,0.0,-0.004527443088591099,0.0007989605655893683,12.392220497131348,21.540252685546875,15.687362670898438,29.387802949098276,82553689,1720698288
5.0,0,-0.007182714529335499,0.1891448199748993,10.56098461151123,-0.0015979211311787367,-0.0031958422623574734,-0.000266320159425959,9.599607467651367,21.540252685546875,16.02472496032715,28.511870498869925,94553689,1720698288
5.0,0,0.03591357171535492,0.1412600576877594,10.52985954284668,-0.0018642412032932043,-0.002929521957412362,0.000532640318851918,10.472298622131348,23.116369247436523,16.53076934814453,30.286992271542545,107553689,1720698288
5.0,0,0.011971191503107548,0.1891448199748993,10.517888069152832,0.0018642412032932043,-0.0031958422623574734,-0.002130561275407672,12.392220497131348,22.59099578857422,16.02472496032715,30.343236966794304,119553689,1720698288
5.0,0,0.02154814451932907,0.1795678734779358,10.553802490234375,-0.000266320159425959,-0.002663201652467251,-0.003994802478700876,11.170452117919922,20.66463279724121,16.19340705871582,28.531254464758927,132553689,1720698288
5.0,0,0.011971191503107548,0.17238515615463257,10.553802490234375,0.000532640318851918,0.001065280637703836,-0.002396881580352783,11.868605613708496,21.715375900268555,16.19340705871582,29.574444743274295,144553689,1720698288
5.0,0,0.0,0.1412600576877594,10.563379287719727,-0.0034621621016412973,-0.004261122550815344,-0.002663201652467251,12.392220497131348,21.890501022338867,16.699451446533203,30.193258228844087,157553689,1720698288
5.0,0,-0.06225019320845604,0.12450038641691208,10.470004081726074,-0.002130561275407672,0.000266320159425959,0.0007989605655893683,10.821375846862793,21.014881134033203,15.85604476928711,28.462985788954875,169553689,1720698288
5.0,0,-0.06703867018222809,0.14365428686141968,10.50831127166748,-0.0031958422623574734,-0.0013316008262336254,0.000266320159425959,10.472298622131348,20.66463279724121,16.19340705871582,28.265217480946056,182553689,1720698288
5.0,0,-0.014365429058670998,0.1604139655828476,10.520282745361328,-0.002929521957412362,0.000266320159425959,-0.004527443088591099,10.9959135055542,22.94124412536621,15.350000381469727,29.712510960072017,194553689,1720698288
5.0,0,-0.033519335091114044,0.15562549233436584,10.539437294006348,-0.0037284824065864086,0.0031958422623574734,-0.000266320159425959,11.51952838897705,22.065624237060547,17.880220413208008,30.647896980062146,207553689,1720698288
5.0,0,-0.08140409737825394,0.1508370041847229,10.527464866638184,-0.0037284824065864086,-0.000266320159425959,-0.0018642412032932043,11.51952838897705,22.76612091064453,16.19340705871582,30.219566968965683,219553689,1720698288
5.0,0,0.059855956584215164,0.13886581361293793,10.544225692749023,-0.0037284824065864086,0.001065280637703836,-0.002663201652467251,10.9959135055542,20.83975601196289,17.036813735961914,29.076770225278345,232553689,1720698288
5.0,0,0.03591357171535492,0.1508370041847229,10.546619415283203,-0.0037284824065864086,-0.0034621621016412973,-0.0034621621016412973,10.123222351074219,23.466615676879883,16.868131637573242,30.62181488805281,244553689,1720698288
5.0,0,-0.028730858117341995,0.11013495922088623,10.503522872924805,-0.004793763160705566,-0.004527443088591099,-0.000532640318851918,11.170452117919922,22.41587257385254,16.868131637573242,30.19576474786548,257553689,1720698288
5.0,0,-0.03112509660422802,0.12450038641691208,10.501129150390625,-0.003994802478700876,0.0007989605655893683,-0.001065280637703836,10.821375846862793,21.715375900268555,17.205495834350586,29.74371887667857,269553689,1720698288
5.0,0,-0.03591357171535492,0.11731767654418945,10.479580879211426,-0.0037284824065864086,-0.002130561275407672,0.000532640318851918,11.868605613708496,21.715375900268555,16.19340705871582,29.574444743274295,282553689,1720698288
5.0,0,0.028730858117341995,0.11013495922088623,10.47239875793457,0.000266320159425959,-0.002396881580352783,-0.001065280637703836,11.868605613708496,21.715375900268555,16.19340705871582,29.574444743274295,294553689,1720698288
5.0,0,0.028730858117341995,0.15323124825954437,10.541831016540527,-0.001065280637703836,-0.002130561275407672,-0.000266320159425959,10.9959135055542,22.59099578857422,16.699451446533203,30.168441841701522,307553689,1720698288
5.0,0,-0.050279002636671066,0.1508370041847229,10.467610359191895,-0.005592723377048969,-0.0018642412032932043,-0.0015979211311787367,9.774145126342773,21.014881134033203,14.169231414794922,27.16479819388258,319553689,1720698288
5.0,0,-0.10055800527334213,0.16520243883132935,10.446061134338379,-0.0037284824065864086,-0.005326403304934502,-0.0031958422623574734,9.774145126342773,21.014881134033203,14.169231414794922,27.16479819388258,332553689,1720698288
5.0,0,-0.009576953016221523,0.22745263576507568,10.539437294006348,-0.006391684524714947,-0.0013316008262336254,-0.0013316008262336254,10.297760963439941,20.83975601196289,16.699451446533203,28.62186210073361,344553689,1720698288
5.0,0,-0.03830781206488609,0.07661562412977219,10.58253288269043,-0.002663201652467251,-0.002396881580352783,-0.0015979211311787367,10.64683723449707,22.59099578857422,17.036813735961914,30.231792141570303,357553689,1720698288
5.0,0,-0.07661562412977219,0.17238515615463257,10.534648895263672,-0.002663201652467251,-0.0037284824065864086,-0.0015979211311787367,12.043143272399902,22.59099578857422,16.362089157104492,30.38269823738447,369553689,1720698288
5.0,0,0.016759667545557022,0.14365428686141968,10.453243255615234,-0.0037284824065864086,0.000266320159425959,-0.004261122550815344,10.821375846862793,22.41587257385254,17.880220413208008,30.64760676612711,382553689,1720698288
5.0,0,0.002394238254055381,0.17477938532829285,10.534648895263672,-0.003994802478700876,-0.002396881580352783,0.000266320159425959,11.868605613708496,21.014881134033203,16.19340705871582,29.063989066550462,394553689,1720698288
5.0,0,0.033519335091114044,0.09576953202486038,10.58492660522461,-0.002929521957412362,-0.000532640318851918,-0.000532640318851918,10.821375846862793,21.715375900268555,16.19340705871582,29.16995299753322,407553689,1720698288
5.0,0,-0.002394238254055381,0.13407734036445618,10.513099670410156,-0.0015979211311787367,0.002663201652467251,-0.000266320159425959,10.821375846862793,21.715375900268555,16.19340705871582,29.16995299753322,419553689,1720698288
5.0,0,0.009576953016221523,0.16520243883132935,10.5490140914917,-0.004261122550815344,0.0,-0.002663201652467251,12.392220497131348,21.890501022338867,14.337912559509277,28.95404808351805,432553689,1720698288
5.0,0,0.04070204868912697,0.17477938532829285,10.513099670410156,-0.002396881580352783,-0.004261122550815344,-0.003994802478700876,10.64683723449707,23.291492462158203,17.711538314819336,31.13755535828012,444553689,1720698288
5.0,0,-0.033519335091114044,0.10295224189758301,10.522676467895508,-0.0018642412032932043,0.000266320159425959,-0.005326403304934502,10.64683723449707,23.291492462158203,17.711538314819336,31.13755535828012,457553689,1720698288
5.0,0,-0.10295224189758301,0.19153906404972076,10.577744483947754,0.0007989605655893683,-0.005592723377048969,-0.002929521957412362,11.344990730285645,22.24074935913086,17.374176025390625,30.417457804478094,469553689,1720698288
5.0,0,-0.03830781206488609,0.1316830962896347,10.5490140914917,-0.002929521957412362,0.0013316008262336254,0.0,10.9959135055542,22.59099578857422,17.374176025390625,30.547098014414818,482553689,1720698288
5.0,0,0.011971191503107548,0.10534647852182388,10.517888069152832,-0.004527443088591099,-0.0013316008262336254,-0.000266320159425959,10.9959135055542,22.59099578857422,17.374176025390625,30.547098014414818,494553689,1720698288
5.0,0,0.055067479610443115,0.1604139655828476,10.481975555419922,-0.002396881580352783,-0.0013316008262336254,-0.0015979211311787367,10.9959135055542,22.59099578857422,16.02472496032715,29.800251921672395,507553689,1720698288
5.0,0,-0.014365429058670998,0.1412600576877594,10.443666458129883,-0.0034621621016412973,-0.002929521957412362,-0.0007989605655893683,12.741296768188477,21.190004348754883,16.362089157104492,29.649197109202422,520553689,1720698288
5.0,0,0.019153906032443047,0.11013495922088623,10.570561408996582,-0.001065280637703836,-0.003994802478700876,-0.0037284824065864086,10.9959135055542,21.540252685546875,16.02472496032715,29.01179776630484,532553689,1720698288
5.0,0,-0.016759667545557022,0.15801972150802612,10.539437294006348,-0.0015979211311787367,-0.002130561275407672,-0.002396881580352783,12.392220497131348,21.890501022338867,16.362089157104492,30.007984361559135,545553689,1720698288
5.0,0,0.0,0.15323124825954437,10.539437294006348,0.0,-0.002663201652467251,-0.0034621621016412973,11.868605613708496,23.116369247436523,15.518681526184082,30.266479853275122,557553689,1720698288
5.0,0,-0.050279002636671066,0.1508370041847229,10.55859088897705,-0.001065280637703836,0.000532640318851918,-0.0031958422623574734,10.821375846862793,22.065624237060547,15.85604476928711,29.24736063161694,570553689,1720698288
5.0,0,-0.004788476508110762,0.15801972150802612,10.577744483947754,-0.0018642412032932043,0.000532640318851918,0.001065280637703836,11.51952838897705,21.715375900268555,15.518681526184082,29.070372565647308,582553689,1720698288
5.0,0,0.02633661963045597,0.17477938532829285,10.5490140914917,-0.004261122550815344,0.0,-0.002663201652467251,12.043143272399902,21.540252685546875,15.012638092041016,28.885966975667635,595553689,1720698288
5.0,0,0.009576953016221523,0.17238515615463257,10.510705947875977,-0.006391684524714947,-0.0018642412032932043,0.0013316008262336254,11.694067001342773,22.24074935913086,17.374176025390625,30.549371968157253,607553689,1720698288
5.0,0,0.06464443355798721,0.16759668290615082,10.465215682983398,-0.002929521957412362,-0.002130561275407672,-0.0007989605655893683,9.948683738708496,22.59099578857422,17.374176025390625,30.185946919278173,620553689,1720698288
5.0,0,0.059855956584215164,0.13886581361293793,10.486763954162598,-0.0037284824065864086,-0.0013316008262336254,-0.001065280637703836,12.217681884765625,22.065624237060547,16.19340705871582,29.973153917760328,632553689,1720698288
5.0,0,-0.04788476601243019,0.09816376864910126,10.599291801452637,-0.0007989605655893683,-0.001065280637703836,-0.002929521957412362,12.56675910949707,20.66463279724121,17.542858123779297,29.878125013326958,645553689,1720698288
5.0,0,-0.07661562412977219,0.08619257807731628,10.606474876403809,-0.002396881580352783,-0.0007989605655893683,-0.0034621621016412973,11.694067001342773,22.24074935913086,15.687362670898438,29.622550238895222,657553689,1720698288
5.0,0,0.033519335091114044,0.12928886711597443,10.537042617797852,-0.004261122550815344,-0.000532640318851918,-0.003994802478700876,12.56675910949707,20.31438446044922,17.205495834350586,29.43852471556487,670553689,1720698288
5.0,0,-0.016759667545557022,0.10055800527334213,10.55859088897705,-0.004793763160705566,0.000532640318851918,0.000266320159425959,12.043143272399902,23.291492462158203,16.362089157104492,30.907100843970465,682553689,1720698288
5.0,0,-0.007182714529335499,0.1508370041847229,10.481975555419922,-0.002396881580352783,-0.004527443088591099,-0.002130561275407672,10.297760963439941,22.24074935913086,15.350000381469727,28.919151519831075,695553689,1720698288
5.0,0,-3.790079116821289,-5.341545104980469,8.643199920654297,0.007723285350948572,-0.18402723968029022,-0.31931787729263306,10.9959135055542,22.94124412536621,16.699451446533203,30.431603218634386,707553689,1720698288
5.0,0,-10.628024101257324,10.551407814025879,7.879438400268555,-0.02077297307550907,-0.21998046338558197,-0.7789865136146545,11.344990730285645,21.540252685546875,15.350000381469727,28.78044148616552,720553689,1720698288
5.0,0,-4.934525012969971,-2.652815818786621,8.748546600341797,-0.1395517736673355,-0.7582135200500488,-1.170210838317871,10.297760963439941,22.94124412536621,17.711538314819336,30.75781449253361,732553689,1720698288
5.0,0,-22.800331115722656,6.921742916107178,8.161957740783691,-0.09161414206027985,-0.5928286910057068,-1.3936535120010376,9.948683738708496,21.540252685546875,16.362089157104492,28.8214634513081,745553689,1720698288
5.0,0,12.23695182800293,-4.431735038757324,10.350292205810547,-0.10306590795516968,-1.0357191562652588,-1.8954006433486938,9.948683738708496,22.59099578857422,16.362089157104492,29.614985403292998,757553689,1720698288
5.0,0,-20.25286102294922,4.3192057609558105,7.819581985473633,-0.06711268424987793,-1.0234684944152832,-2.2504055500030518,9.075992584228516,22.76612091064453,16.53076934814453,29.562412586739466,770553689,1720698288
5.0,0,-3.950493097305298,-0.9026277661323547,9.64877986907959,-0.019974011927843094,-1.1273332834243774,-2.609937906265259,5.061611175537109,21.540252685546875,17.711538314819336,28.342564861473722,782553689,1720698288
5.0,0,7.711841106414795,0.7230599522590637,11.207428932189941,0.029561540111899376,-1.309496283531189,-2.4059364795684814,4.887072563171387,19.263641357421875,16.53076934814453,25.85029384410614,795553689,1720698288
5.0,0,-0.16280819475650787,-2.8994224071502686,10.273675918579102,0.09401101619005203,-1.1584928035736084,-2.389158248901367,3.4907662868499756,19.964136123657227,17.880220413208008,27.026921068782958,807553689,1720698288
5.0,0,-0.07900986075401306,-1.197119116783142,10.098896980285645,0.10865862667560577,-0.9960374236106873,-2.318317174911499,2.7926130294799805,21.014881134033203,18.21758270263672,27.951819907429545,820553689,1720698288
5.0,0,13.335906982421875,-0.9864261746406555,11.765287399291992,0.17550499737262726,-1.0524972677230835,-2.262389898300171,2.0944597721099854,20.31438446044922,16.19340705871582,26.063142748202775,832553689,1720698288
5.0,0,3.821204423904419,0.4237801730632782,9.952848434448242,0.24687878787517548,-0.9659432172775269,-2.1313602924346924,0.17453831434249878,20.13926124572754,17.711538314819336,26.820121115016427,845553689,1720698288
5.0,0,-7.6519856452941895,-1.1492342948913574,10.139598846435547,0.27430975437164307,-0.9251962900161743,-2.1795642375946045,0.0,19.263641357421875,16.868131637573242,25.60511166329633,857553689,1720698288
5.0,0,-3.4237606525421143,1.1396573781967163,9.256125450134277,0.2788372337818146,-0.9393112063407898,-2.1041955947875977,0.0,19.263641357421875,16.868131637573242,25.60511166329633,870553689,1720698288
5.0,0,2.779710531234741,-1.8483519554138184,10.45563793182373,0.34248775243759155,-0.9821887612342834,-2.104994535446167,-2.268998146057129,19.088516235351562,18.7236270904541,26.834567558961663,882553689,1720698288
5.0,0,2.940124750137329,0.9983972907066345,10.393388748168945,0.3635270595550537,-0.9622148275375366,-2.1273655891418457,-2.4435362815856934,17.512399673461914,17.542858123779297,24.907968263861743,895553689,1720698288
5.0,0,6.612886428833008,0.14844277501106262,9.08613395690918,0.42984074354171753,-0.9590189456939697,-2.157193422317505,-2.4435362815856934,17.512399673461914,17.542858123779297,24.907968263861743,907553689,1720698288
5.0,0,3.2417984008789062,-0.2920970618724823,11.066168785095215,0.48496901988983154,-0.9129455089569092,-2.1891517639160156,-5.061611175537109,15.936284065246582,16.362089157104492,23.394508310404618,920553689,1720698288
5.0,0,-3.486010789871216,-1.1923305988311768,10.5059175491333,0.4972197711467743,-0.8389084935188293,-2.180363178253174,-4.712534427642822,16.987028121948242,18.7236270904541,25.716557245672796,932553689,1720698288
5.0,0,3.4405205249786377,-1.704697608947754,9.778068542480469,0.5637997984886169,-0.8479633927345276,-2.185689687728882,-8.377839088439941,14.710416793823242,17.542858123779297,24.379016001283528,945553689,1720698288
5.0,0,2.8491435050964355,2.3846611976623535,9.821165084838867,0.5920297503471375,-0.8642089366912842,-2.1622533798217773,-8.203300476074219,13.834795951843262,17.711538314819336,23.924763472335762,957553689,1720698288
5.0,0,2.6145079135894775,1.8698999881744385,9.653568267822266,0.6375705003738403,-0.8319842219352722,-2.1444101333618164,-7.85422420501709,11.383060455322266,19.060989379882812,23.54961187221996,970553689,1720698288
5.0,0,2.2841031551361084,-1.8938424587249756,10.587321281433105,0.6386357545852661,-0.7933678030967712,-2.2032666206359863,-9.599607467651367,9.982068061828613,17.711538314819336,22.48316560899021,983553689,1720698288
5.0,0,2.9544899463653564,2.4373345375061035,9.469212532043457,0.7006884217262268,-0.7568818926811218,-2.1824936866760254,-10.64683723449707,9.631820678710938,18.04890251159668,23.062740395664992,995553689,1720698288
5.0,0,1.0486763715744019,-2.013554334640503,10.537042617797852,0.7249234914779663,-0.7062811255455017,-2.192880153656006,-12.392220497131348,7.880580425262451,18.38626480102539,23.531370763769313,8553689,1720698289
5.0,0,1.6568129062652588,2.3918440341949463,9.976790428161621,0.780584454536438,-0.6887039542198181,-2.184624433517456,-12.741296768188477,8.581076622009277,18.38626480102539,23.958928453945294,20553689,1720698289
5.0,0,1.4724565744400024,0.10295224189758301,9.730184555053711,0.7832476496696472,-0.672724723815918,-2.1683788299560547,-12.741296768188477,8.581076622009277,18.38626480102539,23.958928453945294,33553689,1720698289
5.0,0,0.5075784921646118,0.22266416251659393,9.933694839477539,0.811477541923523,-0.6223902702331543,-2.208859443664551,-12.043143272399902,5.779092311859131,19.398351669311523,23.552733499847136,45553689,1720698289
5.0,0,5.566603660583496,4.656793117523193,10.446061134338379,0.8495613932609558,-0.6104058623313904,-2.189950704574585,-13.090373992919922,4.728348255157471,18.38626480102539,23.060136639447524,58553689,1720698289
5.0,0,1.7238515615463257,1.5849857330322266,9.632019996643066,0.8783239126205444,-0.5475542545318604,-2.2123217582702637,-13.090373992919922,4.728348255157471,18.38626480102539,23.060136639447524,70553689,1720698289
5.0,0,2.8515377044677734,1.170782446861267,10.074954986572266,0.8881778120994568,-0.5150632262229919,-2.2245724201202393,-13.963065147399902,2.8019840717315674,19.229671478271484,23.929031911279214,83553689,1720698289
5.0,0,3.9265506267547607,1.9632753133773804,9.469212532043457,0.9366480708122253,-0.4767131209373474,-2.212055206298828,-15.184833526611328,0.17512400448322296,19.060989379882812,24.37070277583006,95553689,1720698289
5.0,0,2.6169025897979736,4.125272274017334,9.459635734558105,0.9595515727996826,-0.4354335069656372,-2.2211103439331055,-15.184833526611328,0.17512400448322296,19.060989379882812,24.37070277583006,108553689,1720698289
5.0,0,5.78447961807251,6.699078559875488,9.24654769897461,0.9795255661010742,-0.41252994537353516,-2.2061963081359863,-14.486680030822754,-2.2766120433807373,19.398351669311523,24.317543218791368,120553689,1720698289
5.0,0,2.4325461387634277,-0.8188294768333435,9.952848434448242,0.9488987326622009,-0.3432866930961609,-2.2346925735473633,-15.70844841003418,-2.8019840717315674,18.89230728149414,24.729046496121505,133553689,1720698289
5.0,0,0.7063003182411194,1.0103685855865479,9.591318130493164,0.9536925554275513,-0.30440396070480347,-2.2168490886688232,-15.359371185302734,-4.903471946716309,18.89230728149414,24.83694012471219,145553689,1720698289
5.0,0,3.404606819152832,4.434129238128662,9.217817306518555,1.0181419849395752,-0.28229936957359314,-2.2269692420959473,-15.184833526611328,-5.779092311859131,19.735713958740234,25.563166522187796,158553689,1720698289
5.0,0,3.608116865158081,4.237801551818848,9.91454029083252,1.0338549613952637,-0.23089958727359772,-2.23043155670166,-16.23206329345703,-5.428843975067139,20.747802734375,26.89653405130402,170553689,1720698289
5.0,0,2.394238233566284,3.943310499191284,9.397384643554688,1.0309253931045532,-0.1632542759180069,-2.245877981185913,-14.835756301879883,-9.281572341918945,19.398351669311523,26.125529615173825,183553689,1720698289
5.0,0,2.427757740020752,1.132474660873413,8.9999418258667,1.0122829675674438,-0.11558295786380768,-2.25653076171875,-14.835756301879883,-8.931324005126953,20.41044044494629,26.766663831901518,195553689,1720698289
5.0,0,0.5530690550804138,5.001564025878906,8.382227897644043,1.040246605873108,-0.08708669990301132,-2.2456116676330566,-14.312141418457031,-11.20793628692627,21.253847122192383,27.967503379587484,208553689,1720698289
5.0,0,5.185919761657715,8.161957740783691,9.608078002929688,1.085787296295166,-0.07962973415851593,-2.2765047550201416,-14.312141418457031,-14.009920120239258,20.916484832763672,28.95884306246765,220553689,1720698289
5.0,0,0.5387036204338074,1.6951206922531128,9.076557159423828,1.0493013858795166,-0.0013316008262336254,-2.259460210800171,-13.78852653503418,-13.134300231933594,20.41044044494629,27.914501352283043,233553689,1720698289
5.0,0,1.9536983966827393,4.297657489776611,9.699058532714844,1.0365180969238281,0.05060083419084549,-2.2741079330444336,-12.043143272399902,-15.586036682128906,21.422527313232422,29.10131467515528,245553689,1720698289
5.0,0,3.7733194828033447,5.602517127990723,9.107682228088379,1.047703504562378,0.0844234973192215,-2.2836954593658447,-12.9158353805542,-17.162153244018555,20.241758346557617,29.51418453064877,258553689,1720698289
5.0,0,0.02154814451932907,4.233013153076172,9.076557159423828,1.0445077419281006,0.16272161900997162,-2.2496066093444824,-13.264911651611328,-18.2128963470459,20.916484832763672,30.74356537932002,270553689,1720698289
5.0,0,2.116506576538086,6.9001946449279785,9.320769309997559,1.086319923400879,0.18242931365966797,-2.302337884902954,-12.217681884765625,-21.014881134033203,22.265933990478516,32.96465980687835,283553689,1720698289
5.0,0,1.611322283744812,3.8882429599761963,8.087737083435059,1.0258653163909912,0.2239752560853958,-2.306332588195801,-11.170452117919922,-22.065624237060547,19.904396057128906,31.746744020276225,295553689,1720698289
5.0,0,0.8188294768333435,5.238593578338623,9.280067443847656,1.0056248903274536,0.2657875418663025,-2.309528350830078,-9.599607467651367,-21.890501022338867,20.41044044494629,31.43139477813077,308553689,1720698289
5.0,0,0.4070205092430115,6.7158379554748535,8.248150825500488,1.024001121520996,0.31612205505371094,-2.3108599185943604,-9.425068855285645,-23.816864013671875,22.94066047668457,34.38529972937754,320553689,1720698289
5.0,0,-0.9050220251083374,2.3870553970336914,8.403776168823242,0.9912436604499817,0.36006486415863037,-2.2900869846343994,-8.203300476074219,-24.69248390197754,23.10934066772461,34.80020870694786,333553689,1720698289
5.0,0,1.5706202983856201,4.7070722579956055,8.813190460205078,1.0104187726974487,0.3816367983818054,-2.3007400035858154,-7.505147457122803,-26.093477249145508,22.7719783782959,35.436701208865465,345553689,1720698289
5.0,0,0.7565792798995972,7.379042625427246,8.633623123168945,0.9773949980735779,0.4498147666454315,-2.314588785171509,-7.679685592651367,-28.7203369140625,23.27802276611328,37.75846484113101,358553689,1720698289
5.0,0,-0.11971191316843033,5.039871692657471,8.643199920654297,0.9465019106864929,0.4990839958190918,-2.32124662399292,-6.632455825805664,-28.370088577270508,22.94066047668457,37.08268193200103,370553689,1720698289
5.0,0,0.07182714343070984,6.004749774932861,8.485180854797363,0.9209351539611816,0.5446247458457947,-2.3556020259857178,-5.236149311065674,-30.121328353881836,23.27802276611328,38.42626738716405,383553689,1720698289
5.0,0,-1.158811330795288,5.255352973937988,7.431715488433838,0.9118802547454834,0.558207094669342,-2.3561346530914307,-3.1416897773742676,-29.771080017089844,24.290111541748047,38.55122486707505,395553689,1720698289
5.0,0,-2.011160135269165,7.984784126281738,7.711841106414795,0.933185875415802,0.6173301339149475,-2.3697168827056885,-1.9199213981628418,-32.39794158935547,24.796154022216797,40.84313861220647,408553689,1720698289
5.0,0,-1.702303409576416,8.25772762298584,7.989573001861572,0.8932378888130188,0.6474242806434631,-2.3377585411071777,-1.0472298860549927,-33.623809814453125,24.290111541748047,41.49297284581237,420553689,1720698289
5.0,0,-0.897839367389679,7.697475910186768,7.994361877441406,0.8487623929977417,0.6873723864555359,-2.365722179412842,-1.0472298860549927,-34.67455291748047,25.30219841003418,42.937426038854916,433553689,1720698289
5.0,0,-0.5626459717750549,9.225000381469727,8.39659309387207,0.8090806603431702,0.7153359651565552,-2.3726463317871094,-1.0472298860549927,-34.67455291748047,25.30219841003418,42.937426038854916,445553689,1720698289
5.0,0,-2.707883358001709,5.523507595062256,7.0797624588012695,0.7821823358535767,0.7709969282150269,-2.3785054683685303,2.4435362815856934,-37.47653579711914,23.952747344970703,44.54431176125835,458553689,1720698289
5.0,0,-1.795678734779358,2.6408448219299316,8.123650550842285,0.7523544430732727,0.7917698621749878,-2.384364604949951,3.1416897773742676,-37.47653579711914,25.30219841003418,45.327278700477336,470553689,1720698289
5.0,0,-1.5275241136550903,5.394218921661377,7.84352445602417,0.729184627532959,0.8024227023124695,-2.3864951133728027,3.8398427963256836,-36.07554626464844,24.96483612060547,44.03898810738016,483553689,1720698289
5.0,0,-1.4580910205841064,4.678341388702393,7.936899662017822,0.6775184869766235,0.8354463577270508,-2.4117953777313232,6.806994438171387,-39.05265426635742,26.145605087280273,47.487236642164774,496553689,1720698289
5.0,0,-2.992797613143921,7.58973503112793,7.575369834899902,0.6530171036720276,0.8759270310401917,-2.391555070877075,7.679685592651367,-39.22777557373047,26.314287185668945,47.856427544842944,508553689,1720698289
5.0,0,-4.204282283782959,7.048637390136719,6.852309703826904,0.5925623774528503,0.8857808709144592,-2.390223503112793,8.901453971862793,-39.05265426635742,26.820329666137695,48.20452023888571,521553689,1720698289
5.0,0,-0.7398195862770081,6.2561445236206055,7.434109687805176,0.6085415482521057,0.9475671648979187,-2.4296388626098633,8.901453971862793,-39.05265426635742,26.820329666137695,48.20452023888571,533553689,1720698289
5.0,0,-5.995172023773193,8.367862701416016,6.904983043670654,0.5448910593986511,0.9473008513450623,-2.4357643127441406,12.9158353805542,-39.92827224731445,26.989011764526367,49.894814202068936,546553689,1720698289
5.0,0,-2.808441638946533,5.681527137756348,6.7709059715271,0.503078818321228,0.9707369804382324,-2.4432213306427,14.137603759765625,-40.80389404296875,29.181869506835938,52.119201040038604,558553689,1720698289
5.0,0,-5.923345565795898,8.305612564086914,6.608097076416016,0.47884365916252136,1.0170767307281494,-2.4815711975097656,14.137603759765625,-40.80389404296875,29.181869506835938,52.119201040038604,571553689,1720698289
5.0,0,-3.9026083946228027,7.340734481811523,7.498754501342773,0.4711203873157501,1.0285285711288452,-2.4682552814483643,19.722829818725586,-42.20488357543945,27.83241844177246,54.26680136135468,583553689,1720698289
5.0,0,-3.3447508811950684,2.4157862663269043,7.0055413246154785,0.35074368119239807,1.013614535331726,-2.4474823474884033,19.722829818725586,-42.90538024902344,27.49505615234375,54.642838352269344,596553689,1720698289
5.0,0,-7.290455341339111,7.098916053771973,7.039060592651367,0.3739134967327118,1.0714061260223389,-2.455471992492676,22.51544189453125,-40.80389404296875,27.83241844177246,54.282100264210015,608553689,1720698289
5.0,0,-6.452471733093262,5.128458499908447,6.3303656578063965,0.3115946054458618,1.088983178138733,-2.448547601699829,21.817289352416992,-43.60587692260742,27.49505615234375,55.97718043718539,621553689,1720698289
5.0,0,-4.223435878753662,6.608097076416016,6.8211846351623535,0.2556673586368561,1.0967063903808594,-2.494354724884033,24.260826110839844,-42.55513381958008,28.169780731201172,56.50719993440419,633553689,1720698289
5.0,0,-7.086945056915283,4.335965156555176,6.289663791656494,0.23542703688144684,1.1124193668365479,-2.4892947673797607,24.9589786529541,-41.854637145996094,29.181869506835938,56.800904692932626,646553689,1720698289
5.0,0,-2.782104730606079,3.462068557739258,6.529087543487549,0.1669827401638031,1.0972390174865723,-2.492490530014038,26.180747985839844,-42.029762268066406,29.687911987304688,57.73477807677263,658553689,1720698289
5.0,0,-10.38860034942627,6.888223648071289,6.095730304718018,0.168846994638443,1.164884328842163,-2.5236499309539795,29.671512603759766,-41.67951202392578,29.687911987304688,59.151944185407785,671553689,1720698289
5.0,0,-6.497962951660156,3.1867308616638184,5.748566150665283,0.0788307711482048,1.1190773248672485,-2.4890284538269043,31.765974044799805,-40.9790153503418,29.013187408447266,59.41482853376021,683553689,1720698289
5.0,0,-4.295263290405273,6.972021579742432,6.474020004272461,0.0537966750562191,1.1180120706558228,-2.527378559112549,31.765974044799805,-40.9790153503418,29.013187408447266,59.41482853376021,696553689,1720698289
5.0,0,-8.446871757507324,4.668764591217041,5.616883277893066,0.022104574367403984,1.1560957431793213,-2.5172581672668457,33.68589401245117,-40.103397369384766,29.51923179626465,60.119938305245064,708553689,1720698289
5.0,0,-4.905794143676758,2.683941125869751,6.100518703460693,-0.050068192183971405,1.137719750404358,-2.548950433731079,36.653045654296875,-39.578025817871094,29.350549697875977,61.411079219824245,721553689,1720698289
5.0,0,-10.345503807067871,4.496379375457764,5.341545104980469,-0.06365051865577698,1.1888532638549805,-2.5920944213867188,36.653045654296875,-39.578025817871094,29.350549697875977,61.411079219824245,733553689,1720698289
5.0,0,-4.572995185852051,3.306443214416504,5.82757568359375,-0.14834032952785492,1.1025655269622803,-2.5462872982025146,39.794734954833984,-38.177032470703125,31.374725341796875,63.4466715334051,746553689,1720698289
5.0,0,-4.666370391845703,2.9042110443115234,5.415766716003418,-0.1813640296459198,1.0841894149780273,-2.5734517574310303,39.794734954833984,-39.22777557373047,30.02527618408203,63.434663367269906,759418289,1720698289
5.0,0,-14.133187294006348,3.531501293182373,4.623273849487305,-0.20613181591033936,1.1829942464828491,-2.5747835636138916,42.76188659667969,-35.19992446899414,30.53131866455078,63.243774771328546,772418289,1720698289
5.0,0,-1.8986308574676514,0.9576953053474426,5.46604585647583,-0.2809678018093109,1.0852546691894531,-2.5518798828125,43.46004104614258,-34.1491813659668,31.543407440185547,63.639047043742295,784418289,1720698289
5.0,0,-8.68150806427002,4.462860107421875,5.209862232208252,-0.2846962511539459,1.13532292842865,-2.604877471923828,45.0308837890625,-33.974056243896484,31.71208953857422,64.7122369833561,797418289,1720698289
5.0,0,-16.479541778564453,4.233013153076172,4.259349822998047,-0.34115612506866455,1.098570704460144,-2.5217854976654053,47.9980354309082,-33.44868469238281,31.206045150756836,66.3056797478786,809418289,1720698289
5.0,0,-11.044620513916016,-3.100538492202759,-3.4477031230926514,-0.34302037954330444,0.7488923668861389,-1.6405322551727295,47.9980354309082,-33.44868469238281,31.206045150756836,66.3056797478786,822418289,1720698289
5.0,0,-24.241661071777344,2.6169025897979736,-6.7996368408203125,-0.20240333676338196,0.5811105966567993,-1.3427863121032715,49.045265197753906,-31.697444915771484,32.89285659790039,67.02317560125316,834418289,1720698289
5.0,0,-10.141992568969727,1.8435633182525635,-0.6943290829658508,-0.08149396628141403,0.30253973603248596,-0.9446375966072083,48.696189880371094,-30.9969482421875,32.55549621582031,66.27209098144027,847418289,1720698289
5.0,0,-10.197060585021973,0.011971191503107548,3.478828191757202,-0.021838253363966942,0.04234490543603897,-0.3989476263523102,50.44157409667969,-30.646699905395508,32.89285659790039,67.56857722057077,859418289,1720698289
5.0,0,-12.402153968811035,-1.1779651641845703,1.561043381690979,0.019175052642822266,0.024235136806964874,0.0098538463935256,49.56888198852539,-28.370088577270508,33.06153869628906,65.99243387268537,872418289,1720698289
5.0,0,-9.919328689575195,-5.576180934906006,-1.096561074256897,-0.021039292216300964,-0.287625789642334,0.6817796230316162,50.26703643798828,-29.771080017089844,33.06153869628906,67.12791892058198,884418289,1720698289
5.0,0,-10.034252166748047,4.960861682891846,1.4868218898773193,0.16671642661094666,-0.2833646535873413,0.5645987391471863,51.13972473144531,-30.29645347595215,32.89285659790039,67.93442834085359,897418289,1720698289
5.0,0,4.055839538574219,-2.394238233566284,3.967252731323242,0.05992203950881958,-0.7837802767753601,0.5622019171714783,50.616111755371094,-31.872568130493164,33.398902893066406,68.50794175076072,909418289,1720698289
5.0,0,-34.237606048583984,-1.807649850845337,-4.951284408569336,0.18029874563217163,-0.8317179083824158,0.45194533467292786,50.44157409667969,-30.29645347595215,34.2423095703125,68.07909558212766,922418289,1720698289
5.0,0,-2.166785478591919,1.2043018341064453,-10.34789752960205,0.26685282588005066,-1.8096455335617065,0.4684571921825409,49.7434196472168,-31.347196578979492,33.904945373535156,67.87193714888872,934418289,1720698289
5.0,0,-39.22719955444336,-5.698287010192871,-11.487555503845215,0.37364718317985535,-2.206728935241699,0.30307236313819885,48.696189880371094,-31.347196578979492,31.206045150756836,65.78588675527156,947418289,1720698289
5.0,0,-11.188275337219238,7.335946083068848,-0.4070205092430115,0.5552775859832764,-2.71699857711792,0.11877879500389099,47.125343322753906,-32.222816467285156,31.374725341796875,65.14200852479881,959418289,1720698289
5.0,0,-21.730106353759766,-0.9505125284194946,-2.0015830993652344,0.5848391056060791,-3.5244810581207275,0.09614157676696777,46.0781135559082,-32.222816467285156,29.687911987304688,63.58360298159789,972418289,1720698289
5.0,0,-9.553009986877441,-1.920179009437561,2.4086036682128906,0.5392983555793762,-3.5471181869506836,0.0018642412032932043,44.50727081298828,-32.39794158935547,30.53131866455078,62.9498625403131,985418289,1720698289
5.0,0,10.15635871887207,1.8483519554138184,10.750129699707031,0.5781811475753784,-3.6770827770233154,-0.08575509488582611,44.856346130371094,-33.44868469238281,27.83241844177246,62.49439824605096,997418289,1720698289
5.0,0,3.8499350547790527,9.529067993164062,13.17309856414795,0.5978887677192688,-3.4954521656036377,-0.061519961804151535,43.28550338745117,-32.57306671142578,26.651649475097656,60.37342046161965,10418289,1720698290
5.0,0,-21.476316452026367,3.5410783290863037,6.191500186920166,0.3970833718776703,-3.0775957107543945,-0.16298793256282806,41.88919448852539,-32.57306671142578,26.314287185668945,59.229646292835156,22418289,1720698290
5.0,0,15.433259010314941,2.803652763366699,10.374234199523926,0.4040077030658722,-3.2586936950683594,-0.08788565546274185,38.74750518798828,-32.222816467285156,26.314287185668945,56.85174376804447,35418289,1720698290
5.0,0,-11.667122840881348,3.560232400894165,3.943310499191284,0.43623244762420654,-3.0741336345672607,-0.2013380527496338,37.17666244506836,-33.79893112182617,24.458791732788086,55.881163808213664,47418289,1720698290
5.0,0,-19.817108154296875,2.497190475463867,2.679152727127075,0.40507298707962036,-2.9502947330474854,-0.28496259450912476,35.78035354614258,-32.047691345214844,23.10934066772461,53.30412598047234,60418289,1720698290
5.0,0,-3.452491521835327,4.201888084411621,6.612886428833008,0.4628644585609436,-3.158557176589966,-0.29241955280303955,35.08220291137695,-32.39794158935547,23.10934066772461,53.05119420370539,72418289,1720698290
5.0,0,-0.5219439268112183,2.011160135269165,7.742966175079346,0.45753806829452515,-3.170009136199951,-0.31239354610443115,35.60581588745117,-32.222816467285156,23.952747344970703,53.663936973235714,85418289,1720698290
5.0,0,-7.802822589874268,5.152400493621826,8.57616138458252,0.42185112833976746,-3.0544259548187256,-0.3808378577232361,32.813201904296875,-34.67455291748047,22.94066047668457,52.96512760624506,97418289,1720698290
5.0,0,-5.240987777709961,5.808422088623047,7.6998701095581055,0.3763103783130646,-3.1018311977386475,-0.43117237091064453,31.242359161376953,-33.09843826293945,22.434616088867188,50.74350816083716,110418289,1720698290
5.0,0,-7.618465900421143,3.9911949634552,6.651194095611572,0.3635270595550537,-3.1665468215942383,-0.44635263085365295,30.893281936645508,-34.1491813659668,21.422527313232422,50.788641774209225,122418289,1720698290
5.0,0,-4.589754581451416,0.6727809309959412,8.561796188354492,0.32171475887298584,-3.179596424102783,-0.4897627830505371,28.624282836914062,-33.2735595703125,22.60329818725586,49.369914151725965,135418289,1720698290
5.0,0,3.8810603618621826,1.4485141038894653,7.898591995239258,0.3020070493221283,-3.091977119445801,-0.591763436794281,27.57705307006836,-32.92331314086914,21.591209411621094,48.068895640086936,147418289,1720698290
5.0,0,-1.573014497756958,4.268926620483398,8.348709106445312,0.3163883686065674,-3.1439096927642822,-0.6218576431274414,25.482593536376953,-34.32430648803711,21.591209411621094,47.89259768566936,160418289,1720698290
5.0,0,-7.549033164978027,3.304048538208008,8.916143417358398,0.29801228642463684,-3.127131462097168,-0.6117374300956726,25.482593536376953,-35.02479934692383,20.916484832763672,48.099880253403015,172418289,1720698290
5.0,0,-2.602536916732788,2.3319880962371826,9.471606254577637,0.23675863444805145,-3.121272325515747,-0.6463590264320374,23.737211227416992,-34.32430648803711,21.253847122192383,46.83309972907242,185418289,1720698290
5.0,0,2.085381507873535,4.769322395324707,8.085342407226562,0.22104574739933014,-3.1689438819885254,-0.7206623554229736,23.737211227416992,-34.32430648803711,21.253847122192383,46.83309972907242,197418289,1720698290
5.0,0,-5.844335556030273,4.393426895141602,7.829158782958984,0.21944782137870789,-3.1601550579071045,-0.7662031650543213,21.119136810302734,-33.09843826293945,20.073078155517578,44.09595244118688,210418289,1720698290
5.0,0,-8.602498054504395,5.296054840087891,8.92811393737793,0.16032473742961884,-3.1375179290771484,-0.7795191407203674,20.944597244262695,-34.67455291748047,20.241758346557617,45.284981558039355,222418289,1720698290
5.0,0,5.140429496765137,1.9345444440841675,8.846710205078125,0.10200062394142151,-3.227001428604126,-0.8098796606063843,18.85013771057129,-32.92331314086914,19.229671478271484,42.53295786847508,235418289,1720698290
5.0,0,4.821995735168457,1.2019076347351074,8.169140815734863,0.09294573962688446,-3.2432470321655273,-0.8532898426055908,17.62837028503418,-32.39794158935547,21.759891510009766,42.823812729145914,247418289,1720698290
5.0,0,-4.738197326660156,3.4405205249786377,8.425324440002441,0.07350436598062515,-3.112217426300049,-0.8748617768287659,15.882987022399902,-34.499427795410156,19.735713958740234,42.80161446050437,260418289,1720698290
5.0,0,-0.4596937298774719,4.496379375457764,8.813190460205078,0.02689833752810955,-3.103961706161499,-0.9214677810668945,15.882987022399902,-34.1491813659668,19.735713958740234,42.51981032625418,272418289,1720698290
5.0,0,0.21069295704364777,5.442103385925293,8.193083763122559,0.008522245101630688,-3.1673457622528076,-0.9667422771453857,15.882987022399902,-34.1491813659668,19.735713958740234,42.51981032625418,285418289,1720698290
5.0,0,1.1252919435501099,0.6512327790260315,9.074163436889648,-0.04101330414414406,-3.1684112548828125,-0.9667422771453857,11.51952838897705,-34.67455291748047,21.928571701049805,42.61321873761338,297418289,1720698290
5.0,0,-0.9983972907066345,5.650402545928955,9.45484733581543,-0.058324117213487625,-3.1287293434143066,-0.986982524394989,11.344990730285645,-34.1491813659668,21.759891510009766,42.05197119236334,310418289,1720698290
5.0,0,3.713463544845581,5.609699726104736,8.729393005371094,-0.0862877368927002,-3.190782070159912,-1.0501004457473755,11.344990730285645,-34.1491813659668,21.759891510009766,42.05197119236334,322418289,1720698290
5.0,0,-3.3710873126983643,6.871463298797607,9.00951862335205,-0.15899313986301422,-3.174003839492798,-1.0644817352294922,8.901453971862793,-33.79893112182617,22.7719783782959,41.715304470334594,335418289,1720698290
5.0,0,0.5961652994155884,0.4142032265663147,9.045432090759277,-0.18988628685474396,-3.180129051208496,-1.0583564043045044,7.505147457122803,-34.499427795410156,22.434616088867188,41.83120552432997,347418289,1720698290
5.0,0,6.265721797943115,2.219458818435669,8.513911247253418,-0.2301006317138672,-3.217413902282715,-1.099103331565857,6.632455825805664,-34.32430648803711,22.60329818725586,41.62999609786162,360418289,1720698290
5.0,0,6.790059566497803,4.070204734802246,7.929717063903809,-0.27164655923843384,-3.1745364665985107,-1.1393177509307861,5.934302806854248,-34.67455291748047,22.60329818725586,41.81446709899094,372418289,1720698290
5.0,0,0.5458863377571106,4.233013153076172,7.879438400268555,-0.3102629780769348,-3.102630138397217,-1.1486389636993408,4.188919544219971,-33.974056243896484,22.94066047668457,41.207492616245254,385418289,1720698290
5.0,0,0.37110692262649536,3.4213664531707764,8.92572021484375,-0.32357898354530334,-3.1156797409057617,-1.1387850046157837,4.712534427642822,-33.44868469238281,22.097253799438477,40.364726109054196,397418289,1720698290
5.0,0,7.05821418762207,2.6169025897979736,9.119653701782227,-0.38563162088394165,-3.1958420276641846,-1.1691455841064453,2.618074655532837,-33.79893112182617,24.458791732788086,41.80256634356073,410418289,1720698290
5.0,0,1.975246548652649,3.7589540481567383,8.075765609741211,-0.4428904354572296,-3.1441760063171387,-1.191250205039978,2.0944597721099854,-35.02479934692383,25.63956069946289,43.456994878738506,422418289,1720698290
5.0,0,2.937730312347412,4.185128211975098,7.12046480178833,-0.4466189444065094,-3.1441760063171387,-1.2048324346542358,0.34907662868499756,-35.02479934692383,25.63956069946289,43.4078967083918,435418289,1720698290
5.0,0,4.230618953704834,5.695892810821533,7.611283302307129,-0.5124000310897827,-3.1939778327941895,-1.2226759195327759,0.34907662868499756,-35.02479934692383,25.63956069946289,43.4078967083918,447418289,1720698290
5.0,0,7.7788801193237305,3.275317907333374,8.803613662719727,-0.5712567567825317,-3.2064950466156006,-1.213887333869934,-0.5236149430274963,-34.1491813659668,25.47088050842285,42.605240457584685,460418289,1720698290
5.0,0,7.383831024169922,-0.009576953016221523,7.446080684661865,-0.6229228973388672,-3.166280508041382,-1.229600191116333,-2.7926130294799805,-35.02479934692383,26.989011764526367,44.30510143144286,472418289,1720698290
5.0,0,5.705469608306885,5.133246898651123,7.355099678039551,-0.6112048029899597,-3.104494333267212,-1.2538354396820068,-2.7926130294799805,-35.02479934692383,26.989011764526367,44.30510143144286,485418289,1720698290
5.0,0,1.9680639505386353,7.685504913330078,7.072579860687256,-0.6522180438041687,-3.1031627655029297,-1.2485089302062988,-3.316227912902832,-36.250667572021484,26.820329666137695,45.21546583181281,497418289,1720698290
5.0,0,1.795678734779358,2.420574903488159,7.771697521209717,-0.7475606799125671,-3.1132826805114746,-1.2165504693984985,-3.316227912902832,-35.900421142578125,27.49505615234375,45.34110407351504,510418289,1720698290
5.0,0,9.591318130493164,2.2074875831604004,7.297637939453125,-0.7670021057128906,-3.167079448699951,-1.2572975158691406,-4.363457679748535,-34.84967803955078,26.820329666137695,44.1912876683132,523418289,1720698290
5.0,0,5.875460624694824,3.8834545612335205,5.650402545928955,-0.8370442986488342,-3.1529645919799805,-1.2738094329833984,-5.585226058959961,-35.37504959106445,29.350549697875977,46.30381897065772,535418289,1720698290
5.0,0,4.604119777679443,6.069393634796143,6.418952941894531,-0.8503603339195251,-3.133789539337158,-1.2687492370605469,-6.1088409423828125,-35.19992446899414,28.844507217407227,45.91686201056517,548418289,1720698290
5.0,0,7.170743465423584,4.817207336425781,6.677530288696289,-0.8988305926322937,-3.1761343479156494,-1.2439815998077393,-6.283379554748535,-36.07554626464844,28.338462829589844,46.30328684300788,560418289,1720698290
5.0,0,8.949663162231445,2.0805928707122803,6.76132869720459,-0.9648779630661011,-3.1742701530456543,-1.2290675640106201,-6.283379554748535,-36.07554626464844,28.338462829589844,46.30328684300788,573418289,1720698290
5.0,0,10.089320182800293,3.8307812213897705,5.003958225250244,-0.9771286845207214,-3.126066207885742,-1.2647545337677002,-6.4579176902771,-36.60091781616211,29.181869506835938,47.2537130159509,585418289,1720698290
5.0,0,7.663956642150879,3.8331754207611084,4.465254306793213,-1.0109513998031616,-3.0845203399658203,-1.257563829421997,-8.203300476074219,-36.60091781616211,28.844507217407227,47.31730043336443,598418289,1720698290
5.0,0,4.745380401611328,4.474831581115723,6.040663242340088,-1.0596879720687866,-3.0762641429901123,-1.2130883932113647,-9.599607467651367,-36.250667572021484,32.55549621582031,49.66008152237055,610418289,1720698290
5.0,0,2.6743643283843994,3.402212619781494,5.10690975189209,-1.1110877990722656,-3.085585594177246,-1.1944459676742554,-9.425068855285645,-35.72529602050781,31.037363052368164,48.253980187382425,623418289,1720698290
5.0,0,8.346314430236816,5.650402545928955,3.5219244956970215,-1.1406493186950684,-3.120739698410034,-1.2306655645370483,-9.075992584228516,-35.37504959106445,33.736263275146484,49.71823845159076,635418289,1720698290
5.0,0,10.38860034942627,2.523527145385742,3.8858487606048584,-1.2016366720199585,-3.15376353263855,-1.2186810970306396,-8.72691535949707,-33.623809814453125,32.724178314208984,47.72411847766793,648418289,1720698290
5.0,0,6.54824161529541,4.915370941162109,4.3192057609558105,-1.2298665046691895,-3.1268651485443115,-1.1766024827957153,-8.203300476074219,-36.250667572021484,33.56758499145508,50.08181107224987,660418289,1720698290
5.0,0,7.369464874267578,6.004749774932861,3.945704698562622,-1.2607595920562744,-3.152165651321411,-1.1635527610778809,-9.774145126342773,-35.72529602050781,32.38681411743164,49.20097984167379,673418289,1720698290
5.0,0,12.904943466186523,4.187522888183594,3.660790205001831,-1.2975119352340698,-3.1566929817199707,-1.1811299324035645,-10.472298622131348,-36.776039123535156,33.398902893066406,50.770393011157225,685418289,1720698290
5.0,0,12.179490089416504,3.893031358718872,2.784498929977417,-1.340123176574707,-3.104494333267212,-1.1579601764678955,-11.51952838897705,-33.974056243896484,33.398902893066406,49.01451567064974,698418289,1720698290
5.0,0,-4.082176208496094,5.389430522918701,-1.467668056488037,-1.2937833070755005,-2.6269822120666504,-0.9837867021560669,-10.821375846862793,-35.72529602050781,35.760440826416016,51.69340459934495,710418289,1720698290
5.0,0,39.22600173950195,-4.414975166320801,-12.011893272399902,-0.8751280903816223,-2.2490739822387695,-1.0508993864059448,-11.170452117919922,-32.57306671142578,34.74835205078125,48.9206668571757,723418289,1720698290
5.0,0,-12.390183448791504,-2.626479387283325,-19.299955368041992,-0.7962972521781921,-1.2711461782455444,-0.17284178733825684,-14.137603759765625,-33.09843826293945,33.56758499145508,49.21545710112133,735418289,1720698290
5.0,0,39.22600173950195,5.885037899017334,2.4612767696380615,-0.21545302867889404,-0.8418380618095398,-0.4841700792312622,-12.043143272399902,-36.60091781616211,36.94121170043945,53.37899967929044,748418289,1720698290
5.0,0,-7.769303321838379,-6.490779399871826,-8.197872161865234,-0.24235135316848755,-0.5054756999015808,0.032491061836481094,-12.217681884765625,-38.52728271484375,37.4472541809082,55.09918429265877,760418289,1720698290
5.0,0,10.994342803955078,0.016759667545557022,-4.400609970092773,-0.016778171062469482,0.3890937566757202,0.28549522161483765,-10.297760963439941,-38.35215759277344,37.95329666137695,54.930725467151476,773418289,1720698290
5.0,0,30.054872512817383,-1.74061119556427,-4.470042705535889,0.2884247303009033,0.279103547334671,0.053264033049345016,-11.694067001342773,-37.301414489746094,37.27857208251953,54.01702196973967,785418289,1720698290
5.0,0,-8.901777267456055,1.185148000717163,-1.946515679359436,0.327840119600296,0.9928416013717651,0.4998829662799835,-12.56675910949707,-37.826786041259766,35.760440826416016,53.549960829369184,798418289,1720698290
5.0,0,6.074182510375977,9.11486530303955,12.529048919677734,0.3896264135837555,0.660740315914154,0.15499833226203918,-13.43945026397705,-38.00190734863281,34.57966995239258,53.10854318796918,810418289,1720698290
5.0,0,0.6392616629600525,5.659979343414307,15.253691673278809,0.21651829779148102,0.3797725737094879,0.08974990248680115,-13.090373992919922,-34.84967803955078,36.60384750366211,52.20823309408405,823418289,1720698290
5.0,0,-2.810835838317871,2.7749221324920654,7.8267645835876465,-0.027164656668901443,0.18163035809993744,0.07856445014476776,-13.613988876342773,-34.32430648803711,34.74835205078125,50.704503540168155,835418289,1720698290
5.0,0,10.577744483947754,4.096541881561279,4.400609970092773,-0.03621954470872879,0.043942827731370926,-0.01651185005903244,-15.184833526611328,-32.74818801879883,34.91703414916992,50.22173096897196,848418289,1720698290
5.0,0,10.465215682983398,0.8762912154197693,-2.1476316452026367,-0.05699251592159271,0.005060083232820034,-0.025566738098859787,-14.137603759765625,-32.74818801879883,35.92912292480469,50.62822861535315,860418289,1720698290
5.0,0,8.8514986038208,3.1292693614959717,1.8986308574676514,0.03222474083304405,0.033556342124938965,0.005060083232820034,-14.835756301879883,-32.74818801879883,33.56758499145508,49.186647026626325,873418289,1720698290
5.0,0,7.862678050994873,2.944913148880005,5.365488052368164,0.05592723563313484,0.0394153855741024,0.015712888911366463,-16.057525634765625,-32.92331314086914,34.41099166870117,50.25838263719101,885418289,1720698290
5.0,0,7.1013102531433105,3.684732437133789,7.446080684661865,-0.017044490203261375,0.012250727973878384,-0.004261122550815344,-15.010294914245605,-32.57306671142578,34.74835205078125,49.937577020162436,898418289,1720698290
5.0,0,8.391804695129395,2.6959123611450195,5.1236701011657715,-0.023169854655861855,-0.04767131060361862,0.002929521957412362,-15.010294914245605,-32.57306671142578,34.74835205078125,49.937577020162436,910418289,1720698290
5.0,0,39.22600173950195,-2.554651975631714,-2.501979112625122,0.09720686078071594,0.3078661262989044,-0.002130561275407672,-14.835756301879883,-32.74818801879883,33.904945373535156,49.417494921796376,923418289,1720698290
5.0,0,-5.391824722290039,0.33519336581230164,-17.291189193725586,0.33796030282974243,1.1747382879257202,0.5656640529632568,-13.264911651611328,-32.92331314086914,34.41099166870117,49.437018285088776,935418289,1720698290
5.0,0,39.22600173950195,9.160355567932129,-3.169971466064453,0.9563557505607605,1.7201619148254395,0.44315674901008606,-13.264911651611328,-32.92331314086914,34.41099166870117,49.437018285088776,948418289,1720698290
5.0,0,-16.180261611938477,-6.318394660949707,-8.619257926940918,0.8421043753623962,2.1326918601989746,0.9976353645324707,-9.599607467651367,-36.250667572021484,34.91703414916992,51.23926850301921,960418289,1720698290
5.0,0,12.512289047241211,9.162749290466309,11.16433334350586,1.032523274421692,2.399811029434204,0.9129455089569092,-12.392220497131348,-36.250667572021484,33.56758499145508,50.93584975658394,973418289,1720698290
5.0,0,5.5833635330200195,-3.4429147243499756,4.9129767417907715,1.052230954170227,2.068775177001953,0.604280412197113,-12.392220497131348,-36.250667572021484,33.56758499145508,50.93584975658394,986418289,1720698290
5.0,0,2.008765935897827,-0.13407734036445618,4.606513977050781,0.745696485042572,2.314056158065796,0.968073844909668,-10.123222351074219,-33.974056243896484,34.74835205078125,49.64034748748002,998418289,1720698290
5.0,0,8.952056884765625,5.315208911895752,5.207468032836914,0.9270604848861694,2.0940754413604736,0.7025526165962219,-11.868605613708496,-36.4257926940918,34.41099166870117,51.49581070563047,11418289,1720698291
5.0,0,12.342297554016113,-3.1627886295318604,-0.9433298707008362,0.7587461471557617,2.176368474960327,0.8194671869277954,-11.868605613708496,-36.4257926940918,34.41099166870117,51.49581070563047,23418289,1720698291
5.0,0,10.82674503326416,4.426946640014648,5.363093852996826,0.8498277068138123,2.1036629676818848,0.7771222591400146,-8.552377700805664,-35.550174713134766,33.230220794677734,49.40855857576374,36418289,1720698291
5.0,0,9.67990493774414,2.190727949142456,5.93292236328125,0.794433057308197,2.1023313999176025,0.8453002572059631,-10.123222351074219,-37.12628936767578,32.38681411743164,50.296587574692914,48418289,1720698291
5.0,0,5.892220497131348,5.14761209487915,6.105307102203369,0.7385058403015137,2.1116526126861572,0.8037542700767517,-12.217681884765625,-35.02479934692383,32.38681411743164,49.243416297071384,61418289,1720698291
5.0,0,9.976790428161621,1.4556968212127686,5.485199451446533,0.7337120771408081,2.058655023574829,0.8234620094299316,-8.901453971862793,-35.19992446899414,31.543407440185547,48.09633165194241,73418289,1720698291
5.0,0,6.289663791656494,2.5211329460144043,4.968044281005859,0.7124064564704895,2.0749003887176514,0.8000257611274719,-7.85422420501709,-34.1491813659668,30.868682861328125,46.69829769297402,86418289,1720698291
5.0,0,6.7709059715271,5.054236888885498,5.542661666870117,0.7283856868743896,2.0706393718719482,0.8277230858802795,-10.123222351074219,-34.32430648803711,31.037363052368164,47.37040797690583,98418289,1720698291
5.0,0,3.763742446899414,4.300051689147949,6.157980918884277,0.7150696516036987,2.1244359016418457,0.8410391211509705,-10.123222351074219,-34.32430648803711,31.037363052368164,47.37040797690583,111418289,1720698291
5.0,0,8.640806198120117,1.6304762363433838,6.7709059715271,0.6572781801223755,2.097271203994751,0.8325168490409851,-9.599607467651367,-35.900421142578125,31.543407440185547,48.7440176297052,123418289,1720698291
5.0,0,4.927342414855957,3.945704698562622,7.730995178222656,0.668996274471283,2.0863521099090576,0.824260950088501,-8.552377700805664,-36.250667572021484,29.181869506835938,47.3163351462098,136418289,1720698291
5.0,0,5.985595226287842,2.9568841457366943,6.083759307861328,0.6287819147109985,2.0725035667419434,0.8181356191635132,-8.552377700805664,-36.250667572021484,29.181869506835938,47.3163351462098,148418289,1720698291
5.0,0,4.367090702056885,5.37027645111084,7.6735334396362305,0.6274503469467163,2.126832962036133,0.8429033160209656,-6.1088409423828125,-36.250667572021484,31.206045150756836,48.220805582524406,161418289,1720698291
5.0,0,9.418932914733887,1.328802227973938,6.936108112335205,0.5922960638999939,2.070373058319092,0.8460991978645325,-8.901453971862793,-35.19992446899414,28.507143020629883,46.16197318827187,173418289,1720698291
5.0,0,4.125272274017334,5.475622653961182,7.012723922729492,0.5997530221939087,2.1047282218933105,0.8335821032524109,-7.156070709228516,-34.1491813659668,29.181869506835938,45.485793868802304,186418289,1720698291
5.0,0,6.246567726135254,3.4141836166381836,6.366279125213623,0.5579407811164856,2.067443609237671,0.8207987546920776,-6.981532573699951,-34.67455291748047,29.013187408447266,45.74747491067097,198418289,1720698291
5.0,0,3.739799976348877,3.1101152896881104,8.090130805969238,0.5539459586143494,2.128697156906128,0.829321026802063,-5.236149311065674,-35.02479934692383,28.338462829589844,45.356612576823835,211418289,1720698291
5.0,0,8.568979263305664,3.2705295085906982,7.666350841522217,0.5195906758308411,2.061051845550537,0.8378432393074036,-5.934302806854248,-35.37504959106445,28.001100540161133,45.50463399296735,223418289,1720698291
5.0,0,2.913787841796875,5.140429496765137,7.470023155212402,0.5086715221405029,2.1193759441375732,0.8378432393074036,-3.316227912902832,-35.550174713134766,28.507143020629883,45.68883335021118,236418289,1720698291
5.0,0,6.897800445556641,2.913787841796875,7.838736057281494,0.4902954399585724,2.069307804107666,0.8199998140335083,-3.665304660797119,-35.19992446899414,28.507143020629883,45.44366120899592,248418289,1720698291
5.0,0,1.5394952297210693,2.0758044719696045,8.451661109924316,0.4735172688961029,2.1481385231018066,0.840772807598114,-4.887072563171387,-35.02479934692383,27.326374053955078,44.691730403584145,261418289,1720698291
5.0,0,7.240176200866699,3.356721878051758,7.951265335083008,0.44874951243400574,2.060519218444824,0.8250598907470703,-4.537996292114258,-33.974056243896484,26.989011764526367,43.626100720055504,273418289,1720698291
5.0,0,5.600122928619385,4.613697052001953,7.402984619140625,0.4223838150501251,2.1071250438690186,0.8237283229827881,-2.7926130294799805,-34.32430648803711,26.989011764526367,43.75343940129588,286418289,1720698291
5.0,0,5.327179908752441,3.4979822635650635,8.475603103637695,0.38003888726234436,2.0541274547576904,0.8138744831085205,-3.316227912902832,-35.550174713134766,26.820329666137695,44.655821267837275,298418289,1720698291
5.0,0,1.2928886413574219,3.047865152359009,8.726998329162598,0.421584814786911,2.1641178131103516,0.8290547132492065,-3.8398427963256836,-33.974056243896484,24.627473831176758,42.13660353741426,311418289,1720698291
5.0,0,8.612074851989746,0.598559558391571,8.875441551208496,0.3664565682411194,2.0559918880462646,0.8144071102142334,0.0,-34.32430648803711,26.314287185668945,43.25043035594637,323418289,1720698291
5.0,0,4.793264865875244,3.8619062900543213,8.446871757507324,0.37444618344306946,2.110853672027588,0.8077490925788879,-1.7453831434249878,-34.67455291748047,26.314287185668945,43.56389207169587,336418289,1720698291
5.0,0,5.245776176452637,1.7717362642288208,8.331949234008789,0.2953490614891052,2.0791616439819336,0.8077490925788879,-0.6981532573699951,-35.02479934692383,26.314287185668945,43.81398974474834,348418289,1720698291
5.0,0,1.1348689794540405,3.1843366622924805,8.39419937133789,0.31798627972602844,2.1808958053588867,0.8016237616539001,-0.17453831434249878,-34.84967803955078,25.47088050842285,43.165915685386274,361418289,1720698291
5.0,0,9.00951862335205,1.7501882314682007,8.55461311340332,0.2950827479362488,2.034952402114868,0.7915035486221313,1.3963065147399902,-34.67455291748047,23.952747344970703,42.16643685779319,373418289,1720698291
5.0,0,4.158791542053223,2.6121137142181396,9.167537689208984,0.2745760977268219,2.1028640270233154,0.7869760990142822,1.5708448886871338,-35.900421142578125,25.133516311645508,43.8520402497596,386418289,1720698291
5.0,0,5.039871692657471,3.823598623275757,9.75173282623291,0.2556673586368561,2.0714383125305176,0.7821823358535767,2.618074655532837,-35.550174713134766,24.796154022216797,43.422557401998425,398418289,1720698291
5.0,0,1.972852349281311,1.3958408832550049,8.480391502380371,0.22717110812664032,2.164916753768921,0.7691326141357422,1.9199213981628418,-35.19992446899414,23.10934066772461,42.151659598347564,411418289,1720698291
5.0,0,4.731014728546143,3.869088888168335,9.598501205444336,0.24181872606277466,2.053861141204834,0.7715295553207397,3.1416897773742676,-34.32430648803711,22.94066047668457,41.40413184270963,423418289,1720698291
5.0,0,3.7541656494140625,2.272132158279419,9.423721313476562,0.2058655023574829,2.111386299133301,0.762740969657898,2.618074655532837,-34.1491813659668,23.446704864501953,41.50625099753887,436418289,1720698291
5.0,0,2.549863576889038,4.125272274017334,9.744549751281738,0.19308212399482727,2.09061336517334,0.7435659170150757,5.759764194488525,-33.79893112182617,24.121429443359375,41.921187804558045,448418289,1720698291
5.0,0,2.221853017807007,3.610511064529419,8.832345008850098,0.1645858734846115,2.146540641784668,0.7270541191101074,5.061611175537109,-34.499427795410156,23.10934066772461,41.83147202764913,461418289,1720698291
5.0,0,0.5530690550804138,3.0047690868377686,9.85707950592041,0.1432802528142929,2.081292152404785,0.7387721538543701,5.585226058959961,-33.2735595703125,22.60329818725586,40.61075726394208,474418289,1720698291
5.0,0,4.862698078155518,4.058233737945557,10.17790699005127,0.13742120563983917,2.0820910930633545,0.7313151955604553,5.585226058959961,-33.2735595703125,22.60329818725586,40.61075726394208,486418289,1720698291
5.0,0,0.22745263576507568,1.5921683311462402,8.755729675292969,0.0969405472278595,2.08768367767334,0.6945629715919495,5.585226058959961,-33.2735595703125,21.928571701049805,40.23911993889656,499418289,1720698291
5.0,0,2.111717939376831,3.2417984008789062,9.165143966674805,0.11904511600732803,2.124702215194702,0.6953619122505188,8.72691535949707,-34.32430648803711,23.27802276611328,42.381404076271714,511418289,1720698291
5.0,0,-1.2809175252914429,3.6799440383911133,10.029463768005371,0.06871060281991959,2.109255790710449,0.685508131980896,8.72691535949707,-34.32430648803711,23.27802276611328,42.381404076271714,524418289,1720698291
5.0,0,3.5027706623077393,2.1069295406341553,9.94327163696289,0.042877547442913055,2.077563524246216,0.6844428181648254,8.901453971862793,-34.1491813659668,21.08516502380371,41.10944727018257,536418289,1720698291
5.0,0,-3.3950297832489014,4.149214744567871,9.323163032531738,0.06072099879384041,2.125235080718994,0.6580771803855896,10.64683723449707,-33.79893112182617,20.747802734375,41.06329512326503,549418289,1720698291
5.0,0,3.1292693614959717,2.2529780864715576,9.529067993164062,0.038616426289081573,2.1129841804504395,0.6594087481498718,11.344990730285645,-33.79893112182617,22.097253799438477,41.94478734151617,561418289,1720698291
5.0,0,-2.1021411418914795,4.80763053894043,10.419724464416504,0.03169209882616997,2.099668264389038,0.6444948315620422,11.344990730285645,-34.84967803955078,22.7719783782959,43.148254581062616,574418289,1720698291
5.0,0,1.743005394935608,1.4269659519195557,9.213027954101562,-0.0394153855741024,2.097803831100464,0.6357062458992004,11.868605613708496,-34.32430648803711,20.579120635986328,41.74352669874621,586418289,1720698291
5.0,0,-4.084570407867432,2.011160135269165,8.889806747436523,-0.018109772354364395,2.134023666381836,0.6090742349624634,12.392220497131348,-33.79893112182617,20.073078155517578,41.2172699297878,599418289,1720698291
5.0,0,2.291285991668701,4.252167224884033,9.691876411437988,-0.00878856610506773,2.1129841804504395,0.5912307500839233,12.392220497131348,-33.79893112182617,20.073078155517578,41.2172699297878,611418289,1720698291
5.0,0,-4.841149806976318,4.125272274017334,9.088528633117676,-0.03621954470872879,2.120973825454712,0.5867033004760742,14.661218643188477,-33.2735595703125,20.916484832763672,41.947353150607064,624418289,1720698291
5.0,0,-1.4700623750686646,2.1308720111846924,9.572164535522461,-0.07936341315507889,2.10552716255188,0.5744526386260986,15.359371185302734,-33.623809814453125,21.591209411621094,42.80947551071956,636418289,1720698291
5.0,0,-3.5027706623077393,1.1396573781967163,9.081345558166504,-0.08229293674230576,2.132425546646118,0.5677946209907532,15.359371185302734,-33.623809814453125,21.591209411621094,42.80947551071956,649418289,1720698291
5.0,0,2.39902663230896,3.790079116821289,10.094108581542969,-0.07323804497718811,2.0882163047790527,0.5494185090065002,17.45383071899414,-35.02479934692383,20.916484832763672,44.37197441875685,661418289,1720698291
5.0,0,-5.671950340270996,3.744588851928711,9.055008888244629,-0.10706070810556412,2.13002872467041,0.5254496932029724,17.279293060302734,-33.44868469238281,20.747802734375,42.98673975331008,674418289,1720698291
5.0,0,-0.4237801730632782,3.682338237762451,9.081345558166504,-0.13023056089878082,2.0868847370147705,0.5020135045051575,19.548290252685547,-34.32430648803711,20.916484832763672,44.69667778982214,686418289,1720698291
5.0,0,-4.675947189331055,1.6855436563491821,9.418932914733887,-0.13209480047225952,2.135887861251831,0.5046766996383667,20.07190704345703,-34.84967803955078,21.08516502380371,45.40887243593,699418289,1720698291
5.0,0,1.6161108016967773,2.8970282077789307,10.37183952331543,-0.13981808722019196,2.078895330429077,0.4870995879173279,21.642751693725586,-33.974056243896484,20.916484832763672,45.388815101288294,711418289,1720698291
5.0,0,-1.8938424587249756,3.536289930343628,9.440481185913086,-0.1470087319612503,2.1081905364990234,0.4695224463939667,20.77005958557129,-34.1491813659668,20.41044044494629,44.87926071483993,724418289,1720698291
5.0,0,-3.658396005630493,3.3232028484344482,8.9999418258667,-0.1664501130580902,2.0850205421447754,0.44448837637901306,21.642751693725586,-33.974056243896484,21.928571701049805,45.864010459049325,736418289,1720698291
5.0,0,-4.247378826141357,2.5331039428710938,9.002335548400879,-0.15846049785614014,2.1438775062561035,0.43809667229652405,23.0390567779541,-33.2735595703125,21.591209411621094,45.87055948594264,749418289,1720698291
5.0,0,1.3096483945846558,2.6432390213012695,9.280067443847656,-0.20666444301605225,2.0554590225219727,0.40800249576568604,24.9589786529541,-35.900421142578125,22.434616088867188,49.14369596060055,761418289,1720698291
5.0,0,-0.6895406246185303,1.920179009437561,8.774883270263672,-0.21598565578460693,2.0714383125305176,0.3920232951641083,24.9589786529541,-35.900421142578125,22.434616088867188,49.14369596060055,774418289,1720698291
5.0,0,-5.418160915374756,3.5985400676727295,8.762911796569824,-0.2045339047908783,2.0858194828033447,0.3691197633743286,27.402515411376953,-34.1491813659668,21.08516502380371,48.59679642648763,786418289,1720698291
5.0,0,-2.142843246459961,1.692726492881775,8.475603103637695,-0.211458221077919,2.112717866897583,0.3659239113330841,26.529823303222656,-33.623809814453125,21.253847122192383,47.813367675078645,799418289,1720698291
5.0,0,0.5075784921646118,4.312023162841797,9.902568817138672,-0.2226436585187912,2.017108917236328,0.35234156250953674,26.704362869262695,-32.74818801879883,21.759891510009766,47.52956651701392,811418289,1720698291
5.0,0,-2.7988643646240234,-0.5099727511405945,8.655171394348145,-0.2838973104953766,2.0911459922790527,0.34062349796295166,27.926130294799805,-34.67455291748047,21.253847122192383,49.33476857919589,824418289,1720698291
5.0,0,-5.039871692657471,4.079782009124756,8.351102828979492,-0.242617666721344,2.0834226608276367,0.2902889847755432,28.27520751953125,-34.32430648803711,21.928571701049805,49.583340276804115,836418289,1720698291
5.0,0,-5.104515552520752,3.0789904594421387,8.15238094329834,-0.23782391846179962,2.1095221042633057,0.28176674246788025,31.765974044799805,-33.2735595703125,21.253847122192383,50.67477568758992,849418289,1720698291
5.0,0,-3.770925283432007,2.4086036682128906,8.959239959716797,-0.26285800337791443,2.009385585784912,0.2796361744403839,32.11505126953125,-35.02479934692383,21.591209411621094,52.194764212451155,861418289,1720698291
5.0,0,-0.4429340660572052,0.4046262502670288,8.511516571044922,-0.2844299376010895,2.0932765007019043,0.23169854283332825,31.94051170349121,-33.79893112182617,23.10934066772461,51.92885189329492,874418289,1720698291
5.0,0,-5.746171951293945,4.101330280303955,8.121255874633789,-0.2745760977268219,2.0607855319976807,0.20213700830936432,31.765974044799805,-33.974056243896484,22.265933990478516,51.56632060896611,886418289,1720698291
5.0,0,-7.388619422912598,2.9592783451080322,7.2329936027526855,-0.27484241127967834,2.106858730316162,0.19547900557518005,32.98773956298828,-33.44868469238281,23.10934066772461,52.35501022082736,899418289,1720698291
5.0,0,-5.497171401977539,1.9944003820419312,7.745360374450684,-0.2990775406360626,2.0298924446105957,0.21678462624549866,35.60581588745117,-34.32430648803711,23.27802276611328,54.66075817984475,911418289,1720698291
5.0,0,-1.9345444440841675,1.3383792638778687,7.924928665161133,-0.30493661761283875,2.043208360671997,0.16858068108558655,35.60581588745117,-33.623809814453125,25.30219841003418,55.122916793565274,924418289,1720698291
5.0,0,-9.75173282623291,3.821204423904419,7.2641191482543945,-0.2865605056285858,2.0647802352905273,0.1432802528142929,37.00212097167969,-33.974056243896484,24.290111541748047,55.79787605972849,936418289,1720698291
5.0,0,-10.489157676696777,2.9329419136047363,6.687107563018799,-0.3139914870262146,2.132958173751831,0.08096133172512054,38.92204284667969,-31.697444915771484,25.47088050842285,56.28871278881311,949418289,1720698291
5.0,0,-8.082948684692383,3.430943250656128,7.393407821655273,-0.3115946054458618,2.015244722366333,0.11984407901763916,38.74750518798828,-32.57306671142578,23.952747344970703,56.00096372967321,962418289,1720698291
5.0,0,-2.7246429920196533,-0.3016740083694458,7.067790985107422,-0.3326338827610016,1.999531865119934,0.08788565546274185,38.92204284667969,-33.44868469238281,25.47088050842285,57.29315561987809,974418289,1720698291
5.0,0,-9.811588287353516,2.087775707244873,6.172346115112305,-0.3028060495853424,2.0810258388519287,0.0862877368927002,40.492889404296875,-32.57306671142578,25.63956069946289,57.948820869428005,987418289,1720698291
5.0,0,-6.703866958618164,4.6328511238098145,6.988780975341797,-0.34168878197669983,2.082890033721924,-0.0034621621016412973,40.66742706298828,-32.74818801879883,26.820329666137695,58.6993485980754,999418289,1720698291
5.0,0,-11.28165054321289,1.9800350666046143,6.5410590171813965,-0.329171746969223,2.022968053817749,0.000532640318851918,42.412811279296875,-32.74818801879883,28.844507217407227,60.85471202579886,12418289,1720698292
5.0,0,-6.7158379554748535,0.45490527153015137,6.052634239196777,-0.34168878197669983,2.0083203315734863,0.005060083232820034,43.46004104614258,-32.39794158935547,27.49505615234375,60.781410807747974,24418289,1720698292
5.0,0,-7.431715488433838,1.9369386434555054,5.841940879821777,-0.3139914870262146,2.044273614883423,-0.001065280637703836,42.0637321472168,-32.047691345214844,28.169780731201172,59.916180028060126,37418289,1720698292
5.0,0,-6.6440110206604,4.460465908050537,6.380645275115967,-0.32064947485923767,2.0298924446105957,-0.05273139104247093,43.634578704833984,-32.222816467285156,28.338462829589844,61.199304206638985,49418289,1720698292
5.0,0,-13.82193660736084,0.9888203740119934,5.011140823364258,-0.3403571844100952,2.0458714962005615,-0.07536860555410385,45.0308837890625,-31.872568130493164,29.350549697875977,62.49076621089285,62418289,1720698292
5.0,0,-6.727809429168701,0.6105307340621948,5.291266441345215,-0.35607007145881653,1.9771610498428345,-0.07803180813789368,45.554500579833984,-31.347196578979492,29.85659408569336,62.843261109184475,74418289,1720698292
5.0,0,-4.881851673126221,1.5275241136550903,5.487593650817871,-0.31052932143211365,1.997667670249939,-0.07749916613101959,47.125343322753906,-29.771080017089844,30.02527618408203,63.31376152624164,87418289,1720698292
5.0,0,-7.515513896942139,2.9975860118865967,5.140429496765137,-0.324111670255661,1.9883464574813843,-0.14407920837402344,46.9508056640625,-32.39794158935547,30.53131866455078,64.70058880047537,99418289,1720698292
5.0,0,-13.783629417419434,0.826012134552002,4.094147682189941,-0.3315685987472534,2.036550283432007,-0.15153618156909943,48.17257308959961,-29.420833587646484,32.0494499206543,64.91031880434213,112418289,1720698292
5.0,0,-15.110036849975586,-0.2753373980522156,-2.446911573410034,-0.3459499180316925,1.386196494102478,0.017310811206698418,49.045265197753906,-31.347196578979492,31.880769729614258,66.36616796404537,124418289,1720698292
5.0,0,-15.962386131286621,1.8698999881744385,-11.521074295043945,-0.2551347315311432,0.9981679916381836,-0.15606361627578735,48.696189880371094,-30.646699905395508,31.880769729614258,65.7793478419269,137418289,1720698292
5.0,0,-5.609699726104736,2.808441638946533,-7.170743465423584,0.07217276096343994,0.10173431038856506,-0.02583305537700653,50.7906494140625,-32.047691345214844,31.880769729614258,67.99358842577037,149418289,1720698292
5.0,0,-21.4332218170166,-5.947287559509277,-1.8746886253356934,0.16352058947086334,0.13928544521331787,-0.08522245287895203,50.7906494140625,-29.245708465576172,31.543407440185547,66.55815565723884,162418289,1720698292
5.0,0,-8.161957740783691,3.6990981101989746,9.495549201965332,0.08708669990301132,-0.10865862667560577,0.04101330414414406,49.56888198852539,-29.420833587646484,32.0494499206543,65.95321637949792,174418289,1720698292
5.0,0,-6.189105987548828,6.988780975341797,12.402153968811035,0.030626820400357246,-0.12224096059799194,0.09347837418317795,48.34711456298828,-30.9969482421875,31.206045150756836,65.3610858297706,187418289,1720698292
5.0,0,-7.6208600997924805,3.4381263256073,6.569789886474609,-0.04261122643947601,-0.11531662940979004,0.024501455947756767,49.21980285644531,-31.172073364257812,31.374725341796875,66.17144808244115,199418289,1720698292
5.0,0,-10.242551803588867,1.1252919435501099,2.2529780864715576,-0.06711268424987793,-0.08468981087207794,-0.014114969410002232,48.8707275390625,-31.872568130493164,31.71208953857422,66.40681615868027,212418289,1720698292
5.0,0,-9.258519172668457,-7.225811004638672,-2.039891004562378,-0.10546278208494186,-0.1637869030237198,-0.14061705768108368,48.8707275390625,-32.57306671142578,31.71208953857422,66.74585611172296,224418289,1720698292
5.0,0,-10.072559356689453,-4.48919677734375,-11.755709648132324,-0.09747318178415298,-0.5036114454269409,-0.31665468215942383,48.8707275390625,-32.57306671142578,31.71208953857422,66.74585611172296,237418289,1720698292
5.0,0,13.1204252243042,-31.59915542602539,-19.766830444335938,0.1387528032064438,-0.7401037812232971,-0.25859689712524414,49.21980285644531,-31.172073364257812,32.0494499206543,66.49401771039663,249418289,1720698292
5.0,0,-4.180339813232422,3.3375680446624756,-2.068621873855591,0.39122432470321655,-1.0684765577316284,0.006924324203282595,48.8707275390625,-30.471576690673828,32.0494499206543,65.90927276513848,262325565,1720698292
5.0,0,2.6240851879119873,-10.206637382507324,1.3838696479797363,0.3723156154155731,-1.1033644676208496,-0.03329002112150192,48.8707275390625,-30.471576690673828,32.0494499206543,65.90927276513848,274325565,1720698292
5.0,0,-19.273618698120117,14.058967590332031,12.016681671142578,0.453010618686676,-1.0154788494110107,0.04420914873480797,48.8707275390625,-31.172073364257812,32.38681411743164,66.39993898115436,287325565,1720698292
5.0,0,-11.664728164672852,10.15635871887207,13.721379280090332,0.1600584238767624,-1.1121530532836914,-0.20400124788284302,47.474422454833984,-32.222816467285156,28.675825119018555,64.14385110640711,299325565,1720698292
5.0,0,-15.129190444946289,8.006332397460938,8.971210479736328,0.08735301345586777,-0.9789929389953613,-0.3978823125362396,49.045265197753906,-32.74818801879883,31.206045150756836,66.72105447895503,312325565,1720698292
5.0,0,-8.889806747436523,0.20111601054668427,3.06701922416687,0.05139978975057602,-0.9821887612342834,-0.3765767216682434,47.125343322753906,-31.872568130493164,29.350549697875977,64.01650841843721,324325565,1720698292
5.0,0,-5.090150356292725,0.47645339369773865,1.795678734779358,0.12437152117490768,-0.9632800817489624,-0.34115612506866455,47.474422454833984,-32.222816467285156,29.013187408447266,64.29537877718796,337325565,1720698292
5.0,0,-0.1412600576877594,-0.48603036999702454,2.5331039428710938,0.19654428958892822,-1.0192073583602905,-0.24980832636356354,47.29988479614258,-32.047691345214844,29.181869506835938,64.15539829352258,349325565,1720698292
5.0,0,-9.529067993164062,4.6855244636535645,6.981598377227783,0.26605385541915894,-1.0029617547988892,-0.18003243207931519,47.29988479614258,-32.047691345214844,29.181869506835938,64.15539829352258,362325565,1720698292
5.0,0,-14.913710594177246,3.4644627571105957,7.8267645835876465,0.2133224606513977,-0.9353164434432983,-0.21971413493156433,46.9508056640625,-32.74818801879883,28.844507217407227,64.10013703288176,374325565,1720698292
5.0,0,-8.674324989318848,2.655210256576538,6.682318687438965,0.15340042114257812,-0.9646116495132446,-0.25620001554489136,45.72903823852539,-32.92331314086914,29.013187408447266,63.37865989424143,387325565,1720698292
5.0,0,-7.786062717437744,3.5961458683013916,6.639222621917725,0.13848648965358734,-0.9771286845207214,-0.29854491353034973,45.72903823852539,-32.92331314086914,29.013187408447266,63.37865989424143,399325565,1720698292
5.0,0,-6.723021030426025,1.9536983966827393,5.339150905609131,0.14461186528205872,-0.9776613712310791,-0.3046702742576599,46.252655029296875,-32.39794158935547,29.181869506835938,63.56505505700779,412325565,1720698292
5.0,0,-7.412561893463135,2.3846611976623535,5.056631088256836,0.1669827401638031,-0.9640790224075317,-0.2934848368167877,46.252655029296875,-33.44868469238281,28.169780731201172,63.65264449615223,424325565,1720698292
5.0,0,-9.122047424316406,2.044679641723633,6.059816837310791,0.18775571882724762,-0.9728676080703735,-0.2695160210132599,46.252655029296875,-32.39794158935547,27.49505615234375,62.80854105380069,437325565,1720698292
5.0,0,-4.795659065246582,1.4509084224700928,6.936108112335205,0.1794998049736023,-0.9752644896507263,-0.262591689825058,44.50727081298828,-31.697444915771484,27.15769386291504,61.01774746220037,450325565,1720698292
5.0,0,-10.671119689941406,4.228224754333496,7.498754501342773,0.16405321657657623,-0.9390448927879333,-0.28922373056411743,44.68180847167969,-32.92331314086914,27.326374053955078,61.86387698332737,462325565,1720698292
5.0,0,-5.832364082336426,4.6543989181518555,7.999150276184082,0.15286777913570404,-0.949697732925415,-0.31186091899871826,45.20542526245117,-31.347196578979492,26.482967376708984,61.05345827712034,475325565,1720698292
5.0,0,-8.662353515625,1.654418706893921,5.470834255218506,0.13795384764671326,-0.9313216209411621,-0.32810643315315247,45.20542526245117,-31.347196578979492,26.482967376708984,61.05345827712034,487325565,1720698292
5.0,0,-8.808402061462402,2.679152727127075,6.600914478302002,0.14354658126831055,-0.9624811410903931,-0.30174073576927185,44.68180847167969,-32.57306671142578,26.314287185668945,61.23651193019343,500325565,1720698292
5.0,0,-6.244173526763916,2.446911573410034,7.046243190765381,0.15286777913570404,-0.938245952129364,-0.2870931625366211,43.634578704833984,-33.2735595703125,25.30219841003418,60.426049594593074,512325565,1720698292
5.0,0,-6.30402946472168,3.842752456665039,6.8690690994262695,0.16405321657657623,-0.9662095308303833,-0.31186091899871826,43.634578704833984,-33.2735595703125,25.30219841003418,60.426049594593074,525325565,1720698292
5.0,0,-7.968024730682373,4.02232027053833,7.862678050994873,0.15153618156909943,-0.960350513458252,-0.31878525018692017,43.1109619140625,-33.44868469238281,25.808242797851562,60.360872600709214,537325565,1720698292
5.0,0,-9.100500106811523,3.976829767227173,7.666350841522217,0.1414160132408142,-0.9584863185882568,-0.32118213176727295,42.936424255371094,-32.222816467285156,23.952747344970703,58.78418609025359,550325565,1720698292
5.0,0,-9.548221588134766,3.169971466064453,6.981598377227783,0.11851247400045395,-0.9377133250236511,-0.34781414270401,42.23827362060547,-33.974056243896484,25.30219841003418,59.82064443395201,562325565,1720698292
5.0,0,-5.485199451446533,1.6065338850021362,7.663956642150879,0.1262357532978058,-0.9507629871368408,-0.3203831613063812,43.1109619140625,-33.79893112182617,26.820329666137695,60.993875639559114,575325565,1720698292
5.0,0,-1.7717362642288208,3.1077210903167725,8.14998722076416,0.1331600844860077,-0.9800582528114319,-0.3107956349849701,42.23827362060547,-33.974056243896484,26.651649475097656,60.403796866223985,587325565,1720698292
5.0,0,-6.756540298461914,2.602536916732788,7.201868534088135,0.12224096059799194,-0.9696717262268066,-0.3382266163825989,40.31835174560547,-33.44868469238281,25.47088050842285,58.250748913702104,600325565,1720698292
5.0,0,-8.049428939819336,3.3160200119018555,8.272092819213867,0.13102951645851135,-0.926794171333313,-0.33742767572402954,42.936424255371094,-31.872568130493164,23.27802276611328,58.3203521163053,612325565,1720698292
5.0,0,-10.565773010253906,3.5482609272003174,8.035063743591309,0.12410520017147064,-0.9150761365890503,-0.3352971076965332,42.76188659667969,-33.44868469238281,24.796154022216797,59.6845265311809,625325565,1720698292
5.0,0,-3.7996559143066406,2.5378923416137695,7.302426815032959,0.09454365819692612,-0.9763297438621521,-0.34808048605918884,40.84196472167969,-33.2735595703125,23.952747344970703,57.869939987683274,637325565,1720698292
5.0,0,-6.983992576599121,2.8946340084075928,8.063794136047363,0.10093534737825394,-0.9361154437065125,-0.36672288179397583,41.54011917114258,-33.974056243896484,23.615385055541992,58.63023460415015,650325565,1720698292
5.0,0,-4.697495460510254,4.06541633605957,9.174720764160156,0.11611559242010117,-0.9805908799171448,-0.3459499180316925,41.714656829833984,-34.499427795410156,24.796154022216797,59.54135005972767,662325565,1720698292
5.0,0,-5.631248474121094,1.1348689794540405,7.376648426055908,0.09427734464406967,-0.9449039697647095,-0.36299437284469604,42.23827362060547,-35.37504959106445,24.290111541748047,60.211920835744536,675325565,1720698292
5.0,0,-6.8211846351623535,2.6169025897979736,8.616863250732422,0.08202660828828812,-0.9491651058197021,-0.37684306502342224,38.92204284667969,-34.1491813659668,23.446704864501953,56.84047832599162,687325565,1720698292
5.0,0,-7.687899112701416,2.4373345375061035,8.633623123168945,0.0769665315747261,-0.9235983490943909,-0.367788165807724,39.96927261352539,-34.499427795410156,22.434616088867188,57.36780691746799,700325565,1720698292
5.0,0,-1.8651115894317627,1.4030234813690186,8.339132308959961,0.08176029473543167,-0.9813898205757141,-0.3640596866607666,39.096580505371094,-34.67455291748047,22.60329818725586,56.93659909216672,712325565,1720698292
5.0,0,-2.8778743743896484,2.372690200805664,8.509122848510742,0.07590124756097794,-0.9353164434432983,-0.38376736640930176,39.096580505371094,-33.974056243896484,23.27802276611328,56.78596172273648,725325565,1720698292
5.0,0,-6.110096454620361,2.6169025897979736,8.36546802520752,0.0788307711482048,-0.9539588689804077,-0.3885611295700073,39.44565963745117,-35.02479934692383,23.27802276611328,57.65902338251671,737325565,1720698292
5.0,0,-8.104496955871582,1.4700623750686646,8.04464054107666,0.08122765272855759,-0.9030917286872864,-0.3816367983818054,38.74750518798828,-34.67455291748047,22.265933990478516,56.56381877833814,750325565,1720698292
5.0,0,-4.4365234375,2.1500258445739746,9.11486530303955,0.07536860555410385,-0.926794171333313,-0.38429999351501465,38.74750518798828,-33.623809814453125,22.265933990478516,55.925857715372054,762325565,1720698292
5.0,0,-3.7541656494140625,2.837172269821167,9.361471176147461,0.07057484239339828,-0.9670085906982422,-0.3776420056819916,37.17666244506836,-34.1491813659668,22.434616088867188,55.24113338423741,775325565,1720698292
5.0,0,-4.206676483154297,1.920179009437561,9.0621919631958,0.05859043821692467,-0.9590189456939697,-0.38989272713661194,38.92204284667969,-36.60091781616211,21.422527313232422,57.562811613318644,787325565,1720698292
5.0,0,-3.0287113189697266,3.148423194885254,9.17232608795166,0.05699251592159271,-0.9417081475257874,-0.4077361822128296,37.00212097167969,-32.92331314086914,22.60329818725586,54.44272764581647,800325565,1720698292
5.0,0,-7.637619972229004,3.095750093460083,8.63122844696045,0.0537966750562191,-0.9294573664665222,-0.40880143642425537,38.04935073852539,-35.02479934692383,22.265933990478516,56.305075058860766,812325565,1720698292
5.0,0,-3.074201822280884,0.9672722220420837,9.359077453613281,0.031425777822732925,-0.9635463953018188,-0.41252994537353516,36.653045654296875,-34.67455291748047,21.253847122192383,54.749396282120316,825325565,1720698292
5.0,0,-3.8331754207611084,1.209090232849121,9.660751342773438,0.028229938820004463,-0.9555567502975464,-0.40560561418533325,36.129432678222656,-34.1491813659668,20.073078155517578,53.61371988822855,837325565,1720698292
5.0,0,-3.684732437133789,2.942518949508667,8.887412071228027,0.049002911895513535,-0.9299900531768799,-0.4048066735267639,36.47850799560547,-34.1491813659668,20.747802734375,54.10470822262777,850325565,1720698292
5.0,0,-4.570600986480713,1.5897741317749023,9.29682731628418,0.03435530140995979,-0.9148098230361938,-0.416524738073349,36.653045654296875,-33.974056243896484,19.904396057128906,53.79467664926021,862325565,1720698292
5.0,0,-2.375084400177002,1.7765247821807861,9.665539741516113,0.020240332931280136,-0.9502303600311279,-0.42930811643600464,35.954891204833984,-35.37504959106445,21.928571701049805,55.00009629055025,875325565,1720698292
5.0,0,-2.7701337337493896,3.2585582733154297,9.598501205444336,0.03728482499718666,-0.9462355971336365,-0.4159921109676361,35.78035354614258,-33.79893112182617,21.422527313232422,53.679848373026324,887325565,1720698292
5.0,0,-4.364696502685547,2.4924020767211914,9.864261627197266,0.02050665207207203,-0.9457029700279236,-0.416524738073349,35.431278228759766,-35.900421142578125,21.08516502380371,54.66991768074369,900325565,1720698292
5.0,0,-4.936919212341309,0.5722229480743408,9.418932914733887,-0.014913929626345634,-0.9259952306747437,-0.4303734004497528,34.55858612060547,-34.67455291748047,19.904396057128906,52.84700064413786,913325565,1720698292
5.0,0,-3.7230403423309326,2.248189687728882,9.253730773925781,0.014114969410002232,-0.9315879940986633,-0.42877548933029175,34.209510803222656,-34.32430648803711,20.241758346557617,52.51835323237915,925325565,1720698292
5.0,0,-3.1053268909454346,2.497190475463867,9.557799339294434,0.005592723377048969,-0.923065721988678,-0.4420914947986603,35.25674057006836,-33.623809814453125,18.89230728149414,52.254355000153005,938325565,1720698292
5.0,0,-4.841149806976318,0.514761209487915,9.215423583984375,-0.024235136806964874,-0.9323869347572327,-0.44928213953971863,33.33681869506836,-34.499427795410156,19.735713958740234,51.875354498834916,950325565,1720698292
5.0,0,-4.412580966949463,0.5363093614578247,9.665539741516113,0.005859043914824724,-0.9198698997497559,-0.4245143532752991,32.289588928222656,-34.1491813659668,18.7236270904541,50.59010132962455,963325565,1720698292
5.0,0,-5.9448933601379395,1.8100440502166748,9.536251068115234,-0.014647609554231167,-0.921734094619751,-0.4322376251220703,34.03497314453125,-34.1491813659668,19.398351669311523,51.969626056004465,975325565,1720698292
5.0,0,-3.9097909927368164,0.720665693283081,9.337529182434082,-0.03515426442027092,-0.8961673378944397,-0.44928213953971863,34.03497314453125,-34.1491813659668,19.398351669311523,51.969626056004465,988325565,1720698292
5.0,0,-3.584174633026123,1.4365429878234863,9.24415397644043,-0.013582328334450722,-0.9094833731651306,-0.44182518124580383,33.511356353759766,-35.02479934692383,17.880220413208008,51.666719036395676,325565,1720698293
5.0,0,-0.6057422757148743,0.8164352178573608,9.718213081359863,-0.02982785925269127,-0.9536925554275513,-0.45514118671417236,33.511356353759766,-34.67455291748047,17.542858123779297,51.31361900944892,13325565,1720698293
5.0,0,-4.956072807312012,0.5506747961044312,9.213027954101562,-0.025566738098859787,-0.919337272644043,-0.45700541138648987,33.511356353759766,-34.67455291748047,17.542858123779297,51.31361900944892,25325565,1720698293
5.0,0,-3.8331754207611084,1.7621593475341797,10.481975555419922,-0.0098538463935256,-0.9041569828987122,-0.44608625769615173,31.591434478759766,-33.09843826293945,18.38626480102539,49.311054350975006,38325565,1720698293
5.0,0,-4.618485450744629,2.444517135620117,10.115656852722168,-0.03648586571216583,-0.9124128818511963,-0.45567381381988525,30.369667053222656,-34.32430648803711,19.229671478271484,49.70165950922114,50325565,1720698293
5.0,0,-2.5115559101104736,1.8483519554138184,9.385414123535156,-0.06711268424987793,-0.9209351539611816,-0.4695224463939667,30.893281936645508,-35.19992446899414,17.711538314819336,50.0712306710877,63325565,1720698293
5.0,0,-3.146028995513916,2.501979112625122,10.256916999816895,-0.039681706577539444,-0.919337272644043,-0.4572717547416687,30.369667053222656,-35.37504959106445,16.19340705871582,49.35521494901156,75325565,1720698293
5.0,0,-3.402212619781494,1.6735725402832031,10.762100219726562,-0.04660603031516075,-0.9076191186904907,-0.46259814500808716,31.067819595336914,-35.37504959106445,16.19340705871582,49.78784972408366,88325565,1720698293
5.0,0,-1.675966739654541,0.6009538173675537,9.790040016174316,-0.0751022920012474,-0.8825850486755371,-0.47298464179039,30.195127487182617,-33.79893112182617,16.699451446533203,48.30098495434934,100325565,1720698293
5.0,0,-1.8220152854919434,1.0175511837005615,10.575349807739258,-0.0681779608130455,-0.9299900531768799,-0.4695224463939667,30.195127487182617,-33.79893112182617,16.699451446533203,48.30098495434934,113325565,1720698293
5.0,0,-1.8052555322647095,1.5083701610565186,10.58492660522461,-0.06737900525331497,-0.8990969061851501,-0.47058776021003723,30.195127487182617,-34.84967803955078,16.699451446533203,49.041996921441516,125325565,1720698293
5.0,0,-4.374273300170898,0.9576953053474426,9.318374633789062,-0.10040270537137985,-0.8881778120994568,-0.47431620955467224,28.449745178222656,-34.499427795410156,16.02472496032715,47.5014771240922,138325565,1720698293
5.0,0,-4.769322395324707,2.013554334640503,10.199454307556152,-0.0644494816660881,-0.8908409476280212,-0.4660603106021881,28.449745178222656,-34.499427795410156,16.02472496032715,47.5014771240922,150325565,1720698293
5.0,0,-3.943310499191284,1.9872177839279175,10.905755043029785,-0.08522245287895203,-0.8940368294715881,-0.4641960561275482,28.10066795349121,-35.19992446899414,15.687362670898438,47.69460734321605,163325565,1720698293
5.0,0,-2.0207371711730957,1.0031858682632446,10.225790977478027,-0.11078918725252151,-0.8929715752601624,-0.49935030937194824,28.624282836914062,-33.974056243896484,15.85604476928711,47.16990800623562,175325565,1720698293
5.0,0,-1.122897744178772,2.2026991844177246,10.534648895263672,-0.09640790522098541,-0.9036243557929993,-0.49056175351142883,26.8789005279541,-32.92331314086914,15.518681526184082,45.24653929390075,188325565,1720698293
5.0,0,-1.0774072408676147,0.3782896399497986,10.644783020019531,-0.12224096059799194,-0.9326532483100891,-0.4764467775821686,28.10066795349121,-34.499427795410156,15.687362670898438,47.179989457516676,200325565,1720698293
5.0,0,-4.508350372314453,-0.014365429058670998,9.64638614654541,-0.1432802528142929,-0.8588825464248657,-0.48496901988983154,28.449745178222656,-34.1491813659668,16.699451446533203,47.48079893269085,213325565,1720698293
5.0,0,-0.8930508494377136,0.8236179351806641,10.072559356689453,-0.1057291105389595,-0.8985642790794373,-0.47884365916252136,26.006208419799805,-34.1491813659668,14.337912559509277,45.25555436522565,225325565,1720698293
5.0,0,-0.27054890990257263,0.13647158443927765,10.34789752960205,-0.11371871083974838,-0.8769923448562622,-0.48310476541519165,27.7515926361084,-35.550174713134766,14.337912559509277,47.3237947816851,238325565,1720698293
5.0,0,0.5626459717750549,-0.2633661925792694,10.21142578125,-0.15233513712882996,-0.9052222371101379,-0.5033451318740845,26.529823303222656,-33.974056243896484,15.181319236755371,45.70055224974788,250325565,1720698293
5.0,0,-1.8722944259643555,0.24900077283382416,10.534648895263672,-0.12676839530467987,-0.8753944039344788,-0.4892301559448242,26.180747985839844,-34.32430648803711,15.181319236755371,45.760922573206955,263325565,1720698293
5.0,0,-3.2082793712615967,0.9553011059761047,10.12523365020752,-0.12836632132530212,-0.8719322681427002,-0.48496901988983154,26.529823303222656,-34.32430648803711,14.843955993652344,45.85120031063974,275325565,1720698293
5.0,0,-0.6823578476905823,0.1987217664718628,10.283252716064453,-0.16405321657657623,-0.8769923448562622,-0.48070788383483887,24.9589786529541,-34.499427795410156,15.350000381469727,45.26349130723853,288325565,1720698293
5.0,0,0.11492343246936798,0.08858681470155716,10.539437294006348,-0.136355921626091,-0.894569456577301,-0.4953555166721344,24.43536376953125,-35.02479934692383,13.831868171691895,44.89035697074216,300325565,1720698293
5.0,0,0.6847521066665649,0.6560212969779968,11.28404426574707,-0.143812894821167,-0.9036243557929993,-0.5012145638465881,24.9589786529541,-35.550174713134766,13.663187026977539,45.535131681671814,313325565,1720698293
5.0,0,-3.8738772869110107,0.22745263576507568,10.572956085205078,-0.18296195566654205,-0.8642089366912842,-0.501747190952301,24.9589786529541,-34.499427795410156,12.65109920501709,44.420844709488826,325325565,1720698293
5.0,0,0.8930508494377136,0.3591357469558716,10.766889572143555,-0.16538482904434204,-0.8783239126205444,-0.49695345759391785,25.482593536376953,-34.32430648803711,13.831868171691895,44.93151640378911,338325565,1720698293
5.0,0,-0.5841941237449646,0.9050220251083374,9.871444702148438,-0.1752386838197708,-0.8887104392051697,-0.4972197711467743,23.9117488861084,-33.79893112182617,12.9884614944458,43.391699802646094,351325565,1720698293
5.0,0,0.9983972907066345,-0.5482805371284485,10.163541793823242,-0.19681060314178467,-0.872997522354126,-0.5046766996383667,22.68998146057129,-35.37504959106445,12.145055770874023,43.746220087328446,363325565,1720698293
5.0,0,-2.068621873855591,1.019945502281189,11.171515464782715,-0.16538482904434204,-0.8514255881309509,-0.5092041492462158,23.9117488861084,-34.1491813659668,11.63901138305664,43.28284774287526,376325565,1720698293
5.0,0,-1.4365429878234863,0.8667142391204834,10.613658905029297,-0.18775571882724762,-0.8828513622283936,-0.5036114454269409,22.340904235839844,-33.974056243896484,12.145055770874023,42.43648052579348,388325565,1720698293
5.0,0,-0.34477031230926514,0.8571372628211975,10.90096664428711,-0.2063981294631958,-0.8351800441741943,-0.4847027063369751,23.0390567779541,-34.32430648803711,12.145055770874023,43.08663984090822,401325565,1720698293
5.0,0,1.4772449731826782,-0.22266416251659393,10.572956085205078,-0.21225717663764954,-0.8905746340751648,-0.5073399543762207,22.340904235839844,-33.623809814453125,11.807692527770996,42.060648964844326,413325565,1720698293
5.0,0,12.167518615722656,-3.6751556396484375,17.96636390686035,-0.026632016524672508,-0.8415717482566833,-0.5044103860855103,23.562671661376953,-36.60091781616211,11.976373672485352,45.14709522383815,426325565,1720698293
5.0,0,-6.658376693725586,-14.607248306274414,28.208913803100586,0.15419937670230865,-0.28309834003448486,-0.2681844234466553,23.0390567779541,-34.67455291748047,11.470330238342285,43.182070735683524,438325565,1720698293
5.0,0,39.22600173950195,-8.051822662353516,35.98300552368164,-0.161390021443367,-0.41998693346977234,-0.1382201611995697,21.642751693725586,-34.32430648803711,12.145055770874023,42.35645283116386,451325565,1720698293
5.0,0,-7.343128681182861,-2.7725279331207275,15.993512153625488,-0.30919772386550903,-0.011185446754097939,0.10226695239543915,20.595521926879883,-34.67455291748047,10.120879173278809,41.58043216114825,463325565,1720698293
5.0,0,0.42138591408729553,2.7150661945343018,7.623254299163818,-0.25300416350364685,0.07723285257816315,0.14834032952785492,22.166366577148438,-34.1491813659668,10.626923561096191,42.076666925644176,476325565,1720698293
5.0,0,0.9433298707008362,3.1292693614959717,4.805236339569092,-0.037817467004060745,0.031425777822732925,0.024235136806964874,21.817289352416992,-34.1491813659668,10.289560317993164,41.80951750726623,488325565,1720698293
5.0,0,-2.03749680519104,1.7861016988754272,7.685504913330078,0.11664823442697525,0.03728482499718666,-0.019441373646259308,21.119136810302734,-33.09843826293945,10.626923561096191,40.67500534027352,501325565,1720698293
5.0,0,-0.07900986075401306,1.4054179191589355,11.901758193969727,0.14594346284866333,0.04207858443260193,-0.026099376380443573,21.119136810302734,-34.499427795410156,11.30164909362793,41.999472973580325,513325565,1720698293
5.0,0,2.0015830993652344,-0.8499546051025391,13.453225135803223,0.08548877388238907,0.025034096091985703,-0.006924324203282595,20.944597244262695,-35.02479934692383,11.470330238342285,42.39081502865074,526325565,1720698293
5.0,0,0.2753373980522156,-1.3431676626205444,11.394180297851562,-0.026365695521235466,0.013582328334450722,0.01757713221013546,21.642751693725586,-33.623809814453125,9.44615364074707,41.08770017802621,538325565,1720698293
5.0,0,-1.2330327033996582,0.06225019320845604,9.598501205444336,-0.0375511460006237,0.011984407901763916,0.026099376380443573,20.595521926879883,-35.02479934692383,10.120879173278809,41.87295413477504,551325565,1720698293
5.0,0,-1.1157150268554688,0.2657604515552521,8.777276992797852,0.000532640318851918,0.012517048045992851,-0.0031958422623574734,22.68998146057129,-34.32430648803711,11.807692527770996,42.80671533061319,563325565,1720698293
5.0,0,-0.49321308732032776,0.3399818241596222,9.62723159790039,0.021039292216300964,-0.017310811206698418,-0.018908733502030373,20.77005958557129,-34.499427795410156,11.63901138305664,41.9174483881572,576325565,1720698293
5.0,0,0.6392616629600525,-0.5817998647689819,11.731767654418945,0.02476777695119381,0.008522245101630688,-0.013049688190221786,21.817289352416992,-33.44868469238281,10.626923561096191,41.32481248246522,588325565,1720698293
5.0,0,0.4788476526737213,-0.9936088919639587,11.549805641174316,-0.006391684524714947,-0.002663201652467251,0.004793763160705566,21.642751693725586,-34.67455291748047,9.783516883850098,42.0291627744355,601325565,1720698293
5.0,0,0.08619257807731628,-0.2154814451932907,10.515494346618652,-0.030360499396920204,0.007456964813172817,0.011984407901763916,21.119136810302734,-34.499427795410156,10.289560317993164,41.73851350204775,613325565,1720698293
5.0,0,-0.7781273722648621,0.08140409737825394,9.797223091125488,-0.01145176775753498,-0.000266320159425959,0.012517048045992851,20.77005958557129,-34.1491813659668,10.964285850524902,41.44607975871658,626325565,1720698293
5.0,0,-0.27773162722587585,-0.1508370041847229,9.730184555053711,0.005859043914824724,0.000532640318851918,-0.006391684524714947,22.864519119262695,-34.1491813659668,10.964285850524902,42.53432010427396,638325565,1720698293
5.0,0,-0.016759667545557022,-0.47645339369773865,11.068562507629395,0.0143812894821167,0.0013316008262336254,-0.007723285350948572,23.21359634399414,-34.1491813659668,10.289560317993164,42.55481987654526,651325565,1720698293
5.0,0,0.33519336581230164,-0.5099727511405945,11.121236801147461,-0.0015979211311787367,0.0037284824065864086,-0.001065280637703836,22.340904235839844,-34.67455291748047,10.120879173278809,42.472023937437086,663325565,1720698293
5.0,0,0.12450038641691208,-0.07900986075401306,10.544225692749023,0.01757713221013546,0.018376091495156288,0.0,21.817289352416992,-33.79893112182617,9.952198028564453,41.441622859931535,676325565,1720698293
5.0,0,0.28730857372283936,-1.8986308574676514,9.292038917541504,-0.04341018572449684,-0.002130561275407672,0.006658004131168127,22.166366577148438,-35.550174713134766,10.964285850524902,43.3056381269108,688325565,1720698293
5.0,0,0.10774072259664536,-0.26097196340560913,9.89299201965332,-0.04767131060361862,-0.00878856610506773,-0.001065280637703836,22.166366577148438,-35.550174713134766,10.964285850524902,43.3056381269108,701325565,1720698293
5.0,0,-0.6272904276847839,1.9417272806167603,11.817959785461426,-0.0098538463935256,0.024235136806964874,-0.006125363986939192,21.468212127685547,-33.44868469238281,10.626923561096191,41.14158655160409,713325565,1720698293
5.0,0,0.033519335091114044,1.058253288269043,11.56895923614502,0.00825592502951622,0.002929521957412362,-0.0007989605655893683,22.340904235839844,-34.32430648803711,11.132966995239258,42.44074660131181,726325565,1720698293
5.0,0,-0.30406826734542847,-0.9481183290481567,10.199454307556152,-0.016778171062469482,0.004527443088591099,0.002663201652467251,22.340904235839844,-34.32430648803711,11.132966995239258,42.44074660131181,738325565,1720698293
5.0,0,-0.028730858117341995,-0.04309628903865814,10.383811950683594,-0.0007989605655893683,-0.002663201652467251,-0.002929521957412362,22.68998146057129,-34.67455291748047,11.470330238342285,42.99684121519686,751325565,1720698293
5.0,0,-0.09576953202486038,-0.416597455739975,10.364657402038574,-0.002929521957412362,-0.0007989605655893683,0.0007989605655893683,21.642751693725586,-32.57306671142578,9.44615364074707,40.23236501211252,763325565,1720698293
5.0,0,0.004788476508110762,-0.08619257807731628,10.673513412475586,-0.0013316008262336254,-0.0015979211311787367,0.000266320159425959,21.9918270111084,-34.32430648803711,10.120879173278809,42.002745938942276,776325565,1720698293
5.0,0,-0.014365429058670998,-0.38307812809944153,10.448454856872559,-0.002396881580352783,-0.002663201652467251,0.002663201652467251,20.246444702148438,-33.974056243896484,10.795604705810547,40.99634254058178,789325565,1720698293
5.0,0,-0.08140409737825394,-0.2082987278699875,10.599291801452637,-0.0034621621016412973,-0.002396881580352783,0.0018642412032932043,21.29367446899414,-34.67455291748047,10.795604705810547,42.09857804466518,801325565,1720698293
5.0,0,-0.15323124825954437,-0.2729431688785553,10.53225326538086,-0.005326403304934502,-0.0013316008262336254,0.001065280637703836,20.420982360839844,-34.499427795410156,10.964285850524902,41.56251439704378,814325565,1720698293
5.0,0,-0.16520243883132935,-0.2154814451932907,10.50831127166748,-0.00825592502951622,-0.000532640318851918,0.0031958422623574734,20.420982360839844,-34.499427795410156,10.964285850524902,41.56251439704378,826325565,1720698293
5.0,0,-0.1699909120798111,-0.2992797791957855,10.436484336853027,-0.004793763160705566,0.002663201652467251,-0.002929521957412362,19.897367477416992,-34.32430648803711,11.132966995239258,41.206870817051424,839325565,1720698293
5.0,0,-0.27773162722587585,-0.18435634672641754,10.34789752960205,-0.002929521957412362,-0.002130561275407672,-0.002929521957412362,22.166366577148438,-33.09843826293945,10.289560317993164,41.14279370941839,851325565,1720698293
5.0,0,-0.11971191316843033,-0.11492343246936798,10.316773414611816,0.000532640318851918,0.000532640318851918,-0.003994802478700876,22.166366577148438,-33.09843826293945,10.289560317993164,41.14279370941839,864325565,1720698293
5.0,0,-0.03591357171535492,-0.3280106484889984,10.556196212768555,0.0031958422623574734,0.0013316008262336254,-0.0018642412032932043,22.68998146057129,-33.623809814453125,9.783516883850098,41.72664673486432,876325565,1720698293
5.0,0,-0.009576953016221523,-0.3112509846687317,10.723793029785156,0.000532640318851918,-0.002130561275407672,-0.002396881580352783,22.340904235839844,-32.92331314086914,10.795604705810547,41.22627355474676,889325565,1720698293
5.0,0,-0.06943290680646896,-0.22266416251659393,10.513099670410156,-0.0031958422623574734,0.002130561275407672,-0.0007989605655893683,21.817289352416992,-34.84967803955078,10.626923561096191,42.466759689442014,901325565,1720698293
5.0,0,-0.18675057590007782,-0.16280819475650787,10.39099407196045,-0.0018642412032932043,-0.000532640318851918,0.0013316008262336254,21.29367446899414,-33.2735595703125,11.132966995239258,41.042579024565626,914325565,1720698293
5.0,0,-0.19632753729820251,-0.19153906404972076,10.49634075164795,0.000532640318851918,-0.002663201652467251,-0.000266320159425959,20.246444702148438,-32.92331314086914,10.120879173278809,39.953663993293404,926325565,1720698293
5.0,0,-0.08858681470155716,-0.3399818241596222,10.654359817504883,-0.000532640318851918,0.0,-0.002663201652467251,20.07190704345703,-34.84967803955078,10.964285850524902,41.6844944317854,939325565,1720698293
5.0,0,-0.002394238254055381,-0.2657604515552521,10.594503402709961,-0.004793763160705566,-0.0015979211311787367,-0.002396881580352783,21.9918270111084,-33.2735595703125,11.132966995239258,41.40909532799211,951325565,1720698293
5.0,0,-0.11013495922088623,-0.19632753729820251,10.422119140625,-0.000266320159425959,-0.004261122550815344,-0.0018642412032932043,23.21359634399414,-34.1491813659668,10.289560317993164,42.55481987654526,964325565,1720698293
5.0,0,-0.13647158443927765,-0.26815468072891235,10.448454856872559,-0.0034621621016412973,-0.005326403304934502,-0.000266320159425959,21.119136810302734,-33.44868469238281,10.626923561096191,40.96051698448287,976325565,1720698293
5.0,0,-0.10774072259664536,-0.24900077283382416,10.539437294006348,-0.0018642412032932043,0.0013316008262336254,-0.0015979211311787367,21.119136810302734,-33.44868469238281,10.626923561096191,40.96051698448287,989325565,1720698293
5.0,0,-0.11731767654418945,-0.3208279311656952,10.525071144104004,-0.0031958422623574734,-0.002130561275407672,-0.0018642412032932043,22.340904235839844,-33.2735595703125,11.132966995239258,41.59553729273355,1325565,1720698294
5.0,0,-0.050279002636671066,-0.2346353530883789,10.5059175491333,-0.007456964813172817,0.0007989605655893683,-0.002929521957412362,21.119136810302734,-33.44868469238281,10.289560317993164,40.87428896996678,14325565,1720698294
5.0,0,-0.1316830962896347,-0.25139501690864563,10.484369277954102,-0.006125363986939192,-0.004527443088591099,-0.0037284824065864086,21.119136810302734,-34.1491813659668,10.964285850524902,41.62211061190913,26325565,1720698294
5.0,0,-0.09816376864910126,-0.2537892460823059,10.453243255615234,-0.0007989605655893683,0.0,0.000532640318851918,21.642751693725586,-34.67455291748047,10.795604705810547,42.276215557539366,39325565,1720698294
5.0,0,-0.09816376864910126,-0.22745263576507568,10.553802490234375,-0.006658004131168127,-0.0013316008262336254,0.0013316008262336254,23.388134002685547,-35.02479934692383,9.783516883850098,43.237236082298686,51325565,1720698294
5.0,0,-0.08379834145307541,-0.31364521384239197,10.546619415283203,-0.002130561275407672,-0.002929521957412362,0.000266320159425959,23.388134002685547,-33.974056243896484,11.132966995239258,42.72217531807228,64325565,1720698294
5.0,0,-0.05746171623468399,-0.24900077283382416,10.546619415283203,-0.005592723377048969,-0.0007989605655893683,0.0018642412032932043,21.468212127685547,-34.1491813659668,11.30164909362793,41.89007032890372,76325565,1720698294
5.0,0,-0.08379834145307541,-0.20590448379516602,10.45803165435791,-0.004793763160705566,-0.002130561275407672,-0.0034621621016412973,21.468212127685547,-34.499427795410156,11.976373672485352,42.36187173051994,89325565,1720698294
5.0,0,-0.10055800527334213,-0.2657604515552521,10.565773010253906,-0.0034621621016412973,-0.0034621621016412973,-0.0037284824065864086,21.119136810302734,-33.79893112182617,9.614835739135742,40.99793593439547,101325565,1720698294
5.0,0,-0.11013495922088623,-0.24181805551052094,10.565773010253906,-0.006391684524714947,-0.003994802478700876,-0.002929521957412362,23.0390567779541,-35.37504959106445,10.120879173278809,43.412261701369246,114325565,1720698294
5.0,0,-0.11731767654418945,-0.25857773423194885,10.498734474182129,-0.0034621621016412973,-0.004527443088591099,0.0,21.9918270111084,-33.623809814453125,11.470330238342285,41.78240679402828,126325565,1720698294
5.0,0,-0.03830781206488609,-0.289702832698822,10.513099670410156,-0.003994802478700876,-0.004793763160705566,0.0013316008262336254,20.77005958557129,-34.499427795410156,9.614835739135742,41.40109853239963,139325565,1720698294
5.0,0,-0.07422138750553131,-0.22745263576507568,10.503522872924805,-0.0037284824065864086,-0.002929521957412362,-0.002663201652467251,21.119136810302734,-34.1491813659668,10.964285850524902,41.62211061190913,151325565,1720698294
5.0,0,-0.06225019320845604,-0.32322216033935547,10.527464866638184,-0.0007989605655893683,-0.002130561275407672,-0.002929521957412362,22.51544189453125,-34.499427795410156,9.952198028564453,42.38162204914406,164325565,1720698294
5.0,0,-0.06464443355798721,-0.22266416251659393,10.553802490234375,-0.005592723377048969,-0.002663201652467251,0.0031958422623574734,21.119136810302734,-34.499427795410156,11.976373672485352,42.18604015745023,176325565,1720698294
5.0,0,-0.1125291958451271,-0.27773162722587585,10.5059175491333,-0.006658004131168127,-0.0015979211311787367,-0.0007989605655893683,21.468212127685547,-34.1491813659668,11.30164909362793,41.89007032890372,189325565,1720698294
5.0,0,-0.13407734036445618,-0.2346353530883789,10.489157676696777,-0.0037284824065864086,-0.004261122550815344,-0.0018642412032932043,21.468212127685547,-34.84967803955078,11.63901138305664,42.55409236953098,201325565,1720698294
5.0,0,-0.08379834145307541,-0.24900077283382416,10.539437294006348,-0.0034621621016412973,-0.002929521957412362,-0.002130561275407672,20.420982360839844,-34.84967803955078,11.30164909362793,41.94334097657912,214325565,1720698294
5.0,0,-0.10295224189758301,-0.23224110901355743,10.534648895263672,-0.0018642412032932043,0.0007989605655893683,-0.002663201652467251,21.468212127685547,-35.550174713134766,10.289560317993164,42.7852089586031,227325565,1720698294
5.0,0,-0.07422138750553131,-0.19393329322338104,10.52985954284668,-0.002929521957412362,-0.0018642412032932043,-0.005326403304934502,21.468212127685547,-33.44868469238281,10.626923561096191,41.14158655160409,239325565,1720698294
5.0,0,-0.11971191316843033,-0.24181805551052094,10.513099670410156,-0.002663201652467251,-0.0018642412032932043,-0.0007989605655893683,22.864519119262695,-33.79893112182617,10.289560317993164,42.083595747876615,252325565,1720698294
5.0,0,-0.10534647852182388,-0.2442122995853424,10.50831127166748,-0.004793763160705566,-0.002130561275407672,-0.003994802478700876,21.642751693725586,-33.974056243896484,10.795604705810547,41.70360031824377,264325565,1720698294
5.0,0,-0.08379834145307541,-0.2442122995853424,10.604080200195312,0.0018642412032932043,-0.0018642412032932043,0.0007989605655893683,21.642751693725586,-34.67455291748047,10.795604705810547,42.276215557539366,277325565,1720698294
5.0,0,-0.09337528795003891,-0.2633661925792694,10.5490140914917,-0.0013316008262336254,0.0034621621016412973,-0.000532640318851918,21.119136810302734,-33.44868469238281,10.626923561096191,40.96051698448287,289325565,1720698294
5.0,0,-0.1316830962896347,-0.22984686493873596,10.537042617797852,-0.004261122550815344,0.0007989605655893683,-0.005326403304934502,21.9918270111084,-34.67455291748047,10.458242416381836,42.37145158893519,302325565,1720698294
5.0,0,-0.11492343246936798,-0.2801258862018585,10.486763954162598,-0.002396881580352783,-0.000266320159425959,0.0,22.166366577148438,-33.79893112182617,10.964285850524902,41.87996079776691,314325565,1720698294
5.0,0,-0.06703867018222809,-0.2561835050582886,10.515494346618652,0.0015979211311787367,-0.002663201652467251,0.002396881580352783,21.29367446899414,-33.623809814453125,12.819780349731445,41.81301145630828,327325565,1720698294
5.0,0,-0.11013495922088623,-0.2250583916902542,10.49634075164795,-0.000532640318851918,0.0,-0.0015979211311787367,22.166366577148438,-35.19992446899414,10.289560317993164,42.85157571657121,339325565,1720698294
5.0,0,-0.09337528795003891,-0.2753373980522156,10.522676467895508,-0.0031958422623574734,-0.002130561275407672,-0.0031958422623574734,21.642751693725586,-33.974056243896484,10.458242416381836,41.61754477356289,352325565,1720698294
5.0,0,-0.08140409737825394,-0.2154814451932907,10.467610359191895,0.0,-0.000532640318851918,-0.0031958422623574734,21.29367446899414,-35.02479934692383,11.132966995239258,42.47469947864087,364325565,1720698294
5.0,0,-0.1125291958451271,-0.27054890990257263,10.53225326538086,-0.002396881580352783,-0.0013316008262336254,-0.000532640318851918,21.642751693725586,-33.974056243896484,10.458242416381836,41.61754477356289,377325565,1720698294
5.0,0,-0.11492343246936798,-0.23942382633686066,10.541831016540527,-0.0015979211311787367,-0.000266320159425959,0.0015979211311787367,20.77005958557129,-34.499427795410156,10.964285850524902,41.73513457041826,389325565,1720698294
5.0,0,-0.04309628903865814,-0.26097196340560913,10.520282745361328,-0.002130561275407672,-0.0031958422623574734,-0.002663201652467251,22.340904235839844,-33.2735595703125,10.795604705810547,41.506515747750015,402325565,1720698294
5.0,0,-0.08140409737825394,-0.25857773423194885,10.52985954284668,-0.005060083232820034,-0.000532640318851918,0.0,22.340904235839844,-34.32430648803711,10.458242416381836,42.268769232134986,414325565,1720698294
5.0,0,-0.055067479610443115,-0.23942382633686066,10.53225326538086,-0.002663201652467251,-0.002663201652467251,-0.002929521957412362,20.944597244262695,-33.974056243896484,11.132966995239258,41.43495632319292,427325565,1720698294
5.0,0,-0.08619257807731628,-0.21308720111846924,10.498734474182129,-0.002396881580352783,-0.0007989605655893683,-0.004261122550815344,20.420982360839844,-34.1491813659668,10.964285850524902,41.27225063840651,439325565,1720698294
5.0,0,-0.17238515615463257,-0.20111601054668427,10.594503402709961,-0.0018642412032932043,-0.0031958422623574734,0.000266320159425959,20.420982360839844,-34.1491813659668,10.964285850524902,41.27225063840651,452325565,1720698294
5.0,0,-0.12928886711597443,-0.2944912910461426,10.515494346618652,-0.005859043914824724,-0.002929521957412362,-0.0015979211311787367,22.340904235839844,-35.02479934692383,11.132966995239258,43.009249301566854,464325565,1720698294
5.0,0,-0.17477938532829285,-0.23224110901355743,10.498734474182129,-0.00719064474105835,0.001065280637703836,-0.000532640318851918,20.944597244262695,-33.974056243896484,10.458242416381836,41.258786771154895,477325565,1720698294
5.0,0,-0.10534647852182388,-0.27054890990257263,10.460427284240723,-0.005326403304934502,-0.002130561275407672,-0.0031958422623574734,20.944597244262695,-33.974056243896484,10.458242416381836,41.258786771154895,489325565,1720698294
5.0,0,-0.10774072259664536,-0.2250583916902542,10.55859088897705,-0.002396881580352783,-0.0034621621016412973,-0.0013316008262336254,22.340904235839844,-35.02479934692383,11.132966995239258,43.009249301566854,502325565,1720698294
5.0,0,-0.10774072259664536,-0.27773162722587585,10.498734474182129,-0.005592723377048969,-0.0034621621016412973,-0.005859043914824724,21.9918270111084,-33.974056243896484,11.807692527770996,42.15801887874165,514325565,1720698294
5.0,0,-0.06703867018222809,-0.2801258862018585,10.52985954284668,-0.004261122550815344,-0.0013316008262336254,-0.001065280637703836,21.9918270111084,-35.02479934692383,11.470330238342285,42.91789254326711,527325565,1720698294
5.0,0,-0.07182714343070984,-0.2442122995853424,10.515494346618652,-0.0015979211311787367,-0.002663201652467251,-0.002663201652467251,21.468212127685547,-34.499427795410156,11.30164909362793,42.176082350136845,539325565,1720698294
5.0,0,-0.1412600576877594,-0.23224110901355743,10.556196212768555,-0.002929521957412362,-0.0034621621016412973,-0.002396881580352783,21.119136810302734,-34.84967803955078,8.940110206604004,41.718623773787854,552325565,1720698294
5.0,0,-0.09816376864910126,-0.1795678734779358,10.489157676696777,-0.0015979211311787367,-0.006125363986939192,-0.002663201652467251,20.246444702148438,-34.67455291748047,10.458242416381836,41.49238457288417,564325565,1720698294
5.0,0,-0.11731767654418945,-0.25139501690864563,10.534648895263672,-0.004527443088591099,-0.0013316008262336254,0.000266320159425959,20.77005958557129,-34.499427795410156,11.30164909362793,41.825030372187435,577325565,1720698294
5.0,0,-0.18435634672641754,-0.2346353530883789,10.522676467895508,-0.0037284824065864086,-0.002396881580352783,-0.0015979211311787367,22.166366577148438,-34.1491813659668,10.626923561096191,42.076666925644176,589325565,1720698294
5.0,0,-0.09337528795003891,-0.25857773423194885,10.5059175491333,-0.003994802478700876,-0.003994802478700876,-0.002663201652467251,21.468212127685547,-34.499427795410156,9.952198028564453,41.83468531935893,602325565,1720698294
5.0,0,-0.06943290680646896,-0.2920970618724823,10.53225326538086,-0.002929521957412362,-0.002130561275407672,-0.001065280637703836,21.468212127685547,-34.499427795410156,9.952198028564453,41.83468531935893,614325565,1720698294
5.0,0,-0.1125291958451271,-0.2561835050582886,10.563379287719727,-0.0037284824065864086,-0.001065280637703836,0.0015979211311787367,22.864519119262695,-35.900421142578125,11.30164909362793,44.03809424810639,627325565,1720698294
5.0,0,-0.1412600576877594,-0.2729431688785553,10.45803165435791,-0.004527443088591099,-0.0007989605655893683,-0.0007989605655893683,21.817289352416992,-32.74818801879883,10.964285850524902,40.84915540636927,639325565,1720698294
5.0,0,-0.1125291958451271,-0.2561835050582886,10.522676467895508,0.0,-0.001065280637703836,-0.001065280637703836,21.817289352416992,-32.74818801879883,10.964285850524902,40.84915540636927,652325565,1720698294
5.0,0,-0.12928886711597443,-0.2944912910461426,10.5059175491333,-0.0031958422623574734,-0.0013316008262336254,-0.0007989605655893683,23.388134002685547,-33.974056243896484,10.120879173278809,42.46967747736173,664325565,1720698294
5.0,0,-0.07661562412977219,-0.2633661925792694,10.501129150390625,-0.0013316008262336254,-0.0031958422623574734,0.0,21.642751693725586,-33.2735595703125,10.795604705810547,41.134943154446134,677325565,1720698294
5.0,0,-0.06943290680646896,-0.22984686493873596,10.546619415283203,-0.0015979211311787367,0.0,-0.0007989605655893683,22.864519119262695,-33.09843826293945,10.289560317993164,41.52310081795871,689325565,1720698294
5.0,0,-0.05267323926091194,-0.2561835050582886,10.520282745361328,0.0015979211311787367,0.000532640318851918,-0.001065280637703836,22.340904235839844,-34.32430648803711,10.458242416381836,42.268769232134986,702325565,1720698294
5.0,0,-0.04309628903865814,-0.21069295704364777,10.45803165435791,-0.002396881580352783,-0.002663201652467251,-0.0018642412032932043,20.77005958557129,-34.1491813659668,10.626923561096191,41.358112475392986,715325565,1720698294
5.0,0,-0.09576953202486038,-0.25857773423194885,10.515494346618652,-0.0037284824065864086,-0.0013316008262336254,-0.002929521957412362,21.9918270111084,-35.02479934692383,11.807692527770996,43.00928536268851,727325565,1720698294
5.0,0,-0.10534647852182388,-0.2442122995853424,10.544225692749023,-0.001065280637703836,-0.002663201652467251,-0.005592723377048969,20.595521926879883,-32.92331314086914,11.470330238342285,40.493067893022705,740325565,1720698294
5.0,0,-0.11971191316843033,-0.22026991844177246,10.503522872924805,-0.004261122550815344,-0.0007989605655893683,0.0018642412032932043,22.51544189453125,-33.79893112182617,10.289560317993164,41.89496294570007,752325565,1720698294
5.0,0,-0.12450038641691208,-0.27054890990257263,10.45563793182373,-0.0013316008262336254,0.0,-0.0031958422623574734,21.29367446899414,-33.623809814453125,11.132966995239258,41.32703852137356,765325565,1720698294
5.0,0,-0.12928886711597443,-0.2729431688785553,10.556196212768555,-0.0013316008262336254,-0.004527443088591099,-0.002929521957412362,21.29367446899414,-33.623809814453125,12.819780349731445,41.81301145630828,776107505,1720698294
5.0,0,-0.15801972150802612,-0.25139501690864563,10.541831016540527,-0.004793763160705566,0.001065280637703836,-0.002929521957412362,21.642751693725586,-34.67455291748047,11.470330238342285,42.45352513843867,789107505,1720698294
5.0,0,-0.08858681470155716,-0.27773162722587585,10.527464866638184,-0.002130561275407672,-0.0034621621016412973,-0.0031958422623574734,22.166366577148438,-33.44868469238281,10.626923561096191,41.51016525209637,801107505,1720698294
5.0,0,-0.11013495922088623,-0.22984686493873596,10.481975555419922,-0.005592723377048969,-0.0031958422623574734,-0.001065280637703836,22.166366577148438,-34.1491813659668,11.976373672485352,42.4375767633028,814107505,1720698294
5.0,0,-0.11731767654418945,-0.25139501690864563,10.5059175491333,-0.002130561275407672,-0.0018642412032932043,-0.003994802478700876,21.119136810302734,-34.499427795410156,10.964285850524902,41.90995134851654,826107505,1720698294
5.0,0,-0.12450038641691208,-0.22026991844177246,10.563379287719727,-0.002929521957412362,0.0,-0.0007989605655893683,21.642751693725586,-33.2735595703125,10.458242416381836,41.047695450478145,839107505,1720698294
5.0,0,-0.1125291958451271,-0.21069295704364777,10.467610359191895,-0.001065280637703836,-0.0015979211311787367,-0.0034621621016412973,22.166366577148438,-34.1491813659668,10.964285850524902,42.16313507568238,851107505,1720698294
5.0,0,-0.10055800527334213,-0.28730857372283936,10.47239875793457,-0.003994802478700876,0.0013316008262336254,-0.002663201652467251,23.388134002685547,-33.623809814453125,10.458242416381836,42.27221585161935,864107505,1720698294
5.0,0,-0.09098105132579803,-0.24181805551052094,10.513099670410156,-0.002663201652467251,0.0007989605655893683,-0.002663201652467251,21.119136810302734,-35.19992446899414,10.964285850524902,42.48844768224884,876107505,1720698294
5.0,0,-0.06703867018222809,-0.3112509846687317,10.5490140914917,-0.001065280637703836,-0.0007989605655893683,0.002130561275407672,20.944597244262695,-34.67455291748047,12.145055770874023,42.29069819037243,889107505,1720698294
5.0,0,-0.05746171623468399,-0.2633661925792694,10.534648895263672,0.000266320159425959,-0.0018642412032932043,0.0007989605655893683,22.340904235839844,-35.02479934692383,10.458242416381836,42.839554220452044,901107505,1720698294
5.0,0,-0.06943290680646896,-0.2657604515552521,10.52985954284668,-0.0034621621016412973,-0.0034621621016412973,0.0015979211311787367,22.51544189453125,-33.79893112182617,10.289560317993164,41.89496294570007,914107505,1720698294
5.0,0,-0.06943290680646896,-0.2442122995853424,10.453243255615234,-0.0037284824065864086,-0.002130561275407672,0.002130561275407672,21.9918270111084,-33.974056243896484,11.470330238342285,42.06477658001511,926107505,1720698294
5.0,0,-0.13647158443927765,-0.2250583916902542,10.525071144104004,-0.004261122550815344,-0.001065280637703836,-0.004261122550815344,21.29367446899414,-35.37504959106445,11.807692527770996,42.94457251844686,939107505,1720698294
5.0,0,-0.10534647852182388,-0.26097196340560913,10.477187156677246,-0.002663201652467251,-0.002130561275407672,0.000532640318851918,21.642751693725586,-33.2735595703125,11.470330238342285,41.31715071410449,951107505,1720698294
5.0,0,-0.13647158443927765,-0.20351025462150574,10.551407814025879,-0.0031958422623574734,-0.002130561275407672,0.0,22.340904235839844,-34.67455291748047,12.145055770874023,42.999337224889416,964107505,1720698294
5.0,0,-0.10295224189758301,-0.2825201153755188,10.53225326538086,-0.003994802478700876,-0.002663201652467251,-0.0034621621016412973,20.420982360839844,-34.1491813659668,10.626923561096191,41.18391206430986,976107505,1720698294
5.0,0,-0.11492343246936798,-0.22984686493873596,10.5490140914917,-0.005592723377048969,-0.0031958422623574734,0.000532640318851918,20.944597244262695,-34.67455291748047,10.626923561096191,41.87997466719519,989107505,1720698294
5.0,0,-0.10055800527334213,-0.18196210265159607,10.493946075439453,-0.0015979211311787367,-0.000532640318851918,-0.0015979211311787367,21.119136810302734,-33.79893112182617,11.30164909362793,41.42599373371428,1107505,1720698295
5.0,0,-0.07661562412977219,-0.2082987278699875,10.541831016540527,-0.0031958422623574734,-0.000266320159425959,-0.0013316008262336254,22.864519119262695,-33.09843826293945,10.964285850524902,41.69542437981372,14107505,1720698295
5.0,0,-0.1125291958451271,-0.25139501690864563,10.517888069152832,-0.005060083232820034,-0.003994802478700876,-0.003994802478700876,21.29367446899414,-32.92331314086914,9.783516883850098,40.411413278674125,26107505,1720698295
5.0,0,-0.08619257807731628,-0.24660654366016388,10.50831127166748,-0.0013316008262336254,0.0,-0.0007989605655893683,21.119136810302734,-35.900421142578125,10.964285850524902,43.07056700391551,39107505,1720698295
5.0,0,-0.10534647852182388,-0.23942382633686066,10.544225692749023,-0.003994802478700876,0.0031958422623574734,0.0015979211311787367,22.51544189453125,-34.1491813659668,10.289560317993164,42.1780365025368,51107505,1720698295
5.0,0,-0.11731767654418945,-0.22984686493873596,10.572956085205078,-0.0034621621016412973,-0.002130561275407672,-0.000266320159425959,23.0390567779541,-33.2735595703125,10.795604705810547,41.88642960030189,64107505,1720698295
5.0,0,-0.1125291958451271,-0.25139501690864563,10.45563793182373,-0.0015979211311787367,0.0013316008262336254,-0.0013316008262336254,23.0390567779541,-33.2735595703125,10.795604705810547,41.88642960030189,76107505,1720698295
5.0,0,-0.08379834145307541,-0.2729431688785553,10.553802490234375,0.000532640318851918,-0.001065280637703836,-0.001065280637703836,21.468212127685547,-34.499427795410156,11.30164909362793,42.176082350136845,89107505,1720698295
5.0,0,-0.028730858117341995,-0.2992797791957855,10.551407814025879,-0.0018642412032932043,-0.002396881580352783,-0.002396881580352783,20.77005958557129,-35.19992446899414,11.976373672485352,42.58947738766084,101107505,1720698295
5.0,0,-0.10295224189758301,-0.2537892460823059,10.460427284240723,-0.002663201652467251,0.0018642412032932043,-0.004261122550815344,20.77005958557129,-35.19992446899414,11.976373672485352,42.58947738766084,114107505,1720698295
5.0,0,-0.10774072259664536,-0.24181805551052094,10.520282745361328,0.000266320159425959,-0.0018642412032932043,-0.0013316008262336254,22.166366577148438,-35.19992446899414,10.289560317993164,42.85157571657121,126107505,1720698295
5.0,0,-0.09098105132579803,-0.2442122995853424,10.55859088897705,0.0,-0.0015979211311787367,0.000532640318851918,21.642751693725586,-33.623809814453125,11.807692527770996,41.69401503987299,139107505,1720698295
5.0,0,-0.1316830962896347,-0.2537892460823059,10.520282745361328,-0.005592723377048969,-0.002130561275407672,-0.0013316008262336254,21.817289352416992,-33.79893112182617,10.289560317993164,41.523931788820974,151107505,1720698295
5.0,0,-0.10774072259664536,-0.2657604515552521,10.537042617797852,-0.002929521957412362,-0.0015979211311787367,-0.004527443088591099,20.595521926879883,-34.67455291748047,12.819780349731445,42.318399209836656,164107505,1720698295
5.0,0,-0.07900986075401306,-0.27773162722587585,10.491552352905273,-0.0015979211311787367,0.001065280637703836,0.0015979211311787367,23.21359634399414,-33.44868469238281,10.964285850524902,42.165164853043834,176107505,1720698295
5.0,0,-0.12450038641691208,-0.2537892460823059,10.50831127166748,-0.000532640318851918,-0.000266320159425959,-0.005060083232820034,21.468212127685547,-34.1491813659668,10.964285850524902,41.80031440237046,189107505,1720698295
5.0,0,-0.12928886711597443,-0.24660654366016388,10.493946075439453,-0.002663201652467251,-0.004527443088591099,-0.000266320159425959,21.468212127685547,-34.1491813659668,10.964285850524902,41.80031440237046,202107505,1720698295
5.0,0,-0.09098105132579803,-0.25857773423194885,10.49634075164795,-0.0015979211311787367,-0.004793763160705566,-0.0034621621016412973,20.77005958557129,-33.44868469238281,11.30164909362793,40.96263120301389,214107505,1720698295
5.0,0,-0.06464443355798721,-0.27054890990257263,10.45563793182373,-0.003994802478700876,-0.0037284824065864086,-0.0015979211311787367,21.29367446899414,-34.67455291748047,11.807692527770996,42.369408719606,227107505,1720698295
5.0,0,-0.11731767654418945,-0.26097196340560913,10.58253288269043,0.0,-0.002130561275407672,-0.0031958422623574734,21.29367446899414,-34.67455291748047,11.807692527770996,42.369408719606,239107505,1720698295
5.0,0,-0.07900986075401306,-0.21069295704364777,10.539437294006348,-0.0037284824065864086,-0.0018642412032932043,-0.0037284824065864086,22.166366577148438,-34.1491813659668,10.964285850524902,42.16313507568238,252107505,1720698295
5.0,0,-0.11971191316843033,-0.2657604515552521,10.517888069152832,-0.005060083232820034,-0.002663201652467251,-0.005060083232820034,21.642751693725586,-33.2735595703125,10.795604705810547,41.134943154446134,264107505,1720698295
5.0,0,-0.11731767654418945,-0.23942382633686066,10.501129150390625,-0.004793763160705566,-0.003994802478700876,-0.002929521957412362,21.642751693725586,-33.2735595703125,10.795604705810547,41.134943154446134,277107505,1720698295
5.0,0,-0.10055800527334213,-0.2729431688785553,10.575349807739258,-0.002130561275407672,-0.000266320159425959,-0.004527443088591099,21.468212127685547,-33.09843826293945,10.626923561096191,40.85734024356334,289107505,1720698295
5.0,0,-0.10055800527334213,-0.22026991844177246,10.546619415283203,-0.000532640318851918,-0.0013316008262336254,-0.0015979211311787367,23.21359634399414,-33.09843826293945,11.470330238342285,42.02316202339065,302107505,1720698295
5.0,0,-0.09816376864910126,-0.24660654366016388,10.556196212768555,-0.001065280637703836,-0.0013316008262336254,-0.002929521957412362,22.166366577148438,-33.79893112182617,11.63901138305664,42.06164687913914,314107505,1720698295
5.0,0,0.13886581361293793,2.0566506385803223,17.779613494873047,0.27857089042663574,-0.2050665318965912,-0.010919126681983471,21.9918270111084,-33.974056243896484,10.458242416381836,41.800140997247446,327107505,1720698295
5.0,0,-17.923267364501953,-12.677491188049316,27.569652557373047,0.1763039529323578,-0.7286520004272461,-0.005592723377048969,21.468212127685547,-34.499427795410156,11.63901138305664,42.26773280109717,339107505,1720698295
5.0,0,-21.564905166625977,2.9042110443115234,29.303081512451172,0.16245530545711517,-0.5318413972854614,-0.07989604771137238,21.642751693725586,-33.2735595703125,11.132966995239258,41.22476708815324,352107505,1720698295
5.0,0,15.799577713012695,-13.884187698364258,17.973546981811523,0.017310811206698418,-1.4921919107437134,-0.3326338827610016,21.642751693725586,-33.2735595703125,11.132966995239258,41.22476708815324,364107505,1720698295
5.0,0,-31.572818756103516,2.3295936584472656,20.975921630859375,0.03222474083304405,-0.9084181189537048,-0.21092556416988373,20.246444702148438,-33.2735595703125,11.132966995239258,40.50915012282257,377107505,1720698295
5.0,0,20.968738555908203,-2.241007089614868,5.734200954437256,-0.1350243240594864,-1.3427863121032715,-0.35607007145881653,19.199214935302734,-33.623809814453125,10.458242416381836,40.10667369665894,389107505,1720698295
5.0,0,-9.11486530303955,1.9058135747909546,2.7485857009887695,0.14967192709445953,-1.298843502998352,-0.2732445001602173,17.62837028503418,-33.79893112182617,12.9884614944458,40.27191721133881,402107505,1720698295
5.0,0,7.84352445602417,-0.7829159498214722,4.369484901428223,0.3219811022281647,-1.3411884307861328,-0.25167256593704224,18.326522827148438,-32.39794158935547,11.63901138305664,38.999418510231706,414107505,1720698295
5.0,0,1.8148326873779297,1.9536983966827393,9.620049476623535,0.2934848368167877,-1.4024420976638794,-0.2958817183971405,17.279293060302734,-33.79893112182617,11.976373672485352,39.8042113347919,427107505,1720698295
5.0,0,-3.40700101852417,2.45169997215271,13.620821952819824,0.3451509475708008,-1.3161543607711792,-0.29561537504196167,16.581140518188477,-33.79893112182617,13.663187026977539,40.04977709795685,439107505,1720698295
5.0,0,1.561043381690979,0.03591357171535492,13.347877502441406,0.23462806642055511,-1.3020392656326294,-0.32118213176727295,14.835756301879883,-33.44868469238281,12.313736915588379,38.60754187364869,452107505,1720698295
5.0,0,0.4237801730632782,1.2952828407287598,10.831533432006836,0.1262357532978058,-1.2996424436569214,-0.31372517347335815,14.835756301879883,-33.79893112182617,14.000550270080566,39.47762426858753,464107505,1720698295
5.0,0,0.15801972150802612,1.0175511837005615,9.236970901489258,0.22237734496593475,-1.249840497970581,-0.3310359716415405,12.741296768188477,-34.1491813659668,13.325824737548828,38.808308855664045,477107505,1720698295
5.0,0,3.3327796459198,-0.6799636483192444,9.27767276763916,0.21412141621112823,-1.2943159341812134,-0.32997068762779236,10.9959135055542,-33.44868469238281,15.012638092041016,38.276675978390216,489107505,1720698295
5.0,0,3.6727614402770996,1.8675057888031006,9.768491744995117,0.17044490575790405,-1.2951149940490723,-0.3347644507884979,13.090373992919922,-35.900421142578125,14.000550270080566,40.696603511276436,502107505,1720698295
5.0,0,5.8682780265808105,-1.6208992004394531,10.412542343139648,0.21412141621112823,-1.311893105506897,-0.34781414270401,12.217681884765625,-33.974056243896484,14.843955993652344,39.0365377286749,514107505,1720698295
5.0,0,2.063833475112915,0.36392420530319214,10.63520622253418,0.18988628685474396,-1.3193501234054565,-0.3571353554725647,10.9959135055542,-32.39794158935547,15.350000381469727,37.49878991060963,527107505,1720698295
5.0,0,1.7645535469055176,4.142032146453857,11.79162311553955,0.14967192709445953,-1.2828642129898071,-0.3483467996120453,10.9959135055542,-36.60091781616211,15.687362670898438,41.3113864010321,539107505,1720698295
5.0,0,0.19632753729820251,0.3016740083694458,9.19387435913086,0.16804802417755127,-1.286060094833374,-0.36565759778022766,9.425068855285645,-32.57306671142578,15.518681526184082,37.29163544583419,552107505,1720698295
5.0,0,1.625687837600708,1.4078121185302734,8.664748191833496,0.16804802417755127,-1.2871253490447998,-0.37870728969573975,9.948683738708496,-34.499427795410156,14.675274848937988,38.78853591250169,564107505,1720698295
5.0,0,3.7014923095703125,3.6464247703552246,10.999131202697754,0.15100352466106415,-1.2767388820648193,-0.387762188911438,9.250530242919922,-32.74818801879883,17.036813735961914,38.05613157644423,577107505,1720698295
5.0,0,0.8116468191146851,0.8499546051025391,8.992758750915527,0.168846994638443,-1.279135823249817,-0.38563162088394165,6.806994438171387,-33.79893112182617,15.687362670898438,37.878704648226076,589107505,1720698295
5.0,0,2.964066982269287,-0.9936088919639587,9.94327163696289,0.1419486552476883,-1.2897886037826538,-0.3978823125362396,7.679685592651367,-33.974056243896484,16.53076934814453,38.554901163237,602107505,1720698295
5.0,0,4.441311836242676,4.987198352813721,10.951245307922363,0.1475413739681244,-1.2535691261291504,-0.3992139399051666,6.283379554748535,-33.974056243896484,18.21758270263672,39.05890008461429,614107505,1720698295
5.0,0,0.6009538173675537,0.07900986075401306,9.342317581176758,0.13529065251350403,-1.2559659481048584,-0.3853653073310852,6.4579176902771,-35.550174713134766,17.711538314819336,40.23951058979363,627107505,1720698295
5.0,0,4.951284408569336,-0.9122047424316406,8.042245864868164,0.10626175254583359,-1.2900549173355103,-0.41386154294013977,3.316227912902832,-33.44868469238281,16.699451446533203,37.53243335884152,639107505,1720698295
5.0,0,8.106890678405762,3.1603944301605225,10.355080604553223,0.14088337123394012,-1.299376130104065,-0.4466189444065094,4.014381408691406,-33.44868469238281,19.735713958740234,39.04392617560516,652107505,1720698295
5.0,0,3.9911949634552,0.9624837636947632,9.201057434082031,0.08735301345586777,-1.3124257326126099,-0.41572579741477966,4.887072563171387,-35.02479934692383,19.229671478271484,40.25419621222397,664107505,1720698295
5.0,0,1.2114845514297485,-0.7733389735221863,7.568187236785889,0.05459563434123993,-1.2647545337677002,-0.39681705832481384,2.7926130294799805,-32.92331314086914,17.880220413208008,37.56920970328027,677107505,1720698295
5.0,0,5.030294418334961,3.4884049892425537,10.479580879211426,0.15526466071605682,-1.30124032497406,-0.4604675769805908,2.0944597721099854,-33.2735595703125,18.89230728149414,38.3201748774,690107505,1720698295
5.0,0,6.3567023277282715,2.497190475463867,10.132415771484375,0.11558295786380768,-1.2799347639083862,-0.4535432457923889,2.4435362815856934,-34.32430648803711,19.229671478271484,39.41965436944342,702107505,1720698295
5.0,0,3.076596260070801,-1.5059758424758911,8.300824165344238,0.03408898040652275,-1.2780704498291016,-0.4245143532752991,2.268998146057129,-32.74818801879883,19.735713958740234,38.30261840348025,715107505,1720698295
5.0,0,3.8499350547790527,2.1069295406341553,9.270490646362305,0.12836632132530212,-1.2700809240341187,-0.47937631607055664,1.3963065147399902,-33.2735595703125,19.904396057128906,38.797737314968366,727107505,1720698295
5.0,0,5.360699653625488,2.8730859756469727,9.280067443847656,0.07803180813789368,-1.2879244089126587,-0.45673906803131104,1.3963065147399902,-33.2735595703125,19.904396057128906,38.797737314968366,740107505,1720698295
5.0,0,3.811627149581909,1.6424474716186523,8.837133407592773,0.03835010528564453,-1.2418509721755981,-0.4423578083515167,-0.34907662868499756,-34.32430648803711,20.916484832763672,40.1967561892329,752107505,1720698295
5.0,0,3.0095574855804443,1.4748507738113403,9.256125450134277,0.10919126868247986,-1.2684829235076904,-0.49136069416999817,-1.2217681407928467,-34.84967803955078,21.08516502380371,40.75017743435284,765107505,1720698295
5.0,0,10.730976104736328,2.0207371711730957,9.414144515991211,0.05699251592159271,-1.3409221172332764,-0.48257213830947876,0.8726915717124939,-35.19992446899414,22.434616088867188,41.75054816714493,777107505,1720698295
5.0,0,8.221814155578613,0.08379834145307541,8.327159881591797,-0.009054886177182198,-1.2748746871948242,-0.4623318314552307,0.0,-33.623809814453125,21.253847122192383,39.77796631216885,790107505,1720698295
5.0,0,1.4197832345962524,-1.1635997295379639,7.48438835144043,0.05432931333780289,-1.2913864850997925,-0.4908280670642853,-0.17453831434249878,-31.697444915771484,22.097253799438477,38.63996769264099,802107505,1720698295
5.0,0,5.954470157623291,6.165163516998291,9.61526107788086,0.06977588683366776,-1.3028382062911987,-0.5108020901679993,-3.1416897773742676,-35.02479934692383,22.60329818725586,41.80329978472439,815107505,1720698295
5.0,0,8.181112289428711,5.794056415557861,10.309590339660645,0.021838253363966942,-1.2778041362762451,-0.486566960811615,-0.6981532573699951,-33.623809814453125,22.94066047668457,40.710218711225416,827107505,1720698295
5.0,0,2.861114501953125,-1.2569750547409058,6.007143974304199,0.015446570701897144,-1.2602269649505615,-0.5116010308265686,-3.316227912902832,-33.79893112182617,22.097253799438477,40.51732639285401,840107505,1720698295
5.0,0,5.959259033203125,1.0343109369277954,7.012723922729492,0.0751022920012474,-1.3206816911697388,-0.5566091537475586,-2.0944597721099854,-34.67455291748047,22.94066047668457,41.62913985263997,852107505,1720698295
5.0,0,9.605684280395508,7.316792011260986,10.302406311035156,0.035686902701854706,-1.2762062549591064,-0.5227864980697632,-2.0944597721099854,-34.67455291748047,22.94066047668457,41.62913985263997,865107505,1720698295
5.0,0,-0.9816376566886902,0.44532832503318787,6.34712553024292,0.0034621621016412973,-1.2631566524505615,-0.5177264213562012,-3.8398427963256836,-34.67455291748047,22.94066047668457,41.75335813840804,877107505,1720698295
5.0,0,4.4365234375,2.8228068351745605,8.09731388092041,0.04234490543603897,-1.2525038719177246,-0.5350372195243835,-4.188919544219971,-34.67455291748047,24.627473831176758,42.73621572250399,890107505,1720698295
5.0,0,7.869860649108887,6.916954517364502,10.36944580078125,0.014647609554231167,-1.2306655645370483,-0.5286455154418945,-4.188919544219971,-34.67455291748047,24.627473831176758,42.73621572250399,902107505,1720698295
5.0,0,6.421347141265869,-4.312023162841797,4.845938205718994,-0.06977588683366776,-1.2948485612869263,-0.5110684037208557,-4.363457679748535,-34.84967803955078,24.796154022216797,42.99289565354726,915107505,1720698295
5.0,0,11.777257919311523,2.0781986713409424,7.886620998382568,-0.011185446754097939,-1.3190838098526,-0.5677946209907532,-5.236149311065674,-34.32430648803711,24.627473831176758,42.5686239241742,927107505,1720698295
5.0,0,7.003147125244141,8.319977760314941,9.94566535949707,-0.000266320159425959,-1.291652798652649,-0.5707241296768188,-4.537996292114258,-35.02479934692383,25.63956069946289,43.64306419697133,940107505,1720698295
5.0,0,-2.4325461387634277,1.0127627849578857,5.78447961807251,-0.05432931333780289,-1.2261381149291992,-0.5158621668815613,-5.4106879234313965,-35.900421142578125,26.820329666137695,45.13807556176429,952107505,1720698295
5.0,0,5.782085418701172,2.9760379791259766,7.503542900085449,-0.016245530918240547,-1.2655534744262695,-0.5656640529632568,-6.806994438171387,-34.84967803955078,25.47088050842285,43.698981528360584,965107505,1720698295
5.0,0,12.330327033996582,6.301634788513184,8.437294960021973,-0.03382266312837601,-1.265819787979126,-0.5795127153396606,-7.505147457122803,-34.499427795410156,26.145605087280273,43.933249617389926,977107505,1720698295
5.0,0,7.575369834899902,-2.942518949508667,3.7781078815460205,-0.1456771343946457,-1.2897886037826538,-0.5166611075401306,-7.505147457122803,-34.499427795410156,26.145605087280273,43.933249617389926,990107505,1720698295
5.0,0,8.571372985839844,2.0207371711730957,6.81400203704834,-0.06684636324644089,-1.27593994140625,-0.5677946209907532,-6.4579176902771,-36.250667572021484,26.820329666137695,45.553766954137934,2107505,1720698296
5.0,0,4.845938205718994,9.083740234375,8.930508613586426,0.0018642412032932043,-1.2570312023162842,-0.6029488444328308,-7.679685592651367,-34.32430648803711,26.651649475097656,44.12987657392842,15107505,1720698296
5.0,0,3.071807622909546,2.272132158279419,6.327971458435059,-0.09401101619005203,-1.216284155845642,-0.5512827634811401,-7.679685592651367,-34.32430648803711,26.651649475097656,44.12987657392842,27107505,1720698296
5.0,0,7.795639991760254,0.9744549989700317,5.990383625030518,-0.10173431038856506,-1.227203369140625,-0.56060391664505,-8.72691535949707,-35.37504959106445,26.989011764526367,45.34269446435487,40107505,1720698296
5.0,0,11.473190307617188,2.6456332206726074,6.181922912597656,-0.05885675922036171,-1.322013258934021,-0.6261186599731445,-8.552377700805664,-35.19992446899414,28.169780731201172,45.888063735617386,52107505,1720698296
5.0,0,10.984764099121094,2.3391706943511963,5.870672225952148,-0.1526014655828476,-1.2991098165512085,-0.5534133315086365,-7.505147457122803,-34.499427795410156,27.15769386291504,44.54299150838086,65107505,1720698296
5.0,0,7.616071701049805,-0.768550455570221,6.344731330871582,-0.16937962174415588,-1.2855274677276611,-0.5587397217750549,-9.425068855285645,-35.37504959106445,28.001100540161133,46.089995530021014,77107505,1720698296
5.0,0,3.5267128944396973,5.952075958251953,6.792453765869141,-0.052997712045907974,-1.2554333209991455,-0.6415652632713318,-8.72691535949707,-33.974056243896484,27.326374053955078,44.46488803867538,90107505,1720698296
5.0,0,2.2625551223754883,5.6360368728637695,6.220230579376221,-0.1387528032064438,-1.2149525880813599,-0.5472879409790039,-10.297760963439941,-34.499427795410156,30.19395637512207,46.988609264944635,102107505,1720698296
5.0,0,8.466026306152344,0.04549052566289902,5.942499160766602,-0.14674241840839386,-1.2293338775634766,-0.5715230703353882,-10.297760963439941,-34.499427795410156,30.19395637512207,46.988609264944635,115107505,1720698296
5.0,0,9.426115989685059,1.0869841575622559,4.376667499542236,-0.11531662940979004,-1.2836631536483765,-0.6458263993263245,-9.948683738708496,-33.44868469238281,28.507143020629883,45.06049288436528,127107505,1720698296
5.0,0,12.203432083129883,2.7701337337493896,6.0239033699035645,-0.17310811579227448,-1.2716788053512573,-0.5824421644210815,-9.250530242919922,-34.84967803955078,29.51923179626465,46.598899290403054,140107505,1720698296
5.0,0,5.906585693359375,3.1915197372436523,6.083759307861328,-0.18402723968029022,-1.2453131675720215,-0.5680609345436096,-9.948683738708496,-34.84967803955078,31.206045150756836,47.82565861066907,152107505,1720698296
5.0,0,5.281689643859863,3.1867308616638184,4.714254856109619,-0.1557973027229309,-1.2644882202148438,-0.6311788558959961,-10.297760963439941,-35.19992446899414,30.868682861328125,47.93698097582171,165107505,1720698296
5.0,0,8.590526580810547,5.06381368637085,5.229015827178955,-0.17310811579227448,-1.2186810970306396,-0.5978887677192688,-9.425068855285645,-33.974056243896484,31.374725341796875,47.195781706244766,178107505,1720698296
5.0,0,9.476394653320312,3.4165778160095215,5.248170375823975,-0.1808314025402069,-1.2623577117919922,-0.6058784127235413,-10.123222351074219,-35.37504959106445,31.374725341796875,48.35542528623597,190107505,1720698296
5.0,0,7.364676475524902,0.416597455739975,3.4405205249786377,-0.21039293706417084,-1.2700809240341187,-0.5989540219306946,-10.821375846862793,-35.37504959106445,31.037363052368164,48.288862215151056,203107505,1720698296
5.0,0,10.984764099121094,1.599351167678833,4.352725028991699,-0.2402207851409912,-1.2855274677276611,-0.5941603183746338,-10.472298622131348,-34.32430648803711,32.38681411743164,48.339763993971566,215107505,1720698296
5.0,0,8.489969253540039,4.95846700668335,5.631248474121094,-0.20400124788284302,-1.2466447353363037,-0.6282492876052856,-10.821375846862793,-33.623809814453125,33.06153869628906,48.38107173909853,228107505,1720698296
5.0,0,5.205073833465576,2.367901563644409,3.689521312713623,-0.21545302867889404,-1.2562322616577148,-0.6183954477310181,-10.9959135055542,-33.79893112182617,32.55549621582031,48.198943895669224,240107505,1720698296
5.0,0,9.545827865600586,3.2346158027648926,4.790870666503906,-0.23063325881958008,-1.2258716821670532,-0.5848391056060791,-11.344990730285645,-34.84967803955078,33.230220794677734,49.471774257587,253107505,1720698296
5.0,0,12.622424125671387,3.6536076068878174,4.594542980194092,-0.21731725335121155,-1.2820652723312378,-0.6567455530166626,-11.694067001342773,-33.79893112182617,33.904945373535156,49.28147997769798,265107505,1720698296
5.0,0,10.551407814025879,-0.49321308732032776,3.641636371612549,-0.28229936957359314,-1.2525038719177246,-0.5795127153396606,-11.344990730285645,-37.65166091918945,34.57966995239258,52.365159778809875,278107505,1720698296
5.0,0,8.57376766204834,2.679152727127075,4.819601535797119,-0.2601948082447052,-1.242916226387024,-0.6029488444328308,-10.472298622131348,-33.2735595703125,34.41099166870117,48.999134201878,290107505,1720698296
5.0,0,10.252128601074219,3.89542555809021,4.173157215118408,-0.23436175286769867,-1.2740757465362549,-0.6916335225105286,-11.344990730285645,-35.550174713134766,36.266483306884766,52.03634833703481,303107505,1720698296
5.0,0,7.072579860687256,3.4955875873565674,3.380664348602295,-0.27617400884628296,-1.2003051042556763,-0.5880349278450012,-13.264911651611328,-37.12628936767578,34.41099166870117,52.3300639304107,315107505,1720698296
5.0,0,6.8690690994262695,0.4501167833805084,2.45169997215271,-0.30253973603248596,-1.1901848316192627,-0.5451573729515076,-10.64683723449707,-33.79893112182617,34.91703414916992,49.74858954633911,328107505,1720698296
5.0,0,0.13886581361293793,-1.5921683311462402,0.10295224189758301,-0.33050331473350525,-0.49189335107803345,0.006658004131168127,-11.868605613708496,-37.47653579711914,36.09780502319336,53.37046057566853,340107505,1720698296
5.0,0,-13.6040620803833,-17.954391479492188,-10.13720417022705,-0.05060083419084549,-0.6128026843070984,-0.36006486415863037,-12.9158353805542,-31.172073364257812,33.06153869628906,47.23962639956487,353107505,1720698296
5.0,0,-39.22719955444336,-19.60162925720215,-11.51628589630127,-0.14035072922706604,0.22344262897968292,0.29481643438339233,-13.264911651611328,-38.177032470703125,37.4472541809082,55.09755471056516,365107505,1720698296
5.0,0,37.874454498291016,4.59693717956543,9.797223091125488,0.3022734224796295,-0.2846962511539459,-0.6466253399848938,-11.170452117919922,-37.826786041259766,35.085716247558594,52.78875095448067,378107505,1720698296
5.0,0,-2.2338242530822754,5.837152481079102,4.175551414489746,0.11078918725252151,0.07270540297031403,-0.1581941843032837,-11.51952838897705,-38.177032470703125,36.09780502319336,53.78881733284394,390107505,1720698296
5.0,0,25.400474548339844,11.79162311553955,10.113262176513672,0.05246507376432419,0.050068192183971405,-0.03408898040652275,-10.821375846862793,-37.826786041259766,36.77252960205078,53.85338290919161,403107505,1720698296
5.0,0,12.816356658935547,7.400590419769287,5.475622653961182,-0.06418316066265106,0.0700422003865242,0.12863264977931976,-12.392220497131348,-36.250667572021484,37.95329666137695,53.92708740265155,415107505,1720698296
5.0,0,11.195457458496094,0.9241759777069092,3.639242172241211,-0.09081517904996872,0.14594346284866333,0.2684507369995117,-14.312141418457031,-37.826786041259766,38.121978759765625,55.57866855865818,428107505,1720698296
5.0,0,1.7765247821807861,-20.396514892578125,-9.50991439819336,-0.03302370011806488,0.32437798380851746,0.41759002208709717,-14.661218643188477,-33.623809814453125,34.41099166870117,50.29540999102515,440107505,1720698296
5.0,0,-20.810718536376953,-21.912067413330078,-17.135562896728516,0.1563299298286438,1.216284155845642,0.7654041647911072,-7.85422420501709,-34.84967803955078,34.41099166870117,49.60146414115662,453107505,1720698296
5.0,0,39.22600173950195,-8.817978858947754,2.7725279331207275,0.9582200050354004,0.47298464179039,-0.6271840333938599,-12.9158353805542,-34.67455291748047,35.42307662963867,51.22438658992397,465107505,1720698296
5.0,0,-39.22719955444336,-25.22808837890625,-17.166688919067383,0.5552775859832764,1.476212739944458,0.4588696360588074,-10.64683723449707,-36.250667572021484,34.2423095703125,50.99021285721602,478107505,1720698296
5.0,0,39.22600173950195,9.320769309997559,9.708635330200195,1.0772651433944702,0.9726012945175171,-0.5443584322929382,-10.64683723449707,-36.250667572021484,34.2423095703125,50.99021285721602,490107505,1720698296
5.0,0,-3.610511064529419,12.052595138549805,6.9265313148498535,0.8117438554763794,1.432802438735962,0.054062992334365845,-11.170452117919922,-37.12628936767578,33.398902893066406,51.17252267762082,503107505,1720698296
5.0,0,36.13145065307617,19.50346565246582,14.710199356079102,0.7345110177993774,1.1662161350250244,0.06471580266952515,-10.64683723449707,-37.65166091918945,33.230220794677734,51.33468892605198,515107505,1720698296
5.0,0,11.032649993896484,7.2641191482543945,3.256164073944092,0.5523480176925659,1.2530364990234375,0.2809678018093109,-7.679685592651367,-38.52728271484375,36.77252960205078,53.8102965753319,528107505,1720698296
5.0,0,5.494776248931885,7.304821014404297,3.5554440021514893,0.5970898270606995,1.360363483428955,0.38936007022857666,-9.425068855285645,-37.826786041259766,36.09780502319336,53.129551029823354,540107505,1720698296
5.0,0,0.2657604515552521,0.34477031230926514,0.5865883827209473,0.6594087481498718,1.2615586519241333,0.2913542687892914,-10.123222351074219,-39.92827224731445,33.398902893066406,53.03049377372824,553107505,1720698296
5.0,0,7.424532890319824,1.3982350826263428,3.296865940093994,0.6434295177459717,1.242383599281311,0.2157193422317505,-7.330609321594238,-39.22777557373047,35.42307662963867,53.36057128065687,565107505,1720698296
5.0,0,8.50193977355957,4.855515480041504,4.783688068389893,0.7089442610740662,1.1766024827957153,0.12463784217834473,-10.123222351074219,-39.22777557373047,35.085716247558594,53.59389416562721,578107505,1720698296
5.0,0,7.893803596496582,6.014326572418213,4.980015754699707,0.6410326361656189,1.2016366720199585,0.18535883724689484,-8.72691535949707,-38.52728271484375,34.07362747192383,52.16821497978214,590107505,1720698296
5.0,0,10.63520622253418,9.100500106811523,6.375855922698975,0.6546149849891663,1.2285349369049072,0.1850925236940384,-6.632455825805664,-41.32926559448242,35.085716247558594,54.61780981936871,603107505,1720698296
5.0,0,7.527484893798828,5.765325546264648,4.130061149597168,0.658343493938446,1.242916226387024,0.21678462624549866,-6.632455825805664,-41.32926559448242,35.085716247558594,54.61780981936871,615107505,1720698296
5.0,0,4.400609970092773,3.409395217895508,2.3535361289978027,0.5952255725860596,1.2903212308883667,0.3033386766910553,-8.72691535949707,-39.92827224731445,34.07362747192383,53.21125882219786,628107505,1720698296
5.0,0,4.764533996582031,4.106118679046631,4.994380950927734,0.6508864760398865,1.2146862745285034,0.211458221077919,-5.934302806854248,-40.9790153503418,35.085716247558594,54.272489656281515,640107505,1720698296
5.0,0,5.5833635330200195,4.393426895141602,4.106118679046631,0.6665993928909302,1.2048324346542358,0.18589147925376892,-5.934302806854248,-40.9790153503418,35.085716247558594,54.272489656281515,653107505,1720698296
5.0,0,10.639994621276855,7.2066569328308105,5.468440055847168,0.6130690574645996,1.2053650617599487,0.21039293706417084,-7.679685592651367,-42.73025894165039,33.736263275146484,54.981706592215446,666107505,1720698296
5.0,0,8.760518074035645,6.828367233276367,5.480411052703857,0.6535497307777405,1.2032345533370972,0.2063981294631958,-6.806994438171387,-44.656620025634766,34.91703414916992,57.09420425200371,678107505,1720698296
5.0,0,9.474000930786133,4.498773574829102,4.6017255783081055,0.604280412197113,1.213887333869934,0.28176674246788025,-8.377839088439941,-45.18199157714844,34.07362747192383,57.20675344541715,691107505,1720698296
5.0,0,6.677530288696289,5.758142948150635,5.734200954437256,0.6098732352256775,1.216284155845642,0.22051310539245605,-7.505147457122803,-42.55513381958008,33.904945373535156,54.92551295652984,703107505,1720698296
5.0,0,4.005560398101807,7.625648498535156,5.2984490394592285,0.672724723815918,1.2562322616577148,0.24900935590267181,-4.188919544219971,-42.380008697509766,34.07362747192383,54.54011618290149,716107505,1720698296
5.0,0,2.887451410293579,5.078179359436035,4.18273401260376,0.6050794720649719,1.3025718927383423,0.242617666721344,-6.283379554748535,-45.53224182128906,32.724178314208984,56.42284776791688,728107505,1720698296
5.0,0,9.052614212036133,3.8858487606048584,4.774110794067383,0.6431632041931152,1.2775378227233887,0.24900935590267181,-5.585226058959961,-44.48149871826172,33.06153869628906,55.70335554810521,741107505,1720698296
5.0,0,9.780463218688965,4.594542980194092,4.745380401611328,0.6346409320831299,1.1792657375335693,0.2383565604686737,-3.4907662868499756,-44.131248474121094,33.06153869628906,55.25231110207285,753107505,1720698296
5.0,0,8.645594596862793,7.678321838378906,7.125253200531006,0.5811105966567993,1.2405192852020264,0.2657875418663025,-5.585226058959961,-44.83174514770508,32.724178314208984,55.784872227680225,766107505,1720698296
5.0,0,4.594542980194092,8.025486946105957,7.134829998016357,0.6218576431274414,1.2250727415084839,0.25859689712524414,-5.585226058959961,-44.83174514770508,32.724178314208984,55.784872227680225,778107505,1720698296
5.0,0,5.166766166687012,2.0470738410949707,4.94649600982666,0.6016172766685486,1.2375898361206055,0.27430975437164307,-4.363457679748535,-43.60587692260742,34.2423095703125,55.61517805259332,791107505,1720698296
5.0,0,9.394990921020508,5.72222900390625,6.253750324249268,0.6032151579856873,1.224007487297058,0.2095939666032791,-3.316227912902832,-46.057613372802734,34.57966995239258,57.689294424401616,803107505,1720698296
5.0,0,8.777276992797852,4.02232027053833,6.265721797943115,0.6002857089042664,1.1699445247650146,0.26765176653862,-4.537996292114258,-47.63372802734375,31.71208953857422,57.4040249375664,816107505,1720698296
5.0,0,4.386244297027588,3.3423564434051514,5.521113395690918,0.551815390586853,1.3020392656326294,0.2990775406360626,-3.4907662868499756,-46.23273849487305,34.07362747192383,57.538366739942894,828107505,1720698296
5.0,0,3.2130677700042725,4.613697052001953,6.490779399871826,0.6106721758842468,1.2820652723312378,0.25753161311149597,-3.8398427963256836,-47.28348159790039,34.07362747192383,58.40791139747184,841107505,1720698296
5.0,0,7.798034191131592,3.5530495643615723,5.6839213371276855,0.6215912699699402,1.2314645051956177,0.2740434408187866,-3.665304660797119,-46.75811004638672,32.55549621582031,57.093043772641536,853107505,1720698296
5.0,0,11.894575119018555,5.882643699645996,7.388619422912598,0.5456900000572205,1.2407855987548828,0.2633906304836273,-4.188919544219971,-46.23273849487305,33.736263275146484,57.38596183260555,866107505,1720698296
5.0,0,3.790079116821289,5.715046405792236,7.1803202629089355,0.5941603183746338,1.2642219066619873,0.31186091899871826,-3.4907662868499756,-48.334224700927734,34.07362747192383,59.24014530539762,878107505,1720698296
5.0,0,1.537100911140442,3.2920775413513184,5.513930797576904,0.5773820877075195,1.2700809240341187,0.29188692569732666,-3.316227912902832,-47.10835647583008,33.56758499145508,57.939428540353745,891107505,1720698296
5.0,0,8.92572021484375,3.9576759338378906,6.871463298797607,0.5805779695510864,1.2541017532348633,0.26126009225845337,-2.268998146057129,-46.407859802246094,32.89285659790039,56.927829918079425,903107505,1720698296
5.0,0,10.221002578735352,7.405378818511963,7.9584479331970215,0.5840401649475098,1.1997723579406738,0.2788372337818146,-3.316227912902832,-47.10835647583008,33.56758499145508,57.939428540353745,916107505,1720698296
5.0,0,3.452491521835327,5.070996284484863,6.840338706970215,0.5086715221405029,1.2639555931091309,0.3214484453201294,-1.0472298860549927,-47.28348159790039,33.06153869628906,57.705196156147416,928107505,1720698296
5.0,0,0.6153191924095154,5.035082817077637,7.194685935974121,0.56060391664505,1.298843502998352,0.30360499024391174,-2.268998146057129,-49.20984649658203,33.904945373535156,59.802196160227936,941107505,1720698296
5.0,0,7.434109687805176,4.304840564727783,6.395010471343994,0.6005520224571228,1.237323522567749,0.2815004289150238,-0.6981532573699951,-49.38496780395508,32.724178314208984,59.24723039356862,953107505,1720698296
5.0,0,10.501129150390625,6.23938512802124,7.9057745933532715,0.5400972962379456,1.27593994140625,0.27857089042663574,-0.5236149430274963,-49.20984649658203,31.543407440185547,58.45399659358872,966107505,1720698296
5.0,0,6.500357151031494,7.6735334396362305,9.332740783691406,0.5488858819007874,1.2226759195327759,0.3315685987472534,-1.7453831434249878,-50.08546447753906,32.38681411743164,59.66997438348075,978107505,1720698296
5.0,0,0.5315209031105042,1.9106022119522095,6.069393634796143,0.5281128883361816,1.3230786323547363,0.3201168477535248,-1.9199213981628418,-49.56009292602539,30.868682861328125,58.418871014464564,991107505,1720698296
5.0,0,7.055819988250732,3.7828965187072754,7.254541397094727,0.5637997984886169,1.2650208473205566,0.282565712928772,-0.17453831434249878,-50.96108627319336,32.55549621582031,60.47249880421116,3107505,1720698297
5.0,0,9.828347206115723,6.3567023277282715,8.398987770080566,0.5648650527000427,1.2058976888656616,0.2884247303009033,-1.0472298860549927,-50.08546447753906,31.71208953857422,59.290025006468184,16107505,1720698297
5.0,0,2.5091617107391357,2.5426809787750244,7.891409397125244,0.5664629936218262,1.1654170751571655,0.2775056064128876,-0.34907662868499756,-49.38496780395508,32.724178314208984,59.24414524516764,28107505,1720698297
5.0,0,-5.375064849853516,24.988664627075195,38.14021682739258,0.800824761390686,0.9624811410903931,0.186424121260643,0.8726915717124939,-50.610836029052734,30.868682861328125,59.288227294567115,41107505,1720698297
5.0,0,27.876115798950195,8.090130805969238,39.22600173950195,0.6202596426010132,0.21971413493156433,-0.12303992360830307,-0.5236149430274963,-51.661582946777344,30.868682861328125,60.18362656710353,53107505,1720698297
5.0,0,-16.125194549560547,15.124402046203613,27.672605514526367,-0.23489437997341156,0.38376736640930176,0.10892495512962341,-1.7453831434249878,-51.83670425415039,30.362638473510742,60.099751125297686,66107505,1720698297
5.0,0,16.189838409423828,14.693440437316895,31.508176803588867,0.18775571882724762,-0.05992203950881958,-0.2133224606513977,0.17453831434249878,-50.96108627319336,31.206045150756836,59.75684087799576,78107505,1720698297
5.0,0,15.203412055969238,-4.221041679382324,20.20018768310547,-0.5137315988540649,0.08202660828828812,0.13715487718582153,-1.2217681407928467,-53.76306915283203,31.543407440185547,62.34538375100123,91107505,1720698297
5.0,0,10.783649444580078,4.726226329803467,4.879457473754883,-0.4588696360588074,-0.0143812894821167,0.2063981294631958,-1.5708448886871338,-52.36207580566406,29.85659408569336,60.29652350459588,103107505,1720698297
5.0,0,0.16759668290615082,4.405398368835449,-3.1939139366149902,-0.31425780057907104,0.002929521957412362,0.17230914533138275,-1.5708448886871338,-52.36207580566406,29.85659408569336,60.29652350459588,116107505,1720698297
5.0,0,-3.1340579986572266,2.710277795791626,-1.3144367933273315,-0.004793763160705566,-0.03835010528564453,0.030360499396920204,0.0,-51.83670425415039,31.71208953857422,60.76759441375643,129107505,1720698297
5.0,0,2.6623928546905518,4.6807355880737305,5.475622653961182,-0.010919126681983471,-0.03728482499718666,0.005859043914824724,-0.6981532573699951,-50.78596115112305,30.02527618408203,59.00185147895411,141107505,1720698297
5.0,0,0.6967233419418335,2.7653450965881348,0.47645339369773865,0.018376091495156288,-0.05166611075401306,-0.04154594615101814,1.2217681407928467,-50.96108627319336,31.880769729614258,60.12410922488916,154107505,1720698297
5.0,0,5.339150905609131,4.338359355926514,6.584155082702637,0.1794998049736023,-0.08176029473543167,-0.11851247400045395,-0.6981532573699951,-50.78596115112305,30.700000762939453,59.34805232573887,166107505,1720698297
5.0,0,6.9528679847717285,3.3950297832489014,9.579346656799316,0.1344916969537735,-0.03435530140995979,-0.0737706869840622,1.2217681407928467,-52.36207580566406,30.53131866455078,60.62541644775987,179107505,1720698297
5.0,0,8.080554008483887,5.011140823364258,12.450037956237793,0.07856445014476776,-0.0143812894821167,-0.02370249480009079,-1.0472298860549927,-52.537200927734375,31.374725341796875,61.201532350330666,191107505,1720698297
5.0,0,5.458862781524658,3.845146656036377,10.628024101257324,0.004527443088591099,-0.0034621621016412973,0.01384864840656519,-0.17453831434249878,-52.0118293762207,31.206045150756836,60.65540464488999,204107505,1720698297
5.0,0,4.276109218597412,4.525110244750977,8.695873260498047,-0.03195841982960701,0.01145176775753498,0.011718087829649448,1.0472298860549927,-51.83670425415039,32.0494499206543,60.953325082254764,216107505,1720698297
5.0,0,4.098936080932617,0.9409356117248535,7.017512321472168,0.07323804497718811,-0.009587526321411133,-0.055128276348114014,-0.5236149430274963,-52.0118293762207,30.868682861328125,60.48454471402516,229107505,1720698297
5.0,0,22.220924377441406,8.322371482849121,20.181034088134766,0.341422438621521,-0.04341018572449684,-0.20053909718990326,-0.5236149430274963,-52.0118293762207,30.868682861328125,60.48454471402516,241107505,1720698297
5.0,0,-0.4692707061767578,6.189105987548828,26.52576446533203,0.5158621668815613,0.2633906304836273,-0.15979209542274475,-1.2217681407928467,-50.96108627319336,31.880769729614258,60.12410922488916,254107505,1720698297
5.0,0,35.37726593017578,4.4484944343566895,20.712554931640625,0.2607274353504181,0.21492037177085876,-0.10226695239543915,1.2217681407928467,-52.36207580566406,31.880769729614258,61.31609232999649,267043392,1720698297
5.0,0,11.030255317687988,4.3718791007995605,18.722942352294922,0.27564138174057007,0.27351081371307373,-0.09241309762001038,1.2217681407928467,-52.36207580566406,31.880769729614258,61.31609232999649,280043392,1720698297
5.0,0,-0.47405916452407837,5.861095428466797,7.802822589874268,0.2633906304836273,0.5222538709640503,-0.005859043914824724,0.34907662868499756,-52.186954498291016,31.71208953857422,61.067640344145765,292043392,1720698297
5.0,0,5.267324447631836,3.3160200119018555,1.8483519554138184,0.3757777512073517,0.374179869890213,-0.12037672102451324,0.34907662868499756,-52.887451171875,33.398902893066406,62.551507259303,305043392,1720698297
5.0,0,-0.8475603461265564,1.8004671335220337,0.16520243883132935,0.5297108292579651,0.34568357467651367,-0.17337442934513092,1.0472298860549927,-51.83670425415039,34.07362747192383,62.04154001523449,317043392,1720698297
5.0,0,3.837963819503784,2.815624237060547,4.678341388702393,0.6165311932563782,0.33423179388046265,-0.2151867002248764,1.0472298860549927,-51.48645782470703,33.398902893066406,61.379465167351064,330043392,1720698297
5.0,0,8.985576629638672,5.463651657104492,10.187483787536621,0.6466253399848938,0.2916206121444702,-0.21305613219738007,2.4435362815856934,-50.78596115112305,33.398902893066406,60.83314420661885,342043392,1720698297
5.0,0,6.153192520141602,5.7413835525512695,10.762100219726562,0.5267812609672546,0.3470151722431183,-0.16298793256282806,1.0472298860549927,-51.48645782470703,34.41099166870117,61.936002271643304,355043392,1720698297
5.0,0,4.209070682525635,8.023092269897461,9.912145614624023,0.536635160446167,0.3368949890136719,-0.1395517736673355,1.0472298860549927,-51.48645782470703,34.41099166870117,61.936002271643304,367043392,1720698297
5.0,0,4.479619979858398,5.138035297393799,7.371859073638916,0.4578043818473816,0.3797725737094879,-0.1262357532978058,2.268998146057129,-51.661582946777344,32.89285659790039,61.28627513826897,380043392,1720698297
5.0,0,5.7677202224731445,4.493985176086426,6.572184085845947,0.5118674039840698,0.31665468215942383,-0.15499833226203918,4.014381408691406,-52.0118293762207,35.92912292480469,63.342304404728345,392043392,1720698297
5.0,0,2.9257590770721436,5.178737163543701,6.9744157791137695,0.5129326581954956,0.3368949890136719,-0.14913929998874664,4.014381408691406,-52.0118293762207,35.92912292480469,63.342304404728345,405043392,1720698297
5.0,0,3.9816181659698486,7.17553186416626,8.952056884765625,0.5539459586143494,0.3289054334163666,-0.14967192709445953,2.967151403427124,-53.06257247924805,35.92912292480469,64.1509349870447,417043392,1720698297
5.0,0,7.364676475524902,4.410186767578125,8.231390953063965,0.48869749903678894,0.3310359716415405,-0.13475801050662994,2.618074655532837,-50.96108627319336,34.57966995239258,61.64122162207853,430043392,1720698297
5.0,0,8.39419937133789,6.7421746253967285,8.8945951461792,0.5171937942504883,0.31665468215942383,-0.14434552192687988,3.316227912902832,-52.0118293762207,35.92912292480469,63.30189283723779,442043392,1720698297
5.0,0,0.9553011059761047,6.617674827575684,7.6735334396362305,0.47937631607055664,0.38563162088394165,-0.1150503158569336,3.8398427963256836,-52.887451171875,37.4472541809082,64.91628247094486,455043392,1720698297
5.0,0,3.3327796459198,6.1555867195129395,7.1108880043029785,0.5339719653129578,0.3608638048171997,-0.13901913166046143,3.8398427963256836,-52.887451171875,36.43516540527344,64.33776622068558,467043392,1720698297
5.0,0,5.904191493988037,4.3718791007995605,7.12046480178833,0.4817731976509094,0.3251769244670868,-0.13608960807323456,3.1416897773742676,-52.537200927734375,37.10988998413086,64.39853748815021,480043392,1720698297
5.0,0,4.106118679046631,6.335154056549072,7.814793586730957,0.5313087701797485,0.3214484453201294,-0.1288989633321762,4.887072563171387,-52.887451171875,36.77252960205078,64.60019274761389,492043392,1720698297
5.0,0,2.806046962738037,5.7629313468933105,8.327159881591797,0.5009482502937317,0.36938607692718506,-0.12224096059799194,4.537996292114258,-53.23769760131836,38.121978759765625,65.63635517605074,505043392,1720698297
5.0,0,5.758142948150635,6.220230579376221,7.855495452880859,0.5398309826850891,0.35180893540382385,-0.11904511600732803,3.316227912902832,-54.11331558227539,37.95329666137695,66.17930959403952,517043392,1720698297
5.0,0,4.388638496398926,5.401401519775391,7.580158233642578,0.47378358244895935,0.34621623158454895,-0.10652806609869003,2.967151403427124,-54.11331558227539,37.95329666137695,66.1627360243232,530043392,1720698297
5.0,0,1.573014497756958,7.558609962463379,7.69508171081543,0.5347709059715271,0.3515426218509674,-0.1350243240594864,3.665304660797119,-53.41282272338867,36.60384750366211,64.85526764733885,542043392,1720698297
5.0,0,4.788476467132568,6.699078559875488,7.963236331939697,0.5217211842536926,0.3635270595550537,-0.09987006336450577,5.585226058959961,-54.63869094848633,39.13406753540039,67.43928039769676,555043392,1720698297
5.0,0,6.69668436050415,6.3782501220703125,7.168349266052246,0.5329066514968872,0.32730749249458313,-0.12437152117490768,4.188919544219971,-53.58794403076172,38.79670333862305,66.29026310354428,567043392,1720698297
5.0,0,3.306443214416504,6.655982494354248,7.9799957275390625,0.4772457480430603,0.3251769244670868,-0.10919126868247986,5.236149311065674,-52.186954498291016,39.80879211425781,65.84554205875038,580043392,1720698297
5.0,0,3.426154851913452,8.260122299194336,8.126044273376465,0.5382331013679504,0.3645923137664795,-0.10200062394142151,4.363457679748535,-55.1640625,39.64011001586914,68.06946361252652,593043392,1720698297
5.0,0,6.043057441711426,5.686315536499023,7.0318779945373535,0.48869749903678894,0.356336385011673,-0.0950763002038002,5.585226058959961,-54.98893737792969,41.49560546875,69.11485554713772,605043392,1720698297
5.0,0,6.943290710449219,6.011932373046875,7.422138690948486,0.5283792018890381,0.3078661262989044,-0.12676839530467987,4.887072563171387,-54.63869094848633,39.80879211425781,67.77912625873913,618043392,1720698297
5.0,0,3.0023748874664307,7.000752925872803,7.94887113571167,0.49002912640571594,0.3368949890136719,-0.0881519764661789,5.585226058959961,-54.2884407043457,39.80879211425781,67.55123591641488,630043392,1720698297
5.0,0,3.6967039108276367,8.7461519241333,8.221814155578613,0.5558102130889893,0.3752451241016388,-0.09800582379102707,5.585226058959961,-55.68943405151367,41.49560546875,69.67347478291671,643043392,1720698297
5.0,0,6.021509170532227,5.954470157623291,7.656774044036865,0.4884311854839325,0.3491457402706146,-0.08921726047992706,5.061611175537109,-54.11331558227539,40.98956298828125,68.07360064642921,655043392,1720698297
5.0,0,3.565020799636841,7.575369834899902,8.061399459838867,0.5345045924186707,0.32943806052207947,-0.08682037144899368,4.887072563171387,-54.2884407043457,41.49560546875,68.5055001117802,668043392,1720698297
5.0,0,2.2362186908721924,7.383831024169922,7.637619972229004,0.48949646949768066,0.3547384738922119,-0.07749916613101959,5.236149311065674,-53.23769760131836,40.146156311035156,66.88335796031222,680043392,1720698297
5.0,0,5.047054290771484,7.575369834899902,7.874650001525879,0.5363688468933105,0.34009087085723877,-0.0969405472278595,4.537996292114258,-53.938194274902344,41.158241271972656,67.99943409019126,693043392,1720698297
5.0,0,6.54824161529541,5.698287010192871,6.931319713592529,0.5014808773994446,0.3110619783401489,-0.08202660828828812,5.934302806854248,-54.2884407043457,42.507694244384766,69.20516464749433,705043392,1720698297
5.0,0,2.3870553970336914,8.537853240966797,8.003938674926758,0.5827085375785828,0.34781414270401,-0.1006690263748169,5.585226058959961,-54.98893737792969,42.17033004760742,69.5220448520302,718043392,1720698297
5.0,0,2.944913148880005,8.214631080627441,7.867466449737549,0.5113347172737122,0.3696523904800415,-0.0751022920012474,5.585226058959961,-55.68943405151367,41.832969665527344,69.87492516020684,730043392,1720698297
5.0,0,6.426135540008545,6.481202602386475,7.563398361206055,0.5116010308265686,0.3358297348022461,-0.08042868971824646,5.061611175537109,-55.1640625,41.66428756713867,69.31526929669576,743043392,1720698297
5.0,0,3.7493772506713867,6.924137115478516,7.3120036125183105,0.49455657601356506,0.33742767572402954,-0.06604740023612976,5.759764194488525,-53.76306915283203,42.67637634277344,68.88334766878235,755043392,1720698297
5.0,0,1.7238515615463257,7.999150276184082,8.36546802520752,0.5307760834693909,0.37178295850753784,-0.07243908941745758,5.4106879234313965,-55.51430892944336,43.013736724853516,70.4364648939273,768043392,1720698297
5.0,0,4.6543989181518555,6.679924488067627,6.940896511077881,0.5097368359565735,0.3651249408721924,-0.0663137212395668,5.934302806854248,-53.58794403076172,43.18241882324219,69.07680501205444,780043392,1720698297
5.0,0,4.3982157707214355,7.750148773193359,7.558609962463379,0.5025461316108704,0.3302370011806488,-0.06391683965921402,6.283379554748535,-55.33918380737305,43.51978302001953,70.68152260106478,793043392,1720698297
5.0,0,1.563437581062317,7.632831573486328,7.134829998016357,0.4998829662799835,0.3552711009979248,-0.07030852884054184,7.85422420501709,-54.463565826416016,42.67637634277344,69.63649860627011,805043392,1720698297
5.0,0,3.945704698562622,6.842732906341553,7.721418380737305,0.5235854387283325,0.36672288179397583,-0.06072099879384041,6.981532573699951,-53.938194274902344,43.51978302001953,69.65660135855266,818043392,1720698297
5.0,0,5.753354549407959,5.937710762023926,6.512328147888184,0.500415563583374,0.33609604835510254,-0.05539459362626076,7.679685592651367,-54.63869094848633,44.19450759887695,70.69312994395828,830043392,1720698297
5.0,0,1.9632753133773804,7.1803202629089355,7.697475910186768,0.5033451318740845,0.356336385011673,-0.06338419765233994,7.156070709228516,-54.11331558227539,43.013736724853516,69.49562445461886,843043392,1720698297
5.0,0,1.71906316280365,7.352705478668213,7.041454792022705,0.4985513687133789,0.37604406476020813,-0.044741787016391754,6.4579176902771,-54.813812255859375,43.68846130371094,70.39133729373836,855043392,1720698297
5.0,0,4.3192057609558105,5.339150905609131,6.651194095611572,0.4958881437778473,0.3408898115158081,-0.05060083419084549,6.4579176902771,-54.813812255859375,43.68846130371094,70.39133729373836,868043392,1720698297
5.0,0,5.7629313468933105,7.034272193908691,6.782876968383789,0.49695345759391785,0.32810643315315247,-0.051932431757450104,6.806994438171387,-53.76306915283203,43.68846130371094,69.6095139266131,880043392,1720698297
5.0,0,-0.3471645414829254,6.23938512802124,6.907377243041992,0.49748608469963074,0.3552711009979248,-0.0394153855741024,6.632455825805664,-54.98893737792969,45.5439567565918,71.70791240359351,893043392,1720698297
5.0,0,2.0494680404663086,7.38622522354126,6.531481742858887,0.5118674039840698,0.3771093785762787,-0.043942827731370926,7.156070709228516,-54.813812255859375,44.02582550048828,70.66849844885289,905043392,1720698297
5.0,0,5.0183234214782715,6.227414131164551,6.766117572784424,0.5062746405601501,0.35367318987846375,-0.0537966750562191,6.981532573699951,-54.98893737792969,45.20659637451172,71.52734712541437,918043392,1720698297
5.0,0,3.842752456665039,7.1060991287231445,6.385433673858643,0.49562183022499084,0.342754065990448,-0.04154594615101814,6.632455825805664,-55.33918380737305,45.88132095336914,72.1907912906733,930043392,1720698297
5.0,0,2.375084400177002,6.634434223175049,7.26890754699707,0.5118674039840698,0.3544721305370331,-0.034621622413396835,8.901453971862793,-54.463565826416016,45.71263885498047,71.66003932755977,943043392,1720698297
5.0,0,3.6033284664154053,6.33754825592041,6.3303656578063965,0.4910943806171417,0.3704513609409332,-0.03169209882616997,8.901453971862793,-54.463565826416016,45.71263885498047,71.66003932755977,955043392,1720698297
5.0,0,5.243381977081299,7.199474334716797,7.216233730316162,0.5102694630622864,0.33369916677474976,-0.043676506727933884,7.679685592651367,-53.58794403076172,46.55604553222656,71.40105525722137,968043392,1720698297
5.0,0,-0.5027900338172913,6.739780426025391,5.798844814300537,0.501747190952301,0.3789736032485962,-0.023436175659298897,6.4579176902771,-53.76306915283203,45.71263885498047,70.86478431994598,980043392,1720698297
5.0,0,2.0973527431488037,8.09731388092041,7.563398361206055,0.5233191251754761,0.37311455607414246,-0.026365695521235466,6.4579176902771,-53.76306915283203,45.71263885498047,70.86478431994598,993043392,1720698297
5.0,0,3.040682554244995,6.33754825592041,5.9927778244018555,0.48683327436447144,0.35180893540382385,-0.02290353551506996,7.85422420501709,-54.463565826416016,47.06208801269531,72.40724389524647,5043392,1720698298
5.0,0,3.1053268909454346,8.643199920654297,7.309609413146973,0.5227864980697632,0.3422214090824127,-0.018908733502030373,7.505147457122803,-53.76306915283203,46.05000305175781,71.18565602810907,18043392,1720698298
5.0,0,0.7182714939117432,6.313606262207031,6.201076984405518,0.4908280670642853,0.3771093785762787,-0.02263721451163292,7.505147457122803,-53.76306915283203,46.05000305175781,71.18565602810907,30043392,1720698298
5.0,0,4.381455898284912,7.582552433013916,7.5203022956848145,0.5179927349090576,0.36059749126434326,-0.0197076927870512,6.806994438171387,-55.51430892944336,46.724727630615234,72.87917289150687,43043392,1720698298
5.0,0,3.0502593517303467,5.6049113273620605,4.757351398468018,0.4828384518623352,0.3488794267177582,-0.017843451350927353,6.4579176902771,-54.463565826416016,47.06208801269531,72.26911395290124,55043392,1720698298
5.0,0,3.3974239826202393,9.390202522277832,8.032669067382812,0.5230528116226196,0.34781414270401,-0.013316008262336254,8.552377700805664,-54.463565826416016,46.38736343383789,72.05005658018979,68043392,1720698298
5.0,0,2.241007089614868,4.941707611083984,4.881851673126221,0.48683327436447144,0.3720493018627167,-0.0098538463935256,7.330609321594238,-55.68943405151367,47.905494689941406,73.82402941787815,81043392,1720698298
5.0,0,5.540267467498779,9.016700744628906,7.987178325653076,0.5022798180580139,0.3265085518360138,-0.01384864840656519,6.806994438171387,-53.76306915283203,46.724727630615234,71.55419589492061,93043392,1720698298
5.0,0,0.9002335667610168,5.16916036605835,5.118881702423096,0.48763224482536316,0.3603311777114868,-0.010652806609869003,7.330609321594238,-56.389930725097656,48.580223083496094,74.79037501610354,106043392,1720698298
5.0,0,2.241007089614868,9.603289604187012,7.115676403045654,0.5089378356933594,0.371516615152359,-0.0034621621016412973,7.330609321594238,-56.389930725097656,48.580223083496094,74.79037501610354,118043392,1720698298
5.0,0,1.7669477462768555,4.764533996582031,4.582571983337402,0.4982850253582001,0.36192911863327026,-0.005326403304934502,8.552377700805664,-54.813812255859375,48.41154098510742,73.62998355908124,131043392,1720698298
5.0,0,3.043076753616333,10.39099407196045,8.049428939819336,0.5110684037208557,0.36006486415863037,-0.002130561275407672,8.552377700805664,-54.11331558227539,47.06208801269531,72.22350182425971,143043392,1720698298
5.0,0,0.3471645414829254,5.075784683227539,4.403004169464111,0.49375757575035095,0.374179869890213,0.001065280637703836,8.552377700805664,-54.11331558227539,47.06208801269531,72.22350182425971,156043392,1720698298
5.0,0,3.047865152359009,9.11486530303955,7.36707067489624,0.5033451318740845,0.3757777512073517,0.0031958422623574734,9.599607467651367,-54.11331558227539,49.42362594604492,73.9127741902202,168043392,1720698298
5.0,0,2.990403413772583,5.4037957191467285,4.496379375457764,0.5345045924186707,0.3440856635570526,0.0013316008262336254,6.806994438171387,-55.1640625,49.42362594604492,74.37811349072902,181043392,1720698298
5.0,0,2.422969102859497,9.064586639404297,7.096521854400635,0.4977523982524872,0.35740166902542114,0.008522245101630688,8.377839088439941,-54.63869094848633,48.24285888671875,73.36857753779783,193043392,1720698298
5.0,0,2.121295213699341,5.638431072235107,4.64961051940918,0.5494185090065002,0.34488460421562195,0.018908733502030373,8.552377700805664,-54.813812255859375,49.42362594604492,74.29934037400602,206043392,1720698298
5.0,0,3.6727614402770996,9.13880729675293,6.835549831390381,0.4958881437778473,0.3558037579059601,0.004793763160705566,7.156070709228516,-53.76306915283203,49.086265563964844,73.15147585485721,218043392,1720698298
5.0,0,3.770925283432007,6.236990928649902,4.762139797210693,0.5502174496650696,0.32677486538887024,0.0098538463935256,6.981532573699951,-53.58794403076172,49.592308044433594,73.34716463296776,231043392,1720698298
5.0,0,0.1604139655828476,9.677511215209961,6.636828422546387,0.4855016767978668,0.4002791941165924,0.010386486537754536,6.981532573699951,-53.58794403076172,49.592308044433594,73.34716463296776,243043392,1720698298
5.0,0,1.9560925960540771,6.332759857177734,4.826784133911133,0.5566091537475586,0.36672288179397583,0.01757713221013546,8.377839088439941,-55.33918380737305,50.60439682006836,75.45474424965575,256043392,1720698298
5.0,0,2.7988643646240234,7.2186279296875,5.865883827209473,0.49322494864463806,0.3544721305370331,0.012517048045992851,8.028762817382812,-54.63869094848633,50.9417610168457,75.13262005573485,268043392,1720698298
5.0,0,0.17477938532829285,6.854703903198242,4.934525012969971,0.5584734082221985,0.35607007145881653,0.018908733502030373,8.203300476074219,-55.51430892944336,51.11043930053711,75.90395009555381,281043392,1720698298
5.0,0,-0.5123670101165771,8.339132308959961,6.069393634796143,0.4823058247566223,0.3952191174030304,0.026365695521235466,7.505147457122803,-55.1640625,51.11043930053711,75.57564445872063,293043392,1720698298
5.0,0,4.3982157707214355,6.521904945373535,4.711860656738281,0.55314701795578,0.33796030282974243,0.029561540111899376,9.075992584228516,-53.58794403076172,49.92967224121094,73.80388578488107,306043392,1720698298
5.0,0,0.9002335667610168,8.545036315917969,5.887432098388672,0.4823058247566223,0.372848242521286,0.02370249480009079,6.806994438171387,-53.76306915283203,51.11043930053711,74.49214578401795,318043392,1720698298
5.0,0,-0.6967233419418335,11.272073745727539,8.305612564086914,0.4972197711467743,0.3432866930961609,0.03515426442027092,7.330609321594238,-52.537200927734375,50.60439682006836,73.31234747209997,331043392,1720698298
5.0,0,-1.261763572692871,-9.9169340133667,4.470042705535889,-0.06977588683366776,0.3270411789417267,-0.0037284824065864086,8.203300476074219,-53.41282272338867,51.7851676940918,74.84602436393074,343043392,1720698298
5.0,0,-6.972021579742432,3.713463544845581,12.773261070251465,0.2857615351676941,0.14248129725456238,0.02157193422317505,9.599607467651367,-54.813812255859375,52.45989227294922,76.47709967593583,356043392,1720698298
5.0,0,-2.9760379791259766,-27.507404327392578,-3.6224822998046875,-0.04420914873480797,0.02982785925269127,-0.013049688190221786,7.679685592651367,-53.938194274902344,51.9538459777832,75.28285651011328,368043392,1720698298
5.0,0,-0.8379833698272705,14.849065780639648,14.250506401062012,0.3696523904800415,-0.07483596354722977,0.019441373646259308,8.552377700805664,-52.36207580566406,50.09835433959961,72.97105764994383,381043392,1720698298
5.0,0,4.6017255783081055,3.375875949859619,-0.35434725880622864,0.12730103731155396,-0.0700422003865242,0.0015979211311787367,8.203300476074219,-53.76306915283203,50.77307891845703,74.40206506739463,393043392,1720698298
5.0,0,6.258538722991943,23.882526397705078,11.9496431350708,0.056193556636571884,-0.061519961804151535,-0.006391684524714947,6.981532573699951,-52.537200927734375,51.616485595703125,73.98081415914666,406043392,1720698298
5.0,0,2.6145079135894775,11.169121742248535,4.503561973571777,-0.1850925236940384,0.015712888911366463,-0.0015979211311787367,7.156070709228516,-54.463565826416016,52.122528076171875,75.72481286589722,418043392,1720698298
5.0,0,2.736614227294922,7.568187236785889,6.845127105712891,-0.21438774466514587,0.11371871083974838,-0.002396881580352783,7.85422420501709,-54.813812255859375,53.13461685180664,76.7432756655042,431043392,1720698298
5.0,0,39.22600173950195,11.339112281799316,14.556968688964844,-0.2388891875743866,0.556875467300415,0.04926923289895058,6.806994438171387,-54.813812255859375,52.122528076171875,75.94502696262094,443043392,1720698298
5.0,0,27.327835083007812,-23.40846824645996,-4.968044281005859,-0.8319842219352722,1.2117568254470825,0.14647608995437622,8.028762817382812,-53.23769760131836,52.96593475341797,75.52551702948175,456043392,1720698298
5.0,0,6.744569301605225,30.373306274414062,15.52424144744873,-0.3390255570411682,2.3625261783599854,0.36619022488594055,7.156070709228516,-54.463565826416016,50.09835433959961,74.34604534243842,468043392,1720698298
5.0,0,20.001466751098633,-7.558609962463379,-3.430943250656128,-0.9821887612342834,2.1790316104888916,0.27803826332092285,7.156070709228516,-53.41282272338867,48.7489013671875,72.66769821442949,481043392,1720698298
5.0,0,-8.14998722076416,19.821897506713867,9.70384693145752,-0.7552840113639832,2.3401553630828857,0.27670666575431824,7.679685592651367,-53.938194274902344,49.92967224121094,73.90046375060061,493043392,1720698298
5.0,0,-1.5251296758651733,0.9553011059761047,3.6272706985473633,-1.0413118600845337,2.341486930847168,0.2295679748058319,7.679685592651367,-54.2884407043457,49.254947662353516,73.7038820831876,506043392,1720698298
5.0,0,-2.2314300537109375,8.41814136505127,6.672741889953613,-0.8197335004806519,2.278369188308716,0.22610582411289215,7.85422420501709,-53.76306915283203,48.07417678833008,72.54848665872011,518043392,1720698298
5.0,0,1.3216195106506348,4.027108669281006,4.984804153442383,-0.9465019106864929,2.2828965187072754,0.15925946831703186,7.505147457122803,-53.06257247924805,48.07417678833008,71.99368243355957,531043392,1720698298
5.0,0,3.562626600265503,10.687880516052246,7.3383402824401855,-0.7374405264854431,2.2658519744873047,0.2471451312303543,6.632455825805664,-52.537200927734375,46.55604553222656,70.50966123306189,543043392,1720698298
5.0,0,1.2330327033996582,8.834739685058594,5.671950340270996,-0.8445013165473938,2.2722437381744385,0.16911330819129944,8.72691535949707,-53.23769760131836,46.21868133544922,71.03927084345001,556043392,1720698298
5.0,0,-5.140429496765137,13.022261619567871,7.345522880554199,-0.8245272636413574,2.2591938972473145,0.1557973027229309,7.679685592651367,-53.58794403076172,47.230770111083984,71.84282122475489,568043392,1720698298
5.0,0,0.27773162722587585,6.189105987548828,6.191500186920166,-0.9209351539611816,2.1824936866760254,0.14274761080741882,7.679685592651367,-53.58794403076172,47.230770111083984,71.84282122475489,581043392,1720698298
5.0,0,-1.5227354764938354,6.277692794799805,6.995964527130127,-0.8572846055030823,2.166248321533203,0.13555696606636047,8.377839088439941,-51.48645782470703,43.85714340209961,68.15051397105863,594043392,1720698298
5.0,0,2.628873586654663,6.825973033905029,4.453282833099365,-0.8373106122016907,2.1659820079803467,0.1344916969537735,8.377839088439941,-52.537200927734375,43.18241882324219,68.52055869984444,606043392,1720698298
5.0,0,3.5458667278289795,7.68311071395874,8.518699645996094,-0.8727312088012695,2.120441198348999,0.12836632132530212,8.377839088439941,-52.537200927734375,43.18241882324219,68.52055869984444,619043392,1720698298
5.0,0,-2.2098820209503174,10.821956634521484,6.584155082702637,-0.8460991978645325,2.172107219696045,0.10812598466873169,9.774145126342773,-50.08546447753906,42.507694244384766,66.41529744611357,631043392,1720698298
5.0,0,-2.121295213699341,8.516304969787598,6.727809429168701,-0.9379796385765076,2.1308276653289795,0.0556609146296978,9.250530242919922,-51.31133270263672,42.00164794921875,66.95194996373118,644043392,1720698298
5.0,0,-2.7701337337493896,6.4620490074157715,6.639222621917725,-0.9076191186904907,2.1260340213775635,0.07164012640714645,11.694067001342773,-51.661582946777344,40.98956298828125,66.97622436035735,656043392,1720698298
5.0,0,2.0973527431488037,7.714235305786133,7.0270891189575195,-0.9299900531768799,2.1164464950561523,0.010919126681983471,9.250530242919922,-52.0118293762207,40.98956298828125,66.86514023619891,669043392,1720698298
5.0,0,-0.5937711000442505,5.2505645751953125,6.265721797943115,-0.8833839893341064,2.0940754413604736,0.061519961804151535,10.297760963439941,-51.31133270263672,39.977474212646484,65.85662600683122,681043392,1720698298
5.0,0,1.4197832345962524,6.830761432647705,6.957656383514404,-0.9174729585647583,2.112717866897583,0.01651185005903244,11.51952838897705,-50.43571472167969,38.79670333862305,64.66564036438695,694043392,1720698298
5.0,0,-0.9983972907066345,7.723812580108643,7.601706027984619,-0.8772586584091187,2.0831563472747803,0.005060083232820034,11.51952838897705,-50.43571472167969,38.79670333862305,64.66564036438695,706043392,1720698298
5.0,0,-0.20111601054668427,6.34712553024292,6.090941905975342,-0.9638127088546753,2.0892817974090576,-0.03222474083304405,11.51952838897705,-50.43571472167969,38.121978759765625,64.26310075269576,719043392,1720698298
5.0,0,-0.34237605333328247,8.331949234008789,8.39419937133789,-0.8982979655265808,2.0506653785705566,-0.05246507376432419,13.613988876342773,-50.43571472167969,37.4472541809082,64.27595863385773,731043392,1720698298
5.0,0,-0.8954451084136963,3.483616590499878,5.2194390296936035,-0.9454366564750671,2.089015483856201,-0.05459563434123993,13.613988876342773,-50.43571472167969,37.4472541809082,64.27595863385773,744043392,1720698298
5.0,0,-2.1739683151245117,9.536251068115234,9.162749290466309,-0.9323869347572327,2.054393768310547,-0.06977588683366776,15.70844841003418,-49.7352180480957,36.43516540527344,63.622861801808035,756043392,1720698298
5.0,0,-1.367110013961792,4.8866400718688965,5.844335556030273,-0.9084181189537048,2.068775177001953,-0.07110748440027237,16.406600952148438,-49.38496780395508,36.09780502319336,63.333270303160575,769043392,1720698298
5.0,0,-3.4429147243499756,6.3088178634643555,8.430112838745117,-1.0098860263824463,2.04374098777771,-0.136355921626091,16.406600952148438,-49.38496780395508,36.09780502319336,63.333270303160575,781043392,1720698298
5.0,0,-4.151608943939209,5.573786735534668,7.616071701049805,-0.9140108227729797,2.0607855319976807,-0.11611559242010117,14.835756301879883,-48.50934982299805,36.94121170043945,62.75276732699088,794043392,1720698298
5.0,0,2.5115559101104736,3.536289930343628,6.447683334350586,-1.0152125358581543,2.013913154602051,-0.1701785922050476,16.93021583557129,-47.80885314941406,34.91703414916992,61.575302853299604,806043392,1720698298
5.0,0,-1.9441214799880981,6.732597827911377,7.510725498199463,-0.9254626035690308,2.0035266876220703,-0.16858068108558655,17.977445602416992,-46.75811004638672,34.91703414916992,61.063153204466694,819043392,1720698298
5.0,0,-2.5331039428710938,5.786873817443848,7.113282203674316,-0.9651442766189575,2.0008633136749268,-0.18562515079975128,20.07190704345703,-47.80885314941406,34.57966995239258,62.32432483260305,831043392,1720698298
5.0,0,-3.615299701690674,7.161166667938232,7.680716037750244,-0.9201362133026123,2.0125815868377686,-0.19121788442134857,18.85013771057129,-47.28348159790039,34.74835205078125,61.63199894512201,844043392,1720698298
5.0,0,-7.7262067794799805,4.302446365356445,5.602517127990723,-0.9891131520271301,2.021103858947754,-0.26418960094451904,23.0390567779541,-46.23273849487305,33.398902893066406,61.512201719769294,856043392,1720698298
5.0,0,-4.980015754699707,9.572164535522461,8.971210479736328,-0.9347837567329407,1.9790252447128296,-0.2301006317138672,23.0390567779541,-46.23273849487305,33.398902893066406,61.512201719769294,869043392,1720698298
5.0,0,-7.019906520843506,4.941707611083984,6.471625804901123,-0.9536925554275513,1.9726334810256958,-0.2652548849582672,23.0390567779541,-46.23273849487305,33.736263275146484,61.69602666074296,881043392,1720698298
5.0,0,-5.9209513664245605,7.242570400238037,7.345522880554199,-0.9688727855682373,1.9659754037857056,-0.27297815680503845,23.737211227416992,-46.582984924316406,31.71208953857422,61.14806868754441,894043392,1720698298
5.0,0,-4.532293319702148,5.7892680168151855,6.260932922363281,-0.9544914960861206,1.9246959686279297,-0.2950827479362488,23.737211227416992,-45.53224182128906,32.0494499206543,60.52939354019569,906043392,1720698298
5.0,0,-3.454885721206665,6.627251625061035,9.03106689453125,-0.9877814650535583,1.9047218561172485,-0.33796030282974243,26.704362869262695,-46.407859802246094,31.880769729614258,62.315294480816455,919043392,1720698298
5.0,0,-4.989592552185059,5.717440605163574,7.893803596496582,-0.948366105556488,1.8834162950515747,-0.30120810866355896,24.9589786529541,-45.35711669921875,31.543407440185547,60.623470732074715,931043392,1720698298
5.0,0,-5.138035297393799,3.610511064529419,6.59133768081665,-1.0250663757324219,1.9121787548065186,-0.41865530610084534,26.529823303222656,-44.48149871826172,31.037363052368164,60.38007252370142,944043392,1720698298
5.0,0,-1.5179469585418701,3.610511064529419,6.881041049957275,-0.994705855846405,1.8218963146209717,-0.3840336799621582,27.7515926361084,-44.656620025634766,30.53131866455078,60.79906270125204,956043392,1720698298
5.0,0,-5.8395466804504395,4.69031286239624,7.422138690948486,-0.9941732287406921,1.8751603364944458,-0.43436819314956665,27.7515926361084,-44.656620025634766,29.181869506835938,60.13273745530326,969043392,1720698298
5.0,0,-3.995983600616455,6.818790435791016,7.3910136222839355,-0.9454366564750671,1.8218963146209717,-0.4221174418926239,28.27520751953125,-44.131248474121094,30.362638473510742,60.571810830041116,981043392,1720698298
5.0,0,-8.169140815734863,2.4373345375061035,5.806027889251709,-1.0069565773010254,1.8642412424087524,-0.47325095534324646,30.544204711914062,-43.60587692260742,30.53131866455078,61.37248864979525,994043392,1720698298
5.0,0,-3.3902413845062256,6.48599100112915,7.917746067047119,-0.960350513458252,1.8258910179138184,-0.5012145638465881,31.94051170349121,-41.854637145996094,30.53131866455078,60.86187934906547,7043392,1720698299
5.0,0,-6.500357151031494,2.6480274200439453,6.100518703460693,-0.9883142113685608,1.7864757776260376,-0.4910943806171417,31.242359161376953,-42.55513381958008,28.844507217407227,60.158374454317666,19043392,1720698299
5.0,0,-6.751751899719238,5.020717620849609,7.810005187988281,-0.9656769037246704,1.8115098476409912,-0.5241180658340454,32.46412658691406,-42.029762268066406,30.362638473510742,61.17442477403832,32043392,1720698299
5.0,0,-4.589754581451416,2.995191812515259,5.535478591918945,-0.9401101469993591,1.7840787172317505,-0.5177264213562012,34.209510803222656,-40.27852249145508,28.338462829589844,59.964310043846126,44043392,1720698299
5.0,0,-5.67913293838501,4.817207336425781,6.404587268829346,-0.9880477786064148,1.7846113443374634,-0.5835075378417969,35.954891204833984,-40.27852249145508,29.350549697875977,61.453790307950804,57043392,1720698299
5.0,0,-4.163579940795898,4.948890209197998,6.885829448699951,-0.9398438334465027,1.7441308498382568,-0.5861706733703613,35.60581588745117,-40.27852249145508,29.350549697875977,61.25021033982831,69043392,1720698299
5.0,0,-8.705450057983398,1.7765247821807861,6.3878278732299805,-0.9909773468971252,1.7659690380096436,-0.6319777965545654,39.096580505371094,-40.27852249145508,30.02527618408203,63.65861443071173,82043392,1720698299
5.0,0,-5.085361957550049,6.2250189781188965,6.883435249328613,-0.9238646626472473,1.727618932723999,-0.6080089211463928,38.572967529296875,-39.05265426635742,28.169780731201172,61.6970029718445,94043392,1720698299
5.0,0,-3.3662989139556885,0.9576953053474426,5.3559112548828125,-0.9675412178039551,1.7161672115325928,-0.6588761210441589,38.572967529296875,-39.40290069580078,28.844507217407227,62.22915718434877,107043392,1720698299
5.0,0,-4.630456924438477,4.036685943603516,6.270510196685791,-0.9369143843650818,1.6890026330947876,-0.6807143688201904,40.84196472167969,-37.12628936767578,30.362638473510742,62.99458119245209,119043392,1720698299
5.0,0,-8.485180854797363,2.2577667236328125,5.446891784667969,-0.9275931715965271,1.7009869813919067,-0.7129390835762024,40.84196472167969,-37.12628936767578,30.02527618408203,62.832671871166895,132043392,1720698299
5.0,0,-7.376648426055908,2.4636712074279785,6.277692794799805,-0.9278594851493835,1.681545615196228,-0.7052158117294312,42.58734893798828,-37.12628936767578,30.362638473510742,64.13995218934515,144043392,1720698299
5.0,0,-9.885809898376465,3.5769920349121094,4.750168800354004,-0.8871124386787415,1.6996554136276245,-0.7451638579368591,41.714656829833984,-36.60091781616211,29.181869506835938,62.70024949974497,157043392,1720698299
5.0,0,-4.867486476898193,3.222644567489624,5.715046405792236,-0.9124128818511963,1.6184276342391968,-0.745696485042572,43.28550338745117,-36.07554626464844,30.362638473510742,64.00757499601865,169043392,1720698299
5.0,0,-10.340715408325195,1.4365429878234863,4.968044281005859,-0.8871124386787415,1.6589083671569824,-0.7739263772964478,46.42719268798828,-34.67455291748047,32.724178314208984,66.5483334671492,182043392,1720698299
5.0,0,-15.701414108276367,3.3734817504882812,5.025506019592285,-0.8892430663108826,1.6676969528198242,-0.8178691864013672,45.0308837890625,-34.32430648803711,30.02527618408203,64.08943532782266,194043392,1720698299
5.0,0,-6.672741889953613,4.752562999725342,5.0949387550354,-0.870334267616272,1.609106421470642,-0.7976289391517639,45.554500579833984,-32.74818801879883,31.206045150756836,64.1987040020573,207043392,1720698299
5.0,0,-10.556196212768555,5.032688617706299,5.087756156921387,-0.8775249719619751,1.5854040384292603,-0.8855145573616028,46.9508056640625,-32.047691345214844,31.880769729614258,65.1752725473044,219043392,1720698299
5.0,0,-9.517096519470215,1.7477937936782837,3.8331754207611084,-0.8333157896995544,1.5238840579986572,-0.8016237616539001,48.34711456298828,-32.047691345214844,32.89285659790039,66.68161682424108,232043392,1720698299
5.0,0,-8.274487495422363,-13.843485832214355,-10.05101203918457,-0.6990904211997986,0.8772586584091187,-0.4908280670642853,47.474422454833984,-32.57306671142578,32.724178314208984,66.2245974600615,244043392,1720698299
5.0,0,-33.83537673950195,7.771697521209717,-15.162711143493652,-0.21784991025924683,0.8109449148178101,-0.3150567412376404,50.965187072753906,-31.172073364257812,31.037363052368164,67.32359435169799,257043392,1720698299
5.0,0,8.217025756835938,-10.398177146911621,-6.117279052734375,-0.045008108019828796,-0.12810000777244568,-0.18376091122627258,48.17257308959961,-31.872568130493164,30.700000762939453,65.41366404773721,269043392,1720698299
5.0,0,-19.77161979675293,6.543453216552734,5.985595226287842,0.1869567483663559,0.05033451318740845,-0.05246507376432419,48.8707275390625,-30.82182502746582,33.398902893066406,66.73694346223446,282043392,1720698299
5.0,0,-6.6679534912109375,-1.628082036972046,9.27767276763916,0.1094575896859169,-0.04847027361392975,0.04580707103013992,48.52165222167969,-30.82182502746582,32.724178314208984,66.14535114946096,294043392,1720698299
5.0,0,-9.057402610778809,5.954470157623291,10.22818660736084,-0.02263721451163292,-0.09081517904996872,0.11984407901763916,49.045265197753906,-31.347196578979492,33.230220794677734,67.024863638371,307043392,1720698299
5.0,0,-8.217025756835938,3.0263171195983887,6.366279125213623,-0.016778171062469482,-0.07563493400812149,0.06551475822925568,49.7434196472168,-31.347196578979492,32.21813201904297,67.04522773737725,319043392,1720698299
5.0,0,-9.96721363067627,1.302465558052063,1.8411691188812256,0.005859043914824724,-0.05805779621005058,0.044741787016391754,49.7434196472168,-31.347196578979492,32.21813201904297,67.04522773737725,332043392,1720698299
5.0,0,-8.516304969787598,-0.32322216033935547,2.4900078773498535,0.004261122550815344,-0.08575509488582611,0.016245530918240547,49.045265197753906,-32.39794158935547,32.89285659790039,67.35729116224418,344043392,1720698299
5.0,0,-9.418932914733887,2.1045353412628174,6.126855850219727,0.0631178766489029,-0.03728482499718666,0.011984407901763916,49.045265197753906,-32.047691345214844,32.89285659790039,67.18952726464302,357043392,1720698299
5.0,0,-6.227414131164551,2.2362186908721924,7.462840557098389,0.019175052642822266,-0.03435530140995979,0.021305613219738007,49.045265197753906,-32.047691345214844,32.89285659790039,67.18952726464302,369043392,1720698299
5.0,0,-8.315189361572266,2.655210256576538,6.596126079559326,-0.023436175659298897,0.007723285350948572,0.018908733502030373,49.045265197753906,-31.347196578979492,32.21813201904297,66.52888697758047,382043392,1720698299
5.0,0,-9.682299613952637,1.9800350666046143,4.261744022369385,-0.02370249480009079,0.019175052642822266,0.006924324203282595,49.56888198852539,-31.172073364257812,32.0494499206543,66.752823607961,394043392,1720698299
5.0,0,-9.684693336486816,1.1659940481185913,3.4668569564819336,-0.015979209914803505,0.002396881580352783,-0.011185446754097939,49.394344329833984,-30.646699905395508,32.89285659790039,66.79042956918012,407043392,1720698299
5.0,0,-8.537853240966797,1.4892162084579468,4.314417362213135,0.013049688190221786,-0.01864241249859333,-0.017310811206698418,49.7434196472168,-32.047691345214844,30.868682861328125,66.74082633853529,419043392,1720698299
5.0,0,-7.510725498199463,1.1683882474899292,5.35830545425415,0.025300417095422745,-0.013582328334450722,-0.002929521957412362,49.9179573059082,-31.522321701049805,32.0494499206543,67.17608553075624,432043392,1720698299
5.0,0,-7.302426815032959,2.4588825702667236,7.036666393280029,0.000532640318851918,-0.017843451350927353,0.024235136806964874,50.616111755371094,-31.522321701049805,32.0494499206543,67.6964901222598,444043392,1720698299
5.0,0,-9.026278495788574,2.2026991844177246,5.585757732391357,-0.009587526321411133,0.013582328334450722,0.001065280637703836,50.09249496459961,-31.347196578979492,32.21813201904297,67.30462700242906,457043392,1720698299
5.0,0,-9.567376136779785,1.4389371871948242,4.005560398101807,-0.025566738098859787,-0.005326403304934502,0.006658004131168127,49.9179573059082,-31.172073364257812,32.0494499206543,67.01244555780421,469043392,1720698299
5.0,0,-8.8945951461792,1.6999092102050781,4.4772257804870605,0.006658004131168127,-0.005592723377048969,-0.015979209914803505,49.7434196472168,-32.74818801879883,31.543407440185547,67.39316114897169,482043392,1720698299
5.0,0,-8.085342407226562,0.9241759777069092,4.75495719909668,0.019441373646259308,-0.0143812894821167,0.009587526321411133,49.7434196472168,-32.74818801879883,31.543407440185547,67.39316114897169,494043392,1720698299
5.0,0,-7.7788801193237305,1.7765247821807861,5.956864833831787,0.004527443088591099,-0.011185446754097939,0.011185446754097939,50.44157409667969,-30.29645347595215,31.543407440185547,66.76236996623857,507043392,1720698299
5.0,0,-8.504334449768066,0.9265702366828918,5.626460075378418,-0.004793763160705566,0.00719064474105835,-0.009054886177182198,50.616111755371094,-30.82182502746582,33.736263275146484,68.19172330294882,520043392,1720698299
5.0,0,-9.512308120727539,0.787704348564148,4.862698078155518,-0.03408898040652275,0.004261122550815344,-0.03009418025612831,50.616111755371094,-30.82182502746582,33.736263275146484,68.19172330294882,532043392,1720698299
5.0,0,-9.035855293273926,1.2689461708068848,4.9393134117126465,-0.01757713221013546,0.001065280637703836,-0.03835010528564453,50.09249496459961,-31.347196578979492,31.880769729614258,67.14378797545093,545043392,1720698299
5.0,0,-8.434901237487793,1.4173890352249146,4.4484944343566895,0.009321206249296665,-0.006125363986939192,0.0013316008262336254,48.696189880371094,-32.047691345214844,31.543407440185547,66.28242589375307,557043392,1720698299
5.0,0,-8.075765609741211,1.3431676626205444,5.025506019592285,0.006391684524714947,-0.005326403304934502,-0.005326403304934502,50.44157409667969,-31.697444915771484,31.880769729614258,67.56821656734684,570043392,1720698299
5.0,0,-8.911355018615723,1.8483519554138184,5.600122928619385,0.01384864840656519,-0.002130561275407672,-0.002396881580352783,47.9980354309082,-31.347196578979492,33.56758499145508,66.43222787733724,582043392,1720698299
5.0,0,-8.39659309387207,2.1476316452026367,5.791662216186523,-0.004793763160705566,-0.007456964813172817,0.0013316008262336254,49.045265197753906,-30.646699905395508,33.56758499145508,66.86883441161466,595043392,1720698299
5.0,0,-8.293641090393066,2.0566506385803223,5.442103385925293,-0.006391684524714947,0.000532640318851918,-0.010386486537754536,49.21980285644531,-30.82182502746582,31.037363052368164,65.84748891564179,607043392,1720698299
5.0,0,-8.806008338928223,1.1803593635559082,4.620879650115967,-0.007456964813172817,0.002929521957412362,-0.0037284824065864086,50.616111755371094,-31.872568130493164,31.374725341796875,67.54424297257565,620043392,1720698299
5.0,0,-8.614469528198242,1.5466779470443726,4.716649055480957,-0.0031958422623574734,-0.0037284824065864086,0.0013316008262336254,50.7906494140625,-32.047691345214844,30.53131866455078,67.37140348736037,632043392,1720698299
5.0,0,-8.62883472442627,1.7837074995040894,5.164371967315674,0.006924324203282595,-0.0018642412032932043,-0.002929521957412362,49.56888198852539,-30.471576690673828,31.71208953857422,66.26648980073203,645043392,1720698299
5.0,0,-8.636016845703125,1.881871223449707,5.571392059326172,0.000532640318851918,-0.004527443088591099,0.000532640318851918,48.17257308959961,-31.172073364257812,31.374725341796875,65.39624107066612,657043392,1720698299
5.0,0,-8.5570068359375,1.9872177839279175,5.46604585647583,-0.0098538463935256,0.0034621621016412973,-0.003994802478700876,49.045265197753906,-31.697444915771484,32.55549621582031,66.85825593271686,670043392,1720698299
5.0,0,-8.616863250732422,1.5418894290924072,4.951284408569336,-0.006391684524714947,0.002663201652467251,-0.001065280637703836,49.045265197753906,-31.347196578979492,32.55549621582031,66.69291645697828,682043392,1720698299
5.0,0,-8.528276443481445,1.441331386566162,4.644822120666504,-0.0007989605655893683,-0.0037284824065864086,-0.0015979211311787367,48.696189880371094,-30.29645347595215,30.53131866455078,64.97195873207176,695043392,1720698299
5.0,0,-8.612074851989746,1.7453995943069458,5.133246898651123,0.002396881580352783,-0.002130561275407672,0.0037284824065864086,50.616111755371094,-31.172073364257812,32.724178314208984,67.85691396902038,707043392,1720698299
5.0,0,-8.698267936706543,1.881871223449707,5.410978317260742,0.002663201652467251,-0.002929521957412362,0.001065280637703836,49.394344329833984,-30.29645347595215,32.21813201904297,66.2999575851389,720043392,1720698299
5.0,0,-8.564190864562988,1.8938424587249756,5.372670650482178,-0.00825592502951622,-0.001065280637703836,-0.002663201652467251,48.8707275390625,-31.172073364257812,31.71208953857422,66.07346510458265,732043392,1720698299
5.0,0,-8.55461311340332,1.6328704357147217,5.054236888885498,-0.005326403304934502,0.0031958422623574734,-0.004527443088591099,48.52165222167969,-30.471576690673828,32.724178314208984,65.98287328297697,745043392,1720698299
5.0,0,-8.57376766204834,1.4844276905059814,4.843544006347656,-0.004527443088591099,0.000532640318851918,-0.002396881580352783,49.394344329833984,-32.047691345214844,32.21813201904297,67.11828218249364,757043392,1720698299
5.0,0,-8.616863250732422,1.6855436563491821,5.00874662399292,0.004261122550815344,-0.002130561275407672,0.001065280637703836,48.696189880371094,-32.74818801879883,30.868682861328125,66.30715126570442,769926349,1720698299
5.0,0,-8.650382995605469,1.8411691188812256,5.284083843231201,-0.0013316008262336254,-0.0015979211311787367,0.0007989605655893683,49.394344329833984,-31.697444915771484,30.868682861328125,66.31293122427799,781926349,1720698299
5.0,0,-8.542641639709473,1.881871223449707,5.351122856140137,-0.001065280637703836,-0.002929521957412362,-0.000532640318851918,50.7906494140625,-30.9969482421875,32.55549621582031,67.82596259611321,794926349,1720698299
5.0,0,-8.583344459533691,1.7214573621749878,5.183525562286377,-0.004527443088591099,-0.0037284824065864086,-0.002663201652467251,48.52165222167969,-31.172073364257812,32.38681411743164,66.14343974140878,806926349,1720698299
5.0,0,-8.549824714660645,1.6089280843734741,4.893823146820068,-0.004793763160705566,0.000266320159425959,-0.003994802478700876,50.09249496459961,-30.29645347595215,32.89285659790039,67.1496326138052,819926349,1720698299
5.0,0,-8.717421531677246,1.7837074995040894,5.003958225250244,-0.0018642412032932043,-0.006924324203282595,0.0007989605655893683,49.7434196472168,-29.946205139160156,32.89285659790039,66.73172420675054,831926349,1720698299
5.0,0,-18.770828247070312,-0.04309628903865814,-2.322411060333252,-0.2538031339645386,-0.34808048605918884,-0.28602784872055054,49.56888198852539,-30.82182502746582,32.0494499206543,66.58998573233518,844926349,1720698299
5.0,0,29.71728515625,-39.22719955444336,-39.22719955444336,-0.287625789642334,-0.9616820812225342,-0.7172002196311951,49.045265197753906,-30.646699905395508,33.230220794677734,66.7001186466142,856926349,1720698299
5.0,0,-14.923287391662598,-6.723021030426025,-25.86734962463379,0.26126009225845337,-1.7060469388961792,-0.391490638256073,48.696189880371094,-31.347196578979492,31.206045150756836,65.78588675527156,869926349,1720698299
5.0,0,10.754918098449707,-39.22719955444336,-18.91448211669922,0.41439419984817505,-1.8229615688323975,-0.639168381690979,48.696189880371094,-31.697444915771484,30.868682861328125,65.79454768175533,881926349,1720698299
5.0,0,8.293641090393066,8.161957740783691,-4.522716045379639,0.5736536383628845,-2.153198719024658,-0.40240976214408875,49.045265197753906,-30.29645347595215,30.868682861328125,65.39257383779749,894926349,1720698299
5.0,0,17.89932632446289,-16.177867889404297,0.8667142391204834,0.7488923668861389,-2.2152512073516846,-0.0375511460006237,48.8707275390625,-30.82182502746582,31.037363052368164,65.5869713698194,906926349,1720698299
5.0,0,-19.70458221435547,23.896892547607422,18.02382469177246,0.7638062238693237,-2.1065924167633057,0.1131860762834549,46.0781135559082,-31.872568130493164,30.362638473510742,63.725528347572094,919926349,1720698299
5.0,0,-22.848215103149414,7.414956092834473,12.957616806030273,0.22290997207164764,-2.029359817504883,-0.5275802612304688,46.252655029296875,-33.79893112182617,29.181869506835938,64.2904141388986,931926349,1720698299
5.0,0,-9.315980911254883,11.262496948242188,7.0534257888793945,0.22930166125297546,-2.0464041233062744,-0.6370378732681274,47.474422454833984,-31.872568130493164,28.338462829589844,63.81809980089519,944926349,1720698299
5.0,0,-14.980749130249023,9.215423583984375,8.949663162231445,0.22717110812664032,-1.932685375213623,-0.7494249939918518,45.72903823852539,-32.92331314086914,28.001100540161133,62.921785717289175,956926349,1720698299
5.0,0,-5.5091423988342285,1.261763572692871,2.8802685737609863,0.1432802528142929,-1.9851504564285278,-0.7949656844139099,44.1581916809082,-33.44868469238281,26.482967376708984,61.40120488438404,969926349,1720698299
5.0,0,-2.633662223815918,0.814041018486023,2.856326103210449,0.2370249480009079,-1.9031239748001099,-0.6772521734237671,44.50727081298828,-32.39794158935547,27.49505615234375,61.53455847951217,981926349,1720698299
5.0,0,-2.7773163318634033,6.612886428833008,4.857909679412842,0.32997068762779236,-1.9579858779907227,-0.5659303665161133,44.50727081298828,-32.39794158935547,27.49505615234375,61.53455847951217,994926349,1720698299
5.0,0,-9.32795238494873,-0.7470023036003113,5.671950340270996,0.2844299376010895,-1.8690348863601685,-0.5981550812721252,43.634578704833984,-32.92331314086914,25.9769229888916,60.52042246127238,7926349,1720698300
5.0,0,-4.338359355926514,7.161166667938232,8.707844734191895,0.287625789642334,-1.9787589311599731,-0.6223902702331543,43.1109619140625,-33.09843826293945,25.47088050842285,60.023557096157816,19926349,1720698300
5.0,0,-12.332720756530762,5.705469608306885,7.024694919586182,0.23116591572761536,-1.8727635145187378,-0.6977588534355164,43.1109619140625,-33.09843826293945,25.47088050842285,60.023557096157816,32926349,1720698300
5.0,0,-9.600895881652832,2.7533740997314453,6.191500186920166,0.20000644028186798,-1.887144684791565,-0.7512891888618469,42.58734893798828,-33.2735595703125,23.952747344970703,59.1146865120429,44926349,1720698300
5.0,0,-2.786893367767334,5.573786735534668,6.7948479652404785,0.2101266235113144,-1.9252285957336426,-0.7310488820075989,40.84196472167969,-33.2735595703125,23.615385055541992,57.731120378246416,57926349,1720698300
5.0,0,-8.908960342407227,5.856306552886963,7.5945234298706055,0.22797006368637085,-1.8985965251922607,-0.6844428181648254,40.84196472167969,-33.2735595703125,23.615385055541992,57.731120378246416,69926349,1720698300
5.0,0,2.707883358001709,3.818809986114502,8.7677001953125,0.17603762447834015,-1.95372474193573,-0.7395710945129395,38.74750518798828,-33.974056243896484,22.94066047668457,56.40815153028096,82926349,1720698300
5.0,0,-8.145198822021484,2.9233648777008057,7.118070602416992,0.1651185005903244,-1.863974928855896,-0.7379732131958008,39.271121978759766,-34.499427795410156,22.434616088867188,56.88359639418209,94926349,1720698300
5.0,0,-1.61371648311615,6.732597827911377,9.325557708740234,0.1557973027229309,-1.907118797302246,-0.7470280528068542,37.00212097167969,-35.02479934692383,21.928571701049805,55.46851163086293,107926349,1720698300
5.0,0,-11.236160278320312,4.295263290405273,8.197872161865234,0.09241309762001038,-1.863442301750183,-0.7925688624382019,38.572967529296875,-33.79893112182617,23.10934066772461,56.25196169993622,119926349,1720698300
5.0,0,0.31603944301605225,3.9073967933654785,9.148384094238281,0.12170831859111786,-1.8703665733337402,-0.7931014895439148,36.82758331298828,-32.74818801879883,22.097253799438477,54.009289355318224,132926349,1720698300
5.0,0,-1.213878870010376,4.426946640014648,7.936899662017822,0.1113218292593956,-1.8887425661087036,-0.7856444716453552,36.30397033691406,-35.02479934692383,19.904396057128906,54.23006374618105,144926349,1720698300
5.0,0,-3.735011577606201,3.409395217895508,8.25772762298584,0.04207858443260193,-1.8879436254501343,-0.8516919016838074,36.30397033691406,-35.02479934692383,19.904396057128906,54.23006374618105,157926349,1720698300
5.0,0,-4.434129238128662,2.0494680404663086,9.016700744628906,0.049002911895513535,-1.8264236450195312,-0.8498277068138123,34.90766143798828,-33.974056243896484,18.89230728149414,52.24653671920324,169926349,1720698300
5.0,0,-7.474811553955078,4.726226329803467,9.576952934265137,0.0932120606303215,-1.8796876668930054,-0.8338484764099121,34.90766143798828,-33.623809814453125,19.904396057128906,52.39551885330249,182926349,1720698300
5.0,0,-0.6464443206787109,5.11409330368042,10.072559356689453,-0.007989604957401752,-1.8346796035766602,-0.8604804873466492,34.90766143798828,-33.623809814453125,19.904396057128906,52.39551885330249,194926349,1720698300
5.0,0,0.14604853093624115,4.204282283782959,10.110868453979492,-0.019175052642822266,-1.9289569854736328,-0.9084181189537048,32.98773956298828,-34.1491813659668,19.398351669311523,51.2898976108114,207926349,1720698300
5.0,0,-4.936919212341309,3.8259928226470947,9.289644241333008,0.005326403304934502,-1.7875410318374634,-0.8572846055030823,34.209510803222656,-35.02479934692383,19.904396057128906,52.85084844245296,219926349,1720698300
5.0,0,-2.063833475112915,4.426946640014648,9.881021499633789,-0.06791163980960846,-1.841071367263794,-0.9118802547454834,33.16228103637695,-37.12628936767578,19.229671478271484,53.36551799533375,232926349,1720698300
5.0,0,-2.633662223815918,3.8547234535217285,9.9169340133667,-0.06711268424987793,-1.8392071723937988,-0.9180055856704712,33.511356353759766,-35.72529602050781,16.868131637573242,51.80580706218257,244926349,1720698300
5.0,0,-5.568997859954834,3.454885721206665,10.113262176513672,-0.03435530140995979,-1.8200321197509766,-0.8839166760444641,33.86043167114258,-33.2735595703125,17.880220413208008,50.728304539577806,257926349,1720698300
5.0,0,3.565020799636841,4.534687519073486,10.304800987243652,-0.12437152117490768,-1.8517241477966309,-0.9598178863525391,28.7988224029541,-34.499427795410156,17.711538314819336,48.30405034243943,269926349,1720698300
5.0,0,-6.5410590171813965,4.814813137054443,9.428509712219238,-0.1350243240594864,-1.761175274848938,-0.9156087636947632,28.7988224029541,-34.499427795410156,17.711538314819336,48.30405034243943,282926349,1720698300
5.0,0,4.975227355957031,2.264949321746826,12.066961288452148,-0.11451767385005951,-1.8527894020080566,-0.9486324191093445,29.671512603759766,-34.67455291748047,17.205495834350586,48.77245500411153,294926349,1720698300
5.0,0,-8.147592544555664,4.120483875274658,10.055800437927246,-0.19601164758205414,-1.7643711566925049,-0.9366480708122253,28.7988224029541,-34.499427795410156,16.699451446533203,47.942198203907274,307926349,1720698300
5.0,0,2.470853805541992,2.8299896717071533,10.525071144104004,-0.20480021834373474,-1.8037865161895752,-0.9536925554275513,28.27520751953125,-35.37504959106445,15.85604476928711,47.982243065205516,319926349,1720698300
5.0,0,0.5315209031105042,3.251375675201416,11.068562507629395,-0.1720428317785263,-1.7880736589431763,-0.9582200050354004,28.27520751953125,-34.67455291748047,15.518681526184082,47.35653552162401,332926349,1720698300
5.0,0,-3.1149041652679443,4.17076301574707,10.182695388793945,-0.27191290259361267,-1.8059171438217163,-0.9848520159721375,27.57705307006836,-35.37504959106445,14.506593704223633,47.141587271739766,344926349,1720698300
5.0,0,0.4525110125541687,3.3136258125305176,10.364657402038574,-0.2564663290977478,-1.75877845287323,-0.986982524394989,27.926130294799805,-34.67455291748047,13.494505882263184,46.521984719868996,357926349,1720698300
5.0,0,-5.559421062469482,2.885057210922241,11.466007232666016,-0.23995447158813477,-1.7651700973510742,-0.9872488379478455,26.529823303222656,-34.32430648803711,14.506593704223633,45.74309566791849,369926349,1720698300
5.0,0,3.198702335357666,6.7996368408203125,11.137995719909668,-0.2953490614891052,-1.7590447664260864,-0.9587526321411133,26.35528564453125,-34.84967803955078,12.313736915588379,45.39525589410756,382926349,1720698300
5.0,0,0.6272904276847839,3.1939139366149902,11.16433334350586,-0.33796030282974243,-1.8378756046295166,-1.021870493888855,24.9589786529541,-34.1491813659668,13.663187026977539,44.44997056352771,394926349,1720698300
5.0,0,0.514761209487915,3.0622308254241943,10.70703411102295,-0.30413761734962463,-1.7217599153518677,-0.9952384829521179,24.609901428222656,-33.79893112182617,13.663187026977539,43.98519834011156,407926349,1720698300
5.0,0,1.264157772064209,5.492382049560547,11.51867961883545,-0.3739134967327118,-1.7268199920654297,-1.0133482217788696,23.737211227416992,-33.974056243896484,13.157143592834473,43.48335453988018,419926349,1720698300
5.0,0,4.38385009765625,0.720665693283081,10.757311820983887,-0.391490638256073,-1.7758228778839111,-0.9915099740028381,23.9117488861084,-33.44868469238281,11.63901138305664,42.732339374502686,432926349,1720698300
5.0,0,-0.055067479610443115,-17.770036697387695,12.43088436126709,0.17230914533138275,-1.2192137241363525,-0.9406428933143616,22.864519119262695,-34.84967803955078,11.976373672485352,43.36726669227008,444926349,1720698300
5.0,0,39.22600173950195,-3.6990981101989746,39.22600173950195,0.391490638256073,-1.2684829235076904,-0.6695289015769958,22.68998146057129,-35.02479934692383,11.132966995239258,43.19160545858919,457926349,1720698300
5.0,0,-19.661483764648438,-10.161147117614746,25.915233612060547,0.010386486537754536,-0.07829813659191132,0.01384864840656519,21.9918270111084,-34.32430648803711,10.458242416381836,42.08530985523371,469926349,1720698300
5.0,0,39.22600173950195,-8.36546802520752,27.557682037353516,0.1262357532978058,-0.4990839958190918,0.02583305537700653,20.420982360839844,-33.09843826293945,9.952198028564453,40.1443567843241,482926349,1720698300
5.0,0,-15.210596084594727,-8.84192180633545,34.78349304199219,-0.05353035405278206,-0.026632016524672508,0.13023056089878082,20.77005958557129,-34.499427795410156,10.289560317993164,41.562975650649946,495926349,1720698300
5.0,0,-7.465234756469727,1.4604852199554443,19.050954818725586,-0.38936007022857666,0.3510099947452545,0.1307632029056549,21.468212127685547,-35.900421142578125,10.289560317993164,43.076669111148725,507926349,1720698300
5.0,0,2.60014271736145,0.7757331728935242,9.366259574890137,-0.46552765369415283,0.20480021834373474,0.0143812894821167,20.77005958557129,-33.44868469238281,10.964285850524902,40.87083859000995,520926349,1720698300
5.0,0,-2.6384506225585938,6.363884925842285,-1.3910523653030396,-0.30360499024391174,0.20293596386909485,-0.03009418025612831,21.9918270111084,-33.974056243896484,11.132966995239258,41.974038488892695,532926349,1720698300
5.0,0,-7.877044200897217,1.5203412771224976,-0.7709447145462036,0.0007989605655893683,0.08522245287895203,-0.02077297307550907,21.9918270111084,-35.02479934692383,11.807692527770996,43.00928536268851,545926349,1720698300
5.0,0,18.34225845336914,-11.513891220092773,1.9608811140060425,0.3797725737094879,-0.577648401260376,-0.07829813659191132,21.29367446899414,-35.37504959106445,9.783516883850098,42.43267501087272,557926349,1720698300
5.0,0,-35.88484191894531,6.916954517364502,10.979975700378418,0.6815133094787598,-0.491627037525177,0.1414160132408142,22.340904235839844,-33.974056243896484,9.783516883850098,41.82188066496996,570926349,1720698300
5.0,0,21.988685607910156,-7.7262067794799805,11.425304412841797,0.7896392941474915,-0.9773949980735779,0.007989604957401752,20.944597244262695,-35.02479934692383,11.470330238342285,42.39081502865074,582926349,1720698300
5.0,0,-21.636730194091797,1.649630069732666,12.85227108001709,0.7068137526512146,-1.0274631977081299,0.05885675922036171,20.595521926879883,-35.37504959106445,11.470330238342285,42.5104473369487,595926349,1720698300
5.0,0,-4.441311836242676,0.24660654366016388,10.663936614990234,0.772861123085022,-0.9289247393608093,0.05033451318740845,20.07190704345703,-36.250667572021484,11.976373672485352,43.132654429346104,607926349,1720698300
5.0,0,6.165163516998291,-1.1947249174118042,9.078951835632324,0.699356734752655,-1.201370358467102,-0.05699251592159271,18.501060485839844,-34.67455291748047,11.132966995239258,40.847971959999974,620926349,1720698300
5.0,0,-8.525882720947266,0.9050220251083374,9.179509162902832,0.7731274366378784,-1.042110800743103,0.008522245101630688,19.024675369262695,-35.900421142578125,12.65109920501709,42.55383440085611,632926349,1720698300
5.0,0,5.947287559509277,1.0343109369277954,10.393388748168945,0.7510228753089905,-1.1012338399887085,-0.04101330414414406,19.024675369262695,-36.250667572021484,14.000550270080566,43.26736160419414,645926349,1720698300
5.0,0,1.7621593475341797,-0.06703867018222809,10.467610359191895,0.7504902482032776,-1.088983178138733,-0.0375511460006237,19.024675369262695,-36.250667572021484,14.000550270080566,43.26736160419414,657926349,1720698300
5.0,0,-0.30646249651908875,2.7174603939056396,11.578536033630371,0.74063640832901,-1.0357191562652588,-0.035686902701854706,15.882987022399902,-38.00190734863281,14.000550270080566,43.50206485619791,670926349,1720698300
5.0,0,4.11808967590332,1.235426902770996,10.431695938110352,0.7209286689758301,-1.0607532262802124,-0.052997712045907974,16.057525634765625,-37.47653579711914,12.819780349731445,42.73969622118609,682926349,1720698300
5.0,0,3.5506551265716553,1.7741304636001587,11.054197311401367,0.7246571779251099,-1.0567584037780762,-0.0700422003865242,16.057525634765625,-37.47653579711914,12.819780349731445,42.73969622118609,695926349,1720698300
5.0,0,0.9840319752693176,2.0781986713409424,10.802803039550781,0.729184627532959,-1.0445077419281006,-0.07563493400812149,13.963065147399902,-38.52728271484375,13.831868171691895,43.25088760729767,707926349,1720698300
5.0,0,0.9193874597549438,2.6456332206726074,10.489157676696777,0.7510228753089905,-1.0160114765167236,-0.09614157676696777,13.264911651611328,-38.52728271484375,15.181319236755371,43.48312141834842,720926349,1720698300
5.0,0,1.6735725402832031,1.4437257051467896,9.904963493347168,0.7251898050308228,-1.0466382503509521,-0.09560894221067429,13.264911651611328,-38.177032470703125,16.53076934814453,43.66589086043854,732926349,1720698300
5.0,0,2.1572086811065674,1.9129964113235474,10.242551803588867,0.7630072832107544,-1.0431760549545288,-0.09987006336450577,12.9158353805542,-38.87752914428711,14.843955993652344,43.57320398460453,745926349,1720698300
5.0,0,3.4141836166381836,-0.32322216033935547,9.885809898376465,0.7195971012115479,-1.026930570602417,-0.11638191342353821,11.51952838897705,-40.62876892089844,15.181319236755371,44.876150147940386,757926349,1720698300
5.0,0,-0.10774072259664536,-0.3184336721897125,8.813190460205078,0.7275867462158203,-1.006690263748169,-0.12650208175182343,10.9959135055542,-39.05265426635742,15.012638092041016,43.25967200004959,770926349,1720698300
5.0,0,2.7725279331207275,0.26815468072891235,9.416539192199707,0.7028189301490784,-1.0511656999588013,-0.1432802528142929,10.472298622131348,-40.9790153503418,15.518681526184082,45.05305998293312,782926349,1720698300
5.0,0,2.190727949142456,1.6352647542953491,9.586529731750488,0.7113412022590637,-1.021337866783142,-0.14727506041526794,10.297760963439941,-41.504390716552734,17.036813735961914,46.031634251743405,795926349,1720698300
5.0,0,4.843544006347656,1.4006292819976807,9.59371280670166,0.6921661496162415,-1.0277295112609863,-0.14674241840839386,9.075992584228516,-40.62876892089844,18.21758270263672,45.441729995062275,807926349,1720698300
5.0,0,2.116506576538086,1.9704581499099731,9.833135604858398,0.694296658039093,-1.034653902053833,-0.1595257818698883,9.075992584228516,-40.62876892089844,18.21758270263672,45.441729995062275,820926349,1720698300
5.0,0,1.8244094848632812,1.8698999881744385,10.254522323608398,0.7028189301490784,-1.0024291276931763,-0.16964595019817352,7.85422420501709,-41.504390716552734,19.060989379882812,46.34247083135458,832926349,1720698300
5.0,0,4.0390801429748535,1.9896119832992554,9.576952934265137,0.6887039542198181,-1.0407792329788208,-0.18855468928813934,7.156070709228516,-43.60587692260742,19.060989379882812,48.12487055904743,845926349,1720698300
5.0,0,3.718251943588257,3.8523292541503906,10.259310722351074,0.7172002196311951,-1.0170767307281494,-0.19121788442134857,7.156070709228516,-41.504390716552734,19.060989379882812,46.22926684350242,857926349,1720698300
5.0,0,6.426135540008545,2.121295213699341,10.089320182800293,0.702019989490509,-1.0586227178573608,-0.2101266235113144,6.283379554748535,-43.08050537109375,19.567033767700195,47.73132736604115,870926349,1720698300
5.0,0,0.3280106484889984,3.9888007640838623,10.31198501586914,0.7321141362190247,-1.0032280683517456,-0.21918150782585144,6.4579176902771,-41.854637145996094,20.41044044494629,47.01171588736247,882926349,1720698300
5.0,0,4.194705486297607,1.3407734632492065,9.0621919631958,0.6972262263298035,-1.029061198234558,-0.2263721525669098,5.061611175537109,-45.00687026977539,19.735713958740234,49.40381245039626,895926349,1720698300
5.0,0,0.8619257807731628,2.2098820209503174,9.402173042297363,0.7246571779251099,-1.0255990028381348,-0.23489437997341156,6.1088409423828125,-42.90538024902344,22.097253799438477,48.64646151005663,907926349,1720698300
5.0,0,4.889034271240234,2.2098820209503174,9.471606254577637,0.7030852437019348,-1.0002985000610352,-0.22930166125297546,5.934302806854248,-43.43075180053711,21.591209411621094,48.86334490822104,920926349,1720698300
5.0,0,0.7326369285583496,1.7262457609176636,8.63122844696045,0.7004221081733704,-0.994705855846405,-0.2500746250152588,4.363457679748535,-45.00687026977539,21.759891510009766,50.18118186064118,932926349,1720698300
5.0,0,5.104515552520752,1.6975148916244507,9.332740783691406,0.6756542921066284,-1.0178756713867188,-0.25353679060935974,4.014381408691406,-44.306373596191406,20.747802734375,49.08809751502163,945926349,1720698300
5.0,0,4.450888633728027,1.1803593635559082,8.676718711853027,0.6575444936752319,-1.009087085723877,-0.2703149616718292,3.316227912902832,-44.306373596191406,22.434616088867188,49.77312636222946,958926349,1720698300
5.0,0,4.503561973571777,2.681546926498413,9.007123947143555,0.6721920967102051,-0.9944395422935486,-0.26791810989379883,3.8398427963256836,-45.53224182128906,22.94066047668457,51.12928066264336,970926349,1720698300
5.0,0,3.5769920349121094,3.1292693614959717,9.699058532714844,0.6767195463180542,-1.0287948846817017,-0.2844299376010895,4.014381408691406,-46.057613372802734,23.784067153930664,51.99135368573998,983926349,1720698300
5.0,0,2.2290358543395996,3.845146656036377,9.29682731628418,0.6815133094787598,-0.9915099740028381,-0.28123411536216736,-0.8726915717124939,-47.4586067199707,24.121429443359375,53.244007181758505,995926349,1720698300
5.0,0,5.334362506866455,3.28010630607605,8.877835273742676,0.6764532327651978,-1.0341212749481201,-0.3102629780769348,1.7453831434249878,-47.63372802734375,24.96483612060547,53.80763375794361,8926349,1720698301
5.0,0,4.493985176086426,5.506748199462891,9.816376686096191,0.6996230483055115,-1.0109513998031616,-0.3169209957122803,2.618074655532837,-47.10835647583008,25.47088050842285,53.61732293419898,20926349,1720698301
5.0,0,7.989573001861572,1.6951206922531128,8.954451560974121,0.6588761210441589,-1.0399802923202515,-0.327840119600296,2.0944597721099854,-47.28348159790039,26.989011764526367,54.48413668015411,33926349,1720698301
5.0,0,3.9624643325805664,4.520321846008301,8.918537139892578,0.690568208694458,-1.0178756713867188,-0.34568357467651367,1.5708448886871338,-48.15909957885742,25.808242797851562,54.66106312745368,45926349,1720698301
5.0,0,5.480411052703857,2.214670419692993,8.228997230529785,0.6468916535377502,-1.0138808488845825,-0.3384929299354553,0.5236149430274963,-48.859596252441406,26.820329666137695,55.73925369037922,58926349,1720698301
5.0,0,3.0047690868377686,2.7150661945343018,8.226602554321289,0.675387978553772,-1.0285285711288452,-0.35686904191970825,0.5236149430274963,-49.910343170166016,27.49505615234375,56.98503874520781,70926349,1720698301
5.0,0,4.9919867515563965,3.5027706623077393,8.657565116882324,0.6596750617027283,-0.9864498972892761,-0.34621623158454895,-0.17453831434249878,-49.910343170166016,27.49505615234375,56.98290034569535,83926349,1720698301
5.0,0,2.4660654067993164,1.999189019203186,7.759726524353027,0.6468916535377502,-0.9944395422935486,-0.3613964915275574,0.0,-48.334224700927734,28.338462829589844,56.029150921496374,95926349,1720698301
5.0,0,6.205865383148193,2.9257590770721436,8.317583084106445,0.6420979499816895,-0.9952384829521179,-0.3696523904800415,-0.34907662868499756,-49.7352180480957,28.338462829589844,57.24318513437529,108926349,1720698301
5.0,0,6.543453216552734,2.6743643283843994,7.532273769378662,0.6247870922088623,-1.000831127166748,-0.3840336799621582,-0.6981532573699951,-50.43571472167969,30.02527618408203,58.70064690774572,120926349,1720698301
5.0,0,5.104515552520752,4.156397342681885,7.893803596496582,0.6442285180091858,-0.9824550747871399,-0.4026761054992676,-0.5236149430274963,-49.910343170166016,29.51923179626465,57.98880559050946,133926349,1720698301
5.0,0,19.235309600830078,6.849915504455566,10.616052627563477,0.5898991823196411,-0.9773949980735779,-0.3946864902973175,0.34907662868499756,-50.43571472167969,31.037363052368164,59.221626786368,145926349,1720698301
5.0,0,-7.798034191131592,13.38139820098877,10.520282745361328,0.24634616076946259,-0.42930811643600464,-0.12250728160142899,-1.9199213981628418,-50.260589599609375,31.543407440185547,59.37002204827819,158926349,1720698301
5.0,0,21.16506576538086,-2.4564883708953857,4.02232027053833,0.19734324514865875,-0.329171746969223,-0.1526014655828476,-0.34907662868499756,-52.537200927734375,30.700000762939453,60.85038523015537,170926349,1720698301
5.0,0,5.2002854347229,-1.5131585597991943,4.956072807312012,-0.04607338830828667,-0.18988628685474396,-0.03648586571216583,-1.2217681407928467,-51.31133270263672,32.21813201904297,60.59994729293925,183926349,1720698301
5.0,0,2.968855381011963,8.051822662353516,9.600895881652832,0.10466382652521133,0.005592723377048969,-0.056459877640008926,0.17453831434249878,-50.610836029052734,31.543407440185547,59.63617811463431,195926349,1720698301
5.0,0,3.4117894172668457,2.703094959259033,9.136412620544434,-0.040746983140707016,0.0681779608130455,0.026632016524672508,-1.0472298860549927,-51.48645782470703,31.374725341796875,60.301952041727255,208926349,1720698301
5.0,0,7.125253200531006,4.980015754699707,9.201057434082031,-0.03195841982960701,0.07670021057128906,0.026099376380443573,-0.5236149430274963,-50.610836029052734,31.880769729614258,59.81734175572259,220926349,1720698301
5.0,0,5.88982629776001,3.454885721206665,7.8842267990112305,-0.06950956583023071,0.06471580266952515,0.04234490543603897,-0.8726915717124939,-50.610836029052734,32.55549621582031,60.18370749627586,233926349,1720698301
5.0,0,3.124480962753296,5.082967758178711,8.39659309387207,0.01651185005903244,0.16937962174415588,0.014114969410002232,0.17453831434249878,-52.0118293762207,31.206045150756836,60.65540464488999,245926349,1720698301
5.0,0,39.22600173950195,-4.762139797210693,17.69102668762207,0.14807401597499847,0.5270476341247559,-0.019175052642822266,-0.8726915717124939,-51.31133270263672,30.868682861328125,59.887311142622416,258926349,1720698301
5.0,0,-5.645613670349121,13.589695930480957,22.850608825683594,0.12596943974494934,1.2828642129898071,0.5147969126701355,-1.0472298860549927,-51.48645782470703,31.71208953857422,60.478166743645026,270926349,1720698301
5.0,0,25.01739501953125,4.297657489776611,15.110036849975586,0.29108792543411255,1.835212230682373,0.7116075158119202,-1.0472298860549927,-51.48645782470703,31.71208953857422,60.478166743645026,283926349,1720698301
5.0,0,21.318296432495117,3.9121851921081543,20.128360748291016,-0.021039292216300964,1.6847413778305054,0.8173365592956543,2.0944597721099854,-51.83670425415039,31.374725341796875,60.6284096768374,295926349,1720698301
5.0,0,-9.050220489501953,15.861827850341797,16.244905471801758,0.27857089042663574,2.9194016456604004,1.0098860263824463,-0.17453831434249878,-50.610836029052734,31.543407440185547,59.63617811463431,308926349,1720698301
5.0,0,39.22600173950195,-3.122086763381958,12.617635726928711,-0.08016236871480942,2.309528350830078,0.9973690509796143,-0.17453831434249878,-50.610836029052734,31.543407440185547,59.63617811463431,320926349,1720698301
5.0,0,-27.1027774810791,19.129962921142578,15.883376121520996,0.29295217990875244,3.5814735889434814,1.2306655645370483,2.268998146057129,-51.31133270263672,30.53131866455078,59.750837949804804,333926349,1720698301
5.0,0,39.22600173950195,-7.80042839050293,9.737366676330566,0.028496257960796356,3.1798627376556396,1.2410519123077393,0.5236149430274963,-47.80885314941406,29.85659408569336,56.36822529110403,345926349,1720698301
5.0,0,-15.392558097839355,17.925661087036133,13.620821952819824,0.13901913166046143,4.0717692375183105,1.4178885221481323,2.4435362815856934,-49.38496780395508,30.700000762939453,58.200824404827706,358926349,1720698301
5.0,0,-21.49786376953125,10.996736526489258,2.0997469425201416,-0.16272161900997162,3.7133021354675293,1.5960568189620972,1.7453831434249878,-49.38496780395508,29.687911987304688,57.64801406363433,370926349,1720698301
5.0,0,11.913729667663574,-2.554651975631714,-15.754088401794434,-0.18855468928813934,3.093308687210083,1.1441113948822021,2.618074655532837,-46.057613372802734,28.844507217407227,54.407386089717434,383926349,1720698301
5.0,0,-14.221776008605957,4.498773574829102,-2.6767585277557373,0.12410520017147064,2.6275148391723633,0.7358426451683044,4.712534427642822,-47.80885314941406,28.844507217407227,56.03481075910773,395926349,1720698301
5.0,0,-7.8267645835876465,9.715819358825684,9.756521224975586,0.19228315353393555,3.1335232257843018,0.8524908423423767,4.712534427642822,-47.80885314941406,28.844507217407227,56.03481075910773,408926349,1720698301
5.0,0,23.686199188232422,5.410978317260742,13.637580871582031,0.08682037144899368,2.9614803791046143,0.8405064940452576,6.981532573699951,-48.334224700927734,29.013187408447266,56.80408539986441,420926349,1720698301
5.0,0,10.340715408325195,11.07095718383789,17.549766540527344,-0.11771351844072342,3.0400447845458984,0.9752644896507263,7.330609321594238,-47.28348159790039,28.675825119018555,55.783226971029244,433926349,1720698301
5.0,0,-0.07661562412977219,10.735764503479004,10.091714859008789,-0.22876903414726257,3.250704050064087,0.999765932559967,7.330609321594238,-47.28348159790039,28.675825119018555,55.783226971029244,445926349,1720698301
5.0,0,6.787665367126465,4.948890209197998,4.924948215484619,-0.2844299376010895,3.1614866256713867,0.981922447681427,8.203300476074219,-46.75811004638672,27.83241844177246,55.029614846268785,458926349,1720698301
5.0,0,0.8738968968391418,2.8539319038391113,5.188313961029053,-0.28176674246788025,3.1202070713043213,0.9225330352783203,8.901453971862793,-46.75811004638672,27.49505615234375,54.968489616722586,470926349,1720698301
5.0,0,-4.824389934539795,2.5115559101104736,5.980806827545166,-0.2314322292804718,3.194244146347046,0.8556867241859436,8.901453971862793,-46.75811004638672,27.49505615234375,54.968489616722586,483926349,1720698301
5.0,0,4.4772257804870605,6.897800445556641,8.619257926940918,-0.254069447517395,3.1060922145843506,0.8050858974456787,11.694067001342773,-45.707366943359375,25.133516311645508,53.45660144560769,496926349,1720698301
5.0,0,-1.1564171314239502,6.763723373413086,10.15635871887207,-0.2902889847755432,3.0983688831329346,0.7824486494064331,12.741296768188477,-44.306373596191406,26.482967376708984,53.1671227889583,508926349,1720698301
5.0,0,1.0079742670059204,3.8259928226470947,8.054217338562012,-0.36059749126434326,3.161752939224243,0.7536861300468445,13.090373992919922,-42.90538024902344,27.49505615234375,52.61375921190521,521926349,1720698301
5.0,0,3.794867515563965,4.106118679046631,7.810005187988281,-0.391490638256073,3.1172776222229004,0.717732846736908,13.43945026397705,-43.25563049316406,26.145605087280273,52.29972330843705,533926349,1720698301
5.0,0,-0.49560731649398804,5.506748199462891,7.936899662017822,-0.3901590406894684,3.1566929817199707,0.6966935992240906,16.057525634765625,-44.48149871826172,25.30219841003418,53.63440222576001,546926349,1720698301
5.0,0,2.274526357650757,6.787665367126465,8.248150825500488,-0.41066569089889526,3.1375179290771484,0.6223902702331543,16.406600952148438,-43.781002044677734,25.63956069946289,53.32297598315904,558926349,1720698301
5.0,0,-5.176342964172363,3.9361279010772705,6.34712553024292,-0.47058776021003723,3.1487033367156982,0.5877686142921448,16.406600952148438,-43.781002044677734,25.63956069946289,53.32297598315904,571926349,1720698301
5.0,0,-0.39265507459640503,4.0917534828186035,8.159564018249512,-0.47271832823753357,3.1250009536743164,0.5371677875518799,18.501060485839844,-43.781002044677734,23.27802276611328,52.923829444178246,583926349,1720698301
5.0,0,-5.892220497131348,5.695892810821533,7.49157190322876,-0.4578043818473816,3.1433770656585693,0.5022798180580139,19.37375259399414,-40.80389404296875,24.121429443359375,51.20686884622101,596926349,1720698301
5.0,0,-2.044679641723633,10.429301261901855,8.485180854797363,-0.48124057054519653,3.1335232257843018,0.4785773456096649,21.29367446899414,-43.781002044677734,24.627473831176758,54.55922634837177,608926349,1720698301
5.0,0,-3.641636371612549,5.382247447967529,7.48438835144043,-0.5446247458457947,3.093308687210083,0.39175698161125183,22.166366577148438,-41.15414047241211,23.446704864501953,52.29492379054215,621926349,1720698301
5.0,0,-4.994380950927734,3.5530495643615723,6.655982494354248,-0.546755313873291,3.1196744441986084,0.4096004366874695,23.9117488861084,-42.55513381958008,23.10934066772461,54.00696969180575,633926349,1720698301
5.0,0,-3.0574424266815186,5.401401519775391,7.247358798980713,-0.5451573729515076,3.037914276123047,0.37817463278770447,27.053438186645508,-41.15414047241211,24.121429443359375,54.83972241115597,646926349,1720698301
5.0,0,-5.516324996948242,5.296054840087891,7.199474334716797,-0.5741863250732422,3.0815908908843994,0.317719966173172,27.57705307006836,-39.578025817871094,22.60329818725586,53.271221805130786,658926349,1720698301
5.0,0,-8.65995979309082,9.035855293273926,6.986386775970459,-0.5875023007392883,3.037914276123047,0.24634616076946259,27.7515926361084,-41.854637145996094,23.10934066772461,55.281128521046426,671926349,1720698301
5.0,0,-6.474020004272461,5.360699653625488,7.302426815032959,-0.6218576431274414,3.0150108337402344,0.21172453463077545,28.449745178222656,-39.05265426635742,23.446704864501953,53.70517456406326,683926349,1720698301
5.0,0,-2.8754801750183105,3.6536076068878174,7.2186279296875,-0.612003743648529,2.993971586227417,0.1526014655828476,29.846052169799805,-40.103397369384766,24.121429443359375,55.505969670659326,696926349,1720698301
5.0,0,-5.6360368728637695,4.280898094177246,6.65358829498291,-0.6351736187934875,2.9841175079345703,0.09960374981164932,31.765974044799805,-40.62876892089844,24.627473831176758,57.15143426326196,708926349,1720698301
5.0,0,0.1987217664718628,4.2449846267700195,6.222624778747559,-0.653283417224884,2.976128101348877,0.02689833752810955,32.46412658691406,-38.177032470703125,25.30219841003418,56.139171419794195,721926349,1720698301
5.0,0,-5.030294418334961,5.286478042602539,5.810816287994385,-0.6522180438041687,2.964942455291748,0.012783369049429893,34.209510803222656,-37.47653579711914,23.952747344970703,56.11163399973807,733926349,1720698301
5.0,0,-7.584946632385254,6.275298595428467,5.552238464355469,-0.6516854166984558,2.9889111518859863,-0.045008108019828796,36.30397033691406,-36.776039123535156,25.30219841003418,57.53830515595729,746926349,1720698301
5.0,0,-5.6360368728637695,6.608097076416016,5.794056415557861,-0.6311788558959961,2.9473652839660645,-0.07164012640714645,37.00212097167969,-35.37504959106445,24.627473831176758,56.807249161338405,758926349,1720698301
5.0,0,-8.070977210998535,5.367882251739502,5.240987777709961,-0.6351736187934875,2.9652087688446045,-0.1294316053390503,37.874813079833984,-36.95116424560547,24.796154022216797,58.43577037424572,771926349,1720698301
5.0,0,-4.570600986480713,3.943310499191284,5.152400493621826,-0.680448055267334,2.9223310947418213,-0.17177650332450867,40.492889404296875,-35.02479934692383,27.66373634338379,60.26352935297722,783926349,1720698301
5.0,0,-4.872274875640869,-0.8619257807731628,3.6536076068878174,-0.6825785636901855,2.9116785526275635,-0.23995447158813477,41.88919448852539,-34.67455291748047,26.989011764526367,60.707791847096544,796926349,1720698301
5.0,0,-6.988780975341797,4.517927646636963,4.438917636871338,-0.636771559715271,2.9079501628875732,-0.2119908481836319,41.714656829833984,-34.499427795410156,27.15769386291504,60.562888377234344,808926349,1720698301
5.0,0,-7.6519856452941895,3.203490734100342,3.684732437133789,-0.6412989497184753,2.8831820487976074,-0.2671191394329071,43.9836540222168,-35.02479934692383,29.350549697875977,63.42517763479919,821926349,1720698301
5.0,0,-1.611322283744812,1.7908902168273926,3.8499350547790527,-0.6378368139266968,2.8509573936462402,-0.3310359716415405,46.42719268798828,-33.974056243896484,30.02527618408203,64.89405156469611,833926349,1720698301
5.0,0,-7.142012596130371,3.06701922416687,3.3734817504882812,-0.6274503469467163,2.8349781036376953,-0.3526079058647156,45.9035758972168,-32.39794158935547,29.85659408569336,63.62531815069133,846926349,1720698301
5.0,0,-7.340734481811523,2.166785478591919,3.0813846588134766,-0.6024162173271179,2.888775110244751,-0.4490158259868622,45.72903823852539,-33.974056243896484,30.700000762939453,64.71376579004225,858926349,1720698301
5.0,0,-3.351933479309082,-7.764514923095703,-5.2002854347229,-0.7515555024147034,2.4970178604125977,-0.6823122501373291,47.64896011352539,-32.39794158935547,32.21813201904297,66.01558944616116,871926349,1720698301
5.0,0,-26.173812866210938,-9.354289054870605,-29.437158584594727,-0.5411626100540161,1.7726269960403442,-0.4660603106021881,51.48880386352539,-33.44868469238281,33.230220794677734,69.8151774688718,883926349,1720698301
5.0,0,20.011043548583984,-39.22719955444336,-26.758007049560547,-0.25060728192329407,1.1366544961929321,-0.39628443121910095,49.394344329833984,-30.29645347595215,32.55549621582031,66.46455204733593,896926349,1720698301
5.0,0,-9.761309623718262,0.24660654366016388,-6.864280700683594,0.1219746395945549,0.33503079414367676,0.08921726047992706,50.26703643798828,-32.222816467285156,32.38681411743164,67.92636146607188,908926349,1720698301
5.0,0,6.893012046813965,-25.754819869995117,-10.091714859008789,0.0969405472278595,0.08575509488582611,0.07536860555410385,49.7434196472168,-30.29645347595215,31.880769729614258,66.39778889369988,921926349,1720698301
5.0,0,-8.966422080993652,-0.22984686493873596,-4.194705486297607,0.11238711327314377,-0.7142707109451294,0.27164655923843384,49.045265197753906,-29.595956802368164,32.21813201904297,65.7218892619661,933926349,1720698301
5.0,0,-5.387036323547363,-10.082138061523438,-1.9800350666046143,0.31558942794799805,-0.6082752346992493,0.38190311193466187,49.045265197753906,-29.595956802368164,32.21813201904297,65.7218892619661,946926349,1720698301
5.0,0,-24.648683547973633,18.983915328979492,19.84105110168457,0.2932184934616089,-0.5542122721672058,0.3651249408721924,49.21980285644531,-29.420833587646484,32.0494499206543,65.69126032004453,959926349,1720698301
5.0,0,-7.52509069442749,15.256085395812988,23.327062606811523,0.006924324203282595,-0.3028060495853424,-0.06844428181648254,49.21980285644531,-32.222816467285156,32.724178314208984,67.31842794251683,971926349,1720698301
5.0,0,-13.76208209991455,12.155548095703125,13.201828956604004,-0.1920168399810791,-0.14088337123394012,-0.20346862077713013,48.8707275390625,-31.172073364257812,31.71208953857422,66.07346510458265,984926349,1720698301
5.0,0,-3.3926355838775635,-5.655190944671631,2.264949321746826,-0.2546020746231079,0.02982785925269127,-0.22317631542682648,48.696189880371094,-31.697444915771484,32.89285659790039,66.76815811615266,996926349,1720698301
5.0,0,-7.968024730682373,0.7829159498214722,0.2729431688785553,-0.06231892108917236,0.016245530918240547,-0.07803180813789368,49.7434196472168,-31.347196578979492,31.206045150756836,66.5647938891977,9926349,1720698302
5.0,0,-4.64961051940918,-3.641636371612549,-1.9034193754196167,0.013049688190221786,-0.038616426289081573,-0.014114969410002232,48.696189880371094,-31.697444915771484,31.543407440185547,66.11379187424569,21926349,1720698302
5.0,0,-8.209842681884766,0.8284064531326294,4.577783584594727,0.10439750552177429,-0.0394153855741024,0.09640790522098541,48.696189880371094,-31.697444915771484,31.543407440185547,66.11379187424569,34926349,1720698302
5.0,0,-8.14998722076416,3.090961456298828,7.541850566864014,0.0876193419098854,-0.0197076927870512,0.06871060281991959,48.34711456298828,-32.74818801879883,33.230220794677734,67.18731189104342,46926349,1720698302
5.0,0,-11.102083206176758,6.201076984405518,11.137995719909668,-0.015712888911366463,-0.00825592502951622,0.0431438684463501,49.7434196472168,-31.347196578979492,32.21813201904297,67.04522773737725,59926349,1720698302
5.0,0,-10.671119689941406,2.3918440341949463,6.220230579376221,-0.0537966750562191,0.04101330414414406,-0.06844428181648254,49.7434196472168,-31.347196578979492,32.21813201904297,67.04522773737725,71926349,1720698302
5.0,0,-7.527484893798828,0.14604853093624115,1.6041396856307983,-0.0700422003865242,0.006658004131168127,-0.06391683965921402,50.09249496459961,-31.347196578979492,30.53131866455078,66.51365427140482,84926349,1720698302
5.0,0,-7.290455341339111,0.5195496678352356,2.2290358543395996,0.023968815803527832,-0.008522245101630688,-0.004527443088591099,48.52165222167969,-31.172073364257812,31.037363052368164,65.49325764834738,96926349,1720698302
5.0,0,-7.103704452514648,0.46687644720077515,4.23540735244751,0.0412796251475811,-0.056193556636571884,0.052997712045907974,48.52165222167969,-31.172073364257812,31.037363052368164,65.49325764834738,109926349,1720698302
5.0,0,-8.521093368530273,2.8012585639953613,7.886620998382568,0.03089314140379429,-0.0143812894821167,0.021305613219738007,47.474422454833984,-31.522321701049805,32.38681411743164,65.54680222193596,121926349,1720698302
5.0,0,-9.078951835632324,3.4668569564819336,6.684712886810303,0.006125363986939192,0.005859043914824724,0.021039292216300964,48.8707275390625,-31.172073364257812,31.037363052368164,65.75229329284616,134926349,1720698302
5.0,0,-9.035855293273926,2.2505838871002197,5.322391510009766,-0.03488794341683388,0.003994802478700876,-0.013049688190221786,50.616111755371094,-29.070585250854492,31.037363052368164,66.10905839069198,146926349,1720698302
5.0,0,-9.823558807373047,1.3072539567947388,4.259349822998047,-0.016778171062469482,0.010120166465640068,-0.028229938820004463,49.394344329833984,-32.047691345214844,31.880769729614258,66.95699553358894,159926349,1720698302
5.0,0,-7.57776403427124,0.2561835050582886,3.2465872764587402,-0.005060083232820034,-0.015446570701897144,-0.015979209914803505,49.21980285644531,-31.522321701049805,33.06153869628906,67.15140430116139,171926349,1720698302
5.0,0,-7.290455341339111,1.3599272966384888,5.078179359436035,0.030360499396920204,-0.01145176775753498,0.006391684524714947,50.26703643798828,-31.522321701049805,33.06153869628906,67.92272858659858,184926349,1720698302
5.0,0,-8.770094871520996,2.2769205570220947,6.2824811935424805,0.023436175659298897,-0.007723285350948572,0.022104574367403984,50.26703643798828,-31.522321701049805,33.06153869628906,67.92272858659858,196926349,1720698302
5.0,0,-9.215423583984375,2.4109978675842285,5.968835830688477,-0.006391684524714947,0.000532640318851918,0.000266320159425959,48.17257308959961,-32.57306671142578,32.0494499206543,66.3985595723005,209926349,1720698302
5.0,0,-8.973605155944824,2.0710160732269287,4.9919867515563965,-0.006125363986939192,-0.001065280637703836,-0.004793763160705566,49.394344329833984,-29.946205139160156,32.55549621582031,66.30563164520157,221926349,1720698302
5.0,0,-8.717421531677246,1.534706711769104,4.769322395324707,-0.006924324203282595,-0.002663201652467251,-0.012250727973878384,49.394344329833984,-29.946205139160156,32.55549621582031,66.30563164520157,234926349,1720698302
5.0,0,-8.248150825500488,1.3814754486083984,5.023111820220947,0.0007989605655893683,-0.004527443088591099,-0.005060083232820034,49.21980285644531,-31.872568130493164,32.0494499206543,66.82527091360572,246926349,1720698302
5.0,0,-8.300824165344238,1.5227354764938354,5.035082817077637,0.0037284824065864086,-0.006658004131168127,0.002130561275407672,49.045265197753906,-30.646699905395508,30.868682861328125,65.55557821423461,259926349,1720698302
5.0,0,-8.645594596862793,1.8914482593536377,5.1236701011657715,0.0,-0.0034621621016412973,0.003994802478700876,49.7434196472168,-30.29645347595215,32.21813201904297,66.56043060419704,271433870,1720698302
5.0,0,-8.7677001953125,2.094958543777466,5.449285984039307,0.002929521957412362,-0.0037284824065864086,0.0,52.01241683959961,-31.172073364257812,30.700000762939453,67.9667544477991,284433870,1720698302
5.0,0,-8.626440048217773,1.795678734779358,5.334362506866455,-0.004261122550815344,-0.0007989605655893683,-0.0098538463935256,49.045265197753906,-32.047691345214844,31.206045150756836,66.38004077150934,296433870,1720698302
5.0,0,-8.279275894165039,1.5083701610565186,4.970438480377197,-0.009587526321411133,0.002130561275407672,-0.002130561275407672,49.9179573059082,-31.522321701049805,32.38681411743164,67.3376934242332,309433870,1720698302
5.0,0,-8.50193977355957,1.5083701610565186,4.90339994430542,-0.002396881580352783,0.000266320159425959,0.0013316008262336254,48.52165222167969,-32.222816467285156,32.724178314208984,66.80967356413383,321433870,1720698302
5.0,0,-8.762911796569824,1.716668725013733,5.013535022735596,0.0,-0.0037284824065864086,0.0034621621016412973,49.045265197753906,-29.946205139160156,31.543407440185547,65.55303039137264,334433870,1720698302
5.0,0,-8.726998329162598,1.9369386434555054,5.322391510009766,-0.0013316008262336254,-0.0013316008262336254,-0.000266320159425959,50.26703643798828,-33.2735595703125,32.38681411743164,68.4310634683858,346433870,1720698302
5.0,0,-8.602498054504395,1.769342064857483,5.346334457397461,-0.0015979211311787367,0.0,-0.004261122550815344,49.56888198852539,-32.92331314086914,31.037363052368164,67.11435401617594,359433870,1720698302
5.0,0,-8.638411521911621,1.652024269104004,5.14761209487915,-0.00719064474105835,0.0015979211311787367,-0.002929521957412362,49.394344329833984,-30.646699905395508,31.543407440185547,66.13628368606089,371433870,1720698302
5.0,0,-8.52348804473877,1.5778030157089233,4.841149806976318,-0.006391684524714947,-0.001065280637703836,0.0013316008262336254,49.21980285644531,-29.771080017089844,31.71208953857422,65.68533185966146,384433870,1720698302
5.0,0,-8.600103378295898,1.6352647542953491,4.94649600982666,-0.001065280637703836,-0.006391684524714947,0.000266320159425959,48.17257308959961,-31.522321701049805,32.0494499206543,65.88945897269016,396433870,1720698302
5.0,0,-8.643199920654297,1.8363807201385498,5.286478042602539,0.0015979211311787367,-0.004793763160705566,0.0013316008262336254,49.56888198852539,-31.522321701049805,32.38681411743164,67.07933031637914,409433870,1720698302
5.0,0,-8.57376766204834,1.8124382495880127,5.339150905609131,-0.002396881580352783,-0.003994802478700876,-0.002396881580352783,50.44157409667969,-30.9969482421875,32.89285659790039,67.72815672118736,421433870,1720698302
5.0,0,-8.516304969787598,1.6424474716186523,5.1236701011657715,-0.006125363986939192,-0.0037284824065864086,-0.005859043914824724,48.8707275390625,-30.82182502746582,33.398902893066406,66.73694346223446,434433870,1720698302
5.0,0,-8.485180854797363,1.599351167678833,4.968044281005859,0.0,-0.0031958422623574734,-0.001065280637703836,48.696189880371094,-31.697444915771484,33.230220794677734,66.93500203269255,446433870,1720698302
5.0,0,-8.762911796569824,1.628082036972046,5.097332954406738,0.000532640318851918,-0.0007989605655893683,-0.000266320159425959,49.7434196472168,-31.697444915771484,32.55549621582031,67.37207245027996,459433870,1720698302
5.0,0,-8.559401512145996,1.9345444440841675,5.291266441345215,0.0037284824065864086,-0.004261122550815344,-0.0018642412032932043,48.52165222167969,-31.172073364257812,30.02527618408203,65.01973625045481,471433870,1720698302
5.0,0,-8.52348804473877,1.7238515615463257,5.240987777709961,-0.005060083232820034,-0.0013316008262336254,-0.0007989605655893683,48.8707275390625,-30.471576690673828,31.374725341796875,65.58382717168989,484433870,1720698302
5.0,0,-8.602498054504395,1.6089280843734741,5.10690975189209,-0.004261122550815344,-0.000532640318851918,-0.0007989605655893683,50.26703643798828,-30.82182502746582,31.037363052368164,66.6339084515254,497433870,1720698302
5.0,0,-8.506728172302246,1.6424474716186523,4.94649600982666,-0.002663201652467251,0.001065280637703836,-0.000532640318851918,49.7434196472168,-31.347196578979492,31.543407440185547,66.7236171418925,509433870,1720698302
5.0,0,-8.715027809143066,1.716668725013733,5.099727153778076,0.000266320159425959,-0.0015979211311787367,-0.0013316008262336254,48.52165222167969,-31.172073364257812,31.71208953857422,65.81569353164072,522433870,1720698302
5.0,0,-8.647988319396973,1.8172268867492676,5.300843238830566,0.0015979211311787367,0.0,-0.0007989605655893683,50.7906494140625,-32.047691345214844,32.55549621582031,68.31255318254952,534433870,1720698302
5.0,0,-8.52348804473877,1.7813133001327515,5.183525562286377,-0.006658004131168127,-0.001065280637703836,-0.0013316008262336254,50.44157409667969,-31.347196578979492,31.206045150756836,67.08812402104478,547433870,1720698302
5.0,0,-8.571372985839844,1.7094860076904297,5.109303951263428,-0.004793763160705566,0.0015979211311787367,-0.0031958422623574734,50.44157409667969,-32.047691345214844,32.21813201904297,67.89267227547806,559433870,1720698302
5.0,0,-8.626440048217773,1.5945625305175781,4.956072807312012,-0.0013316008262336254,-0.0007989605655893683,-0.0034621621016412973,49.9179573059082,-31.522321701049805,32.21813201904297,67.25672648750779,572433870,1720698302
5.0,0,-8.695873260498047,1.675966739654541,5.111698150634766,-0.002663201652467251,-0.001065280637703836,0.0018642412032932043,49.9179573059082,-31.522321701049805,32.38681411743164,67.3376934242332,584433870,1720698302
5.0,0,-8.60728645324707,1.7549766302108765,5.2505645751953125,-0.002663201652467251,-0.002130561275407672,0.008522245101630688,47.8234977722168,-30.471576690673828,33.398902893066406,65.81102217444523,597433870,1720698302
5.0,0,-8.52348804473877,1.8100440502166748,5.233805179595947,-0.0007989605655893683,0.003994802478700876,-0.0018642412032932043,49.045265197753906,-31.697444915771484,30.868682861328125,66.05332417145735,609433870,1720698302
5.0,0,-8.624046325683594,1.702303409576416,5.133246898651123,-0.004261122550815344,-0.002929521957412362,-0.005326403304934502,49.7434196472168,-31.347196578979492,31.543407440185547,66.7236171418925,622433870,1720698302
5.0,0,-8.62883472442627,1.652024269104004,5.015929222106934,-0.0018642412032932043,-0.000532640318851918,-0.001065280637703836,49.7434196472168,-30.9969482421875,31.543407440185547,66.5597862937188,634433870,1720698302
5.0,0,-8.5570068359375,1.6424474716186523,5.059025287628174,-0.0018642412032932043,-0.0007989605655893683,-0.000266320159425959,49.045265197753906,-31.347196578979492,32.21813201904297,66.52888697758047,647433870,1720698302
5.0,0,-8.518699645996094,1.74061119556427,5.279295444488525,-0.002396881580352783,-0.0013316008262336254,-0.000266320159425959,49.045265197753906,-31.347196578979492,32.21813201904297,66.52888697758047,659433870,1720698302
5.0,0,-8.485180854797363,1.8483519554138184,5.229015827178955,-0.002663201652467251,0.0007989605655893683,-0.004261122550815344,49.394344329833984,-32.047691345214844,32.55549621582031,67.28087474305497,672433870,1720698302
5.0,0,-8.755729675292969,1.7286399602890015,5.164371967315674,-0.005592723377048969,-0.0031958422623574734,-0.002929521957412362,50.09249496459961,-30.9969482421875,31.543407440185547,66.82107006809186,684433870,1720698302
5.0,0,-8.595314979553223,1.6831494569778442,5.003958225250244,-0.005326403304934502,0.000532640318851918,-0.002663201652467251,50.09249496459961,-30.9969482421875,31.543407440185547,66.82107006809186,697433870,1720698302
5.0,0,-8.602498054504395,1.6568129062652588,5.159583568572998,-0.005060083232820034,-0.002396881580352783,0.0013316008262336254,49.394344329833984,-30.646699905395508,33.230220794677734,66.95721798976273,709433870,1720698302
5.0,0,-8.540247917175293,1.7501882314682007,5.1715545654296875,-0.002130561275407672,0.0013316008262336254,-0.000532640318851918,50.09249496459961,-30.9969482421875,31.880769729614258,66.98098484390907,722433870,1720698302
5.0,0,-8.52348804473877,1.769342064857483,5.150006294250488,-0.005060083232820034,-0.002663201652467251,-0.000532640318851918,50.09249496459961,-31.697444915771484,32.89285659790039,67.79325985034828,734433870,1720698302
5.0,0,-8.703056335449219,1.675966739654541,5.150006294250488,-0.003994802478700876,0.0007989605655893683,-0.0007989605655893683,48.17257308959961,-31.872568130493164,32.0494499206543,66.0577371510883,747433870,1720698302
5.0,0,-8.633623123168945,1.6879379749298096,5.042265892028809,-0.005060083232820034,-0.003994802478700876,0.0007989605655893683,49.21980285644531,-30.471576690673828,32.0494499206543,66.16852136370804,759433870,1720698302
5.0,0,-8.588132858276367,1.6903321743011475,5.154795169830322,-0.004793763160705566,0.0,-0.002396881580352783,48.17257308959961,-31.872568130493164,31.037363052368164,65.57267191864499,772433870,1720698302
5.0,0,-8.506728172302246,1.731034278869629,5.188313961029053,-0.002130561275407672,-0.0007989605655893683,-0.002663201652467251,48.8707275390625,-30.82182502746582,32.724178314208984,66.40184300575659,784433870,1720698302
5.0,0,-8.535459518432617,1.716668725013733,5.126064300537109,-0.002130561275407672,-0.004793763160705566,-0.0018642412032932043,50.26703643798828,-32.222816467285156,32.38681411743164,67.92636146607188,797433870,1720698302
5.0,0,-8.633623123168945,1.71906316280365,5.085361957550049,-0.006125363986939192,-0.0037284824065864086,0.0,49.7434196472168,-32.39794158935547,32.55549621582031,67.70446625802978,809433870,1720698302
5.0,0,-8.585738182067871,1.6831494569778442,5.030294418334961,-0.0015979211311787367,-0.000532640318851918,-0.004527443088591099,49.7434196472168,-32.39794158935547,32.55549621582031,67.70446625802978,822433870,1720698302
5.0,0,-8.60489273071289,1.6807552576065063,5.085361957550049,-0.002663201652467251,-0.0018642412032932043,-0.0013316008262336254,48.8707275390625,-31.522321701049805,32.724178314208984,66.72987803047374,834433870,1720698302
5.0,0,-8.609681129455566,1.704697608947754,5.224227428436279,-0.0007989605655893683,-0.002663201652467251,0.0015979211311787367,49.56888198852539,-30.82182502746582,32.724178314208984,66.91734308799342,847433870,1720698302
5.0,0,-8.580949783325195,1.757370948791504,5.130852699279785,-0.001065280637703836,-0.003994802478700876,0.000532640318851918,49.56888198852539,-30.82182502746582,32.724178314208984,66.91734308799342,859433870,1720698302
5.0,0,-8.614469528198242,1.7453995943069458,5.128458499908447,-0.003994802478700876,0.001065280637703836,0.000266320159425959,48.34711456298828,-32.39794158935547,31.880769729614258,66.35852307237323,872433870,1720698302
5.0,0,-8.578556060791016,1.6831494569778442,5.0949387550354,-0.002396881580352783,-0.005060083232820034,-0.004261122550815344,49.21980285644531,-29.771080017089844,32.38681411743164,66.0137252947323,884433870,1720698302
5.0,0,-8.559401512145996,1.6711782217025757,5.154795169830322,-0.006924324203282595,-0.0037284824065864086,-0.0015979211311787367,49.9179573059082,-31.522321701049805,32.38681411743164,67.3376934242332,897433870,1720698302
5.0,0,-8.671930313110352,1.6568129062652588,5.128458499908447,-0.000532640318851918,-0.002396881580352783,0.000532640318851918,48.696189880371094,-31.347196578979492,30.868682861328125,65.62652835416172,909433870,1720698302
5.0,0,-8.705450057983398,1.743005394935608,5.085361957550049,-0.004527443088591099,-0.000266320159425959,-0.002663201652467251,48.17257308959961,-31.172073364257812,32.724178314208984,66.05427164263969,922433870,1720698302
5.0,0,-8.679113388061523,1.7118803262710571,5.097332954406738,-0.002130561275407672,0.0015979211311787367,-0.002130561275407672,48.34711456298828,-30.9969482421875,32.89285659790039,66.18303636178688,934433870,1720698302
5.0,0,-8.52348804473877,1.7238515615463257,5.15718936920166,-0.005859043914824724,-0.001065280637703836,-0.0015979211311787367,48.34711456298828,-30.9969482421875,32.89285659790039,66.18303636178688,947433870,1720698302
5.0,0,-8.52348804473877,1.702303409576416,5.178737163543701,-0.001065280637703836,0.0007989605655893683,-0.000532640318851918,49.7434196472168,-31.697444915771484,32.21813201904297,67.2097005140178,959433870,1720698302
5.0,0,-8.595314979553223,1.7501882314682007,5.138035297393799,-0.0031958422623574734,-0.001065280637703836,-0.0037284824065864086,50.09249496459961,-30.29645347595215,31.206045150756836,66.33965932193234,972433870,1720698302
5.0,0,-8.571372985839844,1.743005394935608,5.075784683227539,-0.0015979211311787367,0.0031958422623574734,-0.002929521957412362,50.965187072753906,-31.172073364257812,31.374725341796875,67.4797883922339,984433870,1720698302
5.0,0,-8.68150806427002,1.704697608947754,5.188313961029053,-0.004793763160705566,0.0007989605655893683,-0.005326403304934502,49.045265197753906,-30.9969482421875,32.55549621582031,66.52901000695225,997433870,1720698302
5.0,0,-8.621651649475098,1.7286399602890015,5.14761209487915,-0.001065280637703836,0.000266320159425959,-0.0018642412032932043,50.09249496459961,-31.697444915771484,32.55549621582031,67.63021809683224,9433870,1720698303
5.0,0,-8.482786178588867,1.74061119556427,5.202679634094238,-0.002130561275407672,0.0013316008262336254,0.002396881580352783,49.045265197753906,-32.047691345214844,31.880769729614258,66.69989533296778,22433870,1720698303
5.0,0,-8.537853240966797,1.6831494569778442,5.183525562286377,-0.002396881580352783,-0.001065280637703836,-0.0013316008262336254,49.7434196472168,-31.697444915771484,32.55549621582031,67.37207245027996,35433870,1720698303
5.0,0,-8.717421531677246,2.0973527431488037,5.056631088256836,-0.004527443088591099,-0.002663201652467251,0.000532640318851918,49.7434196472168,-30.29645347595215,31.880769729614258,66.39778889369988,47433870,1720698303
5.0,0,-9.881021499633789,-5.4037957191467285,-9.354289054870605,-0.019441373646259308,-0.9877814650535583,0.19787588715553284,49.7434196472168,-29.946205139160156,32.21813201904297,66.40173967022444,60433870,1720698303
5.0,0,-29.836997985839844,-3.1053268909454346,-16.78839874267578,0.19175052642822266,-1.2298665046691895,0.025300417095422745,48.17257308959961,-32.92331314086914,32.38681411743164,66.73415223797791,72433870,1720698303
5.0,0,9.150778770446777,4.268926620483398,-3.433337450027466,0.43996092677116394,-2.357466220855713,0.16405321657657623,47.474422454833984,-29.771080017089844,31.374725341796875,64.22235890308922,85433870,1720698303
5.0,0,-39.22719955444336,-4.635245323181152,-4.893823146820068,0.4870995879173279,-2.2914185523986816,0.03728482499718666,48.8707275390625,-33.2735595703125,30.362638473510742,66.46328002551131,97433870,1720698303
5.0,0,-2.6959123611450195,6.026297569274902,5.202679634094238,0.5345045924186707,-2.694094657897949,0.08974990248680115,46.9508056640625,-32.39794158935547,30.19395637512207,64.5420775410478,110433870,1720698303
5.0,0,-2.806046962738037,6.368673324584961,12.576932907104492,0.5499511361122131,-2.7636044025421143,0.061519961804151535,45.37996292114258,-32.222816467285156,28.675825119018555,62.609535073063384,122433870,1720698303
5.0,0,-9.004730224609375,1.316831111907959,9.940876960754395,0.3544721305370331,-2.6051437854766846,0.0876193419098854,44.50727081298828,-32.74818801879883,28.507143020629883,62.177151566583724,135433870,1720698303
5.0,0,-0.768550455570221,4.3192057609558105,8.73657512664795,0.3347644507884979,-2.5034093856811523,0.02290353551506996,44.1581916809082,-32.047691345214844,27.15769386291504,60.94703232346758,147433870,1720698303
5.0,0,-0.2442122995853424,2.889845609664917,4.618485450744629,0.3510099947452545,-2.5686581134796143,-0.010386486537754536,42.76188659667969,-30.9969482421875,27.83241844177246,59.69952480509422,160433870,1720698303
5.0,0,-10.553802490234375,0.871502697467804,4.003166198730469,0.37817463278770447,-2.494887351989746,-0.06018836051225662,42.76188659667969,-32.74818801879883,28.169780731201172,60.78288665624434,172433870,1720698303
5.0,0,-7.999150276184082,-0.5387036204338074,4.855515480041504,0.3691197633743286,-2.531106948852539,-0.09214677661657333,39.794734954833984,-33.623809814453125,27.66373634338379,58.98698013155321,185433870,1720698303
5.0,0,-6.727809429168701,0.7182714939117432,7.419744491577148,0.4021434485912323,-2.50793719291687,-0.1131860762834549,39.271121978759766,-33.09843826293945,24.121429443359375,56.74126360337076,197433870,1720698303
5.0,0,-8.188295364379883,5.463651657104492,8.387016296386719,0.3909580111503601,-2.458667755126953,-0.1400844007730484,38.74750518798828,-32.57306671142578,24.290111541748047,56.146089373978086,210433870,1720698303
5.0,0,-8.829950332641602,5.990383625030518,7.513119697570801,0.35926592350006104,-2.4421560764312744,-0.16405321657657623,37.52573776245117,-34.1491813659668,24.796154022216797,56.47297439373497,222433870,1720698303
5.0,0,-4.02232027053833,5.4780168533325195,7.017512321472168,0.3539395034313202,-2.4999473094940186,-0.21838253736495972,36.82758331298828,-33.79893112182617,25.133516311645508,55.94937247048257,235433870,1720698303
5.0,0,-1.9800350666046143,2.6743643283843994,6.457260608673096,0.3382266163825989,-2.5356342792510986,-0.24900935590267181,35.78035354614258,-33.44868469238281,22.7719783782959,54.0149165212627,247433870,1720698303
5.0,0,-5.750960350036621,-0.13886581361293793,6.964838981628418,0.32810643315315247,-2.4599993228912354,-0.24687878787517548,34.90766143798828,-33.974056243896484,23.27802276611328,53.98747696116521,260433870,1720698303
5.0,0,-6.780482769012451,3.7302231788635254,8.248150825500488,0.33929190039634705,-2.4315030574798584,-0.29614803194999695,34.90766143798828,-34.32430648803711,23.27802276611328,54.208571156724,272433870,1720698303
5.0,0,5.834758281707764,3.28010630607605,8.293641090393066,0.3121272325515747,-2.565462112426758,-0.3275738060474396,32.11505126953125,-33.623809814453125,21.928571701049805,51.4081643450845,285433870,1720698303
5.0,0,-1.9560925960540771,4.8339667320251465,9.260913848876953,0.30999666452407837,-2.556140899658203,-0.36752182245254517,32.289588928222656,-34.499427795410156,23.10934066772461,52.60104274119733,297433870,1720698303
5.0,0,-9.902568817138672,1.6975148916244507,7.618465900421143,0.29108792543411255,-2.4962189197540283,-0.3632607161998749,30.369667053222656,-33.623809814453125,20.916484832763672,49.90367322273326,310433870,1720698303
5.0,0,-8.274487495422363,0.7278484106063843,8.485180854797363,0.24501456320285797,-2.4714512825012207,-0.39175698161125183,29.322437286376953,-33.974056243896484,23.27802276611328,50.55599044600589,322433870,1720698303
5.0,0,-1.678360939025879,6.220230579376221,8.360679626464844,0.27164655923843384,-2.518057107925415,-0.45700541138648987,27.7515926361084,-34.84967803955078,21.422527313232422,49.43253614561004,335433870,1720698303
5.0,0,2.8994224071502686,2.0039772987365723,9.375837326049805,0.236492320895195,-2.5604021549224854,-0.48124057054519653,26.8789005279541,-33.974056243896484,21.253847122192383,48.25388905309725,347433870,1720698303
5.0,0,-4.625668525695801,0.3687126934528351,8.477997779846191,0.24847672879695892,-2.5076708793640137,-0.47245198488235474,27.227977752685547,-34.32430648803711,21.591209411621094,48.843639424616185,360433870,1720698303
5.0,0,-10.417330741882324,3.7996559143066406,10.118050575256348,0.23036694526672363,-2.4560046195983887,-0.4929586350917816,24.609901428222656,-34.1491813659668,20.41044044494629,46.78033684604279,372433870,1720698303
5.0,0,-0.011971191503107548,1.8148326873779297,8.863470077514648,0.18748940527439117,-2.4879631996154785,-0.53530353307724,23.737211227416992,-33.974056243896484,20.579120635986328,46.27301482148025,385433870,1720698303
5.0,0,1.7621593475341797,2.444517135620117,9.232182502746582,0.17044490575790405,-2.5111329555511475,-0.5747189521789551,21.9918270111084,-32.92331314086914,19.567033767700195,44.16394246355915,397433870,1720698303
5.0,0,2.2577667236328125,2.0039772987365723,9.517096519470215,0.18216300010681152,-2.598219633102417,-0.5891002416610718,21.9918270111084,-32.92331314086914,19.567033767700195,44.16394246355915,410433870,1720698303
5.0,0,-3.3615105152130127,3.409395217895508,9.363865852355957,0.13981808722019196,-2.5641305446624756,-0.604280412197113,20.07190704345703,-33.09843826293945,21.08516502380371,44.07915892899761,422433870,1720698303
5.0,0,-8.384622573852539,1.2952828407287598,9.397384643554688,0.12650208175182343,-2.468787908554077,-0.6144006252288818,20.77005958557129,-33.79893112182617,20.747802734375,44.76867697923036,435433870,1720698303
5.0,0,-2.446911573410034,2.367901563644409,9.066980361938477,0.09401101619005203,-2.493023157119751,-0.6285156011581421,17.62837028503418,-34.84967803955078,20.41044044494629,44.06637695027041,447433870,1720698303
5.0,0,9.232182502746582,3.220250368118286,9.634414672851562,0.12330623716115952,-2.5556082725524902,-0.6799154281616211,17.104755401611328,-33.623809814453125,19.398351669311523,42.41968047114155,460433870,1720698303
5.0,0,1.0869841575622559,5.485199451446533,9.770886421203613,0.06098731979727745,-2.599551200866699,-0.716401219367981,17.279293060302734,-34.1491813659668,21.08516502380371,43.695820632075964,472433870,1720698303
5.0,0,-12.53383731842041,2.885057210922241,10.26409912109375,0.03169209882616997,-2.5116655826568604,-0.7086779475212097,16.755678176879883,-33.974056243896484,19.904396057128906,42.792221620636376,485433870,1720698303
5.0,0,-9.445270538330078,3.818809986114502,8.83952808380127,0.026632016524672508,-2.410463809967041,-0.721461296081543,16.93021583557129,-34.1491813659668,19.398351669311523,42.767918393241956,498433870,1720698303
5.0,0,5.2002854347229,5.2194390296936035,9.150778770446777,0.05139978975057602,-2.499680995941162,-0.7534197568893433,13.43945026397705,-33.44868469238281,21.08516502380371,41.76143574075719,510433870,1720698303
5.0,0,9.464424133300781,2.171574115753174,8.889806747436523,-0.060454681515693665,-2.6157968044281006,-0.7821823358535767,12.741296768188477,-33.09843826293945,20.41044044494629,40.91984039481782,523433870,1720698303
5.0,0,2.114112377166748,4.8650922775268555,9.167537689208984,-0.04740498960018158,-2.5944912433624268,-0.8117438554763794,12.741296768188477,-33.09843826293945,20.41044044494629,40.91984039481782,535433870,1720698303
5.0,0,-9.093317031860352,2.6959123611450195,9.153172492980957,-0.08335821330547333,-2.508469820022583,-0.7981615662574768,10.9959135055542,-33.44868469238281,22.097253799438477,41.569378717378875,548433870,1720698303
5.0,0,-8.20505428314209,6.383039474487305,9.849896430969238,-0.05965571850538254,-2.4474823474884033,-0.8082817196846008,9.774145126342773,-34.32430648803711,21.591209411621094,41.71177594747066,560433870,1720698303
5.0,0,6.5889434814453125,1.8698999881744385,8.583344459533691,-0.13981808722019196,-2.532971143722534,-0.8562193512916565,9.774145126342773,-34.32430648803711,21.591209411621094,41.71177594747066,573433870,1720698303
5.0,0,15.033421516418457,2.9544899463653564,8.094919204711914,-0.17657028138637543,-2.6400318145751953,-0.8937705159187317,8.377839088439941,-33.974056243896484,22.60329818725586,41.657337581718274,585433870,1720698303
5.0,0,-5.427738189697266,0.7565792798995972,8.367862701416016,-0.18775571882724762,-2.529242753982544,-0.8727312088012695,7.679685592651367,-34.67455291748047,22.265933990478516,41.91746661354282,598433870,1720698303
5.0,0,-16.78121566772461,8.219420433044434,10.062982559204102,-0.12650208175182343,-2.399811029434204,-0.8804544806480408,5.759764194488525,-34.499427795410156,23.10934066772461,41.921677302843946,610433870,1720698303
5.0,0,4.216253280639648,1.187542200088501,8.085342407226562,-0.22184470295906067,-2.4275083541870117,-0.88311767578125,6.4579176902771,-33.44868469238281,22.097253799438477,40.60551482276313,623433870,1720698303
5.0,0,17.509065628051758,0.5171554684638977,7.99196720123291,-0.25486841797828674,-2.5633316040039062,-0.9257289171218872,4.887072563171387,-33.623809814453125,22.60329818725586,40.808738691831934,635433870,1720698303
5.0,0,9.797223091125488,2.758162498474121,7.728600978851318,-0.29561537504196167,-2.671990156173706,-0.9473008513450623,3.316227912902832,-34.499427795410156,23.784067153930664,42.034387543578156,648433870,1720698303
5.0,0,1.213878870010376,3.5243186950683594,9.56258773803711,-0.3315685987472534,-2.624318838119507,-0.9315879940986633,2.618074655532837,-34.499427795410156,21.759891510009766,40.87245663818187,660433870,1720698303
5.0,0,-13.647157669067383,4.101330280303955,9.260913848876953,-0.29295217990875244,-2.3832993507385254,-0.9017601013183594,2.4435362815856934,-35.02479934692383,22.94066047668457,41.9402115154206,673433870,1720698303
5.0,0,-2.2625551223754883,7.503542900085449,9.234577178955078,-0.3145241141319275,-2.4149911403656006,-0.9323869347572327,3.665304660797119,-34.84967803955078,25.808242797851562,43.52010930626974,685433870,1720698303
5.0,0,23.78675651550293,-3.6751556396484375,5.765325546264648,-0.43756404519081116,-2.666663885116577,-0.9864498972892761,3.665304660797119,-34.84967803955078,25.808242797851562,43.52010930626974,698433870,1720698303
5.0,0,20.94000816345215,-0.36152997612953186,7.592129230499268,-0.46126651763916016,-2.7071444988250732,-0.9936406016349792,1.0472298860549927,-35.37504959106445,25.30219841003418,43.50508094907136,710433870,1720698303
5.0,0,-13.517868995666504,7.16356086730957,8.880229949951172,-0.4016108214855194,-2.43363356590271,-0.9659432172775269,0.6981532573699951,-34.32430648803711,24.96483612060547,42.448656944409564,723433870,1720698303
5.0,0,-14.312756538391113,8.29124641418457,9.612866401672363,-0.4026761054992676,-2.318849802017212,-0.9478334784507751,-0.8726915717124939,-34.499427795410156,26.145605087280273,43.29624434255324,735433870,1720698303
5.0,0,12.93606948852539,0.2825201153755188,7.216233730316162,-0.3920232951641083,-2.3595967292785645,-0.9702043533325195,-1.7453831434249878,-35.02479934692383,25.63956069946289,43.4415700046749,748433870,1720698303
5.0,0,23.358186721801758,-2.942518949508667,6.3303656578063965,-0.563267171382904,-2.6211230754852295,-0.9992333054542542,-2.268998146057129,-33.79893112182617,24.796154022216797,41.98053539270621,760433870,1720698303
5.0,0,21.44040298461914,1.3455618619918823,5.734200954437256,-0.5835075378417969,-2.703948736190796,-1.0322569608688354,-2.4435362815856934,-35.02479934692383,26.314287185668945,43.8765216139744,773433870,1720698303
5.0,0,0.1508370041847229,4.575389385223389,8.22420883178711,-0.6032151579856873,-2.576914072036743,-0.9792592525482178,-3.1416897773742676,-36.07554626464844,26.651649475097656,44.96249184257386,785433870,1720698303
5.0,0,-8.755729675292969,9.268095970153809,9.375837326049805,-0.5520817041397095,-2.4506781101226807,-0.9864498972892761,-4.712534427642822,-35.19992446899414,28.844507217407227,45.75203011856052,798433870,1720698303
5.0,0,0.5027900338172913,4.23540735244751,7.0534257888793945,-0.5771157741546631,-2.393152952194214,-0.9901784062385559,-5.061611175537109,-35.550174713134766,28.507143020629883,45.84857721920469,810433870,1720698303
5.0,0,16.678264617919922,2.394238233566284,6.907377243041992,-0.6444948315620422,-2.528177499771118,-1.0032280683517456,-4.887072563171387,-34.32430648803711,28.675825119018555,44.992715414597335,823433870,1720698303
5.0,0,13.513080596923828,-1.290494441986084,6.299240589141846,-0.7369078993797302,-2.5926270484924316,-0.9957711100578308,-5.934302806854248,-35.72529602050781,28.675825119018555,46.19324270727142,835433870,1720698303
5.0,0,2.401421070098877,6.114884853363037,6.253750324249268,-0.7001556754112244,-2.520986557006836,-1.0200062990188599,-5.061611175537109,-34.84967803955078,27.15769386291504,44.4708927626204,848433870,1720698303
5.0,0,1.3144367933273315,3.4884049892425537,6.957656383514404,-0.696959912776947,-2.422182083129883,-0.994705855846405,-5.759764194488525,-34.499427795410156,28.169780731201172,44.91015417732145,860433870,1720698303
5.0,0,6.711049556732178,5.521113395690918,7.460446357727051,-0.7259887456893921,-2.4386937618255615,-0.9933742880821228,-5.4106879234313965,-36.95116424560547,29.85659408569336,47.81297201919514,873433870,1720698303
5.0,0,12.916915893554688,-0.2729431688785553,4.029502868652344,-0.816537618637085,-2.5801098346710205,-1.0018965005874634,-7.156070709228516,-33.79893112182617,30.53131866455078,46.105731881944735,885433870,1720698303
5.0,0,12.165124893188477,-0.7709447145462036,4.960861682891846,-0.8682037591934204,-2.5920944213867188,-0.9848520159721375,-6.806994438171387,-35.19992446899414,29.85659408569336,46.65603997664234,898433870,1720698303
5.0,0,-1.946515679359436,6.201076984405518,6.339942932128906,-0.8157386779785156,-2.4711849689483643,-0.9875151515007019,-6.283379554748535,-36.07554626464844,30.02527618408203,47.35444125794565,910433870,1720698303
5.0,0,-0.8308007121086121,5.142823696136475,6.193894386291504,-0.8426370024681091,-2.4184536933898926,-0.984585702419281,-8.028762817382812,-34.67455291748047,32.38681411743164,48.121631114105135,923433870,1720698303
5.0,0,11.4444580078125,1.7861016988754272,4.845938205718994,-0.8887104392051697,-2.5047414302825928,-0.981922447681427,-10.64683723449707,-36.250667572021484,30.53131866455078,48.575996767039484,936433870,1720698303
5.0,0,12.126816749572754,-1.0247340202331543,4.355119228363037,-0.9515619874000549,-2.5193886756896973,-0.9531598687171936,-8.901453971862793,-36.250667572021484,31.880769729614258,49.08900346088817,948433870,1720698303
5.0,0,4.201888084411621,3.866694688796997,4.795659065246582,-0.9265278577804565,-2.487164258956909,-0.9864498972892761,-9.425068855285645,-35.02479934692383,31.037363052368164,47.737683201676845,961433870,1720698303
5.0,0,2.964066982269287,4.7597455978393555,4.738197326660156,-0.9726012945175171,-2.414724826812744,-0.9326532483100891,-8.552377700805664,-36.60091781616211,33.56758499145508,50.39397892091129,973433870,1720698303
5.0,0,8.645594596862793,4.283292293548584,5.4780168533325195,-0.9534262418746948,-2.4759786128997803,-0.9734002351760864,-8.028762817382812,-36.07554626464844,34.07362747192383,50.26846088519143,986433870,1720698303
5.0,0,10.007916450500488,2.4157862663269043,3.4237606525421143,-1.0197399854660034,-2.5047414302825928,-0.938245952129364,-10.123222351074219,-36.776039123535156,34.07362747192383,51.14654214588235,998433870,1720698303
5.0,0,11.391785621643066,-0.12689462304115295,3.7326173782348633,-1.057291030883789,-2.5681254863739014,-0.9542251825332642,-10.64683723449707,-35.900421142578125,34.91703414916992,51.19955717666552,11433870,1720698304
5.0,0,6.5602126121521,4.4245524406433105,3.509953260421753,-1.0948421955108643,-2.513263463973999,-0.8743290901184082,-10.297760963439941,-34.84967803955078,34.2423095703125,49.93074909341548,23433870,1720698304
5.0,0,5.782085418701172,4.814813137054443,4.259349822998047,-1.0556931495666504,-2.4837019443511963,-0.9283921122550964,-10.297760963439941,-37.301414489746094,33.398902893066406,51.11678900573144,36433870,1720698304
5.0,0,15.907319068908691,1.8555346727371216,3.045470952987671,-1.0849883556365967,-2.446683406829834,-0.9038906693458557,-11.868605613708496,-33.974056243896484,34.07362747192383,49.55918064266839,48433870,1720698304
5.0,0,0.08858681470155716,9.976790428161621,-10.149175643920898,-0.7302498817443848,-1.2698146104812622,-0.4759141504764557,-10.821375846862793,-33.623809814453125,34.07362747192383,49.07825231966825,61433870,1720698304
5.0,0,39.22600173950195,-7.410167217254639,-14.549785614013672,-0.3669891953468323,-1.2620913982391357,-0.577648401260376,-13.613988876342773,-33.623809814453125,32.724178314208984,48.85461212520108,73433870,1720698304
5.0,0,-28.350173950195312,4.063022136688232,-9.909751892089844,-0.15180249512195587,0.054062992334365845,0.2319648712873459,-15.010294914245605,-38.52728271484375,37.10988998413086,55.55901728285357,86433870,1720698304
5.0,0,39.22600173950195,6.629645824432373,6.440500736236572,0.29188692569732666,0.04660603031516075,-0.14434552192687988,-14.661218643188477,-38.52728271484375,36.43516540527344,55.01658044264938,98433870,1720698304
5.0,0,-13.55138874053955,2.655210256576538,2.2769205570220947,0.17896714806556702,0.3976159989833832,0.16991227865219116,-13.78852653503418,-37.301414489746094,36.94121170043945,54.27865242284361,111433870,1720698304
5.0,0,6.138826847076416,8.197872161865234,10.596898078918457,0.20533284544944763,0.42265012860298157,0.08895093947649002,-13.78852653503418,-37.301414489746094,36.94121170043945,54.27865242284361,123433870,1720698304
5.0,0,5.082967758178711,5.588151931762695,9.682299613952637,0.11744718998670578,0.22344262897968292,0.025300417095422745,-14.486680030822754,-35.900421142578125,36.266483306884766,53.04679017601782,136433870,1720698304
5.0,0,3.914579391479492,2.628873586654663,4.7597455978393555,0.001065280637703836,0.14620977640151978,0.05779147893190384,-14.312141418457031,-35.02479934692383,33.736263275146484,50.69230139818261,148433870,1720698304
5.0,0,23.264812469482422,-21.215343475341797,-4.764533996582031,-0.0737706869840622,0.44874951243400574,0.48257213830947876,-14.312141418457031,-35.02479934692383,33.736263275146484,50.69230139818261,161433870,1720698304
5.0,0,-28.71170425415039,-23.24565887451172,-18.34465217590332,-0.03435530140995979,1.4362647533416748,1.0743355751037598,-12.043143272399902,-33.79893112182617,33.904945373535156,49.36547746796241,173433870,1720698304
5.0,0,39.22600173950195,-3.3136258125305176,9.519491195678711,0.7092106342315674,0.8250598907470703,-0.11025655269622803,-9.250530242919922,-34.499427795410156,37.27857208251953,51.628236116465374,186433870,1720698304
5.0,0,-39.22719955444336,-35.74358367919922,-26.429994583129883,0.1075933501124382,2.378239154815674,1.4975184202194214,-10.472298622131348,-36.776039123535156,36.77252960205078,53.050589302858675,198433870,1720698304
5.0,0,39.22600173950195,20.67185401916504,14.312756538391113,0.6516854166984558,2.218979597091675,0.8383758664131165,-11.344990730285645,-35.19992446899414,37.615936279296875,52.75132376975276,211433870,1720698304
5.0,0,-39.22719955444336,-27.46909523010254,-19.012645721435547,0.4082688093185425,2.3561346530914307,1.232263445854187,-12.741296768188477,-35.19992446899414,31.543407440185547,48.952649355223826,223433870,1720698304
5.0,0,-4.309628963470459,6.675136089324951,-0.4908188283443451,0.42504701018333435,2.740967273712158,1.3049689531326294,-10.297760963439941,-36.60091781616211,34.91703414916992,51.6223821575477,236433870,1720698304
5.0,0,33.02851867675781,26.894479751586914,21.10760498046875,0.7965636849403381,2.1390836238861084,0.6399673819541931,-11.170452117919922,-34.32430648803711,32.724178314208984,48.721749380985834,248433870,1720698304
5.0,0,-30.737232208251953,10.776466369628906,3.591357469558716,0.1075933501124382,2.9516265392303467,1.671958088874817,-11.694067001342773,-35.19992446899414,31.543407440185547,48.69057854033303,261433870,1720698304
5.0,0,10.2952241897583,8.865863800048828,6.7469635009765625,0.32597586512565613,2.5255143642425537,1.2594280242919922,-8.901453971862793,-34.1491813659668,31.206045150756836,47.10859501969848,273433870,1720698304
5.0,0,15.567337036132812,8.832345008850098,5.758142948150635,0.3582006096839905,2.277303695678711,1.0322569608688354,-10.123222351074219,-34.32430648803711,30.700000762939453,47.15005507418287,286433870,1720698304
5.0,0,-3.4907991886138916,-0.8451660871505737,7.927322864532471,0.10892495512962341,2.1878201961517334,1.101500153541565,-9.774145126342773,-35.02479934692383,30.700000762939453,47.58950019791728,298433870,1720698304
5.0,0,35.66217803955078,19.67106056213379,13.886581420898438,0.24501456320285797,1.9374792575836182,0.8117438554763794,-9.774145126342773,-35.02479934692383,28.675825119018555,46.309539281876056,311433870,1720698304
5.0,0,-10.520282745361328,-2.018342971801758,-0.30406826734542847,-0.033556342124938965,2.1627862453460693,1.1374534368515015,-9.774145126342773,-35.02479934692383,28.675825119018555,46.309539281876056,323433870,1720698304
5.0,0,16.328704833984375,9.567376136779785,6.679924488067627,0.18722309172153473,2.0386810302734375,0.9494314193725586,-8.552377700805664,-35.19992446899414,28.844507217407227,46.30532845769683,336433870,1720698304
5.0,0,-4.350330829620361,-4.072599411010742,0.055067479610443115,0.03728482499718666,2.1486711502075195,1.0469045639038086,-8.203300476074219,-34.499427795410156,26.482967376708984,44.25892246753541,348433870,1720698304
5.0,0,10.28564739227295,3.7278289794921875,4.393426895141602,0.18722309172153473,2.021103858947754,0.878057599067688,-8.203300476074219,-34.499427795410156,26.482967376708984,44.25892246753541,361433870,1720698304
5.0,0,-1.367110013961792,0.8858681321144104,3.7589540481567383,0.11212079226970673,2.144676446914673,0.9515619874000549,-5.759764194488525,-35.19992446899414,26.145605087280273,44.224452869187886,373433870,1720698304
5.0,0,7.987178325653076,0.03591357171535492,7.498754501342773,0.1387528032064438,2.132958173751831,0.8674048185348511,-6.981532573699951,-33.974056243896484,26.989011764526367,43.94752610519525,386433870,1720698304
5.0,0,3.842752456665039,2.530709743499756,7.623254299163818,0.03302370011806488,2.1318929195404053,0.9134781360626221,-6.283379554748535,-34.67455291748047,26.989011764526367,44.38707283299866,398433870,1720698304
5.0,0,5.791662216186523,-0.22026991844177246,4.968044281005859,0.025566738098859787,2.0911459922790527,0.9196035861968994,-5.236149311065674,-35.37504959106445,25.9769229888916,44.199682364795876,411433870,1720698304
5.0,0,6.904983043670654,9.790040016174316,7.039060592651367,0.059389397501945496,2.084754228591919,0.8418380618095398,-4.537996292114258,-35.37504959106445,25.30219841003418,43.72858090880892,424433870,1720698304
5.0,0,8.434901237487793,8.485180854797363,7.857889652252197,0.07856445014476776,2.149470090866089,0.8410391211509705,-3.8398427963256836,-34.67455291748047,23.952747344970703,42.317881777088616,436433870,1720698304
5.0,0,8.276881217956543,8.590526580810547,9.756521224975586,0.01384864840656519,2.0756993293762207,0.8338484764099121,-5.061611175537109,-35.550174713134766,24.121429443359375,43.2582730609729,449433870,1720698304
5.0,0,11.219399452209473,5.133246898651123,8.983181953430176,-0.015446570701897144,2.0946080684661865,0.8303862810134888,-2.967151403427124,-35.550174713134766,24.796154022216797,43.44500159832848,461433870,1720698304
5.0,0,8.128438949584961,6.555424213409424,8.535459518432617,-0.12037672102451324,2.131093978881836,0.834381103515625,-2.618074655532837,-35.900421142578125,22.7719783782959,42.594102319194256,474433870,1720698304
5.0,0,7.295243740081787,4.06541633605957,8.28885269165039,-0.1075933501124382,2.1867549419403076,0.8466318249702454,-0.17453831434249878,-34.1491813659668,23.784067153930664,41.61584916797386,486433870,1720698304
5.0,0,5.911374092102051,4.968044281005859,8.664748191833496,-0.23915551602840424,2.1135168075561523,0.8612794280052185,-0.8726915717124939,-35.550174713134766,22.097253799438477,41.86723227287114,499433870,1720698304
5.0,0,5.743777751922607,-0.02633661963045597,7.458052158355713,-0.21731725335121155,2.1832926273345947,0.8383758664131165,-0.6981532573699951,-34.67455291748047,22.60329818725586,41.39711495913615,511433870,1720698304
5.0,0,3.610511064529419,-8.875441551208496,4.687918663024902,-0.24900935590267181,2.1009998321533203,0.7936341166496277,0.17453831434249878,-34.84967803955078,20.41044044494629,40.387084596937925,524433870,1720698304
5.0,0,1.692726492881775,-4.058233737945557,6.744569301605225,-0.18056508898735046,2.1742379665374756,0.7619420289993286,1.7453831434249878,-33.623809814453125,20.916484832763672,39.63718313042816,536433870,1720698304
5.0,0,5.8395466804504395,-0.6201077103614807,7.357493877410889,-0.16352058947086334,2.0882163047790527,0.7257224321365356,2.618074655532837,-34.84967803955078,20.073078155517578,40.30239249721793,549433870,1720698304
5.0,0,7.697475910186768,-0.1987217664718628,8.36546802520752,-0.1432802528142929,2.1087231636047363,0.6982914805412292,3.1416897773742676,-33.974056243896484,20.916484832763672,40.020070590641545,561433870,1720698304
5.0,0,7.460446357727051,3.842752456665039,10.041435241699219,-0.1651185005903244,2.042675733566284,0.6636698842048645,4.712534427642822,-34.499427795410156,19.060989379882812,39.69558936560135,574433870,1720698304
5.0,0,3.2920775413513184,7.276090145111084,10.42451286315918,-0.09933742135763168,2.20592999458313,0.6522180438041687,4.363457679748535,-33.79893112182617,18.04890251159668,38.56384822309656,586433870,1720698304
5.0,0,12.897761344909668,6.670347690582275,11.844297409057617,-0.17151018977165222,2.041344165802002,0.618928074836731,6.632455825805664,-34.67455291748047,17.542858123779297,39.4216433125189,599433870,1720698304
5.0,0,7.668745040893555,7.604100227355957,12.426095962524414,-0.25433576107025146,2.141746759414673,0.6554139256477356,6.632455825805664,-34.67455291748047,16.868131637573242,39.126052129635006,611433870,1720698304
5.0,0,9.89299201965332,8.513911247253418,12.787626266479492,-0.28309834003448486,2.075166702270508,0.6101395487785339,7.156070709228516,-34.84967803955078,18.04890251159668,39.89326120197429,624433870,1720698304
5.0,0,-0.9026277661323547,6.316000461578369,11.935277938842773,-0.31132829189300537,2.2312304973602295,0.6407663226127625,9.425068855285645,-32.57306671142578,16.19340705871582,37.57742713495879,636433870,1720698304
5.0,0,6.960050582885742,3.744588851928711,10.10368537902832,-0.3928222358226776,2.094874382019043,0.5922960638999939,9.250530242919922,-33.79893112182617,16.02472496032715,38.53221852952744,649433870,1720698304
5.0,0,-4.223435878753662,1.0702245235443115,8.528276443481445,-0.4026761054992676,2.203533172607422,0.6000193953514099,12.217681884765625,-32.57306671142578,16.53076934814453,38.5167854430491,661433870,1720698304
5.0,0,4.149214744567871,-2.2314300537109375,8.133227348327637,-0.43436819314956665,2.0999345779418945,0.5406299233436584,12.217681884765625,-34.32430648803711,14.506593704223633,39.215698736876504,674433870,1720698304
5.0,0,-7.369464874267578,-3.8810603618621826,5.375064849853516,-0.3957517743110657,2.2283008098602295,0.5608702898025513,13.090373992919922,-34.1491813659668,15.350000381469727,39.66291707566816,686433870,1720698304
5.0,0,6.507539749145508,-6.8690690994262695,5.8682780265808105,-0.4428904354572296,2.063981294631958,0.48124057054519653,13.090373992919922,-34.1491813659668,15.350000381469727,39.66291707566816,699433870,1720698304
5.0,0,-6.725415229797363,-0.5698286890983582,8.059005737304688,-0.317719966173172,2.1737053394317627,0.48203951120376587,15.70844841003418,-33.974056243896484,14.506593704223633,40.14265947858422,711433870,1720698304
5.0,0,3.2872891426086426,-4.194705486297607,8.530671119689941,-0.37125030159950256,2.059187650680542,0.4317049980163574,16.581140518188477,-33.79893112182617,13.325824737548828,39.93594334428235,724433870,1720698304
5.0,0,-5.032688617706299,2.475642204284668,10.168330192565918,-0.2982785999774933,2.179830551147461,0.441558837890625,16.93021583557129,-34.84967803955078,12.9884614944458,40.863582805379146,736433870,1720698304
5.0,0,9.354289054870605,-14.106851577758789,9.148384094238281,-0.009321206249296665,1.5915292501449585,0.37497881054878235,19.37375259399414,-33.44868469238281,10.626923561096191,40.08850585388685,749433870,1720698304
5.0,0,-39.22719955444336,21.720529556274414,39.22600173950195,0.2833646535873413,1.5856703519821167,0.44741788506507874,20.420982360839844,-33.79893112182617,10.626923561096191,40.89395762130468,761433870,1720698304
5.0,0,31.80266761779785,-18.60801887512207,32.635860443115234,-0.2777719497680664,0.6056120991706848,-0.005326403304934502,22.166366577148438,-35.550174713134766,10.626923561096191,43.22145571056476,774282733,1720698304
5.0,0,-39.22719955444336,-9.174720764160156,22.87694549560547,-0.4040077030658722,0.784312903881073,0.14088337123394012,25.13351821899414,-35.02479934692383,10.458242416381836,44.359949749707724,786282733,1720698304
5.0,0,31.735628128051758,-19.235309600830078,23.64070701599121,-0.09241309762001038,0.24315032362937927,-0.05246507376432419,21.642751693725586,-33.2735595703125,10.795604705810547,41.134943154446134,799282733,1720698304
5.0,0,8.940085411071777,-24.200960159301758,12.763684272766113,-0.33503079414367676,-0.5323740243911743,-0.17124387621879578,23.388134002685547,-33.974056243896484,9.44615364074707,42.313959025310034,811282733,1720698304
5.0,0,-15.52424144744873,2.4876136779785156,23.61676597595215,0.12090936303138733,-0.10333222150802612,0.021039292216300964,23.562671661376953,-33.79893112182617,11.63901138305664,42.813944302933926,824282733,1720698304
5.0,0,22.592031478881836,-1.561043381690979,11.858662605285645,-0.26765176653862,-0.5406299233436584,-0.20107172429561615,23.0390567779541,-36.07554626464844,8.771429061889648,43.69417745304682,836282733,1720698304
5.0,0,-10.216214179992676,3.9073967933654785,-2.475642204284668,-0.18935364484786987,-0.20613181591033936,-0.06871060281991959,22.51544189453125,-33.09843826293945,10.964285850524902,41.50502744684851,849282733,1720698304
5.0,0,3.1556060314178467,8.051822662353516,-2.2505838871002197,0.08229293674230576,-0.13342641294002533,0.006391684524714947,22.51544189453125,-33.09843826293945,10.964285850524902,41.50502744684851,861282733,1720698304
5.0,0,16.177867889404297,0.25857773423194885,2.580988883972168,0.21918150782585144,-0.2777719497680664,-0.004527443088591099,21.642751693725586,-32.92331314086914,10.120879173278809,40.67905412233791,874282733,1720698304
5.0,0,-8.92572021484375,2.861114501953125,9.490760803222656,0.24687878787517548,-0.08468981087207794,0.07483596354722977,22.340904235839844,-35.02479934692383,10.795604705810547,42.923159859583514,886282733,1720698304
5.0,0,1.6592071056365967,-1.5466779470443726,15.447625160217285,0.18056508898735046,-0.04021434485912323,0.0394153855741024,22.340904235839844,-35.02479934692383,10.795604705810547,42.923159859583514,899282733,1720698304
5.0,0,-0.050279002636671066,-1.1396573781967163,15.311153411865234,0.005060083232820034,-0.019441373646259308,-0.015180249698460102,22.51544189453125,-35.550174713134766,11.30164909362793,43.57163432872263,912282733,1720698304
5.0,0,-1.0534647703170776,1.3264079093933105,11.810776710510254,-0.05965571850538254,0.015979209914803505,-0.03275737911462784,21.119136810302734,-34.84967803955078,11.63901138305664,42.37905833129795,924282733,1720698304
5.0,0,-0.1412600576877594,-1.3383792638778687,8.09970760345459,-0.06684636324644089,0.014114969410002232,-0.017310811206698418,22.166366577148438,-34.84967803955078,10.964285850524902,42.73246343127075,937282733,1720698304
5.0,0,0.6967233419418335,-0.7900986075401306,8.063794136047363,0.009321206249296665,0.004261122550815344,0.014114969410002232,22.166366577148438,-33.44868469238281,10.964285850524902,41.597810989221394,949282733,1720698304
5.0,0,-2.837172269821167,-5.482805252075195,12.277653694152832,0.19494636356830597,-0.06205260008573532,0.02050665207207203,21.9918270111084,-33.2735595703125,10.795604705810547,41.31967210336706,962282733,1720698304
5.0,0,-4.223435878753662,-7.872255802154541,27.016584396362305,0.5446247458457947,-0.14993825554847717,0.006125363986939192,22.340904235839844,-33.974056243896484,10.458242416381836,41.98484648272775,974282733,1720698304
5.0,0,-5.130852699279785,-7.666350841522217,26.884899139404297,0.29854491353034973,-0.10333222150802612,-0.008522245101630688,19.548290252685547,-35.37504959106445,12.145055770874023,42.2022767756806,987282733,1720698304
5.0,0,-1.1659940481185913,0.16280819475650787,21.75165367126465,0.3153230845928192,-0.11984407901763916,-0.04447546973824501,20.944597244262695,-34.32430648803711,12.145055770874023,42.00400634804641,999282733,1720698304
5.0,0,-0.27054890990257263,-2.913787841796875,8.568979263305664,0.22157837450504303,-0.09188045561313629,-0.040746983140707016,20.595521926879883,-35.02479934692383,11.132966995239258,42.12902855336154,12282733,1720698305
5.0,0,1.2593693733215332,3.7206461429595947,5.240987777709961,0.47138670086860657,-0.1581941843032837,-0.03169209882616997,21.817289352416992,-34.499427795410156,11.976373672485352,42.539842021813,24282733,1720698305
5.0,0,1.5227354764938354,2.3583245277404785,5.185919761657715,0.5813769102096558,-0.19468003511428833,-0.0143812894821167,21.119136810302734,-34.499427795410156,11.30164909362793,41.999472973580325,37282733,1720698305
5.0,0,1.6041396856307983,4.721437454223633,11.276862144470215,0.6903018951416016,-0.2095939666032791,-0.003994802478700876,22.166366577148438,-35.900421142578125,13.325824737548828,44.246645639899775,49282733,1720698305
5.0,0,0.6129249930381775,4.312023162841797,14.257688522338867,0.6522180438041687,-0.2082623690366745,-0.007723285350948572,20.246444702148438,-34.32430648803711,11.807692527770996,41.563182527234844,62282733,1720698305
5.0,0,0.33519336581230164,3.2657408714294434,14.82512378692627,0.5483531951904297,-0.17870083451271057,-0.014647609554231167,19.548290252685547,-35.72529602050781,14.169231414794922,43.118436270836206,74282733,1720698305
5.0,0,-0.2537892460823059,3.6320595741271973,12.689462661743164,0.47564783692359924,-0.20187069475650787,-0.021039292216300964,20.420982360839844,-36.250667572021484,13.325824737548828,43.68872880886797,87282733,1720698305
5.0,0,0.22984686493873596,3.8355696201324463,11.092506408691406,0.4689898192882538,-0.1744397133588791,-0.017843451350927353,20.246444702148438,-37.12628936767578,12.819780349731445,44.1885353174883,99282733,1720698305
5.0,0,-0.21069295704364777,2.3535361289978027,9.845107078552246,0.49801871180534363,-0.1526014655828476,-0.024235136806964874,20.595521926879883,-37.47653579711914,13.831868171691895,44.944263659697505,112282733,1720698305
5.0,0,1.1947249174118042,1.601745367050171,11.147573471069336,0.4908280670642853,-0.1494056135416031,-0.019175052642822266,20.420982360839844,-38.7024040222168,15.350000381469727,46.37364671224116,124282733,1720698305
5.0,0,0.9409356117248535,0.39026084542274475,11.169121742248535,0.4828384518623352,-0.1725754737854004,-0.013049688190221786,20.07190704345703,-36.250667572021484,16.02472496032715,44.42729073252748,137282733,1720698305
5.0,0,0.27773162722587585,1.61371648311615,11.317564010620117,0.4652613401412964,-0.15340042114257812,-0.010386486537754536,19.897367477416992,-37.12628936767578,16.53076934814453,45.24967325832665,149282733,1720698305
5.0,0,0.31603944301605225,0.768550455570221,10.762100219726562,0.466592937707901,-0.15473201870918274,-0.014647609554231167,19.722829818725586,-35.900421142578125,15.012638092041016,43.62579004161967,162282733,1720698305
5.0,0,1.1540228128433228,1.5107643604278564,10.56098461151123,0.4522116482257843,-0.15606361627578735,-0.019441373646259308,20.07190704345703,-37.301414489746094,16.699451446533203,45.53184219765482,174282733,1720698305
5.0,0,0.15562549233436584,1.2186672687530518,9.89299201965332,0.46819087862968445,-0.15739521384239197,-0.018376091495156288,19.722829818725586,-38.7024040222168,16.02472496032715,46.29965338111556,187282733,1720698305
5.0,0,0.4501167833805084,0.7326369285583496,10.374234199523926,0.4711203873157501,-0.1576615422964096,-0.018376091495156288,20.77005958557129,-36.95116424560547,17.374176025390625,45.8109801996765,199282733,1720698305
5.0,0,0.47405916452407837,0.08619257807731628,9.99833869934082,0.4860343039035797,-0.16032473742961884,-0.01384864840656519,18.501060485839844,-38.177032470703125,16.868131637573242,45.65423214021154,212282733,1720698305
5.0,0,0.8092525005340576,0.3974435329437256,10.074954986572266,0.45807069540023804,-0.15899313986301422,-0.01651185005903244,19.024675369262695,-36.60091781616211,16.362089157104492,44.37660892267817,224282733,1720698305
5.0,0,-0.6272904276847839,-0.15562549233436584,9.512308120727539,0.4759141504764557,-0.15712890028953552,-0.012783369049429893,18.15198516845703,-38.52728271484375,15.85604476928711,45.44513433439293,237282733,1720698305
5.0,0,0.4525110125541687,0.16759668290615082,10.252128601074219,0.45380955934524536,-0.16112370789051056,-0.013316008262336254,19.024675369262695,-36.95116424560547,17.711538314819336,45.17770912174339,249282733,1720698305
5.0,0,-0.7446081042289734,-1.1109265089035034,9.08613395690918,0.47058776021003723,-0.15100352466106415,-0.010120166465640068,17.62837028503418,-38.35215759277344,16.699451446533203,45.39294118629377,262282733,1720698305
5.0,0,0.1508370041847229,0.2657604515552521,9.581741333007812,0.4564727544784546,-0.15872682631015778,-0.013316008262336254,18.85013771057129,-39.92827224731445,17.542858123779297,47.51154057188856,274282733,1720698305
5.0,0,-1.0079742670059204,-1.4197832345962524,9.256125450134277,0.48070788383483887,-0.1619226634502411,-0.014913929626345634,17.62837028503418,-39.40290069580078,18.04890251159668,46.787935453731386,287282733,1720698305
5.0,0,0.15801972150802612,0.5171554684638977,9.981578826904297,0.4610002040863037,-0.15047089755535126,-0.011718087829649448,17.802907943725586,-39.22777557373047,18.55494499206543,46.90466811922142,299282733,1720698305
5.0,0,-0.8092525005340576,-0.871502697467804,9.119653701782227,0.4785773456096649,-0.15899313986301422,-0.0098538463935256,17.62837028503418,-40.453643798828125,18.38626480102539,47.80493142806677,312282733,1720698305
5.0,0,0.4309628903865814,0.3687126934528351,9.59610652923584,0.4652613401412964,-0.161390021443367,-0.00878856610506773,16.23206329345703,-40.103397369384766,17.711538314819336,46.74891387836605,324282733,1720698305
5.0,0,-0.18196210265159607,-1.0486763715744019,9.11725902557373,0.48070788383483887,-0.15846049785614014,-0.01145176775753498,16.23206329345703,-39.40290069580078,20.073078155517578,47.106230252944776,337282733,1720698305
5.0,0,0.03591357171535492,0.19153906404972076,9.572164535522461,0.47298464179039,-0.15846049785614014,-0.010652806609869003,17.62837028503418,-39.40290069580078,20.41044044494629,47.74865549212996,349282733,1720698305
5.0,0,-0.22266416251659393,-1.261763572692871,8.638411521911621,0.49615445733070374,-0.16937962174415588,-0.009587526321411133,17.62837028503418,-39.40290069580078,20.41044044494629,47.74865549212996,362282733,1720698305
5.0,0,0.24181805551052094,0.12450038641691208,10.070165634155273,0.4748488664627075,-0.15739521384239197,-0.0143812894821167,16.93021583557129,-39.75314712524414,20.747802734375,47.93137002950024,374282733,1720698305
5.0,0,0.2537892460823059,-1.02952241897583,9.19148063659668,0.49002912640571594,-0.16804802417755127,-0.009321206249296665,17.62837028503418,-40.453643798828125,20.41044044494629,48.619366662529046,387282733,1720698305
5.0,0,0.26097196340560913,0.46448221802711487,9.375837326049805,0.4633970856666565,-0.15526466071605682,-0.015446570701897144,17.62837028503418,-40.453643798828125,20.41044044494629,48.619366662529046,400282733,1720698305
5.0,0,-0.06943290680646896,-0.8164352178573608,8.7677001953125,0.4990839958190918,-0.1669827401638031,-0.012517048045992851,17.62837028503418,-40.103397369384766,21.422527313232422,48.76439885776551,412282733,1720698305
5.0,0,0.07422138750553131,0.7470023036003113,9.598501205444336,0.48070788383483887,-0.15659627318382263,-0.013316008262336254,17.45383071899414,-40.9790153503418,20.241758346557617,48.92488821460185,425282733,1720698305
5.0,0,0.055067479610443115,-0.9145990014076233,8.92811393737793,0.509470522403717,-0.16937962174415588,-0.010386486537754536,17.45383071899414,-40.9790153503418,20.241758346557617,48.92488821460185,437282733,1720698305
5.0,0,-0.1221061497926712,1.5059758424758911,9.610472679138184,0.4966871440410614,-0.1637869030237198,-0.007723285350948572,17.279293060302734,-42.20488357543945,22.434616088867188,50.82458229375903,450282733,1720698305
5.0,0,-0.06225019320845604,-0.08619257807731628,9.538644790649414,0.5142642855644226,-0.1720428317785263,-0.011984407901763916,16.057525634765625,-42.380008697509766,22.94066047668457,50.79550344094127,462282733,1720698305
5.0,0,-0.2657604515552521,1.8483519554138184,9.845107078552246,0.4870995879173279,-0.16485218703746796,-0.010652806609869003,14.312141418457031,-42.73025894165039,21.591209411621094,49.96891778955075,475282733,1720698305
5.0,0,-0.5195496678352356,0.17238515615463257,8.930508613586426,0.5137315988540649,-0.17044490575790405,-0.002130561275407672,15.533909797668457,-41.15414047241211,22.434616088867188,49.37891888933968,487282733,1720698305
5.0,0,0.9576953053474426,1.972852349281311,10.115656852722168,0.5009482502937317,-0.16911330819129944,-0.011185446754097939,15.533909797668457,-41.854637145996094,23.784067153930664,50.58453177215125,500282733,1720698305
5.0,0,0.8092525005340576,0.8116468191146851,9.325557708740234,0.5182590484619141,-0.1707112193107605,-0.013316008262336254,15.359371185302734,-43.43075180053711,23.27802276611328,51.61401775746055,512282733,1720698305
5.0,0,0.6775694489479065,3.4189720153808594,9.634414672851562,0.49455657601356506,-0.1632542759180069,-0.006658004131168127,15.359371185302734,-43.43075180053711,23.27802276611328,51.61401775746055,525282733,1720698305
5.0,0,0.9648780226707458,1.7549766302108765,9.282461166381836,0.5350372195243835,-0.17843452095985413,-0.010120166465640068,14.835756301879883,-42.90538024902344,23.784067153930664,51.25088457524165,537282733,1720698305
5.0,0,1.3790812492370605,2.32480525970459,10.024675369262695,0.4990839958190918,-0.16538482904434204,-0.010652806609869003,15.533909797668457,-42.90538024902344,24.796154022216797,51.932872655081276,550282733,1720698305
5.0,0,1.2282441854476929,2.03749680519104,9.426115989685059,0.5294445157051086,-0.17337442934513092,-0.009054886177182198,15.533909797668457,-42.90538024902344,24.796154022216797,51.932872655081276,562282733,1720698305
5.0,0,1.599351167678833,3.0263171195983887,10.077349662780762,0.4996166527271271,-0.16964595019817352,-0.0015979211311787367,16.057525634765625,-43.43075180053711,24.290111541748047,52.288467659528656,575282733,1720698305
5.0,0,1.4245717525482178,2.6983065605163574,10.115656852722168,0.5377004146575928,-0.17710290849208832,-0.00719064474105835,14.661218643188477,-43.43075180053711,25.30219841003418,52.35821595933126,587282733,1720698305
5.0,0,1.2665519714355469,3.2705295085906982,10.084531784057617,0.49455657601356506,-0.1637869030237198,-0.007989604957401752,13.613988876342773,-43.781002044677734,23.952747344970703,51.7286278431321,600282733,1720698305
5.0,0,1.757370948791504,3.356721878051758,9.603289604187012,0.5400972962379456,-0.1794998049736023,-0.009321206249296665,15.010294914245605,-43.781002044677734,25.30219841003418,52.74738228414221,612282733,1720698305
5.0,0,1.5801972150802612,3.7038865089416504,10.113262176513672,0.5073399543762207,-0.17417339980602264,-0.010120166465640068,14.661218643188477,-42.380008697509766,24.96483612060547,51.325037864896586,625282733,1720698305
5.0,0,1.7070918083190918,3.9121851921081543,10.122838973999023,0.5446247458457947,-0.17843452095985413,-0.011984407901763916,14.835756301879883,-45.00687026977539,26.145605087280273,54.123106912936706,637282733,1720698305
5.0,0,1.300071358680725,3.5530495643615723,10.079743385314941,0.49455657601356506,-0.16804802417755127,-0.005592723377048969,14.486680030822754,-43.95612335205078,26.145605087280273,53.156348104776335,650282733,1720698305
5.0,0,1.6185050010681152,4.776504993438721,10.319167137145996,0.5406299233436584,-0.1776355504989624,-0.010120166465640068,13.264911651611328,-44.83174514770508,25.63956069946289,53.321949767195065,662282733,1720698305
5.0,0,0.5746171474456787,3.4740395545959473,9.902568817138672,0.4921596944332123,-0.16352058947086334,-0.004793763160705566,14.835756301879883,-43.95612335205078,26.145605087280273,53.25254088369388,675282733,1720698305
5.0,0,1.9034193754196167,4.302446365356445,9.885809898376465,0.5384994149208069,-0.173907071352005,-0.00719064474105835,13.264911651611328,-44.48149871826172,25.9769229888916,53.19174877101314,687282733,1720698305
5.0,0,0.5650402307510376,3.3591160774230957,9.126835823059082,0.4966871440410614,-0.1632542759180069,-0.009321206249296665,12.741296768188477,-44.656620025634766,27.49505615234375,53.96788367417709,700282733,1720698305
5.0,0,1.5227354764938354,5.523507595062256,10.786043167114258,0.5528806447982788,-0.1845598816871643,-0.005859043914824724,14.137603759765625,-43.25563049316406,26.482967376708984,52.6523405985443,712282733,1720698305
5.0,0,1.0079742670059204,4.0390801429748535,10.122838973999023,0.4828384518623352,-0.15792787075042725,-0.006658004131168127,14.486680030822754,-43.95612335205078,28.507143020629883,54.356801613549614,725282733,1720698305
5.0,0,1.0367051362991333,5.0949387550354,9.24415397644043,0.5313087701797485,-0.17124387621879578,-0.006125363986939192,14.835756301879883,-44.656620025634766,26.820329666137695,54.16311900696819,737282733,1720698305
5.0,0,0.7565792798995972,3.42854905128479,9.311192512512207,0.4897627830505371,-0.1632542759180069,-0.008522245101630688,14.137603759765625,-43.95612335205078,28.169780731201172,54.08834594118031,750282733,1720698305
5.0,0,1.4700623750686646,5.020717620849609,10.000733375549316,0.5355698466300964,-0.16831433773040771,-0.011718087829649448,12.217681884765625,-44.83174514770508,29.687911987304688,55.14099420387755,762282733,1720698305
5.0,0,1.1348689794540405,3.9888007640838623,9.715819358825684,0.486566960811615,-0.16218899190425873,-0.007989604957401752,13.43945026397705,-46.057613372802734,28.169780731201172,55.63685037311551,775282733,1720698305
5.0,0,0.9457241296768188,5.329574108123779,9.689481735229492,0.540363609790802,-0.17177650332450867,-0.013049688190221786,14.835756301879883,-45.00687026977539,28.507143020629883,55.302578960911106,787282733,1720698305
5.0,0,1.5011874437332153,4.652004718780518,10.237763404846191,0.4908280670642853,-0.16671642661094666,-0.010120166465640068,13.43945026397705,-45.00687026977539,27.49505615234375,54.426237309764865,800282733,1720698305
5.0,0,1.4221774339675903,5.607305526733398,9.811588287353516,0.5129326581954956,-0.16751539707183838,-0.007989604957401752,13.613988876342773,-45.18199157714844,29.350549697875977,55.571645859828415,812282733,1720698305
5.0,0,1.0558589696884155,3.945704698562622,8.834739685058594,0.47884365916252136,-0.15686258673667908,-0.00825592502951622,13.613988876342773,-45.18199157714844,31.037363052368164,56.48071317934296,825282733,1720698305
5.0,0,1.9153906106948853,5.090150356292725,10.089320182800293,0.5337056517601013,-0.18189668655395508,-0.010919126681983471,12.56675910949707,-44.83174514770508,31.71208953857422,56.33351959896926,837282733,1720698305
5.0,0,1.3311964273452759,5.308026313781738,9.639203071594238,0.4934912621974945,-0.1619226634502411,-0.010386486537754536,12.392220497131348,-47.10835647583008,29.51923179626465,56.95743519984907,850282733,1720698305
5.0,0,2.1787569522857666,4.982409954071045,9.406962394714355,0.5121337175369263,-0.17310811579227448,-0.006391684524714947,12.392220497131348,-46.407859802246094,30.53131866455078,56.915885301651926,863282733,1720698305
5.0,0,1.0821956396102905,4.271320819854736,9.045432090759277,0.491627037525177,-0.15925946831703186,-0.0098538463935256,11.868605613708496,-45.18199157714844,31.71208953857422,56.46178163141696,875282733,1720698305
5.0,0,1.8268038034439087,5.6623735427856445,9.708635330200195,0.5257160067558289,-0.17177650332450867,-0.006658004131168127,13.264911651611328,-46.23273849487305,32.724178314208984,58.17470099794683,888282733,1720698305
5.0,0,1.5514663457870483,4.316811561584473,9.35189437866211,0.48124057054519653,-0.15712890028953552,-0.004527443088591099,12.56675910949707,-47.28348159790039,30.700000762939453,57.75933788903397,900282733,1720698305
5.0,0,1.704697608947754,5.133246898651123,9.560193061828613,0.5169274806976318,-0.16804802417755127,-0.005060083232820034,12.9158353805542,-45.53224182128906,30.700000762939453,56.41359672715792,913282733,1720698305
5.0,0,1.3120425939559937,4.101330280303955,9.251337051391602,0.471653014421463,-0.1595257818698883,-0.006391684524714947,12.9158353805542,-47.63372802734375,31.71208953857422,58.663851495303966,925282733,1720698305
5.0,0,2.018342971801758,5.786873817443848,9.533856391906738,0.5222538709640503,-0.16858068108558655,-0.007456964813172817,13.43945026397705,-47.4586067199707,31.206045150756836,58.367417530244005,938282733,1720698305
5.0,0,1.9632753133773804,6.512328147888184,9.071768760681152,0.5169274806976318,-0.16937962174415588,-0.006391684524714947,12.741296768188477,-47.10835647583008,30.868682861328125,57.7443804606317,950282733,1720698305
5.0,0,3.914579391479492,17.607227325439453,13.125213623046875,0.3459499180316925,-0.10333222150802612,-0.007456964813172817,11.694067001342773,-46.75811004638672,31.880769729614258,57.7880224328069,963282733,1720698305
5.0,0,-8.918537139892578,-34.14423370361328,-12.05977725982666,-0.23436175286769867,0.02157193422317505,0.016245530918240547,12.217681884765625,-47.983978271484375,31.374725341796875,58.61831890858698,975282733,1720698305
5.0,0,2.2817089557647705,23.89210319519043,4.695101261138916,0.3158557415008545,-0.027164656668901443,-0.021305613219738007,11.51952838897705,-46.582984924316406,32.0494499206543,57.70477674317842,988282733,1720698305
5.0,0,-4.5011677742004395,-29.746015548706055,-7.541850566864014,0.030626820400357246,-0.040746983140707016,0.010386486537754536,13.090373992919922,-46.75811004638672,32.21813201904297,58.2725216305336,282733,1720698306
