IMU,nth_pos,acc.x,acc.y,acc.z,gyr.x,gyr.y,gyr.z,mag.x,mag.y,mag.z,mag.norm,nsecs,secs
5.0,0,-0.07422138750553131,0.14604853093624115,10.460427284240723,-0.004261122550815344,-0.002130561275407672,-0.0007989605655893683,11.694067001342773,21.190004348754883,15.687362670898438,28.841997761951973,671018831,1720698885
5.0,0,-0.10295224189758301,0.16759668290615082,10.47239875793457,-0.0034621621016412973,-0.0037284824065864086,-0.002130561275407672,11.694067001342773,21.190004348754883,15.687362670898438,28.841997761951973,684018831,1720698885
5.0,0,-0.04070204868912697,0.16280819475650787,10.465215682983398,-0.004793763160705566,-0.0034621621016412973,-0.002929521957412362,9.599607467651367,21.890501022338867,16.02472496032715,28.777392317514433,696018831,1720698885
5.0,0,-0.055067479610443115,0.11971191316843033,10.565773010253906,-0.0015979211311787367,0.000532640318851918,-0.004793763160705566,11.51952838897705,23.116369247436523,16.19340705871582,30.4842991334481,709018831,1720698885
5.0,0,0.02633661963045597,0.09576953202486038,10.604080200195312,-0.002663201652467251,-0.0031958422623574734,-0.0015979211311787367,11.344990730285645,21.890501022338867,16.02472496032715,29.4056909412688,721018831,1720698885
5.0,0,0.03830781206488609,0.1412600576877594,10.45803165435791,-0.0018642412032932043,0.0018642412032932043,-0.002396881580352783,11.51952838897705,21.014881134033203,17.205495834350586,29.501760121861345,734018831,1720698885
5.0,0,-0.019153906032443047,0.11492343246936798,10.563379287719727,-0.0007989605655893683,-0.000266320159425959,-0.003994802478700876,11.51952838897705,21.365129470825195,15.85604476928711,28.992799922311896,746018831,1720698885
5.0,0,-0.10295224189758301,0.1604139655828476,10.539437294006348,-0.0007989605655893683,0.000266320159425959,-0.0034621621016412973,10.9959135055542,21.890501022338867,16.699451446533203,29.64752649793517,759018831,1720698885
5.0,0,-0.04788476601243019,0.2442122995853424,10.429301261901855,-0.002130561275407672,0.0015979211311787367,0.0007989605655893683,10.9959135055542,21.890501022338867,16.699451446533203,29.64752649793517,771018831,1720698885
5.0,0,0.014365429058670998,0.12689462304115295,10.450849533081055,-0.0007989605655893683,-0.000532640318851918,-0.002663201652467251,10.821375846862793,22.065624237060547,15.518681526184082,29.06584635790512,784018831,1720698885
5.0,0,-0.04309628903865814,0.1316830962896347,10.525071144104004,-0.003994802478700876,-0.002396881580352783,-0.002929521957412362,11.868605613708496,21.365129470825195,14.506593704223633,28.421361990909176,796018831,1720698885
5.0,0,-0.06703867018222809,0.14844277501106262,10.5059175491333,-0.003994802478700876,0.0007989605655893683,-0.002663201652467251,11.170452117919922,23.466615676879883,16.53076934814453,30.80141858886829,809018831,1720698885
5.0,0,0.023942383006215096,0.16520243883132935,10.534648895263672,-0.0031958422623574734,-0.002130561275407672,0.0,10.472298622131348,21.715375900268555,16.19340705871582,29.042262671670844,821018831,1720698885
5.0,0,-0.05267323926091194,0.17238515615463257,10.486763954162598,-0.0037284824065864086,-0.0034621621016412973,-0.004261122550815344,11.170452117919922,22.41587257385254,16.19340705871582,29.824097235879638,834018831,1720698885
5.0,0,0.03830781206488609,0.13407734036445618,10.443666458129883,-0.002663201652467251,0.0013316008262336254,-0.002929521957412362,11.344990730285645,22.94124412536621,16.02472496032715,30.19604786630278,846018831,1720698885
5.0,0,0.0,0.13407734036445618,10.589715003967285,-0.0015979211311787367,-0.000266320159425959,-0.0037284824065864086,11.51952838897705,21.014881134033203,15.181319236755371,28.368948114977254,859018831,1720698885
5.0,0,-0.04070204868912697,0.11971191316843033,10.546619415283203,-0.0015979211311787367,-0.0013316008262336254,0.0018642412032932043,10.297760963439941,22.59099578857422,16.362089157104492,29.73407024214078,871018831,1720698885
5.0,0,0.05746171623468399,0.12450038641691208,10.503522872924805,0.000266320159425959,0.0015979211311787367,0.002396881580352783,10.64683723449707,21.540252685546875,16.02472496032715,28.881299120870835,884018831,1720698885
5.0,0,-0.050279002636671066,0.16759668290615082,10.470004081726074,-0.0034621621016412973,-0.002396881580352783,-0.000266320159425959,10.9959135055542,23.291492462158203,17.036813735961914,30.88133347526078,896018831,1720698885
5.0,0,-0.08379834145307541,0.07900986075401306,10.5490140914917,-0.002130561275407672,-0.000532640318851918,0.001065280637703836,11.170452117919922,22.76612091064453,16.19340705871582,30.08823181920292,909018831,1720698885
5.0,0,-0.004788476508110762,0.13886581361293793,10.510705947875977,-0.0007989605655893683,0.000532640318851918,0.002130561275407672,10.123222351074219,22.065624237060547,15.85604476928711,28.996302513701288,921018831,1720698885
5.0,0,-0.014365429058670998,0.14365428686141968,10.489157676696777,-0.000266320159425959,-0.0018642412032932043,-0.0013316008262336254,11.344990730285645,22.24074935913086,17.036813735961914,30.226028005674305,934018831,1720698885
5.0,0,0.03112509660422802,0.16280819475650787,10.56098461151123,-0.0015979211311787367,0.000266320159425959,-0.002396881580352783,11.344990730285645,23.291492462158203,16.02472496032715,30.462997978517667,946018831,1720698885
5.0,0,0.014365429058670998,0.1891448199748993,10.539437294006348,-0.004261122550815344,0.0007989605655893683,-0.003994802478700876,10.297760963439941,22.59099578857422,16.362089157104492,29.73407024214078,959018831,1720698885
5.0,0,-0.016759667545557022,0.17238515615463257,10.484369277954102,-0.002663201652467251,-0.001065280637703836,-0.002130561275407672,12.217681884765625,22.41587257385254,17.205495834350586,30.785908802411207,971018831,1720698885
5.0,0,-0.04070204868912697,0.12450038641691208,10.525071144104004,-0.0037284824065864086,-0.003994802478700876,-0.000532640318851918,11.868605613708496,22.065624237060547,16.53076934814453,30.01702695848577,984018831,1720698885
5.0,0,-0.03112509660422802,0.12928886711597443,10.503522872924805,-0.002663201652467251,-0.0018642412032932043,0.0007989605655893683,11.694067001342773,21.190004348754883,15.350000381469727,28.659902286003447,996018831,1720698885
5.0,0,0.004788476508110762,0.15562549233436584,10.525071144104004,-0.0018642412032932043,-0.005060083232820034,0.000266320159425959,11.51952838897705,21.365129470825195,15.181319236755371,28.62936858154315,9018831,1720698886
5.0,0,0.033519335091114044,0.14604853093624115,10.479580879211426,-0.005060083232820034,-0.0007989605655893683,-0.004527443088591099,10.9959135055542,22.59099578857422,16.02472496032715,29.800251921672395,21018831,1720698886
5.0,0,-0.059855956584215164,0.1508370041847229,10.544225692749023,-0.0013316008262336254,0.000266320159425959,-0.001065280637703836,11.51952838897705,21.365129470825195,15.85604476928711,28.992799922311896,34018831,1720698886
5.0,0,-0.011971191503107548,0.1508370041847229,10.565773010253906,-0.0037284824065864086,-0.005060083232820034,-0.000266320159425959,11.170452117919922,22.065624237060547,15.518681526184082,29.197606919078535,47018831,1720698886
5.0,0,0.0,0.17477938532829285,10.513099670410156,-0.007456964813172817,-0.000532640318851918,-0.0013316008262336254,11.170452117919922,21.365129470825195,15.518681526184082,28.671889266928194,59018831,1720698886
5.0,0,-0.028730858117341995,0.10295224189758301,10.429301261901855,-0.005060083232820034,-0.002396881580352783,-0.002396881580352783,10.123222351074219,22.065624237060547,15.181319236755371,28.632915630594123,72018831,1720698886
5.0,0,-0.07661562412977219,0.13407734036445618,10.431695938110352,-0.0018642412032932043,-0.004793763160705566,-0.003994802478700876,10.821375846862793,23.116369247436523,14.843955993652344,29.526458167961525,84018831,1720698886
5.0,0,-0.03591357171535492,0.12928886711597443,10.551407814025879,-0.002396881580352783,0.000266320159425959,-0.0034621621016412973,12.043143272399902,21.190004348754883,15.687362670898438,28.98528819501541,97018831,1720698886
5.0,0,-0.12450038641691208,0.09576953202486038,10.577744483947754,-0.004793763160705566,-0.0037284824065864086,-0.0034621621016412973,12.217681884765625,21.715375900268555,16.19340705871582,29.716253688790616,109018831,1720698886
5.0,0,-0.03591357171535492,0.13647158443927765,10.426907539367676,-0.0018642412032932043,0.0,-0.003994802478700876,11.51952838897705,22.41587257385254,15.518681526184082,29.59730315185439,122018831,1720698886
5.0,0,0.009576953016221523,0.15562549233436584,10.513099670410156,-0.0037284824065864086,-0.002396881580352783,-0.002130561275407672,13.264911651611328,22.76612091064453,15.85604476928711,30.751720247309372,134018831,1720698886
5.0,0,-0.07182714343070984,0.15562549233436584,10.570561408996582,-0.0018642412032932043,-0.0031958422623574734,-0.0034621621016412973,10.64683723449707,21.190004348754883,15.687362670898438,28.43351499492143,147018831,1720698886
5.0,0,-0.08140409737825394,0.10534647852182388,10.539437294006348,0.0015979211311787367,-0.002663201652467251,-0.0031958422623574734,10.64683723449707,22.59099578857422,16.362089157104492,29.856761301291332,159018831,1720698886
5.0,0,-0.1125291958451271,0.10774072259664536,10.47479248046875,-0.0018642412032932043,-0.000266320159425959,-0.002130561275407672,11.694067001342773,22.59099578857422,15.350000381469727,29.710718696497278,172018831,1720698886
5.0,0,-0.055067479610443115,0.11013495922088623,10.553802490234375,0.002929521957412362,-0.0031958422623574734,-0.000266320159425959,10.64683723449707,22.94124412536621,15.687362670898438,29.76153847982024,184018831,1720698886
5.0,0,0.03830781206488609,0.1604139655828476,10.520282745361328,-0.003994802478700876,-0.0015979211311787367,-0.005859043914824724,12.043143272399902,21.190004348754883,16.02472496032715,29.16925426256101,197018831,1720698886
5.0,0,0.02633661963045597,0.19393329322338104,10.393388748168945,-0.002130561275407672,-0.002663201652467251,-0.0007989605655893683,11.170452117919922,22.41587257385254,14.843955993652344,29.113456910978872,209018831,1720698886
5.0,0,-0.03112509660422802,0.2082987278699875,10.520282745361328,-0.0034621621016412973,-0.001065280637703836,-0.0037284824065864086,12.9158353805542,23.116369247436523,16.868131637573242,31.396165302531838,222018831,1720698886
5.0,0,-0.03830781206488609,0.10295224189758301,10.520282745361328,-0.0034621621016412973,0.002130561275407672,-0.0031958422623574734,13.613988876342773,22.065624237060547,15.85604476928711,30.3915551070026,234018831,1720698886
5.0,0,-0.06225019320845604,0.13407734036445618,10.563379287719727,-0.0007989605655893683,0.0007989605655893683,0.002130561275407672,11.694067001342773,21.890501022338867,16.699451446533203,29.913490546173858,247018831,1720698886
5.0,0,-0.009576953016221523,0.12928886711597443,10.426907539367676,-0.0007989605655893683,-0.001065280637703836,0.0013316008262336254,11.344990730285645,20.83975601196289,17.711538314819336,29.609168086687678,259018831,1720698886
5.0,0,-0.02154814451932907,0.12928886711597443,10.465215682983398,-0.001065280637703836,-0.000266320159425959,-0.0037284824065864086,11.868605613708496,21.715375900268555,14.843955993652344,28.85765720298868,272018831,1720698886
5.0,0,-0.055067479610443115,0.12928886711597443,10.517888069152832,-0.004261122550815344,0.001065280637703836,-0.002130561275407672,11.868605613708496,21.715375900268555,14.843955993652344,28.85765720298868,284018831,1720698886
5.0,0,-0.09576953202486038,0.11971191316843033,10.520282745361328,-0.002929521957412362,0.000266320159425959,-0.002130561275407672,12.741296768188477,22.24074935913086,16.02472496032715,30.228850217050297,297018831,1720698886
5.0,0,-0.019153906032443047,0.10295224189758301,10.481975555419922,-0.002130561275407672,0.0018642412032932043,0.0007989605655893683,13.090373992919922,20.83975601196289,17.036813735961914,29.93169464274481,309018831,1720698886
5.0,0,0.05746171623468399,0.21308720111846924,10.5059175491333,-0.0034621621016412973,-0.0013316008262336254,-0.0015979211311787367,13.090373992919922,20.83975601196289,17.036813735961914,29.93169464274481,322018831,1720698886
5.0,0,0.02154814451932907,0.20590448379516602,10.522676467895508,0.0007989605655893683,0.000266320159425959,-0.0013316008262336254,11.170452117919922,21.715375900268555,14.506593704223633,28.40383445783556,334018831,1720698886
5.0,0,-0.10534647852182388,0.1795678734779358,10.479580879211426,-0.005060083232820034,0.002130561275407672,-0.000266320159425959,10.64683723449707,21.890501022338867,16.02472496032715,29.143455322954143,347018831,1720698886
5.0,0,-0.028730858117341995,0.14365428686141968,10.515494346618652,-0.002929521957412362,0.000266320159425959,-0.0007989605655893683,10.64683723449707,21.190004348754883,16.362089157104492,28.81127190845903,359018831,1720698886
5.0,0,0.009576953016221523,0.17238515615463257,10.47239875793457,0.0013316008262336254,-0.004261122550815344,-0.0013316008262336254,12.741296768188477,21.890501022338867,16.362089157104492,30.153816341038915,372018831,1720698886
5.0,0,0.07182714343070984,0.11731767654418945,10.419724464416504,0.0015979211311787367,-0.0007989605655893683,0.002396881580352783,11.868605613708496,22.065624237060547,16.53076934814453,30.01702695848577,384018831,1720698886
5.0,0,-0.011971191503107548,0.14604853093624115,10.484369277954102,-0.000532640318851918,-0.004527443088591099,0.001065280637703836,11.694067001342773,20.4895076751709,16.02472496032715,28.51951854181471,397018831,1720698886
5.0,0,-0.06225019320845604,0.1221061497926712,10.491552352905273,-0.005060083232820034,-0.0015979211311787367,-0.001065280637703836,11.694067001342773,20.4895076751709,16.02472496032715,28.51951854181471,409018831,1720698886
5.0,0,-0.09337528795003891,0.07422138750553131,10.553802490234375,-0.002130561275407672,-0.0007989605655893683,-0.0015979211311787367,10.64683723449707,22.24074935913086,15.350000381469727,29.04528510558424,422018831,1720698886
5.0,0,-0.13407734036445618,0.15323124825954437,10.450849533081055,-0.001065280637703836,-0.002130561275407672,0.0013316008262336254,10.821375846862793,22.41587257385254,16.868131637573242,30.068378463242066,434018831,1720698886
5.0,0,-0.03830781206488609,0.20111601054668427,10.513099670410156,-0.005326403304934502,-0.002396881580352783,-0.0037284824065864086,10.821375846862793,22.41587257385254,16.868131637573242,30.068378463242066,447018831,1720698886
5.0,0,0.03591357171535492,0.1316830962896347,10.47479248046875,-0.002130561275407672,-0.000266320159425959,-0.0015979211311787367,10.297760963439941,21.540252685546875,16.02472496032715,28.754446207004037,459018831,1720698886
5.0,0,-0.016759667545557022,0.21308720111846924,10.513099670410156,-0.002396881580352783,-0.001065280637703836,-0.0031958422623574734,11.344990730285645,21.890501022338867,15.012638092041016,28.866626961976127,472018831,1720698886
5.0,0,-0.08858681470155716,0.17477938532829285,10.467610359191895,-0.003994802478700876,0.0007989605655893683,-0.002929521957412362,11.344990730285645,22.59099578857422,16.699451446533203,30.297418768019913,484018831,1720698886
5.0,0,-0.033519335091114044,0.11013495922088623,10.53225326538086,-0.0037284824065864086,0.000532640318851918,-0.0013316008262336254,12.043143272399902,22.24074935913086,16.02472496032715,29.941276559114222,497018831,1720698886
5.0,0,0.03591357171535492,0.13407734036445618,10.493946075439453,-0.005592723377048969,-0.003994802478700876,-0.002929521957412362,10.472298622131348,23.466615676879883,15.181319236755371,29.846667209686203,510018831,1720698886
5.0,0,0.011971191503107548,0.18196210265159607,10.470004081726074,-0.007456964813172817,0.001065280637703836,-0.0031958422623574734,11.170452117919922,21.365129470825195,16.53076934814453,29.2320730203217,522018831,1720698886
5.0,0,-0.09337528795003891,0.12450038641691208,10.565773010253906,-0.0018642412032932043,-0.000532640318851918,-0.0031958422623574734,11.170452117919922,21.365129470825195,16.53076934814453,29.2320730203217,535018831,1720698886
5.0,0,-0.08140409737825394,0.14604853093624115,10.503522872924805,-0.000532640318851918,-0.0015979211311787367,-0.0018642412032932043,11.344990730285645,22.94124412536621,15.350000381469727,29.84345838539893,547018831,1720698886
5.0,0,-0.059855956584215164,0.15323124825954437,10.498734474182129,-0.000532640318851918,0.0,-0.0031958422623574734,11.51952838897705,21.715375900268555,16.19340705871582,29.436092080364197,560018831,1720698886
5.0,0,-0.04549052566289902,0.1125291958451271,10.525071144104004,-0.002130561275407672,-0.002663201652467251,-0.002130561275407672,11.51952838897705,21.715375900268555,16.19340705871582,29.436092080364197,572018831,1720698886
5.0,0,-0.028730858117341995,0.19393329322338104,10.503522872924805,-0.000532640318851918,-0.002130561275407672,-0.0037284824065864086,12.9158353805542,22.41587257385254,15.518681526184082,30.168188927012128,585018831,1720698886
5.0,0,-0.11492343246936798,0.1604139655828476,10.481975555419922,-0.002130561275407672,-0.0018642412032932043,-0.003994802478700876,11.694067001342773,22.59099578857422,13.663187026977539,28.875369668377225,597018831,1720698886
5.0,0,-0.023942383006215096,0.14604853093624115,10.551407814025879,-0.0015979211311787367,-0.004261122550815344,-0.0034621621016412973,11.170452117919922,21.365129470825195,14.843955993652344,28.312378694933994,610018831,1720698886
5.0,0,0.02154814451932907,0.12689462304115295,10.465215682983398,-0.002663201652467251,-0.002396881580352783,-0.000532640318851918,10.472298622131348,22.41587257385254,14.843955993652344,28.85278862120221,622018831,1720698886
5.0,0,0.03591357171535492,0.07900986075401306,10.47479248046875,-0.0015979211311787367,-0.000532640318851918,-0.002929521957412362,10.9959135055542,22.94124412536621,17.374176025390625,30.807024984612475,635018831,1720698886
5.0,0,0.03830781206488609,0.14604853093624115,10.527464866638184,-0.0007989605655893683,-0.0018642412032932043,0.000532640318851918,11.170452117919922,23.116369247436523,15.181319236755371,29.826464448050984,647018831,1720698886
5.0,0,-0.04788476601243019,0.10295224189758301,10.462821960449219,-0.0013316008262336254,-0.0013316008262336254,-0.003994802478700876,11.170452117919922,23.116369247436523,15.181319236755371,29.826464448050984,660018831,1720698886
5.0,0,-0.06943290680646896,0.07900986075401306,10.525071144104004,-0.0031958422623574734,-0.000266320159425959,-0.0015979211311787367,10.9959135055542,21.190004348754883,15.687362670898438,28.56605933078936,672018831,1720698886
5.0,0,-0.08379834145307541,0.11731767654418945,10.551407814025879,-0.0007989605655893683,0.000532640318851918,0.000532640318851918,11.51952838897705,20.31438446044922,15.181319236755371,27.854015941685457,685018831,1720698886
5.0,0,-0.023942383006215096,0.15323124825954437,10.539437294006348,-0.002396881580352783,0.0,0.0,11.170452117919922,22.76612091064453,16.19340705871582,30.08823181920292,697018831,1720698886
5.0,0,-0.028730858117341995,0.14844277501106262,10.450849533081055,0.000532640318851918,0.0007989605655893683,-0.002396881580352783,12.217681884765625,21.014881134033203,16.868131637573242,29.587680623147435,710018831,1720698886
5.0,0,-2.214670419692993,12.60566520690918,1.996794581413269,0.17683659493923187,0.057258836925029755,-0.47884365916252136,11.170452117919922,22.41587257385254,16.19340705871582,29.824097235879638,722018831,1720698886
5.0,0,3.3710873126983643,3.356721878051758,-1.8722944259643555,-0.03621954470872879,0.1656511425971985,-1.0378496646881104,10.9959135055542,22.59099578857422,16.02472496032715,29.800251921672395,735018831,1720698886
5.0,0,9.208239555358887,25.936782836914062,-9.335135459899902,-0.16485218703746796,0.21492037177085876,-1.3435852527618408,11.170452117919922,22.41587257385254,15.518681526184082,29.463194329146717,747018831,1720698886
5.0,0,-5.128458499908447,-0.5171554684638977,1.4868218898773193,-0.5025461316108704,0.47431620955467224,-1.9489309787750244,10.9959135055542,22.59099578857422,16.699451446533203,30.168441841701522,760018831,1720698886
5.0,0,6.141221046447754,11.79162311553955,2.7677392959594727,-0.5763168334960938,0.422916442155838,-2.0629160404205322,10.64683723449707,22.24074935913086,15.687362670898438,29.22497943064889,772018831,1720698886
5.0,0,-3.6200881004333496,-11.827536582946777,15.924078941345215,-0.6972262263298035,0.47751206159591675,-2.193679094314575,10.472298622131348,22.76612091064453,16.53076934814453,30.020520231847,785018831,1720698886
5.0,0,-1.3647156953811646,-7.707052707672119,21.047746658325195,-0.4239816963672638,0.4359661340713501,-2.1854233741760254,9.948683738708496,22.24074935913086,17.711538314819336,30.121849705252764,797018831,1720698886
5.0,0,0.6751751899719238,-9.064586639404297,18.845048904418945,-0.23995447158813477,0.3640596866607666,-2.1302950382232666,9.425068855285645,23.816864013671875,16.53076934814453,30.48509914063211,810018831,1720698886
5.0,0,-0.533915102481842,0.5123670101165771,10.537042617797852,-0.07670021057128906,0.31931787729263306,-2.0733025074005127,9.599607467651367,23.291492462158203,17.036813735961914,30.412153934268137,822018831,1720698886
5.0,0,-1.5969569683074951,3.605722665786743,6.438106536865234,-0.19867484271526337,0.3297043740749359,-2.0298924446105957,9.948683738708496,22.59099578857422,16.362089157104492,29.614985403292998,835018831,1720698886
5.0,0,-0.9576953053474426,3.689521312713623,5.367882251739502,-0.3185189366340637,0.32863909006118774,-1.984617829322815,6.981532573699951,22.065624237060547,16.53076934814453,28.441165680934073,847018831,1720698886
5.0,0,0.43814560770988464,2.45169997215271,6.6416168212890625,-0.4221174418926239,0.31132829189300537,-1.9958033561706543,7.156070709228516,21.540252685546875,16.362089157104492,27.980525287022832,860018831,1720698886
5.0,0,0.36392420530319214,-1.8698999881744385,10.63520622253418,-0.49269232153892517,0.2894900441169739,-1.9859495162963867,8.377839088439941,23.816864013671875,17.205495834350586,30.552582315466985,872018831,1720698886
5.0,0,-1.2043018341064453,-4.5538411140441895,13.649552345275879,-0.46552765369415283,0.29934385418891907,-1.997667670249939,6.283379554748535,23.466615676879883,19.567033767700195,31.19345637183761,885018831,1720698886
5.0,0,-1.9704581499099731,-2.9329419136047363,12.253711700439453,-0.4034750461578369,0.29295217990875244,-2.0067224502563477,7.330609321594238,23.116369247436523,17.205495834350586,29.734381566051255,897018831,1720698886
5.0,0,-0.37350115180015564,-1.4173890352249146,11.049408912658691,-0.3789736032485962,0.26285800337791443,-1.9928737878799438,4.712534427642822,22.59099578857422,16.699451446533203,28.485658673553907,910018831,1720698886
5.0,0,0.617713451385498,-0.15562549233436584,9.464424133300781,-0.3765767216682434,0.24048711359500885,-1.9699703454971313,3.8398427963256836,23.816864013671875,16.868131637573242,29.436733329103145,922018831,1720698886
5.0,0,-0.02633661963045597,0.7948870658874512,9.119653701782227,-0.4173237085342407,0.22903534770011902,-1.9886127710342407,5.585226058959961,22.76612091064453,16.868131637573242,28.87948885264888,935018831,1720698886
5.0,0,-2.4062094688415527,-0.9026277661323547,9.397384643554688,-0.4402272403240204,0.24288399517536163,-1.9824873208999634,2.967151403427124,23.641740798950195,16.699451446533203,29.09652168336837,947018831,1720698886
5.0,0,0.04549052566289902,-0.6153191924095154,9.864261627197266,-0.4711203873157501,0.21412141621112823,-2.0077877044677734,2.618074655532837,23.291492462158203,17.711538314819336,29.37765350558191,960018831,1720698886
5.0,0,-0.3280106484889984,-1.4437257051467896,11.044620513916016,-0.48683327436447144,0.1914842128753662,-2.001129627227783,1.7453831434249878,23.116369247436523,17.205495834350586,28.869395151388893,973018831,1720698886
5.0,0,-1.3096483945846558,-1.7789191007614136,10.860264778137207,-0.4527443051338196,0.18376091122627258,-2.0035266876220703,2.7926130294799805,23.816864013671875,17.880220413208008,29.912271411630712,985018831,1720698886
5.0,0,-0.636867344379425,-2.631267786026001,10.939274787902832,-0.44821682572364807,0.1869567483663559,-1.9936727285385132,3.1416897773742676,23.816864013671875,17.880220413208008,29.946878103199616,998018831,1720698886
5.0,0,0.8403776288032532,-0.055067479610443115,9.366259574890137,-0.4309060573577881,0.16831433773040771,-1.991808533668518,0.6981532573699951,22.76612091064453,18.55494499206543,29.378047296364617,10018831,1720698887
5.0,0,0.16280819475650787,-0.4405398368835449,9.85707950592041,-0.441558837890625,0.1432802528142929,-1.9942054748535156,1.7453831434249878,23.116369247436523,17.880220413208008,29.276529362717866,23018831,1720698887
5.0,0,0.533915102481842,-1.264157772064209,9.897780418395996,-0.4764467775821686,0.12916527688503265,-1.9910095930099487,0.34907662868499756,24.167112350463867,17.205495834350586,29.66816915076649,35018831,1720698887
5.0,0,-1.9345444440841675,-1.8962366580963135,10.070165634155273,-0.48869749903678894,0.14620977640151978,-2.004059314727783,-1.9199213981628418,23.291492462158203,17.711538314819336,29.323681705529566,48018831,1720698887
5.0,0,-0.22745263576507568,-0.35195302963256836,9.792434692382812,-0.48949646949768066,0.10812598466873169,-2.0219027996063232,-1.2217681407928467,23.991989135742188,18.38626480102539,30.251661002544186,60018831,1720698887
5.0,0,-1.1348689794540405,-2.604931116104126,10.702245712280273,-0.503078818321228,0.09853846579790115,-2.0005970001220703,-2.268998146057129,23.991989135742188,17.036813735961914,29.512995740016674,73018831,1720698887
5.0,0,-0.7637620568275452,-2.1260836124420166,9.80919361114502,-0.4748488664627075,0.09480997920036316,-2.0168426036834717,-2.967151403427124,23.291492462158203,17.036813735961914,29.00949208172202,85018831,1720698887
5.0,0,-0.016759667545557022,-1.4796391725540161,9.876233100891113,-0.4892301559448242,0.07243908941745758,-1.9963359832763672,-4.712534427642822,24.34223747253418,18.7236270904541,31.069707390372262,98018831,1720698887
5.0,0,2.0997469425201416,-1.1516284942626953,10.110868453979492,-0.47937631607055664,0.038616426289081573,-2.0131142139434814,-3.8398427963256836,22.41587257385254,16.868131637573242,28.31518322190743,110018831,1720698887
5.0,0,-0.11731767654418945,-1.8962366580963135,10.510705947875977,-0.4908280670642853,0.03994802385568619,-2.005657196044922,-4.537996292114258,21.715375900268555,19.229671478271484,29.358665262566944,123018831,1720698887
5.0,0,0.03830781206488609,-1.3695042133331299,9.658356666564941,-0.46819087862968445,0.03275737911462784,-2.0213701725006104,-5.4106879234313965,22.59099578857422,18.7236270904541,29.83626729245016,135018831,1720698887
5.0,0,-0.6225019693374634,-2.4924020767211914,10.048617362976074,-0.4884311854839325,0.0375511460006237,-2.0048582553863525,-6.283379554748535,23.116369247436523,17.880220413208008,29.892301146578884,148018831,1720698887
5.0,0,0.4333571195602417,-2.1284778118133545,10.098896980285645,-0.4764467775821686,0.021838253363966942,-2.0290935039520264,-5.236149311065674,23.466615676879883,18.89230728149414,30.578073604341963,160018831,1720698887
5.0,0,-0.9409356117248535,-1.3647156953811646,9.823558807373047,-0.4796426296234131,0.001065280637703836,-2.0061898231506348,-5.236149311065674,23.466615676879883,18.89230728149414,30.578073604341963,173018831,1720698887
5.0,0,0.21069295704364777,-3.043076753616333,10.13720417022705,-0.4940238893032074,-0.021305613219738007,-2.0160436630249023,-6.4579176902771,21.540252685546875,18.04890251159668,28.834875906178688,185018831,1720698887
5.0,0,0.7781273722648621,-1.185148000717163,9.658356666564941,-0.47990894317626953,-0.03808378428220749,-2.024033308029175,-7.505147457122803,19.438764572143555,19.060989379882812,28.24029253716019,198018831,1720698887
5.0,0,0.04788476601243019,-1.7525824308395386,10.225790977478027,-0.46579399704933167,-0.04926923289895058,-2.024832248687744,-7.505147457122803,19.438764572143555,19.060989379882812,28.24029253716019,210018831,1720698887
5.0,0,-0.5530690550804138,-2.808441638946533,9.282461166381836,-0.47804468870162964,-0.05486195534467697,-2.0168426036834717,-10.472298622131348,20.66463279724121,18.21758270263672,29.47162035931041,223018831,1720698887
5.0,0,1.5107643604278564,-2.6695754528045654,9.94566535949707,-0.49002912640571594,-0.09161414206027985,-2.0242996215820312,-11.51952838897705,20.66463279724121,17.542858123779297,29.45298718466965,235018831,1720698887
5.0,0,2.2362186908721924,-1.652024269104004,10.223396301269531,-0.5062746405601501,-0.07856445014476776,-2.0376155376434326,-10.821375846862793,21.715375900268555,18.89230728149414,30.75026829358447,248018831,1720698887
5.0,0,0.4070205092430115,-1.8459577560424805,9.80679988861084,-0.4689898192882538,-0.11052287369966507,-2.0370829105377197,-10.297760963439941,19.438764572143555,18.04890251159668,28.454741798591176,260018831,1720698887
5.0,0,-0.016759667545557022,-3.96964693069458,10.015098571777344,-0.4804415702819824,-0.10972391068935394,-2.03255558013916,-12.392220497131348,18.388019561767578,18.38626480102539,28.80522740036771,273018831,1720698887
5.0,0,0.6536269783973694,-3.1819424629211426,9.957636833190918,-0.4711203873157501,-0.11265343427658081,-2.026430130004883,-14.661218643188477,19.263641357421875,19.229671478271484,30.916330241686182,285018831,1720698887
5.0,0,0.6751751899719238,-1.5586491823196411,9.687088012695312,-0.45380955934524536,-0.13608960807323456,-2.0274953842163086,-14.661218643188477,19.263641357421875,19.229671478271484,30.916330241686182,298018831,1720698887
5.0,0,0.27054890990257263,-3.665578603744507,9.64638614654541,-0.471653014421463,-0.1595257818698883,-2.0397462844848633,-13.963065147399902,17.862648010253906,18.89230728149414,29.512042570231532,310018831,1720698887
5.0,0,1.2569750547409058,-3.222644567489624,9.835530281066895,-0.4695224463939667,-0.1813640296459198,-2.0333545207977295,-13.963065147399902,16.111408233642578,19.567033767700195,28.93809727760171,323018831,1720698887
5.0,0,2.2314300537109375,-2.3798727989196777,10.15635871887207,-0.45753806829452515,-0.19974012672901154,-2.0570571422576904,-13.963065147399902,16.111408233642578,19.567033767700195,28.93809727760171,335018831,1720698887
5.0,0,1.6616014242172241,-2.9305477142333984,10.71900463104248,-0.4495484530925751,-0.19041892886161804,-2.051464319229126,-16.23206329345703,15.936284065246582,19.398351669311523,29.89550260586546,348018831,1720698887
5.0,0,1.9536983966827393,-4.616091251373291,10.218607902526855,-0.4471515715122223,-0.19734324514865875,-2.0501327514648438,-17.45383071899414,16.46165657043457,18.55494499206543,30.329990561634027,360018831,1720698887
5.0,0,1.2713404893875122,-2.7414026260375977,9.478789329528809,-0.4484831690788269,-0.21252350509166718,-2.0392136573791504,-16.755678176879883,13.659672737121582,19.904396057128906,29.38578555784208,373018831,1720698887
5.0,0,1.3383792638778687,-2.995191812515259,9.50991439819336,-0.4378303587436676,-0.23595966398715973,-2.0397462844848633,-17.279293060302734,14.885540008544922,19.060989379882812,29.723300391272552,385018831,1720698887
5.0,0,2.446911573410034,-3.1843366622924805,10.201848983764648,-0.42557963728904724,-0.2524715065956116,-2.0488011837005615,-17.977445602416992,13.484548568725586,20.073078155517578,30.132209794963565,398018831,1720698887
5.0,0,1.7549766302108765,-4.225830554962158,9.75412654876709,-0.42744386196136475,-0.24048711359500885,-2.0546600818634033,-18.15198516845703,12.959176063537598,20.916484832763672,30.576692881357896,410018831,1720698887
5.0,0,0.9002335667610168,-3.2346158027648926,9.612866401672363,-0.41679105162620544,-0.24421559274196625,-2.0570571422576904,-18.15198516845703,12.959176063537598,20.916484832763672,30.576692881357896,423018831,1720698887
5.0,0,0.6919348239898682,-2.703094959259033,9.845107078552246,-0.38563162088394165,-0.2615264058113098,-2.056790828704834,-19.897367477416992,12.25868034362793,22.265933990478516,32.27928581562745,435018831,1720698887
5.0,0,2.9281532764434814,-2.8299896717071533,9.91454029083252,-0.402942419052124,-0.2844299376010895,-2.0453388690948486,-20.77005958557129,11.032812118530273,19.735713958740234,30.702063837667076,448018831,1720698887
5.0,0,2.5714118480682373,-2.6647870540618896,9.713424682617188,-0.38616424798965454,-0.28682681918144226,-2.0498664379119873,-20.77005958557129,11.032812118530273,19.735713958740234,30.702063837667076,461018831,1720698887
5.0,0,1.0079742670059204,-2.727037191390991,9.399779319763184,-0.38882744312286377,-0.3004091680049896,-2.0549263954162598,-19.897367477416992,9.456696510314941,21.253847122192383,30.611441634021414,473018831,1720698887
5.0,0,3.5027706623077393,-2.3655073642730713,10.041435241699219,-0.38003888726234436,-0.3139914870262146,-2.0647802352905273,-23.21359634399414,7.530332088470459,20.747802734375,32.03198830683298,486018831,1720698887
5.0,0,2.7773163318634033,-3.299260139465332,9.507519721984863,-0.35127630829811096,-0.2958817183971405,-2.0733025074005127,-21.29367446899414,7.355208396911621,21.591209411621094,31.20416617713038,498018831,1720698887
5.0,0,2.090169906616211,-3.658396005630493,9.59610652923584,-0.37311455607414246,-0.3315685987472534,-2.0671772956848145,-23.737211227416992,6.304464340209961,21.591209411621094,32.70140350701275,511018831,1720698887
5.0,0,2.6767585277557373,-2.3655073642730713,10.1898775100708,-0.34009087085723877,-0.3352971076965332,-2.053328514099121,-22.51544189453125,6.829836368560791,19.735713958740234,30.70977359064281,523018831,1720698887
5.0,0,3.2609524726867676,-2.7964701652526855,9.924118041992188,-0.3219811022281647,-0.3454172611236572,-2.053328514099121,-24.260826110839844,4.3780999183654785,21.759891510009766,32.88234056454916,536018831,1720698887
5.0,0,2.554651975631714,-1.5849857330322266,9.071768760681152,-0.31798627972602844,-0.3432866930961609,-2.0482685565948486,-24.260826110839844,4.3780999183654785,21.759891510009766,32.88234056454916,548018831,1720698887
5.0,0,1.9896119832992554,-2.135660409927368,9.112470626831055,-0.3126598596572876,-0.3747124969959259,-2.0682425498962402,-25.482593536376953,3.5024800300598145,23.27802276611328,34.69144395381744,561018831,1720698887
5.0,0,3.900214195251465,-2.8994224071502686,9.974396705627441,-0.30626818537712097,-0.4048066735267639,-2.086085796356201,-25.13351821899414,3.1522321701049805,21.253847122192383,33.065939019061304,573018831,1720698887
5.0,0,4.031897068023682,-2.9999806880950928,9.746943473815918,-0.29934385418891907,-0.38483262062072754,-2.081824779510498,-26.006208419799805,1.5761160850524902,22.434616088867188,34.38195772992698,586018831,1720698887
5.0,0,2.248189687728882,-2.0734102725982666,9.392596244812012,-0.28549522161483765,-0.3941538631916046,-2.0653128623962402,-23.562671661376953,0.8756200075149536,22.097253799438477,32.314932023697885,598018831,1720698887
5.0,0,5.724623203277588,-3.402212619781494,10.5059175491333,-0.282565712928772,-0.4098667502403259,-2.0690414905548096,-26.006208419799805,-0.17512400448322296,22.7719783782959,34.56756491355138,611018831,1720698887
5.0,0,4.34075403213501,-1.393446683883667,10.163541793823242,-0.2538031339645386,-0.37258192896842957,-2.0623834133148193,-26.35528564453125,-0.8756200075149536,23.446704864501953,35.28619787970156,623018831,1720698887
5.0,0,2.7485857009887695,-1.393446683883667,8.521093368530273,-0.23995447158813477,-0.38483262062072754,-2.058655023574829,-27.57705307006836,-4.553224086761475,23.27802276611328,36.37433228958739,636018831,1720698887
5.0,0,3.7493772506713867,-2.966461181640625,8.983181953430176,-0.2439492791891098,-0.430107057094574,-2.0983364582061768,-26.35528564453125,-3.3273561000823975,22.7719783782959,34.9890751418663,648018831,1720698887
5.0,0,4.06541633605957,-2.2050933837890625,9.588924407958984,-0.22131206095218658,-0.42930811643600464,-2.089015483856201,-28.7988224029541,-3.6776041984558105,23.784067153930664,37.53103775303948,661018831,1720698887
5.0,0,4.18273401260376,-2.6983065605163574,9.85947322845459,-0.217583566904068,-0.4258459508419037,-2.0738351345062256,-26.8789005279541,-4.202976226806641,22.94066047668457,35.58671389523442,673018831,1720698887
5.0,0,4.592148780822754,-2.1763625144958496,9.54343318939209,-0.2082623690366745,-0.4335692524909973,-2.0749003887176514,-28.449745178222656,-7.880580425262451,24.121429443359375,38.12262985335347,686018831,1720698887
5.0,0,5.288872241973877,-2.3367764949798584,10.086926460266113,-0.20426756143569946,-0.4423578083515167,-2.07942795753479,-27.402515411376953,-7.180084228515625,23.446704864501953,36.77226440406397,698018831,1720698887
5.0,0,4.63763952255249,-1.2330327033996582,9.478789329528809,-0.18296195566654205,-0.43569982051849365,-2.0802268981933594,-27.402515411376953,-9.281572341918945,23.784067153930664,37.45300103318437,711018831,1720698887
5.0,0,4.252167224884033,-1.328802227973938,8.676718711853027,-0.16085737943649292,-0.4490158259868622,-2.088482618331909,-28.10066795349121,-9.281572341918945,24.796154022216797,38.608863993442505,723018831,1720698887
5.0,0,5.8156046867370605,-1.8435633182525635,9.34950065612793,-0.14301392436027527,-0.46872350573539734,-2.107924222946167,-26.006208419799805,-11.032812118530273,23.784067153930664,36.928683567107264,736018831,1720698887
5.0,0,5.487593650817871,-2.2026991844177246,9.804405212402344,-0.148872971534729,-0.44635263085365295,-2.070373058319092,-28.10066795349121,-12.083556175231934,23.784067153930664,38.747151116630974,748018831,1720698887
5.0,0,3.505164861679077,-1.6568129062652588,9.289644241333008,-0.1451444923877716,-0.4245143532752991,-2.0831563472747803,-27.926130294799805,-12.959176063537598,24.627473831176758,39.42488382726317,761018831,1720698887
5.0,0,3.430943250656128,-1.355138897895813,8.856287002563477,-0.1270347237586975,-0.43996092677116394,-2.092477560043335,-26.180747985839844,-15.41091251373291,25.30219841003418,39.536426671927785,773018831,1720698887
5.0,0,4.764533996582031,-1.743005394935608,9.268095970153809,-0.10120166838169098,-0.4767131209373474,-2.102597713470459,-27.7515926361084,-15.586036682128906,24.796154022216797,40.34754871848688,786018831,1720698887
5.0,0,6.09333610534668,-0.9553011059761047,9.536251068115234,-0.09401101619005203,-0.4660603106021881,-2.1124515533447266,-25.8316707611084,-16.111408233642578,24.96483612060547,39.371255150300655,798018831,1720698887
5.0,0,3.847540855407715,0.3567414879798889,8.616863250732422,-0.07456964999437332,-0.4660603106021881,-2.1057934761047363,-27.053438186645508,-18.73826789855957,24.458791732788086,41.00297177747901,811018831,1720698887
5.0,0,5.633642673492432,-0.7829159498214722,8.827555656433105,-0.06791163980960846,-0.47884365916252136,-2.1193759441375732,-26.8789005279541,-19.263641357421875,23.952747344970703,40.83255168748369,823018831,1720698887
5.0,0,6.325577259063721,-0.23224110901355743,9.576952934265137,-0.05859043821692467,-0.461532860994339,-2.0922112464904785,-27.57705307006836,-19.263641357421875,24.627473831176758,41.69045696178008,836018831,1720698887
5.0,0,5.837152481079102,-1.5801972150802612,8.971210479736328,-0.05805779621005058,-0.47378358244895935,-2.1057934761047363,-26.006208419799805,-22.24074935913086,26.145605087280273,43.06467779758444,847765962,1720698887
5.0,0,5.798844814300537,0.0,8.82037353515625,-0.03435530140995979,-0.4578043818473816,-2.099668264389038,-23.9117488861084,-21.890501022338867,23.446704864501953,40.00892074030971,860765962,1720698887
5.0,0,6.117279052734375,-0.1699909120798111,9.392596244812012,-0.03329002112150192,-0.47191932797431946,-2.1188433170318604,-22.864519119262695,-22.59099578857422,26.145605087280273,41.43346462286884,872765962,1720698887
5.0,0,4.230618953704834,0.217875674366951,8.616863250732422,-0.006391684524714947,-0.4586033225059509,-2.1140494346618652,-24.784440994262695,-24.167112350463867,26.651649475097656,43.68785019317734,885765962,1720698887
5.0,0,4.252167224884033,0.5027900338172913,8.145198822021484,0.011984407901763916,-0.4623318314552307,-2.0820910930633545,-23.562671661376953,-25.743228912353516,25.808242797851562,43.404823775342614,897765962,1720698887
5.0,0,4.599331378936768,-0.3304048776626587,7.996756076812744,0.0197076927870512,-0.46579399704933167,-2.1111199855804443,-22.864519119262695,-28.194965362548828,25.47088050842285,44.34532737758075,910765962,1720698887
5.0,0,6.5889434814453125,0.002394238254055381,8.954451560974121,0.038882747292518616,-0.49748608469963074,-2.1169791221618652,-23.21359634399414,-28.545211791992188,26.145605087280273,45.1363804137151,922765962,1720698887
5.0,0,6.208259582519531,1.2857059240341187,9.378231048583984,0.05486195534467697,-0.46925613284111023,-2.116179943084717,-21.642751693725586,-30.121328353881836,26.651649475097656,45.67289724138486,935765962,1720698887
5.0,0,6.244173526763916,0.5363093614578247,8.669536590576172,0.05033451318740845,-0.4660603106021881,-2.1188433170318604,-20.595521926879883,-31.522321701049805,26.989011764526367,46.3275193043056,947765962,1720698887
5.0,0,6.110096454620361,1.096561074256897,8.865863800048828,0.05486195534467697,-0.4466189444065094,-2.1220390796661377,-22.166366577148438,-30.646699905395508,26.145605087280273,45.98000312857654,960765962,1720698887
5.0,0,4.836360931396484,0.33519336581230164,8.612074851989746,0.06871060281991959,-0.44635263085365295,-2.125767707824707,-20.944597244262695,-31.522321701049805,25.63956069946289,45.71345526221239,972765962,1720698887
5.0,0,5.578575134277344,0.6560212969779968,8.533064842224121,0.0881519764661789,-0.4423578083515167,-2.103929281234741,-18.501060485839844,-33.623809814453125,26.989011764526367,46.91755089052455,985765962,1720698887
5.0,0,4.503561973571777,1.4509084224700928,8.329554557800293,0.10120166838169098,-0.43756404519081116,-2.1220390796661377,-19.548290252685547,-33.623809814453125,27.66373634338379,47.72817351122928,998765962,1720698887
5.0,0,5.11409330368042,0.3950493037700653,8.015909194946289,0.1150503158569336,-0.4527443051338196,-2.134556293487549,-16.755678176879883,-35.72529602050781,27.66373634338379,48.19057828451878,10765962,1720698888
5.0,0,6.76132869720459,2.837172269821167,9.507519721984863,0.12676839530467987,-0.4498147666454315,-2.146008014678955,-17.279293060302734,-36.95116424560547,27.15769386291504,49.00513078975865,23765962,1720698888
5.0,0,5.030294418334961,2.734220027923584,8.379834175109863,0.14620977640151978,-0.43250393867492676,-2.131093978881836,-15.882987022399902,-38.00190734863281,29.181869506835938,50.47767572701617,35765962,1720698888
5.0,0,5.523507595062256,2.6145079135894775,8.873046875,0.15739521384239197,-0.43942826986312866,-2.14121413230896,-16.93021583557129,-39.40290069580078,27.49505615234375,50.94309476565693,48765962,1720698888
5.0,0,6.677530288696289,2.478036403656006,8.691084861755371,0.17044490575790405,-0.4420914947986603,-2.140681505203247,-16.93021583557129,-39.40290069580078,27.49505615234375,50.94309476565693,60765962,1720698888
5.0,0,6.7948479652404785,2.018342971801758,8.300824165344238,0.1557973027229309,-0.42318275570869446,-2.1196422576904297,-14.137603759765625,-40.453643798828125,28.507143020629883,51.46869281290571,73765962,1720698888
5.0,0,4.359908103942871,2.52592134475708,8.138015747070312,0.18349459767341614,-0.40507298707962036,-2.1433448791503906,-13.264911651611328,-43.08050537109375,28.338462829589844,53.244307674134866,85765962,1720698888
5.0,0,5.312814712524414,1.9177848100662231,8.47081470489502,0.18669043481349945,-0.3960181176662445,-2.1414804458618164,-12.043143272399902,-43.25563049316406,28.844507217407227,53.367522575586676,98765962,1720698888
5.0,0,5.738989353179932,1.9129964113235474,8.300824165344238,0.18269562721252441,-0.4173237085342407,-2.1526660919189453,-10.9959135055542,-42.90538024902344,29.181869506835938,53.04114700917506,110765962,1720698888
5.0,0,3.5171360969543457,2.659998655319214,7.733389377593994,0.21305613219738007,-0.3946864902973175,-2.146540641784668,-11.51952838897705,-44.83174514770508,29.013187408447266,54.62920419419368,123765962,1720698888
5.0,0,4.726226329803467,2.2553725242614746,7.9057745933532715,0.24927568435668945,-0.387762188911438,-2.153198719024658,-9.075992584228516,-45.88248825073242,30.362638473510742,55.76258767794662,135765962,1720698888
5.0,0,5.937710762023926,4.067810535430908,8.707844734191895,0.2522051930427551,-0.3928222358226776,-2.1603891849517822,-9.075992584228516,-45.88248825073242,30.362638473510742,55.76258767794662,148765962,1720698888
5.0,0,6.363884925842285,3.0311055183410645,8.322371482849121,0.23036694526672363,-0.37817463278770447,-2.1318929195404053,-7.505147457122803,-47.4586067199707,29.85659408569336,56.569097575901495,160765962,1720698888
5.0,0,5.099727153778076,5.533084392547607,8.966422080993652,0.25992849469184875,-0.3709839880466461,-2.161454439163208,-8.72691535949707,-47.983978271484375,30.02527618408203,57.27249280745962,173765962,1720698888
5.0,0,5.829969882965088,4.410186767578125,8.923325538635254,0.27058130502700806,-0.3558037579059601,-2.153731346130371,-8.72691535949707,-47.983978271484375,30.02527618408203,57.27249280745962,185765962,1720698888
5.0,0,5.671950340270996,4.082176208496094,8.844316482543945,0.2700486481189728,-0.35873326659202576,-2.1593239307403564,-3.4907662868499756,-49.38496780395508,31.374725341796875,58.61257445753666,198765962,1720698888
5.0,0,4.620879650115967,2.4421229362487793,7.223416805267334,0.26285800337791443,-0.34568357467651367,-2.1398825645446777,-4.014381408691406,-49.910343170166016,30.53131866455078,58.64570771040734,210765962,1720698888
5.0,0,5.621671676635742,0.17477938532829285,15.047786712646484,0.4535432457923889,-0.23995447158813477,-1.624819278717041,-1.3963065147399902,-50.43571472167969,30.362638473510742,58.88633802880662,223765962,1720698888
5.0,0,25.896080017089844,7.261724948883057,31.793088912963867,0.16538482904434204,-0.26871705055236816,-1.024533748626709,-1.9199213981628418,-52.71232604980469,30.868682861328125,61.115881711297384,235765962,1720698888
5.0,0,-0.7900986075401306,5.10690975189209,25.754819869995117,-0.009321206249296665,0.04980187490582466,-0.3150567412376404,-1.2217681407928467,-52.0118293762207,29.181869506835938,59.65152655519348,248765962,1720698888
5.0,0,8.480391502380371,6.466837406158447,15.203412055969238,-0.30546924471855164,0.07430332899093628,0.09267941862344742,-1.2217681407928467,-50.610836029052734,31.206045150756836,59.470721324872066,260765962,1720698888
5.0,0,2.4636712074279785,-0.6584155559539795,2.2553725242614746,-0.2769729793071747,0.058324117213487625,0.14993825554847717,-1.2217681407928467,-50.610836029052734,31.206045150756836,59.470721324872066,273765962,1720698888
5.0,0,4.953678607940674,3.6536076068878174,0.7661562561988831,-0.05672619491815567,0.009054886177182198,0.18189668655395508,-0.34907662868499756,-51.83670425415039,29.687911987304688,59.73724031616205,285765962,1720698888
5.0,0,3.5793862342834473,2.343959331512451,2.090169906616211,0.06338419765233994,-0.00719064474105835,0.13023056089878082,0.17453831434249878,-52.0118293762207,29.85659408569336,59.972302516095944,298765962,1720698888
5.0,0,4.831572532653809,4.115695476531982,8.36546802520752,0.14834032952785492,-0.005859043914824724,0.06764532625675201,-1.0472298860549927,-52.537200927734375,30.362638473510742,60.68891156404516,310765962,1720698888
5.0,0,22.302330017089844,23.334245681762695,29.4012451171875,0.6357062458992004,-0.0719064474105835,-0.20533284544944763,0.5236149430274963,-52.71232604980469,30.53131866455078,60.91818209357389,323765962,1720698888
5.0,0,-7.1803202629089355,-5.573786735534668,26.84180450439453,0.44262412190437317,0.43063971400260925,-0.049002911895513535,-0.5236149430274963,-51.661582946777344,31.543407440185547,60.5324696184855,335765962,1720698888
5.0,0,38.2240104675293,12.964799880981445,19.438819885253906,0.3960181176662445,0.05139978975057602,-0.18056508898735046,-0.5236149430274963,-50.96108627319336,33.230220794677734,60.840398263123255,348765962,1720698888
5.0,0,-3.0311055183410645,7.2856669425964355,24.406864166259766,0.6282492876052856,0.48124057054519653,-0.19787588715553284,0.5236149430274963,-50.610836029052734,31.543407440185547,59.63822137778572,360765962,1720698888
5.0,0,26.465909957885742,2.169179677963257,22.17782974243164,0.44315674901008606,0.541695237159729,-0.06604740023612976,0.6981532573699951,-52.887451171875,32.724178314208984,62.19679859742288,373765962,1720698888
5.0,0,13.405340194702148,3.560232400894165,13.618427276611328,0.4767131209373474,0.49642080068588257,-0.13289377093315125,0.17453831434249878,-51.661582946777344,33.230220794677734,61.42635582755143,385765962,1720698888
5.0,0,-3.5195302963256836,14.568939208984375,1.019945502281189,0.3222474157810211,0.6157322525978088,-0.021039292216300964,0.17453831434249878,-51.661582946777344,33.230220794677734,61.42635582755143,398765962,1720698888
5.0,0,-7.788456916809082,-0.2801258862018585,-9.373442649841309,0.5898991823196411,0.5472879409790039,-0.13901913166046143,0.17453831434249878,-50.96108627319336,33.904945373535156,61.20954254484698,410765962,1720698888
5.0,0,8.39659309387207,-0.7230599522590637,4.338359355926514,0.8732638359069824,0.35314056277275085,-0.3078661262989044,0.6981532573699951,-51.48645782470703,33.736263275146484,61.55873794252209,423765962,1720698888
5.0,0,1.6185050010681152,6.074182510375977,6.292057991027832,0.7185318470001221,0.47191932797431946,-0.21438774466514587,2.7926130294799805,-51.83670425415039,35.42307662963867,62.84613713963594,435765962,1720698888
5.0,0,2.57859468460083,11.116448402404785,9.981578826904297,0.8346474170684814,0.4921596944332123,-0.21412141621112823,1.9199213981628418,-53.41282272338867,33.904945373535156,63.29424184108434,448765962,1720698888
5.0,0,8.106890678405762,1.223455786705017,9.667933464050293,0.7563492655754089,0.42984074354171753,-0.21172453463077545,3.1416897773742676,-52.186954498291016,36.43516540527344,63.72495360981904,460765962,1720698888
5.0,0,8.724604606628418,8.518699645996094,11.236160278320312,0.7289183139801025,0.4383630156517029,-0.20160436630249023,3.665304660797119,-53.06257247924805,35.254398345947266,63.811783074183424,473765962,1720698888
5.0,0,7.192291736602783,5.303237438201904,9.421327590942383,0.6181291341781616,0.48070788383483887,-0.12996424734592438,3.665304660797119,-53.06257247924805,35.254398345947266,63.811783074183424,486765962,1720698888
5.0,0,0.9289644360542297,5.475622653961182,6.181922912597656,0.7198634147644043,0.485235333442688,-0.1957453191280365,3.8398427963256836,-52.186954498291016,36.43516540527344,63.76318601369309,498765962,1720698888
5.0,0,4.7334089279174805,7.419744491577148,7.508331298828125,0.7009547352790833,0.4785773456096649,-0.16724906861782074,2.7926130294799805,-52.186954498291016,37.10988998413086,64.0969643740904,511765962,1720698888
5.0,0,3.6464247703552246,1.4317545890808105,6.112490653991699,0.6575444936752319,0.486566960811615,-0.13662225008010864,2.7926130294799805,-52.186954498291016,37.10988998413086,64.0969643740904,523765962,1720698888
5.0,0,5.966441631317139,9.497942924499512,8.226602554321289,0.7808507680892944,0.4759141504764557,-0.20666444301605225,3.316227912902832,-53.41282272338867,37.95329666137695,65.60777184386731,536765962,1720698888
5.0,0,4.525110244750977,3.2178561687469482,6.526693344116211,0.6508864760398865,0.4671255648136139,-0.11025655269622803,3.316227912902832,-54.11331558227539,37.615936279296875,65.98641491280888,548765962,1720698888
5.0,0,5.178737163543701,3.4381263256073,7.48438835144043,0.6849755048751831,0.49881768226623535,-0.1544657051563263,5.236149311065674,-53.23769760131836,38.79670333862305,66.08217532317104,561765962,1720698888
5.0,0,6.936108112335205,11.61923885345459,9.045432090759277,0.7086779475212097,0.45114636421203613,-0.1470087319612503,4.363457679748535,-53.06257247924805,39.30274963378906,66.17690299352725,573765962,1720698888
5.0,0,-0.5458863377571106,3.383058786392212,4.8650922775268555,0.6711268424987793,0.506807267665863,-0.11718087643384933,4.887072563171387,-53.23769760131836,39.80879211425781,66.65490119806132,586765962,1720698888
5.0,0,4.7334089279174805,9.064586639404297,8.090130805969238,0.7150696516036987,0.49881768226623535,-0.1494056135416031,4.712534427642822,-53.06257247924805,40.31483459472656,66.80666484152111,598765962,1720698888
5.0,0,3.1412405967712402,9.047825813293457,8.997547149658203,0.6889702677726746,0.4990839958190918,-0.12117567658424377,4.712534427642822,-53.06257247924805,40.31483459472656,66.80666484152111,611765962,1720698888
5.0,0,4.63763952255249,4.647216320037842,5.154795169830322,0.7547513842582703,0.4484831690788269,-0.14487817883491516,4.712534427642822,-54.463565826416016,39.977474212646484,67.7250797539795,623765962,1720698888
5.0,0,5.607305526733398,10.443666458129883,8.705450057983398,0.6876387000083923,0.4817731976509094,-0.1307632029056549,5.236149311065674,-54.98893737792969,40.483516693115234,68.48441879291512,636765962,1720698888
5.0,0,1.4221774339675903,1.575408697128296,6.617674827575684,0.6330430507659912,0.4910943806171417,-0.09134781360626221,5.585226058959961,-54.98893737792969,40.483516693115234,68.51199243873512,648765962,1720698888
5.0,0,4.130061149597168,8.710238456726074,7.314397811889648,0.7896392941474915,0.43942826986312866,-0.14434552192687988,4.712534427642822,-55.1640625,41.66428756713867,69.2906532709344,661765962,1720698888
5.0,0,1.7382169961929321,5.418160915374756,5.382247447967529,0.6479569673538208,0.528911828994751,-0.08575509488582611,5.061611175537109,-54.463565826416016,42.67637634277344,69.37703516273022,673765962,1720698888
5.0,0,4.268926620483398,3.019134521484375,6.8475213050842285,0.655680239200592,0.4804415702819824,-0.10359854996204376,6.806994438171387,-53.938194274902344,42.67637634277344,69.11538955014603,686765962,1720698888
5.0,0,4.656793117523193,12.64157772064209,8.973605155944824,0.7576808929443359,0.45993494987487793,-0.10812598466873169,6.283379554748535,-56.389930725097656,42.507694244384766,70.89576303125911,698765962,1720698888
5.0,0,2.241007089614868,-0.4142032265663147,3.220250368118286,0.6695289015769958,0.485235333442688,-0.09267941862344742,6.1088409423828125,-55.51430892944336,42.67637634277344,70.28818913105557,711765962,1720698888
5.0,0,3.8786656856536865,10.31198501586914,7.642408847808838,0.7113412022590637,0.48443639278411865,-0.0988047793507576,5.934302806854248,-54.63869094848633,42.507694244384766,69.48026027831028,723765962,1720698888
5.0,0,5.375064849853516,8.054217338562012,8.667141914367676,0.685508131980896,0.49562183022499084,-0.06524843722581863,4.887072563171387,-54.98893737792969,44.19450759887695,70.71648474082099,736765962,1720698888
5.0,0,1.675966739654541,4.393426895141602,3.682338237762451,0.7398374676704407,0.46313077211380005,-0.10413118451833725,6.981532573699951,-54.63869094848633,43.18241882324219,69.99178266816567,748765962,1720698888
5.0,0,5.650402545928955,8.600103378295898,7.1587724685668945,0.6535497307777405,0.4836374521255493,-0.05539459362626076,6.1088409423828125,-54.11331558227539,43.013736724853516,69.39560798783504,761765962,1720698888
5.0,0,2.9856150150299072,4.264138221740723,8.262516021728516,0.6631371974945068,0.4897627830505371,-0.07962973415851593,5.934302806854248,-55.33918380737305,44.53186798095703,71.27922895306207,773765962,1720698888
5.0,0,2.659998655319214,12.632000923156738,7.891409397125244,0.8421043753623962,0.4602012634277344,-0.08362453430891037,7.330609321594238,-56.389930725097656,44.19450759887695,72.01886296043801,786765962,1720698888
5.0,0,3.074201822280884,4.0869646072387695,3.943310499191284,0.6146669387817383,0.5022798180580139,-0.05060083419084549,6.632455825805664,-54.2884407043457,45.20659637451172,70.95675175878993,798765962,1720698888
5.0,0,1.8890539407730103,6.296846389770508,5.3559112548828125,0.6631371974945068,0.5020135045051575,-0.0769665315747261,6.632455825805664,-55.68943405151367,45.20659637451172,72.03428968919712,811765962,1720698888
5.0,0,6.09333610534668,11.801199913024902,9.94327163696289,0.8048195242881775,0.45993494987487793,-0.06658004224300385,7.156070709228516,-55.864559173583984,45.375274658203125,72.32547179218201,823765962,1720698888
5.0,0,2.6935181617736816,0.9576953053474426,4.975227355957031,0.7116075158119202,0.4596686363220215,-0.057258836925029755,7.505147457122803,-53.41282272338867,45.03791427612305,70.26856048032228,836765962,1720698888
5.0,0,3.0287113189697266,8.975998878479004,5.449285984039307,0.7425006031990051,0.48310476541519165,-0.052997712045907974,8.72691535949707,-54.63869094848633,46.21868133544922,72.09516006393099,848765962,1720698888
5.0,0,1.4126006364822388,5.209862232208252,5.001564025878906,0.6128026843070984,0.5038777589797974,-0.030360499396920204,6.283379554748535,-55.33918380737305,45.5439567565918,71.94552189081371,861765962,1720698888
5.0,0,1.1420515775680542,6.119673252105713,6.464443206787109,0.7986941933631897,0.491627037525177,-0.043942827731370926,7.505147457122803,-55.51430892944336,46.05000305175781,72.51736699118175,873765962,1720698888
5.0,0,4.7597455978393555,9.766098022460938,6.500357151031494,0.6799154281616211,0.48496901988983154,-0.033556342124938965,6.806994438171387,-55.864559173583984,46.724727630615234,73.14632128203948,886765962,1720698888
5.0,0,2.008765935897827,7.235387802124023,6.411769866943359,0.6748553514480591,0.49642080068588257,-0.039681706577539444,7.330609321594238,-54.63869094848633,46.893409729003906,72.37483165854194,898765962,1720698888
5.0,0,4.350330829620361,10.477187156677246,5.806027889251709,0.8010910749435425,0.4652613401412964,-0.03329002112150192,5.934302806854248,-54.63869094848633,46.55604553222656,72.02824358518257,911765962,1720698888
5.0,0,3.0334997177124023,8.176322937011719,6.217836380004883,0.6650014519691467,0.5086715221405029,-0.019974011927843094,7.330609321594238,-55.33918380737305,49.254947662353516,74.44604063825858,923765962,1720698888
5.0,0,0.6823578476905823,6.184317111968994,6.6200690269470215,0.7102758884429932,0.49615445733070374,-0.02902889810502529,6.632455825805664,-55.68943405151367,47.56813430786133,73.53930878645711,936765962,1720698888
5.0,0,3.248981475830078,10.596898078918457,5.760537147521973,0.7797854542732239,0.47831103205680847,-0.005326403304934502,5.4106879234313965,-55.51430892944336,47.73681640625,73.41605873596362,948765962,1720698888
5.0,0,1.7621593475341797,4.556235313415527,3.591357469558716,0.655680239200592,0.5195906758308411,-0.02583305537700653,9.250530242919922,-54.11331558227539,48.7489013671875,73.41851685773746,961765962,1720698888
5.0,0,4.460465908050537,7.381436824798584,7.323974609375,0.6985577940940857,0.4823058247566223,-0.001065280637703836,7.156070709228516,-55.1640625,48.7489013671875,73.96444094297719,974765962,1720698888
5.0,0,3.478828191757202,11.501920700073242,7.970418930053711,0.7646052241325378,0.4711203873157501,-0.011185446754097939,7.679685592651367,-55.68943405151367,48.24285888671875,74.07876935629888,986765962,1720698888
5.0,0,-1.2473981380462646,1.5514663457870483,0.5698286890983582,0.7211949825286865,0.4689898192882538,-0.004793763160705566,7.330609321594238,-54.2884407043457,48.91758346557617,73.44319300824763,999765962,1720698888
5.0,0,3.3375680446624756,9.213027954101562,7.304821014404297,0.6836438775062561,0.49801871180534363,0.010919126681983471,6.981532573699951,-54.98893737792969,49.92967224121094,74.60226002706791,11765962,1720698889
5.0,0,1.4796391725540161,9.50991439819336,7.984784126281738,0.694296658039093,0.509470522403717,0.014913929626345634,7.330609321594238,-54.63869094848633,49.592308044433594,74.15201547337766,24765962,1720698889
5.0,0,3.866694688796997,6.44289493560791,4.493985176086426,0.7861771583557129,0.4689898192882538,0.005326403304934502,6.981532573699951,-54.63869094848633,50.60439682006836,74.79928691615167,36765962,1720698889
5.0,0,5.0949387550354,7.829158782958984,4.357513904571533,0.6844428181648254,0.4785773456096649,0.023968815803527832,7.156070709228516,-53.76306915283203,49.760990142822266,73.6059310974444,49765962,1720698889
5.0,0,3.2370100021362305,5.568997859954834,3.2944717407226562,0.6159985661506653,0.5126663446426392,0.0007989605655893683,7.156070709228516,-55.1640625,51.44780349731445,75.77044030621484,61765962,1720698889
5.0,0,2.9281532764434814,13.596878051757812,9.043037414550781,0.807216465473175,0.45940232276916504,0.03728482499718666,8.203300476074219,-55.864559173583984,50.09835433959961,75.48501982443739,74765962,1720698889
5.0,0,1.1181093454360962,6.122067451477051,3.8259928226470947,0.6783174276351929,0.5020135045051575,0.025300417095422745,6.4579176902771,-52.71232604980469,50.09835433959961,73.00780181604833,86765962,1720698889
5.0,0,2.013554334640503,7.501148700714111,5.46604585647583,0.6911008358001709,0.5038777589797974,0.03835010528564453,8.028762817382812,-54.2884407043457,51.27912139892578,75.10821604813162,99765962,1720698889
5.0,0,1.3144367933273315,10.271282196044922,6.4835968017578125,0.7835139632225037,0.5065409541130066,0.04740498960018158,7.330609321594238,-54.98893737792969,51.616485595703125,75.77455148155708,111765962,1720698889
5.0,0,-0.9648780226707458,14.255294799804688,8.753334999084473,0.6194607019424438,0.49002912640571594,0.03009418025612831,7.330609321594238,-54.98893737792969,51.616485595703125,75.77455148155708,124765962,1720698889
5.0,0,-1.1013495922088623,-10.460427284240723,10.572956085205078,-0.22717110812664032,0.4048066735267639,-0.0037284824065864086,7.679685592651367,-53.23769760131836,52.29121017456055,75.01733585119815,136765962,1720698889
5.0,0,-12.315961837768555,-9.818770408630371,9.248942375183105,0.523851752281189,0.15153618156909943,0.018908733502030373,7.156070709228516,-53.41282272338867,52.122528076171875,74.97264109211406,149765962,1720698889
5.0,0,-2.114112377166748,-22.66385841369629,1.5299183130264282,-0.047937631607055664,-0.049002911895513535,-0.025300417095422745,7.505147457122803,-53.06257247924805,50.77307891845703,73.82323062104824,161765962,1720698889
5.0,0,0.4142032265663147,15.416500091552734,13.01029109954834,0.5600712895393372,-0.13049687445163727,0.030626820400357246,7.679685592651367,-54.2884407043457,53.64065933227539,76.70418957600985,174765962,1720698889
5.0,0,5.861095428466797,13.003108024597168,3.7852907180786133,0.1494056135416031,-0.09401101619005203,0.016245530918240547,7.505147457122803,-54.813812255859375,50.43571472167969,74.86416079714253,186765962,1720698889
5.0,0,4.486802577972412,26.24803352355957,11.559382438659668,0.07483596354722977,-0.01757713221013546,0.021039292216300964,5.759764194488525,-53.76306915283203,51.7851676940918,74.86885922340156,199765962,1720698889
5.0,0,2.2841031551361084,11.161938667297363,2.5115559101104736,-0.29375115036964417,0.0375511460006237,-0.010386486537754536,5.759764194488525,-53.76306915283203,51.7851676940918,74.86885922340156,211765962,1720698889
5.0,0,1.5969569683074951,8.219420433044434,8.624046325683594,-0.23303015530109406,0.02157193422317505,-0.015180249698460102,7.679685592651367,-54.63869094848633,51.616485595703125,75.55544788178815,224765962,1720698889
5.0,0,1.4700623750686646,0.7757331728935242,4.853120803833008,-0.1632542759180069,0.009321206249296665,-0.012250727973878384,6.283379554748535,-52.887451171875,51.616485595703125,74.16754637533806,236765962,1720698889
5.0,0,2.9257590770721436,2.942518949508667,4.86030387878418,0.03515426442027092,-0.002396881580352783,0.002929521957412362,6.283379554748535,-52.887451171875,51.616485595703125,74.16754637533806,249765962,1720698889
5.0,0,0.8691084980964661,9.780463218688965,4.618485450744629,0.07590124756097794,0.0007989605655893683,0.002663201652467251,7.505147457122803,-54.63869094848633,51.7851676940918,75.65327078205256,261765962,1720698889
5.0,0,-6.883435249328613,22.67104148864746,13.180281639099121,-0.5337056517601013,-0.03648586571216583,0.04261122643947601,6.981532573699951,-52.537200927734375,51.27912139892578,73.74583086415485,274765962,1720698889
5.0,0,-12.914521217346191,39.22600173950195,32.38925552368164,-1.757979393005371,-0.24661247432231903,0.1494056135416031,7.85422420501709,-54.463565826416016,53.13461685180664,76.49350526926662,286765962,1720698889
5.0,0,-11.640786170959473,7.094127655029297,-9.344712257385254,-2.564929485321045,-0.3669891953468323,-0.08974990248680115,5.934302806854248,-53.938194274902344,51.27912139892578,74.65984893425859,299765962,1720698889
5.0,0,-5.908979892730713,39.22600173950195,17.219362258911133,-3.4970500469207764,-0.44688525795936584,0.1094575896859169,5.759764194488525,-52.36207580566406,49.42362594604492,72.23334872417854,311765962,1720698889
5.0,0,7.426927089691162,21.303932189941406,3.2322216033935547,-3.7649683952331543,-0.3752451241016388,0.07749916613101959,5.934302806854248,-53.58794403076172,48.580223083496094,72.57356109555143,324765962,1720698889
5.0,0,6.066999435424805,12.385395050048828,2.063833475112915,-4.829982280731201,-0.26605385541915894,0.12676839530467987,5.934302806854248,-53.58794403076172,48.580223083496094,72.57356109555143,336765962,1720698889
5.0,0,-1.0989553928375244,-19.711763381958008,-11.315170288085938,-4.225968360900879,-0.16405321657657623,0.1262357532978058,6.632455825805664,-51.83670425415039,44.53186798095703,68.65945414935152,349765962,1720698889
5.0,0,2.4109978675842285,2.3655073642730713,1.3335906267166138,-3.702915668487549,-0.10013638436794281,0.2314322292804718,6.1088409423828125,-48.859596252441406,40.652198791503906,63.85279438047227,361765962,1720698889
5.0,0,3.1340579986572266,-15.485932350158691,0.49321308732032776,-3.632340669631958,-0.05353035405278206,0.20932765305042267,6.1088409423828125,-48.859596252441406,40.652198791503906,63.85279438047227,374765962,1720698889
5.0,0,-0.5698286890983582,14.37979507446289,8.545036315917969,-3.484266996383667,-0.01757713221013546,0.2063981294631958,5.585226058959961,-47.983978271484375,37.78461456298828,61.329715624333005,386765962,1720698889
5.0,0,2.3128342628479004,4.000771999359131,2.736614227294922,-3.4698855876922607,0.002929521957412362,0.16724906861782074,5.585226058959961,-45.53224182128906,35.42307662963867,57.958382942515605,399765962,1720698889
5.0,0,6.471625804901123,12.976770401000977,9.576952934265137,-3.4491126537323,-0.015979209914803505,0.2119908481836319,7.156070709228516,-45.00687026977539,32.89285659790039,56.2029157130296,411765962,1720698889
5.0,0,8.887412071228027,10.45803165435791,10.383811950683594,-3.5862672328948975,0.09427734464406967,0.1576615422964096,5.061611175537109,-42.90538024902344,33.230220794677734,54.50448730213546,424765962,1720698889
5.0,0,6.50514554977417,3.7972617149353027,6.031085968017578,-3.6302101612091064,0.28176674246788025,0.25034093856811523,6.632455825805664,-41.67951202392578,31.374725341796875,52.58844533837284,436765962,1720698889
5.0,0,2.0973527431488037,2.6480274200439453,5.351122856140137,-3.6302101612091064,0.39495280385017395,0.31558942794799805,4.363457679748535,-38.00190734863281,27.49505615234375,47.10799123161128,449765962,1720698889
5.0,0,-1.3503503799438477,6.007143974304199,7.137224197387695,-3.5700221061706543,0.44315674901008606,0.27990248799324036,4.363457679748535,-38.00190734863281,27.49505615234375,47.10799123161128,462765962,1720698889
5.0,0,1.300071358680725,3.505164861679077,7.723812580108643,-3.540194034576416,0.47325095534324646,0.2969469726085663,6.1088409423828125,-37.301414489746094,27.83241844177246,46.939929451513756,474765962,1720698889
5.0,0,2.322411060333252,4.28808069229126,5.942499160766602,-3.5340685844421387,0.5206559300422668,0.2783045768737793,7.156070709228516,-32.047691345214844,25.133516311645508,41.35163250394581,487765962,1720698889
5.0,0,7.73817777633667,5.401401519775391,7.740571975708008,-3.4483137130737305,0.5603376030921936,0.3310359716415405,7.156070709228516,-32.047691345214844,25.133516311645508,41.35163250394581,499765962,1720698889
5.0,0,5.801239013671875,0.636867344379425,6.244173526763916,-3.5058388710021973,0.6881713271141052,0.3510099947452545,5.4106879234313965,-30.9969482421875,22.097253799438477,38.44964199586799,512765962,1720698889
5.0,0,4.867486476898193,4.460465908050537,9.129230499267578,-3.5130293369293213,0.7816497087478638,0.4008118808269501,6.283379554748535,-27.669591903686523,21.253847122192383,35.45156121017962,524765962,1720698889
5.0,0,5.35830545425415,2.528315544128418,7.498754501342773,-3.4738802909851074,0.8096133470535278,0.4048066735267639,7.505147457122803,-25.392980575561523,19.060989379882812,32.62594086005807,537765962,1720698889
5.0,0,2.3822669982910156,2.03749680519104,7.036666393280029,-3.4637598991394043,0.8634099960327148,0.44608625769615173,7.156070709228516,-23.641740798950195,20.073078155517578,31.828756221972316,549765962,1720698889
5.0,0,9.019095420837402,2.3535361289978027,8.695873260498047,-3.393984079360962,0.916674017906189,0.4697887599468231,7.85422420501709,-22.94124412536621,17.711538314819336,30.028121975235802,562765962,1720698889
5.0,0,-0.7948870658874512,-0.7900986075401306,6.727809429168701,-3.3425846099853516,0.99843430519104,0.48496901988983154,10.123222351074219,-18.56314468383789,17.542858123779297,27.47402122867049,574765962,1720698889
5.0,0,-1.534706711769104,-2.2266414165496826,6.706261157989502,-3.3692164421081543,1.1526336669921875,0.563267171382904,10.123222351074219,-18.56314468383789,17.542858123779297,27.47402122867049,587765962,1720698889
5.0,0,3.5745978355407715,2.145237445831299,9.497942924499512,-3.3029026985168457,1.1848584413528442,0.5779147148132324,9.599607467651367,-15.586036682128906,15.350000381469727,23.889318004094978,599765962,1720698889
5.0,0,5.0183234214782715,-2.264949321746826,7.649591445922852,-3.3332631587982178,1.2442479133605957,0.6032151579856873,10.821375846862793,-15.41091251373291,16.19340705871582,24.835958445251563,612765962,1720698889
5.0,0,5.1715545654296875,-1.132474660873413,7.446080684661865,-3.2666831016540527,1.291120171546936,0.6546149849891663,10.297760963439941,-11.383060455322266,15.012638092041016,21.4708464824345,624765962,1720698889
5.0,0,3.995983600616455,0.7302426099777222,7.522696495056152,-3.1851890087127686,1.3292039632797241,0.6791164875030518,11.344990730285645,-9.631820678710938,14.675274848937988,20.90082477197928,637765962,1720698889
5.0,0,4.6807355880737305,-4.86030387878418,7.1108880043029785,-3.24005126953125,1.4181549549102783,0.7414353489875793,12.392220497131348,-7.880580425262451,14.000550270080566,20.290048904662726,649765962,1720698889
5.0,0,5.595334529876709,-2.839566469192505,7.965630531311035,-3.2027664184570312,1.4746147394180298,0.7651378512382507,11.344990730285645,-5.779092311859131,14.337912559509277,19.17504782740816,662765962,1720698889
5.0,0,2.6169025897979736,-3.684732437133789,7.36707067489624,-3.1428442001342773,1.5595709085464478,0.8213313817977905,13.78852653503418,-3.6776041984558105,12.313736915588379,18.848775914476928,674765962,1720698889
5.0,0,1.3120425939559937,-2.7246429920196533,7.070185661315918,-3.097569704055786,1.6178950071334839,0.8540887832641602,14.486680030822754,-1.2258679866790771,14.000550270080566,20.183707749104386,687765962,1720698889
5.0,0,3.0287113189697266,0.9217816591262817,8.169140815734863,-3.0019609928131104,1.6450597047805786,0.9174729585647583,14.312141418457031,-0.3502480089664459,12.482418060302734,18.993968155229442,699765962,1720698889
5.0,0,-1.225849986076355,-3.167577028274536,6.258538722991943,-2.9367125034332275,1.751055121421814,0.9515619874000549,13.78852653503418,1.9263640642166138,13.325824737548828,19.27205094044521,712765962,1720698889
5.0,0,2.188333749771118,-7.908168792724609,6.059816837310791,-2.988112211227417,1.7803503274917603,1.0248000621795654,17.104755401611328,4.903471946716309,13.494505882263184,22.332003570831287,724765962,1720698889
5.0,0,-0.06225019320845604,-4.877063274383545,6.438106536865234,-2.939908266067505,1.855718970298767,1.0493013858795166,18.15198516845703,6.654712200164795,15.181319236755371,24.581542136147295,737765962,1720698889
5.0,0,1.8148326873779297,-6.967233180999756,6.4357123374938965,-2.8637406826019287,1.897264838218689,1.1140172481536865,18.85013771057129,8.055704116821289,13.831868171691895,24.729388137281855,749765962,1720698889
5.0,0,4.2401957511901855,-2.4325461387634277,6.632040023803711,-2.7843775749206543,1.9297559261322021,1.1521010398864746,21.642751693725586,9.806943893432617,14.843955993652344,28.016564367293224,762765962,1720698889
5.0,0,3.7589540481567383,-5.030294418334961,6.299240589141846,-2.7273848056793213,1.948664665222168,1.1995060443878174,20.944597244262695,10.507440567016602,15.85604476928711,28.29304891169207,774765962,1720698889
5.0,0,-0.3567414879798889,-10.151569366455078,4.048656940460205,-2.7524189949035645,2.024033308029175,1.2714124917984009,22.68998146057129,11.20793628692627,15.181319236755371,29.51144774932511,787765962,1720698889
5.0,0,-1.7813133001327515,-4.975227355957031,5.513930797576904,-2.665332317352295,2.099135637283325,1.329736590385437,23.21359634399414,13.134300231933594,16.02472496032715,31.11547376882764,799765962,1720698889
5.0,0,0.9122047424316406,-5.928133964538574,5.461257457733154,-2.654679536819458,2.1009998321533203,1.381669044494629,24.9589786529541,14.535292625427246,16.699451446533203,33.36310875383975,812765962,1720698889
5.0,0,-0.44532832503318787,-5.339150905609131,5.1715545654296875,-2.5633316040039062,2.155595541000366,1.447716474533081,26.529823303222656,16.46165657043457,17.542858123779297,35.81297994713923,824765962,1720698889
5.0,0,2.2003049850463867,-5.7629313468933105,5.305631637573242,-2.4927568435668945,2.1622533798217773,1.5033773183822632,29.147897720336914,17.687524795532227,18.04890251159668,38.57734253134747,837765962,1720698889
5.0,0,-3.735011577606201,-6.258538722991943,3.4429147243499756,-2.446683406829834,2.175569534301758,1.5417275428771973,30.369667053222656,17.512399673461914,18.89230728149414,39.823612262890755,849765962,1720698889
5.0,0,-1.7118803262710571,-4.130061149597168,4.350330829620361,-2.3936855792999268,2.25653076171875,1.630145788192749,32.11505126953125,19.263641357421875,20.241758346557617,42.56986231305464,862765962,1720698889
5.0,0,-0.33519336581230164,-9.198662757873535,3.605722665786743,-2.4195189476013184,2.277836561203003,1.7044490575790405,32.813201904296875,19.263641357421875,21.591209411621094,43.748993376030974,874765962,1720698889
5.0,0,-5.707863807678223,-4.419764041900635,3.2322216033935547,-2.3151214122772217,2.3300349712371826,1.7598437070846558,34.55858612060547,18.913393020629883,22.94066047668457,45.58822450276643,887765962,1720698889
5.0,0,-0.720665693283081,-6.543453216552734,2.348747730255127,-2.2551991939544678,2.315387725830078,1.7878073453903198,36.82758331298828,19.438764572143555,23.784067153930664,47.956420958501475,900765962,1720698889
5.0,0,0.859531581401825,-6.174740314483643,3.5410783290863037,-2.192347526550293,2.275439500808716,1.8432018756866455,36.653045654296875,21.715375900268555,23.615385055541992,48.710262959128556,912765962,1720698889
5.0,0,-5.054236888885498,-9.691876411437988,0.9792433977127075,-2.1526660919189453,2.3446826934814453,1.935615062713623,39.44565963745117,22.065624237060547,23.615385055541992,50.99547282383324,925765962,1720698889
5.0,0,-1.8004671335220337,-10.927303314208984,1.1133207082748413,-2.138284683227539,2.3446826934814453,1.9989992380142212,39.96927261352539,22.59099578857422,26.145605087280273,52.834538981178824,937765962,1720698889
5.0,0,-5.549844264984131,-5.2002854347229,1.4509084224700928,-2.0525295734405518,2.3976802825927734,2.0727698802948,42.0637321472168,22.24074935913086,27.83241844177246,55.1239694736001,950765962,1720698889
5.0,0,-5.2002854347229,-7.1803202629089355,1.187542200088501,-1.9942054748535156,2.3809022903442383,2.1270992755889893,42.23827362060547,23.116369247436523,29.350549697875977,56.390540458488715,962765962,1720698889
5.0,0,-1.1372631788253784,-4.221041679382324,2.3631131649017334,-1.936147689819336,2.3334975242614746,2.1558618545532227,45.20542526245117,22.24074935913086,30.19395637512207,58.735478263120605,975765962,1720698889
5.0,0,-4.735803127288818,-5.05184268951416,0.3016740083694458,-1.8541209697723389,2.372380018234253,2.23043155670166,45.20542526245117,21.540252685546875,30.19395637512207,58.47382286544161,987765962,1720698889
5.0,0,-8.023092269897461,-8.422929763793945,-1.0319167375564575,-1.8591810464859009,2.3910224437713623,2.3089957237243652,45.9035758972168,20.83975601196289,32.21813201904297,59.82843589453236,765962,1720698890
5.0,0,-6.167557716369629,-5.10690975189209,0.1891448199748993,-1.801655888557434,2.3787717819213867,2.384364604949951,45.9035758972168,20.83975601196289,32.21813201904297,59.82843589453236,12765962,1720698890
5.0,0,-6.0502400398254395,-5.806027889251709,-0.7350311875343323,-1.7278852462768555,2.4035396575927734,2.450411796569824,48.52165222167969,20.66463279724121,35.760440826416016,63.719595973813675,25765962,1720698890
5.0,0,-3.8020501136779785,-4.625668525695801,0.32322216033935547,-1.6818119287490845,2.36811900138855,2.494887351989746,51.13972473144531,21.890501022338867,36.266483306884766,66.40574743247431,37765962,1720698890
5.0,0,-6.48599100112915,-6.469231605529785,-1.4748507738113403,-1.6469240188598633,2.3329648971557617,2.5183234214782715,49.9179573059082,19.613887786865234,37.78461456298828,65.60628135616133,50765962,1720698890
5.0,0,-8.808402061462402,-6.940896511077881,-2.9497015476226807,-1.5878008604049683,2.3422858715057373,2.6086058616638184,55.15410614013672,19.613887786865234,39.80879211425781,70.7913832880062,62765962,1720698890
5.0,0,-5.765325546264648,-5.916162490844727,-1.807649850845337,-1.547586441040039,2.3508081436157227,2.6693270206451416,53.40872573852539,17.162153244018555,41.158241271972656,69.57752736039212,75765962,1720698890
5.0,0,-6.481202602386475,-4.915370941162109,-2.573806047439575,-1.5342705249786377,2.317784547805786,2.73564076423645,54.455955505371094,17.162153244018555,41.49560546875,70.58240479887525,87765962,1720698890
5.0,0,-4.290474891662598,-5.080573558807373,-2.3128342628479004,-1.4783432483673096,2.2852933406829834,2.7934322357177734,55.328643798828125,15.586036682128906,41.32692337036133,70.79617192570504,100765962,1720698890
5.0,0,-3.682338237762451,-5.449285984039307,-2.0805928707122803,-1.4157580137252808,2.2370893955230713,2.79369854927063,56.724952697753906,14.185044288635254,45.03791427612305,73.80616141201472,112765962,1720698890
5.0,0,-9.007123947143555,-2.636056423187256,-3.177154064178467,-1.3726141452789307,2.2216429710388184,2.8885083198547363,56.20133590698242,12.25868034362793,45.20659637451172,73.16079385343448,125765962,1720698890
5.0,0,-9.636809349060059,-2.044679641723633,-3.4907991886138916,-1.3233449459075928,2.241084098815918,2.972132921218872,56.20133590698242,12.25868034362793,45.20659637451172,73.16079385343448,137765962,1720698890
5.0,0,-6.5889434814453125,-3.7565598487854004,-3.557838201522827,-1.3316009044647217,2.1902170181274414,3.0192718505859375,58.4703369140625,9.281572341918945,47.73681640625,76.0508482831472,150765962,1720698890
5.0,0,-7.122859001159668,-0.9457241296768188,-3.6464247703552246,-1.2668850421905518,2.1891517639160156,3.0626819133758545,58.4703369140625,7.880580425262451,48.41154098510742,76.31881253816614,162765962,1720698890
5.0,0,-5.621671676635742,-4.189917087554932,-3.691915512084961,-1.2602269649505615,2.10845685005188,3.0821235179901123,58.4703369140625,7.880580425262451,48.41154098510742,76.31881253816614,175765962,1720698890
5.0,0,-5.552238464355469,-1.9944003820419312,-3.7230403423309326,-1.2181484699249268,2.057323455810547,3.1359200477600098,56.5504150390625,5.253720283508301,49.92967224121094,75.62091766186339,187765962,1720698890
5.0,0,-9.869050025939941,-1.2426096200942993,-5.62406587600708,-1.1699445247650146,2.066910982131958,3.2160823345184326,58.29579544067383,2.8019840717315674,52.29121017456055,78.36211803109452,200765962,1720698890
5.0,0,-5.015929222106934,-4.493985176086426,-4.683129787445068,-1.190983772277832,2.0290935039520264,3.276270866394043,58.99394989013672,1.4009920358657837,52.62857437133789,79.0696891525695,212765962,1720698890
5.0,0,-8.487574577331543,-0.49321308732032776,-4.970438480377197,-1.1478400230407715,2.0274953842163086,3.3122239112854004,59.69210433959961,0.3502480089664459,52.96593475341797,79.80388611127131,225765962,1720698890
5.0,0,-6.19868278503418,-1.02952241897583,-5.3247857093811035,-1.1228058338165283,1.9518605470657349,3.339921236038208,59.168487548828125,-3.3273561000823975,55.49615478515625,81.18992802910103,237765962,1720698890
5.0,0,-4.917765140533447,2.1596028804779053,-4.740592002868652,-1.0895158052444458,1.889807939529419,3.367884874343872,58.12125778198242,-4.728348255157471,55.49615478515625,80.50006881562105,250765962,1720698890
5.0,0,-11.892181396484375,0.8427718281745911,-7.845918655395508,-1.009087085723877,1.8685022592544556,3.3961148262023926,58.12125778198242,-4.728348255157471,55.49615478515625,80.50006881562105,262765962,1720698890
5.0,0,1.096561074256897,-2.5714118480682373,-9.32795238494873,-1.0224031209945679,1.5771480798721313,3.0381805896759033,58.99394989013672,-9.10644817352295,57.35165023803711,82.77937730499767,275765962,1720698890
5.0,0,-39.22719955444336,39.22600173950195,-33.90719985961914,-0.46739187836647034,1.2487752437591553,2.1659820079803467,56.026798248291016,-13.134300231933594,56.508243560791016,80.65168042181735,287765962,1720698890
5.0,0,9.773280143737793,3.0885672569274902,-14.142765998840332,-0.3321012556552887,0.341422438621521,0.7536861300468445,56.89949035644531,-13.30942440032959,57.35165023803711,81.87737517603654,300765962,1720698890
5.0,0,-22.71892547607422,21.449979782104492,-20.324689865112305,0.014647609554231167,0.06072099879384041,0.023968815803527832,59.69210433959961,-12.959176063537598,59.0384635925293,84.95073718398105,312765962,1720698890
5.0,0,-5.964047431945801,3.684732437133789,-5.825181484222412,0.07989604771137238,-0.18908731639385223,-0.24501456320285797,57.77218246459961,-13.484548568725586,59.54450607299805,84.05359195360191,325765962,1720698890
5.0,0,-13.125213623046875,-0.016759667545557022,-3.7733194828033447,0.16937962174415588,-0.2189151793718338,-0.3310359716415405,57.5976448059082,-11.558184623718262,59.0384635925293,83.2863764510735,337765962,1720698890
5.0,0,-9.763703346252441,-4.185128211975098,0.46448221802711487,0.12090936303138733,-0.16059106588363647,-0.262591689825058,57.07402801513672,-12.784051895141602,58.1950569152832,82.50782572643237,350538293,1720698890
5.0,0,-9.84031867980957,-3.6967039108276367,-0.8284064531326294,0.04527442902326584,-0.07803180813789368,-0.2050665318965912,57.946720123291016,-11.908432006835938,57.35165023803711,82.394447087984,363538293,1720698890
5.0,0,-39.22719955444336,15.622404098510742,-18.64872169494629,0.3150567412376404,-0.2764403223991394,-0.6146669387817383,57.77218246459961,-10.332316398620605,56.508243560791016,81.47124289717124,375538293,1720698890
5.0,0,15.136374473571777,-1.3766870498657227,-0.5698286890983582,0.04554075002670288,-0.710808515548706,-1.337459921836853,57.77218246459961,-10.332316398620605,56.508243560791016,81.47124289717124,388538293,1720698890
5.0,0,-39.002140045166016,39.22600173950195,-18.59604835510254,0.49002912640571594,-1.0160114765167236,-2.0077877044677734,57.4231071472168,-9.281572341918945,58.53242111206055,82.52033168146264,400538293,1720698890
5.0,0,2.786893367767334,-10.144387245178223,-11.482767105102539,0.640500009059906,-1.4586355686187744,-2.627248525619507,56.724952697753906,-11.733307838439941,58.869781494140625,82.58959949389437,413538293,1720698890
5.0,0,-37.32378005981445,22.644704818725586,-19.07968521118164,0.7409027218818665,-1.8956669569015503,-3.0999670028686523,57.07402801513672,-8.931324005126953,57.85769271850586,81.7601726335397,425538293,1720698890
5.0,0,-4.6328511238098145,9.186692237854004,-3.402212619781494,0.8271904587745667,-2.1808958053588867,-3.3622922897338867,57.77218246459961,-6.829836368560791,55.833518981933594,80.63283185806043,438538293,1720698890
5.0,0,-3.8044445514678955,-7.84352445602417,-2.43015193939209,0.7227929830551147,-2.28928804397583,-3.404637098312378,59.5175666809082,-5.428843975067139,54.484066009521484,80.87228536063434,450538293,1720698890
5.0,0,1.1181093454360962,-5.655190944671631,1.3575330972671509,0.7094769477844238,-2.2080605030059814,-3.0799925327301025,59.34302520751953,0.0,54.9901123046875,80.90430824166562,463538293,1720698890
5.0,0,-9.845107078552246,-4.723832130432129,-2.0063717365264893,0.680448055267334,-2.0653128623962402,-2.756413698196411,59.34302520751953,0.7004960179328918,53.64065933227539,79.99628534533751,475538293,1720698890
5.0,0,-9.24415397644043,-6.612886428833008,-4.048656940460205,0.6128026843070984,-2.0618507862091064,-2.6323087215423584,59.168487548828125,1.2258679866790771,52.45989227294922,79.08509953477981,488538293,1720698890
5.0,0,-16.79318618774414,1.6855436563491821,-6.519510746002197,0.6362388730049133,-2.045072555541992,-2.5241827964782715,58.99394989013672,2.1014881134033203,50.9417610168457,77.9728503482344,500538293,1720698890
5.0,0,-14.753296852111816,-1.1037437915802002,-7.687899112701416,0.65062016248703,-2.109788417816162,-2.505007743835449,58.4703369140625,4.3780999183654785,49.086265563964844,76.46835636232318,513538293,1720698890
5.0,0,-14.628795623779297,-2.679152727127075,-8.568979263305664,0.6490222811698914,-2.186488628387451,-2.484767198562622,58.644874572753906,5.603968143463135,47.905494689941406,75.93129917296945,525538293,1720698890
5.0,0,-12.409337043762207,-0.6512327790260315,-7.771697521209717,0.7390384674072266,-2.2751731872558594,-2.4429550170898438,59.5175666809082,8.230828285217285,48.7489013671875,77.37275142054122,538538293,1720698890
5.0,0,-11.717402458190918,-2.937730312347412,-4.343148231506348,0.7491586804389954,-2.336693286895752,-2.3460142612457275,57.4231071472168,7.880580425262451,46.724727630615234,74.44942548089239,550538293,1720698890
5.0,0,-10.18030071258545,-3.691915512084961,-2.6145079135894775,0.7587461471557617,-2.370515823364258,-2.298076868057251,56.20133590698242,9.456696510314941,44.869232177734375,72.53459355946725,563538293,1720698890
5.0,0,-12.43088436126709,-3.0598366260528564,-2.9544899463653564,0.7622083425521851,-2.371314764022827,-2.219778537750244,57.07402801513672,11.032812118530273,45.03791427612305,73.5362586718879,575538293,1720698890
5.0,0,-9.059797286987305,-3.6488189697265625,-3.351933479309082,0.8181356191635132,-2.431769371032715,-2.179297924041748,57.77218246459961,12.433804512023926,43.35110092163086,73.29080783074807,588538293,1720698890
5.0,0,-10.012704849243164,-7.438898086547852,-4.233013153076172,0.7989605069160461,-2.4677226543426514,-2.0994019508361816,55.15410614013672,14.009920120239258,43.18241882324219,71.4351074844775,600538293,1720698890
5.0,0,-6.1292500495910645,-6.359096527099609,-2.839566469192505,0.8884441256523132,-2.5348353385925293,-2.0565245151519775,55.328643798828125,15.235788345336914,39.30274963378906,69.55641019990762,613538293,1720698890
5.0,0,-6.687107563018799,-4.824389934539795,-1.0127627849578857,0.9033580422401428,-2.594757556915283,-1.9960696697235107,52.885108947753906,15.936284065246582,40.31483459472656,68.38191125308062,625538293,1720698890
5.0,0,-4.589754581451416,-2.274526357650757,0.7230599522590637,0.949697732925415,-2.611802101135254,-1.9388108253479004,53.05964660644531,16.811904907226562,38.79670333862305,67.84652116767386,638538293,1720698890
5.0,0,-4.982409954071045,-3.6727614402770996,-0.04549052566289902,0.9640790224075317,-2.6376349925994873,-1.8802202939987183,52.186954498291016,17.687524795532227,36.60384750366211,66.15261450064249,650538293,1720698890
5.0,0,0.20351025462150574,-5.190708637237549,0.09098105132579803,0.9875151515007019,-2.6578752994537354,-1.8173688650131226,51.13972473144531,18.73826789855957,35.254398345947266,64.87886198278231,663538293,1720698890
5.0,0,-0.7158772945404053,-6.33754825592041,1.1468400955200195,1.0506330728530884,-2.6632018089294434,-1.7270863056182861,51.314266204833984,18.913393020629883,35.42307662963867,65.15876540882763,675538293,1720698890
5.0,0,-0.4333571195602417,-3.016740322113037,2.7485857009887695,1.0615521669387817,-2.6911652088165283,-1.655446171760559,50.44157409667969,19.438764572143555,33.230220794677734,63.45443672041446,688538293,1720698890
5.0,0,-4.084570407867432,-1.2186672687530518,3.0502593517303467,1.116414189338684,-2.6781156063079834,-1.5672942399978638,48.696189880371094,20.83975601196289,32.21813201904297,61.99695452439403,700538293,1720698890
5.0,0,-1.2450039386749268,-3.766136884689331,2.2625551223754883,1.1401166915893555,-2.6709249019622803,-1.5289440155029297,47.474422454833984,20.31438446044922,30.700000762939453,60.07482875773737,713538293,1720698890
5.0,0,-0.9768491983413696,-7.951265335083008,1.7094860076904297,1.1438450813293457,-2.686105251312256,-1.4362647533416748,44.332733154296875,19.263641357421875,28.675825119018555,56.20304309851917,725538293,1720698890
5.0,0,-2.138054609298706,-6.521904945373535,2.6983065605163574,1.1686129570007324,-2.715400457382202,-1.3638255596160889,46.42719268798828,21.365129470825195,27.66373634338379,58.11398529329209,738538293,1720698890
5.0,0,-5.645613670349121,-3.945704698562622,2.6935181617736816,1.2367908954620361,-2.7055466175079346,-1.268216609954834,42.58734893798828,20.66463279724121,26.651649475097656,54.323289277751414,750538293,1720698890
5.0,0,-3.770925283432007,-4.671158790588379,3.251375675201416,1.2956476211547852,-2.6900999546051025,-1.2133547067642212,43.1109619140625,22.24074935913086,27.49505615234375,55.76005812435962,763538293,1720698890
5.0,0,-2.3056514263153076,-9.610472679138184,1.8675057888031006,1.2716788053512573,-2.7138023376464844,-1.1443777084350586,40.66742706298828,20.4895076751709,24.121429443359375,51.531571944637236,775538293,1720698890
5.0,0,-3.5219244956970215,-7.146801471710205,3.277712106704712,1.306566834449768,-2.7172648906707764,-1.083390474319458,38.74750518798828,19.613887786865234,22.60329818725586,48.95899142497652,788538293,1720698890
5.0,0,-5.676738739013672,-8.147592544555664,3.7278289794921875,1.386196494102478,-2.723656415939331,-0.9893794655799866,38.92204284667969,20.4895076751709,24.796154022216797,50.49351045850501,801538293,1720698890
5.0,0,-5.901797294616699,-7.086945056915283,3.42854905128479,1.4439878463745117,-2.6972908973693848,-0.92812579870224,38.92204284667969,20.4895076751709,24.796154022216797,50.49351045850501,813538293,1720698890
5.0,0,-0.4884245991706848,-15.145951271057129,3.584174633026123,1.4306719303131104,-2.7481577396392822,-0.8588825464248657,35.60581588745117,19.263641357421875,21.928571701049805,46.04046329270077,826538293,1720698890
5.0,0,-7.553821563720703,-8.329554557800293,3.5793862342834473,1.4754136800765991,-2.7042150497436523,-0.8152060508728027,34.38404846191406,18.388019561767578,19.735713958740234,43.702179093226185,838538293,1720698890
5.0,0,-3.349539279937744,-10.256916999816895,4.568206310272217,1.5438580513000488,-2.737238645553589,-0.7395710945129395,32.63866424560547,18.73826789855957,20.747802734375,42.975299951019444,851538293,1720698890
5.0,0,-4.254561424255371,-8.760518074035645,4.223435878753662,1.6146992444992065,-2.698622465133667,-0.69562828540802,31.41689682006836,18.56314468383789,18.55494499206543,40.937729907928386,863538293,1720698890
5.0,0,0.30646249651908875,-14.580910682678223,3.914579391479492,1.6085737943649292,-2.751620054244995,-0.6245207786560059,32.289588928222656,16.987028121948242,19.060989379882812,41.164280556199024,876538293,1720698890
5.0,0,-2.5187387466430664,-8.750940322875977,5.607305526733398,1.6831434965133667,-2.6994214057922363,-0.5704578161239624,29.846052169799805,16.28653335571289,18.04890251159668,38.49416684047443,888538293,1720698890
5.0,0,-5.501959800720215,-10.58253288269043,5.360699653625488,1.7196292877197266,-2.68503999710083,-0.5038777589797974,29.846052169799805,16.28653335571289,18.04890251159668,38.49416684047443,901538293,1720698890
5.0,0,-4.723832130432129,-3.478828191757202,5.8946146965026855,1.8583821058273315,-2.6221883296966553,-0.4740498960018158,26.35528564453125,15.235788345336914,16.362089157104492,34.56079121625799,913538293,1720698890
5.0,0,-0.22745263576507568,-12.952828407287598,4.714254856109619,1.8312175273895264,-2.6442930698394775,-0.4133288860321045,22.864519119262695,13.484548568725586,15.012638092041016,30.495878199193566,926538293,1720698890
5.0,0,-2.8970282077789307,-7.455657958984375,5.873066425323486,1.9236304759979248,-2.614731550216675,-0.35553741455078125,22.864519119262695,13.484548568725586,15.012638092041016,30.495878199193566,938538293,1720698890
5.0,0,-3.7589540481567383,-5.061419486999512,5.602517127990723,1.9659754037857056,-2.621922016143799,-0.2921532392501831,20.246444702148438,10.857687950134277,15.181319236755371,27.53689097316406,951538293,1720698890
5.0,0,-5.06381368637085,-5.015929222106934,5.913768291473389,2.062649726867676,-2.536965847015381,-0.2458135187625885,18.675600051879883,10.682564735412598,14.337912559509277,25.854805417720524,963538293,1720698890
5.0,0,-0.29688555002212524,-6.009538173675537,6.217836380004883,2.0940754413604736,-2.5558745861053467,-0.1989411562681198,18.501060485839844,10.507440567016602,13.494505882263184,25.195182781169226,976538293,1720698890
5.0,0,-2.2098820209503174,-6.617674827575684,5.475622653961182,2.1326918601989746,-2.521519184112549,-0.15792787075042725,16.057525634765625,8.055704116821289,13.494505882263184,22.468648987764315,988538293,1720698890
5.0,0,-4.072599411010742,0.06943290680646896,7.611283302307129,2.2181806564331055,-2.4797070026397705,-0.08389085531234741,15.184833526611328,8.581076622009277,14.337912559509277,22.57852479210782,1538293,1720698891
5.0,0,-4.125272274017334,-0.7063003182411194,6.866674900054932,2.276771068572998,-2.4203178882598877,-0.05139978975057602,13.963065147399902,5.954216003417969,13.494505882263184,20.310626911356728,13538293,1720698891
5.0,0,0.9098105430603027,-0.17717362940311432,6.775694370269775,2.2972779273986816,-2.4078006744384766,0.011718087829649448,13.963065147399902,5.954216003417969,13.494505882263184,20.310626911356728,26538293,1720698891
5.0,0,3.0287113189697266,-7.4676289558410645,7.539456367492676,2.3175182342529297,-2.4261767864227295,0.046872351318597794,9.948683738708496,3.3273561000823975,12.65109920501709,16.434656000196124,38538293,1720698891
5.0,0,-2.298468589782715,3.967252731323242,7.125253200531006,2.442422389984131,-2.3707821369171143,0.08735301345586777,9.075992584228516,2.1014881134033203,13.831868171691895,16.676644470600486,51538293,1720698891
5.0,0,1.4341487884521484,-1.611322283744812,8.703056335449219,2.447216033935547,-2.2988758087158203,0.13555696606636047,9.075992584228516,2.1014881134033203,13.831868171691895,16.676644470600486,63538293,1720698891
5.0,0,6.162769317626953,1.0079742670059204,9.174720764160156,2.4884958267211914,-2.3073978424072266,0.17497234046459198,7.679685592651367,-0.3502480089664459,13.831868171691895,15.824690252539707,76538293,1720698891
5.0,0,4.8339667320251465,-4.230618953704834,9.366259574890137,2.453341484069824,-2.2163164615631104,0.23036694526672363,2.967151403427124,-2.9771080017089844,13.663187026977539,14.29509843403908,88538293,1720698891
5.0,0,5.21225643157959,2.2529780864715576,9.780463218688965,2.5532114505767822,-2.178765296936035,0.26498857140541077,2.7926130294799805,-3.5024800300598145,13.494505882263184,14.218570353584246,101538293,1720698891
5.0,0,3.823598623275757,-2.4397287368774414,10.062982559204102,2.539362668991089,-2.0916786193847656,0.29668065905570984,2.4435362815856934,-5.253720283508301,14.169231414794922,15.308153554977931,113538293,1720698891
5.0,0,3.3232028484344482,3.562626600265503,9.318374633789062,2.6448256969451904,-2.049067497253418,0.3334328532218933,2.7926130294799805,-6.654712200164795,14.506593704223633,16.202627654144997,126538293,1720698891
5.0,0,3.2346158027648926,-1.2713404893875122,9.038249015808105,2.6461572647094727,-1.9819546937942505,0.39814862608909607,-1.5708448886871338,-8.230828285217285,15.687362670898438,17.785034031267557,138538293,1720698891
5.0,0,2.4852192401885986,-0.2729431688785553,8.09731388092041,2.662402868270874,-1.8996617794036865,0.39255592226982117,-1.5708448886871338,-8.230828285217285,15.687362670898438,17.785034031267557,151538293,1720698891
5.0,0,2.7461910247802734,0.7853101491928101,10.395782470703125,2.6674628257751465,-1.8836826086044312,0.3632607161998749,-2.268998146057129,-10.682564735412598,16.362089157104492,19.671896286279264,163538293,1720698891
5.0,0,-1.0845898389816284,4.599331378936768,9.622443199157715,2.792633295059204,-1.8194993734359741,0.4892301559448242,-2.4435362815856934,-13.30942440032959,16.53076934814453,21.363005000913823,176538293,1720698891
5.0,0,1.9441214799880981,0.9289644360542297,8.303217887878418,2.8373751640319824,-1.7646374702453613,0.530243456363678,-2.4435362815856934,-13.30942440032959,16.53076934814453,21.363005000913823,188538293,1720698891
5.0,0,0.8212237358093262,1.0702245235443115,5.8682780265808105,2.8123409748077393,-1.696459412574768,0.47298464179039,-5.759764194488525,-13.834795951843262,17.374176025390625,22.94424666809763,201538293,1720698891
5.0,0,2.631267786026001,2.784498929977417,8.540247917175293,2.8357770442962646,-1.6791486740112305,0.5169274806976318,-5.759764194488525,-15.586036682128906,18.38626480102539,24.78213381382251,213538293,1720698891
5.0,0,-2.3870553970336914,2.3894498348236084,6.509933948516846,2.9028897285461426,-1.6197593212127686,0.550483763217926,-6.981532573699951,-17.862648010253906,20.241758346557617,27.884489810220597,226538293,1720698891
5.0,0,0.23942382633686066,4.8866400718688965,7.716629505157471,2.950028419494629,-1.5750174522399902,0.5408962965011597,-7.85422420501709,-19.088516235351562,22.097253799438477,30.23820291298335,238538293,1720698891
5.0,0,0.3375875949859619,0.9241759777069092,5.310420513153076,2.96254563331604,-1.5377326011657715,0.5816432237625122,-9.599607467651367,-20.83975601196289,23.10934066772461,32.565158072210885,251538293,1720698891
5.0,0,3.351933479309082,1.946515679359436,6.983992576599121,3.003026247024536,-1.4903277158737183,0.5643324255943298,-10.123222351074219,-22.065624237060547,22.265933990478516,32.9415121117533,263538293,1720698891
5.0,0,1.4173890352249146,2.193122148513794,5.3247857093811035,3.049365997314453,-1.4258781671524048,0.5869696736335754,-10.123222351074219,-22.065624237060547,22.265933990478516,32.9415121117533,276538293,1720698891
5.0,0,1.5418894290924072,4.446100234985352,6.744569301605225,3.0911781787872314,-1.3973819017410278,0.6066773533821106,-12.043143272399902,-23.641740798950195,25.47088050842285,36.7795454262101,289538293,1720698891
5.0,0,-1.2497923374176025,4.810024738311768,5.525901794433594,3.131925106048584,-1.3331987857818604,0.6101395487785339,-11.694067001342773,-25.04273223876953,26.820329666137695,38.51259176444643,301538293,1720698891
5.0,0,5.72222900390625,1.3431676626205444,7.2569355964660645,3.144974946975708,-1.3129583597183228,0.6002857089042664,-14.661218643188477,-27.319345474243164,28.001100540161133,41.77750113044867,314538293,1720698891
5.0,0,0.20590448379516602,2.995191812515259,3.845146656036377,3.180129051208496,-1.2386550903320312,0.6122700572013855,-14.661218643188477,-29.420833587646484,29.350549697875977,44.06803318350902,326538293,1720698891
5.0,0,4.4245524406433105,5.5306901931762695,6.208259582519531,3.232327938079834,-1.198973298072815,0.6194607019424438,-15.010294914245605,-28.019840240478516,31.374725341796875,44.6631144322444,339538293,1720698891
5.0,0,-0.19393329322338104,4.843544006347656,3.8619062900543213,3.2778687477111816,-1.1134846210479736,0.6077426075935364,-14.661218643188477,-29.771080017089844,35.085716247558594,48.293643702784955,351538293,1720698891
5.0,0,4.891428470611572,8.69347858428955,5.870672225952148,3.285325527191162,-1.1161478757858276,0.6106721758842468,-16.057525634765625,-29.771080017089844,35.085716247558594,48.73570374478364,364538293,1720698891
5.0,0,-4.019926071166992,25.407655715942383,9.727789878845215,2.5265796184539795,-0.6764532327651978,0.40800249576568604,-15.533909797668457,-31.697444915771484,35.92912292480469,50.367968411840806,376538293,1720698891
5.0,0,0.6632039546966553,33.86170959472656,6.3567023277282715,2.131626605987549,-0.6093405485153198,0.40693724155426025,-17.802907943725586,-31.872568130493164,35.42307662963867,50.868442952334895,389538293,1720698891
5.0,0,3.864300489425659,30.112335205078125,8.41574764251709,0.9486324191093445,-0.2990775406360626,0.18109771609306335,-16.93021583557129,-32.047691345214844,36.60384750366211,51.51240996952616,401538293,1720698891
5.0,0,11.710219383239746,21.521806716918945,11.394180297851562,0.4596686363220215,-0.1882883608341217,0.08016236871480942,-17.802907943725586,-32.92331314086914,37.78461456298828,53.18425685386683,414538293,1720698891
5.0,0,6.471625804901123,2.892239809036255,0.4596937298774719,-0.3251769244670868,0.09907110780477524,-0.0681779608130455,-17.279293060302734,-33.09843826293945,37.95329666137695,53.240335381888116,426538293,1720698891
5.0,0,6.969627380371094,24.940780639648438,19.556137084960938,-0.5195906758308411,0.18908731639385223,-0.13555696606636047,-17.62837028503418,-32.047691345214844,37.615936279296875,52.46687165852904,439538293,1720698891
5.0,0,-3.3184142112731934,-0.09576953202486038,3.486010789871216,-0.8434359431266785,0.31745365262031555,-0.08096133172512054,-16.581140518188477,-33.09843826293945,37.27857208251953,52.53696577497725,451538293,1720698891
5.0,0,3.1819424629211426,-7.99196720123291,4.776504993438721,-0.5345045924186707,0.09827214479446411,-0.0751022920012474,-17.62837028503418,-31.347196578979492,37.95329666137695,52.28631656307362,464538293,1720698891
5.0,0,27.028554916381836,-10.881813049316406,15.857039451599121,-0.262591689825058,0.2119908481836319,-0.3315685987472534,-17.104755401611328,-31.872568130493164,37.78461456298828,52.30784218695574,476538293,1720698891
5.0,0,-39.22719955444336,14.042206764221191,7.886620998382568,0.04580707103013992,0.9536925554275513,-1.0607532262802124,-17.802907943725586,-31.872568130493164,36.77252960205078,51.81720818241173,489538293,1720698891
5.0,0,-13.443647384643555,8.717421531677246,12.806779861450195,0.36379337310791016,0.839441180229187,-1.6005841493606567,-16.581140518188477,-34.1491813659668,37.615936279296875,53.44211327237844,501538293,1720698891
5.0,0,-18.691818237304688,10.003128051757812,7.558609962463379,0.18482619524002075,0.7555503249168396,-2.125235080718994,-16.581140518188477,-33.44868469238281,37.27857208251953,52.75832318265963,514538293,1720698891
5.0,0,-12.222586631774902,11.691065788269043,7.616071701049805,0.6785838007926941,1.4250792264938354,-2.762272834777832,-15.010294914245605,-34.32430648803711,37.78461456298828,53.20849619159444,526538293,1720698891
5.0,0,13.685465812683105,-7.2066569328308105,3.308837413787842,0.4823058247566223,1.0506330728530884,-2.878654718399048,-12.741296768188477,-35.900421142578125,37.615936279296875,53.53633853484606,539538293,1720698891
5.0,0,16.977542877197266,6.945684909820557,7.065396785736084,0.6852418184280396,1.1467746496200562,-2.9087491035461426,-12.043143272399902,-37.65166091918945,36.60384750366211,53.87510113145515,551538293,1720698891
5.0,0,25.170625686645508,6.672741889953613,9.972002029418945,0.45993494987487793,1.3800711631774902,-2.889307737350464,-11.51952838897705,-37.826786041259766,37.78461456298828,54.692251500457346,564538293,1720698891
5.0,0,27.955123901367188,5.068602085113525,9.517096519470215,0.5350372195243835,1.3339977264404297,-2.865604877471924,-8.72691535949707,-38.52728271484375,36.77252960205078,53.96970908217891,576538293,1720698891
5.0,0,5.542661666870117,9.119653701782227,7.49157190322876,0.5369014739990234,1.4208180904388428,-2.8538870811462402,-7.505147457122803,-40.453643798828125,37.27857208251953,55.52041490719631,589538293,1720698891
5.0,0,13.690254211425781,-2.5666234493255615,7.357493877410889,0.4202532470226288,1.3718152046203613,-2.7827794551849365,-5.061611175537109,-42.90538024902344,37.615936279296875,57.28394386015802,601538293,1720698891
5.0,0,11.274467468261719,-1.3216195106506348,6.60330867767334,0.5472879409790039,1.1933807134628296,-2.7377712726593018,-3.4907662868499756,-43.08050537109375,36.43516540527344,56.52996258983266,614538293,1720698891
5.0,0,5.10690975189209,-2.6121137142181396,6.699078559875488,0.5558102130889893,1.0831241607666016,-2.6943609714508057,-0.6981532573699951,-42.380008697509766,36.09780502319336,55.67408807213876,626538293,1720698891
5.0,0,8.272092819213867,4.826784133911133,8.796431541442871,0.6218576431274414,1.0903147459030151,-2.683175802230835,0.0,-43.08050537109375,37.78461456298828,57.30276643149459,639538293,1720698891
5.0,0,-0.6775694489479065,10.278464317321777,6.605702877044678,0.6948292851448059,1.1558294296264648,-2.7590768337249756,0.34907662868499756,-44.131248474121094,37.4472541809082,57.87906177597264,651538293,1720698891
5.0,0,0.16280819475650787,12.610453605651855,6.80203104019165,0.6799154281616211,1.1837931871414185,-2.7263195514678955,3.665304660797119,-45.00687026977539,37.95329666137695,58.98733387095351,664538293,1720698891
5.0,0,4.544264316558838,6.993570327758789,7.458052158355713,0.6911008358001709,1.1387850046157837,-2.791301727294922,5.236149311065674,-46.23273849487305,38.45934295654297,60.365589775898655,676538293,1720698891
5.0,0,3.378270149230957,2.604931116104126,6.2034711837768555,0.6527507901191711,1.1334586143493652,-2.799024820327759,5.934302806854248,-45.53224182128906,37.4472541809082,59.25114210515549,689538293,1720698891
5.0,0,-4.084570407867432,12.299201965332031,8.154775619506836,0.7675347328186035,1.1662161350250244,-2.7446956634521484,5.934302806854248,-45.53224182128906,37.4472541809082,59.25114210515549,701538293,1720698891
5.0,0,-1.5706202983856201,6.5147223472595215,5.262535572052002,0.7723284959793091,1.1414482593536377,-2.768664598464966,10.64683723449707,-47.4586067199707,39.64011001586914,62.74561990265879,714538293,1720698891
5.0,0,-5.425343990325928,6.222624778747559,5.849123954772949,0.7379732131958008,1.2093600034713745,-2.809145212173462,13.090373992919922,-48.15909957885742,39.30274963378906,63.52450623418592,726538293,1720698891
5.0,0,-3.976829767227173,9.22021198272705,6.172346115112305,0.8924389481544495,1.2234748601913452,-2.7209932804107666,13.264911651611328,-47.28348159790039,39.47142791748047,63.00538972968023,739538293,1720698891
5.0,0,-4.544264316558838,10.699851036071777,5.980806827545166,0.8855145573616028,1.2258716821670532,-2.833646535873413,16.581140518188477,-47.80885314941406,40.31483459472656,64.69858227771542,751538293,1720698891
5.0,0,-1.5586491823196411,8.463632583618164,8.018303871154785,0.8671385049819946,1.2256053686141968,-2.793165922164917,17.104755401611328,-49.03472137451172,40.146156311035156,65.64061565962812,764538293,1720698891
5.0,0,5.188313961029053,6.586549282073975,5.401401519775391,0.9278594851493835,1.1307954788208008,-2.727118492126465,19.548290252685547,-46.933231353759766,41.49560546875,65.6258267020457,776538293,1720698891
5.0,0,-4.429340839385986,4.376667499542236,6.131644248962402,0.8785902261734009,1.1867226362228394,-2.788372278213501,21.642751693725586,-49.7352180480957,41.832969665527344,68.49816031255743,789538293,1720698891
5.0,0,-8.126044273376465,6.411769866943359,6.3567023277282715,0.9648779630661011,1.2229422330856323,-2.6948935985565186,24.086286544799805,-48.68447494506836,43.18241882324219,69.39055119842394,802538293,1720698891
5.0,0,-4.467648506164551,7.824370384216309,5.705469608306885,1.009087085723877,1.2048324346542358,-2.7239227294921875,24.609901428222656,-50.260589599609375,41.32692337036133,69.56787125151175,814538293,1720698891
5.0,0,-3.2872891426086426,9.177115440368652,5.566603660583496,0.994705855846405,1.2274696826934814,-2.750821113586426,24.609901428222656,-50.260589599609375,41.32692337036133,69.56787125151175,827538293,1720698891
5.0,0,-0.40941473841667175,6.105307102203369,4.776504993438721,1.0359854698181152,1.2178821563720703,-2.700486660003662,30.02058982849121,-50.08546447753906,44.53186798095703,73.43620926664667,839538293,1720698891
5.0,0,-5.779691219329834,8.094919204711914,5.104515552520752,1.081526279449463,1.2264044284820557,-2.7143352031707764,31.067819595336914,-49.38496780395508,45.20659637451172,73.80867709947182,852538293,1720698891
5.0,0,-8.070977210998535,8.085342407226562,4.867486476898193,1.1065603494644165,1.2482426166534424,-2.6632018089294434,33.16228103637695,-47.63372802734375,45.5439567565918,73.77642527504909,864538293,1720698891
5.0,0,-2.8299896717071533,4.879457473754883,3.770925283432007,1.0897821187973022,1.2525038719177246,-2.641629695892334,33.511356353759766,-47.28348159790039,47.905494689941406,75.19092404124093,877538293,1720698891
5.0,0,-8.346314430236816,6.648799896240234,4.391032695770264,1.1419808864593506,1.3068331480026245,-2.675985097885132,34.38404846191406,-47.10835647583008,47.06208801269531,74.9419786674986,889538293,1720698891
5.0,0,-8.545036315917969,5.880249500274658,3.763742446899414,1.1627538204193115,1.3451831340789795,-2.60248064994812,36.47850799560547,-47.10835647583008,50.43571472167969,78.06177114904575,902538293,1720698891
5.0,0,-8.691084861755371,11.310381889343262,5.7102580070495605,1.1971091032028198,1.3824679851531982,-2.674386978149414,36.47850799560547,-47.10835647583008,50.43571472167969,78.06177114904575,914538293,1720698891
5.0,0,-7.783668518066406,9.153172492980957,4.314417362213135,1.2631566524505615,1.411763310432434,-2.579310894012451,41.54011917114258,-43.781002044677734,50.9417610168457,78.97734267678436,927538293,1720698891
5.0,0,-3.126875162124634,7.261724948883057,4.010348796844482,1.2258716821670532,1.3702173233032227,-2.5313732624053955,41.714656829833984,-44.656620025634766,52.122528076171875,80.31864191827489,939538293,1720698891
5.0,0,-4.776504993438721,5.090150356292725,4.556235313415527,1.2357256412506104,1.3648908138275146,-2.547618865966797,41.714656829833984,-44.656620025634766,52.122528076171875,80.31864191827489,952538293,1720698891
5.0,0,-7.1013102531433105,3.3447508811950684,1.5849857330322266,1.2596943378448486,1.4189538955688477,-2.4682552814483643,42.23827362060547,-43.43075180053711,53.30329895019531,80.69413633829218,964538293,1720698891
5.0,0,-10.005521774291992,5.06381368637085,3.3351738452911377,1.2546343803405762,1.4754136800765991,-2.4914252758026123,46.60173034667969,-40.453643798828125,56.84560775756836,83.90257260200326,977538293,1720698891
5.0,0,-7.142012596130371,9.70384693145752,3.7852907180786133,1.3427863121032715,1.483669638633728,-2.458667755126953,46.776268005371094,-40.27852249145508,57.35165023803711,84.25906721315575,989538293,1720698891
5.0,0,-6.986386775970459,7.036666393280029,1.7789191007614136,1.30124032497406,1.5204218626022339,-2.4346988201141357,45.554500579833984,-41.504390716552734,57.18296813964844,84.06972592491552,2538293,1720698892
5.0,0,-5.669556140899658,8.521093368530273,4.728620529174805,1.3403894901275635,1.499648928642273,-2.4469497203826904,46.42719268798828,-37.47653579711914,58.363739013671875,83.46436957107116,14538293,1720698892
5.0,0,-9.462029457092285,6.39979887008667,2.2026991844177246,1.3694183826446533,1.55344557762146,-2.316985607147217,48.52165222167969,-36.07554626464844,60.05055236816406,85.21657475125386,27538293,1720698892
5.0,0,-9.706241607666016,4.8866400718688965,1.6879379749298096,1.3198827505111694,1.624819278717041,-2.3721137046813965,48.52165222167969,-36.07554626464844,60.05055236816406,85.21657475125386,39538293,1720698892
5.0,0,-12.148365020751953,6.3567023277282715,3.1915197372436523,1.3755437135696411,1.6423964500427246,-2.274906873703003,49.394344329833984,-34.499427795410156,60.55659484863281,85.42314059812121,52538293,1720698892
5.0,0,-15.663105964660645,3.2585582733154297,-0.44532832503318787,1.3571676015853882,1.7550499439239502,-2.261324644088745,52.01241683959961,-33.623809814453125,63.086814880371094,88.40700370267614,64538293,1720698892
5.0,0,-9.01191234588623,4.563417911529541,1.663995623588562,1.3582329750061035,1.7316136360168457,-2.241084098815918,52.01241683959961,-33.623809814453125,63.086814880371094,88.40700370267614,77538293,1720698892
5.0,0,-7.754937171936035,3.509953260421753,1.5969569683074951,1.3726141452789307,1.7481255531311035,-2.14414381980896,50.965187072753906,-32.222816467285156,64.43626403808594,88.24846920842917,89538293,1720698892
5.0,0,-1.9153906106948853,5.142823696136475,0.007182714529335499,1.3672877550125122,1.7148356437683105,-2.0796942710876465,51.13972473144531,-30.9969482421875,66.29176330566406,89.27866558204731,102538293,1720698892
5.0,0,-9.397384643554688,3.6224822998046875,0.32322216033935547,1.3361282348632812,1.8101781606674194,-2.0970048904418945,51.48880386352539,-28.89546012878418,66.62911987304688,89.02518831436187,114538293,1720698892
5.0,0,-11.612055778503418,5.9712300300598145,0.6775694489479065,1.3803374767303467,1.8218963146209717,-2.041344165802002,53.05964660644531,-27.669591903686523,69.83406829833984,91.96591493164526,127538293,1720698892
5.0,0,-6.9480791091918945,4.932130813598633,0.13407734036445618,1.3630266189575195,1.8442671298980713,-2.0285606384277344,53.5832633972168,-27.844717025756836,68.6532974243164,91.4317758209455,139538293,1720698892
5.0,0,-9.280067443847656,6.466837406158447,0.17477938532829285,1.3638255596160889,1.9412076473236084,-1.979291558265686,52.7105712890625,-24.86760902404785,71.85824584960938,92.52248267732092,152538293,1720698892
5.0,0,-7.671139240264893,5.45646858215332,-0.308856725692749,1.3600971698760986,1.9454689025878906,-1.943604588508606,52.7105712890625,-24.86760902404785,71.85824584960938,92.52248267732092,164538293,1720698892
5.0,0,-16.29997444152832,1.355138897895813,-0.3591357469558716,1.3289376497268677,1.992341160774231,-1.9595838785171509,52.885108947753906,-22.94124412536621,72.70165252685547,92.78289557117239,177538293,1720698892
5.0,0,-5.35830545425415,6.124461650848389,-0.016759667545557022,1.3305355310440063,1.979824185371399,-1.7878073453903198,52.536033630371094,-22.59099578857422,72.36428833007812,92.23328111831185,189538293,1720698892
5.0,0,-10.891389846801758,0.8499546051025391,-1.7238515615463257,1.2953813076019287,2.0714383125305176,-1.7984601259231567,52.536033630371094,-21.540252685546875,73.03901672363281,92.51332487444068,202538293,1720698892
5.0,0,-12.342297554016113,1.0247340202331543,-1.920179009437561,1.265287160873413,2.117511749267578,-1.7025848627090454,51.48880386352539,-20.13926124572754,75.7379150390625,93.77056329832139,214538293,1720698892
5.0,0,-10.379022598266602,-1.9249675273895264,-2.803652763366699,1.2261381149291992,2.1689114570617676,-1.735874891281128,52.01241683959961,-19.613887786865234,73.54505920410156,92.18932602501664,227538293,1720698892
5.0,0,-8.169140815734863,-0.7374253869056702,-2.55704665184021,1.219746470451355,2.159590244293213,-1.6927310228347778,52.01241683959961,-17.162153244018555,74.8945083618164,92.7847961264432,239538293,1720698892
5.0,0,-4.917765140533447,3.35432767868042,-1.8291980028152466,1.1877878904342651,2.161454439163208,-1.5803438425064087,49.7434196472168,-16.63677978515625,77.76209259033203,93.79836503823651,252538293,1720698892
5.0,0,-7.271301746368408,7.798034191131592,-2.317622661590576,1.201902985572815,2.2011361122131348,-1.5454559326171875,49.56888198852539,-15.761160850524902,77.5934066772461,93.41426557399556,265538293,1720698892
5.0,0,-39.22719955444336,3.093355894088745,7.733389377593994,1.163020133972168,1.9031239748001099,-1.1078919172286987,48.696189880371094,-14.885540008544922,79.44890594482422,94.3664498963518,277538293,1720698892
5.0,0,-36.49058532714844,2.9808266162872314,22.706954956054688,0.640500009059906,1.4085673093795776,-0.9065538644790649,47.9980354309082,-13.134300231933594,78.77417755126953,93.17559925585789,290538293,1720698892
5.0,0,-18.665481567382812,9.689481735229492,20.372573852539062,0.3275738060474396,0.5859043598175049,-0.5169274806976318,49.045265197753906,-12.784051895141602,79.44890594482422,94.23905070089155,302538293,1720698892
5.0,0,-34.37168502807617,-7.786062717437744,7.319186210632324,-0.019441373646259308,0.5185253620147705,-0.5195906758308411,46.9508056640625,-13.484548568725586,78.77417755126953,92.69078838528573,315538293,1720698892
5.0,0,0.6033480167388916,10.948851585388184,9.035855293273926,-0.1331600844860077,-0.31985053420066833,0.07164012640714645,47.9980354309082,-12.083556175231934,80.12362670898438,94.17865624475313,327538293,1720698892
5.0,0,-20.91366958618164,-0.40223202109336853,-2.779710531234741,-0.23249751329421997,-0.15153618156909943,0.0950763002038002,47.474422454833984,-12.608928680419922,80.29231262207031,94.12577402650261,340538293,1720698892
5.0,0,-0.5961652994155884,0.7063003182411194,-9.406962394714355,-0.16059106588363647,-0.29188692569732666,0.14434552192687988,47.125343322753906,-11.908432006835938,81.64176177978516,95.01571450373906,352538293,1720698892
5.0,0,-4.778899669647217,-5.14761209487915,-7.086945056915283,-0.005859043914824724,-0.2295679748058319,0.20213700830936432,46.60173034667969,-13.134300231933594,79.11154174804688,92.75164231236114,365538293,1720698892
5.0,0,-5.956864833831787,-0.3854723572731018,-1.4437257051467896,-0.023169854655861855,-0.2277037501335144,0.1989411562681198,47.9980354309082,-13.484548568725586,79.44890594482422,93.79644508806591,377538293,1720698892
5.0,0,-9.610472679138184,-0.2082987278699875,-1.6855436563491821,-0.006924324203282595,-0.07137380540370941,0.1275673657655716,46.776268005371094,-13.30942440032959,79.28022003173828,93.0081357444564,390538293,1720698892
5.0,0,-11.171515464782715,1.1396573781967163,-1.6592071056365967,-0.024501455947756767,-0.0876193419098854,0.0737706869840622,47.29988479614258,-12.083556175231934,80.12362670898438,93.8247674581132,402538293,1720698892
5.0,0,-11.28404426574707,1.2881001234054565,-1.1181093454360962,0.006391684524714947,0.009321206249296665,0.007989604957401752,47.474422454833984,-13.659672737121582,79.95494842529297,93.98511171667865,415538293,1720698892
5.0,0,-8.552218437194824,-0.514761209487915,-3.6224822998046875,-0.021305613219738007,-0.004527443088591099,-0.03089314140379429,47.29988479614258,-12.784051895141602,81.47307586669922,95.07141092761252,427538293,1720698892
5.0,0,-8.987970352172852,-0.814041018486023,-3.2705295085906982,0.004793763160705566,-0.004527443088591099,0.000266320159425959,49.56888198852539,-14.009920120239258,79.61758422851562,94.82779994153941,440538293,1720698892
5.0,0,-9.45484733581543,-0.11492343246936798,-0.7015117406845093,0.028496257960796356,-0.01651185005903244,0.015180249698460102,46.42719268798828,-15.761160850524902,79.61758422851562,93.50325197889372,452538293,1720698892
5.0,0,-10.242551803588867,1.1181093454360962,0.4716649353504181,-0.010652806609869003,0.003994802478700876,0.0015979211311787367,47.125343322753906,-13.30942440032959,80.29231262207031,94.04676617170729,465538293,1720698892
5.0,0,-9.900175094604492,0.31603944301605225,-2.343959331512451,-0.03115946054458618,0.007989604957401752,-0.005859043914824724,48.34711456298828,-12.784051895141602,80.79835510253906,95.02236398185633,477538293,1720698892
5.0,0,-9.126835823059082,-0.4046262502670288,-3.581780433654785,-0.012783369049429893,-0.011718087829649448,-0.0034621621016412973,49.045265197753906,-14.185044288635254,82.1478042602539,96.720810917659,490538293,1720698892
5.0,0,-9.57455825805664,-0.48603036999702454,-1.9896119832992554,-0.0007989605655893683,-0.014913929626345634,-0.007989604957401752,48.34711456298828,-13.834795951843262,80.79835510253906,95.16942393895138,502538293,1720698892
5.0,0,-8.5570068359375,0.7158772945404053,-1.367110013961792,0.006391684524714947,-0.0031958422623574734,0.010386486537754536,48.17257308959961,-14.710416793823242,79.61758422851562,94.2122756264044,515538293,1720698892
5.0,0,-10.173118591308594,0.04070204868912697,-1.5706202983856201,-0.01145176775753498,0.01384864840656519,-0.02370249480009079,47.125343322753906,-13.30942440032959,80.62966918945312,94.33494747311921,527538293,1720698892
5.0,0,-9.847502708435059,-0.30406826734542847,-1.3766870498657227,-0.014913929626345634,0.011984407901763916,0.03435530140995979,47.474422454833984,-13.30942440032959,81.64176177978516,95.3747284756047,540538293,1720698892
5.0,0,-6.739780426025391,0.8164352178573608,-2.317622661590576,-0.023968815803527832,-0.03408898040652275,0.02476777695119381,47.8234977722168,-14.36016845703125,80.96703338623047,95.12603151950837,552538293,1720698892
5.0,0,-10.699851036071777,-0.09098105132579803,-2.2098820209503174,-0.010120166465640068,-0.005326403304934502,0.02769729681313038,47.9980354309082,-14.535292625427246,79.11154174804688,93.66814920071006,565538293,1720698892
5.0,0,-8.284064292907715,-0.07661562412977219,-2.552257776260376,-0.004527443088591099,0.003994802478700876,0.01864241249859333,47.125343322753906,-14.36016845703125,79.61758422851562,93.62677042270828,577538293,1720698892
5.0,0,-10.374234199523926,0.7398195862770081,-1.067830204963684,0.005592723377048969,-0.004261122550815344,-0.043676506727933884,47.64896011352539,-14.885540008544922,80.79835510253906,94.97566471745446,590538293,1720698892
5.0,0,-10.410147666931152,-0.17238515615463257,-1.807649850845337,-0.0018642412032932043,0.008522245101630688,-0.004527443088591099,47.8234977722168,-13.659672737121582,79.95494842529297,94.16192105169554,602538293,1720698892
5.0,0,-9.632019996643066,1.0845898389816284,-0.859531581401825,-0.02902889810502529,-0.01384864840656519,-0.025034096091985703,47.29988479614258,-13.484548568725586,80.12362670898438,94.01546526413276,615538293,1720698892
5.0,0,-9.605684280395508,-0.7350311875343323,-2.6192967891693115,-0.01145176775753498,0.02157193422317505,-0.009054886177182198,47.125343322753906,-12.959176063537598,79.28022003173828,93.1348029246534,627538293,1720698892
5.0,0,-8.616863250732422,-0.05746171623468399,-2.908999443054199,-0.01384864840656519,-0.00878856610506773,-0.002396881580352783,47.125343322753906,-14.710416793823242,80.29231262207031,94.25523758251154,640538293,1720698892
5.0,0,-9.730184555053711,0.050279002636671066,-2.008765935897827,0.010919126681983471,-0.002929521957412362,0.004261122550815344,46.252655029296875,-14.535292625427246,80.12362670898438,93.65029837628182,652538293,1720698892
5.0,0,-9.612866401672363,0.5123670101165771,-1.2043018341064453,-0.002130561275407672,-0.010919126681983471,0.0034621621016412973,47.29988479614258,-13.834795951843262,79.44890594482422,93.4922956001564,665538293,1720698892
5.0,0,-9.962425231933594,0.10774072259664536,-1.3910523653030396,-0.004527443088591099,0.004261122550815344,-0.0034621621016412973,47.29988479614258,-13.834795951843262,79.44890594482422,93.4922956001564,677538293,1720698892
5.0,0,-9.03106689453125,-0.20351025462150574,-2.188333749771118,-0.010919126681983471,-0.0015979211311787367,-0.008522245101630688,46.9508056640625,-14.185044288635254,80.79835510253906,94.51966896498901,690538293,1720698892
5.0,0,-9.090922355651855,0.07422138750553131,-2.243401288986206,-0.0007989605655893683,-0.002663201652467251,0.0007989605655893683,48.696189880371094,-13.134300231933594,80.12362670898438,94.67641896717683,703538293,1720698892
5.0,0,-9.687088012695312,-0.09816376864910126,-2.343959331512451,-0.0037284824065864086,-0.008522245101630688,0.010652806609869003,47.9980354309082,-14.885540008544922,79.44890594482422,94.00808136751986,715538293,1720698892
5.0,0,-10.007916450500488,0.4692707061767578,-1.2952828407287598,0.006658004131168127,-0.004793763160705566,-0.0037284824065864086,47.8234977722168,-14.36016845703125,80.62966918945312,94.8390475009328,728538293,1720698892
5.0,0,-9.43808650970459,-0.10055800527334213,-1.5873799324035645,-0.00878856610506773,-0.002396881580352783,-0.00878856610506773,47.474422454833984,-13.659672737121582,79.95494842529297,93.98511171667865,740538293,1720698892
5.0,0,-9.232182502746582,0.04070204868912697,-1.9704581499099731,-0.00878856610506773,0.002396881580352783,-0.004527443088591099,47.8234977722168,-13.659672737121582,80.96703338623047,95.0228082821248,753538293,1720698892
5.0,0,-9.284855842590332,-0.07422138750553131,-2.3822669982910156,-0.001065280637703836,-0.004793763160705566,0.002663201652467251,47.29988479614258,-13.134300231933594,80.12362670898438,93.96586881049738,765538293,1720698892
5.0,0,-9.797223091125488,0.3016740083694458,-1.908207893371582,0.0013316008262336254,-0.006924324203282595,0.005592723377048969,46.9508056640625,-13.484548568725586,80.46099090576172,94.12854115593183,778538293,1720698892
5.0,0,-9.641597747802734,0.435751348733902,-1.5275241136550903,0.004527443088591099,0.0007989605655893683,-0.003994802478700876,47.9980354309082,-12.784051895141602,81.1357192993164,95.1327931593615,790538293,1720698892
5.0,0,-9.624837875366211,-0.1316830962896347,-1.7884960174560547,-0.007456964813172817,-0.0031958422623574734,-0.010652806609869003,47.9980354309082,-12.784051895141602,81.1357192993164,95.1327931593615,803538293,1720698892
5.0,0,-9.289644241333008,0.14604853093624115,-1.7214573621749878,-0.0037284824065864086,0.009321206249296665,-0.0015979211311787367,48.696189880371094,-14.185044288635254,80.46099090576172,95.11311922060368,815538293,1720698892
5.0,0,-9.268095970153809,-0.09098105132579803,-2.3271994590759277,-0.007456964813172817,-0.002929521957412362,0.002130561275407672,47.64896011352539,-13.134300231933594,80.12362670898438,94.14206710861824,828538293,1720698892
5.0,0,-9.995944023132324,0.35434725880622864,-1.8579288721084595,0.0013316008262336254,-0.004793763160705566,0.000266320159425959,47.125343322753906,-13.659672737121582,81.64176177978516,95.25104676107175,840538293,1720698892
5.0,0,-9.608078002929688,0.09098105132579803,-1.6807552576065063,0.002929521957412362,0.0007989605655893683,-0.005326403304934502,47.9980354309082,-13.134300231933594,81.1357192993164,95.18049271792385,853597204,1720698892
5.0,0,-9.27527904510498,0.033519335091114044,-1.6304762363433838,-0.004261122550815344,-0.002929521957412362,-0.007456964813172817,46.9508056640625,-13.834795951843262,79.78626251220703,93.60356519492467,865597204,1720698892
5.0,0,-9.287249565124512,0.033519335091114044,-1.8531404733657837,-0.001065280637703836,0.006391684524714947,0.0007989605655893683,47.64896011352539,-13.834795951843262,80.79835510253906,94.81666080497389,878597204,1720698892
5.0,0,-9.548221588134766,-0.02633661963045597,-2.317622661590576,-0.005592723377048969,0.000532640318851918,0.002130561275407672,47.8234977722168,-13.659672737121582,80.29231262207031,94.44855247516904,890597204,1720698892
5.0,0,-9.797223091125488,0.3471645414829254,-1.8459577560424805,0.002396881580352783,-0.0031958422623574734,-0.001065280637703836,47.474422454833984,-12.608928680419922,79.28022003173828,93.2639220608312,903597204,1720698892
5.0,0,-9.50991439819336,0.050279002636671066,-1.71906316280365,0.0013316008262336254,-0.0015979211311787367,-0.007723285350948572,46.60173034667969,-14.535292625427246,79.44890594482422,93.24765229667163,915597204,1720698892
5.0,0,-9.397384643554688,-0.03591357171535492,-1.675966739654541,-0.002396881580352783,0.0007989605655893683,-0.005326403304934502,46.60173034667969,-14.535292625427246,79.44890594482422,93.24765229667163,928597204,1720698892
5.0,0,-9.339923858642578,0.009576953016221523,-1.9225733280181885,-0.006391684524714947,0.0031958422623574734,0.0015979211311787367,47.64896011352539,-13.134300231933594,79.11154174804688,93.28220237663703,940597204,1720698892
5.0,0,-9.61526107788086,0.07661562412977219,-2.1284778118133545,-0.005859043914824724,-0.002396881580352783,0.001065280637703836,48.52165222167969,-13.659672737121582,80.29231262207031,94.80397069641738,953597204,1720698892
5.0,0,-9.694270133972168,0.22266416251659393,-1.996794581413269,-0.000266320159425959,-0.002130561275407672,-0.002663201652467251,47.474422454833984,-14.009920120239258,79.28022003173828,93.46363965455426,965597204,1720698892
5.0,0,-9.356682777404785,0.06464443355798721,-1.7789191007614136,0.0007989605655893683,-0.004261122550815344,-0.009321206249296665,47.474422454833984,-12.959176063537598,80.96703338623047,94.74925607640816,978597204,1720698892
5.0,0,-9.373442649841309,-0.07661562412977219,-1.7621593475341797,-0.003994802478700876,0.0,0.002130561275407672,47.64896011352539,-11.383060455322266,80.12362670898438,93.91375310480637,990597204,1720698892
5.0,0,-9.50991439819336,0.11492343246936798,-1.9656695127487183,-0.0013316008262336254,0.0037284824065864086,-0.0007989605655893683,48.17257308959961,-14.710416793823242,79.61758422851562,94.2122756264044,3597204,1720698893
5.0,0,-9.667933464050293,0.09098105132579803,-2.0997469425201416,-0.002929521957412362,-0.000266320159425959,0.0,48.17257308959961,-14.710416793823242,79.61758422851562,94.2122756264044,15597204,1720698893
5.0,0,-9.545827865600586,0.17477938532829285,-1.8651115894317627,-0.000532640318851918,-0.0031958422623574734,-0.006391684524714947,47.8234977722168,-13.659672737121582,79.61758422851562,93.87562685191118,28597204,1720698893
5.0,0,-9.450058937072754,0.023942383006215096,-1.833986520767212,-0.004261122550815344,-0.001065280637703836,-0.004261122550815344,47.125343322753906,-12.959176063537598,80.62966918945312,94.28616961746742,40597204,1720698893
5.0,0,-9.292038917541504,-0.004788476508110762,-1.8651115894317627,-0.004261122550815344,-0.0015979211311787367,0.000532640318851918,47.125343322753906,-12.959176063537598,80.62966918945312,94.28616961746742,53597204,1720698893
5.0,0,-9.572164535522461,0.16280819475650787,-1.8962366580963135,-0.002663201652467251,-0.000532640318851918,0.000532640318851918,49.21980285644531,-14.36016845703125,80.62966918945312,95.55075606682715,65597204,1720698893
5.0,0,-9.639203071594238,0.16280819475650787,-2.0231313705444336,-0.0031958422623574734,-0.0031958422623574734,0.000266320159425959,46.776268005371094,-12.25868034362793,81.30439758300781,94.59756634614529,78597204,1720698893
5.0,0,-9.57455825805664,0.08619257807731628,-1.9297560453414917,0.0007989605655893683,-0.004261122550815344,-0.005592723377048969,47.64896011352539,-14.185044288635254,81.47307586669922,95.44370577755143,90597204,1720698893
5.0,0,-9.359077453613281,0.06943290680646896,-1.8268038034439087,0.0,-0.001065280637703836,-0.0013316008262336254,47.9980354309082,-13.134300231933594,81.47307586669922,95.46823209314299,103597204,1720698893
5.0,0,-9.450058937072754,0.04788476601243019,-1.8196210861206055,-0.0031958422623574734,-0.000532640318851918,-0.0007989605655893683,47.64896011352539,-15.235788345336914,81.47307586669922,95.60551625081663,115597204,1720698893
5.0,0,-9.658356666564941,0.1987217664718628,-1.9129964113235474,-0.0037284824065864086,-0.005859043914824724,0.0,46.60173034667969,-14.185044288635254,81.81044006347656,95.21494029906694,128597204,1720698893
5.0,0,-9.643991470336914,0.15562549233436584,-1.9417272806167603,-0.0013316008262336254,-0.0015979211311787367,0.002396881580352783,48.52165222167969,-13.30942440032959,79.95494842529297,94.46843541565076,140597204,1720698893
5.0,0,-9.545827865600586,0.11731767654418945,-1.8363807201385498,0.000266320159425959,-0.002396881580352783,-0.004793763160705566,47.474422454833984,-14.710416793823242,80.62966918945312,94.71726718644646,153597204,1720698893
5.0,0,-9.397384643554688,-0.11971191316843033,-1.8291980028152466,-0.002663201652467251,-0.005859043914824724,-0.003994802478700876,46.776268005371094,-13.30942440032959,80.62966918945312,94.16105128968685,166597204,1720698893
5.0,0,-9.474000930786133,0.059855956584215164,-1.8196210861206055,-0.004793763160705566,0.000266320159425959,0.0018642412032932043,47.29988479614258,-13.834795951843262,78.77417755126953,92.91959819993,178597204,1720698893
5.0,0,-9.54343318939209,0.14604853093624115,-1.9034193754196167,-0.002396881580352783,0.001065280637703836,0.000532640318851918,46.60173034667969,-13.484548568725586,80.12362670898438,93.66616186439818,191597204,1720698893
5.0,0,-9.507519721984863,0.12928886711597443,-2.0039772987365723,-0.005060083232820034,-0.0015979211311787367,-0.004527443088591099,47.64896011352539,-13.484548568725586,79.44890594482422,93.61829471760409,203597204,1720698893
5.0,0,-9.495549201965332,0.06943290680646896,-1.9249675273895264,-0.0015979211311787367,-0.0031958422623574734,-0.000266320159425959,47.29988479614258,-14.009920120239258,80.46099090576172,94.37970131887955,216597204,1720698893
5.0,0,-9.394990921020508,0.06703867018222809,-1.7884960174560547,-0.0013316008262336254,-0.002130561275407672,0.0007989605655893683,47.474422454833984,-12.959176063537598,80.96703338623047,94.74925607640816,228597204,1720698893
5.0,0,-9.54343318939209,0.12928886711597443,-1.8124382495880127,-0.0034621621016412973,-0.0007989605655893683,0.000532640318851918,45.9035758972168,-13.484548568725586,80.79835510253906,93.90072160281764,241597204,1720698893
5.0,0,-9.545827865600586,0.12450038641691208,-1.972852349281311,-0.0007989605655893683,0.003994802478700876,0.000266320159425959,49.045265197753906,-16.28653335571289,79.78626251220703,95.06070109530842,253597204,1720698893
5.0,0,-9.531462669372559,0.11492343246936798,-2.039891004562378,-0.0037284824065864086,-0.0018642412032932043,-0.002929521957412362,48.17257308959961,-14.710416793823242,81.9791259765625,96.21626814734563,266597204,1720698893
5.0,0,-9.447664260864258,0.09337528795003891,-1.8890539407730103,0.0013316008262336254,-0.0013316008262336254,0.000266320159425959,46.776268005371094,-13.30942440032959,80.29231262207031,93.87233614105203,278597204,1720698893
5.0,0,-9.375837326049805,0.08858681470155716,-1.7980729341506958,-0.004261122550815344,-0.0007989605655893683,-0.000266320159425959,48.34711456298828,-13.484548568725586,82.1478042602539,96.2680543142429,291597204,1720698893
5.0,0,-9.605684280395508,0.1412600576877594,-1.7861016988754272,-0.0034621621016412973,-0.002130561275407672,0.002396881580352783,47.125343322753906,-12.608928680419922,81.9791259765625,95.39580788292768,303597204,1720698893
5.0,0,-9.500337600708008,0.1604139655828476,-1.9800350666046143,-0.005592723377048969,0.000532640318851918,-0.002396881580352783,46.42719268798828,-14.009920120239258,80.29231262207031,93.80094641773796,316597204,1720698893
5.0,0,-9.567376136779785,0.011971191503107548,-2.0231313705444336,-0.001065280637703836,-0.0018642412032932043,-0.002396881580352783,48.17257308959961,-13.659672737121582,80.96703338623047,95.19897033437408,328597204,1720698893
5.0,0,-9.471606254577637,0.059855956584215164,-1.8196210861206055,-0.0013316008262336254,-0.0015979211311787367,-0.002663201652467251,46.776268005371094,-13.659672737121582,80.29231262207031,93.92263504606244,341597204,1720698893
5.0,0,-9.421327590942383,0.1125291958451271,-1.8603230714797974,-0.002929521957412362,-0.001065280637703836,-0.001065280637703836,47.29988479614258,-14.535292625427246,80.46099090576172,94.45911756401405,353597204,1720698893
5.0,0,-9.598501205444336,0.16520243883132935,-1.7884960174560547,-0.0037284824065864086,0.000266320159425959,-0.0013316008262336254,48.8707275390625,-14.36016845703125,80.96703338623047,95.65679768672248,366597204,1720698893
5.0,0,-9.50991439819336,0.07900986075401306,-1.9824292659759521,-0.004261122550815344,0.0,-0.004261122550815344,47.8234977722168,-12.959176063537598,80.62966918945312,94.63704738111622,378597204,1720698893
5.0,0,-9.45724105834961,-0.028730858117341995,-1.958486795425415,-0.007723285350948572,-0.000532640318851918,-0.002663201652467251,47.8234977722168,-13.30942440032959,79.95494842529297,94.11175003541572,391597204,1720698893
5.0,0,-9.462029457092285,0.1221061497926712,-1.8698999881744385,-0.002130561275407672,0.001065280637703836,0.000266320159425959,47.125343322753906,-13.30942440032959,79.95494842529297,93.7589064507835,403597204,1720698893
5.0,0,-9.483577728271484,0.055067479610443115,-1.8675057888031006,-0.001065280637703836,-0.002663201652467251,0.0031958422623574734,46.0781135559082,-14.009920120239258,80.62966918945312,93.91812372618665,416597204,1720698893
5.0,0,-9.56258773803711,0.04070204868912697,-1.8794770240783691,-0.002663201652467251,0.000532640318851918,-0.000532640318851918,48.17257308959961,-13.659672737121582,81.9791259765625,96.06123335268595,428597204,1720698893
5.0,0,-9.406962394714355,0.05746171623468399,-1.9560925960540771,-0.002396881580352783,-0.002396881580352783,-0.002396881580352783,46.776268005371094,-16.111408233642578,79.28022003173828,93.4502542107951,441597204,1720698893
5.0,0,-9.54103946685791,0.11492343246936798,-1.8722944259643555,-0.0031958422623574734,-0.0018642412032932043,-0.0037284824065864086,45.72903823852539,-14.009920120239258,79.61758422851562,92.87832103553973,453597204,1720698893
5.0,0,-9.564981460571289,0.1891448199748993,-1.8579288721084595,-0.0015979211311787367,0.0007989605655893683,-0.000266320159425959,46.9508056640625,-13.834795951843262,80.46099090576172,94.17935436745556,466597204,1720698893
5.0,0,-9.54343318939209,0.13407734036445618,-1.9034193754196167,-0.0037284824065864086,-0.005859043914824724,-0.000266320159425959,46.9508056640625,-13.834795951843262,80.46099090576172,94.17935436745556,478597204,1720698893
5.0,0,-9.660751342773438,0.22026991844177246,-1.8890539407730103,-0.002130561275407672,-0.0031958422623574734,-0.0037284824065864086,46.776268005371094,-13.30942440032959,80.96703338623047,94.45009540357994,491597204,1720698893
5.0,0,-9.505125999450684,0.019153906032443047,-1.9489099979400635,-0.001065280637703836,-0.0018642412032932043,0.001065280637703836,48.34711456298828,-13.484548568725586,79.44890594482422,93.97555635641939,503597204,1720698893
5.0,0,-9.478789329528809,0.028730858117341995,-1.8914482593536377,-0.0013316008262336254,-0.00719064474105835,-0.0007989605655893683,46.9508056640625,-14.185044288635254,80.46099090576172,94.23144215978112,516597204,1720698893
5.0,0,-9.459635734558105,0.11971191316843033,-1.8603230714797974,-0.002663201652467251,-0.004261122550815344,-0.0013316008262336254,48.696189880371094,-12.784051895141602,81.47307586669922,95.7737593649939,528597204,1720698893
5.0,0,-9.50991439819336,0.033519335091114044,-1.8411691188812256,-0.003994802478700876,-0.002929521957412362,-0.000532640318851918,47.64896011352539,-14.885540008544922,80.12362670898438,94.40232125454861,541597204,1720698893
5.0,0,-9.514702796936035,0.09337528795003891,-1.769342064857483,-0.002929521957412362,-0.000532640318851918,-0.0015979211311787367,46.9508056640625,-14.885540008544922,80.12362670898438,94.05186340977636,553597204,1720698893
5.0,0,-9.450058937072754,0.10774072259664536,-1.9608811140060425,-0.005592723377048969,-0.0034621621016412973,-0.002396881580352783,46.776268005371094,-13.30942440032959,79.95494842529297,93.58393988323878,566597204,1720698893
5.0,0,-9.512308120727539,0.08858681470155716,-1.972852349281311,-0.002663201652467251,-0.001065280637703836,-0.0013316008262336254,48.17257308959961,-14.009920120239258,80.96703338623047,95.24985645771473,578597204,1720698893
5.0,0,-9.529067993164062,0.08140409737825394,-1.8579288721084595,-0.0015979211311787367,-0.004527443088591099,-0.005326403304934502,48.696189880371094,-13.834795951843262,80.12362670898438,94.77613647377154,591597204,1720698893
5.0,0,-9.464424133300781,0.09098105132579803,-1.8315922021865845,-0.0007989605655893683,-0.001065280637703836,0.000266320159425959,48.696189880371094,-13.834795951843262,80.12362670898438,94.77613647377154,603597204,1720698893
5.0,0,-9.505125999450684,0.10055800527334213,-1.9321502447128296,-0.0031958422623574734,0.000532640318851918,-0.0013316008262336254,46.9508056640625,-13.834795951843262,79.78626251220703,93.60356519492467,616597204,1720698893
5.0,0,-9.469212532043457,0.1125291958451271,-1.9536983966827393,-0.000532640318851918,-0.002929521957412362,-0.0018642412032932043,47.64896011352539,-13.484548568725586,80.46099090576172,94.47871457391724,628597204,1720698893
5.0,0,-9.54103946685791,-0.03591357171535492,-1.9536983966827393,-0.002396881580352783,0.000266320159425959,-0.002663201652467251,46.9508056640625,-13.134300231933594,81.1357192993164,94.65671102095509,641597204,1720698893
5.0,0,-9.617654800415039,0.055067479610443115,-1.8196210861206055,-0.0037284824065864086,-0.0018642412032932043,-0.002663201652467251,46.776268005371094,-14.710416793823242,80.29231262207031,94.08119406639443,653597204,1720698893
5.0,0,-9.428509712219238,0.002394238254055381,-1.8794770240783691,-0.002663201652467251,-0.0015979211311787367,-0.002130561275407672,47.64896011352539,-13.484548568725586,79.78626251220703,93.90476098510376,666597204,1720698893
5.0,0,-9.524279594421387,0.04070204868912697,-1.8794770240783691,-0.0037284824065864086,-0.0018642412032932043,-0.005060083232820034,48.34711456298828,-13.134300231933594,79.78626251220703,94.21146965638577,678597204,1720698893
5.0,0,-9.418932914733887,0.1125291958451271,-1.8962366580963135,0.001065280637703836,-0.0007989605655893683,0.001065280637703836,47.474422454833984,-12.25868034362793,80.29231262207031,94.0794956267707,691597204,1720698893
5.0,0,-9.517096519470215,0.04549052566289902,-1.9513041973114014,-0.002663201652467251,0.0,0.0015979211311787367,47.125343322753906,-13.659672737121582,80.96703338623047,94.67336023369852,704597204,1720698893
5.0,0,-9.459635734558105,0.1508370041847229,-1.7884960174560547,-0.002929521957412362,-0.0013316008262336254,-0.002929521957412362,46.60173034667969,-13.484548568725586,80.79835510253906,94.24398393893885,716597204,1720698893
5.0,0,-9.462029457092285,0.033519335091114044,-1.8651115894317627,-0.003994802478700876,-0.002396881580352783,0.000532640318851918,46.60173034667969,-13.484548568725586,80.79835510253906,94.24398393893885,729597204,1720698893
5.0,0,-9.531462669372559,0.09816376864910126,-1.8722944259643555,-0.002663201652467251,-0.0013316008262336254,-0.0037284824065864086,48.17257308959961,-14.009920120239258,78.94285583496094,93.53528290023893,741597204,1720698893
5.0,0,-9.493154525756836,0.11013495922088623,-1.8555346727371216,-0.002663201652467251,-0.001065280637703836,-0.0013316008262336254,48.17257308959961,-15.761160850524902,80.29231262207031,94.95191654531891,754597204,1720698893
5.0,0,-9.54343318939209,0.09098105132579803,-1.9129964113235474,-0.002396881580352783,-0.0015979211311787367,-0.002663201652467251,48.17257308959961,-15.761160850524902,80.29231262207031,94.95191654531891,766597204,1720698893
5.0,0,-9.524279594421387,0.07422138750553131,-1.8315922021865845,-0.002396881580352783,-0.000532640318851918,-0.0018642412032932043,47.8234977722168,-14.36016845703125,80.96703338623047,95.12603151950837,779597204,1720698893
5.0,0,-9.466817855834961,0.14604853093624115,-1.8627172708511353,-0.002663201652467251,0.000266320159425959,-0.002130561275407672,47.64896011352539,-12.083556175231934,81.81044006347656,95.44309211839278,791597204,1720698893
5.0,0,-9.536251068115234,0.10055800527334213,-1.8411691188812256,-0.002929521957412362,-0.001065280637703836,0.0007989605655893683,48.8707275390625,-12.959176063537598,79.95494842529297,94.59958790678903,804597204,1720698893
5.0,0,-9.545827865600586,0.16520243883132935,-1.8842655420303345,-0.002663201652467251,0.002130561275407672,-0.0037284824065864086,48.34711456298828,-13.834795951843262,80.79835510253906,95.16942393895138,816597204,1720698893
5.0,0,-9.54343318939209,0.03591357171535492,-1.9225733280181885,-0.002929521957412362,0.001065280637703836,-0.002929521957412362,47.9980354309082,-13.484548568725586,81.81044006347656,95.80497147178079,829597204,1720698893
5.0,0,-9.512308120727539,0.059855956584215164,-1.9034193754196167,-0.002396881580352783,-0.0013316008262336254,-0.000532640318851918,47.29988479614258,-14.185044288635254,80.12362670898438,94.11848989544816,841597204,1720698893
5.0,0,-9.490760803222656,0.055067479610443115,-1.9010250568389893,-0.0015979211311787367,-0.000266320159425959,-0.0013316008262336254,47.29988479614258,-14.185044288635254,80.12362670898438,94.11848989544816,854597204,1720698893
5.0,0,-9.462029457092285,0.07422138750553131,-1.9129964113235474,-0.004527443088591099,-0.0013316008262336254,-0.0007989605655893683,48.34711456298828,-12.784051895141602,80.46099090576172,94.73566660430198,866597204,1720698893
5.0,0,-9.481184005737305,0.14844277501106262,-1.8627172708511353,-0.0018642412032932043,0.000266320159425959,-0.002929521957412362,47.9980354309082,-13.134300231933594,80.46099090576172,94.60598451126842,879597204,1720698893
5.0,0,-9.507519721984863,0.1412600576877594,-1.8962366580963135,-0.0034621621016412973,-0.0015979211311787367,0.002663201652467251,48.52165222167969,-12.959176063537598,79.95494842529297,94.41972652077878,891597204,1720698893
5.0,0,-9.59371280670166,0.023942383006215096,-1.8962366580963135,-0.0007989605655893683,-0.002130561275407672,-0.0031958422623574734,47.125343322753906,-12.608928680419922,80.29231262207031,93.95019176114339,904597204,1720698893
5.0,0,-9.500337600708008,0.03830781206488609,-1.9058135747909546,-0.00825592502951622,0.001065280637703836,-0.0007989605655893683,48.52165222167969,-15.060664176940918,80.96703338623047,95.5867921584315,916597204,1720698893
5.0,0,-9.514702796936035,-0.02154814451932907,-1.9153906106948853,-0.0015979211311787367,0.0,-0.0037284824065864086,47.29988479614258,-13.134300231933594,80.46099090576172,94.25370020242177,929597204,1720698893
5.0,0,-9.459635734558105,0.06943290680646896,-1.8387749195098877,-0.0018642412032932043,-0.0031958422623574734,-0.000532640318851918,47.8234977722168,-12.25868034362793,80.62966918945312,94.54367105489992,941597204,1720698893
5.0,0,-9.48597240447998,-0.023942383006215096,-1.9058135747909546,-0.005060083232820034,-0.003994802478700876,-0.002396881580352783,47.9980354309082,-13.484548568725586,80.79835510253906,94.94218579011671,954597204,1720698893
5.0,0,-9.545827865600586,0.08619257807731628,-1.8770828247070312,-0.004527443088591099,-0.0015979211311787367,-0.004527443088591099,47.29988479614258,-13.134300231933594,80.12362670898438,93.96586881049738,966597204,1720698893
5.0,0,-12.435672760009766,-2.145237445831299,-0.17238515615463257,0.04926923289895058,-0.10120166838169098,-0.01651185005903244,47.125343322753906,-14.36016845703125,80.96703338623047,94.77696406178403,979597204,1720698893
5.0,0,-2.3918440341949463,-15.15552806854248,3.565020799636841,0.3904253840446472,-1.0394476652145386,0.18775571882724762,46.42719268798828,-15.060664176940918,78.60549926757812,92.5263872711099,991597204,1720698893
5.0,0,14.576122283935547,3.0382883548736572,9.653568267822266,0.21784991025924683,-0.9965700507164001,0.7358426451683044,48.696189880371094,-15.235788345336914,81.1357192993164,95.84598636138357,4597204,1720698894
5.0,0,2.035102367401123,-9.828347206115723,3.3926355838775635,0.46499502658843994,-1.992341160774231,0.9853846430778503,48.8707275390625,-12.959176063537598,78.26813507080078,93.17826582365741,16597204,1720698894
5.0,0,2.935336112976074,3.565020799636841,2.7533740997314453,0.10732702910900116,-1.760642647743225,1.5968557596206665,49.045265197753906,-14.185044288635254,78.09944915771484,93.30689941546144,29597204,1720698894
5.0,0,-13.177886962890625,6.703866958618164,-3.509953260421753,0.2524715065956116,-2.127631902694702,1.3177522420883179,49.56888198852539,-14.710416793823242,78.60549926757812,94.08663528336838,41597204,1720698894
5.0,0,-15.727750778198242,6.201076984405518,-4.17076301574707,0.1262357532978058,-1.9795578718185425,1.40164315700531,51.13972473144531,-15.936284065246582,77.76209259033203,94.42552430060212,54597204,1720698894
5.0,0,-11.363054275512695,3.890637159347534,-2.9808266162872314,0.10226695239543915,-2.174504280090332,1.194179654121399,51.314266204833984,-15.761160850524902,77.5934066772461,94.35202630191459,66597204,1720698894
5.0,0,-10.754918098449707,3.6775498390197754,1.5706202983856201,0.042877547442913055,-1.9888790845870972,1.0413118600845337,50.965187072753906,-16.46165657043457,74.8945083618164,92.0740126917575,79597204,1720698894
5.0,0,-6.057422637939453,0.5841941237449646,0.43814560770988464,-0.10439750552177429,-1.9947381019592285,1.1728739738464355,50.7906494140625,-16.63677978515625,74.725830078125,91.87177036710897,91597204,1720698894
5.0,0,-12.60566520690918,0.6871464252471924,0.06225019320845604,-0.19468003511428833,-1.8682359457015991,1.259960651397705,50.965187072753906,-16.811904907226562,73.54505920410156,91.0437596615234,104597204,1720698894
5.0,0,-1.9824292659759521,1.9034193754196167,-0.9265702366828918,-0.2596621513366699,-1.9750303030014038,1.2591617107391357,52.186954498291016,-18.73826789855957,73.37637329101562,91.97115341772852,116597204,1720698894
5.0,0,-15.217778205871582,3.2609524726867676,-1.185148000717163,-0.3020070493221283,-1.8463977575302124,1.2514383792877197,53.05964660644531,-19.613887786865234,73.20769500732422,92.51701087044484,129597204,1720698894
5.0,0,-12.821145057678223,3.4213664531707764,0.2801258862018585,-0.386430561542511,-1.9313538074493408,1.1688792705535889,52.7105712890625,-18.56314468383789,72.87033081054688,91.83180156465937,142597204,1720698894
5.0,0,0.5746171474456787,3.0358939170837402,2.9975860118865967,-0.4514126777648926,-1.9417403936386108,1.291652798652649,52.885108947753906,-21.190004348754883,71.01483917236328,91.04371705610812,154597204,1720698894
5.0,0,-12.145971298217773,3.821204423904419,1.7621593475341797,-0.531575083732605,-1.825092077255249,1.173140287399292,53.40872573852539,-21.365129470825195,70.50879669189453,90.99698430858611,167597204,1720698894
5.0,0,-5.238593578338623,1.8794770240783691,1.0031858682632446,-0.6314451694488525,-1.8914059400558472,1.2439815998077393,54.6304931640625,-21.540252685546875,70.3401107788086,91.63080515569507,179597204,1720698894
5.0,0,-1.2450039386749268,1.5873799324035645,0.4309628903865814,-0.672724723815918,-1.9036566019058228,1.421617031097412,53.5832633972168,-22.24074935913086,68.99066162109375,90.14171309259355,192597204,1720698894
5.0,0,-14.224169731140137,4.276109218597412,1.6232936382293701,-0.7475606799125671,-1.7939326763153076,1.1587591171264648,54.6304931640625,-23.991989135742188,68.6532974243164,90.95813088047655,204597204,1720698894
5.0,0,-14.559362411499023,4.316811561584473,1.6592071056365967,-0.7789865136146545,-1.745462417602539,1.237856149673462,53.93233871459961,-23.641740798950195,67.6412124633789,89.682566258705,217597204,1720698894
5.0,0,-2.2817089557647705,2.683941125869751,2.7964701652526855,-0.8897756934165955,-1.828554391860962,1.3462483882904053,53.93233871459961,-23.641740798950195,67.6412124633789,89.682566258705,229597204,1720698894
5.0,0,-7.848312854766846,2.727037191390991,2.604931116104126,-0.9595515727996826,-1.7747576236724854,1.253302812576294,54.6304931640625,-24.34223747253418,63.93022155761719,87.54489440809184,242597204,1720698894
5.0,0,-13.405340194702148,3.6703672409057617,1.2114845514297485,-0.9965700507164001,-1.6506524085998535,1.2996424436569214,54.97956848144531,-23.641740798950195,65.61703491210938,88.81036048270303,254597204,1720698894
5.0,0,-7.8052167892456055,7.290455341339111,3.584174633026123,-1.05276358127594,-1.725754737854004,1.4232150316238403,54.97956848144531,-26.4437255859375,64.26758575439453,88.61346484574878,267597204,1720698894
5.0,0,-6.138826847076416,1.3096483945846558,2.4588825702667236,-1.1457092761993408,-1.6519839763641357,1.2642219066619873,53.93233871459961,-27.14422035217285,61.56868362426758,86.2334544186812,279597204,1720698894
5.0,0,-11.434881210327148,6.842732906341553,3.591357469558716,-1.154764175415039,-1.6011167764663696,1.3217469453811646,53.05964660644531,-26.969097137451172,61.400001525878906,85.51384967236636,292597204,1720698894
5.0,0,-10.364657402038574,3.837963819503784,3.2633466720581055,-1.2802010774612427,-1.602182149887085,1.3779405355453491,53.7578010559082,-28.019840240478516,60.725276947021484,85.80543037454567,304597204,1720698894
5.0,0,0.12928886711597443,1.3311964273452759,4.259349822998047,-1.33026921749115,-1.6003178358078003,1.3451831340789795,53.7578010559082,-28.019840240478516,60.725276947021484,85.80543037454567,317597204,1720698894
5.0,0,-14.370218276977539,9.414144515991211,4.417369842529297,-1.3177522420883179,-1.4463849067687988,1.386729121208191,54.106876373291016,-30.121328353881836,59.0384635925293,85.55926995973826,329597204,1720698894
5.0,0,-9.699058532714844,6.96244478225708,4.0869646072387695,-1.4439878463745117,-1.467956781387329,1.4037736654281616,52.36149597167969,-30.82182502746582,57.35165023803711,83.55191765269119,342597204,1720698894
5.0,0,-3.4907991886138916,0.05267323926091194,4.046262741088867,-1.4932571649551392,-1.470620036125183,1.4383952617645264,52.36149597167969,-30.82182502746582,57.35165023803711,83.55191765269119,354597204,1720698894
5.0,0,-9.974396705627441,9.323163032531738,5.832364082336426,-1.499648928642273,-1.3358619213104248,1.3989797830581665,53.93233871459961,-34.499427795410156,56.17087936401367,85.17085984046184,367597204,1720698894
5.0,0,-7.0270891189575195,4.015137672424316,4.2449846267700195,-1.616829752922058,-1.352640151977539,1.4426562786102295,51.13972473144531,-34.499427795410156,53.13461685180664,81.41725536891435,379597204,1720698894
5.0,0,-4.683129787445068,1.3120425939559937,4.434129238128662,-1.6562451124191284,-1.3132246732711792,1.4439878463745117,51.8378791809082,-35.19992446899414,53.80934143066406,82.59325411799144,392597204,1720698894
5.0,0,-9.19387435913086,9.983973503112793,6.3782501220703125,-1.668229579925537,-1.2461121082305908,1.4642282724380493,49.56888198852539,-34.67455291748047,50.9417610168457,79.08515472019342,404597204,1720698894
5.0,0,-10.941668510437012,4.9656500816345215,4.096541881561279,-1.743598222732544,-1.1249364614486694,1.4461185932159424,50.09249496459961,-36.250667572021484,50.09835433959961,79.58149319239823,417597204,1720698894
5.0,0,0.028730858117341995,1.8220152854919434,6.162769317626953,-1.7654364109039307,-1.1939133405685425,1.5774143934249878,49.394344329833984,-35.550174713134766,49.760990142822266,78.61152786902608,429597204,1720698894
5.0,0,-7.254541397094727,4.4245524406433105,5.743777751922607,-1.8027212619781494,-1.021337866783142,1.471152663230896,49.394344329833984,-35.550174713134766,49.760990142822266,78.61152786902608,442597204,1720698894
5.0,0,-5.401401519775391,4.063022136688232,5.738989353179932,-1.884747862815857,-1.0096197128295898,1.4873981475830078,48.8707275390625,-37.12628936767578,48.91758346557617,78.48336985961605,454597204,1720698894
5.0,0,-9.19387435913086,5.533084392547607,5.592940330505371,-1.902591347694397,-0.9813898205757141,1.5672942399978638,47.125343322753906,-38.52728271484375,46.21868133544922,76.42850254365008,467597204,1720698894
5.0,0,-2.636056423187256,3.9576759338378906,6.608097076416016,-1.9366803169250488,-0.8948357701301575,1.527346134185791,47.125343322753906,-38.52728271484375,46.21868133544922,76.42850254365008,479597204,1720698894
5.0,0,-9.047825813293457,6.236990928649902,5.753354549407959,-1.945735216140747,-0.8322505354881287,1.597122073173523,46.252655029296875,-38.7024040222168,44.363189697265625,74.86839636638159,492597204,1720698894
5.0,0,-2.161997079849243,6.818790435791016,7.764514923095703,-1.9760955572128296,-0.8040205836296082,1.6477229595184326,44.856346130371094,-38.35215759277344,42.67637634277344,72.83030192123756,504597204,1720698894
5.0,0,-5.727018356323242,3.4381263256073,6.0717878341674805,-2.0565245151519775,-0.7582135200500488,1.591795563697815,44.1581916809082,-39.05265426635742,42.67637634277344,72.7758805891451,517597204,1720698894
5.0,0,-6.69668436050415,5.51871919631958,7.616071701049805,-2.0192394256591797,-0.6263850927352905,1.620025634765625,44.68180847167969,-39.578025817871094,41.832969665527344,72.8895156176584,529597204,1720698894
5.0,0,-3.562626600265503,4.86030387878418,7.903380393981934,-2.088482618331909,-0.640500009059906,1.676751732826233,42.23827362060547,-39.92827224731445,41.158241271972656,71.22035880074398,542597204,1720698894
5.0,0,-5.67913293838501,0.2657604515552521,6.148403644561768,-2.1124515533447266,-0.5270476341247559,1.6698274612426758,41.191043853759766,-41.32926559448242,39.47142791748047,70.44717105879047,554597204,1720698894
5.0,0,-3.0382883548736572,3.1651828289031982,8.279275894165039,-2.136420488357544,-0.5113347172737122,1.7036501169204712,41.191043853759766,-41.32926559448242,39.47142791748047,70.44717105879047,567597204,1720698894
5.0,0,-9.038249015808105,8.458844184875488,6.172346115112305,-2.1183106899261475,-0.3821694254875183,1.7646374702453613,39.096580505371094,-40.9790153503418,39.13406753540039,68.84255622913628,579597204,1720698894
5.0,0,-0.9768491983413696,-0.8762912154197693,7.891409397125244,-2.1753032207489014,-0.402942419052124,1.7590447664260864,38.572967529296875,-41.15414047241211,36.94121170043945,67.42544196322264,592597204,1720698894
5.0,0,-6.852309703826904,7.47241735458374,7.455657958984375,-2.137752056121826,-0.24288399517536163,1.7521203756332397,38.572967529296875,-41.15414047241211,36.94121170043945,67.42544196322264,604597204,1720698894
5.0,0,-0.636867344379425,0.6464443206787109,7.635225772857666,-2.2200448513031006,-0.2500746250152588,1.7702301740646362,37.52573776245117,-40.453643798828125,34.57966995239258,65.1185984587746,617597204,1720698894
5.0,0,-8.700661659240723,3.483616590499878,6.385433673858643,-2.213120698928833,-0.18189668655395508,1.8224289417266846,35.25674057006836,-41.67951202392578,34.07362747192383,64.35240141030575,629597204,1720698894
5.0,0,-2.193122148513794,5.686315536499023,9.03106689453125,-2.161987066268921,-0.07137380540370941,1.7987264394760132,34.55858612060547,-39.578025817871094,32.38681411743164,61.722133234136074,642597204,1720698894
5.0,0,-6.143615245819092,8.657565116882324,7.412561893463135,-2.1915485858917236,-0.0537966750562191,1.8610453605651855,35.08220291137695,-41.854637145996094,32.21813201904297,63.40804083501164,654597204,1720698894
5.0,0,-3.0334997177124023,2.607325315475464,8.329554557800293,-2.18808650970459,0.0143812894821167,1.8858131170272827,34.209510803222656,-40.27852249145508,31.71208953857422,61.630403425525365,667597204,1720698894
5.0,0,-4.599331378936768,2.659998655319214,8.11886215209961,-2.2842280864715576,0.07217276096343994,1.8519904613494873,32.289588928222656,-40.80389404296875,28.844507217407227,59.49437720355157,680597204,1720698894
5.0,0,-6.428529739379883,5.257747173309326,8.073371887207031,-2.186488628387451,0.17736923694610596,1.9068524837493896,31.591434478759766,-40.80389404296875,29.51923179626465,59.45049661135888,692597204,1720698894
5.0,0,-5.698287010192871,2.1021411418914795,8.853893280029297,-2.2211103439331055,0.15846049785614014,1.9196357727050781,31.067819595336914,-39.578025817871094,27.66373634338379,57.41874128300554,705597204,1720698894
5.0,0,-7.48438835144043,4.328782558441162,7.192291736602783,-2.179297924041748,0.31186091899871826,1.9515942335128784,27.57705307006836,-39.22777557373047,28.001100540161133,55.52813578675718,717597204,1720698894
5.0,0,-0.4333571195602417,0.27773162722587585,8.698267936706543,-2.259992837905884,0.3070671558380127,1.9585185050964355,29.322437286376953,-37.826786041259766,25.30219841003418,54.13753148237819,730597204,1720698894
5.0,0,-4.1611857414245605,9.885809898376465,8.176322937011719,-2.1782326698303223,0.377908319234848,2.036017656326294,27.227977752685547,-37.826786041259766,25.63956069946289,53.19413113843881,742597204,1720698894
5.0,0,-2.444517135620117,-3.8738772869110107,8.8945951461792,-2.2003371715545654,0.4458199441432953,1.9883464574813843,28.449745178222656,-37.65166091918945,24.121429443359375,52.99885780911119,755597204,1720698894
5.0,0,-5.501959800720215,4.920159339904785,9.050220489501953,-2.1457417011260986,0.5092041492462158,2.0368165969848633,26.006208419799805,-37.301414489746094,22.097253799438477,50.5569681130772,767597204,1720698894
5.0,0,-2.1284778118133545,-1.4173890352249146,9.636809349060059,-2.192880153656006,0.5475542545318604,2.0530622005462646,25.8316707611084,-35.37504959106445,22.265933990478516,49.13696332038558,780597204,1720698894
5.0,0,-8.868258476257324,2.583383083343506,7.819581985473633,-2.204332113265991,0.6237218379974365,2.0778300762176514,25.482593536376953,-35.72529602050781,21.928571701049805,49.056310561855284,792597204,1720698894
5.0,0,-5.0183234214782715,2.2817089557647705,9.272884368896484,-2.1105873584747314,0.719064474105835,2.0863521099090576,23.737211227416992,-35.72529602050781,22.265933990478516,48.327257206221304,805597204,1720698894
5.0,0,-3.1915197372436523,5.032688617706299,8.561796188354492,-2.1420130729675293,0.7012210488319397,2.1289634704589844,22.68998146057129,-34.32430648803711,21.253847122192383,46.311114131051745,817597204,1720698894
5.0,0,-5.717440605163574,1.4700623750686646,7.470023155212402,-2.074634075164795,0.7864434719085693,2.1526660919189453,22.864519119262695,-32.74818801879883,19.060989379882812,44.25552360112502,830597204,1720698894
5.0,0,-1.9704581499099731,1.2186672687530518,9.323163032531738,-2.1699767112731934,0.8492950201034546,2.1308276653289795,20.944597244262695,-32.57306671142578,19.567033767700195,43.388358336974335,842597204,1720698894
5.0,0,-3.7996559143066406,7.149195671081543,9.239365577697754,-2.0333545207977295,0.9089507460594177,2.1944780349731445,19.897367477416992,-31.522321701049805,19.904396057128906,42.2580995828598,855597204,1720698894
5.0,0,-6.5147223472595215,-5.284083843231201,8.966422080993652,-2.121506452560425,0.9201362133026123,2.1862223148345947,21.119136810302734,-30.29645347595215,19.398351669311523,41.71557359451142,867597204,1720698894
5.0,0,-4.86030387878418,6.078970909118652,8.688690185546875,-1.982221007347107,1.0519646406173706,2.2349588871002197,20.420982360839844,-30.9969482421875,17.711538314819336,41.12816444223953,880597204,1720698894
5.0,0,-2.9975860118865967,-4.067810535430908,9.0621919631958,-2.069840431213379,1.042110800743103,2.2408177852630615,19.024675369262695,-28.194965362548828,17.711538314819336,38.34831070827595,892597204,1720698894
5.0,0,-6.174740314483643,7.024694919586182,7.410167217254639,-1.9651764631271362,1.075134515762329,2.2733089923858643,19.199214935302734,-28.019840240478516,15.85604476928711,37.485136480470864,905597204,1720698894
5.0,0,-3.5745978355407715,-5.786873817443848,8.011120796203613,-1.969704031944275,1.1571612358093262,2.2240397930145264,19.37375259399414,-26.4437255859375,12.9884614944458,35.26064441314653,917597204,1720698894
5.0,0,-4.321599960327148,10.728581428527832,15.998300552368164,-1.7241568565368652,0.8221303224563599,2.1089894771575928,18.501060485839844,-27.319345474243164,15.181319236755371,36.31953097177927,930597204,1720698894
5.0,0,-22.113183975219727,-21.203372955322266,18.694211959838867,-1.134790301322937,0.6492885947227478,1.2458457946777344,19.024675369262695,-23.991989135742188,14.337912559509277,33.810198937000294,942597204,1720698894
5.0,0,-9.474000930786133,-1.3647156953811646,29.195343017578125,-0.9994996190071106,0.4021434485912323,0.69562828540802,17.104755401611328,-25.217857360839844,13.157143592834473,33.19071277847286,955597204,1720698894
5.0,0,-26.401264190673828,21.442798614501953,9.469212532043457,0.29668065905570984,0.4263785779476166,0.2833646535873413,17.45383071899414,-23.816864013671875,14.843955993652344,33.04878587413658,967597204,1720698894
5.0,0,1.3623214960098267,-30.04529571533203,13.024656295776367,-0.1744397133588791,0.20213700830936432,-0.19468003511428833,19.199214935302734,-23.816864013671875,13.831868171691895,33.57340379968574,980597204,1720698894
5.0,0,-9.423721313476562,12.986349105834961,0.5937711000442505,0.3028060495853424,0.09294573962688446,-0.2101266235113144,19.897367477416992,-23.466615676879883,13.157143592834473,33.461884456500975,992597204,1720698894
5.0,0,-4.410186767578125,-4.132455348968506,3.8738772869110107,0.20693077147006989,-0.11877879500389099,-0.18775571882724762,18.15198516845703,-25.217857360839844,13.831868171691895,34.011108075842095,5597204,1720698895
5.0,0,-4.058233737945557,-0.04070204868912697,7.328763008117676,0.06125364080071449,-0.22157837450504303,-0.1502045840024948,19.37375259399414,-22.94124412536621,13.663187026977539,32.98978101362771,17597204,1720698895
5.0,0,-5.964047431945801,5.631248474121094,9.821165084838867,0.10146798193454742,-0.16538482904434204,-0.07350436598062515,18.675600051879883,-25.04273223876953,12.9884614944458,33.83218301075448,30597204,1720698895
5.0,0,-7.249752998352051,2.2362186908721924,9.584136009216309,0.06551475822925568,-0.06924324482679367,-0.0737706869840622,19.548290252685547,-24.86760902404785,13.831868171691895,34.52324155543929,42597204,1720698895
5.0,0,-5.202679634094238,1.2019076347351074,9.521885871887207,0.026365695521235466,-0.020240332931280136,-0.060454681515693665,18.15198516845703,-24.167112350463867,14.506593704223633,33.525887696155756,55597204,1720698895
5.0,0,-4.106118679046631,1.7789191007614136,8.09731388092041,0.043676506727933884,0.0,-0.03648586571216583,17.104755401611328,-24.51736068725586,11.807692527770996,32.14179888009273,67597204,1720698895
5.0,0,-5.659979343414307,-0.10774072259664536,7.335946083068848,-0.006658004131168127,-0.004793763160705566,-0.010120166465640068,18.675600051879883,-24.69248390197754,14.000550270080566,33.97811363822672,80597204,1720698895
5.0,0,-5.389430522918701,0.579405665397644,9.059797286987305,-0.011718087829649448,-0.029295219108462334,0.010120166465640068,18.501060485839844,-23.466615676879883,13.494505882263184,32.78830552854973,92597204,1720698895
5.0,0,-5.6144890785217285,1.4173890352249146,9.677511215209961,-0.002130561275407672,-0.015180249698460102,0.005859043914824724,17.279293060302734,-25.04273223876953,12.9884614944458,33.081906514577334,105597204,1720698895
5.0,0,-5.724623203277588,1.9106022119522095,9.251337051391602,-0.0007989605655893683,0.007456964813172817,-0.021039292216300964,17.279293060302734,-25.04273223876953,12.9884614944458,33.081906514577334,117597204,1720698895
5.0,0,-5.578575134277344,1.278523325920105,8.475603103637695,0.017843451350927353,0.004261122550815344,-0.0143812894821167,16.581140518188477,-22.94124412536621,14.337912559509277,31.730279536551443,130597204,1720698895
5.0,0,-14.571333885192871,1.4724565744400024,7.764514923095703,0.1539330631494522,-0.11345238983631134,-0.0037284824065864086,18.326522827148438,-22.94124412536621,12.9884614944458,32.10704366562489,142597204,1720698895
5.0,0,-9.749338150024414,17.6838436126709,19.72134017944336,0.2207794189453125,-0.23542703688144684,-0.18748940527439117,18.85013771057129,-24.86760902404785,13.157143592834473,33.86496859297042,155597204,1720698895
5.0,0,-15.550577163696289,37.318992614746094,16.283214569091797,0.9190709590911865,-0.0769665315747261,-0.3326338827610016,16.581140518188477,-24.69248390197754,13.325824737548828,32.59187915829954,168597204,1720698895
5.0,0,-5.935316562652588,-17.140352249145508,13.836302757263184,0.6093405485153198,-0.03169209882616997,-0.7595451474189758,17.45383071899414,-25.568103790283203,14.506593704223633,34.187796054987494,180597204,1720698895
5.0,0,-5.047054290771484,15.483538627624512,8.377439498901367,0.9824550747871399,-0.04926923289895058,-0.6815133094787598,17.104755401611328,-24.51736068725586,14.843955993652344,33.37688814073952,193597204,1720698895
5.0,0,-3.06701922416687,-22.323877334594727,5.849123954772949,0.8551540970802307,-0.14168232679367065,-0.5994866490364075,17.104755401611328,-24.51736068725586,14.843955993652344,33.37688814073952,205597204,1720698895
5.0,0,-3.167577028274536,-5.913768291473389,7.290455341339111,0.7835139632225037,-0.23942182958126068,-0.5691261887550354,19.024675369262695,-28.194965362548828,14.675274848937988,37.04400135775063,218597204,1720698895
5.0,0,-3.6751556396484375,2.1260836124420166,9.835530281066895,0.8825850486755371,-0.282565712928772,-0.4290418028831482,19.024675369262695,-26.4437255859375,15.350000381469727,36.01154547476846,230597204,1720698895
5.0,0,-6.1292500495910645,-1.0558589696884155,9.723001480102539,0.7904382348060608,-0.23862287402153015,-0.4476841986179352,19.024675369262695,-26.4437255859375,15.350000381469727,36.01154547476846,243597204,1720698895
5.0,0,-5.897008895874023,8.674324989318848,9.22021198272705,0.8349137306213379,-0.17044490575790405,-0.5206559300422668,18.501060485839844,-26.969097137451172,15.181319236755371,36.056814796627,255597204,1720698895
5.0,0,-5.631248474121094,3.9600701332092285,8.638411521911621,0.8706006407737732,-0.1651185005903244,-0.5395646691322327,19.548290252685547,-25.918352127075195,17.205495834350586,36.741335246451776,268597204,1720698895
5.0,0,-6.4548659324646,-2.1500258445739746,7.1108880043029785,0.8223966360092163,-0.1888210028409958,-0.5494185090065002,18.85013771057129,-28.019840240478516,16.53076934814453,37.59927491389955,280597204,1720698895
5.0,0,-4.18273401260376,2.011160135269165,8.815585136413574,0.8277230858802795,-0.2008054107427597,-0.5203896164894104,19.897367477416992,-28.7203369140625,15.518681526184082,38.2307789784587,293597204,1720698895
5.0,0,-4.419764041900635,1.0630418062210083,9.098105430603027,0.8149397373199463,-0.18908731639385223,-0.49056175351142883,20.595521926879883,-27.319345474243164,17.205495834350586,38.29557738809399,305597204,1720698895
5.0,0,-3.588963031768799,1.5586491823196411,9.167537689208984,0.8186682462692261,-0.21864885091781616,-0.49002912640571594,19.199214935302734,-26.61884880065918,16.53076934814453,36.74832378280485,318597204,1720698895
5.0,0,-5.1236701011657715,2.892239809036255,9.27527904510498,0.8064174652099609,-0.18988628685474396,-0.5134652853012085,19.199214935302734,-26.61884880065918,16.53076934814453,36.74832378280485,330597204,1720698895
5.0,0,-5.195497035980225,0.7805216908454895,9.304009437561035,0.8101459741592407,-0.21172453463077545,-0.514530599117279,19.37375259399414,-29.245708465576172,16.699451446533203,38.8526116476343,343597204,1720698895
5.0,0,-4.568206310272217,2.4421229362487793,8.832345008850098,0.8354463577270508,-0.21412141621112823,-0.5169274806976318,20.246444702148438,-28.019840240478516,17.880220413208008,38.919561305389784,355214397,1720698895
5.0,0,-4.896217346191406,2.0039772987365723,8.509122848510742,0.8029553294181824,-0.2095939666032791,-0.5163947939872742,20.246444702148438,-28.019840240478516,17.880220413208008,38.919561305389784,368214397,1720698895
5.0,0,-4.7860822677612305,1.7334284782409668,8.686296463012695,0.8229293823242188,-0.22530686855316162,-0.5001492500305176,20.944597244262695,-30.121328353881836,18.55494499206543,41.11272989215526,380214397,1720698895
5.0,0,-5.698287010192871,1.1947249174118042,8.583344459533691,0.8106786012649536,-0.22317631542682648,-0.5139979720115662,21.119136810302734,-29.946205139160156,19.398351669311523,41.46190045493847,393214397,1720698895
5.0,0,-4.522716045379639,1.8531404733657837,9.019095420837402,0.8053522109985352,-0.22477422654628754,-0.5169274806976318,21.119136810302734,-29.946205139160156,18.38626480102539,40.99814477732342,405214397,1720698895
5.0,0,-4.156397342681885,3.177154064178467,9.141201972961426,0.824260950088501,-0.21811622381210327,-0.4958881437778473,21.29367446899414,-28.7203369140625,19.229671478271484,40.59628788462071,418214397,1720698895
5.0,0,-4.486802577972412,3.8068387508392334,8.940085411071777,0.8325168490409851,-0.22424158453941345,-0.5150632262229919,20.246444702148438,-30.121328353881836,20.241758346557617,41.55648837233429,430214397,1720698895
5.0,0,-5.140429496765137,1.6208992004394531,8.82276725769043,0.8184019327163696,-0.217583566904068,-0.5139979720115662,21.817289352416992,-30.9969482421875,19.735713958740234,42.735270216498606,443214397,1720698895
5.0,0,-4.843544006347656,1.132474660873413,9.394990921020508,0.7981615662574768,-0.23675863444805145,-0.5163947939872742,21.817289352416992,-30.9969482421875,19.735713958740234,42.735270216498606,455214397,1720698895
5.0,0,-4.3311767578125,1.0606476068496704,9.112470626831055,0.8034879565238953,-0.23968815803527832,-0.49615445733070374,21.29367446899414,-32.222816467285156,21.253847122192383,44.08465142166105,468214397,1720698895
5.0,0,-6.232202529907227,4.575389385223389,8.34152603149414,0.8397074937820435,-0.22477422654628754,-0.5033451318740845,22.166366577148438,-31.347196578979492,22.7719783782959,44.63807276143632,480214397,1720698895
5.0,0,-5.061419486999512,2.015948534011841,8.408564567565918,0.811477541923523,-0.25113990902900696,-0.5014808773994446,22.166366577148438,-31.347196578979492,22.7719783782959,44.63807276143632,493214397,1720698895
5.0,0,-4.434129238128662,1.534706711769104,8.92811393737793,0.8074827790260315,-0.2615264058113098,-0.5060083270072937,21.119136810302734,-31.697444915771484,20.747802734375,43.37300164970359,505214397,1720698895
5.0,0,-4.187522888183594,0.787704348564148,9.22021198272705,0.772861123085022,-0.2615264058113098,-0.4996166527271271,22.51544189453125,-30.9969482421875,22.434616088867188,44.39671072376559,518214397,1720698895
5.0,0,-4.381455898284912,3.924156427383423,8.916143417358398,0.8231956958770752,-0.23622599244117737,-0.5073399543762207,22.51544189453125,-33.44868469238281,22.097253799438477,45.97878050615583,530214397,1720698895
5.0,0,-4.848332405090332,3.375875949859619,8.643199920654297,0.8274567723274231,-0.2458135187625885,-0.49695345759391785,22.68998146057129,-32.57306671142578,21.253847122192383,45.02850154248516,543214397,1720698895
5.0,0,-5.817998886108398,1.5801972150802612,8.705450057983398,0.7933678030967712,-0.24235135316848755,-0.5073399543762207,21.817289352416992,-33.09843826293945,22.434616088867188,45.550112285125714,555214397,1720698895
5.0,0,-5.238593578338623,1.27373468875885,8.62883472442627,0.7928351759910583,-0.2601948082447052,-0.4897627830505371,21.9918270111084,-32.92331314086914,21.928571701049805,45.25977530110292,568214397,1720698895
5.0,0,-5.312814712524414,2.2290358543395996,8.640806198120117,0.8053522109985352,-0.2583305537700653,-0.5062746405601501,21.9918270111084,-32.92331314086914,21.928571701049805,45.25977530110292,580214397,1720698895
5.0,0,-5.281689643859863,2.659998655319214,8.669536590576172,0.8040205836296082,-0.268983393907547,-0.5012145638465881,23.21359634399414,-32.74818801879883,25.47088050842285,47.5403052957262,593214397,1720698895
5.0,0,-3.6272706985473633,1.8555346727371216,9.189085960388184,0.8029553294181824,-0.2940174639225006,-0.4884311854839325,23.737211227416992,-32.57306671142578,24.290111541748047,47.058149034493134,605214397,1720698895
5.0,0,-3.766136884689331,-0.4309628903865814,9.56258773803711,0.782981276512146,-0.2921532392501831,-0.486566960811615,24.260826110839844,-34.1491813659668,24.121429443359375,48.33836602469168,618214397,1720698895
5.0,0,-4.1611857414245605,3.325597047805786,9.270490646362305,0.8149397373199463,-0.29375115036964417,-0.49322494864463806,24.43536376953125,-35.02479934692383,24.96483612060547,49.467834138663115,631214397,1720698895
5.0,0,-4.5011677742004395,2.703094959259033,8.791643142700195,0.7813833951950073,-0.27537503838539124,-0.5001492500305176,25.308055877685547,-32.74818801879883,24.796154022216797,48.247184012293935,643214397,1720698895
5.0,0,-3.972041130065918,4.3455424308776855,8.829950332641602,0.8029553294181824,-0.2788372337818146,-0.4942902624607086,23.562671661376953,-32.74818801879883,24.796154022216797,47.35496350573986,656214397,1720698895
5.0,0,-5.185919761657715,0.8930508494377136,8.542641639709473,0.7986941933631897,-0.2740434408187866,-0.4902954399585724,23.737211227416992,-35.02479934692383,24.627473831176758,48.95614602327866,668214397,1720698895
5.0,0,-5.652796745300293,2.274526357650757,8.29124641418457,0.8000257611274719,-0.28922373056411743,-0.49562183022499084,24.9589786529541,-33.79893112182617,25.808242797851562,49.30906363630753,681214397,1720698895
5.0,0,-4.460465908050537,2.0997469425201416,8.7461519241333,0.8002920746803284,-0.2894900441169739,-0.49056175351142883,23.9117488861084,-33.79893112182617,25.808242797851562,48.78734340054922,693214397,1720698895
5.0,0,-4.568206310272217,3.8044445514678955,8.600103378295898,0.7901719212532043,-0.29614803194999695,-0.48816487193107605,23.21359634399414,-35.550174713134766,25.808242797851562,49.68653110923685,706214397,1720698895
5.0,0,-3.5506551265716553,2.9975860118865967,9.241759300231934,0.8034879565238953,-0.31798627972602844,-0.47618046402931213,23.388134002685547,-33.974056243896484,25.9769229888916,48.744659581966744,718214397,1720698895
5.0,0,-3.4213664531707764,2.5618350505828857,9.213027954101562,0.8050858974456787,-0.31985053420066833,-0.4878985583782196,25.657133102416992,-34.1491813659668,26.145605087280273,50.080412661846665,731214397,1720698895
5.0,0,-3.641636371612549,2.7701337337493896,9.490760803222656,0.7811170816421509,-0.30493661761283875,-0.4921596944332123,24.260826110839844,-35.550174713134766,25.133516311645508,49.84070874197683,743214397,1720698895
5.0,0,-4.154003143310547,2.7414026260375977,9.045432090759277,0.7880414128303528,-0.2934848368167877,-0.4924260079860687,25.13351821899414,-35.37504959106445,26.651649475097656,50.92541891215283,756214397,1720698895
5.0,0,-5.161977767944336,1.1564171314239502,8.269699096679688,0.7720621824264526,-0.29295217990875244,-0.4759141504764557,24.43536376953125,-35.37504959106445,28.001100540161133,51.308310901644404,768214397,1720698895
5.0,0,-5.997567176818848,4.575389385223389,7.965630531311035,0.8199998140335083,-0.2902889847755432,-0.4908280670642853,25.308055877685547,-35.550174713134766,26.820329666137695,51.22150620435489,781214397,1720698895
5.0,0,-5.300843238830566,1.9153906106948853,8.298429489135742,0.7909708619117737,-0.33423179388046265,-0.4772457480430603,24.784440994262695,-36.07554626464844,25.9769229888916,50.89709305708612,793214397,1720698895
5.0,0,-3.1149041652679443,4.623273849487305,9.258519172668457,0.7941667437553406,-0.32730749249458313,-0.4921596944332123,24.086286544799805,-36.07554626464844,28.338462829589844,51.81373093452197,806214397,1720698895
5.0,0,-5.142823696136475,1.2043018341064453,8.741363525390625,0.7733937501907349,-0.3107956349849701,-0.47751206159591675,25.8316707611084,-35.37504959106445,28.338462829589844,52.170277202873066,818214397,1720698895
5.0,0,-4.173157215118408,3.790079116821289,8.506728172302246,0.7954983115196228,-0.3182525932788849,-0.4785773456096649,25.482593536376953,-36.4257926940918,28.675825119018555,52.90088744992552,831214397,1720698895
5.0,0,-3.2394042015075684,4.34075403213501,8.846710205078125,0.8144071102142334,-0.3326338827610016,-0.4753814935684204,26.180747985839844,-35.02479934692383,29.687911987304688,52.85395209968959,843214397,1720698895
5.0,0,-3.7541656494140625,4.1923112869262695,8.92811393737793,0.7907045483589172,-0.33183494210243225,-0.48390376567840576,26.006208419799805,-35.900421142578125,28.844507217407227,52.888266290393695,856214397,1720698895
5.0,0,-4.781293869018555,1.4341487884521484,8.140409469604492,0.7731274366378784,-0.32171475887298584,-0.47831103205680847,26.529823303222656,-37.47653579711914,29.013187408447266,54.31470614346221,868214397,1720698895
5.0,0,-5.638431072235107,3.9265506267547607,8.267304420471191,0.7973626255989075,-0.3329002261161804,-0.4772457480430603,25.657133102416992,-35.550174713134766,28.507143020629883,52.294938611381845,881214397,1720698895
5.0,0,-5.547450065612793,4.434129238128662,8.090130805969238,0.7800517678260803,-0.32251372933387756,-0.47138670086860657,26.704362869262695,-36.250667572021484,29.85659408569336,54.02453244654993,893214397,1720698895
5.0,0,-5.037477493286133,3.4955875873565674,8.329554557800293,0.7875087261199951,-0.3576679825782776,-0.46446236968040466,25.8316707611084,-37.12628936767578,30.362638473510742,54.475007036216276,906214397,1720698895
5.0,0,-2.734220027923584,1.2952828407287598,9.45724105834961,0.7749917507171631,-0.3539395034313202,-0.471653014421463,24.43536376953125,-37.47653579711914,30.02527618408203,53.88037627775512,918214397,1720698895
5.0,0,-4.721437454223633,6.107701301574707,8.001543998718262,0.8077490925788879,-0.33236756920814514,-0.47937631607055664,25.8316707611084,-38.87752914428711,30.02527618408203,55.50004231174603,931214397,1720698895
5.0,0,-4.63763952255249,4.814813137054443,7.5945234298706055,0.7875087261199951,-0.34568357467651367,-0.4703214466571808,26.704362869262695,-36.95116424560547,30.868682861328125,55.0580340817961,943214397,1720698895
5.0,0,-3.6296653747558594,4.228224754333496,9.026278495788574,0.7696652412414551,-0.35607007145881653,-0.45434221625328064,26.704362869262695,-36.250667572021484,30.53131866455078,54.4003245860428,956214397,1720698895
5.0,0,-3.8762714862823486,1.7765247821807861,8.753334999084473,0.7752580642700195,-0.34674885869026184,-0.46446236968040466,26.35528564453125,-36.95116424560547,31.543407440185547,55.27183888245532,968214397,1720698895
5.0,0,-4.630456924438477,4.376667499542236,8.104496955871582,0.7984278798103333,-0.34168878197669983,-0.48124057054519653,27.926130294799805,-37.12628936767578,30.700000762939453,55.68411050110269,981214397,1720698895
5.0,0,-4.4484944343566895,5.406189918518066,8.207448959350586,0.7909708619117737,-0.3544721305370331,-0.46446236968040466,26.704362869262695,-38.00190734863281,32.21813201904297,56.526772322358994,993214397,1720698895
5.0,0,-5.6360368728637695,3.4453089237213135,7.685504913330078,0.7611430287361145,-0.3502110540866852,-0.46179917454719543,26.529823303222656,-37.12628936767578,32.724178314208984,56.152156975959144,6214397,1720698896
5.0,0,-4.642427921295166,2.681546926498413,8.051822662353516,0.7723284959793091,-0.38003888726234436,-0.4527443051338196,27.053438186645508,-37.65166091918945,31.880769729614258,56.266504834092515,18214397,1720698896
5.0,0,-2.4062094688415527,4.608908653259277,9.450058937072754,0.8056185245513916,-0.38483262062072754,-0.46872350573539734,27.402515411376953,-39.05265426635742,32.21813201904297,57.56748810669854,31214397,1720698896
5.0,0,-4.0127434730529785,6.873857498168945,8.135621070861816,0.8010910749435425,-0.3595322370529175,-0.46765822172164917,27.227977752685547,-38.87752914428711,33.398902893066406,58.03715843600643,43214397,1720698896
5.0,0,-5.183525562286377,3.608116865158081,7.872255802154541,0.7707306146621704,-0.3582006096839905,-0.45993494987487793,26.529823303222656,-38.87752914428711,34.07362747192383,58.10598838295888,56214397,1720698896
5.0,0,-3.7781078815460205,3.172365665435791,8.14998722076416,0.7662031650543213,-0.38110417127609253,-0.45327693223953247,27.7515926361084,-38.00190734863281,33.56758499145508,57.80206413384507,68214397,1720698896
5.0,0,-4.778899669647217,6.48599100112915,7.975207328796387,0.8050858974456787,-0.36938607692718506,-0.4660603106021881,27.227977752685547,-37.47653579711914,34.41099166870117,57.705890994567554,81214397,1720698896
5.0,0,-4.467648506164551,4.534687519073486,8.085342407226562,0.7877750992774963,-0.3720493018627167,-0.4647286832332611,27.227977752685547,-37.47653579711914,34.41099166870117,57.705890994567554,93214397,1720698896
5.0,0,-3.308837413787842,4.668764591217041,8.624046325683594,0.7757906913757324,-0.39734968543052673,-0.4527443051338196,27.926130294799805,-38.87752914428711,33.398902893066406,58.367951309494394,106214397,1720698896
5.0,0,-4.75495719909668,3.2585582733154297,7.910562992095947,0.7648715376853943,-0.3904253840446472,-0.4434230625629425,27.402515411376953,-39.05265426635742,34.57966995239258,58.92165332146407,118214397,1720698896
5.0,0,-3.8020501136779785,5.6360368728637695,8.030275344848633,0.784312903881073,-0.4096004366874695,-0.44635263085365295,27.402515411376953,-37.65166091918945,35.254398345947266,58.40734563031519,131214397,1720698896
5.0,0,-1.8842655420303345,6.371067523956299,9.007123947143555,0.8018900752067566,-0.4117310047149658,-0.44688525795936584,28.10066795349121,-37.301414489746094,36.266483306884766,59.12952624380445,143214397,1720698896
5.0,0,-4.295263290405273,3.3662989139556885,8.042245864868164,0.7691326141357422,-0.3885611295700073,-0.453010618686676,30.544204711914062,-39.05265426635742,35.254398345947266,60.83527635727224,156214397,1720698896
5.0,0,-4.197099685668945,5.159583568572998,7.893803596496582,0.7672684192657471,-0.39734968543052673,-0.4447546899318695,27.57705307006836,-38.177032470703125,35.760440826416016,59.1336519453863,169214397,1720698896
5.0,0,-4.522716045379639,6.691895961761475,7.539456367492676,0.7896392941474915,-0.4016108214855194,-0.44448837637901306,27.57705307006836,-38.177032470703125,35.760440826416016,59.1336519453863,181214397,1720698896
5.0,0,-4.517927646636963,5.810816287994385,7.680716037750244,0.7547513842582703,-0.3946864902973175,-0.43569982051849365,28.27520751953125,-38.177032470703125,35.42307662963867,59.26016812708964,194214397,1720698896
5.0,0,-3.562626600265503,3.972041130065918,8.300824165344238,0.7771222591400146,-0.40800249576568604,-0.4514126777648926,27.926130294799805,-38.87752914428711,37.4472541809082,60.77522415669543,206214397,1720698896
5.0,0,-3.8331754207611084,2.7509799003601074,8.01351547241211,0.7725948095321655,-0.416524738073349,-0.42877548933029175,27.926130294799805,-38.87752914428711,37.4472541809082,60.77522415669543,219214397,1720698896
5.0,0,-4.9656500816345215,5.796450614929199,7.379042625427246,0.7821823358535767,-0.4098667502403259,-0.44129252433776855,28.27520751953125,-38.177032470703125,36.77252960205078,60.07655201387126,231214397,1720698896
5.0,0,-3.4165778160095215,6.445289134979248,8.176322937011719,0.7765896320343018,-0.4391619563102722,-0.41066569089889526,29.322437286376953,-37.47653579711914,37.4472541809082,60.55239804876277,244214397,1720698896
5.0,0,-2.0303139686584473,6.955262184143066,8.908960342407227,0.7701979875564575,-0.4266449213027954,-0.43623244762420654,28.973360061645508,-39.92827224731445,36.77252960205078,61.5300044795311,256214397,1720698896
5.0,0,-3.967252731323242,2.8180184364318848,7.692687511444092,0.7528871297836304,-0.4098667502403259,-0.436498761177063,27.7515926361084,-39.05265426635742,39.30274963378906,61.96746588222288,269214397,1720698896
5.0,0,-2.652815818786621,5.770114421844482,8.140409469604492,0.8018900752067566,-0.4245143532752991,-0.44741788506507874,28.7988224029541,-39.05265426635742,37.615936279296875,61.3957705319565,281214397,1720698896
5.0,0,-4.857909679412842,5.724623203277588,7.0055413246154785,0.7685999870300293,-0.4317049980163574,-0.4253133237361908,28.973360061645508,-39.22777557373047,37.10988998413086,61.281464606837,294214397,1720698896
5.0,0,-5.195497035980225,6.718232154846191,7.3120036125183105,0.7856444716453552,-0.41812267899513245,-0.4295744299888611,28.973360061645508,-39.22777557373047,37.10988998413086,61.281464606837,306214397,1720698896
5.0,0,-3.5793862342834473,4.177945613861084,8.193083763122559,0.7640725374221802,-0.4420914947986603,-0.4170573949813843,29.49697494506836,-37.65166091918945,38.628021240234375,61.48042880315334,319214397,1720698896
5.0,0,-2.1739683151245117,5.214650630950928,8.181112289428711,0.7654041647911072,-0.4309060573577881,-0.4239816963672638,29.322437286376953,-38.87752914428711,39.13406753540039,62.471936440642544,331214397,1720698896
5.0,0,0.6272904276847839,-4.414975166320801,9.35189437866211,0.5046766996383667,-0.2631243169307709,-0.5470216274261475,29.322437286376953,-38.87752914428711,39.13406753540039,62.471936440642544,344214397,1720698896
5.0,0,-13.118030548095703,-3.299260139465332,1.9058135747909546,0.5241180658340454,-0.07164012640714645,-0.31372517347335815,29.147897720336914,-38.00190734863281,39.977474212646484,62.385441795919895,356214397,1720698896
5.0,0,2.43015193939209,-31.666194915771484,7.656774044036865,0.0013316008262336254,-0.10519646853208542,-0.025566738098859787,29.671512603759766,-38.52728271484375,38.79670333862305,62.208796512468375,369214397,1720698896
5.0,0,-11.60487174987793,12.15075969696045,1.999189019203186,0.11957775801420212,-0.09081517904996872,0.1901526004076004,28.973360061645508,-37.826786041259766,38.79670333862305,61.44514240701314,381214397,1720698896
5.0,0,-3.409395217895508,9.89059829711914,8.353497505187988,-0.010652806609869003,-0.07243908941745758,0.25486841797828674,31.242359161376953,-38.7024040222168,38.628021240234375,62.97686168747515,394214397,1720698896
5.0,0,-2.109323740005493,13.568147659301758,10.604080200195312,-0.08229293674230576,-0.036752182990312576,0.09480997920036316,29.846052169799805,-39.75314712524414,37.615936279296875,62.33825630102145,406214397,1720698896
5.0,0,-3.4740395545959473,11.667122840881348,8.087737083435059,-0.033556342124938965,0.053264033049345016,-0.0644494816660881,29.671512603759766,-37.12628936767578,37.78461456298828,60.71603676197135,419214397,1720698896
5.0,0,-4.379061698913574,5.133246898651123,6.605702877044678,-0.07936341315507889,0.08682037144899368,-0.11771351844072342,29.671512603759766,-37.12628936767578,37.78461456298828,60.71603676197135,431214397,1720698896
5.0,0,-2.731825828552246,1.5442836284637451,8.94487476348877,-0.043942827731370926,0.08495613932609558,-0.07856445014476776,29.671512603759766,-37.826786041259766,40.483516693115234,62.850453667798284,444214397,1720698896
5.0,0,3.2825005054473877,-19.67345428466797,9.428509712219238,-0.48070788383483887,0.2657875418663025,-0.0031958422623574734,30.893281936645508,-37.12628936767578,38.2906608581543,61.63546819797553,456214397,1720698896
5.0,0,-11.389391899108887,10.082138061523438,0.30406826734542847,-0.44262412190437317,0.3747124969959259,0.41492682695388794,30.71874237060547,-37.12628936767578,39.13406753540039,62.07638630678582,469214397,1720698896
5.0,0,2.2793147563934326,-25.45553970336914,7.671139240264893,-0.8524908423423767,0.2921532392501831,0.5326403379440308,29.846052169799805,-39.75314712524414,39.64011001586914,63.580168752166166,481214397,1720698896
5.0,0,-3.869088888168335,13.350272178649902,7.048637390136719,-0.8682037591934204,0.279103547334671,0.6088079214096069,30.02058982849121,-39.578025817871094,37.4472541809082,62.20894458982669,494214397,1720698896
5.0,0,-0.6272904276847839,15.007085800170898,12.100480079650879,-0.6934977173805237,0.44315674901008606,0.5747189521789551,28.7988224029541,-39.75314712524414,38.628021240234375,62.46446112065801,506214397,1720698896
5.0,0,-3.5434725284576416,-0.10055800527334213,10.685484886169434,-0.9726012945175171,0.46499502658843994,0.3829684257507324,28.624282836914062,-38.177032470703125,38.79670333862305,61.49812652546335,519214397,1720698896
5.0,0,-3.845146656036377,11.827536582946777,7.850707054138184,-0.8117438554763794,0.5110684037208557,0.3163883686065674,29.322437286376953,-40.27852249145508,38.45934295654297,62.93874611999474,531214397,1720698896
5.0,0,-3.507559061050415,2.322411060333252,7.80042839050293,-0.7411690354347229,0.4753814935684204,0.35607007145881653,29.846052169799805,-38.7024040222168,37.615936279296875,61.67350784080177,544214397,1720698896
5.0,0,-4.070204734802246,-2.197910785675049,6.292057991027832,-0.8375769257545471,0.4471515715122223,0.4535432457923889,28.7988224029541,-37.301414489746094,37.95329666137695,60.508019486669845,556214397,1720698896
5.0,0,-5.425343990325928,8.79882526397705,6.7421746253967285,-0.8037542700767517,0.4303734004497528,0.4764467775821686,30.369667053222656,-38.52728271484375,36.09780502319336,60.90746848955044,569214397,1720698896
5.0,0,-4.687918663024902,6.632040023803711,8.50193977355957,-0.7768559455871582,0.387762188911438,0.4639297425746918,30.195127487182617,-38.00190734863281,35.92912292480469,60.38867907354001,581214397,1720698896
5.0,0,-4.790870666503906,6.4357123374938965,7.8052167892456055,-0.8064174652099609,0.4135952293872833,0.4303734004497528,30.195127487182617,-37.65166091918945,35.254398345947266,59.76843562178584,594214397,1720698896
5.0,0,-5.336756706237793,8.853893280029297,7.529879570007324,-0.7539524435997009,0.43756404519081116,0.40507298707962036,28.449745178222656,-39.40290069580078,36.94121170043945,61.04612768919603,606214397,1720698896
5.0,0,-3.4884049892425537,2.856326103210449,7.656774044036865,-0.7760570049285889,0.39948025345802307,0.40800249576568604,27.053438186645508,-38.35215759277344,36.266483306884766,59.313019828601966,619214397,1720698896
5.0,0,-2.03749680519104,2.8994224071502686,8.324766159057617,-0.8093469738960266,0.37258192896842957,0.4476841986179352,28.624282836914062,-38.52728271484375,36.77252960205078,60.46420440765637,631214397,1720698896
5.0,0,-3.430943250656128,4.970438480377197,8.09731388092041,-0.7960309386253357,0.39495280385017395,0.4748488664627075,29.147897720336914,-40.103397369384766,35.591758728027344,61.0299574916787,644214397,1720698896
5.0,0,-5.791662216186523,9.174720764160156,7.067790985107422,-0.7539524435997009,0.3920232951641083,0.4508800506591797,29.322437286376953,-39.22777557373047,34.41099166870117,59.85599429046263,656214397,1720698896
5.0,0,-3.976829767227173,8.336737632751465,8.049428939819336,-0.7749917507171631,0.4053393006324768,0.417856365442276,28.624282836914062,-38.52728271484375,35.085716247558594,59.453415090483645,669214397,1720698896
5.0,0,-4.185128211975098,2.4660654067993164,8.094919204711914,-0.7931014895439148,0.4016108214855194,0.4197205901145935,26.180747985839844,-38.52728271484375,32.724178314208984,56.926750520539116,681214397,1720698896
5.0,0,-5.580969333648682,2.5426809787750244,7.510725498199463,-0.81280916929245,0.38749587535858154,0.45114636421203613,28.624282836914062,-39.578025817871094,33.398902893066406,59.171415481026,694214397,1720698896
5.0,0,-4.561023712158203,6.395010471343994,7.89619779586792,-0.7752580642700195,0.3882948160171509,0.45700541138648987,28.624282836914062,-37.826786041259766,32.724178314208984,57.62887432944568,707214397,1720698896
5.0,0,-5.037477493286133,7.68311071395874,8.025486946105957,-0.7582135200500488,0.4010781943798065,0.4546085298061371,28.7988224029541,-37.301414489746094,35.254398345947266,58.852700001507664,719214397,1720698896
5.0,0,-3.746983051300049,5.118881702423096,7.996756076812744,-0.7789865136146545,0.3720493018627167,0.4490158259868622,28.449745178222656,-37.65166091918945,34.91703414916992,58.70464074035136,732214397,1720698896
5.0,0,-2.501979112625122,3.8738772869110107,8.427718162536621,-0.800824761390686,0.34781414270401,0.45487484335899353,27.926130294799805,-39.22777557373047,32.724178314208984,58.21991906594551,744214397,1720698896
5.0,0,-5.559421062469482,6.466837406158447,8.087737083435059,-0.7824486494064331,0.3765767216682434,0.44928213953971863,25.657133102416992,-39.40290069580078,32.55549621582031,57.1903610421946,757214397,1720698896
5.0,0,-4.620879650115967,7.886620998382568,8.221814155578613,-0.7789865136146545,0.371516615152359,0.4604675769805908,28.10066795349121,-38.00190734863281,32.55549621582031,57.39035489892645,769214397,1720698896
5.0,0,-4.089359283447266,5.0949387550354,8.166746139526367,-0.784312903881073,0.38483262062072754,0.4535432457923889,27.57705307006836,-39.22777557373047,32.724178314208984,58.05328654634875,782214397,1720698896
5.0,0,-5.097332954406738,3.4165778160095215,7.742966175079346,-0.7925688624382019,0.3845663070678711,0.45673906803131104,28.449745178222656,-36.95116424560547,32.55549621582031,56.87386810891102,794214397,1720698896
5.0,0,-6.167557716369629,4.577783584594727,7.438898086547852,-0.7880414128303528,0.35074368119239807,0.45380955934524536,28.27520751953125,-36.776039123535156,32.0494499206543,56.38378893001846,807214397,1720698896
5.0,0,-4.443706035614014,6.007143974304199,8.657565116882324,-0.7997594475746155,0.3502110540866852,0.4535432457923889,27.7515926361084,-38.35215759277344,31.880769729614258,57.073832571627115,819214397,1720698896
5.0,0,-4.34075403213501,4.616091251373291,8.41574764251709,-0.7819160223007202,0.36938607692718506,0.4495484530925751,26.704362869262695,-36.60091781616211,31.880769729614258,55.39976227197548,832214397,1720698896
5.0,0,-5.003958225250244,2.1332662105560303,8.200265884399414,-0.7936341166496277,0.3515426218509674,0.4759141504764557,26.180747985839844,-37.47653579711914,31.374725341796875,55.446331625491695,844214397,1720698896
5.0,0,-2.657604455947876,5.181131362915039,8.738969802856445,-0.7835139632225037,0.3297043740749359,0.46073389053344727,26.529823303222656,-39.578025817871094,32.38681411743164,57.61212876484739,857214397,1720698896
5.0,0,-4.74298620223999,4.367090702056885,8.568979263305664,-0.7992268204689026,0.3459499180316925,0.466592937707901,25.8316707611084,-35.72529602050781,29.687911987304688,53.150203275520624,869214397,1720698896
5.0,0,-4.06541633605957,5.533084392547607,8.360679626464844,-0.7845792174339294,0.34248775243759155,0.47191932797431946,25.657133102416992,-37.65166091918945,29.85659408569336,54.4734087368013,882214397,1720698896
5.0,0,-4.177945613861084,2.6432390213012695,8.31279468536377,-0.8176028728485107,0.3704513609409332,0.46446236968040466,25.13351821899414,-37.12628936767578,30.02527618408203,53.95898729782935,894214397,1720698896
5.0,0,-5.7677202224731445,5.540267467498779,7.513119697570801,-0.7709969282150269,0.36246174573898315,0.46073389053344727,26.529823303222656,-37.12628936767578,30.02527618408203,54.62334754153223,907214397,1720698896
5.0,0,-4.9919867515563965,4.163579940795898,8.106890678405762,-0.7907045483589172,0.3283727765083313,0.4628644585609436,25.13351821899414,-36.776039123535156,30.02527618408203,53.71860014567303,919214397,1720698896
5.0,0,-4.328782558441162,6.4835968017578125,8.794036865234375,-0.7773885726928711,0.32064947485923767,0.471653014421463,25.308055877685547,-36.250667572021484,30.19395637512207,53.53768386200545,932214397,1720698896
5.0,0,-4.618485450744629,2.042285203933716,8.806008338928223,-0.821597695350647,0.3297043740749359,0.48763224482536316,26.704362869262695,-35.550174713134766,29.85659408569336,53.55701754938863,944214397,1720698896
5.0,0,-3.998378038406372,3.6512134075164795,8.054217338562012,-0.7891066670417786,0.32118213176727295,0.46499502658843994,27.227977752685547,-35.02479934692383,29.687911987304688,53.38044079959404,957214397,1720698896
5.0,0,-3.021528720855713,4.862698078155518,8.846710205078125,-0.7773885726928711,0.30120810866355896,0.4748488664627075,24.9589786529541,-35.900421142578125,28.844507217407227,52.381260487202354,969214397,1720698896
5.0,0,-3.811627149581909,5.097332954406738,8.896988868713379,-0.7962972521781921,0.30866506695747375,0.47325095534324646,24.9589786529541,-35.900421142578125,28.844507217407227,52.381260487202354,982214397,1720698896
5.0,0,-5.21225643157959,3.768531084060669,8.5570068359375,-0.8104122877120972,0.3102629780769348,0.48869749903678894,24.260826110839844,-35.19992446899414,27.15769386291504,50.64743529691424,994214397,1720698896
5.0,0,-4.070204734802246,4.927342414855957,8.968816757202148,-0.7888403534889221,0.32863909006118774,0.47378358244895935,24.9589786529541,-35.550174713134766,27.83241844177246,51.58884621554296,7214397,1720698897
5.0,0,-5.262535572052002,5.013535022735596,7.4676289558410645,-0.7923025488853455,0.3321012556552887,0.46499502658843994,24.609901428222656,-36.250667572021484,27.83241844177246,51.90762626090661,19214397,1720698897
5.0,0,-4.544264316558838,3.7062809467315674,7.934505462646484,-0.7917698621749878,0.2982785999774933,0.4767131209373474,24.43536376953125,-35.19992446899414,26.314287185668945,50.28482271284322,32214397,1720698897
5.0,0,-4.577783584594727,1.4796391725540161,8.796431541442871,-0.8290547132492065,0.28682681918144226,0.48337113857269287,26.704362869262695,-35.19992446899414,27.15769386291504,51.86229858797199,44214397,1720698897
5.0,0,-4.644822120666504,5.801239013671875,8.861075401306152,-0.7664694786071777,0.29747962951660156,0.4966871440410614,25.308055877685547,-34.1491813659668,27.49505615234375,50.6225482674893,57214397,1720698897
5.0,0,-3.229827404022217,6.201076984405518,8.98078727722168,-0.7784538269042969,0.3022734224796295,0.47990894317626953,25.308055877685547,-34.1491813659668,27.49505615234375,50.6225482674893,69214397,1720698897
5.0,0,-2.9856150150299072,3.641636371612549,9.0621919631958,-0.8130754828453064,0.2945501208305359,0.48443639278411865,25.13351821899414,-34.67455291748047,26.989011764526367,50.62040215286132,82214397,1720698897
5.0,0,-4.017531871795654,0.8284064531326294,8.827555656433105,-0.8290547132492065,0.2884247303009033,0.4836374521255493,23.737211227416992,-33.623809814453125,27.326374053955078,49.40391181101143,94214397,1720698897
5.0,0,-5.061419486999512,4.714254856109619,8.178718566894531,-0.7917698621749878,0.28176674246788025,0.48337113857269287,23.737211227416992,-33.623809814453125,27.326374053955078,49.40391181101143,107214397,1720698897
5.0,0,-4.441311836242676,8.810796737670898,8.633623123168945,-0.7523544430732727,0.2916206121444702,0.4855016767978668,24.260826110839844,-33.79893112182617,26.820329666137695,49.50035870535348,119214397,1720698897
5.0,0,-6.143615245819092,2.882662773132324,7.783668518066406,-0.8085480332374573,0.2846962511539459,0.49269232153892517,24.784440994262695,-33.623809814453125,25.30219841003418,48.8367724795296,132214397,1720698897
5.0,0,-4.85072660446167,1.8315922021865845,8.375045776367188,-0.8282557129859924,0.24741144478321075,0.4972197711467743,23.562671661376953,-34.84967803955078,24.458791732788086,48.66140203806408,144214397,1720698897
5.0,0,-4.108512878417969,2.8180184364318848,9.11725902557373,-0.7923025488853455,0.24661247432231903,0.4860343039035797,23.562671661376953,-34.84967803955078,24.796154022216797,48.831842168565615,157214397,1720698897
5.0,0,-4.07499361038208,6.512328147888184,9.29922103881836,-0.7869760990142822,0.2601948082447052,0.4910943806171417,24.086286544799805,-33.623809814453125,24.290111541748047,47.96581391644762,169214397,1720698897
5.0,0,-3.507559061050415,5.8682780265808105,9.339923858642578,-0.7739263772964478,0.27191290259361267,0.49562183022499084,24.260826110839844,-33.44868469238281,23.446704864501953,47.5094744259912,182214397,1720698897
5.0,0,-3.4500973224639893,1.4389371871948242,9.014307022094727,-0.8298536539077759,0.2564663290977478,0.4958881437778473,24.260826110839844,-33.44868469238281,23.446704864501953,47.5094744259912,195214397,1720698897
5.0,0,-4.671158790588379,4.000771999359131,8.437294960021973,-0.8002920746803284,0.2657875418663025,0.49615445733070374,24.086286544799805,-32.57306671142578,23.615385055541992,46.891793373965925,207214397,1720698897
5.0,0,-5.904191493988037,2.990403413772583,8.319977760314941,-0.8144071102142334,0.25673264265060425,0.481506884098053,22.68998146057129,-33.974056243896484,23.615385055541992,47.188538520132475,220214397,1720698897
5.0,0,-5.312814712524414,4.187522888183594,9.22021198272705,-0.811477541923523,0.2647222578525543,0.49508920311927795,22.68998146057129,-33.974056243896484,23.615385055541992,47.188538520132475,232214397,1720698897
5.0,0,-5.109303951263428,2.2050933837890625,8.564190864562988,-0.7968299984931946,0.2615264058113098,0.5054756999015808,23.9117488861084,-32.74818801879883,23.446704864501953,46.839764328078815,245214397,1720698897
5.0,0,-5.516324996948242,3.2848949432373047,8.566584587097168,-0.797096312046051,0.2556673586368561,0.49508920311927795,22.51544189453125,-33.09843826293945,22.097253799438477,45.72461442842821,257214397,1720698897
5.0,0,-4.108512878417969,4.359908103942871,8.966422080993652,-0.799493134021759,0.24315032362937927,0.4897627830505371,22.864519119262695,-31.697444915771484,23.10934066772461,45.404359645748194,270214397,1720698897
5.0,0,-3.7086751461029053,1.5442836284637451,9.356682777404785,-0.821597695350647,0.24661247432231903,0.49002912640571594,21.119136810302734,-32.39794158935547,23.10934066772461,45.052038632413996,282214397,1720698897
5.0,0,-3.9121851921081543,4.194705486297607,9.469212532043457,-0.8093469738960266,0.24554719030857086,0.5092041492462158,22.68998146057129,-30.121328353881836,21.591209411621094,43.45468909496316,295214397,1720698897
5.0,0,-4.517927646636963,5.523507595062256,8.705450057983398,-0.7709969282150269,0.23729127645492554,0.5076062679290771,22.166366577148438,-32.74818801879883,22.097253799438477,45.29989239748722,307214397,1720698897
5.0,0,-4.434129238128662,2.5402867794036865,8.868258476257324,-0.8090806603431702,0.23622599244117737,0.49322494864463806,22.166366577148438,-32.74818801879883,22.097253799438477,45.29989239748722,320214397,1720698897
5.0,0,-5.339150905609131,3.380664348602295,8.473209381103516,-0.8066837787628174,0.22717110812664032,0.49375757575035095,22.864519119262695,-31.697444915771484,21.08516502380371,44.4083149063836,332214397,1720698897
5.0,0,-4.661581516265869,1.7525824308395386,9.27767276763916,-0.8269241452217102,0.22690477967262268,0.5038777589797974,21.29367446899414,-31.697444915771484,21.253847122192383,43.70211212371075,345214397,1720698897
5.0,0,-5.308026313781738,4.79805326461792,8.68150806427002,-0.794433057308197,0.23489437997341156,0.5121337175369263,21.119136810302734,-31.697444915771484,20.41044044494629,43.212637421908774,357214397,1720698897
5.0,0,-4.898611545562744,3.718251943588257,8.679113388061523,-0.7867097854614258,0.22131206095218658,0.5065409541130066,21.9918270111084,-30.121328353881836,19.567033767700195,42.11654885618244,370214397,1720698897
5.0,0,-3.454885721206665,3.122086763381958,9.344712257385254,-0.8061511516571045,0.22024677693843842,0.4921596944332123,21.29367446899414,-30.82182502746582,19.904396057128906,42.421580036748516,382214397,1720698897
5.0,0,-3.976829767227173,3.143634796142578,9.038249015808105,-0.8447676301002502,0.23356278240680695,0.5044103860855103,21.642751693725586,-30.471576690673828,19.229671478271484,42.03220137054596,395214397,1720698897
5.0,0,-4.369484901428223,3.1651828289031982,9.241759300231934,-0.8152060508728027,0.22131206095218658,0.49935030937194824,21.29367446899414,-30.121328353881836,18.21758270263672,41.14116325192164,407214397,1720698897
5.0,0,-4.130061149597168,5.104515552520752,9.088528633117676,-0.7925688624382019,0.20932765305042267,0.5105357766151428,20.420982360839844,-30.9969482421875,18.7236270904541,41.57404878446372,420214397,1720698897
5.0,0,-4.379061698913574,2.961672782897949,8.858681678771973,-0.7861771583557129,0.20932765305042267,0.5057420134544373,19.897367477416992,-28.370088577270508,18.55494499206543,39.30716400444224,432214397,1720698897
5.0,0,-4.491590976715088,-0.38068386912345886,9.16993236541748,-0.8378432393074036,0.1952126920223236,0.5129326581954956,22.340904235839844,-30.121328353881836,18.55494499206543,41.84132416088079,445214397,1720698897
5.0,0,-5.078179359436035,2.9233648777008057,8.889806747436523,-0.8144071102142334,0.21944782137870789,0.5073399543762207,21.642751693725586,-29.771080017089844,16.868131637573242,40.48777310747934,457214397,1720698897
5.0,0,-5.856306552886963,2.961672782897949,8.250544548034668,-0.8104122877120972,0.21358877420425415,0.5006818771362305,20.595521926879883,-28.019840240478516,18.89230728149414,39.57532368738032,470214397,1720698897
5.0,0,-4.254561424255371,2.964066982269287,9.043037414550781,-0.7960309386253357,0.18908731639385223,0.5078725814819336,19.722829818725586,-28.194965362548828,17.374176025390625,38.546181139186764,482214397,1720698897
5.0,0,-4.996775150299072,1.2043018341064453,9.22260570526123,-0.8096133470535278,0.19175052642822266,0.5198569893836975,19.722829818725586,-28.194965362548828,17.711538314819336,38.6994144313716,495214397,1720698897
5.0,0,-5.66716194152832,1.5490721464157104,8.753334999084473,-0.834381103515625,0.20772972702980042,0.5070735812187195,19.897367477416992,-26.61884880065918,16.53076934814453,37.117848526622346,507214397,1720698897
5.0,0,-4.556235313415527,4.403004169464111,9.581741333007812,-0.8064174652099609,0.18935364484786987,0.5054756999015808,19.37375259399414,-26.4437255859375,16.02472496032715,36.488419018803654,520214397,1720698897
5.0,0,-4.0127434730529785,2.729431390762329,9.447664260864258,-0.8133417963981628,0.1901526004076004,0.5033451318740845,20.07190704345703,-27.844717025756836,16.699451446533203,38.17173558041044,532214397,1720698897
5.0,0,-5.798844814300537,1.3647156953811646,8.308006286621094,-0.8176028728485107,0.19547900557518005,0.5110684037208557,19.548290252685547,-25.568103790283203,16.868131637573242,36.337273538013754,545214397,1720698897
5.0,0,-4.970438480377197,-0.21069295704364777,8.758123397827148,-0.8205324411392212,0.1669827401638031,0.5073399543762207,19.722829818725586,-26.4437255859375,15.350000381469727,36.385205106387644,557214397,1720698897
5.0,0,-5.580969333648682,3.275317907333374,8.849104881286621,-0.807216465473175,0.1882883608341217,0.5012145638465881,19.722829818725586,-26.4437255859375,15.350000381469727,36.385205106387644,570214397,1720698897
5.0,0,-6.126855850219727,2.9018168449401855,8.449267387390137,-0.8170702457427979,0.19734324514865875,0.5161284804344177,18.501060485839844,-26.969097137451172,15.181319236755371,36.056814796627,582214397,1720698897
5.0,0,-4.357513904571533,1.367110013961792,9.38301944732666,-0.8399738669395447,0.15686258673667908,0.5185253620147705,19.024675369262695,-25.392980575561523,15.687362670898438,35.395410479114,595214397,1720698897
5.0,0,-4.482014179229736,0.6775694489479065,9.325557708740234,-0.8210650682449341,0.15979209542274475,0.5102694630622864,19.722829818725586,-26.093477249145508,14.675274848937988,35.850010640193084,607214397,1720698897
5.0,0,-5.537873268127441,1.7597651481628418,8.79882526397705,-0.8074827790260315,0.17976611852645874,0.49562183022499084,18.675600051879883,-26.4437255859375,14.000550270080566,35.2712924065336,620214397,1720698897
5.0,0,-4.177945613861084,3.4931933879852295,9.624837875366211,-0.7997594475746155,0.15712890028953552,0.50813889503479,19.199214935302734,-24.51736068725586,14.506593704223633,34.35334176030582,632214397,1720698897
5.0,0,-10.944063186645508,-2.2386128902435303,7.9057745933532715,-0.7680673599243164,0.0862877368927002,0.5097368359565735,17.45383071899414,-24.51736068725586,12.819780349731445,32.71213765640612,645214397,1720698897
5.0,0,-13.144368171691895,35.93033218383789,17.31034278869629,-0.5611366033554077,-0.08096133172512054,0.3611301779747009,18.675600051879883,-24.69248390197754,13.325824737548828,33.70570283324565,657214397,1720698897
5.0,0,-14.377401351928711,10.18030071258545,16.967966079711914,-0.12224096059799194,0.1131860762834549,0.14301392436027527,17.977445602416992,-24.34223747253418,14.000550270080566,33.34289254732052,670214397,1720698897
5.0,0,-5.329574108123779,10.630417823791504,13.860245704650879,-0.1201103925704956,0.1387528032064438,-0.17923347651958466,19.37375259399414,-24.34223747253418,12.313736915588379,33.459153180689825,683214397,1720698897
5.0,0,-5.269718647003174,6.2561445236206055,6.25135612487793,0.16218899190425873,0.16911330819129944,-0.11398503184318542,17.62837028503418,-23.291492462158203,13.325824737548828,32.10655174503977,695214397,1720698897
5.0,0,-2.6887295246124268,-9.239365577697754,6.280086994171143,0.07057484239339828,0.006658004131168127,-0.07909709215164185,19.024675369262695,-23.991989135742188,11.976373672485352,32.878371947807906,708214397,1720698897
5.0,0,-4.728620529174805,-5.056631088256836,7.57776403427124,0.031425777822732925,-0.06205260008573532,-0.010386486537754536,17.104755401611328,-22.41587257385254,12.819780349731445,30.97403378334031,720214397,1720698897
5.0,0,-4.4484944343566895,0.6943290829658508,9.799616813659668,-0.008522245101630688,-0.0737706869840622,0.04580707103013992,18.501060485839844,-24.51736068725586,12.819780349731445,33.28268292047779,733214397,1720698897
5.0,0,-7.314397811889648,6.105307102203369,11.616844177246094,0.05246507376432419,-0.1419486552476883,0.08096133172512054,18.15198516845703,-24.86760902404785,14.169231414794922,33.89188196330799,745214397,1720698897
5.0,0,-17.975940704345703,4.623273849487305,14.023053169250488,0.2921532392501831,-0.19920749962329865,-0.10732702910900116,17.802907943725586,-23.466615676879883,13.157143592834473,32.26044032715018,758214397,1720698897
5.0,0,-13.412522315979004,39.22600173950195,20.94000816345215,0.6351736187934875,-0.173907071352005,-0.436498761177063,17.62837028503418,-25.743228912353516,12.9884614944458,33.79605606772499,770214397,1720698897
5.0,0,-11.343900680541992,24.21293067932129,14.643160820007324,1.226670742034912,-0.037817467004060745,-0.5781811475753784,18.326522827148438,-24.34223747253418,12.9884614944458,33.12259192901336,783214397,1720698897
5.0,0,-1.7765247821807861,-14.185861587524414,12.943251609802246,0.8567519783973694,-0.07084116339683533,-0.884449303150177,19.548290252685547,-24.51736068725586,13.157143592834473,34.00510335809472,795214397,1720698897
5.0,0,-5.082967758178711,10.221002578735352,5.003958225250244,1.2170830965042114,-0.10306590795516968,-0.6807143688201904,18.85013771057129,-25.217857360839844,14.169231414794922,34.52586190763639,808214397,1720698897
5.0,0,-1.6687840223312378,-18.05016326904297,6.59133768081665,0.9856509566307068,-0.23968815803527832,-0.743033230304718,19.199214935302734,-24.86760902404785,15.518681526184082,35.04050954275615,820214397,1720698897
5.0,0,-2.2864975929260254,4.041474342346191,8.671930313110352,1.0429097414016724,-0.32304635643959045,-0.5661966800689697,18.501060485839844,-25.217857360839844,16.19340705871582,35.22010790928438,833214397,1720698897
5.0,0,-5.585757732391357,-2.32480525970459,9.617654800415039,0.9664758443832397,-0.28309834003448486,-0.5390320420265198,17.977445602416992,-27.494468688964844,16.362089157104492,36.69948665119672,845214397,1720698897
5.0,0,-6.167557716369629,1.2833117246627808,10.594503402709961,0.9081517457962036,-0.23382911086082458,-0.6024162173271179,19.37375259399414,-26.093477249145508,15.350000381469727,35.942097270973065,857964317,1720698897
5.0,0,-5.525901794433594,9.330347061157227,9.430904388427734,1.0903147459030151,-0.23223118484020233,-0.6242544651031494,19.37375259399414,-26.093477249145508,15.350000381469727,35.942097270973065,869964317,1720698897
5.0,0,-4.189917087554932,0.9696664214134216,7.259330749511719,0.9901784062385559,-0.20746341347694397,-0.6679309606552124,18.675600051879883,-26.4437255859375,17.036813735961914,36.58280583055381,882964317,1720698897
5.0,0,-5.844335556030273,-3.3950297832489014,7.644803047180176,0.9486324191093445,-0.24927568435668945,-0.6452937722206116,19.37375259399414,-26.093477249145508,17.711538314819336,37.01230111736208,894964317,1720698897
5.0,0,-5.753354549407959,2.2074875831604004,8.873046875,1.0173430442810059,-0.27351081371307373,-0.6000193953514099,19.024675369262695,-27.844717025756836,17.036813735961914,37.782529844151036,907964317,1720698897
5.0,0,-4.400609970092773,-0.7302426099777222,10.141992568969727,0.9656769037246704,-0.2721792161464691,-0.6223902702331543,20.595521926879883,-28.7203369140625,17.542858123779297,39.456116725406474,919964317,1720698897
5.0,0,-4.046262741088867,4.1659746170043945,11.025466918945312,0.9813898205757141,-0.2495419979095459,-0.5938939452171326,20.246444702148438,-28.370088577270508,17.542858123779297,39.019640184276156,932964317,1720698897
5.0,0,-2.8754801750183105,2.3798727989196777,9.586529731750488,0.9749981164932251,-0.25912952423095703,-0.6005520224571228,20.420982360839844,-28.89546012878418,19.398351669311523,40.351706086882736,944964317,1720698897
5.0,0,-4.800447940826416,1.7621593475341797,8.715027809143066,0.9502303600311279,-0.24155238270759583,-0.635439932346344,20.420982360839844,-28.89546012878418,19.398351669311523,40.351706086882736,957964317,1720698897
5.0,0,-3.8499350547790527,1.3311964273452759,9.591318130493164,1.0024291276931763,-0.27484241127967834,-0.6269177198410034,21.642751693725586,-30.121328353881836,20.579120635986328,42.41701697230848,969964317,1720698897
5.0,0,-4.063022136688232,0.8619257807731628,9.409356117248535,0.9864498972892761,-0.25912952423095703,-0.6056120991706848,21.119136810302734,-29.595956802368164,20.073078155517578,41.53151893799989,982964317,1720698897
5.0,0,-5.568997859954834,2.5211329460144043,8.942479133605957,0.9361154437065125,-0.2671191394329071,-0.6021499037742615,21.119136810302734,-29.595956802368164,20.073078155517578,41.53151893799989,994964317,1720698897
5.0,0,-4.79805326461792,2.171574115753174,8.868258476257324,0.9688727855682373,-0.28869104385375977,-0.6213249564170837,22.51544189453125,-31.347196578979492,19.735713958740234,43.34847474281432,7964317,1720698898
5.0,0,-5.829969882965088,2.0805928707122803,8.473209381103516,0.97313392162323,-0.2732445001602173,-0.606943666934967,21.468212127685547,-30.9969482421875,19.060989379882812,42.24945264057466,19964317,1720698898
5.0,0,-5.928133964538574,-0.4596937298774719,7.99196720123291,0.951029360294342,-0.26365697383880615,-0.5984213948249817,20.595521926879883,-30.121328353881836,20.916484832763672,42.0591165266484,32964317,1720698898
5.0,0,-4.175551414489746,3.612905502319336,9.004730224609375,0.971802294254303,-0.29854491353034973,-0.6034814715385437,21.29367446899414,-30.471576690673828,22.265933990478516,43.332544061887894,44964317,1720698898
5.0,0,-5.578575134277344,3.818809986114502,8.700661659240723,0.9797919392585754,-0.3060018718242645,-0.6032151579856873,22.340904235839844,-31.172073364257812,22.265933990478516,44.34620588472011,57964317,1720698898
5.0,0,-4.472437381744385,1.7549766302108765,9.057402610778809,0.9640790224075317,-0.2969469726085663,-0.5933613181114197,21.817289352416992,-31.697444915771484,21.759891510009766,44.206504130080795,69964317,1720698898
5.0,0,-4.750168800354004,1.1109265089035034,8.942479133605957,0.9568883776664734,-0.3115946054458618,-0.6064110398292542,21.817289352416992,-31.697444915771484,21.759891510009766,44.206504130080795,82964317,1720698898
5.0,0,-4.115695476531982,4.493985176086426,9.160355567932129,0.9840530753135681,-0.3078661262989044,-0.6082752346992493,22.51544189453125,-32.74818801879883,22.434616088867188,45.63661842507035,94964317,1720698898
5.0,0,-5.006352424621582,1.1635997295379639,8.827555656433105,0.9744654893875122,-0.31985053420066833,-0.5909644365310669,24.260826110839844,-32.39794158935547,22.097253799438477,46.11402095116512,107964317,1720698898
5.0,0,-4.180339813232422,0.18675057590007782,9.203451156616211,0.933185875415802,-0.3038713037967682,-0.5906981229782104,24.260826110839844,-32.39794158935547,22.097253799438477,46.11402095116512,119964317,1720698898
5.0,0,-4.5801777839660645,6.014326572418213,8.600103378295898,1.0024291276931763,-0.3089314103126526,-0.5970898270606995,22.864519119262695,-33.44868469238281,23.784067153930664,46.98172615590297,132964317,1720698898
5.0,0,-6.414164066314697,0.6057422757148743,8.487574577331543,0.933185875415802,-0.3089314103126526,-0.5909644365310669,23.388134002685547,-33.2735595703125,24.290111541748047,47.37239805326802,144964317,1720698898
5.0,0,-4.3192057609558105,-0.2944912910461426,9.198662757873535,0.9395775198936462,-0.34062349796295166,-0.5864369869232178,24.086286544799805,-34.67455291748047,24.290111541748047,48.70814447559996,157964317,1720698898
5.0,0,-4.898611545562744,2.8012585639953613,8.71263313293457,0.9507629871368408,-0.3190515637397766,-0.6066773533821106,22.864519119262695,-33.44868469238281,24.796154022216797,47.502105179655686,169964317,1720698898
5.0,0,-5.446891784667969,2.0758044719696045,8.173929214477539,0.976862370967865,-0.3326338827610016,-0.5981550812721252,23.21359634399414,-34.1491813659668,25.133516311645508,48.33974850343496,182964317,1720698898
5.0,0,-4.898611545562744,3.3184142112731934,8.875441551208496,0.963013768196106,-0.34808048605918884,-0.5824421644210815,23.737211227416992,-33.974056243896484,23.615385055541992,47.70092353235909,195964317,1720698898
5.0,0,-4.762139797210693,2.5690176486968994,8.861075401306152,0.9355827569961548,-0.3408898115158081,-0.5891002416610718,23.737211227416992,-33.974056243896484,23.615385055541992,47.70092353235909,207964317,1720698898
5.0,0,-5.590546131134033,4.323994159698486,8.47081470489502,0.9712696671485901,-0.3334328532218933,-0.5845727920532227,25.8316707611084,-33.2735595703125,26.651649475097656,49.8469196694531,220964317,1720698898
5.0,0,-4.4245524406433105,1.4389371871948242,8.794036865234375,0.9355827569961548,-0.36539125442504883,-0.5789800882339478,24.086286544799805,-35.02479934692383,26.314287185668945,49.99327433665793,232964317,1720698898
5.0,0,-4.630456924438477,3.509953260421753,8.535459518432617,0.9536925554275513,-0.36299437284469604,-0.5691261887550354,23.0390567779541,-35.02479934692383,27.326374053955078,50.04263607611751,245964317,1720698898
5.0,0,-4.419764041900635,4.699889659881592,8.667141914367676,0.9646116495132446,-0.36539125442504883,-0.5965571999549866,23.9117488861084,-34.84967803955078,26.482967376708984,49.87603989220161,257964317,1720698898
5.0,0,-3.739799976348877,1.1157150268554688,8.647988319396973,0.9358490705490112,-0.37684306502342224,-0.5922960638999939,24.784440994262695,-35.37504959106445,27.66373634338379,51.29273786263131,270964317,1720698898
5.0,0,-4.704678058624268,3.3399622440338135,8.487574577331543,0.9587526321411133,-0.3707176744937897,-0.5648650527000427,24.784440994262695,-35.37504959106445,28.675825119018555,51.84559378794783,282964317,1720698898
5.0,0,-4.015137672424316,2.2242472171783447,8.882623672485352,0.9454366564750671,-0.39868131279945374,-0.575251579284668,25.482593536376953,-35.37504959106445,29.687911987304688,52.74588917703842,295964317,1720698898
5.0,0,-4.781293869018555,6.655982494354248,8.327159881591797,0.9699380397796631,-0.3582006096839905,-0.5843064785003662,23.0390567779541,-35.02479934692383,27.66373634338379,50.22765189600567,307964317,1720698898
5.0,0,-4.853120803833008,3.8020501136779785,8.676718711853027,0.9403765797615051,-0.3789736032485962,-0.5614029169082642,25.482593536376953,-35.72529602050781,27.326374053955078,51.69516484188614,320964317,1720698898
5.0,0,-4.805236339569092,1.8172268867492676,8.379834175109863,0.9422407746315002,-0.3835010528564453,-0.5744526386260986,24.43536376953125,-36.4257926940918,30.02527618408203,53.154892398279536,332964317,1720698898
5.0,0,-3.2154619693756104,6.031085968017578,9.34950065612793,0.9829877018928528,-0.40613824129104614,-0.5829748511314392,26.704362869262695,-35.19992446899414,28.169780731201172,52.39937237524989,345964317,1720698898
5.0,0,-4.671158790588379,1.1540228128433228,8.370256423950195,0.9329195618629456,-0.3869631886482239,-0.5707241296768188,27.053438186645508,-35.19992446899414,30.868682861328125,54.07216272662667,357964317,1720698898
5.0,0,-4.520321846008301,3.6775498390197754,8.001543998718262,0.9592852592468262,-0.40054553747177124,-0.5630008578300476,26.704362869262695,-36.60091781616211,30.19395637512207,54.44653508554501,370964317,1720698898
5.0,0,-4.1923112869262695,4.735803127288818,8.779671669006348,0.9347837567329407,-0.4207858741283417,-0.5712567567825317,25.482593536376953,-35.37504959106445,30.02527618408203,52.93650835520675,382964317,1720698898
5.0,0,-5.779691219329834,2.164391279220581,8.461237907409668,0.9406428933143616,-0.4016108214855194,-0.5494185090065002,26.529823303222656,-37.826786041259766,29.687911987304688,54.918752579400504,395964317,1720698898
5.0,0,-5.7677202224731445,1.3144367933273315,8.193083763122559,0.9249299764633179,-0.40054553747177124,-0.5574080944061279,25.657133102416992,-38.00190734863281,30.19395637512207,54.90089655690505,407964317,1720698898
5.0,0,-5.327179908752441,3.529107093811035,7.774091720581055,0.9387785792350769,-0.4109320044517517,-0.5733873248100281,27.053438186645508,-37.65166091918945,31.543407440185547,56.076043375311535,420964317,1720698898
5.0,0,-4.747774600982666,4.800447940826416,8.054217338562012,0.9441049695014954,-0.4383630156517029,-0.5550112128257751,27.402515411376953,-37.301414489746094,32.21813201904297,56.39416108608295,432964317,1720698898
5.0,0,-3.1292693614959717,2.9066052436828613,8.985576629638672,0.9419744610786438,-0.44368940591812134,-0.5478205680847168,25.308055877685547,-36.250667572021484,32.21813201904297,54.70481352241086,445964317,1720698898
5.0,0,-3.9624643325805664,3.6248764991760254,8.346314430236816,0.9374470114707947,-0.43996092677116394,-0.5488858819007874,27.926130294799805,-35.72529602050781,33.398902893066406,56.317423977447035,457964317,1720698898
5.0,0,-3.8020501136779785,4.764533996582031,8.322371482849121,0.9374470114707947,-0.43436819314956665,-0.5510164499282837,27.7515926361084,-38.00190734863281,32.55549621582031,57.220242832697494,470964317,1720698898
5.0,0,-4.280898094177246,1.1157150268554688,9.050220489501953,0.906021237373352,-0.4604675769805908,-0.5294445157051086,26.35528564453125,-37.301414489746094,33.56758499145508,56.681384655804194,482964317,1720698898
5.0,0,-5.190708637237549,6.150798320770264,8.39419937133789,0.9286584258079529,-0.4303734004497528,-0.540363609790802,25.8316707611084,-36.4257926940918,33.398902893066406,55.7637902420893,495964317,1720698898
5.0,0,-2.868297576904297,4.1611857414245605,8.738969802856445,0.9518283009529114,-0.45434221625328064,-0.5563428401947021,27.402515411376953,-37.65166091918945,34.2423095703125,57.802086342566255,507964317,1720698898
5.0,0,-4.122878074645996,2.6408448219299316,8.221814155578613,0.9323869347572327,-0.4490158259868622,-0.5590060353279114,27.402515411376953,-38.00190734863281,33.56758499145508,57.63528064617526,520964317,1720698898
5.0,0,-3.6464247703552246,3.993589162826538,8.461237907409668,0.9270604848861694,-0.45700541138648987,-0.5331729650497437,28.973360061645508,-38.177032470703125,33.736263275146484,58.60952875856343,532964317,1720698898
5.0,0,-4.534687519073486,4.470042705535889,7.989573001861572,0.9486324191093445,-0.43889564275741577,-0.540363609790802,27.57705307006836,-38.52728271484375,35.085716247558594,58.956363982381596,545964317,1720698898
5.0,0,-4.599331378936768,4.470042705535889,7.795639991760254,0.9307889938354492,-0.4572717547416687,-0.545423686504364,28.973360061645508,-37.826786041259766,33.398902893066406,58.18769672304859,557964317,1720698898
5.0,0,-5.968835830688477,4.630456924438477,7.616071701049805,0.9158750772476196,-0.4695224463939667,-0.5233191251754761,28.449745178222656,-38.35215759277344,34.57966995239258,58.95786263716769,570964317,1720698898
5.0,0,-5.178737163543701,3.6727614402770996,7.877044200897217,0.9323869347572327,-0.47431620955467224,-0.5307760834693909,27.926130294799805,-37.47653579711914,35.760440826416016,58.848692565718814,582964317,1720698898
5.0,0,-4.328782558441162,6.639222621917725,8.197872161865234,0.9659432172775269,-0.4735172688961029,-0.5552775859832764,28.10066795349121,-39.05265426635742,34.91703414916992,59.447090916665644,595964317,1720698898
5.0,0,-4.788476467132568,3.3950297832489014,8.126044273376465,0.9297237396240234,-0.47937631607055664,-0.5262486338615417,28.27520751953125,-37.47653579711914,36.43516540527344,59.42641982935657,607964317,1720698898
5.0,0,-5.375064849853516,4.11808967590332,7.558609962463379,0.9259952306747437,-0.4929586350917816,-0.50813889503479,29.147897720336914,-38.7024040222168,36.266483306884766,60.52052403988812,620964317,1720698898
5.0,0,-2.968855381011963,7.443686485290527,8.231390953063965,0.963013768196106,-0.4985513687133789,-0.5318413972854614,29.147897720336914,-39.05265426635742,35.92912292480469,60.544294701553774,633964317,1720698898
5.0,0,-3.9289448261260986,2.2529780864715576,8.327159881591797,0.9070864915847778,-0.49748608469963074,-0.5142642855644226,28.449745178222656,-38.00190734863281,37.95329666137695,60.778167875532105,645964317,1720698898
5.0,0,-4.467648506164551,5.609699726104736,7.640014171600342,0.9512956738471985,-0.4855016767978668,-0.5270476341247559,28.624282836914062,-38.87752914428711,35.760440826416016,60.08012124149008,658964317,1720698898
5.0,0,-3.2872891426086426,3.529107093811035,8.46842098236084,0.9164077043533325,-0.5155958533287048,-0.5102694630622864,29.671512603759766,-38.177032470703125,35.42307662963867,59.938959169920935,670964317,1720698898
5.0,0,-4.644822120666504,4.089359283447266,8.339132308959961,0.9283921122550964,-0.4924260079860687,-0.5049430131912231,27.57705307006836,-38.87752914428711,36.77252960205078,60.20112176469772,683964317,1720698898
5.0,0,-4.855515480041504,5.415766716003418,7.951265335083008,0.916674017906189,-0.486566960811615,-0.5190579891204834,28.973360061645508,-39.92827224731445,36.09780502319336,61.129158716686916,695964317,1720698898
5.0,0,-3.91697359085083,3.4165778160095215,7.642408847808838,0.9451702833175659,-0.5001492500305176,-0.5265149474143982,29.322437286376953,-37.826786041259766,38.121978759765625,61.18787735478961,708964317,1720698898
5.0,0,-4.144426345825195,6.172346115112305,7.486782550811768,0.9291910529136658,-0.5049430131912231,-0.520123302936554,28.973360061645508,-39.578025817871094,38.45934295654297,62.32974235107039,720964317,1720698898
5.0,0,-5.104515552520752,3.742194175720215,7.766909122467041,0.9182718992233276,-0.5036114454269409,-0.500415563583374,30.195127487182617,-39.05265426635742,38.2906608581543,62.4742365953282,733964317,1720698898
5.0,0,-5.942499160766602,-0.6632039546966553,6.744569301605225,0.8437022566795349,-0.44368940591812134,-0.5230528116226196,29.49697494506836,-38.7024040222168,38.96538543701172,62.339785612911584,745964317,1720698898
5.0,0,1.3455618619918823,1.3599272966384888,10.077349662780762,0.5182590484619141,-0.3233126699924469,-0.49748608469963074,29.49697494506836,-38.7024040222168,38.96538543701172,62.339785612911584,758964317,1720698898
5.0,0,-9.94566535949707,-11.099688529968262,1.743005394935608,0.5012145638465881,-0.018908733502030373,-0.12144199758768082,30.195127487182617,-38.35215759277344,38.628021240234375,62.24755208780614,770964317,1720698898
5.0,0,4.197099685668945,-21.502653121948242,7.156378269195557,-0.10679438710212708,-0.15286777913570404,0.09987006336450577,28.7988224029541,-39.40290069580078,39.977474212646484,63.088502910299304,783964317,1720698898
5.0,0,-14.671892166137695,14.360640525817871,2.375084400177002,0.0431438684463501,-0.0287625789642334,0.24048711359500885,29.671512603759766,-38.52728271484375,38.45934295654297,61.99896155770324,795964317,1720698898
5.0,0,0.5841941237449646,10.802803039550781,10.908148765563965,-0.015446570701897144,-0.04926923289895058,0.186424121260643,30.893281936645508,-39.40290069580078,39.30274963378906,63.65288352334489,808964317,1720698898
5.0,0,-4.505956172943115,11.851479530334473,8.691084861755371,-0.14168232679367065,0.06684636324644089,-0.02583305537700653,28.27520751953125,-39.22777557373047,39.47142791748047,62.420344108154175,820964317,1720698898
5.0,0,-5.284083843231201,9.600895881652832,8.466026306152344,-0.06285155564546585,0.08096133172512054,-0.11158815771341324,28.10066795349121,-39.05265426635742,38.628021240234375,61.69993006167844,833964317,1720698898
5.0,0,-6.033480644226074,0.9768491983413696,7.745360374450684,-0.13102951645851135,0.0197076927870512,-0.262591689825058,28.449745178222656,-38.35215759277344,38.96538543701172,61.63259896338639,845964317,1720698898
5.0,0,8.82037353515625,-7.812399387359619,35.6837272644043,-0.5057420134544373,0.028496257960796356,-0.3283727765083313,31.41689682006836,-38.87752914428711,40.483516693115234,64.32261501221366,858964317,1720698898
5.0,0,10.218607902526855,-29.374910354614258,39.22600173950195,-1.424812912940979,0.43197131156921387,-0.6234555244445801,31.242359161376953,-36.95116424560547,38.96538543701172,62.12708593946019,870964317,1720698898
5.0,0,-10.218607902526855,39.22600173950195,25.671024322509766,-1.2053650617599487,0.9555567502975464,-0.5957582592964172,31.242359161376953,-36.95116424560547,38.96538543701172,62.12708593946019,883964317,1720698898
5.0,0,19.999073028564453,-39.22719955444336,37.40997314453125,-2.491158962249756,0.949697732925415,-0.9715359807014465,30.544204711914062,-39.05265426635742,38.628021240234375,62.85047550867818,895964317,1720698898
5.0,0,-8.466026306152344,24.42362403869629,21.42843246459961,-2.5622663497924805,1.2154852151870728,-0.926794171333313,34.209510803222656,-37.12628936767578,39.47142791748047,64.08311488569403,908964317,1720698898
5.0,0,14.7748441696167,-29.439552307128906,22.627946853637695,-3.130859851837158,1.162487506866455,-1.178999423980713,34.209510803222656,-37.12628936767578,39.47142791748047,64.08311488569403,920964317,1720698898
5.0,0,1.5562547445297241,-6.596126079559326,6.7469635009765625,-3.346312999725342,1.1310617923736572,-1.0309253931045532,34.733123779296875,-36.250667572021484,36.266483306884766,61.93350142155471,933964317,1720698898
5.0,0,-10.70703411102295,32.45868682861328,-12.165124893188477,-2.800889015197754,0.9427734017372131,-1.1414482593536377,35.954891204833984,-35.37504959106445,34.41099166870117,61.05951754432014,945964317,1720698898
5.0,0,-1.9632753133773804,4.575389385223389,-3.021528720855713,-2.798492193222046,0.4141278564929962,-1.2485089302062988,36.30397033691406,-34.32430648803711,35.42307662963867,61.24484170946559,958964317,1720698898
5.0,0,-5.00874662399292,-0.5195496678352356,-0.05267323926091194,-2.931652545928955,0.1600584238767624,-1.219746470451355,35.60581588745117,-33.623809814453125,34.74835205078125,60.04816967813938,970964317,1720698898
5.0,0,-12.976770401000977,19.89133071899414,3.967252731323242,-2.4208505153656006,0.08042868971824646,-0.9752644896507263,38.74750518798828,-32.92331314086914,34.07362747192383,61.20723646400275,983964317,1720698898
5.0,0,2.5905656814575195,-3.0071632862091064,11.564170837402344,-2.587566614151001,-0.09960374981164932,-1.0895158052444458,38.04935073852539,-32.57306671142578,33.06153869628906,60.01519064017489,995964317,1720698898
5.0,0,-5.760537147521973,-1.8938424587249756,13.412522315979004,-2.529775381088257,-0.06950956583023071,-0.9441049695014954,38.74750518798828,-30.471576690673828,31.71208953857422,58.613503283896485,8964317,1720698899
5.0,0,-4.867486476898193,6.476414203643799,9.347105979919434,-2.4908926486968994,-0.025034096091985703,-0.8223966360092163,38.74750518798828,-29.420833587646484,31.037363052368164,57.70851334534338,20964317,1720698899
5.0,0,-1.716668725013733,2.37747859954834,7.412561893463135,-2.6022143363952637,-0.20719709992408752,-0.8817861080169678,41.016502380371094,-28.89546012878418,31.206045150756836,59.0856864013969,33964317,1720698899
5.0,0,-11.533045768737793,12.816356658935547,5.231410980224609,-2.484767198562622,-0.297745943069458,-0.9182718992233276,41.016502380371094,-28.89546012878418,31.206045150756836,59.0856864013969,45964317,1720698899
5.0,0,-6.543453216552734,5.585757732391357,5.973624229431152,-2.449080228805542,-0.3882948160171509,-0.984585702419281,40.66742706298828,-26.79397201538086,28.507143020629883,56.430610164015874,58964317,1720698899
5.0,0,0.019153906032443047,-4.692707061767578,8.401381492614746,-2.371314764022827,-0.5949592590332031,-0.9441049695014954,41.54011917114258,-25.217857360839844,26.314287185668945,55.26267764698208,70964317,1720698899
5.0,0,-0.560251772403717,3.8283870220184326,8.973605155944824,-2.4024744033813477,-0.7145370244979858,-0.8716659545898438,39.96927261352539,-24.34223747253418,27.83241844177246,54.4493415455272,83964317,1720698899
5.0,0,-9.342317581176758,7.867466449737549,10.024675369262695,-2.330301523208618,-0.802156388759613,-0.9470345377922058,39.794734954833984,-22.76612091064453,25.30219841003418,52.36524072153501,96964317,1720698899
5.0,0,-7.632831573486328,6.8211846351623535,7.953659534454346,-2.311925172805786,-0.8804544806480408,-0.8237283229827881,42.23827362060547,-23.466615676879883,27.326374053955078,55.51112076613288,108964317,1720698899
5.0,0,-3.3351738452911377,2.2314300537109375,8.987970352172852,-2.2711784839630127,-0.9963037371635437,-0.8650078773498535,41.36558151245117,-19.438764572143555,25.808242797851562,52.48849681851561,121964317,1720698899
5.0,0,-7.340734481811523,2.731825828552246,8.293641090393066,-2.2360241413116455,-1.1057612895965576,-0.9233320355415344,41.016502380371094,-19.088516235351562,23.784067153930664,51.11170873654051,133964317,1720698899
5.0,0,-3.38545298576355,-2.343959331512451,7.8842267990112305,-2.187021255493164,-1.2386550903320312,-0.8554204106330872,40.31835174560547,-18.388019561767578,23.784067153930664,50.29284841077306,146964317,1720698899
5.0,0,-9.055008888244629,2.631267786026001,8.583344459533691,-2.0368165969848633,-1.2921854257583618,-0.8301199674606323,40.31835174560547,-15.586036682128906,23.784067153930664,49.337367961026445,158964317,1720698899
5.0,0,-7.93929386138916,6.7733001708984375,9.517096519470215,-1.9683724641799927,-1.3952513933181763,-0.8024227023124695,39.271121978759766,-15.936284065246582,22.7719783782959,48.11184023232157,171964317,1720698899
5.0,0,1.0271282196044922,-2.37747859954834,9.426115989685059,-1.9926074743270874,-1.5550434589385986,-0.8556867241859436,39.62019729614258,-13.484548568725586,21.422527313232422,47.016143614441326,183964317,1720698899
5.0,0,-7.666350841522217,1.278523325920105,7.869860649108887,-1.9167063236236572,-1.589398741722107,-0.8713996410369873,39.44565963745117,-12.25868034362793,20.916484832763672,46.300482133128234,196964317,1720698899
5.0,0,-1.9680639505386353,-1.1037437915802002,8.636016845703125,-1.7659690380096436,-1.6567778587341309,-0.8274567723274231,37.874813079833984,-11.733307838439941,20.747802734375,44.750902750318886,208964317,1720698899
5.0,0,-0.07422138750553131,-2.3056514263153076,8.750940322875977,-1.755582571029663,-1.7747576236724854,-0.7997594475746155,38.39842987060547,-11.908432006835938,19.229671478271484,44.5649013748655,221964317,1720698899
5.0,0,-6.557818412780762,0.07182714343070984,8.068583488464355,-1.6075085401535034,-1.7571804523468018,-0.8437022566795349,36.82758331298828,-9.631820678710938,19.735713958740234,42.87821437190628,233964317,1720698899
5.0,0,-3.687126636505127,-2.214670419692993,6.806819438934326,-1.5747511386871338,-1.9132441282272339,-0.8178691864013672,36.30397033691406,-9.10644817352295,20.241758346557617,42.5515504009082,246964317,1720698899
5.0,0,-9.564981460571289,2.2122762203216553,9.773280143737793,-1.4011105298995972,-1.8858131170272827,-0.8024227023124695,34.209510803222656,-7.355208396911621,18.89230728149414,39.76567608347937,258964317,1720698899
5.0,0,-5.9712300300598145,-2.4325461387634277,8.952056884765625,-1.3121594190597534,-1.9758292436599731,-0.8263914585113525,34.209510803222656,-6.654712200164795,16.53076934814453,38.57255707241075,271964317,1720698899
5.0,0,0.12689462304115295,-1.5155527591705322,9.924118041992188,-1.2213443517684937,-2.1105873584747314,-0.7787201404571533,33.68589401245117,-5.078596115112305,19.398351669311523,39.20239331220492,283964317,1720698899
5.0,0,-2.161997079849243,-0.9409356117248535,9.739761352539062,-1.1230721473693848,-2.1372194290161133,-0.7923025488853455,32.11505126953125,-4.553224086761475,17.542858123779297,36.87628287639543,296964317,1720698899
5.0,0,-8.87065315246582,-2.1021411418914795,8.001543998718262,-1.0423771142959595,-2.1550629138946533,-0.8074827790260315,31.94051170349121,-1.9263640642166138,17.036813735961914,36.25134740478793,308964317,1720698899
5.0,0,-4.766928195953369,-1.563437581062317,10.280858993530273,-0.8908409476280212,-2.1920812129974365,-0.8197335004806519,31.067819595336914,-3.1522321701049805,16.53076934814453,35.33287870106538,321964317,1720698899
5.0,0,-1.5658318996429443,-1.1252919435501099,9.636809349060059,-0.8197335004806519,-2.3031368255615234,-0.839441180229187,30.544204711914062,-2.6268601417541504,17.036813735961914,35.07280795661377,333964317,1720698899
5.0,0,-3.744588851928711,-0.9720607399940491,9.11486530303955,-0.7110748291015625,-2.2804996967315674,-0.8034879565238953,27.57705307006836,-1.0507440567016602,15.518681526184082,31.66113383018978,346964317,1720698899
5.0,0,-2.2601609230041504,-3.483616590499878,8.901777267456055,-0.6410326361656189,-2.3625261783599854,-0.8048195242881775,26.8789005279541,-0.7004960179328918,15.518681526184082,31.04505539653486,358964317,1720698899
5.0,0,-9.845107078552246,-1.1444458961486816,8.477997779846191,-0.4767131209373474,-2.2895543575286865,-0.8439685702323914,25.8316707611084,-0.3502480089664459,14.506593704223633,29.628350424509094,371964317,1720698899
5.0,0,3.074201822280884,-0.9553011059761047,9.744549751281738,-0.38243576884269714,-2.3755757808685303,-0.799493134021759,23.9117488861084,-0.17512400448322296,15.012638092041016,28.2344064164957,383964317,1720698899
5.0,0,-1.4006292819976807,-4.362302303314209,9.564981460571289,-0.2652548849582672,-2.42164945602417,-0.8295873403549194,22.340904235839844,-0.7004960179328918,14.843955993652344,26.831878918323888,396964317,1720698899
5.0,0,-5.858701229095459,-4.163579940795898,8.9783935546875,-0.16431954503059387,-2.4072680473327637,-0.8311852216720581,22.340904235839844,0.0,14.843955993652344,26.822733485169888,408964317,1720698899
5.0,0,0.11013495922088623,-1.625687837600708,9.73257827758789,-0.020240332931280136,-2.4165890216827393,-0.819200873374939,18.675600051879883,1.9263640642166138,15.012638092041016,24.038889705813826,421964317,1720698899
5.0,0,-0.8667142391204834,-5.221833229064941,10.168330192565918,0.08282557129859924,-2.43363356590271,-0.8301199674606323,17.802907943725586,1.0507440567016602,15.181319236755371,23.420504864194115,433964317,1720698899
5.0,0,3.8571176528930664,-2.4876136779785156,8.717421531677246,0.20772972702980042,-2.4275083541870117,-0.8743290901184082,16.93021583557129,1.2258679866790771,13.325824737548828,21.580374544841934,446964317,1720698899
5.0,0,5.384642124176025,-1.3096483945846558,11.094900131225586,0.3289054334163666,-2.459733009338379,-0.8439685702323914,16.581140518188477,-0.17512400448322296,13.325824737548828,21.273046190819173,458964317,1720698899
5.0,0,-5.650402545928955,-5.688709735870361,7.788456916809082,0.4058719277381897,-2.3121914863586426,-0.8639426231384277,16.581140518188477,-0.17512400448322296,13.325824737548828,21.273046190819173,471964317,1720698899
5.0,0,0.6416558623313904,-2.1739683151245117,10.223396301269531,0.5691261887550354,-2.3388237953186035,-0.8943031430244446,13.090373992919922,1.5761160850524902,13.663187026977539,18.98748832579609,483964317,1720698899
5.0,0,-0.16280819475650787,1.0103685855865479,10.723793029785156,0.6948292851448059,-2.326572895050049,-0.8516919016838074,13.963065147399902,1.4009920358657837,13.494505882263184,19.46873534674322,496964317,1720698899
5.0,0,1.4389371871948242,-6.639222621917725,7.996756076812744,0.7211949825286865,-2.282630205154419,-0.8998958468437195,11.344990730285645,0.8756200075149536,13.325824737548828,17.52293154708127,508964317,1720698899
5.0,0,-2.887451410293579,-6.3567023277282715,8.406169891357422,0.8559530377388,-2.2578623294830322,-0.8540887832641602,9.948683738708496,-0.8756200075149536,13.663187026977539,16.92411587837222,521964317,1720698899
5.0,0,-2.293680191040039,0.2442122995853424,10.596898078918457,1.0429097414016724,-2.1795642375946045,-0.8948357701301575,9.075992584228516,0.0,13.157143592834473,15.983869021968248,533964317,1720698899
5.0,0,2.320016860961914,-3.074201822280884,9.354289054870605,1.0303927659988403,-2.2069952487945557,-0.9030917286872864,9.075992584228516,-2.4517359733581543,15.181319236755371,17.856570343722453,546964317,1720698899
5.0,0,1.6616014242172241,-5.2984490394592285,9.215423583984375,1.2021692991256714,-2.1273655891418457,-0.9028253555297852,9.075992584228516,-2.4517359733581543,15.181319236755371,17.856570343722453,558964317,1720698899
5.0,0,3.244192600250244,-3.636847972869873,8.817978858947754,1.3126920461654663,-2.1095221042633057,-0.9507629871368408,3.8398427963256836,-4.553224086761475,13.494505882263184,14.750523085341577,571964317,1720698899
5.0,0,-1.714274525642395,-2.3319880962371826,8.84192180633545,1.3694183826446533,-1.9939390420913696,-0.965410590171814,4.887072563171387,-4.202976226806641,15.518681526184082,16.804105561199364,583964317,1720698899
5.0,0,4.419764041900635,-3.0311055183410645,9.737366676330566,1.4722179174423218,-1.9795578718185425,-0.9449039697647095,4.887072563171387,-4.202976226806641,15.518681526184082,16.804105561199364,596964317,1720698899
5.0,0,2.343959331512451,-1.599351167678833,8.454055786132812,1.5909966230392456,-1.9012596607208252,-0.9648779630661011,1.0472298860549927,-7.004960060119629,16.53076934814453,17.984228955384012,608964317,1720698899
5.0,0,1.3383792638778687,-0.35195302963256836,11.236160278320312,1.7049816846847534,-1.817635178565979,-0.9968363642692566,-0.17453831434249878,-6.829836368560791,16.02472496032715,17.420359884302652,621964317,1720698899
5.0,0,3.3327796459198,-2.1548144817352295,9.469212532043457,1.7569141387939453,-1.7776871919631958,-0.951029360294342,0.34907662868499756,-7.355208396911621,15.518681526184082,17.17703179731063,634964317,1720698899
5.0,0,0.04309628903865814,-7.376648426055908,8.422929763793945,1.823227882385254,-1.6634358167648315,-1.0173430442810059,-1.0472298860549927,-8.055704116821289,17.542858123779297,19.332432087118978,646964317,1720698899
5.0,0,4.38385009765625,0.6009538173675537,9.773280143737793,1.938011884689331,-1.5867356061935425,-1.0255990028381348,-0.5236149430274963,-10.332316398620605,16.362089157104492,19.358432177085064,659964317,1720698899
5.0,0,5.56181526184082,-2.4636712074279785,8.537853240966797,2.0005970001220703,-1.555842399597168,-1.0154788494110107,-1.9199213981628418,-11.032812118530273,17.374176025390625,20.670535406204902,671964317,1720698899
5.0,0,6.490779399871826,-6.1292500495910645,6.725415229797363,2.0549263954162598,-1.4067031145095825,-1.0836567878723145,-1.9199213981628418,-11.032812118530273,17.374176025390625,20.670535406204902,684964317,1720698899
5.0,0,5.06381368637085,4.259349822998047,10.520282745361328,2.2296323776245117,-1.321480631828308,-1.1281322240829468,-0.5236149430274963,-14.535292625427246,19.735713958740234,24.516266228293727,696964317,1720698899
5.0,0,1.6951206922531128,-2.018342971801758,9.160355567932129,2.1486711502075195,-1.2106915712356567,-1.0892494916915894,-2.4435362815856934,-15.761160850524902,20.916484832763672,26.303695532658093,709964317,1720698899
5.0,0,7.857889652252197,-3.462068557739258,5.590546131134033,2.2967453002929688,-1.1078919172286987,-1.1603569984436035,-2.4435362815856934,-15.761160850524902,20.916484832763672,26.303695532658093,721964317,1720698899
5.0,0,0.43814560770988464,-1.161205530166626,11.439669609069824,2.339622735977173,-0.9957711100578308,-1.122006893157959,-2.967151403427124,-17.687524795532227,20.41044044494629,27.170546553209526,734964317,1720698899
5.0,0,3.306443214416504,2.1069295406341553,8.346314430236816,2.3649230003356934,-0.8990969061851501,-1.1307954788208008,-5.759764194488525,-19.088516235351562,23.10934066772461,30.521925917942053,746964317,1720698899
5.0,0,3.842752456665039,-5.5306901931762695,8.123650550842285,2.406735420227051,-0.7962972521781921,-1.1305291652679443,-3.8398427963256836,-22.41587257385254,22.60329818725586,32.06438561534733,759964317,1720698899
5.0,0,1.9872177839279175,0.4046262502670288,8.717421531677246,2.438427448272705,-0.6631371974945068,-1.1720750331878662,-3.316227912902832,-21.190004348754883,23.784067153930664,32.02648126555976,771964317,1720698899
5.0,0,7.436503887176514,0.897839367389679,8.403776168823242,2.495419979095459,-0.6524844765663147,-1.1920491456985474,-4.887072563171387,-24.51736068725586,24.290111541748047,34.85676364806783,784964317,1720698899
5.0,0,7.187503337860107,-0.03830781206488609,8.547430038452148,2.5231173038482666,-0.49801871180534363,-1.2306655645370483,-4.712534427642822,-26.093477249145508,25.133516311645508,36.5345203591226,796964317,1720698899
5.0,0,4.683129787445068,-0.014365429058670998,8.837133407592773,2.5801098346710205,-0.3890937566757202,-1.2152189016342163,-4.712534427642822,-26.093477249145508,25.133516311645508,36.5345203591226,809964317,1720698899
5.0,0,4.64961051940918,-0.3471645414829254,8.348709106445312,2.567858934402466,-0.2522051930427551,-1.3044360876083374,-3.665304660797119,-27.494468688964844,26.820329666137695,38.58380943019021,821964317,1720698899
5.0,0,7.024694919586182,2.5642292499542236,7.448474884033203,2.6253840923309326,-0.17923347651958466,-1.2999087572097778,-1.7453831434249878,-28.7203369140625,28.675825119018555,40.622740688328115,834964317,1720698899
5.0,0,5.877854824066162,4.388638496398926,8.39659309387207,2.652815103530884,-0.04101330414414406,-1.3294702768325806,-1.7453831434249878,-28.7203369140625,28.675825119018555,40.622740688328115,846964317,1720698899
5.0,0,4.529898643493652,-0.8379833698272705,7.972813129425049,2.651749849319458,0.09347837418317795,-1.3869954347610474,-2.0944597721099854,-29.771080017089844,29.350549697875977,41.85879518916474,859964317,1720698899
5.0,0,3.7062809467315674,1.98482346534729,8.772488594055176,2.6381676197052,0.1914842128753662,-1.3294702768325806,-1.5708448886871338,-33.09843826293945,29.181869506835938,44.15377307800467,871964317,1720698899
5.0,0,4.771716594696045,-1.0630418062210083,6.732597827911377,2.6352381706237793,0.2964143455028534,-1.3859301805496216,1.2217681407928467,-34.1491813659668,33.230220794677734,47.66452432804279,884964317,1720698899
5.0,0,6.141221046447754,4.498773574829102,6.9265313148498535,2.6506845951080322,0.4090678095817566,-1.412295937538147,0.0,-34.67455291748047,32.724178314208984,47.678050152741136,896964317,1720698899
5.0,0,3.840358018875122,4.3192057609558105,8.36546802520752,2.6661312580108643,0.5326403379440308,-1.4144264459609985,0.0,-35.02479934692383,32.0494499206543,47.47529683434116,909964317,1720698899
5.0,0,7.0055413246154785,4.656793117523193,6.236990928649902,2.616063117980957,0.6357062458992004,-1.4573040008544922,3.8398427963256836,-36.4257926940918,36.09780502319336,51.42600794914893,921964317,1720698899
5.0,0,7.580158233642578,7.680716037750244,6.150798320770264,2.6376349925994873,0.7289183139801025,-1.479142189025879,3.8398427963256836,-36.4257926940918,36.09780502319336,51.42600794914893,934964317,1720698899
5.0,0,9.78525161743164,11.394180297851562,9.134018898010254,2.529242753982544,0.8524908423423767,-1.4461185932159424,1.9199213981628418,-37.301414489746094,36.60384750366211,52.29649388995704,946964317,1720698899
5.0,0,4.915370941162109,-4.659187316894531,22.65907096862793,1.8253583908081055,0.5851054191589355,-0.8090806603431702,4.363457679748535,-38.7024040222168,37.95329666137695,54.38169331207283,959964317,1720698899
5.0,0,19.747676849365234,5.2769012451171875,0.4142032265663147,1.3441178798675537,0.5241180658340454,-0.9371806979179382,5.759764194488525,-39.40290069580078,37.615936279296875,54.77884745946534,971964317,1720698899
5.0,0,23.762813568115234,1.2114845514297485,7.960842132568359,0.9153424501419067,0.29188692569732666,-0.5733873248100281,6.1088409423828125,-39.05265426635742,39.977474212646484,56.21944670067282,984964317,1720698899
5.0,0,7.929717063903809,21.799537658691406,12.244134902954102,0.43383556604385376,0.27723929286003113,-0.4522116482257843,4.887072563171387,-39.22777557373047,39.80879211425781,56.1020657756634,996964317,1720698899
5.0,0,17.300765991210938,2.9018168449401855,8.264910697937012,-0.021305613219738007,-0.10173431038856506,-0.017310811206698418,4.188919544219971,-40.62876892089844,39.80879211425781,57.034935264028356,9964317,1720698900
5.0,0,3.7062809467315674,7.273695945739746,11.97358512878418,-0.5856380462646484,-0.18535883724689484,0.3233126699924469,5.585226058959961,-39.22777557373047,41.158241271972656,57.13154952558668,21964317,1720698900
5.0,0,9.354289054870605,0.20590448379516602,1.367110013961792,-0.5938939452171326,-0.2732445001602173,0.16831433773040771,5.4106879234313965,-40.103397369384766,39.30274963378906,56.41156045659302,34964317,1720698900
5.0,0,1.237821102142334,11.214611053466797,7.4173502922058105,-0.4082688093185425,0.056459877640008926,0.19095155596733093,4.887072563171387,-40.27852249145508,39.47142791748047,56.605975604852986,46964317,1720698900
5.0,0,35.93751525878906,15.299182891845703,17.951997756958008,-0.8514255881309509,-0.04980187490582466,0.8487623929977417,6.632455825805664,-39.22777557373047,38.121978759765625,55.10075418090255,59964317,1720698900
5.0,0,-2.7653450965881348,-5.494776248931885,10.884206771850586,-0.7909708619117737,0.5896328687667847,0.41545945405960083,4.363457679748535,-39.75314712524414,37.95329666137695,55.13442841592492,71964317,1720698900
5.0,0,38.453861236572266,-39.22719955444336,-2.583383083343506,-1.557973027229309,0.5515490770339966,1.2514383792877197,3.8398427963256836,-38.87752914428711,37.10988998413086,53.88274862792064,84964317,1720698900
5.0,0,-19.041378021240234,35.899208068847656,25.908052444458008,-0.6940303444862366,1.4479827880859375,0.3723156154155731,4.014381408691406,-41.504390716552734,37.95329666137695,56.38423923680449,97964317,1720698900
5.0,0,37.71403884887695,-39.22719955444336,-6.864280700683594,-1.8922048807144165,1.237856149673462,1.4509122371673584,5.4106879234313965,-38.7024040222168,36.94121170043945,53.7755031850038,109964317,1720698900
5.0,0,-23.47071647644043,39.22600173950195,18.11959457397461,-0.8506266474723816,1.6772843599319458,0.6362388730049133,4.537996292114258,-37.826786041259766,36.43516540527344,52.71603580190872,122964317,1720698900
5.0,0,18.746885299682617,-25.457935333251953,-2.9042110443115234,-1.0580899715423584,1.4549071788787842,1.2210780382156372,4.188919544219971,-37.12628936767578,35.085716247558594,51.253447628081965,134964317,1720698900
5.0,0,-8.71263313293457,23.293542861938477,22.034175872802734,-0.784312903881073,1.6216235160827637,1.0255990028381348,2.7926130294799805,-38.177032470703125,35.42307662963867,52.154375211585034,147964317,1720698900
5.0,0,10.235368728637695,-23.4587459564209,-1.4916104078292847,-1.080727219581604,1.3872617483139038,1.2517046928405762,2.268998146057129,-37.301414489746094,34.57966995239258,50.91460939199134,159964317,1720698900
5.0,0,-1.5275241136550903,11.552199363708496,8.39419937133789,-0.629048228263855,1.6045790910720825,0.9507629871368408,2.7926130294799805,-37.47653579711914,33.06153869628906,50.05351899568494,172964317,1720698900
5.0,0,9.54343318939209,-13.944043159484863,3.4907991886138916,-0.8016237616539001,1.460766077041626,1.232263445854187,3.316227912902832,-35.900421142578125,31.543407440185547,47.904322964867575,184964317,1720698900
5.0,0,3.2633466720581055,8.166746139526367,11.228978157043457,-0.4335692524909973,1.5055079460144043,0.9824550747871399,4.363457679748535,-35.19992446899414,32.55549621582031,48.14493513760445,197964317,1720698900
5.0,0,5.365488052368164,4.714254856109619,6.421347141265869,-0.523851752281189,1.4285414218902588,1.1097561120986938,3.8398427963256836,-34.32430648803711,32.0494499206543,47.11761505850788,209964317,1720698900
5.0,0,1.8100440502166748,3.768531084060669,8.612074851989746,-0.3238453269004822,1.5537118911743164,1.0937769412994385,2.967151403427124,-35.900421142578125,30.868682861328125,47.43964383570541,222964317,1720698900
5.0,0,2.779710531234741,-1.5778030157089233,7.211445331573486,-0.2652548849582672,1.5957905054092407,1.0607532262802124,1.7453831434249878,-35.72529602050781,32.38681411743164,48.251931222981455,234964317,1720698900
5.0,0,-2.2817089557647705,-2.6959123611450195,8.877835273742676,-0.1475413739681244,1.6413311958312988,1.0359854698181152,2.4435362815856934,-33.623809814453125,30.362638473510742,45.369827761090896,247964317,1720698900
5.0,0,2.8994224071502686,3.4979822635650635,10.024675369262695,-0.11904511600732803,1.5862029790878296,1.1643517017364502,4.014381408691406,-35.19992446899414,30.53131866455078,46.76870064598424,259964317,1720698900
5.0,0,6.143615245819092,0.5626459717750549,5.796450614929199,0.034621622413396835,1.6288142204284668,1.0852546691894531,4.014381408691406,-34.84967803955078,30.53131866455078,46.50566349329017,272964317,1720698900
5.0,0,4.941707611083984,3.174759864807129,7.584946632385254,0.07403700798749924,1.579278588294983,1.178466796875,2.7926130294799805,-35.02479934692383,31.037363052368164,46.88126664318281,284964317,1720698900
5.0,0,4.283292293548584,1.563437581062317,8.885018348693848,0.2170509397983551,1.6003178358078003,1.1358555555343628,2.7926130294799805,-35.72529602050781,30.02527618408203,46.75053660885334,297964317,1720698900
5.0,0,4.393426895141602,2.446911573410034,8.446871757507324,0.28789210319519043,1.5569076538085938,1.1787331104278564,3.8398427963256836,-34.32430648803711,29.687911987304688,45.54420409614323,309964317,1720698900
5.0,0,4.503561973571777,-0.46687644720077515,6.08136510848999,0.3209157884120941,1.4948550462722778,1.2418509721755981,1.7453831434249878,-35.02479934692383,31.037363052368164,46.83055452217213,322964317,1720698900
5.0,0,3.6727614402770996,5.16916036605835,8.98078727722168,0.47804468870162964,1.5113669633865356,1.204299807548523,4.014381408691406,-35.550174713134766,29.51923179626465,46.382272756630364,334964317,1720698900
5.0,0,7.83394718170166,9.112470626831055,9.96721363067627,0.5848391056060791,1.4573040008544922,1.2453131675720215,2.7926130294799805,-33.974056243896484,29.687911987304688,45.20406290768356,347964317,1720698900
5.0,0,1.120503544807434,1.355138897895813,7.039060592651367,0.6460927128791809,1.4802075624465942,1.2714124917984009,2.7926130294799805,-33.974056243896484,29.687911987304688,45.20406290768356,360778610,1720698900
5.0,0,0.38307812809944153,5.516324996948242,10.37183952331543,0.8327831625938416,1.4269435405731201,1.2541017532348633,1.7453831434249878,-33.974056243896484,30.362638473510742,45.597945952135916,373778610,1720698900
5.0,0,-1.8746886253356934,0.08379834145307541,9.514702796936035,0.8474307656288147,1.4317371845245361,1.2799347639083862,3.1416897773742676,-33.974056243896484,29.013187408447266,44.78695966370549,385778610,1720698900
5.0,0,-3.811627149581909,-2.111717939376831,7.189897537231445,0.9909773468971252,1.3899248838424683,1.3060342073440552,3.1416897773742676,-33.974056243896484,29.013187408447266,44.78695966370549,398778610,1720698900
5.0,0,0.9337528944015503,7.017512321472168,11.068562507629395,1.0570247173309326,1.3350629806518555,1.3731467723846436,1.2217681407928467,-35.19992446899414,28.507143020629883,45.31208010245608,410778610,1720698900
5.0,0,-0.8643199801445007,-0.13886581361293793,8.200265884399414,1.075134515762329,1.2618249654769897,1.381136417388916,3.316227912902832,-36.250667572021484,30.19395637512207,47.29464312763445,423778610,1720698900
5.0,0,3.4477031230926514,2.652815818786621,7.168349266052246,1.1337249279022217,1.196043848991394,1.409632682800293,0.34907662868499756,-35.37504959106445,28.675825119018555,45.539202170432226,435778610,1720698900
5.0,0,2.832383871078491,4.740592002868652,8.94487476348877,1.1976417303085327,1.1108214855194092,1.4437215328216553,2.618074655532837,-36.95116424560547,30.868682861328125,48.21948190929583,448778610,1720698900
5.0,0,6.756540298461914,2.626479387283325,8.269699096679688,1.2415846586227417,1.0287948846817017,1.4714189767837524,2.0944597721099854,-36.4257926940918,31.037363052368164,47.90138871029155,460778610,1720698900
5.0,0,6.725415229797363,6.80203104019165,10.364657402038574,1.411763310432434,0.9552904367446899,1.4908603429794312,1.3963065147399902,-37.47653579711914,29.350549697875977,47.62242302532857,473778610,1720698900
5.0,0,5.128458499908447,10.098896980285645,9.253730773925781,1.4498469829559326,0.8887104392051697,1.4929908514022827,0.34907662868499756,-36.07554626464844,30.02527618408203,46.93702272956698,485778610,1720698900
5.0,0,4.963255882263184,3.9073967933654785,8.025486946105957,1.5329389572143555,0.7984278798103333,1.5268135070800781,0.0,-36.776039123535156,31.71208953857422,48.560618576356056,498778610,1720698900
5.0,0,4.666370391845703,5.078179359436035,7.479599952697754,1.5899313688278198,0.7060148119926453,1.5688921213150024,0.0,-37.12628936767578,32.38681411743164,49.267302451925104,510778610,1720698900
5.0,0,-1.2857059240341187,5.674344539642334,7.965630531311035,1.5854040384292603,0.6809806823730469,1.6139001846313477,0.0,-37.12628936767578,32.38681411743164,49.267302451925104,523778610,1720698900
5.0,0,-0.34477031230926514,0.45729950070381165,6.9265313148498535,1.6985900402069092,0.5480868816375732,1.655978798866272,0.0,-38.87752914428711,32.724178314208984,50.81667166103108,535778610,1720698900
5.0,0,-2.367901563644409,6.4931745529174805,9.689481735229492,1.7031174898147583,0.5369014739990234,1.686339259147644,-3.665304660797119,-37.65166091918945,32.89285659790039,50.13005130059332,548778610,1720698900
5.0,0,-5.245776176452637,4.752562999725342,5.856306552886963,1.663169503211975,0.3808378577232361,1.7348096370697021,-3.665304660797119,-37.65166091918945,32.89285659790039,50.13005130059332,560778610,1720698900
5.0,0,-2.60014271736145,3.375875949859619,6.284875392913818,1.630145788192749,0.38802850246429443,1.7907367944717407,-2.268998146057129,-38.7024040222168,33.904945373535156,51.503104279918084,573778610,1720698900
5.0,0,1.1779651641845703,7.211445331573486,11.351082801818848,1.7585121393203735,0.22344262897968292,1.8008569478988647,-4.537996292114258,-39.578025817871094,34.07362747192383,52.42161412130263,585778610,1720698900
5.0,0,-3.4500973224639893,3.150817394256592,5.078179359436035,1.7521203756332397,0.23729127645492554,1.8940690755844116,-4.887072563171387,-38.177032470703125,35.085716247558594,52.08048359137058,598778610,1720698900
5.0,0,-0.055067479610443115,11.272073745727539,11.530651092529297,1.8631759881973267,0.0950763002038002,1.8708992004394531,-5.061611175537109,-37.65166091918945,35.254398345947266,51.82798549433182,611778610,1720698900
5.0,0,4.194705486297607,5.2769012451171875,7.0797624588012695,1.8325490951538086,-0.005326403304934502,1.9092493057250977,-5.4106879234313965,-39.05265426635742,37.95329666137695,54.72511376433034,623778610,1720698900
5.0,0,4.549052715301514,3.2633466720581055,6.466837406158447,1.8583821058273315,-0.12303992360830307,1.961448073387146,-8.377839088439941,-39.578025817871094,38.121978759765625,55.586811205463874,636778610,1720698900
5.0,0,6.615280628204346,6.052634239196777,8.161957740783691,1.8812857866287231,-0.23356278240680695,1.9657090902328491,-8.377839088439941,-39.578025817871094,38.121978759765625,55.586811205463874,648778610,1720698900
5.0,0,0.7996755838394165,4.922553539276123,4.877063274383545,1.8346796035766602,-0.25753161311149597,2.0578560829162598,-9.774145126342773,-40.27852249145508,37.78461456298828,56.0853847692877,661778610,1720698900
5.0,0,5.346334457397461,2.8754801750183105,5.688709735870361,1.8501262664794922,-0.39069169759750366,2.0786290168762207,-12.741296768188477,-38.35215759277344,38.628021240234375,55.904853638051655,673778610,1720698900
5.0,0,4.9129767417907715,5.997567176818848,7.323974609375,1.804851770401001,-0.46446236968040466,2.11218523979187,-9.774145126342773,-37.826786041259766,39.13406753540039,55.29805509262811,686778610,1720698900
5.0,0,3.4716453552246094,2.784498929977417,5.224227428436279,1.7385380268096924,-0.5371677875518799,2.153731346130371,-13.78852653503418,-38.00190734863281,39.977474212646484,56.85478757821745,698778610,1720698900
5.0,0,5.267324447631836,5.46604585647583,6.890617847442627,1.7622405290603638,-0.6748553514480591,2.2144522666931152,-14.312141418457031,-36.776039123535156,41.158241271972656,57.02030577083584,711778610,1720698900
5.0,0,1.441331386566162,8.602498054504395,6.622463226318359,1.7422666549682617,-0.6652677655220032,2.2408177852630615,-16.23206329345703,-37.65166091918945,42.00164794921875,58.69638727542373,723778610,1720698900
5.0,0,-0.22984686493873596,6.5889434814453125,4.6328511238098145,1.683942437171936,-0.7965636849403381,2.302337884902954,-17.977445602416992,-37.65166091918945,44.02582550048828,60.65566281363122,736778610,1720698900
5.0,0,3.7541656494140625,16.335887908935547,9.19387435913086,1.7699638605117798,-0.9196035861968994,2.3209803104400635,-18.501060485839844,-35.02479934692383,43.18241882324219,58.59818345152759,748778610,1720698900
5.0,0,16.235328674316406,-9.962425231933594,-10.728581428527832,0.8956347107887268,-0.6849755048751831,1.7902041673660278,-20.246444702148438,-35.02479934692383,45.20659637451172,60.665405694987705,761778610,1720698900
5.0,0,26.518583297729492,6.260932922363281,0.4596937298774719,1.1558294296264648,-0.8791228532791138,1.3193501234054565,-21.119136810302734,-34.84967803955078,46.05000305175781,61.49081866538724,773778610,1720698900
5.0,0,16.975149154663086,7.0055413246154785,-1.209090232849121,0.5744526386260986,-0.16431954503059387,1.0349202156066895,-22.51544189453125,-33.79893112182617,45.71263885498047,61.147021348303085,786778610,1720698900
5.0,0,22.357397079467773,14.286418914794922,8.710238456726074,0.45380955934524536,-0.2838973104953766,0.506807267665863,-19.37375259399414,-34.84967803955078,46.38736343383789,61.16886328334542,798778610,1720698900
5.0,0,0.5913768410682678,-3.1053268909454346,-11.346294403076172,-0.07110748440027237,0.18269562721252441,0.23223118484020233,-21.9918270111084,-33.974056243896484,47.905494689941406,62.71214694489388,811778610,1720698900
5.0,0,22.845821380615234,24.502634048461914,20.760438919067383,-0.025300417095422745,-0.033556342124938965,-0.34302037954330444,-22.51544189453125,-33.79893112182617,46.724727630615234,61.90729392276116,823778610,1720698900
5.0,0,-3.1556060314178467,-11.243343353271484,-14.023053169250488,-0.5230528116226196,0.3765767216682434,-0.6450274586677551,-21.29367446899414,-33.623809814453125,47.230770111083984,61.76347467651145,836778610,1720698900
5.0,0,16.57770538330078,15.191441535949707,17.568920135498047,-0.24528087675571442,0.3028060495853424,-0.6269177198410034,-23.388134002685547,-35.02479934692383,48.580223083496094,64.29447453912427,848778610,1720698900
5.0,0,2.705489158630371,1.1659940481185913,7.553821563720703,-0.4785773456096649,0.4135952293872833,-0.5209222435951233,-20.944597244262695,-35.02479934692383,46.893409729003906,62.16433542658435,861778610,1720698900
5.0,0,-10.654359817504883,3.660790205001831,5.964047431945801,-0.18589147925376892,-0.017843451350927353,-0.3659239113330841,-20.77005958557129,-34.1491813659668,46.38736343383789,61.23193161657434,873778610,1720698900
5.0,0,-1.9489099979400635,-0.12928886711597443,7.388619422912598,-0.19468003511428833,-0.034621622413396835,-0.11398503184318542,-21.119136810302734,-34.499427795410156,46.724727630615234,61.801526113666334,886778610,1720698900
5.0,0,11.755709648132324,2.3056514263153076,11.147573471069336,0.023169854655861855,-0.21625196933746338,-0.09028254449367523,-20.77005958557129,-35.900421142578125,44.363189697265625,60.731608026778176,898778610,1720698900
5.0,0,11.882604598999023,0.28730857372283936,2.6097195148468018,0.045008108019828796,-0.07670021057128906,-0.006391684524714947,-20.77005958557129,-34.499427795410156,45.03791427612305,60.415392208793186,911778610,1720698900
5.0,0,14.044601440429688,11.832324981689453,9.083740234375,0.09454365819692612,-0.002663201652467251,-0.025566738098859787,-22.340904235839844,-36.07554626464844,45.5439567565918,62.24799625220125,923778610,1720698900
5.0,0,3.2465872764587402,8.154775619506836,3.4429147243499756,-0.0013316008262336254,0.053264033049345016,0.015979209914803505,-21.817289352416992,-35.550174713134766,47.399452209472656,63.138871597293985,936778610,1720698900
5.0,0,2.7222487926483154,8.243362426757812,7.1803202629089355,-0.05885675922036171,0.035686902701854706,0.03089314140379429,-22.864519119262695,-36.250667572021484,46.05000305175781,62.9086632749357,948778610,1720698900
5.0,0,3.4453089237213135,1.807649850845337,6.627251625061035,-0.0788307711482048,0.005326403304934502,0.023436175659298897,-21.468212127685547,-34.1491813659668,44.02582550048828,59.7103343729077,961778610,1720698900
5.0,0,7.036666393280029,1.3527445793151855,7.297637939453125,-0.009321206249296665,-0.035686902701854706,0.0037284824065864086,-20.944597244262695,-35.72529602050781,45.5439567565918,61.556680600269466,973778610,1720698900
5.0,0,6.629645824432373,3.715857744216919,5.97601842880249,0.051133476197719574,-0.011984407901763916,-0.01145176775753498,-20.07190704345703,-35.19992446899414,45.71263885498047,61.086508216380665,986778610,1720698900
5.0,0,5.925739765167236,8.542641639709473,6.579366683959961,0.05353035405278206,0.005060083232820034,-0.0013316008262336254,-21.119136810302734,-34.84967803955078,45.375274658203125,60.987158889228496,998778610,1720698900
5.0,0,6.509933948516846,8.79882526397705,6.423741340637207,-0.0007989605655893683,0.005060083232820034,-0.002663201652467251,-21.817289352416992,-35.550174713134766,44.7005500793457,61.13876196176684,11778610,1720698901
5.0,0,4.948890209197998,6.5889434814453125,6.30402946472168,-0.06285155564546585,0.0018642412032932043,-0.0018642412032932043,-21.817289352416992,-35.550174713134766,44.7005500793457,61.13876196176684,23778610,1720698901
5.0,0,5.2194390296936035,3.794867515563965,6.727809429168701,-0.05486195534467697,-0.003994802478700876,-0.002929521957412362,-20.07190704345703,-35.19992446899414,46.38736343383789,61.59304848217072,36778610,1720698901
5.0,0,6.713443756103516,2.940124750137329,6.967233180999756,0.0013316008262336254,0.009587526321411133,0.002130561275407672,-21.642751693725586,-35.37504959106445,46.893409729003906,62.600277239472106,48778610,1720698901
5.0,0,5.135641098022461,5.2505645751953125,6.782876968383789,0.039681706577539444,0.013316008262336254,0.000266320159425959,-21.468212127685547,-34.84967803955078,46.38736343383789,61.86413886705782,61778610,1720698901
5.0,0,4.788476467132568,7.094127655029297,6.301634788513184,0.01384864840656519,-0.005859043914824724,-0.008522245101630688,-21.642751693725586,-36.07554626464844,46.55604553222656,62.74806064547178,74778610,1720698901
5.0,0,5.236199378967285,7.580158233642578,6.2824811935424805,-0.006391684524714947,-0.013049688190221786,0.012783369049429893,-22.68998146057129,-34.32430648803711,46.55604553222656,62.1325892761965,86778610,1720698901
5.0,0,6.924137115478516,5.236199378967285,6.457260608673096,-0.04261122643947601,-0.014647609554231167,-0.007456964813172817,-21.642751693725586,-35.02479934692383,45.5439567565918,61.395417314444906,99778610,1720698901
5.0,0,6.363884925842285,3.816415786743164,5.837152481079102,-0.036752182990312576,0.0287625789642334,-0.0034621621016412973,-21.642751693725586,-35.02479934692383,45.5439567565918,61.395417314444906,111778610,1720698901
5.0,0,4.956072807312012,3.9528872966766357,6.351913928985596,0.04767131060361862,0.0013316008262336254,-0.001065280637703836,-21.29367446899414,-33.623809814453125,45.88132095336914,60.737770548943246,124778610,1720698901
5.0,0,2.6432390213012695,5.135641098022461,4.359908103942871,-0.005592723377048969,0.025566738098859787,-0.002130561275407672,-21.642751693725586,-35.37504959106445,45.88132095336914,61.845763370441155,136778610,1720698901
5.0,0,4.869880676269531,7.438898086547852,7.134829998016357,-0.034621622413396835,0.02290353551506996,0.009054886177182198,-21.642751693725586,-35.37504959106445,45.88132095336914,61.845763370441155,149778610,1720698901
5.0,0,6.277692794799805,5.97601842880249,6.90977144241333,-0.026099376380443573,-0.010386486537754536,0.006658004131168127,-20.07190704345703,-35.550174713134766,46.38736343383789,61.793882066419386,161778610,1720698901
5.0,0,9.787646293640137,7.379042625427246,10.395782470703125,-0.00719064474105835,-0.02050665207207203,-0.004261122550815344,-20.595521926879883,-34.67455291748047,45.5439567565918,60.83380754575573,174778610,1720698901
5.0,0,4.901005744934082,3.304048538208008,4.989592552185059,0.04926923289895058,-0.0197076927870512,-0.002396881580352783,-20.77005958557129,-34.84967803955078,45.71263885498047,61.11907055685975,186778610,1720698901
5.0,0,4.589754581451416,5.391824722290039,4.936919212341309,-0.023968815803527832,0.04527442902326584,0.002663201652467251,-22.340904235839844,-33.974056243896484,45.5439567565918,61.05411121934961,199778610,1720698901
5.0,0,7.139618396759033,7.786062717437744,9.641597747802734,0.03195841982960701,-0.03728482499718666,-0.006658004131168127,-21.817289352416992,-35.19992446899414,45.375274658203125,61.432437259296094,211778610,1720698901
5.0,0,3.486010789871216,5.111698150634766,4.103724479675293,-0.0375511460006237,0.006924324203282595,-0.005060083232820034,-21.29367446899414,-35.37504959106445,45.88132095336914,61.72447098507878,224778610,1720698901
5.0,0,7.968024730682373,6.972021579742432,9.217817306518555,-0.01384864840656519,0.000266320159425959,0.00878856610506773,-21.29367446899414,-35.37504959106445,45.88132095336914,61.72447098507878,236778610,1720698901
5.0,0,4.503561973571777,2.2553725242614746,3.6536076068878174,-0.011984407901763916,0.01145176775753498,-0.011718087829649448,-21.29367446899414,-35.02479934692383,45.5439567565918,61.27323346070511,249778610,1720698901
5.0,0,5.9209513664245605,6.809213638305664,6.852309703826904,-0.010652806609869003,0.025566738098859787,0.0007989605655893683,-22.340904235839844,-35.37504959106445,44.869232177734375,61.34947540007714,261778610,1720698901
5.0,0,6.23938512802124,7.599311828613281,9.050220489501953,0.054062992334365845,-0.0375511460006237,-0.003994802478700876,-22.340904235839844,-35.37504959106445,44.869232177734375,61.34947540007714,274778610,1720698901
5.0,0,3.4500973224639893,4.843544006347656,4.019926071166992,-0.03488794341683388,0.015446570701897144,-0.0015979211311787367,-21.817289352416992,-34.84967803955078,45.71263885498047,61.48283927433171,286778610,1720698901
5.0,0,8.209842681884766,7.1013102531433105,9.617654800415039,0.0007989605655893683,-0.014114969410002232,0.002130561275407672,-22.340904235839844,-33.974056243896484,46.893409729003906,62.067256873094095,299778610,1720698901
5.0,0,4.407792568206787,2.2553725242614746,3.7757136821746826,0.009054886177182198,-0.009587526321411133,-0.011718087829649448,-20.595521926879883,-36.776039123535156,45.88132095336914,62.30367717464555,311778610,1720698901
5.0,0,5.849123954772949,6.385433673858643,6.517116546630859,-0.014913929626345634,0.027164656668901443,0.0007989605655893683,-20.595521926879883,-35.72529602050781,46.21868133544922,61.94060706500464,324778610,1720698901
5.0,0,5.537873268127441,6.270510196685791,7.604100227355957,0.0394153855741024,-0.02290353551506996,-0.003994802478700876,-22.166366577148438,-33.79893112182617,46.38736343383789,61.526441783622055,336778610,1720698901
5.0,0,4.869880676269531,5.885037899017334,5.458862781524658,-0.03115946054458618,0.014647609554231167,0.0007989605655893683,-21.468212127685547,-34.84967803955078,46.05000305175781,61.61158148016131,349778610,1720698901
5.0,0,8.183506965637207,7.69508171081543,10.067770957946777,0.014913929626345634,-0.02290353551506996,0.0,-21.817289352416992,-35.900421142578125,44.363189697265625,61.097683696005475,361778610,1720698901
5.0,0,3.845146656036377,2.8946340084075928,3.2465872764587402,-0.019441373646259308,0.00825592502951622,-0.010386486537754536,-20.246444702148438,-33.623809814453125,45.5439567565918,60.12263389574655,374778610,1720698901
5.0,0,6.502751350402832,6.5410590171813965,7.388619422912598,-0.009321206249296665,0.013582328334450722,0.005060083232820034,-21.817289352416992,-33.09843826293945,46.724727630615234,61.275614254676235,386778610,1720698901
5.0,0,5.576180934906006,5.858701229095459,7.364676475524902,0.04101330414414406,-0.029295219108462334,-0.00719064474105835,-21.817289352416992,-33.09843826293945,46.724727630615234,61.275614254676235,399778610,1720698901
5.0,0,4.889034271240234,5.808422088623047,5.446891784667969,-0.030360499396920204,0.012250727973878384,-0.004261122550815344,-21.29367446899414,-34.67455291748047,45.88132095336914,61.32569449133631,411778610,1720698901
5.0,0,7.276090145111084,7.292849540710449,9.373442649841309,0.027430977672338486,-0.030360499396920204,0.002929521957412362,-21.29367446899414,-35.37504959106445,45.20659637451172,61.224595235328245,424778610,1720698901
5.0,0,4.671158790588379,3.770925283432007,4.130061149597168,-0.03009418025612831,0.013582328334450722,-0.002929521957412362,-21.817289352416992,-34.1491813659668,45.71263885498047,61.08850999769639,436778610,1720698901
5.0,0,8.245756149291992,7.903380393981934,10.141992568969727,0.026099376380443573,-0.021305613219738007,-0.002663201652467251,-22.166366577148438,-34.499427795410156,45.71263885498047,61.410126823913274,449778610,1720698901
5.0,0,3.641636371612549,4.051051139831543,4.077387809753418,-0.0143812894821167,0.007723285350948572,-0.005326403304934502,-21.29367446899414,-34.67455291748047,44.869232177734375,60.57221465852211,461778610,1720698901
5.0,0,5.9927778244018555,7.041454792022705,7.450869083404541,-0.018109772354364395,0.009587526321411133,0.006658004131168127,-21.119136810302734,-35.19992446899414,45.71263885498047,61.43857072980333,474778610,1720698901
5.0,0,4.158791542053223,3.177154064178467,4.407792568206787,0.00719064474105835,-0.018109772354364395,-0.005592723377048969,-22.864519119262695,-34.1491813659668,46.05000305175781,61.72159754565437,487778610,1720698901
5.0,0,5.851518154144287,5.2194390296936035,5.851518154144287,-0.03808378428220749,0.021838253363966942,-0.002396881580352783,-21.29367446899414,-34.67455291748047,44.869232177734375,60.57221465852211,499778610,1720698901
5.0,0,5.954470157623291,6.131644248962402,7.83394718170166,0.04847027361392975,-0.03302370011806488,-0.0037284824065864086,-21.468212127685547,-34.1491813659668,44.7005500793457,60.2095498847242,512778610,1720698901
5.0,0,4.493985176086426,5.1715545654296875,4.95846700668335,-0.02157193422317505,0.015446570701897144,0.002929521957412362,-21.468212127685547,-34.84967803955078,45.03791427612305,60.85883595471623,524778610,1720698901
5.0,0,7.350311279296875,7.886620998382568,9.629626274108887,0.03914906829595566,-0.03648586571216583,-0.002663201652467251,-20.420982360839844,-35.19992446899414,46.05000305175781,61.454487096318104,537778610,1720698901
5.0,0,4.450888633728027,4.7597455978393555,4.841149806976318,-0.021039292216300964,0.005060083232820034,-0.00719064474105835,-23.388134002685547,-33.623809814453125,47.230770111083984,62.51648617646512,549778610,1720698901
5.0,0,7.692687511444092,7.098916053771973,9.083740234375,0.0037284824065864086,-0.009054886177182198,0.00719064474105835,-20.420982360839844,-35.550174713134766,45.03791427612305,60.90357267894509,562778610,1720698901
5.0,0,4.551446914672852,4.70228385925293,5.068602085113525,-0.01145176775753498,0.00719064474105835,-0.000266320159425959,-20.944597244262695,-33.974056243896484,45.88132095336914,60.81125112850325,574778610,1720698901
5.0,0,7.505937099456787,7.649591445922852,9.165143966674805,0.011185446754097939,-0.006924324203282595,0.0034621621016412973,-21.119136810302734,-34.84967803955078,45.71263885498047,61.23857730351434,587778610,1720698901
5.0,0,4.120483875274658,4.197099685668945,4.462860107421875,-0.013049688190221786,-0.0015979211311787367,-0.0015979211311787367,-20.595521926879883,-35.37504959106445,45.5439567565918,61.23578736373987,599778610,1720698901
5.0,0,6.605702877044678,7.017512321472168,8.252939224243164,-0.017843451350927353,0.01145176775753498,0.002663201652467251,-20.595521926879883,-34.67455291748047,46.21868133544922,61.34057912879161,612778610,1720698901
5.0,0,4.927342414855957,3.4477031230926514,4.738197326660156,-0.003994802478700876,-0.009587526321411133,-0.003994802478700876,-20.420982360839844,-35.19992446899414,45.71263885498047,61.20209599589294,624778610,1720698901
5.0,0,6.213047981262207,6.339942932128906,7.084550857543945,-0.02476777695119381,0.018908733502030373,-0.005326403304934502,-21.642751693725586,-35.02479934692383,46.21868133544922,61.89759102385439,637778610,1720698901
5.0,0,4.496379375457764,4.6855244636535645,5.724623203277588,0.02370249480009079,-0.015180249698460102,-0.001065280637703836,-22.864519119262695,-34.84967803955078,45.375274658203125,61.61332521721943,649778610,1720698901
5.0,0,5.097332954406738,5.609699726104736,5.695892810821533,-0.03621954470872879,0.023169854655861855,-0.007989604957401752,-21.29367446899414,-35.37504959106445,46.55604553222656,62.2276472442958,662778610,1720698901
5.0,0,5.45646858215332,5.947287559509277,7.28087854385376,0.026632016524672508,-0.020240332931280136,0.006658004131168127,-21.468212127685547,-35.550174713134766,46.05000305175781,62.010497781912825,674778610,1720698901
5.0,0,5.173948764801025,4.515533447265625,5.238593578338623,-0.025300417095422745,0.013049688190221786,-0.005592723377048969,-21.468212127685547,-35.19992446899414,45.71263885498047,61.55943604085459,687778610,1720698901
5.0,0,6.222624778747559,6.031085968017578,7.455657958984375,0.028229938820004463,-0.0197076927870512,-0.006658004131168127,-21.29367446899414,-35.37504959106445,45.5439567565918,61.47411408884284,699778610,1720698901
5.0,0,4.843544006347656,4.8650922775268555,5.245776176452637,-0.013316008262336254,0.013316008262336254,-0.0018642412032932043,-20.944597244262695,-35.37504959106445,44.19450759887695,60.359131779721935,712778610,1720698901
5.0,0,5.863489627838135,6.055028438568115,7.170743465423584,0.02077297307550907,-0.02157193422317505,-0.004261122550815344,-22.340904235839844,-35.72529602050781,46.55604553222656,62.79234151890365,724778610,1720698901
5.0,0,4.570600986480713,4.450888633728027,4.94649600982666,-0.02050665207207203,0.01384864840656519,-0.0031958422623574734,-22.51544189453125,-34.1491813659668,47.06208801269531,62.353442886390695,737778610,1720698901
5.0,0,5.777297019958496,5.626460075378418,6.960050582885742,0.024501455947756767,-0.019441373646259308,-0.0018642412032932043,-21.119136810302734,-33.79893112182617,46.724727630615234,61.413238448606606,749778610,1720698901
5.0,0,4.312023162841797,4.295263290405273,4.771716594696045,-0.021305613219738007,0.021039292216300964,-0.0037284824065864086,-21.119136810302734,-34.499427795410156,46.724727630615234,61.801526113666334,762778610,1720698901
5.0,0,4.869880676269531,5.633642673492432,6.426135540008545,0.01757713221013546,-0.010919126681983471,0.000266320159425959,-20.944597244262695,-34.67455291748047,45.20659637451172,60.701211927930615,774778610,1720698901
5.0,0,4.642427921295166,4.95846700668335,5.260141372680664,-0.028229938820004463,0.022104574367403984,0.000532640318851918,-21.817289352416992,-34.499427795410156,46.724727630615234,62.04357182700707,787778610,1720698901
5.0,0,4.920159339904785,4.414975166320801,5.439709186553955,-0.00719064474105835,-0.005592723377048969,-0.0018642412032932043,-21.29367446899414,-34.67455291748047,45.5439567565918,61.073702929042625,799778610,1720698901
5.0,0,6.150798320770264,5.487593650817871,6.502751350402832,-0.03329002112150192,0.019441373646259308,-0.0013316008262336254,-22.340904235839844,-35.02479934692383,46.55604553222656,62.39645780784351,812778610,1720698901
5.0,0,5.0446600914001465,4.678341388702393,5.408584117889404,-0.009321206249296665,0.0031958422623574734,-0.0013316008262336254,-22.340904235839844,-35.02479934692383,46.55604553222656,62.39645780784351,824778610,1720698901
5.0,0,6.751751899719238,7.153984069824219,8.355891227722168,-0.015446570701897144,0.014114969410002232,-0.0037284824065864086,-21.29367446899414,-35.37504959106445,45.20659637451172,61.224595235328245,837778610,1720698901
5.0,0,6.117279052734375,6.3567023277282715,7.122859001159668,0.00719064474105835,-0.011185446754097939,-0.000266320159425959,-23.0390567779541,-33.2735595703125,46.55604553222656,61.68786979054861,849778610,1720698901
5.0,0,7.130041599273682,7.230599403381348,8.923325538635254,0.00719064474105835,-0.010386486537754536,-0.004261122550815344,-23.0390567779541,-33.2735595703125,46.55604553222656,61.68786979054861,862778610,1720698901
5.0,0,5.748566150665283,5.442103385925293,5.93292236328125,0.006924324203282595,-0.009321206249296665,-0.002396881580352783,-20.595521926879883,-34.67455291748047,45.88132095336914,61.08678871813294,874778610,1720698901
5.0,0,5.9927778244018555,5.97601842880249,7.49157190322876,0.011718087829649448,-0.01384864840656519,-0.0013316008262336254,-21.468212127685547,-34.84967803955078,44.7005500793457,60.60959799252711,887778610,1720698901
5.0,0,4.788476467132568,4.843544006347656,5.035082817077637,-0.007723285350948572,0.005592723377048969,-0.005592723377048969,-20.595521926879883,-35.37504959106445,46.55604553222656,61.99221751647228,899778610,1720698901
5.0,0,5.549844264984131,5.640825271606445,6.972021579742432,0.0143812894821167,-0.017310811206698418,-0.001065280637703836,-22.166366577148438,-34.84967803955078,46.724727630615234,62.362232471649456,912778610,1720698901
5.0,0,4.355119228363037,4.271320819854736,4.522716045379639,-0.015446570701897144,0.006391684524714947,-0.0018642412032932043,-20.420982360839844,-34.1491813659668,45.375274658203125,60.349802475689984,924778610,1720698901
5.0,0,6.110096454620361,5.983201026916504,7.4676289558410645,0.01145176775753498,-0.015712888911366463,-0.002663201652467251,-20.420982360839844,-34.84967803955078,45.71263885498047,61.00132728988731,937778610,1720698901
5.0,0,4.558629512786865,4.364696502685547,4.6543989181518555,-0.0143812894821167,0.007723285350948572,-0.002130561275407672,-21.119136810302734,-34.84967803955078,44.7005500793457,60.48683473673197,950778610,1720698901
5.0,0,5.731806755065918,6.035874843597412,7.271301746368408,0.013582328334450722,-0.015712888911366463,-0.0037284824065864086,-21.29367446899414,-33.974056243896484,45.5439567565918,60.67873653184646,962778610,1720698901
5.0,0,4.2401957511901855,4.280898094177246,4.443706035614014,-0.01864241249859333,0.004527443088591099,-0.0007989605655893683,-21.468212127685547,-34.84967803955078,46.05000305175781,61.61158148016131,975778610,1720698901
5.0,0,5.312814712524414,5.363093852996826,6.655982494354248,0.006924324203282595,-0.017044490203261375,-0.001065280637703836,-21.468212127685547,-34.84967803955078,46.05000305175781,61.61158148016131,987778610,1720698901
5.0,0,4.625668525695801,4.5011677742004395,4.692707061767578,-0.019974011927843094,0.010919126681983471,0.0,-20.77005958557129,-35.19992446899414,46.724727630615234,62.077614564078196,778610,1720698902
5.0,0,5.607305526733398,5.5306901931762695,6.852309703826904,0.013049688190221786,-0.012250727973878384,0.000266320159425959,-21.817289352416992,-34.84967803955078,46.724727630615234,62.23900984352671,12778610,1720698902
5.0,0,4.656793117523193,4.726226329803467,4.920159339904785,-0.018908733502030373,0.010652806609869003,-0.002130561275407672,-21.817289352416992,-34.84967803955078,46.724727630615234,62.23900984352671,25778610,1720698902
5.0,0,4.889034271240234,4.752562999725342,5.652796745300293,-0.011718087829649448,0.002396881580352783,-0.002130561275407672,-22.51544189453125,-35.550174713134766,46.05000305175781,62.380788925015395,37778610,1720698902
5.0,0,5.399007320404053,5.269718647003174,6.141221046447754,-0.03009418025612831,0.015979209914803505,0.000266320159425959,-21.468212127685547,-34.84967803955078,47.399452209472656,62.62660984899099,50778610,1720698902
5.0,0,5.712652206420898,5.770114421844482,6.787665367126465,-0.0013316008262336254,-0.006125363986939192,-0.0015979211311787367,-21.468212127685547,-35.19992446899414,46.724727630615234,62.31467713739177,62778610,1720698902
5.0,0,5.97601842880249,6.011932373046875,7.007935523986816,-0.01651185005903244,0.014913929626345634,0.002663201652467251,-22.166366577148438,-35.550174713134766,46.724727630615234,62.75637737730014,75778610,1720698902
5.0,0,6.60330867767334,6.311212062835693,7.259330749511719,0.012517048045992851,-0.010120166465640068,-0.0037284824065864086,-21.468212127685547,-35.550174713134766,45.03791427612305,61.262654010719444,87778610,1720698902
5.0,0,6.663165092468262,6.734992027282715,8.039852142333984,-0.003994802478700876,-0.0007989605655893683,-0.0018642412032932043,-21.119136810302734,-35.19992446899414,44.7005500793457,60.68930547988887,100778610,1720698902
5.0,0,5.56181526184082,5.770114421844482,6.452471733093262,0.013316008262336254,-0.012517048045992851,-0.0007989605655893683,-21.642751693725586,-34.32430648803711,45.5439567565918,60.99851402950134,112778610,1720698902
5.0,0,6.414164066314697,6.526693344116211,8.008727073669434,0.012783369049429893,-0.009321206249296665,-0.000532640318851918,-22.68998146057129,-33.623809814453125,44.869232177734375,60.48672450496073,125778610,1720698902
5.0,0,5.142823696136475,4.901005744934082,5.4037957191467285,0.006924324203282595,-0.005592723377048969,-0.0015979211311787367,-21.468212127685547,-33.79893112182617,46.38736343383789,61.278375984356956,137778610,1720698902
5.0,0,5.104515552520752,5.159583568572998,6.215442180633545,0.009054886177182198,-0.007723285350948572,-0.005859043914824724,-21.817289352416992,-35.19992446899414,45.375274658203125,61.432437259296094,150778610,1720698902
5.0,0,4.343148231506348,4.896217346191406,4.99916934967041,-0.01757713221013546,0.0143812894821167,0.0034621621016412973,-20.77005958557129,-34.499427795410156,44.7005500793457,60.1643172552884,162778610,1720698902
5.0,0,6.124461650848389,5.870672225952148,7.1060991287231445,-0.009587526321411133,0.008522245101630688,0.0007989605655893683,-21.468212127685547,-34.499427795410156,45.71263885498047,61.161589263653816,175778610,1720698902
5.0,0,5.535478591918945,5.10690975189209,6.339942932128906,-0.005060083232820034,-0.0018642412032932043,-0.004527443088591099,-21.119136810302734,-34.1491813659668,46.38736343383789,61.351218520261995,187778610,1720698902
5.0,0,5.375064849853516,5.657585144042969,6.512328147888184,-0.009321206249296665,0.000532640318851918,0.0,-21.817289352416992,-35.550174713134766,47.399452209472656,63.138871597293985,200778610,1720698902
5.0,0,5.873066425323486,5.808422088623047,6.7948479652404785,0.0018642412032932043,0.000532640318851918,0.0037284824065864086,-21.642751693725586,-35.02479934692383,45.20659637451172,61.14557732114853,212778610,1720698902
5.0,0,5.849123954772949,5.640825271606445,6.567395210266113,-0.004793763160705566,-0.0031958422623574734,-0.005859043914824724,-22.340904235839844,-33.974056243896484,46.893409729003906,62.067256873094095,225778610,1720698902
5.0,0,5.600122928619385,5.676738739013672,6.507539749145508,-0.0037284824065864086,-0.005592723377048969,-0.001065280637703836,-20.246444702148438,-35.37504959106445,46.893409729003906,62.1313490329935,237778610,1720698902
5.0,0,5.6623735427856445,5.592940330505371,6.459654808044434,-0.002929521957412362,0.004261122550815344,0.0018642412032932043,-21.9918270111084,-33.2735595703125,45.5439567565918,60.539426977895616,250778610,1720698902
5.0,0,5.736595153808594,5.475622653961182,6.6679534912109375,-0.002130561275407672,0.002396881580352783,-0.001065280637703836,-19.548290252685547,-34.67455291748047,44.53186798095703,59.72895058264275,262778610,1720698902
5.0,0,5.45646858215332,5.6623735427856445,6.54824161529541,0.002130561275407672,-0.005592723377048969,-0.000532640318851918,-21.817289352416992,-35.900421142578125,45.375274658203125,61.836477124824384,275778610,1720698902
5.0,0,5.552238464355469,5.774902820587158,6.481202602386475,-0.000266320159425959,-0.0007989605655893683,0.0031958422623574734,-21.9918270111084,-35.37504959106445,46.21868133544922,62.21897695433917,287778610,1720698902
5.0,0,5.899403095245361,5.671950340270996,6.612886428833008,-0.005592723377048969,-0.003994802478700876,-0.002663201652467251,-21.642751693725586,-34.67455291748047,46.21868133544922,61.70007962143337,300778610,1720698902
5.0,0,5.506748199462891,5.501959800720215,6.375855922698975,-0.005060083232820034,-0.0013316008262336254,-0.0018642412032932043,-22.166366577148438,-34.1491813659668,45.71263885498047,61.21404860229462,312778610,1720698902
5.0,0,5.703075408935547,5.786873817443848,6.720626354217529,-0.0034621621016412973,0.000266320159425959,-0.000266320159425959,-20.246444702148438,-36.4257926940918,46.893409729003906,62.73554632329541,325778610,1720698902
5.0,0,5.533084392547607,5.669556140899658,6.550635814666748,0.000266320159425959,-0.0034621621016412973,-0.002663201652467251,-21.642751693725586,-35.37504959106445,45.5439567565918,61.59589946979291,337778610,1720698902
5.0,0,5.6623735427856445,5.645613670349121,6.581760883331299,-0.0037284824065864086,-0.0013316008262336254,-0.002929521957412362,-22.340904235839844,-34.67455291748047,45.5439567565918,61.44666483340185,350778610,1720698902
5.0,0,5.796450614929199,5.693498611450195,6.581760883331299,-0.002130561275407672,-0.004793763160705566,-0.001065280637703836,-21.119136810302734,-36.60091781616211,45.375274658203125,62.004521406951504,362778610,1720698902
5.0,0,5.724623203277588,5.549844264984131,6.421347141265869,-0.0037284824065864086,-0.002663201652467251,-0.0018642412032932043,-21.468212127685547,-35.900421142578125,44.02582550048828,60.728886711129654,375778610,1720698902
5.0,0,5.691104412078857,5.738989353179932,6.629645824432373,-0.0034621621016412973,-0.000266320159425959,-0.0015979211311787367,-21.119136810302734,-34.84967803955078,46.38736343383789,61.74387002298765,387778610,1720698902
5.0,0,5.480411052703857,5.566603660583496,6.490779399871826,-0.003994802478700876,-0.002929521957412362,0.001065280637703836,-22.340904235839844,-35.72529602050781,45.5439567565918,62.0456668501047,400778610,1720698902
5.0,0,5.576180934906006,5.628854274749756,6.519510746002197,-0.005592723377048969,-0.006924324203282595,-0.0015979211311787367,-21.642751693725586,-34.67455291748047,45.20659637451172,60.94562885614875,413778610,1720698902
5.0,0,5.801239013671875,5.650402545928955,6.579366683959961,-0.0031958422623574734,-0.005859043914824724,0.001065280637703836,-20.944597244262695,-33.2735595703125,46.55604553222656,60.93661703608319,425778610,1720698902
5.0,0,5.669556140899658,5.473228454589844,6.459654808044434,-0.003994802478700876,-0.00719064474105835,-0.002663201652467251,-21.468212127685547,-34.84967803955078,46.38736343383789,61.86413886705782,438778610,1720698902
5.0,0,5.35830545425415,5.394218921661377,6.287269592285156,0.000532640318851918,-0.002396881580352783,-0.0031958422623574734,-20.420982360839844,-35.19992446899414,46.724727630615234,61.96169280579577,450778610,1720698902
5.0,0,13.06535816192627,7.850707054138184,7.503542900085449,-0.386430561542511,0.08229293674230576,-0.2620590329170227,-22.340904235839844,-36.07554626464844,46.21868133544922,62.74334661743473,463778610,1720698902
5.0,0,-1.213878870010376,-22.103607177734375,-16.862619400024414,-0.1725754737854004,0.04580707103013992,-0.6527507901191711,-20.77005958557129,-34.1491813659668,45.71263885498047,60.72237902322129,475778610,1720698902
5.0,0,32.54009246826172,6.5147223472595215,13.99671745300293,-0.211458221077919,0.08868461847305298,-1.122006893157959,-20.77005958557129,-34.1491813659668,45.71263885498047,60.72237902322129,488778610,1720698902
5.0,0,-3.244192600250244,-7.199474334716797,-9.517096519470215,-0.4098667502403259,0.27857089042663574,-1.3792721033096313,-19.024675369262695,-36.250667572021484,45.375274658203125,61.11435774538101,500778610,1720698902
5.0,0,16.388561248779297,8.413352966308594,8.719816207885742,-0.5171937942504883,0.2740434408187866,-1.6059106588363647,-19.897367477416992,-36.776039123535156,45.20659637451172,61.579368638491054,513778610,1720698902
5.0,0,6.509933948516846,8.087737083435059,6.691895961761475,-0.6306461691856384,0.2332964688539505,-1.6874045133590698,-18.675600051879883,-37.65166091918945,47.06208801269531,63.09727201223579,525778610,1720698902
5.0,0,6.80203104019165,8.173929214477539,8.638411521911621,-0.6173301339149475,0.1094575896859169,-1.6389343738555908,-17.279293060302734,-37.301414489746094,46.724727630615234,62.234794638970605,538778610,1720698902
5.0,0,5.691104412078857,2.420574903488159,4.1396379470825195,-0.7390384674072266,0.17470602691173553,-1.5883334875106812,-18.326522827148438,-38.00190734863281,44.363189697265625,61.22172001163999,550778610,1720698902
5.0,0,8.621651649475098,7.211445331573486,8.626440048217773,-0.658343493938446,0.11425135284662247,-1.6152318716049194,-15.882987022399902,-38.7024040222168,44.363189697265625,60.97735607558105,563778610,1720698902
5.0,0,1.3455618619918823,2.3152284622192383,2.683941125869751,-0.5478205680847168,0.1619226634502411,-1.5286777019500732,-15.882987022399902,-38.7024040222168,44.363189697265625,60.97735607558105,575778610,1720698902
5.0,0,6.277692794799805,6.7421746253967285,7.259330749511719,-0.5749852657318115,0.08974990248680115,-1.5025783777236938,-14.486680030822754,-40.80389404296875,43.35110092163086,61.271034090365106,588778610,1720698902
5.0,0,6.138826847076416,10.460427284240723,9.0621919631958,-0.6125363707542419,0.03648586571216583,-1.4953876733779907,-13.264911651611328,-39.92827224731445,43.18241882324219,60.29051418927041,600778610,1720698902
5.0,0,0.007182714529335499,5.7892680168151855,3.7206461429595947,-0.6381031274795532,0.07483596354722977,-1.409366250038147,-13.264911651611328,-39.92827224731445,43.18241882324219,60.29051418927041,613778610,1720698902
5.0,0,5.97601842880249,5.820393085479736,5.688709735870361,-0.6056120991706848,0.03089314140379429,-1.4290740489959717,-11.868605613708496,-41.67951202392578,42.845054626464844,60.94049743570431,625778610,1720698902
5.0,0,8.169140815734863,4.723832130432129,6.131644248962402,-0.5179927349090576,-0.025034096091985703,-1.4365310668945312,-11.170452117919922,-41.32926559448242,41.832969665527344,59.85720128885865,638778610,1720698902
5.0,0,5.104515552520752,6.19868278503418,6.854703903198242,-0.5571417808532715,0.03089314140379429,-1.4051052331924438,-11.170452117919922,-41.32926559448242,41.832969665527344,59.85720128885865,650778610,1720698902
5.0,0,7.776485919952393,5.959259033203125,8.286458015441895,-0.5558102130889893,-0.06205260008573532,-1.394452452659607,-10.123222351074219,-42.73025894165039,43.51978302001953,61.82496400402803,663778610,1720698902
5.0,0,3.9026083946228027,6.804425239562988,5.346334457397461,-0.5587397217750549,-0.07270540297031403,-1.388593316078186,-8.552377700805664,-43.25563049316406,42.67637634277344,61.363391622761654,675778610,1720698902
5.0,0,4.197099685668945,7.994361877441406,7.817187786102295,-0.514530599117279,-0.09640790522098541,-1.381136417388916,-7.330609321594238,-43.781002044677734,42.17033004760742,61.227858931911555,688778610,1720698902
5.0,0,5.719834804534912,6.756540298461914,6.047845840454102,-0.5542122721672058,-0.06391683965921402,-1.367820382118225,-6.4579176902771,-43.25563049316406,42.67637634277344,61.10668840647127,700778610,1720698902
5.0,0,4.936919212341309,7.474811553955078,6.854703903198242,-0.48070788383483887,-0.1238388791680336,-1.360363483428955,-7.505147457122803,-45.00687026977539,42.00164794921875,62.01680449913282,713778610,1720698902
5.0,0,3.8619062900543213,7.323974609375,7.259330749511719,-0.5028124451637268,-0.1563299298286438,-1.3670214414596558,-4.188919544219971,-43.08050537109375,41.832969665527344,60.195301652319316,725778610,1720698902
5.0,0,5.695892810821533,6.557818412780762,8.724604606628418,-0.5424941778182983,-0.14807401597499847,-1.3334650993347168,-4.188919544219971,-43.08050537109375,41.832969665527344,60.195301652319316,738778610,1720698902
5.0,0,4.089359283447266,7.216233730316162,6.086153507232666,-0.4841700792312622,-0.21651829779148102,-1.3417210578918457,-3.8398427963256836,-43.43075180053711,42.507694244384766,60.892353088334936,750778610,1720698902
5.0,0,6.967233180999756,3.4141836166381836,5.736595153808594,-0.48124057054519653,-0.1707112193107605,-1.321480631828308,-4.014381408691406,-43.95612335205078,41.32692337036133,60.46627682845099,763778610,1720698902
5.0,0,1.355138897895813,10.79322624206543,8.715027809143066,-0.40320873260498047,-0.173907071352005,-1.3489117622375488,-4.014381408691406,-43.95612335205078,41.32692337036133,60.46627682845099,775778610,1720698902
5.0,0,2.803652763366699,10.15635871887207,7.443686485290527,-0.46765822172164917,-0.236492320895195,-1.3068331480026245,-2.7926130294799805,-44.83174514770508,41.158241271972656,60.923598753874614,788778610,1720698902
5.0,0,3.89542555809021,4.381455898284912,6.301634788513184,-0.5097368359565735,-0.2508735954761505,-1.3129583597183228,-3.665304660797119,-46.057613372802734,41.66428756713867,62.21455670767304,800778610,1720698902
5.0,0,1.3383792638778687,6.76132869720459,6.888223648071289,-0.3816367983818054,-0.2615264058113098,-1.2985771894454956,0.5236149430274963,-44.656620025634766,42.00164794921875,61.30763667906794,813778610,1720698902
5.0,0,3.9648585319519043,5.806027889251709,5.930528163909912,-0.3928222358226776,-0.2833646535873413,-1.286592721939087,0.0,-45.53224182128906,41.49560546875,61.604142056281404,825778610,1720698902
5.0,0,4.211464881896973,9.507519721984863,8.679113388061523,-0.41439419984817505,-0.2775056064128876,-1.2871253490447998,-0.5236149430274963,-44.656620025634766,42.00164794921875,61.30763667906794,838778610,1720698902
5.0,0,-0.6632039546966553,5.5833635330200195,5.133246898651123,-0.40374138951301575,-0.27936986088752747,-1.2618249654769897,2.268998146057129,-46.057613372802734,41.66428756713867,62.14792804802598,850778610,1720698902
5.0,0,1.5035816431045532,5.849123954772949,7.041454792022705,-0.3611301779747009,-0.31479042768478394,-1.25809645652771,1.5708448886871338,-45.35711669921875,41.66428756713867,61.60883416692844,863778610,1720698902
5.0,0,3.9385221004486084,8.667141914367676,8.169140815734863,-0.29614803194999695,-0.3065345287322998,-1.286060094833374,2.967151403427124,-48.50934982299805,41.66428756713867,64.01463790554537,875562934,1720698902
5.0,0,-0.9074163436889648,5.3247857093811035,6.433318138122559,-0.3185189366340637,-0.31186091899871826,-1.2335950136184692,3.8398427963256836,-45.18199157714844,42.845054626464844,62.38473740846204,887562934,1720698902
5.0,0,1.9417272806167603,6.529087543487549,8.717421531677246,-0.3033386766910553,-0.36006486415863037,-1.2535691261291504,5.934302806854248,-45.88248825073242,41.49560546875,62.14743720460395,900562934,1720698902
5.0,0,1.716668725013733,5.995172023773193,7.070185661315918,-0.2820330560207367,-0.34009087085723877,-1.213887333869934,5.236149311065674,-45.53224182128906,41.832969665527344,62.05320020689545,912562934,1720698902
5.0,0,0.8810796737670898,7.419744491577148,7.074974060058594,-0.24847672879695892,-0.3464825451374054,-1.2365245819091797,5.585226058959961,-45.88248825073242,42.507694244384766,62.795712816898465,925562934,1720698902
5.0,0,-0.5722229480743408,4.728620529174805,6.406981468200684,-0.2769729793071747,-0.3776420056819916,-1.2029682397842407,6.806994438171387,-46.407859802246094,41.66428756713867,62.73705032262396,937562934,1720698902
5.0,0,3.0550482273101807,5.173948764801025,7.424532890319824,-0.18482619524002075,-0.38110417127609253,-1.2285349369049072,7.505147457122803,-47.4586067199707,43.013736724853516,64.48897686573278,950562934,1720698902
5.0,0,0.22745263576507568,7.702264308929443,8.207448959350586,-0.18003243207931519,-0.4016108214855194,-1.1981743574142456,8.203300476074219,-46.057613372802734,42.67637634277344,63.32354211546736,962562934,1720698902
5.0,0,-0.7182714939117432,8.896988868713379,8.011120796203613,-0.1976095587015152,-0.41252994537353516,-1.1829942464828491,8.901453971862793,-47.4586067199707,43.013736724853516,64.66634968551304,975562934,1720698902
5.0,0,-2.068621873855591,3.5745978355407715,6.366279125213623,-0.18402723968029022,-0.3627280592918396,-1.183526873588562,10.297760963439941,-47.4586067199707,42.00164794921875,64.20671042119436,987562934,1720698902
5.0,0,-0.27054890990257263,3.277712106704712,6.957656383514404,-0.1725754737854004,-0.40746986865997314,-1.1598243713378906,9.774145126342773,-45.88248825073242,41.832969665527344,62.85486450598983,562934,1720698903
5.0,0,-2.523527145385742,10.599291801452637,9.960031509399414,-0.04767131060361862,-0.40054553747177124,-1.2149525880813599,10.821375846862793,-47.63372802734375,40.483516693115234,63.442803727796885,12562934,1720698903
5.0,0,0.5674344897270203,6.725415229797363,9.282461166381836,-0.11718087643384933,-0.4010781943798065,-1.1560957431793213,10.64683723449707,-47.4586067199707,42.00164794921875,64.26362054342124,25562934,1720698903
5.0,0,-0.22745263576507568,3.818809986114502,7.2329936027526855,-0.0825592502951622,-0.43809667229652405,-1.1483726501464844,11.694067001342773,-47.10835647583008,42.67637634277344,64.63142850530079,37562934,1720698903
5.0,0,-1.1109265089035034,5.717440605163574,7.254541397094727,-0.021039292216300964,-0.4239816963672638,-1.1414482593536377,12.392220497131348,-48.15909957885742,43.013736724853516,65.7498862974746,50562934,1720698903
5.0,0,-0.9122047424316406,7.376648426055908,8.123650550842285,0.02902889810502529,-0.38003888726234436,-1.1699445247650146,13.613988876342773,-46.933231353759766,40.82088088989258,63.674274358311465,62562934,1720698903
5.0,0,1.714274525642395,5.621671676635742,7.575369834899902,-0.002663201652467251,-0.46925613284111023,-1.1260017156600952,13.613988876342773,-46.582984924316406,41.832969665527344,64.07271282395655,75562934,1720698903
5.0,0,0.5530690550804138,5.231410980224609,8.003938674926758,0.038882747292518616,-0.44608625769615173,-1.154764175415039,13.78852653503418,-47.10835647583008,42.67637634277344,65.04301508702726,87562934,1720698903
5.0,0,-1.4652738571166992,5.142823696136475,7.486782550811768,0.08176029473543167,-0.4040077030658722,-1.1382523775100708,16.057525634765625,-46.582984924316406,41.832969665527344,64.63602683494071,100562934,1720698903
5.0,0,0.03112509660422802,6.871463298797607,8.092525482177734,0.057258836925029755,-0.42691123485565186,-1.111354112625122,17.279293060302734,-44.656620025634766,42.67637634277344,64.14094463389031,112562934,1720698903
5.0,0,-1.0175511837005615,6.059816837310791,7.970418930053711,0.14274761080741882,-0.4183889925479889,-1.1515684127807617,17.802907943725586,-47.63372802734375,41.49560546875,65.63383921616864,125562934,1720698903
5.0,0,-0.5889825820922852,4.23540735244751,7.161166667938232,0.12517046928405762,-0.3989476263523102,-1.1318607330322266,17.62837028503418,-47.10835647583008,40.98956298828125,64.88529080408313,137562934,1720698903
5.0,0,0.2154814451932907,10.151569366455078,8.583344459533691,0.16751539707183838,-0.4135952293872833,-1.1382523775100708,16.755678176879883,-46.933231353759766,42.507694244384766,65.50103072812526,150562934,1720698903
5.0,0,-1.3742928504943848,5.688709735870361,8.233785629272461,0.18855468928813934,-0.41199731826782227,-1.1339912414550781,18.85013771057129,-45.53224182128906,43.51978302001953,65.74560252282602,162562934,1720698903
5.0,0,0.1795678734779358,5.226621627807617,6.895406246185303,0.18003243207931519,-0.4109320044517517,-1.080727219581604,20.246444702148438,-47.28348159790039,43.85714340209961,67.59508253185633,175562934,1720698903
5.0,0,1.7980729341506958,6.4548659324646,8.372651100158691,0.2777719497680664,-0.3720493018627167,-1.140383005142212,19.548290252685547,-46.933231353759766,42.845054626464844,66.48731129361103,187562934,1720698903
5.0,0,0.8882623910903931,7.077368259429932,6.339942932128906,0.24927568435668945,-0.41199731826782227,-1.0905810594558716,21.29367446899414,-46.23273849487305,43.18241882324219,66.75034064746569,200562934,1720698903
5.0,0,-0.6991175413131714,6.938502311706543,8.456449508666992,0.2500746250152588,-0.36006486415863037,-1.0820589065551758,21.9918270111084,-45.88248825073242,43.51978302001953,66.95382511458696,212562934,1720698903
5.0,0,-2.214670419692993,4.0869646072387695,6.29445219039917,0.26498857140541077,-0.342754065990448,-1.111886739730835,21.817289352416992,-44.306373596191406,44.363189697265625,66.38630473258735,225562934,1720698903
5.0,0,-0.7086945176124573,6.09333610534668,7.055819988250732,0.30866506695747375,-0.35234156250953674,-1.1401166915893555,21.817289352416992,-44.306373596191406,44.363189697265625,66.38630473258735,237562934,1720698903
5.0,0,-1.237821102142334,6.634434223175049,7.635225772857666,0.32597586512565613,-0.32730749249458313,-1.100967526435852,23.562671661376953,-46.057613372802734,45.03791427612305,68.59239730293615,250562934,1720698903
5.0,0,1.9441214799880981,8.671930313110352,7.051031589508057,0.36858710646629333,-0.3326338827610016,-1.1097561120986938,24.260826110839844,-44.306373596191406,45.71263885498047,68.12699740860128,262562934,1720698903
5.0,0,3.6727614402770996,8.248150825500488,6.816396236419678,0.41199731826782227,-0.3451509475708008,-1.0690091848373413,23.21359634399414,-43.95612335205078,45.375274658203125,67.30473523958008,275562934,1720698903
5.0,0,-0.10295224189758301,7.874650001525879,8.413352966308594,0.41252994537353516,-0.27430975437164307,-1.1049623489379883,24.9589786529541,-44.656620025634766,44.02582550048828,67.49398223924847,287562934,1720698903
5.0,0,-1.7597651481628418,9.691876411437988,8.669536590576172,0.44368940591812134,-0.26365697383880615,-1.0980380773544312,26.180747985839844,-42.73025894165039,45.5439567565918,67.71675266405539,300562934,1720698903
5.0,0,-0.019153906032443047,6.299240589141846,7.098916053771973,0.42371538281440735,-0.2902889847755432,-1.059954285621643,24.9589786529541,-42.90538024902344,46.38736343383789,67.93827901893651,312562934,1720698903
5.0,0,-0.3591357469558716,5.980806827545166,7.984784126281738,0.45807069540023804,-0.20213700830936432,-1.1108214855194092,28.449745178222656,-43.60587692260742,44.7005500793457,68.6221515277063,325562934,1720698903
5.0,0,-0.6009538173675537,5.133246898651123,8.094919204711914,0.4559401273727417,-0.19734324514865875,-1.104163408279419,28.10066795349121,-43.60587692260742,45.375274658203125,68.92050197096162,337562934,1720698903
5.0,0,0.5075784921646118,10.410147666931152,7.561004161834717,0.47697943449020386,-0.22850270569324493,-1.0583564043045044,25.8316707611084,-42.73025894165039,45.5439567565918,67.58255870102211,350562934,1720698903
5.0,0,1.2306383848190308,5.080573558807373,5.628854274749756,0.4759141504764557,-0.15206880867481232,-1.0852546691894531,25.8316707611084,-42.73025894165039,45.5439567565918,67.58255870102211,363562934,1720698903
5.0,0,-0.3184336721897125,5.652796745300293,8.217025756835938,0.5014808773994446,-0.13236112892627716,-1.1020328998565674,32.98773956298828,-41.15414047241211,48.07417678833008,71.36512252756374,375562934,1720698903
5.0,0,-1.8986308574676514,10.288041114807129,8.477997779846191,0.5672619342803955,-0.0950763002038002,-1.1273332834243774,30.02058982849121,-40.62876892089844,45.5439567565918,68.0160618877966,388562934,1720698903
5.0,0,-1.2545808553695679,6.502751350402832,8.384622573852539,0.5384994149208069,-0.10359854996204376,-1.0469045639038086,30.02058982849121,-40.62876892089844,45.5439567565918,68.0160618877966,400562934,1720698903
5.0,0,-0.08379834145307541,8.387016296386719,7.838736057281494,0.5571417808532715,-0.08415716886520386,-1.0956411361694336,33.16228103637695,-41.67951202392578,49.254947662353516,72.54631951594378,413562934,1720698903
5.0,0,0.9672722220420837,9.066980361938477,6.351913928985596,0.5883012413978577,-0.07030852884054184,-1.062617540359497,32.813201904296875,-41.32926559448242,48.24285888671875,71.49956536479979,425562934,1720698903
5.0,0,-3.327991247177124,8.489969253540039,7.8052167892456055,0.591763436794281,-0.013582328334450722,-1.1350566148757935,32.813201904296875,-39.92827224731445,48.24285888671875,70.69898568884615,438562934,1720698903
5.0,0,1.2330327033996582,5.808422088623047,6.299240589141846,0.5587397217750549,-0.02902889810502529,-1.0825915336608887,36.30397033691406,-39.22777557373047,50.9417610168457,73.836709394338,450562934,1720698903
5.0,0,-6.495568752288818,15.52663516998291,30.382883071899414,0.5637997984886169,0.4295744299888611,-1.062617540359497,33.33681869506836,-39.40290069580078,48.41154098510742,70.76446399502883,463562934,1720698903
5.0,0,30.059659957885742,8.68150806427002,14.279236793518066,0.09534262120723724,-0.44688525795936584,-0.1368885636329651,34.03497314453125,-38.00190734863281,50.77307891845703,71.97520338243513,475562934,1720698903
5.0,0,-20.35820770263672,39.22600173950195,21.75883674621582,0.5637997984886169,0.2063981294631958,-0.6586098074913025,34.03497314453125,-38.00190734863281,50.77307891845703,71.97520338243513,488562934,1720698903
5.0,0,28.086807250976562,-17.21457290649414,7.300032615661621,-0.24874304234981537,-0.21784991025924683,0.35793429613113403,37.00212097167969,-37.12628936767578,49.92967224121094,72.39123212606596,500562934,1720698903
5.0,0,-22.704561233520508,28.2735595703125,12.809174537658691,0.0575251579284668,0.02077297307550907,-0.21784991025924683,35.25674057006836,-38.52728271484375,50.60439682006836,72.71997144208423,513562934,1720698903
5.0,0,12.983953475952148,1.8363807201385498,2.248189687728882,-0.08868461847305298,-0.037817467004060745,0.19095155596733093,35.25674057006836,-38.52728271484375,50.60439682006836,72.71997144208423,525562934,1720698903
5.0,0,-5.832364082336426,12.754106521606445,8.588132858276367,-0.02769729681313038,0.038616426289081573,0.06604740023612976,38.39842987060547,-37.47653579711914,48.91758346557617,72.60757621620604,538562934,1720698903
5.0,0,1.0438878536224365,2.990403413772583,5.300843238830566,-0.04527442902326584,-0.019175052642822266,0.08202660828828812,35.78035354614258,-38.7024040222168,50.09835433959961,72.71832564437894,550562934,1720698903
5.0,0,7.728600978851318,14.106851577758789,8.609681129455566,-0.058324117213487625,0.053264033049345016,0.06551475822925568,35.25674057006836,-38.177032470703125,50.267032623291016,72.30005624233793,563562934,1720698903
5.0,0,-0.7446081042289734,5.437314987182617,39.22600173950195,-0.3504773676395416,-0.33050331473350525,0.48337113857269287,36.653045654296875,-37.47653579711914,49.92967224121094,72.3941203496767,575562934,1720698903
5.0,0,15.620010375976562,7.539456367492676,11.051803588867188,-0.5930950045585632,-0.9318543076515198,0.6642025113105774,36.30397033691406,-38.177032470703125,50.60439682006836,73.04977103328662,588562934,1720698903
5.0,0,1.4628795385360718,10.21381950378418,9.675116539001465,-0.56060391664505,-0.8658068180084229,0.694296658039093,35.08220291137695,-38.35215759277344,49.42362594604492,71.72408071763986,600562934,1720698903
5.0,0,0.5961652994155884,2.5666234493255615,11.370237350463867,-0.7454301714897156,-0.9398438334465027,0.8335821032524109,33.68589401245117,-38.7024040222168,47.399452209472656,69.852155315889,613562934,1720698903
5.0,0,-5.968835830688477,13.426887512207031,8.451661109924316,-0.6871060132980347,-0.9627474546432495,0.762740969657898,34.03497314453125,-39.05265426635742,47.06208801269531,69.9880656277289,625562934,1720698903
5.0,0,1.316831111907959,2.090169906616211,8.339132308959961,-0.8698016405105591,-0.9315879940986633,0.9086844325065613,33.68589401245117,-40.453643798828125,48.07417678833008,71.2906952266295,638562934,1720698903
5.0,0,-3.299260139465332,7.596917629241943,8.966422080993652,-0.7875087261199951,-0.9294573664665222,0.8136081099510193,34.209510803222656,-39.578025817871094,47.905494689941406,70.93410448101733,650562934,1720698903
5.0,0,3.2825005054473877,8.722209930419922,6.280086994171143,-0.772861123085022,-0.9395775198936462,0.7776548862457275,31.765974044799805,-40.9790153503418,46.55604553222656,69.6837296769999,663562934,1720698903
5.0,0,0.42856863141059875,9.84271240234375,4.869880676269531,-0.83810955286026,-0.821597695350647,0.7720621824264526,27.402515411376953,-42.20488357543945,43.68846130371094,66.63956557161067,675562934,1720698903
5.0,0,-0.1316830962896347,6.007143974304199,9.153172492980957,-0.8181356191635132,-0.8074827790260315,0.7699315547943115,29.846052169799805,-42.55513381958008,44.02582550048828,68.11754220114099,688562934,1720698903
5.0,0,-3.787684917449951,5.8156046867370605,9.107682228088379,-0.8346474170684814,-0.8109449148178101,0.7488923668861389,31.765974044799805,-43.08050537109375,45.88132095336914,70.49895504523313,700562934,1720698903
5.0,0,-1.6831494569778442,4.338359355926514,8.738969802856445,-0.8783239126205444,-0.7568818926811218,0.7390384674072266,29.147897720336914,-42.90538024902344,43.68846130371094,67.81705719739216,713562934,1720698903
5.0,0,-1.8579288721084595,6.837944030761719,7.532273769378662,-0.9001621603965759,-0.7467617392539978,0.7148033380508423,28.973360061645508,-42.73025894165039,43.85714340209961,67.74053180980039,725562934,1720698903
5.0,0,2.3008627891540527,5.245776176452637,6.737386226654053,-0.8982979655265808,-0.7523544430732727,0.6761869192123413,27.227977752685547,-43.43075180053711,41.832969665527344,66.16336089934917,738562934,1720698903
5.0,0,1.692726492881775,9.782856941223145,8.250544548034668,-0.8921725153923035,-0.7265214323997498,0.6799154281616211,28.27520751953125,-42.73025894165039,42.507694244384766,66.57526912801143,750562934,1720698903
5.0,0,3.0813846588134766,1.601745367050171,5.717440605163574,-0.9371806979179382,-0.7193307876586914,0.6745890378952026,27.7515926361084,-42.55513381958008,39.977474212646484,64.64741876259012,763562934,1720698903
5.0,0,-3.4764339923858643,5.075784683227539,8.640806198120117,-0.9073528051376343,-0.5986877083778381,0.6466253399848938,26.006208419799805,-42.90538024902344,42.339012145996094,65.64896404503396,775562934,1720698903
5.0,0,-1.6592071056365967,6.124461650848389,9.960031509399414,-0.9225330352783203,-0.5976224541664124,0.6665993928909302,23.0390567779541,-42.380008697509766,40.82088088989258,63.191831679779575,788562934,1720698903
5.0,0,-2.8443548679351807,8.801219940185547,11.33432388305664,-0.9235983490943909,-0.5427604913711548,0.6114711165428162,24.086286544799805,-40.9790153503418,39.80879211425781,62.00136150277628,800562934,1720698903
5.0,0,2.6408448219299316,10.235368728637695,9.074163436889648,-0.9297237396240234,-0.6013509631156921,0.6420979499816895,23.0390567779541,-42.380008697509766,38.79670333862305,61.9035335369793,813562934,1720698903
5.0,0,0.859531581401825,6.481202602386475,7.151589870452881,-0.9598178863525391,-0.5478205680847168,0.5930950045585632,24.43536376953125,-43.43075180053711,38.121978759765625,62.742349884820214,825562934,1720698903
5.0,0,0.06464443355798721,1.467668056488037,7.912957668304443,-1.0176093578338623,-0.5313087701797485,0.5805779695510864,22.68998146057129,-43.43075180053711,38.45934295654297,62.291143201019494,838562934,1720698903
5.0,0,-3.0047690868377686,1.3742928504943848,7.829158782958984,-0.986982524394989,-0.4873659014701843,0.5446247458457947,21.9918270111084,-41.67951202392578,38.45934295654297,60.82715872443889,850562934,1720698903
5.0,0,-2.0805928707122803,2.375084400177002,7.486782550811768,-1.0293275117874146,-0.4639297425746918,0.5757842063903809,21.9918270111084,-41.67951202392578,38.45934295654297,60.82715872443889,863562934,1720698903
5.0,0,0.42138591408729553,5.511536598205566,8.76530647277832,-0.9944395422935486,-0.4117310047149658,0.5731210112571716,21.817289352416992,-41.15414047241211,36.60384750366211,59.241025014608475,875562934,1720698903
5.0,0,5.542661666870117,9.639203071594238,8.664748191833496,-0.9502303600311279,-0.4498147666454315,0.5808442831039429,20.07190704345703,-42.90538024902344,34.91703414916992,58.84685531486597,888562934,1720698903
5.0,0,4.438917636871338,10.697457313537598,9.48836612701416,-0.9137444496154785,-0.4279765188694,0.5422278642654419,21.642751693725586,-41.67951202392578,34.74835205078125,58.421215270429535,901562934,1720698903
5.0,0,2.813230037689209,8.865863800048828,10.4005708694458,-0.981922447681427,-0.3882948160171509,0.5789800882339478,21.119136810302734,-41.854637145996094,34.2423095703125,58.05483920350133,913562934,1720698903
5.0,0,-1.6663898229599,2.9042110443115234,8.8945951461792,-1.0237348079681396,-0.3185189366340637,0.5147969126701355,19.548290252685547,-41.67951202392578,33.736263275146484,57.07409950341584,926562934,1720698903
5.0,0,-5.796450614929199,0.18196210265159607,9.926511764526367,-1.0924453735351562,-0.25540104508399963,0.5390320420265198,20.595521926879883,-41.67951202392578,32.724178314208984,56.85269643854467,938562934,1720698903
5.0,0,-1.8268038034439087,-0.9026277661323547,7.309609413146973,-1.1012338399887085,-0.23675863444805145,0.5001492500305176,20.595521926879883,-41.67951202392578,32.724178314208984,56.85269643854467,951562934,1720698903
5.0,0,0.02633661963045597,6.778088569641113,9.378231048583984,-1.0234684944152832,-0.2207794189453125,0.49615445733070374,19.548290252685547,-42.73025894165039,33.398902893066406,57.64978226744845,963562934,1720698903
5.0,0,9.007123947143555,5.727018356323242,5.628854274749756,-1.0130819082260132,-0.2889573574066162,0.48203951120376587,17.977445602416992,-39.40290069580078,32.55549621582031,54.18152330351455,976562934,1720698903
5.0,0,5.284083843231201,8.078160285949707,10.580138206481934,-0.9670085906982422,-0.24048711359500885,0.49136069416999817,17.977445602416992,-39.40290069580078,32.55549621582031,54.18152330351455,988562934,1720698903
5.0,0,1.5849857330322266,1.0343109369277954,7.786062717437744,-1.047170877456665,-0.19734324514865875,0.4878985583782196,16.23206329345703,-41.504390716552734,32.21813201904297,54.99183901554435,1562934,1720698904
5.0,0,-1.3982350826263428,4.6017255783081055,11.224187850952148,-1.0165441036224365,-0.13742120563983917,0.46819087862968445,17.104755401611328,-40.9790153503418,30.02527618408203,53.60382044558862,13562934,1720698904
5.0,0,5.0662078857421875,4.082176208496094,6.4093756675720215,-1.0532962083816528,-0.12730103731155396,0.4804415702819824,16.057525634765625,-40.27852249145508,29.687911987304688,52.55069573061576,26562934,1720698904
5.0,0,0.39265507459640503,7.017512321472168,10.709427833557129,-1.0138808488845825,-0.04101330414414406,0.4346345067024231,15.359371185302734,-39.92827224731445,30.362638473510742,52.46014699690313,38562934,1720698904
5.0,0,3.2657408714294434,4.589754581451416,7.936899662017822,-1.0485024452209473,-0.08548877388238907,0.4466189444065094,13.78852653503418,-38.7024040222168,29.51923179626465,50.59036061294529,51562934,1720698904
5.0,0,0.5099727511405945,3.0622308254241943,9.311192512512207,-0.9755308032035828,-0.051932431757450104,0.4021434485912323,14.137603759765625,-39.05265426635742,30.19395637512207,51.34838504664541,63562934,1720698904
5.0,0,-3.3184142112731934,3.507559061050415,8.968816757202148,-1.0279959440231323,0.04926923289895058,0.39948025345802307,13.78852653503418,-37.301414489746094,27.49505615234375,48.34766902099539,76562934,1720698904
5.0,0,-1.2952828407287598,3.2370100021362305,10.12523365020752,-1.0149462223052979,0.04341018572449684,0.4207858741283417,14.835756301879883,-38.00190734863281,27.83241844177246,49.385100420073634,88562934,1720698904
5.0,0,-0.17238515615463257,2.8515377044677734,9.004730224609375,-1.0389150381088257,0.07137380540370941,0.4253133237361908,15.359371185302734,-37.12628936767578,28.675825119018555,49.36167128123641,101562934,1720698904
5.0,0,5.367882251739502,6.916954517364502,10.963216781616211,-0.9632800817489624,0.05992203950881958,0.3827020823955536,15.359371185302734,-37.12628936767578,28.675825119018555,49.36167128123641,113562934,1720698904
5.0,0,6.359096527099609,5.547450065612793,8.382227897644043,-0.9667422771453857,0.05805779621005058,0.4021434485912323,14.137603759765625,-36.60091781616211,27.15769386291504,47.718333594179555,126562934,1720698904
5.0,0,6.861886501312256,4.652004718780518,10.18030071258545,-0.9355827569961548,0.10546278208494186,0.3672555088996887,13.264911651611328,-36.776039123535156,25.63956069946289,46.752775399994,138562934,1720698904
5.0,0,1.6472358703613281,5.631248474121094,10.702245712280273,-0.933185875415802,0.15180249512195587,0.3901590406894684,13.264911651611328,-36.776039123535156,25.63956069946289,46.752775399994,151562934,1720698904
5.0,0,1.4987930059432983,3.91697359085083,10.393388748168945,-0.9587526321411133,0.20693077147006989,0.3368949890136719,13.78852653503418,-35.19992446899414,27.15769386291504,46.547808569062056,163562934,1720698904
5.0,0,-1.0462820529937744,5.454074382781982,10.21142578125,-0.9326532483100891,0.21598565578460693,0.356336385011673,13.43945026397705,-34.67455291748047,25.808242797851562,45.26597883331281,176562934,1720698904
5.0,0,-0.18675057590007782,1.7717362642288208,9.308797836303711,-0.9427734017372131,0.24741144478321075,0.3246442973613739,14.486680030822754,-34.499427795410156,25.47088050842285,45.264115703286556,188562934,1720698904
5.0,0,-2.3894498348236084,3.7733194828033447,11.027861595153809,-0.9068201780319214,0.2740434408187866,0.3371613621711731,11.694067001342773,-33.09843826293945,24.796154022216797,42.97798358195748,201562934,1720698904
5.0,0,0.11731767654418945,0.45729950070381165,8.353497505187988,-0.9334521889686584,0.29428377747535706,0.31985053420066833,13.963065147399902,-33.2735595703125,24.290111541748047,43.498350238833545,213562934,1720698904
5.0,0,2.3152284622192383,5.559421062469482,10.805196762084961,-0.860214114189148,0.2596621513366699,0.3163883686065674,10.9959135055542,-32.047691345214844,22.434616088867188,40.63590325604497,226562934,1720698904
5.0,0,6.30402946472168,1.7382169961929321,8.863470077514648,-0.8751280903816223,0.3185189366340637,0.32491061091423035,10.9959135055542,-32.047691345214844,22.434616088867188,40.63590325604497,238562934,1720698904
5.0,0,5.461257457733154,5.475622653961182,10.470004081726074,-0.8178691864013672,0.3251769244670868,0.28363096714019775,11.868605613708496,-32.57306671142578,22.265933990478516,41.202430640304385,251562934,1720698904
5.0,0,0.7972812652587891,1.6185050010681152,11.051803588867188,-0.8524908423423767,0.4016108214855194,0.3097303509712219,13.264911651611328,-32.57306671142578,22.94066047668457,41.99090924496117,263562934,1720698904
5.0,0,-0.6703867316246033,1.611322283744812,10.381417274475098,-0.8245272636413574,0.4383630156517029,0.27164655923843384,12.741296768188477,-32.74818801879883,21.422527313232422,41.15469764602625,276562934,1720698904
5.0,0,-1.9106022119522095,2.679152727127075,10.671119689941406,-0.7973626255989075,0.4855016767978668,0.2775056064128876,13.090373992919922,-30.29645347595215,22.434616088867188,39.90670349139234,288562934,1720698904
5.0,0,1.9632753133773804,3.9911949634552,10.163541793823242,-0.7877750992774963,0.47804468870162964,0.26099374890327454,12.217681884765625,-30.82182502746582,21.928571701049805,39.75070949692761,301562934,1720698904
5.0,0,-1.1372631788253784,3.433337450027466,10.084531784057617,-0.7720621824264526,0.46739187836647034,0.26738545298576355,11.868605613708496,-30.121328353881836,20.579120635986328,38.36220049953596,313562934,1720698904
5.0,0,-0.5315209031105042,0.2154814451932907,9.667933464050293,-0.770464301109314,0.5105357766151428,0.24821040034294128,12.043143272399902,-29.595956802368164,20.747802734375,38.09762823630537,326562934,1720698904
5.0,0,-2.9592783451080322,2.988009214401245,10.232975006103516,-0.7156022787094116,0.509470522403717,0.262591689825058,13.090373992919922,-29.245708465576172,19.735713958740234,37.63200446945661,339562934,1720698904
5.0,0,1.5299183130264282,1.0055800676345825,10.556196212768555,-0.6996230483055115,0.5337056517601013,0.2295679748058319,11.694067001342773,-29.595956802368164,20.073078155517578,37.6244644974125,351562934,1720698904
5.0,0,7.807610988616943,3.536289930343628,10.158753395080566,-0.6543486714363098,0.5126663446426392,0.24528087675571442,11.868605613708496,-29.420833587646484,20.241758346557617,37.63214090596196,364562934,1720698904
5.0,0,4.927342414855957,2.114112377166748,10.493946075439453,-0.660740315914154,0.5552775859832764,0.22424158453941345,13.264911651611328,-27.669591903686523,19.904396057128906,36.575253651077496,376562934,1720698904
5.0,0,4.776504993438721,4.994380950927734,10.515494346618652,-0.6389020681381226,0.5480868816375732,0.24874304234981537,13.090373992919922,-27.844717025756836,19.735713958740234,36.553858387045835,389562934,1720698904
5.0,0,-0.37350115180015564,0.04549052566289902,9.871444702148438,-0.6503538489341736,0.6258523464202881,0.19867484271526337,14.312141418457031,-26.969097137451172,19.567033767700195,36.26345823080736,401562934,1720698904
5.0,0,-3.8595120906829834,1.0343109369277954,10.15635871887207,-0.6114711165428162,0.6737899780273438,0.23915551602840424,13.78852653503418,-26.4437255859375,19.060989379882812,35.39371982445067,414562934,1720698904
5.0,0,-1.5778030157089233,1.7597651481628418,9.337529182434082,-0.612003743648529,0.6940303444862366,0.18189668655395508,13.78852653503418,-26.093477249145508,18.7236270904541,34.95092603038441,426562934,1720698904
5.0,0,0.6225019693374634,2.5929598808288574,10.007916450500488,-0.5377004146575928,0.6751216650009155,0.21731725335121155,14.486680030822754,-25.392980575561523,18.38626480102539,34.53580886789404,439562934,1720698904
5.0,0,6.576972484588623,1.975246548652649,9.225000381469727,-0.5555438995361328,0.640500009059906,0.1952126920223236,14.661218643188477,-26.268600463867188,19.567033767700195,35.886759576478624,451562934,1720698904
5.0,0,0.2849143445491791,-0.019153906032443047,9.974396705627441,-0.503078818321228,0.65062016248703,0.1914842128753662,16.23206329345703,-25.04273223876953,17.711538314819336,34.703269388096786,464562934,1720698904
5.0,0,1.5873799324035645,0.4333571195602417,9.847502708435059,-0.4873659014701843,0.6791164875030518,0.19627796113491058,14.486680030822754,-26.4437255859375,18.7236270904541,35.492375696791434,476562934,1720698904
5.0,0,-0.06225019320845604,-1.6951206922531128,8.875441551208496,-0.46179917454719543,0.7278530597686768,0.18189668655395508,16.057525634765625,-23.466615676879883,18.55494499206543,33.95308770194713,489562934,1720698904
5.0,0,-0.4692707061767578,1.9800350666046143,10.381417274475098,-0.43809667229652405,0.7534197568893433,0.21465405821800232,15.70844841003418,-25.918352127075195,17.205495834350586,34.85032876946248,501562934,1720698904
5.0,0,2.834778070449829,3.433337450027466,9.445270538330078,-0.387762188911438,0.7446312308311462,0.15473201870918274,14.835756301879883,-23.291492462158203,17.711538314819336,32.8068876250225,514562934,1720698904
5.0,0,-2.008765935897827,3.0837788581848145,10.34789752960205,-0.3933548927307129,0.7883077263832092,0.18482619524002075,16.23206329345703,-23.641740798950195,18.7236270904541,34.248883167045435,526562934,1720698904
5.0,0,2.681546926498413,0.9433298707008362,8.937690734863281,-0.3664565682411194,0.7390384674072266,0.1619226634502411,16.581140518188477,-24.34223747253418,17.374176025390625,34.19562455365331,539562934,1720698904
5.0,0,-4.515533447265625,1.4102063179016113,10.941668510437012,-0.331302285194397,0.7654041647911072,0.16991227865219116,17.279293060302734,-23.291492462158203,18.04890251159668,34.15890032849008,551562934,1720698904
5.0,0,-1.652024269104004,-0.7493965029716492,9.950454711914062,-0.31612205505371094,0.8170702457427979,0.16991227865219116,16.93021583557129,-24.34223747253418,18.04890251159668,34.71224013631787,564562934,1720698904
5.0,0,-0.6033480167388916,0.7517908215522766,10.754918098449707,-0.2894900441169739,0.7733937501907349,0.16724906861782074,17.62837028503418,-23.641740798950195,16.362089157104492,33.725499380973716,576562934,1720698904
5.0,0,0.04788476601243019,-0.3495587706565857,9.442874908447266,-0.2671191394329071,0.8223966360092163,0.168846994638443,16.406600952148438,-24.167112350463867,16.868131637573242,33.73069431697902,589562934,1720698904
5.0,0,6.7469635009765625,2.2601609230041504,11.137995719909668,-0.2370249480009079,0.7278530597686768,0.12357256561517715,17.45383071899414,-22.76612091064453,17.542858123779297,33.62565001953775,601562934,1720698904
5.0,0,-0.9098105430603027,-1.8675057888031006,9.581741333007812,-0.23436175286769867,0.8186682462692261,0.14780768752098083,18.326522827148438,-22.94124412536621,16.699451446533203,33.77919181343394,614562934,1720698904
5.0,0,0.33279910683631897,1.7597651481628418,10.098896980285645,-0.17843452095985413,0.814140796661377,0.1395517736673355,19.024675369262695,-22.94124412536621,17.036813735961914,34.32917093667339,626562934,1720698904
5.0,0,-6.208259582519531,0.8403776288032532,8.92572021484375,-0.15553098917007446,0.860214114189148,0.1131860762834549,19.199214935302734,-22.065624237060547,16.19340705871582,33.43244022311821,639562934,1720698904
5.0,0,1.4365429878234863,2.4397287368774414,10.999131202697754,-0.09960374981164932,0.833049476146698,0.08788565546274185,17.977445602416992,-22.59099578857422,18.04890251159668,34.048561246848024,651562934,1720698904
5.0,0,13.76447582244873,-4.307234764099121,-2.217064619064331,-0.22930166125297546,0.613335371017456,0.0,20.944597244262695,-22.76612091064453,15.85604476928711,34.761855111143014,664562934,1720698904
5.0,0,-5.00874662399292,18.0621337890625,10.999131202697754,0.2657875418663025,0.38802850246429443,-0.1382201611995697,20.246444702148438,-22.41587257385254,15.85604476928711,34.11457198984015,676562934,1720698904
5.0,0,29.798688888549805,-23.662256240844727,3.4189720153808594,-0.1395517736673355,0.5249170660972595,0.23729127645492554,20.595521926879883,-23.466615676879883,15.85604476928711,35.01816286575599,689562934,1720698904
5.0,0,26.983064651489258,24.14110565185547,16.484329223632812,0.13236112892627716,-0.05432931333780289,0.12676839530467987,20.595521926879883,-23.466615676879883,15.85604476928711,35.01816286575599,701562934,1720698904
5.0,0,-12.476375579833984,-11.406150817871094,7.007935523986816,-0.08229293674230576,0.17923347651958466,0.2577979266643524,20.595521926879883,-22.065624237060547,17.880220413208008,35.08232572730383,714562934,1720698904
5.0,0,-8.260122299194336,9.136412620544434,9.80919361114502,-0.04554075002670288,0.006658004131168127,0.017044490203261375,21.29367446899414,-22.41587257385254,17.880220413208008,35.71546160507501,726562934,1720698904
5.0,0,-6.232202529907227,0.289702832698822,11.159544944763184,0.051133476197719574,-0.08602141588926315,-0.0769665315747261,20.246444702148438,-22.41587257385254,18.21758270263672,35.274214177664646,739562934,1720698904
5.0,0,-1.534706711769104,-1.3096483945846558,9.335135459899902,-0.026632016524672508,-0.1075933501124382,-0.07909709215164185,19.722829818725586,-22.24074935913086,16.362089157104492,33.9316800306016,751562934,1720698904
5.0,0,14.793997764587402,6.4548659324646,13.486743927001953,-0.04048066586256027,0.050068192183971405,0.02689833752810955,19.722829818725586,-21.540252685546875,16.362089157104492,33.4767152421001,764562934,1720698904
5.0,0,-39.22719955444336,-10.134810447692871,1.4365429878234863,-0.39069169759750366,0.3965507447719574,0.17337442934513092,19.897367477416992,-23.816864013671875,17.880220413208008,35.816902797450396,777562934,1720698904
5.0,0,-31.05327033996582,22.92962074279785,11.19785213470459,-0.05353035405278206,0.8666058778762817,0.2620590329170227,20.77005958557129,-21.890501022338867,16.699451446533203,34.48856460933567,789562934,1720698904
5.0,0,6.265721797943115,-23.89210319519043,-2.401421070098877,-0.45673906803131104,0.3776420056819916,-0.12783367931842804,21.29367446899414,-23.816864013671875,16.19340705871582,35.817454069301164,802562934,1720698904
5.0,0,-22.096424102783203,18.60562515258789,16.118011474609375,-0.11052287369966507,0.9342511296272278,0.19627796113491058,21.642751693725586,-23.116369247436523,17.880220413208008,36.36588387603127,814562934,1720698904
5.0,0,18.643932342529297,-9.845107078552246,12.038229942321777,-0.32943806052207947,0.8889767527580261,0.14594346284866333,21.642751693725586,-23.116369247436523,17.880220413208008,36.36588387603127,827562934,1720698904
5.0,0,10.781254768371582,4.6017255783081055,12.447644233703613,-0.28922373056411743,0.9014937877655029,0.3121272325515747,23.0390567779541,-22.76612091064453,17.205495834350586,36.675925147727824,839562934,1720698904
5.0,0,-4.3192057609558105,1.7238515615463257,11.075746536254883,-0.3233126699924469,1.0322569608688354,0.3771093785762787,21.817289352416992,-20.83975601196289,16.02472496032715,34.162572435040126,852562934,1720698904
5.0,0,1.6352647542953491,1.9896119832992554,12.524259567260742,-0.2008054107427597,1.035186529159546,0.32491061091423035,21.817289352416992,-20.83975601196289,16.02472496032715,34.162572435040126,864562934,1720698904
5.0,0,3.2082793712615967,-1.5682260990142822,9.687088012695312,-0.286294162273407,0.9379796385765076,0.2524715065956116,23.9117488861084,-20.4895076751709,17.711538314819336,36.12880082483373,877562934,1720698904
5.0,0,-6.622463226318359,-0.42138591408729553,8.49954605102539,-0.21119190752506256,1.0234684944152832,0.26738545298576355,24.43536376953125,-21.715375900268555,16.19340705871582,36.48110449545836,889562934,1720698904
5.0,0,-2.0494680404663086,-0.22745263576507568,8.377439498901367,-0.13422536849975586,0.9843193888664246,0.22717110812664032,24.086286544799805,-21.715375900268555,16.19340705871582,36.248216262009855,902562934,1720698904
5.0,0,-3.0382883548736572,3.272923707962036,9.821165084838867,-0.005859043914824724,0.938245952129364,0.25753161311149597,24.260826110839844,-21.190004348754883,17.374176025390625,36.598715284035826,914562934,1720698904
5.0,0,-0.7996755838394165,1.5969569683074951,10.79322624206543,-0.01651185005903244,0.9616820812225342,0.25034093856811523,24.086286544799805,-21.715375900268555,17.205495834350586,36.71152185505286,927562934,1720698904
5.0,0,-2.7701337337493896,1.3910523653030396,10.908148765563965,0.019974011927843094,0.9555567502975464,0.24661247432231903,24.9589786529541,-20.4895076751709,17.711538314819336,36.83027463442024,939562934,1720698904
5.0,0,-0.11731767654418945,1.8435633182525635,11.413333892822266,0.02050665207207203,0.9419744610786438,0.23116591572761536,26.529823303222656,-19.964136123657227,17.880220413208008,37.71074830454882,952562934,1720698904
5.0,0,-0.019153906032443047,-0.5626459717750549,10.692668914794922,0.016245530918240547,0.9254626035690308,0.22131206095218658,27.053438186645508,-22.24074935913086,18.04890251159668,39.39926816131805,964562934,1720698904
5.0,0,-2.681546926498413,-0.6153191924095154,9.878626823425293,0.10359854996204376,0.989645779132843,0.217583566904068,26.35528564453125,-19.438764572143555,18.04890251159668,37.39290750087748,977562934,1720698904
5.0,0,2.2817089557647705,-0.7326369285583496,10.525071144104004,0.09081517904996872,0.9294573664665222,0.2151867002248764,26.35528564453125,-19.438764572143555,18.04890251159668,37.39290750087748,989562934,1720698904
5.0,0,-1.4820334911346436,0.13886581361293793,9.895386695861816,0.19681060314178467,0.957953691482544,0.22051310539245605,28.624282836914062,-21.365129470825195,18.55494499206543,40.250519361759174,2562934,1720698905
5.0,0,0.5075784921646118,1.302465558052063,10.364657402038574,0.19654428958892822,0.9576873183250427,0.19308212399482727,28.449745178222656,-22.24074935913086,18.38626480102539,40.52275491739065,14562934,1720698905
5.0,0,-5.231410980224609,1.8100440502166748,10.139598846435547,0.24155238270759583,0.9488987326622009,0.21438774466514587,28.27520751953125,-20.66463279724121,20.241758346557617,40.45050296198811,27562934,1720698905
5.0,0,-1.5275241136550903,1.058253288269043,10.951245307922363,0.3139914870262146,1.003494381904602,0.19441372156143188,27.7515926361084,-21.190004348754883,19.398351669311523,39.94325006339667,39562934,1720698905
5.0,0,-2.935336112976074,1.8411691188812256,10.410147666931152,0.2801688015460968,0.9318543076515198,0.17497234046459198,29.322437286376953,-22.065624237060547,18.89230728149414,41.27488795627506,52562934,1720698905
5.0,0,-6.495568752288818,4.053445339202881,9.620049476623535,0.3488794267177582,0.992042601108551,0.193881094455719,30.71874237060547,-22.76612091064453,20.241758346557617,43.26275736832031,64562934,1720698905
5.0,0,1.4245717525482178,0.9122047424316406,10.331138610839844,0.35367318987846375,0.933185875415802,0.1869567483663559,31.067819595336914,-22.76612091064453,19.567033767700195,43.20155652511615,77562934,1720698905
5.0,0,-2.760556697845459,0.004788476508110762,9.715819358825684,0.3941538631916046,0.8713996410369873,0.20293596386909485,30.02058982849121,-23.116369247436523,19.567033767700195,42.64353586770988,89562934,1720698905
5.0,0,0.9098105430603027,1.122897744178772,10.611263275146484,0.42984074354171753,0.8855145573616028,0.19334843754768372,30.71874237060547,-22.76612091064453,19.229671478271484,42.79857076249119,102562934,1720698905
5.0,0,0.5770114064216614,-3.9026083946228027,10.036646842956543,0.430107057094574,0.8666058778762817,0.18855468928813934,31.41689682006836,-23.466615676879883,20.241758346557617,44.12972057570318,114562934,1720698905
5.0,0,-1.1683882474899292,-1.1516284942626953,10.49634075164795,0.5054756999015808,0.8879114389419556,0.21811622381210327,31.242359161376953,-22.24074935913086,19.060989379882812,42.82589466857826,127562934,1720698905
5.0,0,0.24900077283382416,-3.5243186950683594,9.507519721984863,0.4942902624607086,0.8655405044555664,0.18482619524002075,32.46412658691406,-23.816864013671875,20.241758346557617,45.065411431133676,139562934,1720698905
5.0,0,-1.2952828407287598,1.2857059240341187,10.333532333374023,0.5773820877075195,0.8447676301002502,0.211458221077919,31.242359161376953,-22.59099578857422,20.747802734375,43.78252408201692,152562934,1720698905
5.0,0,-2.727037191390991,2.497190475463867,10.517888069152832,0.6247870922088623,0.8998958468437195,0.18535883724689484,32.98773956298828,-23.641740798950195,20.41044044494629,45.428063448016225,164562934,1720698905
5.0,0,-4.563417911529541,1.7214573621749878,9.689481735229492,0.6370378732681274,0.8415717482566833,0.1914842128753662,32.289588928222656,-25.392980575561523,22.097253799438477,46.64450279659161,177562934,1720698905
5.0,0,-4.529898643493652,4.18273401260376,9.854684829711914,0.7153359651565552,0.8463655114173889,0.19041892886161804,31.94051170349121,-25.04273223876953,21.422527313232422,45.894001812325705,189562934,1720698905
5.0,0,-4.63763952255249,3.8738772869110107,9.900175094604492,0.7102758884429932,0.8168039321899414,0.2026696503162384,32.46412658691406,-25.918352127075195,24.290111541748047,48.12161687583664,202562934,1720698905
5.0,0,-3.684732437133789,1.8148326873779297,10.077349662780762,0.743033230304718,0.7933678030967712,0.2013380527496338,31.591434478759766,-26.093477249145508,22.097253799438477,46.55294741317937,214562934,1720698905
5.0,0,-5.863489627838135,2.05904483795166,8.655171394348145,0.7432995438575745,0.814140796661377,0.1757713109254837,32.46412658691406,-26.61884880065918,22.94066047668457,47.84095034204539,227562934,1720698905
5.0,0,-1.237821102142334,1.0869841575622559,10.218607902526855,0.777921199798584,0.7057484984397888,0.23303015530109406,33.68589401245117,-26.79397201538086,24.121429443359375,49.34065007851103,240562934,1720698905
5.0,0,-2.317622661590576,2.810835838317871,10.31198501586914,0.8383758664131165,0.7259887456893921,0.20053909718990326,33.33681869506836,-27.844717025756836,24.121429443359375,49.684153463084144,252562934,1720698905
5.0,0,-2.8970282077789307,-0.768550455570221,9.588924407958984,0.8239946365356445,0.6924324631690979,0.2226436585187912,33.511356353759766,-27.319345474243164,25.63956069946289,50.266735667548254,265562934,1720698905
5.0,0,-3.7278289794921875,-0.06225019320845604,9.339923858642578,0.8484960198402405,0.6567455530166626,0.21838253736495972,34.733123779296875,-27.14422035217285,25.133516311645508,50.74339590708355,277562934,1720698905
5.0,0,-3.7972617149353027,2.868297576904297,9.294432640075684,0.9054886102676392,0.675387978553772,0.19734324514865875,33.511356353759766,-30.121328353881836,25.9769229888916,52.01063309018499,290562934,1720698905
5.0,0,-1.8028613328933716,1.3144367933273315,9.746943473815918,0.9201362133026123,0.6301134824752808,0.21838253736495972,32.98773956298828,-29.245708465576172,24.796154022216797,50.58015104191084,302562934,1720698905
5.0,0,-6.531481742858887,5.06381368637085,9.332740783691406,0.9576873183250427,0.660740315914154,0.19787588715553284,34.733123779296875,-27.14422035217285,25.808242797851562,51.08095518202582,315562934,1720698905
5.0,0,-4.137243747711182,1.5275241136550903,9.234577178955078,0.9960374236106873,0.5699251890182495,0.2239752560853958,35.954891204833984,-30.82182502746582,25.808242797851562,53.933333810251554,327562934,1720698905
5.0,0,-4.221041679382324,5.607305526733398,9.368654251098633,1.0205389261245728,0.5643324255943298,0.2157193422317505,34.38404846191406,-30.646699905395508,28.169780731201172,53.99092099757677,340562934,1720698905
5.0,0,-3.9265506267547607,3.0023748874664307,9.241759300231934,1.0434423685073853,0.5507500767707825,0.21545302867889404,37.00212097167969,-29.771080017089844,26.651649475097656,54.459017449181516,352562934,1720698905
5.0,0,-4.891428470611572,2.679152727127075,9.162749290466309,1.0309253931045532,0.5073399543762207,0.20107172429561615,35.08220291137695,-29.946205139160156,27.49505615234375,53.69836381280368,365584413,1720698905
5.0,0,-6.660770893096924,5.750960350036621,8.98078727722168,1.1182783842086792,0.5012145638465881,0.23356278240680695,35.25674057006836,-32.57306671142578,27.66373634338379,55.40148679492592,377584413,1720698905
5.0,0,-0.7493965029716492,2.2074875831604004,9.72060775756836,1.073270320892334,0.41812267899513245,0.22610582411289215,35.431278228759766,-31.347196578979492,28.844507217407227,55.40783163867746,390584413,1720698905
5.0,0,-4.3192057609558105,5.0446600914001465,8.863470077514648,1.116414189338684,0.45567381381988525,0.21358877420425415,36.47850799560547,-30.646699905395508,28.507143020629883,55.52079757960496,402584413,1720698905
5.0,0,-4.259349822998047,2.015948534011841,8.578556060791016,1.1315944194793701,0.3797725737094879,0.2631243169307709,36.47850799560547,-30.646699905395508,28.507143020629883,55.52079757960496,415584413,1720698905
5.0,0,-2.4564883708953857,2.3798727989196777,9.445270538330078,1.1387850046157837,0.32943806052207947,0.23622599244117737,33.68589401245117,-32.047691345214844,31.543407440185547,56.18523408257551,427584413,1720698905
5.0,0,-2.5402867794036865,1.7070918083190918,9.500337600708008,1.183526873588562,0.33050331473350525,0.24554719030857086,36.47850799560547,-32.047691345214844,30.868682861328125,57.53791487129911,440584413,1720698905
5.0,0,-3.639242172241211,0.5961652994155884,8.786853790283203,1.1518347263336182,0.29934385418891907,0.24794407188892365,36.47850799560547,-32.047691345214844,30.868682861328125,57.53791487129911,452584413,1720698905
5.0,0,-5.916162490844727,3.304048538208008,7.893803596496582,1.201370358467102,0.2988112270832062,0.23569335043430328,34.209510803222656,-32.222816467285156,31.71208953857422,56.69441906733589,465584413,1720698905
5.0,0,-1.4556968212127686,3.737405776977539,9.430904388427734,1.2173494100570679,0.2101266235113144,0.27670666575431824,35.954891204833984,-33.623809814453125,31.374725341796875,58.37540730704286,477584413,1720698905
5.0,0,-3.768531084060669,6.945684909820557,8.729393005371094,1.2650208473205566,0.22370894253253937,0.22983431816101074,33.68589401245117,-34.84967803955078,31.880769729614258,58.01398963552783,490584413,1720698905
5.0,0,-5.4037957191467285,6.299240589141846,7.83394718170166,1.2706135511398315,0.17044490575790405,0.2420850396156311,33.16228103637695,-33.623809814453125,32.0494499206543,57.074203544076624,502584413,1720698905
5.0,0,-6.373461723327637,4.3718791007995605,8.04703426361084,1.2873917818069458,0.14354658126831055,0.2671191394329071,33.33681869506836,-34.84967803955078,33.56758499145508,58.75905293932814,515584413,1720698905
5.0,0,-3.5003764629364014,6.476414203643799,8.57376766204834,1.3049689531326294,0.10972391068935394,0.23755759000778198,34.38404846191406,-34.84967803955078,34.2423095703125,59.74360729651933,527584413,1720698905
5.0,0,-4.400609970092773,7.1013102531433105,8.638411521911621,1.3060342073440552,0.0769665315747261,0.27351081371307373,34.38404846191406,-34.84967803955078,34.2423095703125,59.74360729651933,540584413,1720698905
5.0,0,-4.975227355957031,3.6488189697265625,8.020697593688965,1.2929843664169312,0.07483596354722977,0.2644559144973755,33.33681869506836,-34.499427795410156,35.591758728027344,59.73547763492554,552584413,1720698905
5.0,0,-5.523507595062256,6.481202602386475,7.675927639007568,1.3188174962997437,-0.016245530918240547,0.29241955280303955,35.08220291137695,-36.250667572021484,34.2423095703125,60.97054719486574,565584413,1720698905
5.0,0,-2.2098820209503174,4.7597455978393555,8.334343910217285,1.3438515663146973,-0.04554075002670288,0.29002267122268677,35.08220291137695,-36.250667572021484,34.2423095703125,60.97054719486574,577584413,1720698905
5.0,0,-2.7677392959594727,2.3080456256866455,8.111679077148438,1.288723349571228,-0.09374470263719559,0.2916206121444702,31.591434478759766,-36.250667572021484,36.60384750366211,60.43154212755399,590584413,1720698905
5.0,0,-6.23938512802124,7.151589870452881,7.300032615661621,1.3457157611846924,-0.10279957950115204,0.2889573574066162,32.46412658691406,-36.4257926940918,37.10988998413086,61.301727733224844,602584413,1720698905
5.0,0,-1.920179009437561,1.1061381101608276,8.707844734191895,1.365157127380371,-0.1544657051563263,0.29614803194999695,31.94051170349121,-38.7024040222168,37.27857208251953,62.512113238086634,615584413,1720698905
5.0,0,-3.0574424266815186,10.010310173034668,7.757331371307373,1.3630266189575195,-0.18535883724689484,0.3038713037967682,31.242359161376953,-37.65166091918945,37.27857208251953,61.50954814054236,627584413,1720698905
5.0,0,-4.18273401260376,9.361471176147461,7.601706027984619,1.4085673093795776,-0.17364074289798737,0.29108792543411255,32.11505126953125,-38.52728271484375,37.78461456298828,62.79653755668146,640584413,1720698905
5.0,0,-3.742194175720215,6.818790435791016,7.558609962463379,1.3300029039382935,-0.2684507369995117,0.30253973603248596,29.671512603759766,-37.12628936767578,39.47142791748047,61.779880578164985,652584413,1720698905
5.0,0,3.7733194828033447,1.920179009437561,16.388561248779297,1.2309318780899048,-0.41625842452049255,0.30120810866355896,30.71874237060547,-39.92827224731445,39.13406753540039,63.79171810942681,665584413,1720698905
5.0,0,-17.676660537719727,-6.497962951660156,26.25282096862793,0.49748608469963074,-0.30999666452407837,-0.08042868971824646,30.71874237060547,-38.52728271484375,39.13406753540039,62.92430284148096,677584413,1720698905
5.0,0,3.586568832397461,13.568147659301758,33.12428665161133,0.7744590044021606,0.013316008262336254,0.2846962511539459,29.671512603759766,-38.177032470703125,40.146156311035156,62.84582989359169,690584413,1720698905
5.0,0,-0.37350115180015564,-28.65424346923828,22.189800262451172,-0.2751087248325348,0.13529065251350403,0.0007989605655893683,29.671512603759766,-38.177032470703125,40.146156311035156,62.84582989359169,702584413,1720698905
5.0,0,-6.107701301574707,29.853757858276367,5.104515552520752,0.08415716886520386,0.28869104385375977,0.14541080594062805,28.973360061645508,-39.578025817871094,39.47142791748047,62.959267330129265,715584413,1720698905
5.0,0,0.04549052566289902,-0.6296846866607666,2.4157862663269043,-0.1344916969537735,0.12916527688503265,0.03835010528564453,31.242359161376953,-38.00190734863281,39.30274963378906,62.967738540294214,728584413,1720698905
5.0,0,-4.367090702056885,6.699078559875488,-1.4389371871948242,-0.1888210028409958,-0.006391684524714947,-0.0788307711482048,29.147897720336914,-37.301414489746094,39.30274963378906,61.52805533435433,740584413,1720698905
5.0,0,-7.486782550811768,13.017473220825195,2.5402867794036865,-0.056193556636571884,-0.09534262120723724,-0.10120166838169098,29.846052169799805,-39.05265426635742,39.64011001586914,63.144556039616475,753584413,1720698905
5.0,0,-18.459577560424805,0.9457241296768188,7.93929386138916,-0.48443639278411865,-0.3075997829437256,0.0825592502951622,29.671512603759766,-39.578025817871094,40.483516693115234,63.91974586680461,765584413,1720698905
5.0,0,10.752523422241211,-17.844257354736328,30.222469329833984,-0.6647351384162903,-0.4202532470226288,0.43250393867492676,29.147897720336914,-39.40290069580078,40.31483459472656,63.4623858136339,778584413,1720698905
5.0,0,-15.502692222595215,2.403815269470215,17.566526412963867,-1.6437280178070068,-0.1451444923877716,0.8050858974456787,28.7988224029541,-39.05265426635742,39.64011001586914,62.656366788338,790584413,1720698905
5.0,0,-7.1587724685668945,39.22600173950195,9.744549751281738,-1.062617540359497,-0.04527442902326584,1.1795320510864258,28.624282836914062,-38.87752914428711,37.78461456298828,61.306516276543825,803584413,1720698905
5.0,0,2.475642204284668,-37.15618133544922,8.863470077514648,-2.0935428142547607,-0.26978233456611633,1.0109513998031616,28.624282836914062,-38.87752914428711,37.4472541809082,61.09917091075863,815584413,1720698905
5.0,0,-12.928886413574219,39.22600173950195,-1.9704581499099731,-1.7049816846847534,-0.3046702742576599,1.1177457571029663,28.624282836914062,-39.22777557373047,36.09780502319336,60.508011633858054,828584413,1720698905
5.0,0,-5.621671676635742,9.636809349060059,3.452491521835327,-1.7222925424575806,-0.42824283242225647,1.0825915336608887,27.57705307006836,-38.52728271484375,35.42307662963867,59.15775289282139,840584413,1720698905
5.0,0,-0.011971191503107548,-5.468440055847168,8.588132858276367,-2.019505739212036,-0.5928286910057068,0.976862370967865,26.180747985839844,-37.12628936767578,35.760440826416016,57.81524068452932,853584413,1720698905
5.0,0,-2.7007007598876953,11.511497497558594,10.594503402709961,-1.7489244937896729,-0.5009482502937317,0.9880477786064148,26.180747985839844,-36.4257926940918,34.74835205078125,56.74255817934227,865584413,1720698905
5.0,0,-0.49321308732032776,-0.2825201153755188,12.028653144836426,-1.7934000492095947,-0.4586033225059509,1.0493013858795166,26.35528564453125,-38.00190734863281,32.21813201904297,56.3627010915498,878584413,1720698905
5.0,0,-5.906585693359375,4.5011677742004395,8.003938674926758,-1.8290870189666748,-0.39868131279945374,1.0253326892852783,25.13351821899414,-35.72529602050781,32.0494499206543,54.17709621264275,890584413,1720698905
5.0,0,-4.862698078155518,6.90977144241333,7.0055413246154785,-1.6961930990219116,-0.4359661340713501,0.9520946145057678,25.308055877685547,-36.95116424560547,31.543407440185547,54.780222565733695,903584413,1720698905
5.0,0,-4.960861682891846,2.686335325241089,6.318394660949707,-1.7918020486831665,-0.4985513687133789,0.9150761365890503,24.260826110839844,-35.19992446899414,30.53131866455078,52.53364432056516,915584413,1720698905
5.0,0,-4.407792568206787,9.143595695495605,7.570581436157227,-1.7116397619247437,-0.5084052085876465,0.8903083205223083,23.388134002685547,-34.67455291748047,29.687911987304688,51.29036508273926,928584413,1720698905
5.0,0,-1.731034278869629,2.2505838871002197,8.87065315246582,-1.699921727180481,-0.5765831470489502,0.9201362133026123,22.51544189453125,-35.550174713134766,30.53131866455078,51.98962843911049,940584413,1720698905
5.0,0,-2.0805928707122803,2.7485857009887695,9.531462669372559,-1.7308146953582764,-0.5715230703353882,0.9377133250236511,23.0390567779541,-34.67455291748047,30.02527618408203,51.32874406388052,953584413,1720698905
5.0,0,-0.6823578476905823,5.173948764801025,9.99833869934082,-1.6772843599319458,-0.5936276316642761,0.949697732925415,23.0390567779541,-32.57306671142578,28.338462829589844,48.937422160845706,965584413,1720698905
5.0,0,0.1221061497926712,1.8842655420303345,10.36944580078125,-1.7316136360168457,-0.5680609345436096,0.9174729585647583,21.9918270111084,-32.92331314086914,27.66373634338379,48.299765133326446,978584413,1720698905
5.0,0,-1.8627172708511353,6.967233180999756,9.150778770446777,-1.6988563537597656,-0.5789800882339478,0.88311767578125,21.9918270111084,-33.974056243896484,26.989011764526367,48.644462264225936,990584413,1720698905
5.0,0,-3.866694688796997,3.8619062900543213,8.686296463012695,-1.6900678873062134,-0.5709904432296753,0.8618121147155762,19.897367477416992,-32.92331314086914,25.30219841003418,46.044011826553884,3584413,1720698906
5.0,0,-2.734220027923584,-0.9409356117248535,9.854684829711914,-1.7297494411468506,-0.6144006252288818,0.8429033160209656,19.548290252685547,-31.522321701049805,26.989011764526367,45.87155080497561,15584413,1720698906
5.0,0,-5.245776176452637,2.418180465698242,8.679113388061523,-1.7121723890304565,-0.6199933290481567,0.8655405044555664,20.07190704345703,-29.245708465576172,25.133516311645508,43.47282551436477,28584413,1720698906
5.0,0,-2.786893367767334,-0.6871464252471924,8.971210479736328,-1.6698274612426758,-0.6346409320831299,0.8327831625938416,19.37375259399414,-29.245708465576172,23.784067153930664,42.38319954427051,40584413,1720698906
5.0,0,-4.338359355926514,0.004788476508110762,8.686296463012695,-1.7135039567947388,-0.6807143688201904,0.8096133470535278,19.024675369262695,-29.946205139160156,24.121429443359375,42.90171131241104,53584413,1720698906
5.0,0,-3.48122239112854,5.954470157623291,9.471606254577637,-1.616829752922058,-0.6780511140823364,0.8184019327163696,17.104755401611328,-30.121328353881836,24.96483612060547,42.6978936445348,65584413,1720698906
5.0,0,0.5913768410682678,2.480430841445923,9.775674819946289,-1.646125078201294,-0.7579472064971924,0.784312903881073,17.802907943725586,-29.771080017089844,23.615385055541992,41.96364078530663,78584413,1720698906
5.0,0,-1.300071358680725,4.259349822998047,10.048617362976074,-1.6645010709762573,-0.7169339060783386,0.7797854542732239,16.93021583557129,-26.79397201538086,24.121429443359375,39.82954309292295,90584413,1720698906
5.0,0,-0.4237801730632782,2.3583245277404785,10.379022598266602,-1.6218898296356201,-0.761409342288971,0.7848455309867859,16.581140518188477,-26.093477249145508,20.747802734375,37.23271537425285,103584413,1720698906
5.0,0,-0.3399818241596222,0.39983779191970825,10.192272186279297,-1.6740885972976685,-0.7273204326629639,0.7552840113639832,14.835756301879883,-25.743228912353516,21.759891510009766,36.8280650918562,115584413,1720698906
5.0,0,-1.0103685855865479,2.815624237060547,10.778861045837402,-1.6357383728027344,-0.7582135200500488,0.7435659170150757,15.359371185302734,-24.51736068725586,21.591209411621094,36.09974490399319,128584413,1720698906
5.0,0,-0.14844277501106262,-0.24660654366016388,10.165935516357422,-1.6458587646484375,-0.7464954257011414,0.714004397392273,14.835756301879883,-22.94124412536621,19.060989379882812,33.31248509505743,140584413,1720698906
5.0,0,-1.096561074256897,-1.4628795385360718,10.958428382873535,-1.6463913917541504,-0.7595451474189758,0.69562828540802,13.78852653503418,-23.991989135742188,20.073078155517578,34.185778817140175,153584413,1720698906
5.0,0,-3.9265506267547607,2.2314300537109375,9.174720764160156,-1.6368038654327393,-0.7768559455871582,0.6713931560516357,13.78852653503418,-23.991989135742188,19.398351669311523,33.79400914634418,165584413,1720698906
5.0,0,-2.1476316452026367,1.0702245235443115,9.588924407958984,-1.5691584348678589,-0.7896392941474915,0.6652677655220032,14.312141418457031,-21.365129470825195,19.229671478271484,32.11053432207699,178584413,1720698906
5.0,0,-3.2058849334716797,-3.5985400676727295,9.196269035339355,-1.6365375518798828,-0.854621410369873,0.6508864760398865,13.090373992919922,-20.13926124572754,18.7236270904541,30.455244970621468,191584413,1720698906
5.0,0,-1.096561074256897,5.231410980224609,10.065377235412598,-1.5531792640686035,-0.8346474170684814,0.6554139256477356,11.51952838897705,-21.365129470825195,17.880220413208008,30.147480386169452,203584413,1720698906
5.0,0,1.3048597574234009,-2.0805928707122803,10.221002578735352,-1.5798112154006958,-0.9092170596122742,0.623988151550293,10.64683723449707,-20.13926124572754,18.04890251159668,29.063858458481683,216584413,1720698906
5.0,0,-0.8092525005340576,2.523527145385742,10.046223640441895,-1.589398741722107,-0.8530234694480896,0.5938939452171326,11.170452117919922,-19.613887786865234,18.55494499206543,29.21933569219288,228584413,1720698906
5.0,0,1.8794770240783691,1.1635997295379639,11.106871604919434,-1.5465211868286133,-0.9153424501419067,0.5912307500839233,10.821375846862793,-16.811904907226562,17.205495834350586,26.377479195983632,241584413,1720698906
5.0,0,0.04549052566289902,-4.443706035614014,10.4005708694458,-1.6341404914855957,-0.8612794280052185,0.5534133315086365,10.821375846862793,-16.811904907226562,17.205495834350586,26.377479195983632,253584413,1720698906
5.0,0,-0.897839367389679,2.018342971801758,10.242551803588867,-1.563033103942871,-0.88311767578125,0.5361025333404541,10.821375846862793,-15.060664176940918,17.205495834350586,25.297329257759845,266584413,1720698906
5.0,0,-3.7206461429595947,-2.2817089557647705,9.605684280395508,-1.5675605535507202,-0.8359790444374084,0.5440921187400818,9.599607467651367,-14.535292625427246,18.04890251159668,25.083661557135326,278584413,1720698906
5.0,0,-0.11731767654418945,-1.7884960174560547,10.249733924865723,-1.5542445182800293,-0.8849819302558899,0.4942902624607086,8.377839088439941,-14.710416793823242,17.205495834350586,24.137390847928124,291584413,1720698906
5.0,0,-2.0973527431488037,2.4373345375061035,8.87065315246582,-1.5539782047271729,-0.9012274742126465,0.4804415702819824,7.156070709228516,-14.535292625427246,17.711538314819336,24.003805306234078,303584413,1720698906
5.0,0,-0.5722229480743408,-1.1516284942626953,10.283252716064453,-1.5068395137786865,-0.9294573664665222,0.4633970856666565,6.806994438171387,-13.134300231933594,15.687362670898438,21.562429441789828,316584413,1720698906
5.0,0,-0.007182714529335499,-4.264138221740723,8.760518074035645,-1.5704900026321411,-0.9656769037246704,0.436498761177063,6.283379554748535,-12.25868034362793,15.85604476928711,21.004053373620977,328584413,1720698906
5.0,0,-0.31364521384239197,-0.050279002636671066,10.683090209960938,-1.5134974718093872,-0.9435723423957825,0.4471515715122223,6.283379554748535,-12.25868034362793,15.85604476928711,21.004053373620977,341584413,1720698906
5.0,0,1.4556968212127686,-5.327179908752441,9.936088562011719,-1.5164270401000977,-1.0173430442810059,0.39442017674446106,5.061611175537109,-9.281572341918945,15.350000381469727,18.638401340826356,353584413,1720698906
5.0,0,-0.1316830962896347,-3.225038766860962,10.043828964233398,-1.5390641689300537,-0.9411755204200745,0.3789736032485962,5.061611175537109,-8.931324005126953,14.675274848937988,17.90955465858241,366584413,1720698906
5.0,0,3.071807622909546,0.3878665864467621,10.53225326538086,-1.4445207118988037,-1.0200062990188599,0.35367318987846375,5.061611175537109,-8.931324005126953,14.675274848937988,17.90955465858241,378584413,1720698906
5.0,0,0.2250583916902542,-2.418180465698242,8.983181953430176,-1.5047088861465454,-0.9457029700279236,0.3329002261161804,5.061611175537109,-7.180084228515625,16.699451446533203,18.869159913361827,391584413,1720698906
5.0,0,2.0997469425201416,-0.9002335667610168,10.199454307556152,-1.4924582242965698,-0.9965700507164001,0.322780042886734,4.363457679748535,-7.180084228515625,15.350000381469727,17.49902523464253,403584413,1720698906
5.0,0,0.2250583916902542,-3.7517714500427246,9.91454029083252,-1.4969857931137085,-0.9787266254425049,0.3150567412376404,2.268998146057129,-5.078596115112305,15.012638092041016,16.009990430036034,416584413,1720698906
5.0,0,0.1604139655828476,-4.517927646636963,10.596898078918457,-1.5076385736465454,-0.981922447681427,0.292685866355896,2.618074655532837,-5.428843975067139,14.675274848937988,15.86475192681682,428584413,1720698906
5.0,0,-0.08619257807731628,-0.3112509846687317,8.494757652282715,-1.4695546627044678,-0.9936406016349792,0.2556673586368561,2.268998146057129,-2.9771080017089844,15.012638092041016,15.472259922947625,441584413,1720698906
5.0,0,1.1109265089035034,-4.142032146453857,9.684693336486816,-1.4442541599273682,-1.0042933225631714,0.23169854283332825,0.8726915717124939,-2.6268601417541504,13.663187026977539,13.940755521772914,453584413,1720698906
5.0,0,1.3599272966384888,-5.432526588439941,8.444478034973145,-1.4799412488937378,-1.054894208908081,0.1957453191280365,0.8726915717124939,-2.6268601417541504,13.663187026977539,13.940755521772914,466584413,1720698906
5.0,0,1.9010250568389893,0.7829159498214722,9.225000381469727,-1.417089581489563,-1.0114840269088745,0.19627796113491058,0.5236149430274963,-3.6776041984558105,14.337912559509277,14.81130250225129,478584413,1720698906
5.0,0,2.4852192401885986,-7.345522880554199,9.787646293640137,-1.4439878463745117,-1.083923101425171,0.14407920837402344,0.17453831434249878,-1.5761160850524902,15.687362670898438,15.767306463217885,491584413,1720698906
5.0,0,0.5937711000442505,-4.472437381744385,9.397384643554688,-1.4373300075531006,-1.0045596361160278,0.14354658126831055,0.17453831434249878,-1.5761160850524902,15.687362670898438,15.767306463217885,503584413,1720698906
5.0,0,4.441311836242676,-0.6847521066665649,9.632019996643066,-1.3672877550125122,-1.0698081254959106,0.11158815771341324,-0.17453831434249878,0.8756200075149536,15.350000381469727,15.375945035406922,516584413,1720698906
5.0,0,3.462068557739258,-3.4429147243499756,8.92811393737793,-1.409632682800293,-1.0144134759902954,0.09987006336450577,-1.9199213981628418,1.5761160850524902,16.362089157104492,16.549568020758763,528584413,1720698906
5.0,0,2.813230037689209,-1.678360939025879,8.667141914367676,-1.39125657081604,-1.0250663757324219,0.07563493400812149,-1.3963065147399902,0.7004960179328918,16.53076934814453,16.6044181408383,541584413,1720698906
5.0,0,1.0654360055923462,-6.1555867195129395,9.026278495788574,-1.4186875820159912,-1.013614535331726,0.07057484239339828,-2.7926130294799805,1.7512400150299072,17.205495834350586,17.518407919343545,553584413,1720698906
5.0,0,-0.6129249930381775,-8.633623123168945,8.882623672485352,-1.4359984397888184,-1.0165441036224365,0.036752182990312576,-3.4907662868499756,4.202976226806641,16.868131637573242,17.730886141843264,566584413,1720698906
5.0,0,-0.37110692262649536,-4.7597455978393555,7.247358798980713,-1.4114969968795776,-1.0096197128295898,-0.011185446754097939,-5.585226058959961,4.903471946716309,16.868131637573242,18.43292305100899,578584413,1720698906
5.0,0,3.277712106704712,-7.604100227355957,8.865863800048828,-1.371016263961792,-1.0373170375823975,-0.01651185005903244,-5.585226058959961,4.903471946716309,16.868131637573242,18.43292305100899,591584413,1720698906
5.0,0,2.5378923416137695,-6.232202529907227,7.153984069824219,-1.3798047304153442,-1.0596879720687866,-0.06711268424987793,-6.1088409423828125,5.078596115112305,16.699451446533203,18.492748707936475,603584413,1720698906
5.0,0,4.209070682525635,-1.1420515775680542,8.537853240966797,-1.3142900466918945,-1.0258653163909912,-0.06231892108917236,-6.1088409423828125,7.180084228515625,17.036813735961914,19.47112142280901,616584413,1720698906
5.0,0,4.414975166320801,-5.497171401977539,7.9799957275390625,-1.3382588624954224,-1.0865862369537354,-0.12224096059799194,-6.4579176902771,6.129340171813965,18.38626480102539,20.42861339321961,628584413,1720698906
5.0,0,2.480430841445923,-5.861095428466797,8.327159881591797,-1.3427863121032715,-1.0077555179595947,-0.0950763002038002,-8.203300476074219,6.829836368560791,18.04890251159668,20.969112651592965,641584413,1720698906
5.0,0,4.659187316894531,-4.625668525695801,8.231390953063965,-1.3121594190597534,-1.0594216585159302,-0.14913929998874664,-8.552377700805664,8.581076622009277,18.04890251159668,21.738006399004327,653584413,1720698906
5.0,0,4.525110244750977,-5.061419486999512,8.22420883178711,-1.3217469453811646,-1.0029617547988892,-0.15100352466106415,-9.075992584228516,9.456696510314941,18.21758270263672,22.442884614161844,666584413,1720698906
5.0,0,3.766136884689331,-4.177945613861084,8.123650550842285,-1.298843502998352,-1.0327895879745483,-0.18802203238010406,-8.028762817382812,7.705456256866455,20.241758346557617,23.099001481984153,678584413,1720698906
5.0,0,3.761348247528076,-3.090961456298828,7.142012596130371,-1.2927180528640747,-1.003494381904602,-0.18855468928813934,-9.250530242919922,11.032812118530273,20.41044044494629,24.977616623182122,691584413,1720698906
5.0,0,3.4405205249786377,-8.937690734863281,8.528276443481445,-1.324143886566162,-1.0146799087524414,-0.23462806642055511,-10.123222351074219,11.908432006835938,21.591209411621094,26.65465639409367,704584413,1720698906
5.0,0,1.757370948791504,-3.3471450805664062,5.794056415557861,-1.3102952241897583,-0.9800582528114319,-0.24341663718223572,-9.774145126342773,11.20793628692627,22.60329818725586,27.05662280671061,716584413,1720698906
5.0,0,5.655190944671631,-9.933694839477539,8.104496955871582,-1.2823315858840942,-1.0074892044067383,-0.27803826332092285,-9.948683738708496,11.383060455322266,22.434616088867188,27.052954968306565,729584413,1720698906
5.0,0,0.6416558623313904,-9.536251068115234,5.281689643859863,-1.3225460052490234,-1.0154788494110107,-0.3190515637397766,-10.64683723449707,11.383060455322266,21.08516502380371,26.22047658812536,741584413,1720698906
5.0,0,6.215442180633545,-2.9592783451080322,7.431715488433838,-1.2101589441299438,-0.981922447681427,-0.31319254636764526,-14.486680030822754,12.433804512023926,22.434616088867188,29.458027632778197,754584413,1720698906
5.0,0,5.698287010192871,-6.893012046813965,7.247358798980713,-1.2567648887634277,-1.0439749956130981,-0.4021434485912323,-12.9158353805542,12.608928680419922,24.627473831176758,30.53385585462124,766584413,1720698906
5.0,0,3.5219244956970215,-7.194685935974121,6.763723373413086,-1.2626240253448486,-0.9480997920036316,-0.33423179388046265,-13.090373992919922,11.733307838439941,23.10934066772461,29.035668241028326,779584413,1720698906
5.0,0,5.128458499908447,-6.184317111968994,6.576972484588623,-1.2495741844177246,-0.9861835837364197,-0.41306257247924805,-13.264911651611328,12.608928680419922,23.615385055541992,29.876903703605,791584413,1720698906
5.0,0,3.694309711456299,-7.608889102935791,5.626460075378418,-1.2564985752105713,-0.9220004081726074,-0.39948025345802307,-14.137603759765625,12.784051895141602,25.808242797851562,32.08378436591715,804584413,1720698906
5.0,0,5.612093925476074,-6.181922912597656,6.885829448699951,-1.2032345533370972,-0.9702043533325195,-0.44928213953971863,-14.835756301879883,12.433804512023926,24.458791732788086,31.191852345122083,816584413,1720698906
5.0,0,4.920159339904785,-3.560232400894165,5.367882251739502,-1.201902985572815,-0.938245952129364,-0.4407598674297333,-14.312141418457031,15.761160850524902,24.627473831176758,32.55401742709075,829584413,1720698906
5.0,0,7.376648426055908,-5.56181526184082,7.244964599609375,-1.2003051042556763,-0.9427734017372131,-0.4785773456096649,-15.010294914245605,14.710416793823242,26.314287185668945,33.67709942602666,841584413,1720698906
5.0,0,4.187522888183594,-3.6272706985473633,4.869880676269531,-1.1944459676742554,-0.9089507460594177,-0.48683327436447144,-16.406600952148438,15.060664176940918,25.9769229888916,34.21696491836227,854584413,1720698906
5.0,0,4.254561424255371,-31.52733039855957,11.789229393005371,-1.1025655269622803,-0.7912371754646301,-0.45434221625328064,-15.882987022399902,13.834795951843262,27.83241844177246,34.904360359427564,866584413,1720698906
5.0,0,4.228224754333496,13.407733917236328,17.971153259277344,-0.254069447517395,-0.2788372337818146,0.014913929626345634,-15.184833526611328,15.936284065246582,25.47088050842285,33.66467099072092,879584413,1720698906
5.0,0,7.407773017883301,-21.215343475341797,20.351024627685547,-0.49508920311927795,-0.45940232276916504,-0.4753814935684204,-13.78852653503418,15.586036682128906,27.15769386291504,34.21386180213837,891584413,1720698906
5.0,0,-2.995191812515259,5.111698150634766,6.160375118255615,-0.08895093947649002,0.17603762447834015,0.10732702910900116,-15.184833526611328,18.388019561767578,26.820329666137695,35.88911417178129,904584413,1720698906
5.0,0,13.797994613647461,-18.576894760131836,9.639203071594238,-0.15153618156909943,-0.16671642661094666,-0.2527378499507904,-15.184833526611328,18.73826789855957,26.820329666137695,36.06982029993209,916584413,1720698906
5.0,0,1.4987930059432983,-4.493985176086426,-1.0223398208618164,0.13102951645851135,0.168846994638443,0.07350436598062515,-14.835756301879883,17.337276458740234,26.482967376708984,34.95752252565089,929584413,1720698906
5.0,0,9.861867904663086,-11.846691131591797,6.311212062835693,0.1294316053390503,0.002929521957412362,0.032491061836481094,-13.264911651611328,17.862648010253906,28.338462829589844,36.029162502163814,941584413,1720698906
5.0,0,4.051051139831543,-4.110907077789307,5.602517127990723,0.1557973027229309,0.052198752760887146,0.11345238983631134,-14.835756301879883,16.63677978515625,27.83241844177246,35.65845794459525,954584413,1720698906
5.0,0,4.769322395324707,-5.585757732391357,7.912957668304443,0.05885675922036171,0.034621622413396835,0.043942827731370926,-14.137603759765625,15.235788345336914,26.820329666137695,33.93127126961719,966584413,1720698906
5.0,0,3.308837413787842,-4.687918663024902,6.392616271972656,0.009054886177182198,0.040746983140707016,0.03329002112150192,-15.184833526611328,15.936284065246582,27.49505615234375,35.22105097608059,979584413,1720698906
5.0,0,3.375875949859619,-8.461237907409668,3.4429147243499756,-0.012517048045992851,0.03835010528564453,-0.02769729681313038,-13.613988876342773,15.41091251373291,28.001100540161133,34.74044543599472,991584413,1720698906
5.0,0,4.187522888183594,-8.492362976074219,3.0334997177124023,0.010386486537754536,-0.0098538463935256,-0.0034621621016412973,-14.835756301879883,15.586036682128906,29.181869506835938,36.257491810926986,4584413,1720698907
5.0,0,5.504354000091553,-8.212237358093262,5.791662216186523,0.03329002112150192,-0.02769729681313038,0.006924324203282595,-14.661218643188477,16.111408233642578,27.326374053955078,34.946523808687076,16584413,1720698907
5.0,0,5.396613121032715,-6.406981468200684,7.551427364349365,0.015180249698460102,-0.003994802478700876,0.00878856610506773,-14.486680030822754,16.28653335571289,28.169780731201172,35.61813601953561,29584413,1720698907
5.0,0,4.053445339202881,-4.963255882263184,6.148403644561768,-0.006924324203282595,0.017843451350927353,0.009587526321411133,-15.359371185302734,16.111408233642578,27.66373634338379,35.507324131159855,41584413,1720698907
5.0,0,4.151608943939209,-6.8762526512146,6.016720771789551,-0.021838253363966942,0.019974011927843094,-0.0013316008262336254,-15.010294914245605,14.710416793823242,26.989011764526367,34.206900936600015,54584413,1720698907
5.0,0,3.9073967933654785,-8.164352416992188,3.94809889793396,-0.019974011927843094,0.0031958422623574734,-0.015979209914803505,-15.533909797668457,16.63677978515625,27.49505615234375,35.694017818710456,66584413,1720698907
5.0,0,4.6807355880737305,-8.432506561279297,4.647216320037842,0.012250727973878384,-0.003994802478700876,-0.002663201652467251,-15.184833526611328,15.586036682128906,26.145605087280273,34.01611932698354,79584413,1720698907
5.0,0,5.255352973937988,-6.806819438934326,6.263327598571777,0.028496257960796356,-0.015180249698460102,0.0143812894821167,-14.835756301879883,14.885540008544922,27.49505615234375,34.60718248016293,91584413,1720698907
5.0,0,5.073390483856201,-6.311212062835693,7.137224197387695,0.004793763160705566,-0.002130561275407672,0.004527443088591099,-14.661218643188477,16.811904907226562,27.326374053955078,35.27495141952254,104584413,1720698907
5.0,0,3.814021348953247,-3.4740395545959473,5.511536598205566,-0.002663201652467251,0.03302370011806488,0.020240332931280136,-13.963065147399902,15.761160850524902,26.989011764526367,34.231391086141905,116584413,1720698907
5.0,0,3.811627149581909,-8.29124641418457,5.035082817077637,-0.0007989605655893683,0.03009418025612831,0.006924324203282595,-14.137603759765625,15.936284065246582,27.49505615234375,34.78239644844655,129584413,1720698907
5.0,0,4.577783584594727,-9.03106689453125,4.778899669647217,-0.006125363986939192,-0.007456964813172817,0.0015979211311787367,-14.137603759765625,15.936284065246582,27.49505615234375,34.78239644844655,141584413,1720698907
5.0,0,5.178737163543701,-6.859492301940918,5.743777751922607,0.024501455947756767,-0.00825592502951622,0.002130561275407672,-15.184833526611328,15.235788345336914,27.15769386291504,34.6446063866602,154584413,1720698907
5.0,0,5.612093925476074,-6.48599100112915,6.758934497833252,0.006125363986939192,-0.015180249698460102,-0.006125363986939192,-14.137603759765625,15.936284065246582,26.482967376708984,33.988005986703655,167584413,1720698907
5.0,0,4.532293319702148,-6.153192520141602,5.817998886108398,-0.010919126681983471,0.002130561275407672,0.000532640318851918,-15.010294914245605,16.811904907226562,26.989011764526367,35.16185228408764,179584413,1720698907
5.0,0,4.577783584594727,-7.216233730316162,5.906585693359375,-0.017843451350927353,0.01145176775753498,-0.009321206249296665,-15.010294914245605,16.46165657043457,28.001100540161133,35.78207263303471,192584413,1720698907
5.0,0,4.391032695770264,-7.235387802124023,5.109303951263428,-0.00878856610506773,0.007456964813172817,-0.005859043914824724,-15.70844841003418,16.111408233642578,28.338462829589844,36.18565050217885,204584413,1720698907
5.0,0,4.216253280639648,-7.776485919952393,4.716649055480957,-0.0018642412032932043,-0.005326403304934502,-0.004261122550815344,-15.70844841003418,15.761160850524902,27.326374053955078,35.24060529763207,217584413,1720698907
5.0,0,4.762139797210693,-6.998358726501465,5.640825271606445,0.006125363986939192,-0.007456964813172817,-0.006658004131168127,-15.184833526611328,14.535292625427246,26.145605087280273,33.547676019624895,229584413,1720698907
5.0,0,4.936919212341309,-6.531481742858887,6.3878278732299805,0.000266320159425959,-0.005326403304934502,0.0007989605655893683,-13.090373992919922,14.885540008544922,27.49505615234375,33.895653193898504,242584413,1720698907
5.0,0,4.505956172943115,-6.785271167755127,5.78447961807251,-0.006658004131168127,0.005060083232820034,-0.002130561275407672,-14.835756301879883,15.235788345336914,27.15769386291504,34.493031868835274,254584413,1720698907
5.0,0,4.323994159698486,-7.1851091384887695,5.27450704574585,-0.010919126681983471,0.002396881580352783,-0.005592723377048969,-14.835756301879883,15.235788345336914,27.15769386291504,34.493031868835274,267584413,1720698907
5.0,0,4.4245524406433105,-7.551427364349365,5.2194390296936035,-0.0018642412032932043,-0.005060083232820034,-0.0013316008262336254,-13.78852653503418,15.235788345336914,26.482967376708984,33.52014724888717,279584413,1720698907
5.0,0,4.606513977050781,-7.149195671081543,5.454074382781982,0.005060083232820034,-0.002396881580352783,-0.0031958422623574734,-14.486680030822754,15.235788345336914,28.844507217407227,35.693118964786485,292584413,1720698907
5.0,0,4.757351398468018,-6.787665367126465,5.956864833831787,0.000532640318851918,-0.002663201652467251,0.0018642412032932043,-14.486680030822754,15.235788345336914,28.844507217407227,35.693118964786485,304584413,1720698907
5.0,0,4.6328511238098145,-6.7733001708984375,5.923345565795898,-0.0037284824065864086,-0.002663201652467251,-0.0013316008262336254,-15.70844841003418,16.811904907226562,28.001100540161133,36.24164910045549,317584413,1720698907
5.0,0,4.467648506164551,-7.137224197387695,5.504354000091553,-0.011718087829649448,0.005060083232820034,-0.0034621621016412973,-14.661218643188477,14.710416793823242,28.001100540161133,34.8627211475465,329584413,1720698907
5.0,0,4.350330829620361,-7.357493877410889,5.15718936920166,-0.002130561275407672,-0.001065280637703836,-0.002396881580352783,-14.835756301879883,15.586036682128906,27.49505615234375,34.914213686204825,342584413,1720698907
5.0,0,4.4772257804870605,-7.192291736602783,5.444497585296631,0.002663201652467251,-0.005592723377048969,-0.002663201652467251,-14.486680030822754,15.586036682128906,26.145605087280273,33.71025219650726,354584413,1720698907
5.0,0,4.735803127288818,-6.866674900054932,5.964047431945801,0.0007989605655893683,-0.0015979211311787367,0.000266320159425959,-14.486680030822754,14.185044288635254,28.507143020629883,34.98194652938326,367584413,1720698907
5.0,0,4.699889659881592,-6.744569301605225,5.997567176818848,-0.004261122550815344,0.001065280637703836,-0.000266320159425959,-13.78852653503418,16.987028121948242,27.83241844177246,35.4023460344243,379584413,1720698907
5.0,0,4.4772257804870605,-7.041454792022705,5.406189918518066,-0.006125363986939192,0.0018642412032932043,-0.004527443088591099,-14.312141418457031,14.36016845703125,26.989011764526367,33.75586743252158,392584413,1720698907
5.0,0,4.551446914672852,-7.302426815032959,5.523507595062256,-0.002663201652467251,-0.002396881580352783,-0.000532640318851918,-15.533909797668457,16.28653335571289,26.482967376708984,34.75487136251091,404584413,1720698907
5.0,0,4.544264316558838,-7.201868534088135,5.384642124176025,0.002396881580352783,-0.002929521957412362,0.0,-14.835756301879883,15.235788345336914,29.181869506835938,36.10831510146484,417584413,1720698907
5.0,0,4.572995185852051,-6.8475213050842285,5.6360368728637695,0.004527443088591099,-0.002929521957412362,-0.001065280637703836,-14.835756301879883,15.235788345336914,29.181869506835938,36.10831510146484,429584413,1720698907
5.0,0,4.726226329803467,-6.809213638305664,5.949681758880615,-0.006924324203282595,-0.006391684524714947,0.0013316008262336254,-14.661218643188477,14.009920120239258,26.989011764526367,33.7584944851604,442584413,1720698907
5.0,0,4.652004718780518,-7.082156658172607,5.62406587600708,-0.005859043914824724,0.0018642412032932043,-0.002929521957412362,-13.963065147399902,17.162153244018555,27.66373634338379,35.42300101287246,454584413,1720698907
5.0,0,4.5801777839660645,-7.2856669425964355,5.4516801834106445,-0.006125363986939192,-0.0034621621016412973,0.0,-13.78852653503418,15.936284065246582,27.83241844177246,34.91034417094007,467584413,1720698907
5.0,0,4.417369842529297,-7.170743465423584,5.331968307495117,-0.000266320159425959,-0.006125363986939192,0.000266320159425959,-12.9158353805542,15.41091251373291,27.326374053955078,33.927065110618905,479584413,1720698907
5.0,0,4.6017255783081055,-6.921742916107178,5.72941255569458,0.000532640318851918,-0.000266320159425959,-0.002663201652467251,-15.010294914245605,15.761160850524902,27.66373634338379,35.19950927562768,492584413,1720698907
5.0,0,4.671158790588379,-6.797242164611816,5.901797294616699,-0.000266320159425959,-0.005592723377048969,0.000266320159425959,-15.70844841003418,16.111408233642578,28.001100540161133,35.92206088439252,504584413,1720698907
5.0,0,4.599331378936768,-7.036666393280029,5.640825271606445,-0.004793763160705566,0.004261122550815344,-0.006924324203282595,-15.010294914245605,16.111408233642578,27.66373634338379,35.357725282602196,517584413,1720698907
5.0,0,4.577783584594727,-7.2066569328308105,5.511536598205566,-0.003994802478700876,0.0007989605655893683,0.0007989605655893683,-15.010294914245605,16.111408233642578,25.63956069946289,33.797536915360496,529584413,1720698907
5.0,0,4.417369842529297,-7.204262733459473,5.37027645111084,0.0015979211311787367,0.000266320159425959,0.002396881580352783,-14.661218643188477,15.761160850524902,28.338462829589844,35.58699199150641,542584413,1720698907
5.0,0,4.503561973571777,-6.988780975341797,5.671950340270996,0.002396881580352783,0.0,-0.002396881580352783,-14.486680030822754,15.936284065246582,26.820329666137695,34.39708027615101,554584413,1720698907
5.0,0,4.683129787445068,-6.8762526512146,5.829969882965088,-0.002396881580352783,-0.002929521957412362,-0.003994802478700876,-14.835756301879883,14.885540008544922,27.15769386291504,34.339762700790075,567584413,1720698907
5.0,0,4.644822120666504,-7.010329723358154,5.640825271606445,-0.005326403304934502,0.006391684524714947,-0.0018642412032932043,-15.359371185302734,15.060664176940918,27.326374053955078,34.77735768564324,579584413,1720698907
5.0,0,4.587360382080078,-7.118070602416992,5.5306901931762695,-0.006125363986939192,0.000532640318851918,0.000532640318851918,-14.312141418457031,15.060664176940918,26.989011764526367,34.05976737234486,592584413,1720698907
5.0,0,4.438917636871338,-7.177926063537598,5.2984490394592285,0.001065280637703836,-0.0018642412032932043,-0.002663201652467251,-14.486680030822754,15.936284065246582,26.820329666137695,34.39708027615101,604584413,1720698907
5.0,0,4.520321846008301,-7.012723922729492,5.56181526184082,-0.0007989605655893683,0.001065280637703836,-0.0037284824065864086,-13.78852653503418,15.235788345336914,27.49505615234375,34.325367053125326,617584413,1720698907
5.0,0,4.577783584594727,-6.931319713592529,5.794056415557861,-0.003994802478700876,-0.004793763160705566,-0.000266320159425959,-15.010294914245605,14.710416793823242,27.326374053955078,34.473700622319235,630584413,1720698907
5.0,0,4.640033721923828,-7.000752925872803,5.619277477264404,-0.005060083232820034,0.0,-0.004261122550815344,-14.661218643188477,16.46165657043457,28.001100540161133,35.63704674361389,642584413,1720698907
5.0,0,4.592148780822754,-7.168349266052246,5.693498611450195,-0.004527443088591099,-0.0018642412032932043,0.0018642412032932043,-14.486680030822754,15.586036682128906,26.820329666137695,34.23621651369223,655584413,1720698907
5.0,0,4.482014179229736,-7.1587724685668945,5.480411052703857,-0.001065280637703836,-0.000266320159425959,0.0007989605655893683,-14.486680030822754,16.987028121948242,27.83241844177246,35.68005800232414,667584413,1720698907
5.0,0,4.517927646636963,-7.0534257888793945,5.576180934906006,-0.0015979211311787367,-0.005060083232820034,-0.0007989605655893683,-15.359371185302734,15.41091251373291,27.326374053955078,34.93046273169748,680584413,1720698907
5.0,0,4.606513977050781,-6.969627380371094,5.7892680168151855,-0.0031958422623574734,-0.0018642412032932043,-0.006391684524714947,-13.613988876342773,15.761160850524902,27.326374053955078,34.358195578609376,692584413,1720698907
5.0,0,4.620879650115967,-7.01511812210083,5.671950340270996,-0.008522245101630688,-0.002396881580352783,-0.0037284824065864086,-15.359371185302734,15.761160850524902,27.326374053955078,35.086396131559255,705584413,1720698907
5.0,0,4.640033721923828,-7.144406795501709,5.640825271606445,-0.006658004131168127,-0.001065280637703836,0.0,-15.010294914245605,16.46165657043457,28.001100540161133,35.78207263303471,717584413,1720698907
5.0,0,4.537081718444824,-7.118070602416992,5.425343990325928,-0.006391684524714947,0.0007989605655893683,-0.002663201652467251,-13.613988876342773,16.46165657043457,28.338462829589844,35.48796001057488,730584413,1720698907
5.0,0,4.484408378601074,-7.072579860687256,5.6049113273620605,-0.0031958422623574734,-0.000532640318851918,-0.0018642412032932043,-15.184833526611328,16.987028121948242,27.83241844177246,35.96917861120372,742584413,1720698907
5.0,0,4.556235313415527,-6.995964527130127,5.626460075378418,-0.002396881580352783,-0.0034621621016412973,-0.002929521957412362,-14.835756301879883,15.936284065246582,27.15769386291504,34.8081190357769,755584413,1720698907
5.0,0,4.561023712158203,-7.055819988250732,5.607305526733398,-0.0031958422623574734,0.000532640318851918,-0.004527443088591099,-14.835756301879883,15.936284065246582,27.15769386291504,34.8081190357769,767584413,1720698907
5.0,0,4.640033721923828,-7.122859001159668,5.626460075378418,-0.004261122550815344,-0.0015979211311787367,-0.0031958422623574734,-13.78852653503418,14.535292625427246,27.83241844177246,34.293464567349524,780584413,1720698907
5.0,0,4.517927646636963,-7.094127655029297,5.51871919631958,-0.004793763160705566,0.0,-0.001065280637703836,-13.963065147399902,16.811904907226562,27.66373634338379,35.25464002647617,792584413,1720698907
5.0,0,4.503561973571777,-7.084550857543945,5.540267467498779,-0.000532640318851918,0.0,-0.002663201652467251,-13.963065147399902,16.811904907226562,27.66373634338379,35.25464002647617,805584413,1720698907
5.0,0,4.561023712158203,-7.048637390136719,5.681527137756348,-0.000266320159425959,-0.00719064474105835,-0.0015979211311787367,-13.963065147399902,15.761160850524902,27.326374053955078,34.498001371142095,817584413,1720698907
5.0,0,4.623273849487305,-7.039060592651367,5.652796745300293,-0.002929521957412362,-0.002929521957412362,-0.0031958422623574734,-13.963065147399902,15.761160850524902,28.338462829589844,35.30509673136016,830584413,1720698907
5.0,0,4.635245323181152,-7.108493804931641,5.619277477264404,-0.004261122550815344,0.0,0.0007989605655893683,-15.359371185302734,16.111408233642578,25.9769229888916,34.20947655913196,842584413,1720698907
5.0,0,4.517927646636963,-7.151589870452881,5.585757732391357,-0.0034621621016412973,-0.0037284824065864086,-0.004261122550815344,-15.184833526611328,15.936284065246582,26.820329666137695,34.69689326783361,855584413,1720698907
5.0,0,4.450888633728027,-7.043848991394043,5.564209461212158,-0.002396881580352783,-0.004793763160705566,-0.0018642412032932043,-14.137603759765625,17.337276458740234,26.820329666137695,34.92539303250907,868398944,1720698907
5.0,0,4.537081718444824,-7.012723922729492,5.619277477264404,-0.002396881580352783,-0.002663201652467251,-0.007456964813172817,-15.184833526611328,16.63677978515625,26.482967376708984,34.76649496176621,881398944,1720698907
5.0,0,4.568206310272217,-6.969627380371094,5.676738739013672,-0.001065280637703836,-0.005326403304934502,-0.005326403304934502,-15.184833526611328,16.63677978515625,26.482967376708984,34.76649496176621,893398944,1720698907
5.0,0,4.604119777679443,-7.072579860687256,5.674344539642334,-0.004793763160705566,-0.000266320159425959,-0.0018642412032932043,-13.963065147399902,14.710416793823242,26.651649475097656,33.491401438309566,906398944,1720698907
5.0,0,4.594542980194092,-7.12046480178833,5.576180934906006,-0.002663201652467251,-0.002663201652467251,-0.0018642412032932043,-13.613988876342773,15.41091251373291,26.989011764526367,33.92998192833083,918398944,1720698907
5.0,0,4.513139247894287,-7.089339256286621,5.552238464355469,-0.001065280637703836,-0.004527443088591099,-0.000532640318851918,-13.613988876342773,15.41091251373291,26.989011764526367,33.92998192833083,931398944,1720698907
5.0,0,4.522716045379639,-7.039060592651367,5.688709735870361,-0.003994802478700876,-0.000266320159425959,-0.0031958422623574734,-13.613988876342773,16.111408233642578,28.001100540161133,35.056808181243234,943398944,1720698907
5.0,0,4.5418701171875,-7.12046480178833,5.652796745300293,-0.0007989605655893683,-0.001065280637703836,0.000532640318851918,-14.661218643188477,15.761160850524902,27.66373634338379,35.052073147472306,956398944,1720698907
5.0,0,4.58496618270874,-7.063002586364746,5.5833635330200195,-0.001065280637703836,-0.001065280637703836,-0.002929521957412362,-15.010294914245605,15.761160850524902,27.326374053955078,34.93499482904521,968398944,1720698907
5.0,0,4.575389385223389,-7.082156658172607,5.597728729248047,-0.0013316008262336254,0.0007989605655893683,0.000266320159425959,-13.613988876342773,15.761160850524902,27.326374053955078,34.358195578609376,981398944,1720698907
5.0,0,4.529898643493652,-7.039060592651367,5.597728729248047,-0.000532640318851918,-0.003994802478700876,-0.000266320159425959,-14.835756301879883,15.936284065246582,27.83241844177246,35.33706738221095,993398944,1720698907
5.0,0,4.592148780822754,-7.029483795166016,5.626460075378418,-0.000532640318851918,-0.000532640318851918,0.000266320159425959,-14.486680030822754,15.936284065246582,27.49505615234375,34.92573780100009,6398944,1720698908
5.0,0,4.604119777679443,-6.998358726501465,5.62406587600708,-0.001065280637703836,-0.003994802478700876,-0.0018642412032932043,-14.486680030822754,15.936284065246582,27.49505615234375,34.92573780100009,18398944,1720698908
5.0,0,4.58496618270874,-7.0797624588012695,5.650402545928955,-0.002130561275407672,-0.000266320159425959,-0.0007989605655893683,-14.312141418457031,15.41091251373291,27.66373634338379,34.7507686960173,31398944,1720698908
5.0,0,4.565812110900879,-7.072579860687256,5.547450065612793,0.0,0.0,0.000532640318851918,-15.184833526611328,15.235788345336914,27.49505615234375,34.90969104067436,43398944,1720698908
5.0,0,4.520321846008301,-7.089339256286621,5.602517127990723,-0.005060083232820034,-0.001065280637703836,-0.004527443088591099,-15.184833526611328,15.235788345336914,27.49505615234375,34.90969104067436,56398944,1720698908
5.0,0,4.558629512786865,-7.036666393280029,5.573786735534668,-0.0018642412032932043,-0.003994802478700876,-0.0018642412032932043,-15.359371185302734,14.710416793823242,28.338462829589844,35.43127320602451,68398944,1720698908
5.0,0,4.572995185852051,-7.05821418762207,5.655190944671631,-0.002663201652467251,-0.001065280637703836,-0.000532640318851918,-15.184833526611328,16.28653335571289,27.83241844177246,35.643707078467074,81398944,1720698908
5.0,0,4.623273849487305,-7.072579860687256,5.648007869720459,-0.0037284824065864086,-0.0013316008262336254,-0.002663201652467251,-16.057525634765625,15.060664176940918,28.001100540161133,35.6192274821052,93398944,1720698908
5.0,0,4.568206310272217,-7.051031589508057,5.619277477264404,-0.002130561275407672,-0.002929521957412362,0.0037284824065864086,-15.010294914245605,15.761160850524902,26.989011764526367,34.67174499206074,106398944,1720698908
5.0,0,4.537081718444824,-7.094127655029297,5.552238464355469,-0.002396881580352783,-0.0013316008262336254,0.0015979211311787367,-15.882987022399902,15.235788345336914,26.820329666137695,34.694792212347,119398944,1720698908
5.0,0,4.558629512786865,-7.0318779945373535,5.56181526184082,-0.0034621621016412973,-0.004527443088591099,-0.001065280637703836,-16.057525634765625,15.761160850524902,28.675825119018555,36.449434386884654,131398944,1720698908
5.0,0,4.587360382080078,-7.0797624588012695,5.671950340270996,-0.002663201652467251,-0.004793763160705566,-0.004261122550815344,-16.057525634765625,15.761160850524902,28.675825119018555,36.449434386884654,144398944,1720698908
5.0,0,4.558629512786865,-7.043848991394043,5.643219470977783,-0.004527443088591099,0.0,-0.000266320159425959,-14.312141418457031,16.46165657043457,27.326374053955078,34.965043228366156,156398944,1720698908
5.0,0,4.575389385223389,-7.070185661315918,5.6144890785217285,-0.002929521957412362,-0.0018642412032932043,0.002396881580352783,-14.137603759765625,16.28653335571289,27.83241844177246,35.2103184469099,169398944,1720698908
5.0,0,4.565812110900879,-7.065396785736084,5.5833635330200195,-0.002396881580352783,-0.005060083232820034,-0.004527443088591099,-14.835756301879883,15.586036682128906,27.49505615234375,34.914213686204825,181398944,1720698908
5.0,0,4.515533447265625,-7.089339256286621,5.6144890785217285,-0.0031958422623574734,0.002130561275407672,-0.002663201652467251,-14.312141418457031,16.111408233642578,28.001100540161133,35.33378692856472,194398944,1720698908
5.0,0,4.575389385223389,-7.118070602416992,5.607305526733398,-0.0037284824065864086,-0.006658004131168127,-0.0015979211311787367,-15.533909797668457,16.28653335571289,27.15769386291504,35.271714705988735,206398944,1720698908
5.0,0,4.556235313415527,-7.01511812210083,5.645613670349121,-0.000266320159425959,-0.001065280637703836,-0.0015979211311787367,-14.661218643188477,15.761160850524902,26.314287185668945,33.99716508106753,219398944,1720698908
5.0,0,4.534687519073486,-7.0534257888793945,5.640825271606445,-0.002396881580352783,-0.0018642412032932043,-0.0018642412032932043,-15.184833526611328,15.235788345336914,26.145605087280273,33.85706840697847,231398944,1720698908
5.0,0,4.572995185852051,-7.082156658172607,5.619277477264404,-0.002130561275407672,-0.004793763160705566,-0.002663201652467251,-13.43945026397705,15.586036682128906,28.507143020629883,35.15964399781698,244398944,1720698908
5.0,0,4.5275044441223145,-7.055819988250732,5.6144890785217285,-0.0034621621016412973,-0.0018642412032932043,-0.004793763160705566,-15.70844841003418,14.36016845703125,26.989011764526367,34.37115863032207,256398944,1720698908
5.0,0,4.565812110900879,-7.019906520843506,5.638431072235107,-0.000532640318851918,-0.0018642412032932043,-0.0037284824065864086,-15.184833526611328,16.63677978515625,26.820329666137695,35.02415872295848,269398944,1720698908
5.0,0,4.539475917816162,-7.063002586364746,5.671950340270996,-0.005326403304934502,-0.003994802478700876,-0.0034621621016412973,-13.963065147399902,15.761160850524902,27.326374053955078,34.498001371142095,281398944,1720698908
5.0,0,4.6017255783081055,-7.036666393280029,5.633642673492432,-0.004261122550815344,-0.000532640318851918,-0.002130561275407672,-14.137603759765625,13.834795951843262,28.507143020629883,34.69770341529717,294398944,1720698908
5.0,0,4.539475917816162,-7.065396785736084,5.631248474121094,-0.0034621621016412973,-0.002130561275407672,-0.002663201652467251,-14.661218643188477,15.41091251373291,26.989011764526367,34.36356082589593,306398944,1720698908
5.0,0,4.534687519073486,-7.051031589508057,5.609699726104736,-0.004527443088591099,-0.004527443088591099,-0.0015979211311787367,-14.312141418457031,16.46165657043457,28.338462829589844,35.76159958067998,319398944,1720698908
5.0,0,4.537081718444824,-6.976809978485107,5.691104412078857,-0.002396881580352783,0.0007989605655893683,0.000532640318851918,-13.613988876342773,15.41091251373291,28.001100540161133,34.74044543599472,331398944,1720698908
5.0,0,4.582571983337402,-7.072579860687256,5.669556140899658,-0.002130561275407672,-0.0013316008262336254,0.000266320159425959,-13.78852653503418,15.936284065246582,27.83241844177246,34.91034417094007,344398944,1720698908
5.0,0,4.592148780822754,-7.091733455657959,5.648007869720459,-0.0034621621016412973,-0.002130561275407672,-0.000266320159425959,-14.486680030822754,15.586036682128906,26.820329666137695,34.23621651369223,356398944,1720698908
5.0,0,4.577783584594727,-7.089339256286621,5.566603660583496,-0.004261122550815344,0.0031958422623574734,-0.002396881580352783,-15.533909797668457,16.987028121948242,27.15769386291504,35.60058727001247,369398944,1720698908
5.0,0,4.563417911529541,-7.039060592651367,5.592940330505371,-0.0018642412032932043,-0.001065280637703836,-0.0007989605655893683,-15.359371185302734,15.761160850524902,27.326374053955078,35.086396131559255,381398944,1720698908
5.0,0,4.5538411140441895,-7.055819988250732,5.5833635330200195,-0.002663201652467251,-0.002663201652467251,-0.002396881580352783,-15.533909797668457,15.235788345336914,28.169780731201172,35.59449601483293,394398944,1720698908
5.0,0,4.561023712158203,-7.074974060058594,5.600122928619385,-0.0034621621016412973,0.0018642412032932043,-0.002663201652467251,-14.835756301879883,16.28653335571289,27.49505615234375,35.232498444136105,406398944,1720698908
5.0,0,4.565812110900879,-7.024694919586182,5.5306901931762695,-0.002130561275407672,-0.000532640318851918,-0.002929521957412362,-14.312141418457031,15.41091251373291,27.326374053955078,34.48281217395867,419398944,1720698908
5.0,0,4.558629512786865,-7.077368259429932,5.597728729248047,0.0,-0.002130561275407672,-0.001065280637703836,-14.486680030822754,16.28653335571289,27.83241844177246,35.35192474788471,431398944,1720698908
5.0,0,4.558629512786865,-7.144406795501709,5.6144890785217285,0.000266320159425959,0.0007989605655893683,0.000532640318851918,-14.312141418457031,14.710416793823242,27.66373634338379,34.44584245894072,444398944,1720698908
5.0,0,4.558629512786865,-7.022300720214844,5.705469608306885,0.0031958422623574734,-0.0015979211311787367,-0.002396881580352783,-15.010294914245605,17.512399673461914,28.338462829589844,36.53849437620195,456398944,1720698908
5.0,0,4.549052715301514,-7.254541397094727,5.626460075378418,-0.002130561275407672,-0.000532640318851918,-0.002396881580352783,-15.010294914245605,16.46165657043457,27.66373634338379,35.51869083921608,469398944,1720698908
5.0,0,-6.605702877044678,-1.8459577560424805,-3.4381263256073,0.12064303457736969,0.09081517904996872,0.019441373646259308,-14.312141418457031,16.46165657043457,27.326374053955078,34.965043228366156,481398944,1720698908
5.0,0,-5.949681758880615,-19.908090591430664,-2.786893367767334,0.2633906304836273,-0.12037672102451324,-0.341422438621521,-16.23206329345703,15.586036682128906,29.181869506835938,36.85086058877681,494398944,1720698908
5.0,0,-23.762813568115234,12.105268478393555,-15.074124336242676,0.5126663446426392,-0.42611226439476013,-0.49189335107803345,-17.62837028503418,15.936284065246582,28.169780731201172,36.854594491846754,506398944,1720698908
5.0,0,0.598559558391571,-12.169913291931152,4.02232027053833,0.6125363707542419,-0.5400972962379456,-0.7933678030967712,-16.057525634765625,14.710416793823242,29.687911987304688,36.81864486812492,519398944,1720698908
5.0,0,-2.5857772827148438,2.944913148880005,1.0079742670059204,0.5824421644210815,-0.653283417224884,-0.8783239126205444,-19.199214935302734,13.30942440032959,29.013187408447266,37.24937147923067,531398944,1720698908
5.0,0,15.533818244934082,-13.809966087341309,10.956033706665039,0.6058784127235413,-0.4870995879173279,-0.8263914585113525,-16.93021583557129,11.733307838439941,27.83241844177246,34.62580305766988,544398944,1720698908
5.0,0,13.299993515014648,-5.140429496765137,8.992758750915527,0.5590060353279114,-0.4277102053165436,-0.7286520004272461,-19.722829818725586,12.433804512023926,28.844507217407227,37.089015992833986,556398944,1720698908
5.0,0,9.047825813293457,-8.01351547241211,7.52509069442749,0.5560765266418457,-0.2884247303009033,-0.5965571999549866,-17.104755401611328,11.908432006835938,28.001100540161133,34.90623213225109,569398944,1720698908
5.0,0,-0.13407734036445618,-6.543453216552734,1.3790812492370605,0.5749852657318115,-0.28123411536216736,-0.6279829740524292,-20.420982360839844,12.083556175231934,28.169780731201172,36.83158151458705,581398944,1720698908
5.0,0,1.3192253112792969,-4.438917636871338,2.317622661590576,0.626651406288147,-0.3616628050804138,-0.660740315914154,-18.675600051879883,11.383060455322266,27.83241844177246,35.39767815754605,594398944,1720698908
5.0,0,3.4907991886138916,-3.3232028484344482,4.589754581451416,0.6325104236602783,-0.47618046402931213,-0.7230592966079712,-23.21359634399414,9.281572341918945,27.49505615234375,37.16176466720477,607398944,1720698908
5.0,0,7.4676289558410645,-5.461257457733154,7.764514923095703,0.5986877083778381,-0.4466189444065094,-0.7680673599243164,-21.817289352416992,8.931324005126953,28.169780731201172,36.73280835459763,619398944,1720698908
5.0,0,7.99196720123291,-4.223435878753662,7.010329723358154,0.5875023007392883,-0.372848242521286,-0.7028189301490784,-22.68998146057129,9.456696510314941,29.350549697875977,38.28471150651078,632398944,1720698908
5.0,0,7.632831573486328,-4.237801551818848,5.322391510009766,0.5867033004760742,-0.3584669530391693,-0.7209286689758301,-19.548290252685547,8.055704116821289,29.013187408447266,35.899791980159094,644398944,1720698908
5.0,0,5.813210487365723,-6.593731880187988,4.137243747711182,0.5984213948249817,-0.31985053420066833,-0.6668657064437866,-19.548290252685547,8.055704116821289,29.013187408447266,35.899791980159094,657398944,1720698908
5.0,0,4.041474342346191,-5.059025287628174,4.27850341796875,0.6322441101074219,-0.3502110540866852,-0.6783174276351929,-21.642751693725586,7.355208396911621,28.675825119018555,36.671661234457275,669398944,1720698908
5.0,0,6.2034711837768555,-2.966461181640625,5.138035297393799,0.6527507901191711,-0.36432600021362305,-0.6820459365844727,-21.9918270111084,7.004960060119629,29.013187408447266,37.073912179969234,682398944,1720698908
5.0,0,6.883435249328613,-3.8810603618621826,7.125253200531006,0.6359725594520569,-0.37178295850753784,-0.7270541191101074,-21.9918270111084,7.004960060119629,29.013187408447266,37.073912179969234,694398944,1720698908
5.0,0,7.405378818511963,-3.3902413845062256,6.81400203704834,0.6258523464202881,-0.32118213176727295,-0.6879050135612488,-24.086286544799805,7.004960060119629,28.001100540161133,37.593620421851995,707398944,1720698908
5.0,0,7.297637939453125,-3.28010630607605,5.5833635330200195,0.6285156011581421,-0.329171746969223,-0.7257224321365356,-19.199214935302734,5.954216003417969,28.675825119018555,35.01950154705012,719398944,1720698908
5.0,0,5.808422088623047,-6.655982494354248,4.764533996582031,0.6202596426010132,-0.31745365262031555,-0.6945629715919495,-24.086286544799805,4.553224086761475,27.66373634338379,36.96164711669005,732398944,1720698908
5.0,0,6.119673252105713,-4.458071708679199,5.327179908752441,0.6460927128791809,-0.2950827479362488,-0.6673983335494995,-21.29367446899414,4.903471946716309,29.013187408447266,36.321201151963706,744398944,1720698908
5.0,0,8.317583084106445,-2.422969102859497,6.1292500495910645,0.660740315914154,-0.3214484453201294,-0.710808515548706,-24.086286544799805,4.202976226806641,28.338462829589844,37.42836737322844,757398944,1720698908
5.0,0,6.059816837310791,-2.085381507873535,6.03826904296875,0.6610066294670105,-0.2865605056285858,-0.6860407590866089,-22.864519119262695,3.6776041984558105,29.85659408569336,37.785277789021066,769398944,1720698908
5.0,0,7.929717063903809,-4.5275044441223145,6.213047981262207,0.6375705003738403,-0.2572652995586395,-0.6895028948783875,-22.864519119262695,3.6776041984558105,29.85659408569336,37.785277789021066,782398944,1720698908
5.0,0,6.34712553024292,-3.150817394256592,5.379853248596191,0.6562128663063049,-0.2681844234466553,-0.689236581325531,-22.340904235839844,1.0507440567016602,28.001100540161133,35.836876211632514,794398944,1720698908
5.0,0,6.414164066314697,-4.479619979858398,6.035874843597412,0.684176504611969,-0.25060728192329407,-0.6924324631690979,-24.43536376953125,0.3502480089664459,29.350549697875977,38.19246579869638,807398944,1720698908
5.0,0,6.48599100112915,-2.530709743499756,6.1771345138549805,0.6729910373687744,-0.2495419979095459,-0.6887039542198181,-24.43536376953125,0.3502480089664459,29.350549697875977,38.19246579869638,819398944,1720698908
5.0,0,7.091733455657959,-0.47405916452407837,5.394218921661377,0.6847091913223267,-0.23542703688144684,-0.672724723815918,-25.308055877685547,-1.9263640642166138,28.844507217407227,38.42153260127733,832398944,1720698908
5.0,0,6.8762526512146,-5.214650630950928,5.968835830688477,0.6572781801223755,-0.2519388794898987,-0.6913671493530273,-23.737211227416992,-2.8019840717315674,29.687911987304688,38.114018808821484,844398944,1720698908
5.0,0,6.988780975341797,-3.512347459793091,5.765325546264648,0.6551476120948792,-0.2063981294631958,-0.6671320199966431,-26.35528564453125,-2.6268601417541504,30.53131866455078,40.418595905913385,857398944,1720698908
5.0,0,9.083740234375,-2.367901563644409,6.229808330535889,0.6772521734237671,-0.23063325881958008,-0.696959912776947,-25.13351821899414,-2.1014881134033203,29.013187408447266,38.443140271743786,869398944,1720698908
5.0,0,5.98798942565918,-2.968855381011963,5.511536598205566,0.6642025113105774,-0.1952126920223236,-0.6708605289459229,-25.657133102416992,-2.2766120433807373,28.169780731201172,38.1707740015206,882398944,1720698908
5.0,0,9.002335548400879,-3.9121851921081543,6.052634239196777,0.6692625880241394,-0.18589147925376892,-0.6863070726394653,-23.21359634399414,-3.6776041984558105,29.51923179626465,37.73302099890757,894398944,1720698908
5.0,0,6.368673324584961,-3.5698091983795166,5.339150905609131,0.6724584102630615,-0.18748940527439117,-0.6801817417144775,-23.21359634399414,-3.6776041984558105,29.51923179626465,37.73302099890757,907398944,1720698908
5.0,0,7.668745040893555,-5.98798942565918,5.822787284851074,0.6636698842048645,-0.17736923694610596,-0.6863070726394653,-24.9589786529541,-5.078596115112305,29.51923179626465,38.9888163418775,919398944,1720698908
5.0,0,6.655982494354248,-1.9129964113235474,6.004749774932861,0.6785838007926941,-0.14913929998874664,-0.6615393161773682,-27.227977752685547,-5.954216003417969,30.02527618408203,40.96745867937748,932398944,1720698908
5.0,0,6.351913928985596,-2.2793147563934326,5.703075408935547,0.6833775639533997,-0.1632542759180069,-0.6780511140823364,-27.227977752685547,-5.954216003417969,30.02527618408203,40.96745867937748,944398944,1720698908
5.0,0,7.481994152069092,-3.4357316493988037,5.908979892730713,0.6796491146087646,-0.13529065251350403,-0.6708605289459229,-25.13351821899414,-7.355208396911621,28.001100540161133,38.338680990439954,957398944,1720698908
5.0,0,7.170743465423584,-4.982409954071045,5.3774590492248535,0.6543486714363098,-0.11744718998670578,-0.6530171036720276,-25.657133102416992,-6.829836368560791,30.868682861328125,40.71622189557511,969398944,1720698908
5.0,0,6.7493577003479,-1.6616014242172241,5.829969882965088,0.6895028948783875,-0.12596943974494934,-0.6895028948783875,-26.35528564453125,-7.530332088470459,29.181869506835938,40.03608985255033,982398944,1720698908
5.0,0,6.675136089324951,-2.940124750137329,5.669556140899658,0.6748553514480591,-0.12410520017147064,-0.6687299609184265,-25.482593536376953,-8.405952453613281,28.001100540161133,38.78252494942561,994398944,1720698908
5.0,0,7.869860649108887,-2.863509178161621,5.913768291473389,0.6895028948783875,-0.08309189230203629,-0.6468916535377502,-25.13351821899414,-10.15719223022461,30.362638473510742,40.70321986206202,7398944,1720698909
5.0,0,5.875460624694824,-4.017531871795654,5.26492977142334,0.6634035706520081,-0.10493014752864838,-0.6602076888084412,-23.388134002685547,-10.15719223022461,29.687911987304688,39.134964983953424,19398944,1720698909
5.0,0,7.515513896942139,-3.8307812213897705,6.275298595428467,0.6916335225105286,-0.08655405789613724,-0.6791164875030518,-25.482593536376953,-11.20793628692627,28.675825119018555,39.96602751598581,32398944,1720698909
5.0,0,7.798034191131592,-2.4157862663269043,5.923345565795898,0.6988241076469421,-0.08229293674230576,-0.6705942153930664,-24.9589786529541,-12.083556175231934,29.85659408569336,40.7477503138083,44398944,1720698909
5.0,0,6.100518703460693,-2.573806047439575,5.67913293838501,0.6863070726394653,-0.05539459362626076,-0.6439622044563293,-25.13351821899414,-12.959176063537598,31.037363052368164,41.98752061690217,57398944,1720698909
5.0,0,7.69508171081543,-3.6009342670440674,5.573786735534668,0.6881713271141052,-0.0719064474105835,-0.6538160443305969,-26.006208419799805,-12.784051895141602,30.868682861328125,42.33946670454167,69398944,1720698909
5.0,0,7.723812580108643,-2.475642204284668,6.189105987548828,0.6873723864555359,-0.03835010528564453,-0.653283417224884,-27.402515411376953,-15.586036682128906,30.868682861328125,44.12140038485487,82398944,1720698909
5.0,0,7.685504913330078,-3.7828965187072754,5.949681758880615,0.6911008358001709,-0.018376091495156288,-0.6420979499816895,-26.006208419799805,-13.834795951843262,29.85659408569336,41.942110888712605,95398944,1720698909
5.0,0,6.181922912597656,-1.9393328428268433,5.640825271606445,0.680448055267334,-0.03621954470872879,-0.6602076888084412,-26.006208419799805,-16.63677978515625,30.19395637512207,43.183102245862614,107398944,1720698909
5.0,0,8.975998878479004,-0.2920970618724823,6.421347141265869,0.6913671493530273,0.000266320159425959,-0.6562128663063049,-25.482593536376953,-17.162153244018555,29.013187408447266,42.25715467123952,120398944,1720698909
5.0,0,6.495568752288818,-3.1053268909454346,5.56181526184082,0.6799154281616211,0.002130561275407672,-0.6484896540641785,-24.260826110839844,-17.687524795532227,32.21813201904297,44.039121786991366,132398944,1720698909
5.0,0,7.742966175079346,-3.6464247703552246,5.98798942565918,0.6833775639533997,-0.0013316008262336254,-0.6538160443305969,-25.308055877685547,-17.337276458740234,30.19395637512207,43.04362727393704,145398944,1720698909
5.0,0,8.207448959350586,-1.2473981380462646,5.952075958251953,0.6748553514480591,0.022370893508195877,-0.6450274586677551,-26.529823303222656,-17.862648010253906,30.362638473510742,44.09983598055165,157398944,1720698909
5.0,0,6.80203104019165,-2.4636712074279785,6.059816837310791,0.6769858598709106,0.010919126681983471,-0.6444948315620422,-26.006208419799805,-19.088516235351562,30.53131866455078,44.41684081334121,170398944,1720698909
5.0,0,9.098105430603027,-2.1069295406341553,5.930528163909912,0.6663330793380737,0.026365695521235466,-0.6644688248634338,-22.340904235839844,-20.31438446044922,30.02527618408203,42.58294762005457,182398944,1720698909
5.0,0,7.786062717437744,-1.3192253112792969,6.3567023277282715,0.6831112504005432,0.04740498960018158,-0.6471579670906067,-24.609901428222656,-20.83975601196289,31.206045150756836,44.87493657818419,195398944,1720698909
5.0,0,5.873066425323486,-1.6855436563491821,5.434920787811279,0.6713931560516357,0.0681779608130455,-0.6373041868209839,-25.13351821899414,-21.365129470825195,30.362638473510742,44.83360693099261,207398944,1720698909
5.0,0,8.698267936706543,-1.692726492881775,6.995964527130127,0.67778480052948,0.038882747292518616,-0.6586098074913025,-24.260826110839844,-21.890501022338867,31.206045150756836,45.184056618905984,220398944,1720698909
5.0,0,8.315189361572266,-0.7589734792709351,6.13403844833374,0.6692625880241394,0.08282557129859924,-0.6325104236602783,-23.0390567779541,-23.116369247436523,33.06153869628906,46.45675414154373,232398944,1720698909
5.0,0,7.335946083068848,-1.8291980028152466,6.349519729614258,0.6769858598709106,0.06471580266952515,-0.6535497307777405,-23.562671661376953,-24.69248390197754,29.51923179626465,45.125417481868,245398944,1720698909
5.0,0,7.685504913330078,-1.8938424587249756,6.572184085845947,0.662071943283081,0.08122765272855759,-0.6386357545852661,-23.737211227416992,-23.816864013671875,32.0494499206543,46.452830360671,257398944,1720698909
5.0,0,6.9744157791137695,0.9864261746406555,6.4931745529174805,0.6756542921066284,0.1075933501124382,-0.6511527895927429,-25.308055877685547,-23.991989135742188,31.206045150756836,46.79669314116863,270398944,1720698909
5.0,0,6.481202602386475,-3.380664348602295,5.14761209487915,0.634108304977417,0.12277359515428543,-0.6306461691856384,-22.864519119262695,-25.04273223876953,30.868682861328125,45.856300048423975,282398944,1720698909
5.0,0,8.899383544921875,-0.9888203740119934,6.258538722991943,0.6692625880241394,0.09853846579790115,-0.6692625880241394,-22.51544189453125,-26.4437255859375,31.543407440185547,46.916972403469636,295398944,1720698909
5.0,0,8.636016845703125,-2.164391279220581,6.0981245040893555,0.6375705003738403,0.12810000777244568,-0.6314451694488525,-23.9117488861084,-30.29645347595215,32.21813201904297,50.27578799789538,307398944,1720698909
5.0,0,8.073371887207031,-2.6408448219299316,6.004749774932861,0.6365051865577698,0.1387528032064438,-0.6149332523345947,-23.21359634399414,-26.79397201538086,31.543407440185547,47.45286655746377,320398944,1720698909
5.0,0,6.9480791091918945,-1.3766870498657227,5.669556140899658,0.6412989497184753,0.1350243240594864,-0.6530171036720276,-23.21359634399414,-28.89546012878418,30.19395637512207,47.80683709323206,332398944,1720698909
5.0,0,10.12523365020752,-0.9002335667610168,7.060608386993408,0.6420979499816895,0.143812894821167,-0.6554139256477356,-22.166366577148438,-29.595956802368164,32.89285659790039,49.48947849240488,345398944,1720698909
5.0,0,6.406981468200684,0.06464443355798721,6.03826904296875,0.6458263993263245,0.1757713109254837,-0.6274503469467163,-21.817289352416992,-30.646699905395508,31.206045150756836,48.87772072968963,357398944,1720698909
5.0,0,9.524279594421387,-0.8571372628211975,6.7158379554748535,0.6514191031455994,0.14727506041526794,-0.6434295177459717,-22.51544189453125,-31.347196578979492,32.21813201904297,50.27524130089957,370398944,1720698909
5.0,0,8.535459518432617,-0.7086945176124573,6.433318138122559,0.6319777965545654,0.18961995840072632,-0.6277166604995728,-20.944597244262695,-32.92331314086914,32.38681411743164,50.710220178709264,382398944,1720698909
5.0,0,8.25533390045166,-2.0758044719696045,6.191500186920166,0.6136016845703125,0.19414740800857544,-0.6130690574645996,-21.119136810302734,-31.697444915771484,30.868682861328125,49.02674306329051,395398944,1720698909
5.0,0,8.612074851989746,-1.1899363994598389,6.019114971160889,0.6349073052406311,0.18562515079975128,-0.6503538489341736,-20.07190704345703,-32.74818801879883,31.880769729614258,49.91701863521566,407398944,1720698909
5.0,0,10.007916450500488,0.533915102481842,6.608097076416016,0.6330430507659912,0.19228315353393555,-0.639168381690979,-20.420982360839844,-33.79893112182617,31.880769729614258,50.7520220691981,420398944,1720698909
5.0,0,6.035874843597412,-1.9776407480239868,6.23938512802124,0.6154659390449524,0.2245079129934311,-0.6335756778717041,-19.37375259399414,-34.84967803955078,33.904945373535156,52.33916000296571,432398944,1720698909
5.0,0,8.001543998718262,1.5275241136550903,7.089339256286621,0.6415652632713318,0.20426756143569946,-0.657011866569519,-20.77005958557129,-35.550174713134766,32.21813201904297,52.2801905899268,445398944,1720698909
5.0,0,8.729393005371094,0.2082987278699875,6.8211846351623535,0.6202596426010132,0.24634616076946259,-0.623988151550293,-18.85013771057129,-37.47653579711914,32.724178314208984,53.204231724557395,457398944,1720698909
5.0,0,9.124442100524902,-0.6751751899719238,6.533876419067383,0.6010846495628357,0.2524715065956116,-0.6261186599731445,-20.944597244262695,-34.67455291748047,32.38681411743164,51.864308560209295,470398944,1720698909
5.0,0,7.515513896942139,1.2473981380462646,6.756540298461914,0.6301134824752808,0.23968815803527832,-0.6306461691856384,-18.15198516845703,-37.12628936767578,32.38681411743164,52.504872692402074,482398944,1720698909
5.0,0,8.664748191833496,2.7222487926483154,7.38622522354126,0.6223902702331543,0.2532704770565033,-0.6298471689224243,-18.15198516845703,-36.776039123535156,34.07362747192383,53.319637173063306,495398944,1720698909
5.0,0,6.8762526512146,-0.9720607399940491,6.114884853363037,0.5811105966567993,0.2684507369995117,-0.6277166604995728,-19.024675369262695,-40.103397369384766,32.55549621582031,55.04617232225051,507398944,1720698909
5.0,0,7.754937171936035,1.8890539407730103,7.374253273010254,0.6229228973388672,0.2644559144973755,-0.6402336955070496,-18.85013771057129,-39.22777557373047,33.736263275146484,55.06615592122319,520398944,1720698909
5.0,0,7.975207328796387,2.782104730606079,7.307215213775635,0.5976224541664124,0.2833646535873413,-0.6157322525978088,-18.675600051879883,-39.40290069580078,31.880769729614258,54.01620219057984,532398944,1720698909
5.0,0,7.889015197753906,2.420574903488159,6.964838981628418,0.5914971232414246,0.30307236313819885,-0.6125363707542419,-18.675600051879883,-39.40290069580078,31.880769729614258,54.01620219057984,545398944,1720698909
5.0,0,7.4293212890625,1.0271282196044922,6.943290710449219,0.5877686142921448,0.29801228642463684,-0.626651406288147,-15.882987022399902,-39.40290069580078,33.56758499145508,54.14462690014053,557398944,1720698909
5.0,0,9.548221588134766,2.6145079135894775,7.975207328796387,0.5891002416610718,0.2908216118812561,-0.6199933290481567,-18.85013771057129,-40.27852249145508,33.736263275146484,55.819553254860004,570398944,1720698909
5.0,0,6.576972484588623,3.684732437133789,6.466837406158447,0.58031165599823,0.34941205382347107,-0.6021499037742615,-18.85013771057129,-40.27852249145508,33.736263275146484,55.819553254860004,583398944,1720698909
5.0,0,6.452471733093262,2.8946340084075928,6.890617847442627,0.599220335483551,0.31665468215942383,-0.6245207786560059,-16.406600952148438,-41.67951202392578,33.06153869628906,55.67246732741267,595398944,1720698909
5.0,0,8.367862701416016,2.8946340084075928,7.431715488433838,0.5805779695510864,0.327840119600296,-0.6245207786560059,-15.70844841003418,-42.73025894165039,33.398902893066406,56.46341377504267,608398944,1720698909
5.0,0,8.102102279663086,3.7781078815460205,7.221022129058838,0.5648650527000427,0.3347644507884979,-0.6205259561538696,-16.755678176879883,-42.029762268066406,33.06153869628906,56.03854930709365,620398944,1720698909
5.0,0,6.1771345138549805,2.808441638946533,6.679924488067627,0.5645987391471863,0.34861311316490173,-0.6261186599731445,-14.486680030822754,-42.20488357543945,33.904945373535156,56.041604337440596,633398944,1720698909
5.0,0,7.2186279296875,4.769322395324707,8.056611061096191,0.5637997984886169,0.33662867546081543,-0.6258523464202881,-14.661218643188477,-44.83174514770508,34.41099166870117,58.386240268710374,645398944,1720698909
5.0,0,7.606494903564453,3.351933479309082,7.721418380737305,0.5350372195243835,0.3683207929134369,-0.5914971232414246,-13.264911651611328,-43.43075180053711,34.07362747192383,56.773234646093165,658398944,1720698909
5.0,0,7.127647399902344,4.134849548339844,7.048637390136719,0.551815390586853,0.3723156154155731,-0.6197270154953003,-13.264911651611328,-43.43075180053711,34.07362747192383,56.773234646093165,670398944,1720698909
5.0,0,7.965630531311035,4.395821571350098,7.776485919952393,0.5653977394104004,0.3696523904800415,-0.6375705003738403,-12.56675910949707,-45.88248825073242,35.760440826416016,59.51416042165366,683398944,1720698909
5.0,0,8.485180854797363,3.3615105152130127,7.438898086547852,0.5464890003204346,0.3835010528564453,-0.6231892108917236,-13.963065147399902,-45.53224182128906,34.07362747192383,58.55906695532572,695398944,1720698909
5.0,0,6.859492301940918,3.9026083946228027,7.769303321838379,0.5488858819007874,0.38989272713661194,-0.6077426075935364,-13.963065147399902,-45.53224182128906,34.07362747192383,58.55906695532572,708398944,1720698909
5.0,0,7.438898086547852,5.056631088256836,7.204262733459473,0.5267812609672546,0.4072035551071167,-0.6064110398292542,-14.312141418457031,-47.28348159790039,34.74835205078125,60.398783052690156,720398944,1720698909
5.0,0,5.928133964538574,4.268926620483398,7.039060592651367,0.5129326581954956,0.4146605134010315,-0.618928074836731,-11.170452117919922,-47.983978271484375,35.760440826416016,60.877338142995605,733398944,1720698909
5.0,0,6.54824161529541,5.427738189697266,7.740571975708008,0.5355698466300964,0.41679105162620544,-0.6122700572013855,-13.613988876342773,-47.983978271484375,35.085716247558594,60.982049395602196,745398944,1720698909
5.0,0,6.6440110206604,5.6360368728637695,7.57776403427124,0.5241180658340454,0.4410262107849121,-0.5984213948249817,-11.51952838897705,-49.03472137451172,34.74835205078125,61.192739804861475,758398944,1720698909
5.0,0,7.273695945739746,5.6839213371276855,7.848312854766846,0.5310423970222473,0.43063971400260925,-0.6247870922088623,-11.344990730285645,-48.50934982299805,35.254398345947266,61.03063523882901,770398944,1720698909
5.0,0,7.153984069824219,6.323183059692383,8.466026306152344,0.5291782021522522,0.4447546899318695,-0.6194607019424438,-11.694067001342773,-50.260589599609375,35.92912292480469,62.87908987952976,783398944,1720698909
5.0,0,6.272904396057129,5.652796745300293,7.9584479331970215,0.5046766996383667,0.44555363059043884,-0.6154659390449524,-11.694067001342773,-50.260589599609375,35.92912292480469,62.87908987952976,795398944,1720698909
5.0,0,4.264138221740723,5.820393085479736,7.4293212890625,0.5097368359565735,0.48576799035072327,-0.6093405485153198,-8.028762817382812,-50.78596115112305,35.42307662963867,62.43772289514106,808398944,1720698909
5.0,0,6.004749774932861,6.232202529907227,7.946476459503174,0.4996166527271271,0.46179917454719543,-0.6298471689224243,-6.806994438171387,-50.260589599609375,35.254398345947266,61.768395178411325,820398944,1720698909
5.0,0,5.564209461212158,5.8682780265808105,7.707052707672119,0.4828384518623352,0.47191932797431946,-0.6077426075935364,-6.806994438171387,-50.260589599609375,35.254398345947266,61.768395178411325,833398944,1720698909
5.0,0,5.571392059326172,5.978412628173828,7.247358798980713,0.46872350573539734,0.4855016767978668,-0.6114711165428162,-9.425068855285645,-52.537200927734375,37.10988998413086,65.00871740683941,845398944,1720698909
5.0,0,5.391824722290039,6.232202529907227,7.9057745933532715,0.48763224482536316,0.48337113857269287,-0.6122700572013855,-9.075992584228516,-52.537200927734375,35.42307662963867,64.0103544797196,858398944,1720698909
5.0,0,5.997567176818848,6.679924488067627,8.41574764251709,0.4745825529098511,0.4855016767978668,-0.6183954477310181,-7.85422420501709,-52.71232604980469,34.2423095703125,63.346775136171765,870398944,1720698909
5.0,0,4.333570957183838,5.248170375823975,7.082156658172607,0.44262412190437317,0.5073399543762207,-0.5944266319274902,-5.585226058959961,-52.186954498291016,35.085716247558594,63.132245758729184,883398944,1720698909
5.0,0,3.847540855407715,6.9528679847717285,8.197872161865234,0.46073389053344727,0.5211885571479797,-0.6053457856178284,-6.1088409423828125,-53.41282272338867,36.266483306884766,64.84986800594146,895398944,1720698909
5.0,0,6.292057991027832,5.037477493286133,7.640014171600342,0.4535432457923889,0.514530599117279,-0.6029488444328308,-4.188919544219971,-53.58794403076172,36.43516540527344,64.93640019666653,908398944,1720698909
5.0,0,4.874669075012207,5.897008895874023,7.690293312072754,0.42131850123405457,0.5166611075401306,-0.5973561406135559,-4.188919544219971,-53.58794403076172,36.43516540527344,64.93640019666653,920398944,1720698909
5.0,0,5.420555591583252,5.087756156921387,6.8475213050842285,0.44608625769615173,0.5307760834693909,-0.6058784127235413,-3.8398427963256836,-52.887451171875,35.42307662963867,63.77006540742459,933398944,1720698909
5.0,0,5.688709735870361,5.980806827545166,8.027880668640137,0.4210521876811981,0.5142642855644226,-0.6093405485153198,-4.014381408691406,-54.11331558227539,36.60384750366211,65.45386034049272,945398944,1720698909
5.0,0,3.715857744216919,6.553030014038086,7.769303321838379,0.4010781943798065,0.5339719653129578,-0.6136016845703125,-3.1416897773742676,-54.63869094848633,36.43516540527344,65.74783678062035,958398944,1720698909
5.0,0,5.257747173309326,5.695892810821533,7.975207328796387,0.41865530610084534,0.5195906758308411,-0.5976224541664124,-3.316227912902832,-54.813812255859375,35.254398345947266,65.25660107855484,970398944,1720698909
5.0,0,-0.20590448379516602,0.15323124825954437,17.066129684448242,0.575251579284668,0.31425780057907104,-0.37870728969573975,-4.014381408691406,-56.214805603027344,36.266483306884766,67.01848579704821,983398944,1720698909
5.0,0,9.62723159790039,24.287151336669922,39.22600173950195,0.30413761734962463,0.23223118484020233,-0.3390255570411682,-3.1416897773742676,-56.03968048095703,35.42307662963867,66.37100542386162,995398944,1720698909
5.0,0,1.1468400955200195,6.342337131500244,28.038923263549805,-0.08229293674230576,0.03728482499718666,-0.14780768752098083,-3.1416897773742676,-55.68943405151367,36.43516540527344,66.62360360821668,8398944,1720698910
5.0,0,5.7892680168151855,11.296015739440918,13.702225685119629,-0.3571353554725647,0.0737706869840622,-0.0031958422623574734,-1.9199213981628418,-55.864559173583984,33.904945373535156,65.37645134615668,20398944,1720698910
5.0,0,3.6009342670440674,-3.9385221004486084,-2.5354981422424316,-0.1989411562681198,-0.017044490203261375,-0.011185446754097939,-2.4435362815856934,-56.740177154541016,34.74835205078125,66.57977578313971,33398944,1720698910
5.0,0,8.037457466125488,3.6967039108276367,-0.9983972907066345,0.024501455947756767,-0.08016236871480942,0.03089314140379429,-2.268998146057129,-56.214805603027344,36.60384750366211,67.11999980366743,46398944,1720698910
5.0,0,5.061419486999512,4.297657489776611,4.735803127288818,0.12810000777244568,-0.05992203950881958,-0.005592723377048969,-2.967151403427124,-56.91530227661133,35.92912292480469,67.37252774562214,58398944,1720698910
5.0,0,6.292057991027832,4.905794143676758,10.15635871887207,0.1395517736673355,-0.04420914873480797,0.006391684524714947,-3.316227912902832,-58.31629180908203,34.91703414916992,68.05135216662944,71398944,1720698910
5.0,0,28.687761306762695,15.974356651306152,28.97746467590332,0.45700541138648987,-0.05086715519428253,-0.20160436630249023,-1.5708448886871338,-57.96604537963867,35.92912292480469,68.21606735047375,83398944,1720698910
5.0,0,-9.196269035339355,-6.395010471343994,23.0876407623291,0.406404584646225,0.44182518124580383,-0.052198752760887146,-1.7453831434249878,-56.03968048095703,36.09780502319336,66.68240906129287,96398944,1720698910
5.0,0,39.22600173950195,6.311212062835693,16.426868438720703,0.3547384738922119,0.211458221077919,-0.18775571882724762,-2.618074655532837,-55.1640625,37.27857208251953,66.63047383080398,108398944,1720698910
5.0,0,-7.438898086547852,6.50514554977417,21.526594161987305,0.6085415482521057,0.509470522403717,-0.17097754776477814,-2.7926130294799805,-55.33918380737305,36.77252960205078,66.50145024984299,121398944,1720698910
5.0,0,9.093317031860352,7.28087854385376,18.97433853149414,0.5121337175369263,0.7134717702865601,-0.056193556636571884,-1.9199213981628418,-56.214805603027344,38.2906608581543,68.0438474523264,133398944,1720698910
5.0,0,3.5985400676727295,-6.995964527130127,3.3160200119018555,0.20160436630249023,0.6010846495628357,-0.000532640318851918,-0.8726915717124939,-56.5650520324707,38.628021240234375,68.50175710849652,146398944,1720698910
5.0,0,0.42856863141059875,9.979185104370117,-6.521904945373535,0.4466189444065094,0.5020135045051575,-0.08868461847305298,-0.6981532573699951,-54.98893737792969,37.78461456298828,66.72291772395926,158398944,1720698910
5.0,0,-4.28808069229126,7.374253273010254,-2.245795488357544,0.7440986037254333,0.4873659014701843,-0.23436175286769867,-0.5236149430274963,-55.864559173583984,37.95329666137695,67.53943937977215,171398944,1720698910
5.0,0,3.4884049892425537,2.1548144817352295,8.853893280029297,0.8450339436531067,0.4066708981990814,-0.2564663290977478,-0.34907662868499756,-56.03968048095703,37.4472541809082,67.40077513345078,183398944,1720698910
5.0,0,8.260122299194336,9.581741333007812,6.737386226654053,0.8237283229827881,0.41252994537353516,-0.2809678018093109,0.17453831434249878,-57.26554870605469,38.628021240234375,69.07602736959251,196398944,1720698910
5.0,0,0.7853101491928101,6.469231605529785,10.699851036071777,0.7395710945129395,0.48257213830947876,-0.1920168399810791,0.17453831434249878,-55.51430892944336,39.977474212646484,68.41101814736909,208398944,1720698910
5.0,0,6.0717878341674805,3.0622308254241943,7.127647399902344,0.7518218159675598,0.4591359496116638,-0.19814221560955048,2.0944597721099854,-56.03968048095703,41.158241271972656,69.56172348890341,221398944,1720698910
5.0,0,7.125253200531006,11.032649993896484,10.26170539855957,0.7022863030433655,0.46313077211380005,-0.1850925236940384,0.8726915717124939,-57.96604537963867,41.66428756713867,71.39143412210525,233398944,1720698910
5.0,0,6.191500186920166,3.8762714862823486,5.825181484222412,0.6050794720649719,0.5249170660972595,-0.1368885636329651,1.2217681407928467,-57.26554870605469,40.652198791503906,70.23843002644158,246398944,1720698910
5.0,0,6.172346115112305,8.5570068359375,6.392616271972656,0.7446312308311462,0.4223838150501251,-0.21225717663764954,1.0472298860549927,-56.389930725097656,42.17033004760742,70.42199737255186,258398944,1720698910
5.0,0,3.11969256401062,4.862698078155518,5.7102580070495605,0.684176504611969,0.5022798180580139,-0.1451444923877716,1.2217681407928467,-55.1640625,42.00164794921875,69.34482633436956,271398944,1720698910
5.0,0,1.4868218898773193,4.517927646636963,6.3567023277282715,0.6884376406669617,0.48763224482536316,-0.16991227865219116,1.7453831434249878,-55.68943405151367,42.507694244384766,70.08040737088609,283398944,1720698910
5.0,0,6.7469635009765625,13.477167129516602,10.570561408996582,0.7422342896461487,0.4745825529098511,-0.1557973027229309,3.316227912902832,-56.5650520324707,43.013736724853516,71.13918769596295,296398944,1720698910
5.0,0,2.5977485179901123,2.9568841457366943,3.7038865089416504,0.6295808553695679,0.4929586350917816,-0.1331600844860077,1.9199213981628418,-56.91530227661133,43.35110092163086,71.57063421914455,308398944,1720698910
5.0,0,2.0566506385803223,10.556196212768555,8.801219940185547,0.7345110177993774,0.4897627830505371,-0.1539330631494522,2.618074655532837,-56.5650520324707,43.013736724853516,71.11006239185193,321398944,1720698910
5.0,0,9.406962394714355,8.04464054107666,7.922534465789795,0.6397010684013367,0.46925613284111023,-0.1288989633321762,2.967151403427124,-56.214805603027344,44.363189697265625,71.67287462180228,333398944,1720698910
5.0,0,3.665578603744507,4.869880676269531,6.213047981262207,0.7749917507171631,0.4442220628261566,-0.17843452095985413,3.8398427963256836,-57.79092025756836,43.51978302001953,72.4465759786251,346398944,1720698910
5.0,0,4.350330829620361,12.18427848815918,5.559421062469482,0.6876387000083923,0.4870995879173279,-0.12836632132530212,2.618074655532837,-56.91530227661133,45.03791427612305,72.626576888102,358398944,1720698910
5.0,0,1.1276862621307373,0.3687126934528351,5.695892810821533,0.5875023007392883,0.4972197711467743,-0.1131860762834549,2.268998146057129,-57.26554870605469,44.02582550048828,72.26869814928021,371398944,1720698910
5.0,0,5.6623735427856445,10.850687980651855,7.707052707672119,0.8375769257545471,0.4508800506591797,-0.1701785922050476,1.9199213981628418,-55.864559173583984,45.375274658203125,71.9961847610091,383206562,1720698910
5.0,0,2.9473073482513428,5.925739765167236,5.329574108123779,0.6096068620681763,0.5206559300422668,-0.09188045561313629,2.618074655532837,-55.864559173583984,45.375274658203125,72.01818407088713,396206562,1720698910
5.0,0,3.2705295085906982,2.4133920669555664,5.645613670349121,0.6642025113105774,0.4697887599468231,-0.11291975528001785,4.188919544219971,-55.68943405151367,46.893409729003906,72.92360377777607,408206562,1720698910
5.0,0,6.313606262207031,12.450037956237793,7.984784126281738,0.7203960418701172,0.4588696360588074,-0.11451767385005951,2.7926130294799805,-56.389930725097656,44.869232177734375,72.1170643532664,421206562,1720698910
5.0,0,-0.4070205092430115,0.20111601054668427,3.0334997177124023,0.6610066294670105,0.5028124451637268,-0.09267941862344742,2.7926130294799805,-56.389930725097656,44.869232177734375,72.1170643532664,433206562,1720698910
5.0,0,6.287269592285156,12.67509651184082,8.537853240966797,0.7488923668861389,0.4695224463939667,-0.11345238983631134,4.887072563171387,-57.79092025756836,48.580223083496094,75.65521804407528,446206562,1720698910
5.0,0,3.3136258125305176,8.578556060791016,7.051031589508057,0.6546149849891663,0.48576799035072327,-0.09267941862344742,4.537996292114258,-57.79092025756836,48.24285888671875,75.41722156197301,458206562,1720698910
5.0,0,3.124480962753296,6.275298595428467,4.561023712158203,0.7797854542732239,0.44928213953971863,-0.09773950278759003,4.537996292114258,-57.79092025756836,48.24285888671875,75.41722156197301,471206562,1720698910
5.0,0,6.323183059692383,11.317564010620117,8.293641090393066,0.684176504611969,0.48630064725875854,-0.09454365819692612,4.363457679748535,-56.214805603027344,49.760990142822266,75.20173051135968,483206562,1720698910
5.0,0,0.6129249930381775,3.924156427383423,5.7892680168151855,0.6716594696044922,0.49748608469963074,-0.08096133172512054,3.4907662868499756,-56.740177154541016,48.24285888671875,74.55874587439065,496206562,1720698910
5.0,0,5.779691219329834,10.951245307922363,5.727018356323242,0.7912371754646301,0.45673906803131104,-0.09933742135763168,5.236149311065674,-56.389930725097656,48.24285888671875,74.3949929790503,508206562,1720698910
5.0,0,2.0758044719696045,4.357513904571533,3.5674149990081787,0.6090742349624634,0.5110684037208557,-0.06018836051225662,4.537996292114258,-58.141170501708984,49.254947662353516,76.3350442907923,521206562,1720698910
5.0,0,3.4213664531707764,5.372670650482178,7.01511812210083,0.719064474105835,0.4873659014701843,-0.08575509488582611,4.188919544219971,-56.03968048095703,49.592308044433594,74.94924851210783,533206562,1720698910
5.0,0,5.980806827545166,12.282442092895508,9.047825813293457,0.7725948095321655,0.4423578083515167,-0.06977588683366776,5.236149311065674,-59.19191360473633,49.92967224121094,77.61489590222416,546206562,1720698910
5.0,0,-0.8571372628211975,1.4102063179016113,1.5131585597991943,0.7089442610740662,0.49801871180534363,-0.07483596354722977,5.236149311065674,-59.19191360473633,49.92967224121094,77.61489590222416,558206562,1720698910
5.0,0,3.770925283432007,11.595294952392578,6.9744157791137695,0.6982914805412292,0.4958881437778473,-0.052997712045907974,5.061611175537109,-57.96604537963867,50.09835433959961,76.78233802237811,571206562,1720698910
5.0,0,3.866694688796997,8.135621070861816,8.377439498901367,0.6839101910591125,0.5070735812187195,-0.057258836925029755,4.712534427642822,-56.214805603027344,50.77307891845703,75.8960993238634,584206562,1720698910
5.0,0,2.6384506225585938,5.834758281707764,3.8834545612335205,0.7936341166496277,0.4602012634277344,-0.06711268424987793,4.712534427642822,-56.214805603027344,50.77307891845703,75.8960993238634,596206562,1720698910
5.0,0,3.4692511558532715,9.600895881652832,4.8387556076049805,0.6820459365844727,0.49508920311927795,-0.047138672322034836,5.061611175537109,-56.91530227661133,50.09835433959961,75.9922143937551,609206562,1720698910
5.0,0,1.8698999881744385,3.2058849334716797,3.6296653747558594,0.5845727920532227,0.5073399543762207,-0.035686902701854706,4.887072563171387,-56.03968048095703,50.60439682006836,75.66461685734227,621206562,1720698910
5.0,0,3.7996559143066406,14.48753547668457,8.8514986038208,0.8503603339195251,0.45993494987487793,-0.055128276348114014,5.585226058959961,-56.03968048095703,50.267032623291016,75.48784741459015,634206562,1720698910
5.0,0,0.9122047424316406,5.272112846374512,4.350330829620361,0.6538160443305969,0.5118674039840698,-0.02796361781656742,4.188919544219971,-57.440673828125,52.29121017456055,77.79041533696203,646206562,1720698910
5.0,0,2.837172269821167,6.043057441711426,3.739799976348877,0.6897692084312439,0.48763224482536316,-0.037817467004060745,4.188919544219971,-56.389930725097656,52.62857437133789,77.24725350773777,659206562,1720698910
5.0,0,5.808422088623047,14.506689071655273,8.600103378295898,0.7696652412414551,0.47298464179039,-0.027430977672338486,5.585226058959961,-58.141170501708984,51.9538459777832,78.17155857037584,671206562,1720698910
5.0,0,1.5945625305175781,2.2122762203216553,3.3591160774230957,0.7028189301490784,0.4878985583782196,-0.032491061836481094,5.585226058959961,-58.141170501708984,51.9538459777832,78.17155857037584,684206562,1720698910
5.0,0,4.678341388702393,8.504334449768066,5.272112846374512,0.7073463797569275,0.4554075002670288,-0.013582328334450722,4.887072563171387,-55.68943405151367,52.96593475341797,77.01030312574365,696206562,1720698910
5.0,0,0.8475603461265564,10.580138206481934,5.937710762023926,0.699356734752655,0.4860343039035797,-0.0143812894821167,3.665304660797119,-56.91530227661133,53.471981048583984,78.1795296017738,709206562,1720698910
5.0,0,0.37350115180015564,3.0526535511016846,2.39902663230896,0.699356734752655,0.5041440725326538,-0.014913929626345634,3.665304660797119,-56.91530227661133,53.471981048583984,78.1795296017738,721206562,1720698910
5.0,0,1.9489099979400635,11.106871604919434,6.4931745529174805,0.7121401429176331,0.5052093863487244,0.0037284824065864086,4.712534427642822,-55.51430892944336,52.122528076171875,76.29419643522513,734206562,1720698910
5.0,0,2.559440851211548,9.16993236541748,6.928925514221191,0.6847091913223267,0.4942902624607086,-0.004793763160705566,4.188919544219971,-55.33918380737305,53.64065933227539,77.18349982357233,746206562,1720698910
5.0,0,4.197099685668945,5.954470157623291,1.654418706893921,0.7709969282150269,0.4503473937511444,0.0013316008262336254,6.283379554748535,-56.740177154541016,54.31538772583008,78.7977785598362,759206562,1720698910
5.0,0,5.408584117889404,12.538625717163086,6.991175174713135,0.6796491146087646,0.5052093863487244,0.0031958422623574734,6.1088409423828125,-56.214805603027344,53.80934143066406,78.05682245548603,771206562,1720698910
5.0,0,2.011160135269165,5.9185566902160645,5.851518154144287,0.6756542921066284,0.4878985583782196,0.004793763160705566,5.236149311065674,-55.33918380737305,54.31538772583008,77.71746179515415,784206562,1720698910
5.0,0,3.689521312713623,9.804405212402344,5.25295877456665,0.8479633927345276,0.4591359496116638,0.023968815803527832,4.887072563171387,-54.2884407043457,55.66483688354492,77.90823023030767,796206562,1720698910
5.0,0,-0.14844277501106262,5.458862781524658,1.27373468875885,0.6426305770874023,0.520123302936554,0.019175052642822266,4.887072563171387,-54.2884407043457,55.66483688354492,77.90823023030767,809206562,1720698910
5.0,0,2.7174603939056396,3.924156427383423,2.7653450965881348,0.6801817417144775,0.5129326581954956,0.014647609554231167,4.537996292114258,-54.98893737792969,54.9901123046875,77.89922397292068,821206562,1720698910
5.0,0,4.23540735244751,15.79478931427002,8.578556060791016,0.7720621824264526,0.47378358244895935,0.02796361781656742,5.061611175537109,-55.864559173583984,55.833518981933594,79.14449267799452,834206562,1720698910
5.0,0,0.826012134552002,4.0079545974731445,1.0702245235443115,0.7124064564704895,0.4873659014701843,0.02290353551506996,4.537996292114258,-53.938194274902344,56.002201080322266,77.88561316331277,846206562,1720698910
5.0,0,2.6647870540618896,9.165143966674805,4.290474891662598,0.7105422019958496,0.4998829662799835,0.041812267154455185,5.585226058959961,-54.98893737792969,55.32747268676758,78.20554467548047,859206562,1720698910
5.0,0,3.8044445514678955,11.207428932189941,7.0318779945373535,0.6594087481498718,0.491627037525177,0.025034096091985703,4.363457679748535,-55.51430892944336,56.84560775756836,79.5757587470201,871206562,1720698910
5.0,0,-4.146820545196533,7.498754501342773,6.828367233276367,0.6207923293113708,0.46499502658843994,0.04740498960018158,3.8398427963256836,-55.33918380737305,56.339561462402344,79.06526318771427,884206562,1720698910
5.0,0,-9.902568817138672,-26.29591941833496,-0.9026277661323547,-0.3038713037967682,0.4458199441432953,-0.023169854655861855,4.712534427642822,-54.463565826416016,55.49615478515625,77.89936571755953,896206562,1720698910
5.0,0,-10.70703411102295,-12.399760246276855,7.647197246551514,0.5558102130889893,0.10386486351490021,0.021039292216300964,5.585226058959961,-54.63869094848633,54.31538772583008,77.24469329669928,909206562,1720698910
5.0,0,-3.8283870220184326,-22.50105094909668,-0.9313586354255676,0.0143812894821167,-0.004527443088591099,-0.024235136806964874,4.537996292114258,-54.2884407043457,56.002201080322266,78.12857819196091,921206562,1720698910
5.0,0,1.999189019203186,13.039021492004395,8.13083267211914,0.47618046402931213,-0.12144199758768082,0.014647609554231167,5.236149311065674,-54.63869094848633,56.339561462402344,78.65716746710237,934206562,1720698910
5.0,0,3.148423194885254,14.212198257446289,2.8252012729644775,0.060454681515693665,-0.08522245287895203,-0.005060083232820034,4.363457679748535,-54.463565826416016,58.1950569152832,79.82471055271267,946206562,1720698910
5.0,0,4.379061698913574,21.43561553955078,6.940896511077881,-0.0969405472278595,-0.0034621621016412973,0.006924324203282595,2.967151403427124,-54.463565826416016,57.18296813964844,79.02515950783813,959206562,1720698910
5.0,0,1.7837074995040894,9.691876411437988,4.323994159698486,-0.24288399517536163,0.01145176775753498,-0.030626820400357246,5.585226058959961,-55.33918380737305,57.35165023803711,79.8926266912163,971206562,1720698910
5.0,0,1.27373468875885,6.210653781890869,6.512328147888184,-0.17310811579227448,0.024235136806964874,0.002663201652467251,5.236149311065674,-53.938194274902344,56.67692565917969,78.41568697283128,984206562,1720698910
5.0,0,2.317622661590576,1.5251296758651733,3.610511064529419,-0.10732702910900116,0.004527443088591099,-0.013049688190221786,4.014381408691406,-55.1640625,55.49615478515625,78.35184902436173,996206562,1720698910
5.0,0,0.9457241296768188,5.8395466804504395,3.514741897583008,0.057258836925029755,-0.0013316008262336254,-0.002929521957412362,4.887072563171387,-54.98893737792969,55.66483688354492,78.3979641155511,9206562,1720698911
5.0,0,2.015948534011841,15.71817398071289,7.17553186416626,0.02769729681313038,-0.03329002112150192,0.025300417095422745,3.8398427963256836,-53.938194274902344,56.339561462402344,78.09109667633957,21206562,1720698911
5.0,0,-6.782876968383789,23.487476348876953,7.419744491577148,-0.6679309606552124,-0.06205260008573532,-0.012783369049429893,5.061611175537109,-54.813812255859375,56.508243560791016,78.88824698292262,34206562,1720698911
5.0,0,-12.912127494812012,39.22600173950195,25.92241668701172,-1.814439296722412,-0.25912952423095703,0.19974012672901154,5.061611175537109,-53.76306915283203,57.85769271850586,79.1429094684645,46206562,1720698911
5.0,0,-9.148384094238281,4.300051689147949,-10.644783020019531,-2.758810520172119,-0.40507298707962036,-0.027430977672338486,2.967151403427124,-54.463565826416016,55.833518981933594,78.05424928782,59206562,1720698911
5.0,0,-3.5243186950683594,39.22600173950195,19.575292587280273,-3.7210254669189453,-0.46313077211380005,0.20160436630249023,3.665304660797119,-53.76306915283203,55.49615478515625,77.35454258753445,72206562,1720698911
5.0,0,12.897761344909668,8.372651100158691,-3.452491521835327,-4.051262378692627,-0.4985513687133789,0.16538482904434204,2.618074655532837,-54.11331558227539,53.13461685180664,75.88407439112088,84206562,1720698911
5.0,0,11.844297409057617,18.23451805114746,6.124461650848389,-4.455802917480469,-0.35793429613113403,0.2151867002248764,2.618074655532837,-53.41282272338867,49.760990142822266,73.04751937044915,97206562,1720698911
5.0,0,9.610472679138184,-27.224884033203125,-11.03983211517334,-3.924227714538574,-0.3126598596572876,0.2189151793718338,4.537996292114258,-51.48645782470703,47.230770111083984,70.01567249529667,109206562,1720698911
5.0,0,3.658396005630493,12.385395050048828,7.9321112632751465,-3.475478172302246,-0.20879501104354858,0.30120810866355896,1.9199213981628418,-49.20984649658203,45.03791427612305,66.73611325763359,122206562,1720698911
5.0,0,-6.3088178634643555,-4.393426895141602,1.5849857330322266,-3.5926592350006104,-0.07749916613101959,0.2788372337818146,3.1416897773742676,-49.7352180480957,45.20659637451172,67.28371634145144,134206562,1720698911
5.0,0,-0.7757331728935242,13.098876953125,5.956864833831787,-3.461895704269409,-0.12330623716115952,0.2332964688539505,3.1416897773742676,-49.03472137451172,41.49560546875,64.31297993524642,147206562,1720698911
5.0,0,2.420574903488159,11.669516563415527,7.455657958984375,-3.625682830810547,-0.03994802385568619,0.2439492791891098,2.4435362815856934,-48.334224700927734,38.45934295654297,61.81657712659436,159206562,1720698911
5.0,0,10.690274238586426,11.884998321533203,7.247358798980713,-3.627547025680542,-0.03329002112150192,0.20666444301605225,4.537996292114258,-47.63372802734375,37.78461456298828,60.969193481657456,172206562,1720698911
5.0,0,9.871444702148438,5.578575134277344,5.243381977081299,-3.716764211654663,0.1182461604475975,0.2721792161464691,3.8398427963256836,-44.83174514770508,37.4472541809082,58.539957391330745,184206562,1720698911
5.0,0,5.353517055511475,6.478808403015137,5.075784683227539,-3.594257116317749,0.2157193422317505,0.2852289080619812,4.014381408691406,-42.90538024902344,33.56758499145508,54.623892890989545,197206562,1720698911
5.0,0,2.2026991844177246,1.4604852199554443,3.124480962753296,-3.6011812686920166,0.25167256593704224,0.32118213176727295,2.7926130294799805,-42.380008697509766,33.06153869628906,53.82312853875779,209206562,1720698911
5.0,0,2.47324800491333,5.616883277893066,7.783668518066406,-3.6022465229034424,0.3033386766910553,0.28869104385375977,1.2217681407928467,-41.504390716552734,31.206045150756836,51.941548110286426,222206562,1720698911
5.0,0,4.326388359069824,5.659979343414307,8.592921257019043,-3.5750820636749268,0.39868131279945374,0.30733346939086914,2.967151403427124,-40.103397369384766,28.507143020629883,49.29243016139784,234206562,1720698911
5.0,0,4.470042705535889,3.3423564434051514,5.995172023773193,-3.567092180252075,0.4796426296234131,0.33503079414367676,1.9199213981628418,-36.95116424560547,26.482967376708984,45.50189225028633,247206562,1720698911
5.0,0,4.606513977050781,7.3383402824401855,7.453263759613037,-3.5066378116607666,0.5544785857200623,0.3835010528564453,2.268998146057129,-35.900421142578125,27.83241844177246,45.482217482431494,259206562,1720698911
5.0,0,2.7773163318634033,2.889845609664917,6.395010471343994,-3.493321657180786,0.6399673819541931,0.39308857917785645,3.4907662868499756,-35.37504959106445,25.63956069946289,43.82883361100452,272206562,1720698911
5.0,0,-0.1699909120798111,1.8866597414016724,6.406981468200684,-3.544987678527832,0.7270541191101074,0.4194542467594147,4.537996292114258,-31.172073364257812,24.290111541748047,39.77814835917423,284206562,1720698911
5.0,0,4.496379375457764,3.462068557739258,6.933713912963867,-3.522883176803589,0.7539524435997009,0.40693724155426025,4.712534427642822,-31.347196578979492,23.10934066772461,39.22876929231725,297206562,1720698911
5.0,0,7.2641191482543945,1.4149948358535767,8.743758201599121,-3.46695613861084,0.8181356191635132,0.4434230625629425,3.4907662868499756,-29.070585250854492,21.928571701049805,36.58068661117078,309206562,1720698911
5.0,0,6.8211846351623535,1.4724565744400024,7.582552433013916,-3.4496452808380127,0.9004284739494324,0.4804415702819824,3.4907662868499756,-29.070585250854492,21.928571701049805,36.58068661117078,322206562,1720698911
5.0,0,7.388619422912598,4.594542980194092,8.82276725769043,-3.3676185607910156,0.9108150005340576,0.5086715221405029,5.4106879234313965,-23.291492462158203,19.735713958740234,31.004315350943536,334206562,1720698911
5.0,0,-0.4142032265663147,-0.3878665864467621,6.162769317626953,-3.416088819503784,1.0439749956130981,0.5592723488807678,5.061611175537109,-21.540252685546875,18.38626480102539,28.76903068897103,347206562,1720698911
5.0,0,3.3974239826202393,0.859531581401825,8.703056335449219,-3.3883914947509766,1.1177457571029663,0.5877686142921448,5.061611175537109,-21.540252685546875,18.38626480102539,28.76903068897103,359206562,1720698911
5.0,0,3.2274329662323,-0.6009538173675537,8.166746139526367,-3.354302406311035,1.1816625595092773,0.6146669387817383,5.934302806854248,-16.811904907226562,16.19340705871582,24.084902503068893,372206562,1720698911
5.0,0,3.893031358718872,-2.37747859954834,7.197080135345459,-3.3236756324768066,1.252770185470581,0.6572781801223755,6.806994438171387,-14.885540008544922,16.362089157104492,23.143734275443194,384206562,1720698911
5.0,0,6.277692794799805,1.714274525642395,8.367862701416016,-3.262155771255493,1.2679502964019775,0.6823122501373291,8.028762817382812,-14.710416793823242,16.53076934814453,23.539832834311728,397206562,1720698911
5.0,0,1.1013495922088623,0.6129249930381775,7.568187236785889,-3.194244146347046,1.3616950511932373,0.7148033380508423,7.505147457122803,-13.134300231933594,16.362089157104492,22.283515039615363,409206562,1720698911
5.0,0,1.4006292819976807,-4.956072807312012,6.011932373046875,-3.2349910736083984,1.4573040008544922,0.7741926908493042,7.85422420501709,-8.931324005126953,13.663187026977539,18.114636791318798,422206562,1720698911
5.0,0,4.568206310272217,-2.6767585277557373,8.248150825500488,-3.192379951477051,1.5111006498336792,0.7891066670417786,8.377839088439941,-7.355208396911621,14.506593704223633,18.295587972328523,434206562,1720698911
5.0,0,5.849123954772949,-3.3327796459198,7.558609962463379,-3.145507574081421,1.558505654335022,0.8580836057662964,8.377839088439941,-7.355208396911621,14.506593704223633,18.295587972328523,447206562,1720698911
5.0,0,3.2106735706329346,-3.1029326915740967,7.529879570007324,-3.103429079055786,1.587001919746399,0.8916398882865906,11.170452117919922,-2.4517359733581543,14.506593704223633,18.472446256552512,459206562,1720698911
5.0,0,2.576200246810913,0.720665693283081,8.15238094329834,-2.9921069145202637,1.646125078201294,0.9054886102676392,10.821375846862793,-1.7512400150299072,13.831868171691895,17.64906779204983,472206562,1720698911
5.0,0,0.04070204868912697,-6.91934871673584,6.074182510375977,-3.0038251876831055,1.7145692110061646,0.9936406016349792,10.821375846862793,-1.7512400150299072,13.831868171691895,17.64906779204983,484206562,1720698911
5.0,0,-0.29688555002212524,-3.4979822635650635,6.201076984405518,-2.9921069145202637,1.8029875755310059,1.0429097414016724,13.264911651611328,2.8019840717315674,12.482418060302734,18.428775230477562,497206562,1720698911
5.0,0,2.908999443054199,-4.769322395324707,7.17553186416626,-2.9098143577575684,1.8575831651687622,1.0841894149780273,14.661218643188477,4.903471946716309,12.482418060302734,19.869728983249445,509206562,1720698911
5.0,0,-0.4788476526737213,-3.768531084060669,6.531481742858887,-2.8874430656433105,1.9084503650665283,1.1470409631729126,15.359371185302734,5.603968143463135,14.169231414794922,21.635199584169982,522206562,1720698911
5.0,0,5.14761209487915,-1.3431676626205444,7.814793586730957,-2.7785181999206543,1.9132441282272339,1.1797983646392822,15.533909797668457,5.428843975067139,13.663187026977539,21.38825332377308,535206562,1720698911
5.0,0,0.22026991844177246,-5.674344539642334,5.133246898651123,-2.719928026199341,1.9928737878799438,1.2128220796585083,18.501060485839844,11.558184623718262,14.843955993652344,26.386055037427422,547206562,1720698911
5.0,0,-1.5035816431045532,-6.263327598571777,4.829178333282471,-2.7281837463378906,2.0549263954162598,1.27593994140625,19.897367477416992,12.25868034362793,15.518681526184082,28.053697663761692,560206562,1720698911
5.0,0,2.2003049850463867,-7.996756076812744,5.480411052703857,-2.713536024093628,2.074634075164795,1.3427863121032715,19.897367477416992,12.25868034362793,15.518681526184082,28.053697663761692,572206562,1720698911
5.0,0,0.4046262502670288,-6.713443756103516,5.353517055511475,-2.651749849319458,2.1313602924346924,1.4011105298995972,20.77005958557129,14.535292625427246,15.350000381469727,29.63600206853317,585206562,1720698911
5.0,0,0.5961652994155884,-5.937710762023926,5.619277477264404,-2.5574727058410645,2.1574597358703613,1.467956781387329,23.9117488861084,13.484548568725586,17.374176025390625,32.48794818784165,597206562,1720698911
5.0,0,1.999189019203186,-5.607305526733398,5.128458499908447,-2.4938220977783203,2.129229784011841,1.4881972074508667,23.9117488861084,13.484548568725586,17.374176025390625,32.48794818784165,610206562,1720698911
5.0,0,-3.1292693614959717,-7.814793586730957,3.6488189697265625,-2.4658584594726562,2.217381715774536,1.5784796476364136,27.7515926361084,16.28653335571289,18.7236270904541,37.22870228747762,622206562,1720698911
5.0,0,-2.195516347885132,-7.422138690948486,4.525110244750977,-2.42164945602417,2.267183542251587,1.6442606449127197,27.57705307006836,20.13926124572754,19.229671478271484,39.19010034071459,635206562,1720698911
5.0,0,-3.169971466064453,-5.8395466804504395,4.2449846267700195,-2.3912887573242188,2.304202079772949,1.696459412574768,30.544204711914062,19.789012908935547,19.735713958740234,41.40110963313115,647206562,1720698911
5.0,0,-3.8571176528930664,-4.146820545196533,3.3112316131591797,-2.282630205154419,2.3233771324157715,1.7574467658996582,31.41689682006836,20.31438446044922,20.579120635986328,42.69889726866773,660206562,1720698911
5.0,0,2.43015193939209,-6.464443206787109,4.795659065246582,-2.2466769218444824,2.2741079330444336,1.7963296175003052,29.322437286376953,20.66463279724121,22.265933990478516,42.22089759262199,672206562,1720698911
5.0,0,-4.189917087554932,-7.49157190322876,1.7382169961929321,-2.158524990081787,2.3097946643829346,1.8378756046295166,34.03497314453125,22.24074935913086,22.434616088867188,46.436433197000625,685206562,1720698911
5.0,0,-2.6767585277557373,-8.98078727722168,2.0829873085021973,-2.159590244293213,2.3553357124328613,1.938011884689331,34.03497314453125,22.24074935913086,22.434616088867188,46.436433197000625,697206562,1720698911
5.0,0,-3.1867308616638184,-7.723812580108643,1.9106022119522095,-2.1159136295318604,2.3750431537628174,1.9886127710342407,35.954891204833984,22.065624237060547,23.952747344970703,48.51164890925275,710206562,1720698911
5.0,0,-2.6480274200439453,-5.686315536499023,2.5618350505828857,-2.03255558013916,2.395549774169922,2.038414716720581,37.70027542114258,22.76612091064453,25.63956069946289,50.96071134716955,722206562,1720698911
5.0,0,-0.852348804473877,-8.9783935546875,1.4126006364822388,-2.0192394256591797,2.3995447158813477,2.1076579093933105,38.572967529296875,22.24074935913086,26.820329666137695,51.979369363933,735206562,1720698911
5.0,0,-4.7334089279174805,-5.2194390296936035,1.5203412771224976,-1.9004607200622559,2.3851635456085205,2.1390836238861084,41.36558151245117,22.59099578857422,27.83241844177246,54.73671474340176,747206562,1720698911
5.0,0,-5.846729755401611,-8.992758750915527,-0.7517908215522766,-1.8799539804458618,2.376108407974243,2.2216429710388184,42.76188659667969,22.24074935913086,27.83241844177246,55.65854286343552,760206562,1720698911
5.0,0,-5.42294979095459,-6.124461650848389,0.6775694489479065,-1.8458651304244995,2.381434917449951,2.2988758087158203,45.37996292114258,22.76612091064453,31.71208953857422,59.86062076979247,772206562,1720698911
5.0,0,-4.218647480010986,-6.61049222946167,0.5027900338172913,-1.7696975469589233,2.4251115322113037,2.3585314750671387,46.252655029296875,22.94124412536621,32.55549621582031,61.036621082241126,785206562,1720698911
5.0,0,-5.322391510009766,-6.691895961761475,0.014365429058670998,-1.7414677143096924,2.4107301235198975,2.4078006744384766,48.17257308959961,23.116369247436523,32.38681411743164,62.48094952810588,797206562,1720698911
5.0,0,-3.0095574855804443,-4.230618953704834,0.9385414123535156,-1.6551798582077026,2.34281849861145,2.448547601699829,49.56888198852539,22.41587257385254,32.0494499206543,63.14042005764674,810206562,1720698911
5.0,0,-7.608889102935791,-5.329574108123779,-1.1923305988311768,-1.589398741722107,2.3755757808685303,2.523383617401123,48.34711456298828,20.83975601196289,33.904945373535156,62.62015839957018,822206562,1720698911
5.0,0,-10.084531784057617,-3.4429147243499756,-1.9177848100662231,-1.5555760860443115,2.3966150283813477,2.6051437854766846,51.314266204833984,21.365129470825195,35.085716247558594,65.7315005005202,835206562,1720698911
5.0,0,-6.545847415924072,-5.8946146965026855,-1.6208992004394531,-1.557973027229309,2.364656686782837,2.670658588409424,50.44157409667969,17.337276458740234,37.95329666137695,65.46286183649552,847206562,1720698911
5.0,0,-11.631209373474121,-6.615280628204346,-4.122878074645996,-1.479142189025879,2.3654558658599854,2.72072696685791,52.536033630371094,19.088516235351562,38.96538543701172,68.13741662210013,860206562,1720698911
5.0,0,-6.30402946472168,-7.2066569328308105,-2.4947962760925293,-1.4597008228302002,2.3388237953186035,2.7928996086120605,53.40872573852539,16.46165657043457,41.49560546875,69.60864454415207,872206562,1720698911
5.0,0,-6.150798320770264,-5.3559112548828125,-2.549863576889038,-1.409366250038147,2.2533349990844727,2.790236473083496,53.05964660644531,16.46165657043457,39.80879211425781,68.34509612722766,885206562,1720698911
5.0,0,-8.9568452835083,-3.3447508811950684,-2.832383871078491,-1.3342640399932861,2.2759721279144287,2.8972971439361572,55.6777229309082,14.185044288635254,42.00164794921875,71.17136181563225,897206562,1720698911
5.0,0,-7.48438835144043,-4.8124189376831055,-3.7996559143066406,-1.3310682773590088,2.267183542251587,2.957219123840332,55.85226058959961,13.30942440032959,42.845054626464844,71.64017376292011,910206562,1720698911
5.0,0,-7.929717063903809,-2.2601609230041504,-3.201096534729004,-1.2889896631240845,2.244546413421631,3.0075535774230957,58.4703369140625,11.733307838439941,44.363189697265625,74.3272723284741,922206562,1720698911
5.0,0,-6.605702877044678,-2.4900078773498535,-3.2346158027648926,-1.2445142269134521,2.2011361122131348,3.0637474060058594,57.4231071472168,10.332316398620605,45.71263885498047,74.12027622511815,935206562,1720698911
5.0,0,-5.671950340270996,-1.8004671335220337,-3.124480962753296,-1.2101589441299438,2.1326918601989746,3.0751988887786865,56.724952697753906,9.631820678710938,46.38736343383789,73.90723722675759,947206562,1720698911
5.0,0,-7.628042697906494,-0.2920970618724823,-4.264138221740723,-1.1550304889678955,2.0999345779418945,3.121272325515747,57.77218246459961,5.428843975067139,47.399452209472656,74.92533272122785,960206562,1720698911
5.0,0,-7.745360374450684,-5.300843238830566,-5.31760311126709,-1.1283985376358032,2.1095221042633057,3.203299045562744,58.99394989013672,5.253720283508301,49.92967224121094,77.46521716597752,972206562,1720698911
5.0,0,-6.201076984405518,-2.908999443054199,-4.381455898284912,-1.147307276725769,2.068775177001953,3.253633499145508,59.866641998291016,4.728348255157471,49.086265563964844,77.5618048293725,985206562,1720698911
5.0,0,-6.126855850219727,-3.0622308254241943,-4.6855244636535645,-1.1030981540679932,2.034153461456299,3.3010385036468506,59.69210433959961,2.4517359733581543,52.96593475341797,79.84077012451742,998206562,1720698911
5.0,0,-5.05184268951416,-1.2569750547409058,-4.347936630249023,-1.0879179239273071,1.9627796411514282,3.3353939056396484,59.34302520751953,0.3502480089664459,52.62857437133789,79.31887640913433,10206562,1720698912
5.0,0,-6.6942901611328125,1.1827536821365356,-3.890637159347534,-1.0261316299438477,1.8988628387451172,3.3407201766967773,57.946720123291016,-1.0507440567016602,52.96593475341797,78.51316246606707,23206562,1720698912
5.0,0,2.6671812534332275,3.5769920349121094,-5.7413835525512695,-0.9435723423957825,1.5699573755264282,2.9817206859588623,58.4703369140625,-5.428843975067139,55.49615478515625,80.79650884591254,35206562,1720698912
5.0,0,-39.22719955444336,39.22600173950195,-31.977447509765625,-0.43250393867492676,1.0101524591445923,1.8437345027923584,56.89949035644531,-6.304464340209961,54.652748107910156,79.14683284368914,48206562,1720698912
5.0,0,12.548202514648438,-1.599351167678833,-12.289624214172363,-0.27936986088752747,0.2439492791891098,0.5821758508682251,58.644874572753906,-6.654712200164795,53.64065933227539,79.75479196714316,60206562,1720698912
5.0,0,-11.097294807434082,10.405359268188477,-15.670289993286133,0.010120166465640068,-0.15047089755535126,-0.20533284544944763,57.5976448059082,-7.004960060119629,54.9901123046875,79.94041908767791,73206562,1720698912
5.0,0,-4.747774600982666,1.02952241897583,-2.4564883708953857,0.13555696606636047,-0.24927568435668945,-0.30733346939086914,58.99394989013672,-7.705456256866455,56.002201080322266,81.7062219516194,85206562,1720698912
5.0,0,-10.972793579101562,-1.8507461547851562,0.2729431688785553,0.1494056135416031,-0.2471451312303543,-0.34248775243759155,58.99394989013672,-6.654712200164795,57.35165023803711,82.54564254479534,98206562,1720698912
5.0,0,-10.077349662780762,-4.948890209197998,1.7908902168273926,0.10493014752864838,-0.1219746395945549,-0.23995447158813477,58.4703369140625,-7.530332088470459,56.508243560791016,81.66191150427662,110206562,1720698912
5.0,0,-8.803613662719727,-4.455677509307861,-0.9193874597549438,0.02583305537700653,-0.04154594615101814,-0.16751539707183838,57.5976448059082,-6.304464340209961,54.9901123046875,79.88208440624648,123206562,1720698912
5.0,0,-39.22719955444336,10.963216781616211,-20.3055362701416,0.4010781943798065,-0.25113990902900696,-0.5318413972854614,57.4231071472168,-6.829836368560791,53.80934143066406,78.99053819581074,135206562,1720698912
5.0,0,15.943232536315918,-8.375045776367188,-2.6240851879119873,-0.11105551570653915,-0.7789865136146545,-1.2250727415084839,56.375877380371094,-6.129340171813965,54.146705627441406,78.40710485442786,148206562,1720698912
5.0,0,-39.22719955444336,39.22600173950195,-21.200979232788086,0.513198971748352,-0.9960374236106873,-1.8698338270187378,57.77218246459961,-5.779092311859131,57.52033233642578,81.72889089400914,160206562,1720698912
5.0,0,-7.139618396759033,-0.09098105132579803,-12.155548095703125,0.6186617612838745,-1.5244166851043701,-2.532172203063965,58.29579544067383,-5.603968143463135,54.652748107910156,80.10447615932904,173206562,1720698912
5.0,0,-22.050933837890625,11.104476928710938,-13.465195655822754,0.5435594916343689,-2.113250494003296,-3.050431251525879,59.168487548828125,-4.0278520584106445,53.80934143066406,80.07857851024862,185206562,1720698912
5.0,0,-19.477127075195312,8.918537139892578,-12.102874755859375,0.8290547132492065,-2.2144522666931152,-3.3002395629882812,57.946720123291016,-2.1014881134033203,52.62857437133789,78.30712270092191,198206562,1720698912
5.0,0,-7.450869083404541,-6.854703903198242,-5.566603660583496,0.6333093643188477,-2.5449554920196533,-3.4709508419036865,57.946720123291016,-2.1014881134033203,52.62857437133789,78.30712270092191,210206562,1720698912
5.0,0,5.928133964538574,-4.221041679382324,4.520321846008301,0.7680673599243164,-2.4458844661712646,-3.18359112739563,58.99394989013672,3.5024800300598145,50.9417610168457,78.02317928345622,223206562,1720698912
5.0,0,-1.8507461547851562,-5.9209513664245605,0.598559558391571,0.7326468229293823,-2.204864740371704,-2.7636044025421143,58.99394989013672,4.903471946716309,49.254947662353516,77.00896071233126,235206562,1720698912
5.0,0,-2.3271994590759277,-10.644783020019531,-2.1859395503997803,0.5339719653129578,-2.1729061603546143,-2.523383617401123,58.99394989013672,4.903471946716309,49.254947662353516,77.00896071233126,248206562,1720698912
5.0,0,-16.702205657958984,1.4509084224700928,-5.279295444488525,0.5997530221939087,-2.1500027179718018,-2.428839921951294,57.5976448059082,7.705456256866455,46.55604553222656,74.46024522463513,260206562,1720698912
5.0,0,-9.579346656799316,-1.0127627849578857,-5.31760311126709,0.6474242806434631,-2.2171154022216797,-2.4035396575927734,58.81941223144531,10.332316398620605,46.724727630615234,75.82664564365933,273206562,1720698912
5.0,0,-12.622424125671387,-1.7262457609176636,-6.76132869720459,0.6306461691856384,-2.3007400035858154,-2.3809022903442383,57.5976448059082,9.10644817352295,45.5439567565918,73.99100001061566,285206562,1720698912
5.0,0,-10.077349662780762,-5.073390483856201,-6.5602126121521,0.7195971012115479,-2.3846309185028076,-2.3326985836029053,57.946720123291016,11.20793628692627,43.85714340209961,73.53155265769347,298206562,1720698912
5.0,0,-10.539437294006348,-4.381455898284912,-3.897819995880127,0.7749917507171631,-2.429372549057007,-2.2365567684173584,56.20133590698242,11.908432006835938,41.832969665527344,71.06615412154957,310206562,1720698912
5.0,0,-9.01191234588623,-4.17076301574707,-1.1444458961486816,0.7763233184814453,-2.4815711975097656,-2.2104573249816895,55.15410614013672,15.060664176940918,41.158241271972656,70.44714227113809,323206562,1720698912
5.0,0,-9.359077453613281,-3.4644627571105957,-1.3311964273452759,0.7856444716453552,-2.4831693172454834,-2.148937463760376,55.15410614013672,15.060664176940918,41.158241271972656,70.44714227113809,335206562,1720698912
5.0,0,-7.410167217254639,-6.045451641082764,-2.085381507873535,0.8303862810134888,-2.526313304901123,-2.0932765007019043,53.05964660644531,15.761160850524902,39.13406753540039,67.78801908318505,348206562,1720698912
5.0,0,-5.897008895874023,-5.463651657104492,-2.497190475463867,0.8650078773498535,-2.5622663497924805,-1.999531865119934,52.536033630371094,16.987028121948242,38.2906608581543,67.19202826959112,360206562,1720698912
5.0,0,-5.6839213371276855,-8.592921257019043,-2.7007007598876953,0.8839166760444641,-2.6173946857452393,-1.943604588508606,52.536033630371094,16.987028121948242,38.2906608581543,67.19202826959112,373206562,1720698912
5.0,0,-4.216253280639648,-6.026297569274902,0.40223202109336853,0.9339848160743713,-2.6674628257751465,-1.9015259742736816,51.48880386352539,19.088516235351562,36.266483306884766,65.80825318159128,385206562,1720698912
5.0,0,-4.537081718444824,-5.205073833465576,1.0534647703170776,0.9739328622817993,-2.674386978149414,-1.8346796035766602,51.13972473144531,21.190004348754883,35.254398345947266,65.62895955782767,398206562,1720698912
5.0,0,-1.7908902168273926,-3.9600701332092285,1.9249675273895264,1.008554458618164,-2.697557210922241,-1.7768882513046265,48.696189880371094,20.13926124572754,33.904945373535156,62.66142412338888,410206562,1720698912
5.0,0,-1.8291980028152466,-8.116467475891113,-0.08140409737825394,1.0154788494110107,-2.7273848056793213,-1.7084438800811768,48.52165222167969,19.964136123657227,31.374725341796875,61.133385770450666,423206562,1720698912
5.0,0,1.4102063179016113,-6.452471733093262,2.1548144817352295,1.0788630247116089,-2.733776569366455,-1.6154981851577759,46.0781135559082,20.31438446044922,30.02527618408203,58.62920752328583,435206562,1720698912
5.0,0,-1.575408697128296,-2.6743643283843994,2.9520957469940186,1.1254690885543823,-2.7558810710906982,-1.5537118911743164,45.20542526245117,21.540252685546875,27.83241844177246,57.290108005083944,448206562,1720698912
5.0,0,-0.8738968968391418,-1.8435633182525635,3.2585582733154297,1.1888532638549805,-2.742565155029297,-1.5060405731201172,45.20542526245117,21.540252685546875,27.83241844177246,57.290108005083944,460206562,1720698912
5.0,0,0.9768491983413696,-6.727809429168701,2.5929598808288574,1.181396245956421,-2.755082130432129,-1.4445207118988037,43.28550338745117,21.715375900268555,29.350549697875977,56.62726482501604,473206562,1720698912
5.0,0,-0.308856725692749,-7.1587724685668945,2.118900775909424,1.2032345533370972,-2.7239227294921875,-1.3385251760482788,41.54011917114258,20.66463279724121,25.9769229888916,53.17338692775127,485206562,1720698912
5.0,0,-1.4078121185302734,-4.802842140197754,3.402212619781494,1.2453131675720215,-2.7460272312164307,-1.2746083736419678,41.54011917114258,20.66463279724121,25.9769229888916,53.17338692775127,498206562,1720698912
5.0,0,-3.7206461429595947,-5.238593578338623,3.8068387508392334,1.3081647157669067,-2.734309196472168,-1.1867226362228394,38.92204284667969,21.190004348754883,24.796154022216797,50.78179750611944,510206562,1720698912
5.0,0,-2.008765935897827,-5.748566150665283,3.7541656494140625,1.347313642501831,-2.711671829223633,-1.139850378036499,39.271121978759766,19.789012908935547,25.47088050842285,50.81920707030956,523206562,1720698912
5.0,0,-0.8906566500663757,-10.604080200195312,3.023922920227051,1.3265408277511597,-2.736706018447876,-1.081526279449463,37.351200103759766,21.365129470825195,22.60329818725586,48.605452322123604,536206562,1720698912
5.0,0,-5.255352973937988,-4.130061149597168,2.7246429920196533,1.3672877550125122,-2.7114055156707764,-0.9776613712310791,34.90766143798828,21.365129470825195,21.591209411621094,46.27303651405225,548206562,1720698912
5.0,0,-6.734992027282715,-3.2346158027648926,4.5011677742004395,1.4903277158737183,-2.6853063106536865,-0.8932378888130188,34.733123779296875,20.13926124572754,21.08516502380371,45.34935407558366,561206562,1720698912
5.0,0,-5.109303951263428,-7.855495452880859,3.452491521835327,1.5382652282714844,-2.672522783279419,-0.8421043753623962,31.94051170349121,19.438764572143555,18.7236270904541,41.81669603632584,573206562,1720698912
5.0,0,-2.1260836124420166,-13.005502700805664,3.821204423904419,1.4903277158737183,-2.7066118717193604,-0.802156388759613,31.94051170349121,19.438764572143555,18.7236270904541,41.81669603632584,586206562,1720698912
5.0,0,-5.67913293838501,-11.305593490600586,2.961672782897949,1.542792797088623,-2.706878185272217,-0.7459627985954285,27.926130294799805,19.613887786865234,19.904396057128906,39.506434029875756,598206562,1720698912
5.0,0,-9.047825813293457,-5.923345565795898,4.082176208496094,1.6650336980819702,-2.6355044841766357,-0.6434295177459717,26.8789005279541,18.56314468383789,17.205495834350586,36.9201126901125,611206562,1720698912
5.0,0,-4.455677509307861,-6.086153507232666,4.908188343048096,1.7254884243011475,-2.658141613006592,-0.6117374300956726,26.006208419799805,18.388019561767578,15.687362670898438,35.50402072084669,623206562,1720698912
5.0,0,-3.9026083946228027,-10.544225692749023,4.762139797210693,1.7145692110061646,-2.6757187843322754,-0.5494185090065002,22.68998146057129,16.111408233642578,17.205495834350586,32.71760719945776,636206562,1720698912
5.0,0,-2.111717939376831,-8.992758750915527,5.734200954437256,1.7747576236724854,-2.6655986309051514,-0.5246506929397583,23.21359634399414,16.28653335571289,17.036813735961914,33.081342872418396,648206562,1720698912
5.0,0,-6.476414203643799,-3.995983600616455,6.555424213409424,1.8759592771530151,-2.6139326095581055,-0.42984074354171753,21.817289352416992,14.535292625427246,15.012638092041016,30.210067012115157,661206562,1720698912
5.0,0,-5.803633689880371,-1.2282441854476929,5.578575134277344,1.9806231260299683,-2.5617337226867676,-0.40613824129104614,20.07190704345703,14.185044288635254,17.036813735961914,29.905684344378148,673206562,1720698912
5.0,0,0.9888203740119934,-10.31437873840332,6.65358829498291,1.9566543102264404,-2.6008827686309814,-0.3347644507884979,18.15198516845703,12.608928680419922,13.831868171691895,26.072978831404427,686206562,1720698912
5.0,0,-1.9273617267608643,-7.335946083068848,6.471625804901123,2.0144457817077637,-2.581707715988159,-0.30866506695747375,16.406600952148438,12.25868034362793,13.831868171691895,24.713809412742325,698206562,1720698912
5.0,0,-5.801239013671875,-1.996794581413269,7.549033164978027,2.0916786193847656,-2.5390963554382324,-0.21944782137870789,15.184833526611328,10.332316398620605,15.012638092041016,23.72161954577943,711206562,1720698912
5.0,0,-4.391032695770264,-1.7908902168273926,6.718232154846191,2.167846202850342,-2.4916915893554688,-0.20559915900230408,13.43945026397705,8.230828285217285,13.325824737548828,20.638385658634107,723206562,1720698912
5.0,0,1.0151569843292236,-8.762911796569824,5.8682780265808105,2.178765296936035,-2.497816801071167,-0.12410520017147064,13.264911651611328,8.055704116821289,13.831868171691895,20.78876684803331,736206562,1720698912
5.0,0,3.5674149990081787,-5.573786735534668,7.750148773193359,2.235757827758789,-2.487696886062622,-0.1294316053390503,10.64683723449707,7.180084228515625,12.9884614944458,18.264963307358524,748206562,1720698912
5.0,0,-4.015137672424316,-2.9042110443115234,7.5466389656066895,2.282097578048706,-2.42164945602417,-0.02050665207207203,9.075992584228516,5.253720283508301,14.169231414794922,17.627885213273,761206562,1720698912
5.0,0,-1.441331386566162,2.1787569522857666,8.952056884765625,2.387826681137085,-2.3822338581085205,-0.03089314140379429,8.028762817382812,3.8527281284332275,13.494505882263184,16.168062203487622,773206562,1720698912
5.0,0,3.4979822635650635,-6.406981468200684,7.072579860687256,2.3502755165100098,-2.3614609241485596,0.04447546973824501,7.679685592651367,3.1522321701049805,14.169231414794922,16.421974830763595,786206562,1720698912
5.0,0,4.774110794067383,-7.041454792022705,6.955262184143066,2.400343894958496,-2.3508081436157227,0.07350436598062515,5.4106879234313965,0.5253720283508301,13.663187026977539,14.70490528045343,798206562,1720698912
5.0,0,1.6232936382293701,-0.5434920787811279,8.269699096679688,2.477043867111206,-2.2884891033172607,0.1395517736673355,3.8398427963256836,0.0,13.831868171691895,14.35496324688982,811206562,1720698912
5.0,0,1.9776407480239868,-2.760556697845459,8.715027809143066,2.5425586700439453,-2.2562644481658936,0.16431954503059387,2.967151403427124,-0.17512400448322296,12.9884614944458,13.324218095652256,823206562,1720698912
5.0,0,5.576180934906006,-2.0997469425201416,9.265702247619629,2.5380311012268066,-2.181694746017456,0.2045339047908783,1.9199213981628418,-1.5761160850524902,15.012638092041016,15.216752037517258,836206562,1720698912
5.0,0,5.796450614929199,-1.2282441854476929,7.623254299163818,2.585702419281006,-2.1891517639160156,0.21811622381210327,0.5236149430274963,-4.3780999183654785,14.675274848937988,15.323368539444106,848206562,1720698912
5.0,0,6.287269592285156,-1.4940046072006226,8.983181953430176,2.5979533195495605,-2.0376155376434326,0.27857089042663574,-2.0944597721099854,-5.954216003417969,14.843955993652344,16.130172953004347,861206562,1720698912
5.0,0,8.207448959350586,-0.5027900338172913,10.628024101257324,2.6858389377593994,-2.0826237201690674,0.28922373056411743,-2.618074655532837,-7.530332088470459,16.362089157104492,18.201048811802785,874179403,1720698912
5.0,0,4.185128211975098,0.49321308732032776,8.614469528198242,2.6890347003936768,-1.9414739608764648,0.3382266163825989,-3.316227912902832,-9.982068061828613,16.362089157104492,19.45140128490313,887179403,1720698912
5.0,0,7.7477545738220215,0.10774072259664536,10.687880516052246,2.756946325302124,-1.9755629301071167,0.3544721305370331,-4.188919544219971,-11.20793628692627,17.205495834350586,20.956955162084068,899179403,1720698912
5.0,0,4.493985176086426,-0.5722229480743408,9.564981460571289,2.7660012245178223,-1.8477293252944946,0.3896264135837555,-5.236149311065674,-9.806943893432617,17.542858123779297,20.768853586266097,912179403,1720698912
5.0,0,6.2034711837768555,2.135660409927368,9.198662757873535,2.804351568222046,-1.8341469764709473,0.3928222358226776,-6.981532573699951,-13.30942440032959,19.567033767700195,24.67288765856242,924179403,1720698912
5.0,0,7.381436824798584,-1.2857059240341187,8.918537139892578,2.808612585067749,-1.7566478252410889,0.4378303587436676,-8.028762817382812,-15.41091251373291,19.567033767700195,26.169181633173746,937179403,1720698912
5.0,0,4.154003143310547,0.28730857372283936,8.063794136047363,2.8837146759033203,-1.7039164304733276,0.44368940591812134,-8.72691535949707,-16.811904907226562,20.916484832763672,28.218762128425958,949179403,1720698912
5.0,0,4.130061149597168,3.2705295085906982,8.11886215209961,2.8962318897247314,-1.627748966217041,0.4759141504764557,-10.123222351074219,-14.009920120239258,20.241758346557617,26.617405461562335,962179403,1720698912
5.0,0,3.660790205001831,0.3304048776626587,7.470023155212402,2.919667959213257,-1.6093727350234985,0.4817731976509094,-10.9959135055542,-19.789012908935547,22.434616088867188,31.872043310501844,974179403,1720698912
5.0,0,6.23938512802124,-0.3663184642791748,7.656774044036865,2.9308536052703857,-1.5345368385314941,0.5014808773994446,-10.297760963439941,-20.13926124572754,24.121429443359375,33.06776501027512,987179403,1720698912
5.0,0,3.529107093811035,-0.08619257807731628,6.4620490074157715,2.986248016357422,-1.491392970085144,0.5126663446426392,-11.51952838897705,-20.31438446044922,24.627473831176758,33.939449282754794,999179403,1720698912
5.0,0,7.098916053771973,1.4796391725540161,6.8762526512146,3.0264623165130615,-1.4658262729644775,0.5262486338615417,-13.090373992919922,-22.24074935913086,27.15769386291504,37.463971483039636,12179403,1720698913
5.0,0,4.764533996582031,-1.9345444440841675,5.834758281707764,3.0235328674316406,-1.4314708709716797,0.5259823203086853,-13.43945026397705,-24.34223747253418,26.820329666137695,38.632802538354184,25179403,1720698913
5.0,0,4.951284408569336,-0.49560731649398804,4.491590976715088,3.099700689315796,-1.3941861391067505,0.5345045924186707,-15.010294914245605,-23.816864013671875,27.326374053955078,39.23369322145234,37179403,1720698913
5.0,0,6.368673324584961,-0.8164352178573608,5.88982629776001,3.1119511127471924,-1.3403894901275635,0.5507500767707825,-15.70844841003418,-24.86760902404785,29.013187408447266,41.314868674864435,50179403,1720698913
5.0,0,9.876233100891113,1.5778030157089233,6.2034711837768555,3.1742701530456543,-1.3385251760482788,0.5369014739990234,-16.23206329345703,-29.245708465576172,32.55549621582031,46.67602892571903,62179403,1720698913
5.0,0,10.003128051757812,-2.3271994590759277,4.874669075012207,3.1529645919799805,-1.2812663316726685,0.5536796450614929,-16.406600952148438,-26.61884880065918,32.38681411743164,45.01827845389539,75179403,1720698913
5.0,0,10.1276273727417,0.5841941237449646,6.208259582519531,3.2238056659698486,-1.270879864692688,0.5627345442771912,-18.675600051879883,-27.844717025756836,33.904945373535156,47.682823158079174,87179403,1720698913
5.0,0,11.272073745727539,-0.5387036204338074,5.140429496765137,3.22220778465271,-1.1901848316192627,0.5555438995361328,-18.675600051879883,-27.844717025756836,33.904945373535156,47.682823158079174,100179403,1720698913
5.0,0,10.714216232299805,0.8930508494377136,5.042265892028809,3.2895865440368652,-1.1465083360671997,0.5472879409790039,-19.199214935302734,-30.471576690673828,37.78461456298828,52.199654575688086,112179403,1720698913
5.0,0,11.456430435180664,0.44532832503318787,4.781293869018555,3.2933154106140137,-1.1180120706558228,0.5475542545318604,-20.07190704345703,-30.9969482421875,38.628021240234375,53.43983792664447,125179403,1720698913
5.0,0,-1.5251296758651733,24.29912567138672,11.288832664489746,2.7273848056793213,-0.6546149849891663,0.4234490692615509,-19.897367477416992,-30.82182502746582,38.79670333862305,53.39545224548824,137179403,1720698913
5.0,0,13.007896423339844,27.409238815307617,1.8507461547851562,2.2852933406829834,-0.6713931560516357,0.4263785779476166,-20.246444702148438,-30.82182502746582,40.146156311035156,54.51254248015718,150179403,1720698913
5.0,0,11.233766555786133,31.721261978149414,9.043037414550781,0.9291910529136658,-0.35686904191970825,0.06338419765233994,-21.29367446899414,-31.522321701049805,41.158241271972656,56.04532239552095,162179403,1720698913
5.0,0,13.106060028076172,25.893686294555664,15.31594181060791,0.43889564275741577,-0.23223118484020233,0.04527442902326584,-20.77005958557129,-34.1491813659668,42.00164794921875,57.98017241785322,175179403,1720698913
5.0,0,1.0343109369277954,2.7461910247802734,-2.7150661945343018,-0.31665468215942383,0.1456771343946457,-0.00878856610506773,-20.77005958557129,-32.74818801879883,42.00164794921875,57.1662280035415,187179403,1720698913
5.0,0,8.8514986038208,30.483440399169922,22.7716007232666,-0.6311788558959961,0.2902889847755432,-0.04607338830828667,-22.51544189453125,-32.74818801879883,42.339012145996094,58.06876003256326,200179403,1720698913
5.0,0,0.3016740083694458,-3.5458667278289795,0.4142032265663147,-0.9646116495132446,0.34941205382347107,-0.07776549458503723,-21.817289352416992,-32.047691345214844,41.66428756713867,56.911874804143224,212179403,1720698913
5.0,0,9.464424133300781,-8.197872161865234,5.628854274749756,-0.5392983555793762,0.004261122550815344,-0.08389085531234741,-21.817289352416992,-32.047691345214844,41.66428756713867,56.911874804143224,225179403,1720698913
5.0,0,8.995153427124023,-4.247378826141357,10.1898775100708,-0.27670666575431824,0.030626820400357246,-0.05539459362626076,-21.817289352416992,-31.347196578979492,42.00164794921875,56.76952772833664,237179403,1720698913
5.0,0,3.6272706985473633,-0.9457241296768188,7.012723922729492,-0.032491061836481094,0.05246507376432419,-0.015712888911366463,-21.119136810302734,-32.047691345214844,40.98956298828125,56.15351043470674,250179403,1720698913
5.0,0,2.420574903488159,5.030294418334961,6.363884925842285,0.04341018572449684,-0.002130561275407672,0.003994802478700876,-21.119136810302734,-31.697444915771484,42.00164794921875,56.69995047838017,262179403,1720698913
5.0,0,7.0270891189575195,10.759706497192383,7.903380393981934,0.05699251592159271,-0.052997712045907974,-0.013582328334450722,-20.944597244262695,-31.172073364257812,40.82088088989258,55.46817671582369,275179403,1720698913
5.0,0,7.051031589508057,8.975998878479004,6.395010471343994,-0.04048066586256027,-0.027164656668901443,0.0,-22.166366577148438,-31.697444915771484,39.64011001586914,55.38424093089206,287179403,1720698913
5.0,0,7.036666393280029,5.78447961807251,7.8842267990112305,-0.07084116339683533,0.0007989605655893683,-0.0013316008262336254,-22.166366577148438,-31.347196578979492,40.652198791503906,55.91597094907374,300179403,1720698913
5.0,0,5.887432098388672,1.1635997295379639,6.840338706970215,-0.04607338830828667,0.048203952610492706,0.002663201652467251,-20.420982360839844,-32.047691345214844,40.652198791503906,55.64775204555744,312179403,1720698913
5.0,0,4.673552989959717,3.272923707962036,8.181112289428711,0.029561540111899376,0.025566738098859787,-0.0037284824065864086,-21.468212127685547,-31.697444915771484,40.31483459472656,55.59584547920675,325179403,1720698913
5.0,0,2.4924020767211914,6.70865535736084,7.79085111618042,0.04154594615101814,-0.006391684524714947,-0.013049688190221786,-20.595521926879883,-30.82182502746582,41.158241271972656,55.390985241880486,337179403,1720698913
5.0,0,13.560965538024902,2.2266414165496826,16.0485782623291,0.20000644028186798,0.5078725814819336,-0.8921725153923035,-20.595521926879883,-30.82182502746582,41.158241271972656,55.390985241880486,350179403,1720698913
5.0,0,-39.22719955444336,20.14990997314453,7.209051132202148,-0.05539459362626076,0.7203960418701172,-1.2058976888656616,-20.944597244262695,-32.57306671142578,41.49560546875,56.75884161898942,362179403,1720698913
5.0,0,-15.488327026367188,12.213008880615234,15.361432075500488,0.4266449213027954,0.9337185025215149,-1.8836826086044312,-20.420982360839844,-34.499427795410156,40.652198791503906,57.09490612459576,375179403,1720698913
5.0,0,4.944101810455322,-10.730976104736328,5.0662078857421875,0.10040270537137985,0.7901719212532043,-2.315387725830078,-20.420982360839844,-34.499427795410156,40.652198791503906,57.09490612459576,387179403,1720698913
5.0,0,-22.584848403930664,21.32069206237793,8.331949234008789,0.7957646250724792,1.4059041738510132,-2.901291847229004,-17.104755401611328,-35.72529602050781,39.80879211425781,56.157006354488466,400179403,1720698913
5.0,0,20.59523582458496,5.343940258026123,4.769322395324707,0.500415563583374,1.2415846586227417,-2.898895025253296,-15.533909797668457,-36.95116424560547,41.32692337036133,57.572610571065205,412179403,1720698913
5.0,0,15.859434127807617,16.30476188659668,7.3383402824401855,0.5544785857200623,1.2106915712356567,-2.8022210597991943,-14.835756301879883,-38.7024040222168,39.30274963378906,57.119890326610204,425179403,1720698913
5.0,0,3.0287113189697266,11.298409461975098,4.726226329803467,0.4008118808269501,1.4565050601959229,-2.7151341438293457,-14.835756301879883,-39.40290069580078,42.339012145996094,59.70996732364464,437179403,1720698913
5.0,0,18.4954891204834,10.192272186279297,8.485180854797363,0.342754065990448,1.34065580368042,-2.7606749534606934,-11.344990730285645,-40.453643798828125,40.652198791503906,58.462016539430834,450179403,1720698913
5.0,0,-7.402984619140625,11.025466918945312,4.618485450744629,0.45114636421203613,1.3385251760482788,-2.730314254760742,-9.075992584228516,-40.9790153503418,39.47142791748047,57.61637755289182,462179403,1720698913
5.0,0,2.8539319038391113,-1.4365429878234863,5.482805252075195,0.42557963728904724,1.2080281972885132,-2.6091384887695312,-9.075992584228516,-40.9790153503418,39.47142791748047,57.61637755289182,475179403,1720698913
5.0,0,5.300843238830566,4.043868541717529,7.3622822761535645,0.4354335069656372,1.100967526435852,-2.6544132232666016,-7.85422420501709,-42.55513381958008,39.30274963378906,58.45797106504254,487179403,1720698913
5.0,0,5.719834804534912,2.7485857009887695,4.110907077789307,0.5579407811164856,0.9622148275375366,-2.6075406074523926,-5.585226058959961,-43.08050537109375,40.82088088989258,59.61098061418986,500179403,1720698913
5.0,0,2.3152284622192383,8.590526580810547,5.863489627838135,0.5693925023078918,1.0274631977081299,-2.6038122177124023,-4.363457679748535,-45.00687026977539,42.339012145996094,61.94554127539894,513179403,1720698913
5.0,0,-0.8020698428153992,13.769264221191406,9.96481990814209,0.5984213948249817,1.0868526697158813,-2.628580093383789,-2.967151403427124,-43.95612335205078,40.98956298828125,60.17548538700655,525179403,1720698913
5.0,0,-4.537081718444824,2.602536916732788,0.1412600576877594,0.525183379650116,1.1462420225143433,-2.687436819076538,-1.3963065147399902,-46.933231353759766,39.47142791748047,61.34061867175372,538179403,1720698913
5.0,0,-2.0542564392089844,10.587321281433105,4.695101261138916,0.5595386624336243,1.2226759195327759,-2.7436304092407227,1.9199213981628418,-45.35711669921875,40.652198791503906,60.93894813684942,550179403,1720698913
5.0,0,-1.7238515615463257,10.115656852722168,6.241779327392578,0.6879050135612488,1.121474266052246,-2.730314254760742,3.1416897773742676,-46.933231353759766,39.80879211425781,61.62254741212011,563179403,1720698913
5.0,0,3.914579391479492,3.3974239826202393,4.02232027053833,0.6234555244445801,1.088983178138733,-2.7050139904022217,4.188919544219971,-48.68447494506836,42.17033004760742,64.54503764000047,575179403,1720698913
5.0,0,8.535459518432617,5.995172023773193,8.14998722076416,0.6817796230316162,1.029593825340271,-2.6703922748565674,5.236149311065674,-50.43571472167969,41.158241271972656,65.30834099635624,588179403,1720698913
5.0,0,-6.792453765869141,10.544225692749023,6.428529739379883,0.7800517678260803,1.0927116870880127,-2.665332317352295,5.759764194488525,-48.859596252441406,42.00164794921875,64.68827915455635,600179403,1720698913
5.0,0,-1.8244094848632812,4.48919677734375,4.063022136688232,0.6487559676170349,1.1007012128829956,-2.71699857711792,8.901453971862793,-49.56009292602539,42.00164794921875,65.57116076522952,613179403,1720698913
5.0,0,-1.1923305988311768,11.489949226379395,4.3192057609558105,0.7736600637435913,1.0738029479980469,-2.705280303955078,10.821375846862793,-48.68447494506836,43.18241882324219,65.96970191930501,625179403,1720698913
5.0,0,-0.6320788860321045,9.689481735229492,4.3982157707214355,0.7978952527046204,1.081526279449463,-2.6842410564422607,13.43945026397705,-50.260589599609375,44.363189697265625,68.37278910804977,638179403,1720698913
5.0,0,-1.5466779470443726,8.885018348693848,7.690293312072754,0.8053522109985352,1.081259846687317,-2.707677125930786,15.359371185302734,-51.48645782470703,45.20659637451172,70.21682119201395,650179403,1720698913
5.0,0,-2.918576240539551,6.840338706970215,4.422158241271973,0.8570182919502258,1.0580899715423584,-2.709275007247925,17.802907943725586,-49.38496780395508,42.845054626464844,67.76073554939619,663179403,1720698913
5.0,0,-6.026297569274902,7.2066569328308105,4.103724479675293,0.8405064940452576,1.1089571714401245,-2.648287773132324,17.104755401611328,-50.43571472167969,46.893409729003906,70.96002996650894,675179403,1720698913
5.0,0,-0.8738968968391418,4.908188343048096,4.8650922775268555,0.8908409476280212,1.091380000114441,-2.6408307552337646,19.548290252685547,-51.136207580566406,46.21868133544922,71.64645058838448,688179403,1720698913
5.0,0,-5.525901794433594,9.517096519470215,5.001564025878906,0.9441049695014954,1.1465083360671997,-2.6911652088165283,21.29367446899414,-51.136207580566406,46.21868133544922,72.1422123482644,700179403,1720698913
5.0,0,-10.278464317321777,11.72697925567627,4.953678607940674,0.9462355971336365,1.2056313753128052,-2.682110548019409,24.260826110839844,-51.31133270263672,45.03791427612305,72.4558780889756,713179403,1720698913
5.0,0,2.298468589782715,9.229788780212402,3.9409162998199463,0.9912436604499817,1.1635527610778809,-2.6717238426208496,24.609901428222656,-51.661582946777344,48.07417678833008,74.73749309917483,725179403,1720698913
5.0,0,-2.3846611976623535,8.489969253540039,4.778899669647217,1.0133482217788696,1.1792657375335693,-2.653347969055176,26.180747985839844,-51.48645782470703,48.24285888671875,75.257294251104,738179403,1720698913
5.0,0,-5.78447961807251,8.008727073669434,4.7597455978393555,1.0722050666809082,1.165683388710022,-2.5492167472839355,28.7988224029541,-48.50934982299805,48.07417678833008,74.11919903724342,750179403,1720698913
5.0,0,-3.2394042015075684,4.829178333282471,2.8228068351745605,1.0391813516616821,1.150503158569336,-2.5960891246795654,29.147897720336914,-49.20984649658203,50.43571472167969,76.25595224780191,763179403,1720698913
5.0,0,-9.54103946685791,5.248170375823975,3.3136258125305176,1.0562257766723633,1.278336763381958,-2.5974206924438477,32.63866424560547,-49.56009292602539,51.44780349731445,78.53891837345303,775179403,1720698913
5.0,0,-5.185919761657715,6.612886428833008,3.0358939170837402,1.104163408279419,1.2482426166534424,-2.5196549892425537,33.16228103637695,-47.63372802734375,52.62857437133789,78.34842544479145,788179403,1720698913
5.0,0,-4.5538411140441895,6.701472759246826,2.6456332206726074,1.0948421955108643,1.2383887767791748,-2.590496301651001,35.25674057006836,-48.334224700927734,52.29121017456055,79.45820092718525,800179403,1720698913
5.0,0,-4.69031286239624,10.541831016540527,5.035082817077637,1.165683388710022,1.2719451189041138,-2.495419979095459,36.129432678222656,-48.50934982299805,52.45989227294922,80.06580558009556,813179403,1720698913
5.0,0,-6.545847415924072,8.116467475891113,3.277712106704712,1.1893858909606934,1.309496283531189,-2.484234571456909,36.653045654296875,-47.28348159790039,54.652748107910156,81.03145231020873,825179403,1720698913
5.0,0,-4.970438480377197,7.865072250366211,3.0358939170837402,1.1832605600357056,1.2743420600891113,-2.493023157119751,38.22389221191406,-47.10835647583008,55.15879440307617,81.99241297634028,838179403,1720698913
5.0,0,-4.750168800354004,5.351122856140137,2.7485857009887695,1.2003051042556763,1.3164206743240356,-2.402740716934204,38.39842987060547,-44.83174514770508,58.70109939575195,83.24748560639254,850179403,1720698913
5.0,0,-8.487574577331543,7.017512321472168,3.220250368118286,1.230132818222046,1.3941861391067505,-2.4141921997070312,41.191043853759766,-44.48149871826172,57.014286041259766,83.22220037213428,863179403,1720698913
5.0,0,-11.920912742614746,6.3567023277282715,2.164391279220581,1.230132818222046,1.4346667528152466,-2.4120616912841797,42.23827362060547,-43.781002044677734,58.70109939575195,84.53796170215581,875179403,1720698913
5.0,0,-10.467610359191895,7.168349266052246,2.454094171524048,1.255167007446289,1.4820717573165894,-2.3715810775756836,41.191043853759766,-43.08050537109375,58.70109939575195,83.65674573554215,888179403,1720698913
5.0,0,-5.576180934906006,6.438106536865234,2.3152284622192383,1.279135823249817,1.4586355686187744,-2.3484113216400146,44.332733154296875,-41.67951202392578,63.086814880371094,87.649980965388,900179403,1720698913
5.0,0,-2.913787841796875,5.585757732391357,0.7086945176124573,1.270347237586975,1.445319652557373,-2.252269744873047,46.0781135559082,-40.62876892089844,61.400001525878906,86.8553372008702,913179403,1720698913
5.0,0,-5.5091423988342285,4.687918663024902,2.217064619064331,1.2748746871948242,1.4748810529708862,-2.214984893798828,45.37996292114258,-39.92827224731445,63.42417907714844,87.61412244033566,925179403,1720698913
5.0,0,-9.01191234588623,5.940104961395264,2.2386128902435303,1.3001750707626343,1.5185576677322388,-2.20300030708313,45.554500579833984,-39.40290069580078,62.243408203125,86.61433467424477,938179403,1720698913
5.0,0,-7.323974609375,4.857909679412842,-0.19632753729820251,1.283929467201233,1.5539782047271729,-2.2003371715545654,47.9980354309082,-36.60091781616211,63.93022155761719,87.92332920572443,950179403,1720698913
5.0,0,-5.7677202224731445,8.806008338928223,1.9776407480239868,1.324143886566162,1.5859366655349731,-2.175569534301758,45.554500579833984,-36.95116424560547,64.94230651855469,87.5105950050262,963179403,1720698913
5.0,0,-10.63520622253418,7.936899662017822,1.2114845514297485,1.329736590385437,1.6676969528198242,-2.104461908340454,47.64896011352539,-35.550174713134766,64.94230651855469,88.04397479660179,975179403,1720698913
5.0,0,-7.350311279296875,6.806819438934326,1.0821956396102905,1.317219614982605,1.6434617042541504,-2.0421431064605713,47.64896011352539,-35.37504959106445,64.94230651855469,87.97340910423168,988179403,1720698913
5.0,0,-9.569769859313965,6.885829448699951,1.1635997295379639,1.3265408277511597,1.6911331415176392,-2.065046548843384,49.21980285644531,-33.2735595703125,70.84615325927734,92.46024113825082,179403,1720698914
5.0,0,-8.995153427124023,3.045470952987671,-0.8906566500663757,1.3164206743240356,1.7161672115325928,-1.935615062713623,50.09249496459961,-32.74818801879883,68.6532974243164,91.07676497068111,13179403,1720698914
5.0,0,-10.113262176513672,3.612905502319336,-0.08379834145307541,1.291652798652649,1.7529194355010986,-2.002727508544922,49.394344329833984,-32.39794158935547,69.66539001464844,91.3383514023248,26179403,1720698914
5.0,0,-12.821145057678223,0.4333571195602417,-0.9074163436889648,1.2687492370605469,1.9401423931121826,-1.9161736965179443,51.314266204833984,-29.420833587646484,70.84615325927734,92.29256089615006,38179403,1720698914
5.0,0,-6.624857425689697,2.478036403656006,-1.5873799324035645,1.252770185470581,1.8650401830673218,-1.812042474746704,48.17257308959961,-30.121328353881836,71.85824584960938,91.6051238548264,51179403,1720698914
5.0,0,-6.318394660949707,1.4916104078292847,-1.4868218898773193,1.2431825399398804,1.8732961416244507,-1.8578494787216187,49.21980285644531,-29.420833587646484,72.53296661376953,92.46191479746423,63179403,1720698914
5.0,0,-4.764533996582031,7.642408847808838,-1.0486763715744019,1.278603196144104,1.8695675134658813,-1.7316136360168457,49.21980285644531,-29.420833587646484,72.53296661376953,92.46191479746423,76179403,1720698914
5.0,0,-12.665519714355469,7.271301746368408,-0.08379834145307541,1.247443675994873,1.9630459547042847,-1.7324128150939941,48.52165222167969,-26.268600463867188,75.23187255859375,93.29643483715982,88179403,1720698914
5.0,0,-11.904151916503906,6.778088569641113,-0.49321308732032776,1.2514383792877197,1.9928737878799438,-1.66876220703125,49.56888198852539,-24.51736068725586,75.23187255859375,93.37028266709835,101179403,1720698914
5.0,0,-11.181092262268066,3.8355696201324463,-2.995191812515259,1.219480037689209,2.040811538696289,-1.6109707355499268,49.56888198852539,-24.51736068725586,75.23187255859375,93.37028266709835,113179403,1720698914
5.0,0,-8.164352416992188,2.243401288986206,-2.55704665184021,1.18592369556427,2.0453388690948486,-1.6333415508270264,47.474422454833984,-22.41587257385254,78.26813507080078,94.24538767562238,126179403,1720698914
5.0,0,-5.229015827178955,4.671158790588379,-1.6999092102050781,1.175270915031433,2.043208360671997,-1.5371999740600586,48.8707275390625,-22.065624237060547,79.61758422851562,95.99062194586102,138179403,1720698914
5.0,0,-27.816261291503906,14.216987609863281,24.651077270507812,0.9901784062385559,1.0610195398330688,-0.6700615882873535,45.72903823852539,-22.41587257385254,79.28022003173828,94.22828434047044,151179403,1720698914
5.0,0,-39.22719955444336,3.9840123653411865,23.712535858154297,0.4522116482257843,1.2274696826934814,-0.8626110553741455,46.60173034667969,-23.291492462158203,78.77417755126953,94.44355955436218,163179403,1720698914
5.0,0,4.470042705535889,12.189066886901855,10.82913875579834,0.10279957950115204,0.14541080594062805,-0.322780042886734,46.0781135559082,-20.66463279724121,79.95494842529297,94.56750697362835,176179403,1720698914
5.0,0,-36.50973892211914,-2.9042110443115234,10.436484336853027,-0.04847027361392975,0.1382201611995697,-0.2133224606513977,46.42719268798828,-19.964136123657227,78.94285583496094,93.73380094411479,188179403,1720698914
5.0,0,7.1851091384887695,9.452452659606934,2.6169025897979736,-0.3014744222164154,-0.41119831800460815,0.14088337123394012,46.42719268798828,-19.964136123657227,78.94285583496094,93.73380094411479,201179403,1720698914
5.0,0,-15.291999816894531,-1.1540228128433228,-8.451661109924316,-0.22477422654628754,-0.1970769315958023,0.1400844007730484,47.8234977722168,-20.31438446044922,79.95494842529297,95.3548894019988,213179403,1720698914
5.0,0,-2.3631131649017334,-0.15801972150802612,-12.256105422973633,-0.04740498960018158,-0.25859689712524414,0.1595257818698883,45.72903823852539,-18.913393020629883,79.61758422851562,93.74337892437049,226179403,1720698914
5.0,0,-9.787646293640137,-1.158811330795288,-1.3431676626205444,0.035686902701854706,-0.1475413739681244,0.19734324514865875,45.72903823852539,-18.913393020629883,79.61758422851562,93.74337892437049,238179403,1720698914
5.0,0,-4.8650922775268555,-0.7374253869056702,-2.5378923416137695,-0.03595322370529175,-0.18535883724689484,0.16059106588363647,46.9508056640625,-20.83975601196289,80.46099090576172,95.46017306018138,251179403,1720698914
5.0,0,-13.060568809509277,1.1372631788253784,0.009576953016221523,-0.013049688190221786,-0.02902889810502529,0.09587526321411133,46.776268005371094,-20.66463279724121,79.28022003173828,94.34192909537072,263179403,1720698914
5.0,0,-8.454055786132812,1.5131585597991943,-2.4109978675842285,0.006125363986939192,-0.03914906829595566,0.02796361781656742,45.20542526245117,-21.890501022338867,79.78626251220703,94.27922461409455,276179403,1720698914
5.0,0,-11.159544944763184,1.4030234813690186,-1.704697608947754,-0.030360499396920204,0.015446570701897144,-0.030626820400357246,46.42719268798828,-21.014881134033203,79.61758422851562,94.53078423640585,288179403,1720698914
5.0,0,-7.661562442779541,0.6201077103614807,-4.381455898284912,-0.013049688190221786,-0.001065280637703836,-0.013582328334450722,46.776268005371094,-20.31438446044922,80.29231262207031,95.11860454568031,301179403,1720698914
5.0,0,-8.69347858428955,1.5538605451583862,-2.0470738410949707,0.03488794341683388,-0.027430977672338486,0.010386486537754536,45.37996292114258,-19.613887786865234,80.29231262207031,94.29157488895966,313179403,1720698914
5.0,0,-9.763703346252441,1.6424474716186523,0.8930508494377136,0.035686902701854706,-0.01384864840656519,0.016245530918240547,45.37996292114258,-19.613887786865234,80.29231262207031,94.29157488895966,326179403,1720698914
5.0,0,-10.2952241897583,1.5059758424758911,-0.5123670101165771,-0.05459563434123993,-0.0015979211311787367,0.019974011927843094,45.37996292114258,-21.014881134033203,79.28022003173828,93.73536980287993,338179403,1720698914
5.0,0,-7.929717063903809,2.094958543777466,-3.0813846588134766,-0.027430977672338486,0.00825592502951622,-0.010386486537754536,44.856346130371094,-21.540252685546875,80.12362670898438,94.31791892808886,351179403,1720698914
5.0,0,-10.7166109085083,-0.09816376864910126,-2.9305477142333984,-0.0007989605655893683,-0.018376091495156288,-0.0143812894821167,44.856346130371094,-21.540252685546875,80.12362670898438,94.31791892808886,363179403,1720698914
5.0,0,-8.207448959350586,0.9624837636947632,-1.9369386434555054,0.005326403304934502,-0.005859043914824724,0.004527443088591099,45.20542526245117,-20.13926124572754,80.46099090576172,94.46211607951514,376179403,1720698914
5.0,0,-9.186692237854004,1.9872177839279175,-0.8116468191146851,-0.0037284824065864086,-0.00719064474105835,-0.0034621621016412973,46.0781135559082,-21.014881134033203,78.94285583496094,93.79121635488124,388179403,1720698914
5.0,0,-10.465215682983398,1.213878870010376,-1.3335906267166138,0.00825592502951622,0.004793763160705566,-0.03382266312837601,45.20542526245117,-20.4895076751709,79.44890594482422,93.67752694088092,401179403,1720698914
5.0,0,-11.375025749206543,-0.14844277501106262,-2.221853017807007,-0.030626820400357246,0.007456964813172817,-0.004793763160705566,47.125343322753906,-19.964136123657227,80.96703338623047,95.78635189743005,413179403,1720698914
5.0,0,-9.160355567932129,0.871502697467804,-2.348747730255127,-0.01864241249859333,0.0037284824065864086,-0.005326403304934502,46.0781135559082,-19.964136123657227,80.96703338623047,95.27549409686651,426179403,1720698914
5.0,0,-8.815585136413574,0.8164352178573608,-2.4349403381347656,-0.001065280637703836,-0.01651185005903244,0.030360499396920204,46.42719268798828,-22.065624237060547,80.96703338623047,95.90639441260268,438179403,1720698914
5.0,0,-8.487574577331543,1.2809175252914429,-1.3886581659317017,0.0015979211311787367,-0.010386486537754536,-0.000532640318851918,46.42719268798828,-22.065624237060547,80.96703338623047,95.90639441260268,451179403,1720698914
5.0,0,-9.67990493774414,1.185148000717163,-1.2928886413574219,0.0007989605655893683,0.0,-0.002130561275407672,47.125343322753906,-21.365129470825195,80.96703338623047,96.08812224182294,464179403,1720698914
5.0,0,-9.493154525756836,1.1276862621307373,-2.1500258445739746,-0.00825592502951622,-0.0031958422623574734,0.0018642412032932043,46.0781135559082,-22.065624237060547,78.94285583496094,94.03222218591748,476179403,1720698914
5.0,0,-9.682299613952637,1.1013495922088623,-2.193122148513794,-0.005060083232820034,0.0,-0.00719064474105835,45.0308837890625,-19.613887786865234,79.28022003173828,93.26220229664658,489179403,1720698914
5.0,0,-9.100500106811523,0.8667142391204834,-2.0973527431488037,0.0,-0.007456964813172817,-0.0013316008262336254,46.42719268798828,-21.365129470825195,78.94285583496094,94.04215791639483,501179403,1720698914
5.0,0,-9.45484733581543,1.187542200088501,-1.4030234813690186,0.001065280637703836,-0.005326403304934502,0.0007989605655893683,46.0781135559082,-21.365129470825195,79.95494842529297,94.72304410156777,514179403,1720698914
5.0,0,-9.531462669372559,0.9457241296768188,-1.5538605451583862,-0.002130561275407672,-0.000532640318851918,0.002929521957412362,46.252655029296875,-19.789012908935547,80.46099090576172,94.89406823772616,526179403,1720698914
5.0,0,-9.560193061828613,1.2665519714355469,-1.8004671335220337,-0.010120166465640068,0.001065280637703836,0.000266320159425959,46.42719268798828,-20.31438446044922,80.62966918945312,95.2328829265143,539179403,1720698914
5.0,0,-9.409356117248535,1.058253288269043,-2.272132158279419,-0.000532640318851918,-0.002130561275407672,0.0007989605655893683,46.252655029296875,-19.789012908935547,79.44890594482422,94.03744884352555,551179403,1720698914
5.0,0,-9.536251068115234,1.058253288269043,-1.9321502447128296,-0.002663201652467251,-0.002130561275407672,0.000266320159425959,46.9508056640625,-20.4895076751709,80.46099090576172,95.38432331789392,564179403,1720698914
5.0,0,-9.335135459899902,1.1372631788253784,-1.4820334911346436,0.0031958422623574734,0.0018642412032932043,-0.0034621621016412973,46.60173034667969,-21.190004348754883,81.81044006347656,96.50743836090868,576179403,1720698914
5.0,0,-9.514702796936035,1.0750129222869873,-1.6352647542953491,-0.009054886177182198,-0.0018642412032932043,0.002663201652467251,46.776268005371094,-21.365129470825195,79.61758422851562,94.7810515039805,589179403,1720698914
5.0,0,-9.579346656799316,1.19951331615448,-1.9249675273895264,-0.006924324203282595,0.006391684524714947,0.001065280637703836,47.29988479614258,-20.83975601196289,79.78626251220703,95.0653576127146,601179403,1720698914
5.0,0,-9.332740783691406,0.8571372628211975,-2.37747859954834,-0.002663201652467251,-0.0007989605655893683,-0.002396881580352783,45.554500579833984,-20.4895076751709,80.12362670898438,94.4183668829834,614179403,1720698914
5.0,0,-9.564981460571289,1.1779651641845703,-1.6089280843734741,0.004793763160705566,0.0007989605655893683,0.0015979211311787367,46.0781135559082,-21.715375900268555,79.95494842529297,94.80265754214064,626179403,1720698914
5.0,0,-9.363865852355957,1.02952241897583,-1.5778030157089233,-0.0037284824065864086,0.002130561275407672,-0.002130561275407672,47.474422454833984,-19.964136123657227,79.95494842529297,95.10615803550903,639179403,1720698914
5.0,0,-9.54103946685791,1.1396573781967163,-1.573014497756958,-0.005859043914824724,-0.000532640318851918,-0.0031958422623574734,44.68180847167969,-20.31438446044922,79.61758422851562,93.53126719280343,651179403,1720698914
5.0,0,-9.339923858642578,1.0726187229156494,-2.1284778118133545,-0.0034621621016412973,0.001065280637703836,0.0007989605655893683,45.9035758972168,-20.13926124572754,80.12362670898438,94.51202929085737,664179403,1720698914
5.0,0,-9.655962944030762,0.9672722220420837,-2.035102367401123,-0.002929521957412362,-0.000266320159425959,-0.002929521957412362,44.856346130371094,-20.4895076751709,79.78626251220703,93.79637199063383,676179403,1720698914
5.0,0,-9.632019996643066,1.094166874885559,-1.7525824308395386,0.002929521957412362,-0.001065280637703836,0.0015979211311787367,46.0781135559082,-20.31438446044922,80.29231262207031,94.77722422121458,689179403,1720698914
5.0,0,-10.350292205810547,0.5123670101165771,-1.7645535469055176,-0.0013316008262336254,-0.000532640318851918,-0.0018642412032932043,43.80911636352539,-20.13926124572754,79.78626251220703,93.22379634912636,701179403,1720698914
5.0,0,-9.17232608795166,1.1396573781967163,-1.537100911140442,-0.014913929626345634,0.007989604957401752,0.015979209914803505,46.60173034667969,-21.540252685546875,79.44890594482422,94.59298289456454,714179403,1720698914
5.0,0,-9.830741882324219,0.9936088919639587,-1.9824292659759521,0.011718087829649448,-0.009321206249296665,-0.02902889810502529,44.68180847167969,-20.66463279724121,79.28022003173828,93.32118915458332,726179403,1720698914
5.0,0,-10.628024101257324,-0.09098105132579803,-2.2817089557647705,-0.015180249698460102,0.0018642412032932043,0.035686902701854706,45.9035758972168,-20.4895076751709,79.11154174804688,93.7315008024271,739179403,1720698914
5.0,0,-9.471606254577637,1.4173890352249146,-1.6161108016967773,0.002663201652467251,-0.0018642412032932043,-0.016778171062469482,46.0781135559082,-20.31438446044922,78.60549926757812,93.35251083920205,751179403,1720698914
5.0,0,-9.763703346252441,0.6679925322532654,-1.7884960174560547,-0.010120166465640068,0.0037284824065864086,0.019441373646259308,44.856346130371094,-22.59099578857422,79.78626251220703,94.27774161780631,764179403,1720698914
5.0,0,-9.988761901855469,0.4884245991706848,-1.9177848100662231,-0.00825592502951622,-0.003994802478700876,-0.006391684524714947,45.9035758972168,-20.4895076751709,79.44890594482422,94.01641803829773,776179403,1720698914
5.0,0,-7.972813129425049,2.1596028804779053,-1.6232936382293701,-0.00825592502951622,0.0007989605655893683,0.010386486537754536,45.9035758972168,-20.83975601196289,79.78626251220703,94.37839475460737,789179403,1720698914
5.0,0,-10.003128051757812,0.47645339369773865,-1.7980729341506958,-0.0015979211311787367,-0.00825592502951622,-0.009054886177182198,46.776268005371094,-19.263641357421875,80.96703338623047,95.47129213656133,801179403,1720698914
5.0,0,-8.600103378295898,2.3798727989196777,-1.6185050010681152,0.0015979211311787367,-0.004527443088591099,-0.018908733502030373,46.0781135559082,-20.66463279724121,80.96703338623047,95.42473522563711,814179403,1720698914
5.0,0,-10.58492660522461,-0.1316830962896347,-2.0710160732269287,-0.00825592502951622,-0.0013316008262336254,0.007456964813172817,46.0781135559082,-19.964136123657227,80.29231262207031,94.70277053093726,826179403,1720698914
5.0,0,-9.572164535522461,1.225849986076355,-1.7789191007614136,-0.002396881580352783,-0.0015979211311787367,-0.01864241249859333,46.776268005371094,-20.66463279724121,79.28022003173828,94.34192909537072,839179403,1720698914
5.0,0,-9.799616813659668,0.6727809309959412,-1.920179009437561,-0.010386486537754536,0.004793763160705566,0.01757713221013546,45.37996292114258,-20.31438446044922,78.94285583496094,93.29517532064904,851179403,1720698914
5.0,0,-9.002335548400879,1.185148000717163,-1.7717362642288208,-0.005326403304934502,-0.002663201652467251,-0.004527443088591099,46.0781135559082,-21.014881134033203,80.96703338623047,95.50119514077127,864179403,1720698914
5.0,0,-8.8945951461792,1.9680639505386353,-1.6831494569778442,0.000266320159425959,-0.0034621621016412973,-0.010919126681983471,46.0781135559082,-19.263641357421875,79.95494842529297,94.27127985187113,876179403,1720698914
5.0,0,-10.37183952331543,0.004788476508110762,-1.999189019203186,-0.006924324203282595,-0.0031958422623574734,0.0013316008262336254,46.60173034667969,-20.13926124572754,80.12362670898438,94.85307940087651,889179403,1720698914
5.0,0,-9.667933464050293,0.9960030913352966,-1.996794581413269,-0.004261122550815344,-0.005859043914824724,-0.010652806609869003,45.554500579833984,-20.83975601196289,79.44890594482422,93.92356791320144,901179403,1720698914
5.0,0,-9.48597240447998,1.0319167375564575,-1.625687837600708,-0.009321206249296665,0.0034621621016412973,0.009587526321411133,45.554500579833984,-20.83975601196289,79.44890594482422,93.92356791320144,914179403,1720698914
5.0,0,-8.806008338928223,1.237821102142334,-1.795678734779358,-0.004793763160705566,-0.005060083232820034,-0.010652806609869003,45.72903823852539,-20.66463279724121,79.61758422851562,94.11233556367685,926179403,1720698914
5.0,0,-10.163541793823242,0.8906566500663757,-1.8962366580963135,-0.006391684524714947,-0.0037284824065864086,0.005326403304934502,46.776268005371094,-20.31438446044922,79.28022003173828,94.26583025040452,939179403,1720698914
5.0,0,-9.342317581176758,1.0845898389816284,-1.9273617267608643,-0.003994802478700876,-0.004793763160705566,-0.0007989605655893683,45.554500579833984,-20.83975601196289,79.11154174804688,93.63836815894007,951179403,1720698914
5.0,0,-9.38062572479248,1.3718984127044678,-1.5801972150802612,-0.002396881580352783,-0.006924324203282595,-0.002130561275407672,46.60173034667969,-20.4895076751709,81.1357192993164,95.7838511560952,964179403,1720698914
5.0,0,-9.584136009216309,1.0438878536224365,-1.7645535469055176,0.0,-0.0018642412032932043,-0.000532640318851918,47.29988479614258,-20.13926124572754,80.12362670898438,95.19802782753798,977179403,1720698914
5.0,0,-9.225000381469727,1.0486763715744019,-1.9034193754196167,-0.005859043914824724,-0.0034621621016412973,-0.0013316008262336254,46.42719268798828,-20.66463279724121,79.61758422851562,94.45353877921774,989179403,1720698914
5.0,0,-9.519491195678711,1.1181093454360962,-1.74061119556427,-0.0037284824065864086,-0.0031958422623574734,0.000266320159425959,45.9035758972168,-19.789012908935547,81.1357192993164,95.29820700453406,2179403,1720698915
5.0,0,-9.500337600708008,1.0462820529937744,-1.996794581413269,-0.006391684524714947,-0.0018642412032932043,0.000266320159425959,46.42719268798828,-19.964136123657227,79.95494842529297,94.58776205060973,14179403,1720698915
5.0,0,-9.517096519470215,1.0247340202331543,-1.8459577560424805,-0.0013316008262336254,-0.0015979211311787367,-0.0034621621016412973,45.72903823852539,-20.66463279724121,80.29231262207031,94.68382888891644,27179403,1720698915
5.0,0,-9.43569278717041,1.0534647703170776,-1.714274525642395,0.001065280637703836,0.001065280637703836,-0.0015979211311787367,45.72903823852539,-20.66463279724121,80.29231262207031,94.68382888891644,39179403,1720698915
5.0,0,-9.359077453613281,1.0103685855865479,-1.8124382495880127,-0.005326403304934502,-0.0034621621016412973,-0.002130561275407672,46.0781135559082,-21.365129470825195,80.29231262207031,95.00798267712332,52179403,1720698915
5.0,0,-9.643991470336914,1.122897744178772,-1.8459577560424805,-0.0018642412032932043,0.000266320159425959,0.000266320159425959,45.0308837890625,-21.365129470825195,80.62966918945312,94.79131186838708,64179403,1720698915
5.0,0,-9.423721313476562,1.0869841575622559,-1.8651115894317627,0.0034621621016412973,0.0,-0.004527443088591099,45.0308837890625,-21.365129470825195,80.62966918945312,94.79131186838708,77179403,1720698915
5.0,0,-9.512308120727539,1.0654360055923462,-1.8483519554138184,-0.0007989605655893683,-0.002929521957412362,-0.0007989605655893683,45.9035758972168,-20.83975601196289,80.12362670898438,94.66376956254362,89179403,1720698915
5.0,0,-9.335135459899902,1.1755709648132324,-1.702303409576416,0.000266320159425959,0.0034621621016412973,-0.0018642412032932043,44.50727081298828,-20.83975601196289,79.78626251220703,93.70720501394563,102179403,1720698915
5.0,0,-9.512308120727539,0.9864261746406555,-1.9273617267608643,-0.002663201652467251,-0.004793763160705566,-0.002663201652467251,44.68180847167969,-19.964136123657227,79.61758422851562,93.45582088799264,114179403,1720698915
5.0,0,-9.61526107788086,1.225849986076355,-1.71906316280365,0.000266320159425959,-0.000532640318851918,-0.000532640318851918,45.9035758972168,-21.890501022338867,80.12362670898438,94.90062103148344,127179403,1720698915
5.0,0,-9.418932914733887,0.9960030913352966,-1.972852349281311,-0.0007989605655893683,-0.005859043914824724,-0.004793763160705566,44.50727081298828,-21.890501022338867,80.12362670898438,94.23315099915938,139179403,1720698915
5.0,0,-9.57455825805664,0.9864261746406555,-1.8555346727371216,0.000266320159425959,-0.010386486537754536,-0.000532640318851918,45.37996292114258,-20.66463279724121,79.61758422851562,93.94321583676957,152179403,1720698915
5.0,0,-9.292038917541504,1.0534647703170776,-1.7334284782409668,0.0018642412032932043,-0.000266320159425959,-0.002663201652467251,47.29988479614258,-21.540252685546875,80.79835510253906,96.0709934098819,164179403,1720698915
5.0,0,-9.440481185913086,0.9792433977127075,-1.8962366580963135,-0.0013316008262336254,0.0,-0.006391684524714947,46.776268005371094,-20.66463279724121,80.29231262207031,95.19402167865056,177179403,1720698915
5.0,0,-9.493154525756836,1.1252919435501099,-1.8268038034439087,-0.0007989605655893683,-0.0007989605655893683,-0.002929521957412362,46.0781135559082,-20.31438446044922,78.94285583496094,93.63675161098627,189179403,1720698915
5.0,0,-9.474000930786133,1.067830204963684,-1.8722944259643555,-0.000532640318851918,-0.005326403304934502,-0.003994802478700876,46.0781135559082,-20.31438446044922,78.94285583496094,93.63675161098627,202179403,1720698915
5.0,0,-9.533856391906738,1.0055800676345825,-1.8651115894317627,-0.002396881580352783,-0.0034621621016412973,-0.0037284824065864086,46.776268005371094,-20.66463279724121,79.61758422851562,94.62560972347761,214179403,1720698915
5.0,0,-9.490760803222656,1.0821956396102905,-1.769342064857483,-0.0031958422623574734,-0.005592723377048969,-0.0031958422623574734,46.0781135559082,-19.964136123657227,80.29231262207031,94.70277053093726,227179403,1720698915
5.0,0,-9.466817855834961,1.1827536821365356,-1.8579288721084595,0.0015979211311787367,-0.004793763160705566,-0.0013316008262336254,46.42719268798828,-20.66463279724121,78.26813507080078,93.31887395909536,239179403,1720698915
5.0,0,-9.517096519470215,1.1013495922088623,-1.8770828247070312,-0.000532640318851918,-0.002663201652467251,-0.0034621621016412973,45.72903823852539,-18.56314468383789,78.60549926757812,92.81465290501733,252179403,1720698915
5.0,0,-9.426115989685059,1.1300804615020752,-1.8459577560424805,-0.0013316008262336254,-0.002396881580352783,-0.0031958422623574734,46.0781135559082,-21.365129470825195,81.30439758300781,95.86483386785845,264179403,1720698915
5.0,0,-9.64638614654541,0.9768491983413696,-1.8315922021865845,-0.004793763160705566,-0.000266320159425959,-0.0031958422623574734,45.0308837890625,-19.964136123657227,79.61758422851562,93.62321797702079,277179403,1720698915
